2,7359,583.86993,72.30926,52.118774,68.2857,0.88310266,-1,-1,-1
2,7360,513.2906,282.22562,62.281982,74.95041,0.8855389,-1,-1,-1
2,7361,394.07376,320.3905,52.826447,82.177124,0.869526,-1,-1,-1
2,7362,64.7367,391.98602,91.397545,53.342804,0.868777,-1,-1,-1
2,7363,469.32462,172.58731,72.769196,82.22122,0.87324154,-1,-1,-1
2,7364,407.45328,184.12791,50.610382,74.25874,0.85405755,-1,-1,-1
2,7365,511.75333,0.070898436,43.43576,61.320194,0.8602079,-1,-1,-1
2,7366,47.296192,341.78946,93.84566,54.85016,0.8649523,-1,-1,-1
2,7367,602.51184,435.59866,58.12146,80.629974,0.851304,-1,-1,-1
2,7368,637.472,370.71973,60.22003,92.41336,0.8512523,-1,-1,-1
2,7369,861.8445,38.78926,76.09497,43.56906,0.8373459,-1,-1,-1
2,7370,974.6339,477.8501,47.189514,60.520752,0.76982915,-1,-1,-1
2,7371,221.81946,0.0,82.66623,106.24241,0.8112176,-1,-1,-1
2,7372,497.0504,488.48007,44.33722,49.545746,0.5171668,-1,-1,-1
2,7373,0.0,426.80612,27.755157,53.909912,0.51172614,-1,-1,-1
2,7374,607.43506,0.0,57.70105,37.955814,0.46923143,-1,-1,-1
3,7359,583.1928,67.95069,51.115906,67.00054,0.8694243,-1,-1,-1
3,7360,511.8911,281.59238,62.00537,74.647766,0.87565094,-1,-1,-1
3,7361,393.45612,323.69724,53.016663,82.5141,0.8717387,-1,-1,-1
3,7362,63.83932,388.8869,89.959366,52.481995,0.8690273,-1,-1,-1
3,7363,468.89304,172.1991,72.920685,82.42529,0.8775076,-1,-1,-1
3,7364,408.55054,187.58409,50.314056,73.81819,0.85527796,-1,-1,-1
3,7365,513.1305,0.032136884,39.524536,55.661694,0.8394627,-1,-1,-1
3,7366,45.91201,337.7177,93.927315,54.892914,0.8661569,-1,-1,-1
3,7367,599.7907,436.173,58.413635,81.103,0.83723205,-1,-1,-1
3,7368,634.5607,366.1655,58.845642,90.24646,0.8564485,-1,-1,-1
3,7369,862.92145,41.447777,76.38367,43.689316,0.8427043,-1,-1,-1
3,7370,974.33405,481.16602,44.778564,57.1969,0.77510804,-1,-1,-1
3,7371,221.97131,0.0,83.0224,106.54474,0.8113248,-1,-1,-1
3,7373,0.0,422.88895,25.563251,48.427002,0.54482055,-1,-1,-1
4,7359,582.1658,62.182354,50.583496,66.35826,0.88173914,-1,-1,-1
4,7360,510.3932,281.02533,61.92328,74.60788,0.8839724,-1,-1,-1
4,7361,392.76617,328.03177,53.207733,82.88663,0.87116027,-1,-1,-1
4,7362,61.70207,385.5552,89.2368,52.023224,0.8710236,-1,-1,-1
4,7363,468.49884,171.89201,73.06128,82.647934,0.87875974,-1,-1,-1
4,7364,409.85208,191.21402,50.593414,74.30612,0.8593153,-1,-1,-1
4,7365,515.3798,0.27563915,34.06024,47.608555,0.8179735,-1,-1,-1
4,7366,43.852825,333.50836,94.9097,55.462524,0.8835843,-1,-1,-1
4,7367,596.78925,436.81973,58.36432,81.138214,0.8410524,-1,-1,-1
4,7368,629.81177,361.02396,59.272522,90.87262,0.8683026,-1,-1,-1
4,7369,864.56134,44.413113,77.17853,44.11208,0.8609622,-1,-1,-1
4,7370,972.6864,486.61267,40.358948,50.938477,0.6499795,-1,-1,-1
4,7371,222.21954,0.0,83.40314,106.76183,0.77303535,-1,-1,-1
4,7373,0.0,417.42004,25.454393,52.422882,0.58128864,-1,-1,-1
5,7359,580.99023,56.281265,50.25952,66.00693,0.86734474,-1,-1,-1
5,7360,509.09222,280.54684,62.35565,75.25595,0.88466674,-1,-1,-1
5,7361,392.56982,331.29745,53.17859,82.99518,0.8698427,-1,-1,-1
5,7362,61.408234,382.95605,85.65222,49.798553,0.87015134,-1,-1,-1
5,7363,468.10986,171.44727,73.427185,83.16576,0.8791939,-1,-1,-1
5,7364,410.81714,195.24252,50.49356,74.28656,0.8737638,-1,-1,-1
5,7365,519.0293,0.062485196,29.246582,40.43581,0.76598126,-1,-1,-1
5,7366,42.811882,329.6689,94.1238,54.97043,0.85245186,-1,-1,-1
5,7367,593.6229,437.7259,57.824036,80.47327,0.84094936,-1,-1,-1
5,7368,625.4642,356.443,59.9541,92.04535,0.8578265,-1,-1,-1
5,7369,866.40594,47.50918,76.96704,43.91839,0.8522083,-1,-1,-1
5,7370,970.82654,491.07413,37.683655,46.87741,0.49607643,-1,-1,-1
5,7371,226.45831,0.0,86.23688,110.82716,0.85802406,-1,-1,-1
5,7373,0.0,413.34174,22.363726,46.68396,0.5978528,-1,-1,-1
6,7359,579.6567,50.01541,50.83661,66.95306,0.87883633,-1,-1,-1
6,7360,507.3296,279.94046,62.60193,75.69498,0.8663986,-1,-1,-1
6,7361,390.71622,335.3411,53.741302,83.92496,0.86165106,-1,-1,-1
6,7362,59.512157,378.1699,86.0152,49.88336,0.8610631,-1,-1,-1
6,7363,467.75412,171.0257,73.63199,83.54248,0.8802786,-1,-1,-1
6,7364,411.9062,198.57976,50.602478,74.69185,0.85704815,-1,-1,-1
6,7365,520.77875,0.01866692,24.967163,33.68654,0.5257229,-1,-1,-1
6,7366,43.073887,326.25583,91.23923,53.171356,0.8643091,-1,-1,-1
6,7367,590.8857,438.00613,57.793335,80.642975,0.8555344,-1,-1,-1
6,7368,621.84174,351.19534,59.514404,91.34238,0.86356544,-1,-1,-1
6,7369,867.92914,51.401096,75.938965,43.16685,0.8543408,-1,-1,-1
6,7370,969.47864,495.68323,34.99292,42.562622,0.43101305,-1,-1,-1
6,7371,231.01608,0.0,88.70621,115.13487,0.8548171,-1,-1,-1
6,7373,0.0,408.01276,21.785358,48.11841,0.590491,-1,-1,-1
7,7359,579.4255,44.738754,50.08661,66.09025,0.86314833,-1,-1,-1
7,7360,506.19046,279.89572,62.228973,75.53122,0.8746345,-1,-1,-1
7,7361,390.7509,338.7032,53.76407,84.23523,0.8594675,-1,-1,-1
7,7362,58.41305,374.5303,85.14307,49.216064,0.8668165,-1,-1,-1
7,7363,467.54254,170.622,73.81055,83.946594,0.8815176,-1,-1,-1
7,7364,412.86298,202.70328,50.388336,74.55582,0.8521038,-1,-1,-1
7,7366,42.820744,323.07858,89.389725,51.924683,0.8758479,-1,-1,-1
7,7367,587.7083,438.61853,58.019836,81.39026,0.8440113,-1,-1,-1
7,7368,618.56415,346.4034,58.697388,90.04779,0.8661785,-1,-1,-1
7,7369,868.7307,54.45598,77.08954,43.71424,0.88543737,-1,-1,-1
7,7371,234.70033,0.0,89.53053,117.75187,0.86954856,-1,-1,-1
7,7373,0.0,403.05228,20.319006,47.474304,0.5322646,-1,-1,-1
7,7377,349.70593,0.59870875,45.158478,32.424606,0.4541497,-1,-1,-1
8,7359,579.2427,39.386814,49.700684,65.85715,0.8630218,-1,-1,-1
8,7360,504.34067,279.44324,61.94803,75.377625,0.8709024,-1,-1,-1
8,7361,390.39734,342.73743,53.45349,84.02078,0.86420774,-1,-1,-1
8,7362,56.939148,370.74817,83.92111,48.2612,0.89012825,-1,-1,-1
8,7363,467.33032,170.15848,74.0025,84.434326,0.8807333,-1,-1,-1
8,7364,413.92526,206.74036,49.8667,74.049866,0.87882364,-1,-1,-1
8,7366,42.140263,319.4854,87.32831,50.41925,0.87570703,-1,-1,-1
8,7367,585.4796,439.28552,57.640015,81.354126,0.84336066,-1,-1,-1
8,7368,615.18146,340.47363,59.614807,91.506134,0.87321675,-1,-1,-1
8,7369,870.5495,57.382317,77.44043,43.80713,0.8602695,-1,-1,-1
8,7371,238.08336,0.0,88.93144,118.605255,0.8687398,-1,-1,-1
8,7373,0.0,397.46213,19.766857,49.525055,0.53277415,-1,-1,-1
8,7377,350.6161,0.63165295,48.254333,34.737442,0.47135893,-1,-1,-1
9,7359,578.3837,32.97501,49.768555,66.23663,0.86629176,-1,-1,-1
9,7360,503.06003,279.17526,61.51242,75.08002,0.870835,-1,-1,-1
9,7361,389.99304,345.69217,53.887756,85.109955,0.8564979,-1,-1,-1
9,7362,56.19187,366.90128,82.54078,47.11743,0.8817735,-1,-1,-1
9,7363,467.1701,169.69873,74.0766,84.85884,0.8799352,-1,-1,-1
9,7364,414.62918,210.17538,50.365875,75.25491,0.8784574,-1,-1,-1
9,7366,41.37519,315.16833,86.403015,49.543304,0.87657326,-1,-1,-1
9,7367,582.73096,440.0967,57.197144,81.26456,0.8651843,-1,-1,-1
9,7368,611.4412,334.9857,58.999817,90.71231,0.8584873,-1,-1,-1
9,7369,871.77136,60.798542,77.81659,43.9503,0.85436356,-1,-1,-1
9,7371,240.61479,0.0,87.99541,118.889496,0.880229,-1,-1,-1
9,7373,0.0,391.4453,17.891817,47.30777,0.46986306,-1,-1,-1
9,7377,352.10394,0.78929263,51.80304,37.447296,0.3706463,-1,-1,-1
10,7359,578.4981,27.850079,49.191406,65.82315,0.85615724,-1,-1,-1
10,7360,501.78598,278.70035,61.26651,75.07727,0.8733504,-1,-1,-1
10,7361,389.16898,349.6809,53.393555,84.832306,0.8513532,-1,-1,-1
10,7362,54.80781,362.10907,83.140594,47.1633,0.88164526,-1,-1,-1
10,7363,466.9288,169.14519,74.102325,85.2751,0.88041997,-1,-1,-1
10,7364,415.29977,213.9939,50.23221,75.4993,0.852368,-1,-1,-1
10,7366,40.107372,310.66226,87.17488,49.7081,0.85350704,-1,-1,-1
10,7367,579.8355,439.99603,56.731567,81.08594,0.8524803,-1,-1,-1
10,7368,607.632,329.7351,58.395447,89.92743,0.8467638,-1,-1,-1
10,7369,874.0658,64.51115,76.721436,43.118546,0.8683786,-1,-1,-1
10,7371,242.37108,0.0,87.495285,119.669014,0.87091476,-1,-1,-1
10,7377,352.27325,0.25176775,56.60794,41.303734,0.5495733,-1,-1,-1
11,7359,578.0147,21.821976,48.834656,65.61675,0.8592599,-1,-1,-1
11,7360,500.1525,277.41992,61.69876,76.06174,0.87249434,-1,-1,-1
11,7361,388.4377,353.6681,52.79251,84.39258,0.8553045,-1,-1,-1
11,7362,52.955856,358.2897,82.90196,46.719482,0.8706078,-1,-1,-1
11,7363,466.78702,168.71764,73.89188,85.470566,0.8796739,-1,-1,-1
11,7364,416.07315,217.45824,49.483276,74.92903,0.8618974,-1,-1,-1
11,7366,39.19347,306.59988,86.96704,49.270844,0.8495821,-1,-1,-1
11,7367,576.8654,439.93146,56.578674,81.63037,0.8522632,-1,-1,-1
11,7368,604.65045,324.6762,58.156128,89.822266,0.88454515,-1,-1,-1
11,7369,873.94385,67.85188,78.20422,43.87607,0.8591299,-1,-1,-1
11,7371,243.78494,0.0,87.36789,121.12406,0.86182606,-1,-1,-1
11,7377,353.2336,0.05221507,59.921387,44.26275,0.68442136,-1,-1,-1
12,7359,577.5717,16.112745,48.51776,65.33372,0.8400328,-1,-1,-1
12,7360,498.70334,276.64853,61.497772,76.22894,0.8765879,-1,-1,-1
12,7361,387.72028,357.09494,52.52295,84.530396,0.8619338,-1,-1,-1
12,7362,51.86656,353.6099,82.065155,45.89499,0.87648535,-1,-1,-1
12,7363,466.59906,168.02245,73.88953,85.98494,0.8768985,-1,-1,-1
12,7364,416.547,221.34532,49.03647,74.860794,0.8518624,-1,-1,-1
12,7366,38.181644,302.01633,86.5511,48.671265,0.8629492,-1,-1,-1
12,7367,574.5164,440.46594,56.09247,81.813965,0.84837234,-1,-1,-1
12,7368,601.712,319.2316,58.00763,89.95792,0.8566775,-1,-1,-1
12,7369,876.1181,71.03102,78.481995,43.904945,0.85632414,-1,-1,-1
12,7371,245.97006,0.0,86.77588,122.22711,0.85470426,-1,-1,-1
12,7377,354.21375,0.0,63.28421,47.452362,0.7446304,-1,-1,-1
13,7359,576.325,9.220192,49.464294,66.73828,0.8338969,-1,-1,-1
13,7360,496.9737,275.54633,61.824646,77.01828,0.8797886,-1,-1,-1
13,7361,386.6653,360.95926,52.436768,85.02542,0.8816073,-1,-1,-1
13,7362,50.400623,349.82312,81.771194,45.309998,0.8908817,-1,-1,-1
13,7363,466.29553,167.29362,73.71741,86.34848,0.8715522,-1,-1,-1
13,7364,417.35083,224.74518,48.511993,74.7623,0.8567048,-1,-1,-1
13,7366,36.23025,296.33304,89.061554,49.970856,0.8499611,-1,-1,-1
13,7367,571.8936,441.001,55.027954,80.95163,0.852077,-1,-1,-1
13,7368,598.429,313.04932,57.65802,89.7334,0.84918547,-1,-1,-1
13,7369,878.81,75.146935,77.33966,43.046097,0.8728926,-1,-1,-1
13,7371,247.4787,0.0,86.96921,124.61678,0.8440431,-1,-1,-1
13,7377,354.976,0.0,65.87555,50.321083,0.77920705,-1,-1,-1
14,7359,576.7645,4.0844274,48.8584,65.96184,0.8406797,-1,-1,-1
14,7360,495.85425,275.31848,61.19806,76.823944,0.88987684,-1,-1,-1
14,7361,385.85733,364.38416,51.99298,84.81183,0.8639558,-1,-1,-1
14,7362,49.24893,345.15314,80.844406,44.316742,0.87578386,-1,-1,-1
14,7363,466.68103,167.22974,73.02167,86.16948,0.8700037,-1,-1,-1
14,7364,417.67548,228.28397,48.387512,75.342224,0.8532087,-1,-1,-1
14,7366,34.94682,291.47934,88.77165,49.54547,0.84913534,-1,-1,-1
14,7367,568.7203,440.63156,54.867004,81.47482,0.8472596,-1,-1,-1
14,7368,595.90765,307.60754,57.221313,89.380585,0.8590329,-1,-1,-1
14,7369,880.48785,78.984825,77.35242,42.806572,0.8607818,-1,-1,-1
14,7371,249.97498,0.0,87.31616,127.47028,0.82637584,-1,-1,-1
14,7377,356.6737,0.0,68.08905,53.193436,0.7942542,-1,-1,-1
15,7359,577.55066,0.0,48.212402,64.6667,0.83904034,-1,-1,-1
15,7360,494.74197,274.86832,60.71811,76.713806,0.87334925,-1,-1,-1
15,7361,384.48288,367.88052,52.143677,85.71719,0.85493284,-1,-1,-1
15,7362,47.568047,340.4112,80.98562,43.948486,0.88173556,-1,-1,-1
15,7363,466.78085,166.71823,72.65738,86.4081,0.8685974,-1,-1,-1
15,7364,417.98495,231.75293,47.953003,75.34601,0.8589955,-1,-1,-1
15,7366,33.52006,286.52988,89.70128,49.825653,0.83924484,-1,-1,-1
15,7367,565.5663,440.5671,54.476074,81.88156,0.8569167,-1,-1,-1
15,7368,592.73065,301.7326,57.257996,90.07785,0.8458093,-1,-1,-1
15,7369,881.7386,82.38977,78.33099,43.14013,0.8508986,-1,-1,-1
15,7371,252.3442,0.0,86.87309,129.17726,0.81561863,-1,-1,-1
15,7377,358.44608,0.0,70.07385,56.253937,0.80549896,-1,-1,-1
16,7359,580.2949,0.0,45.612366,59.127365,0.77286065,-1,-1,-1
16,7360,493.08258,274.01306,60.47998,76.79123,0.8614853,-1,-1,-1
16,7361,383.1527,370.566,52.2659,86.860016,0.8535157,-1,-1,-1
16,7362,45.768272,336.3171,81.4817,43.70938,0.874736,-1,-1,-1
16,7363,467.62384,166.61203,71.817505,86.263565,0.8688771,-1,-1,-1
16,7364,418.16806,234.9155,47.881195,76.07071,0.85544896,-1,-1,-1
16,7366,33.78043,283.17017,87.61623,48.22281,0.85803294,-1,-1,-1
16,7367,563.04614,440.67282,53.878174,82.01248,0.8446196,-1,-1,-1
16,7368,589.2275,295.89423,56.751038,90.19623,0.84448355,-1,-1,-1
16,7369,882.98846,86.01243,78.91736,43.319878,0.8581277,-1,-1,-1
16,7371,255.25243,0.0,86.23976,130.73048,0.8376355,-1,-1,-1
16,7377,360.27396,0.0,71.43268,59.162125,0.8239321,-1,-1,-1
17,7359,584.0522,0.0,42.263794,53.911465,0.5985221,-1,-1,-1
17,7360,492.59088,273.60455,59.895874,76.38318,0.8737073,-1,-1,-1
17,7361,382.41272,374.28006,51.349243,86.41373,0.8557934,-1,-1,-1
17,7362,45.372524,331.52652,80.881485,42.88864,0.87266076,-1,-1,-1
17,7363,467.3975,165.76965,71.69119,86.82233,0.8621401,-1,-1,-1
17,7364,418.34042,238.49901,47.74008,76.69533,0.85628414,-1,-1,-1
17,7366,33.356438,278.76562,85.90863,46.802948,0.8550937,-1,-1,-1
17,7367,560.51556,440.646,53.099792,81.92334,0.8451286,-1,-1,-1
17,7368,586.69037,289.41986,56.383972,90.612854,0.84708685,-1,-1,-1
17,7369,884.3073,89.73965,78.72815,43.062187,0.85180914,-1,-1,-1
17,7371,257.35294,0.0,84.8512,130.91425,0.8557954,-1,-1,-1
17,7377,361.9537,0.0,72.59317,62.08569,0.8406646,-1,-1,-1
18,7359,587.16583,0.0,39.553223,50.05821,0.6877402,-1,-1,-1
18,7360,491.1018,272.9144,59.931396,76.86249,0.86174875,-1,-1,-1
18,7361,381.2811,377.78296,51.12216,87.19913,0.86230606,-1,-1,-1
18,7362,44.50355,326.78055,80.879166,42.34482,0.8698157,-1,-1,-1
18,7363,467.14734,164.81848,71.67273,87.61409,0.8597912,-1,-1,-1
18,7364,418.72122,241.89189,47.149475,76.60835,0.8530639,-1,-1,-1
18,7366,33.32688,274.26828,85.38592,46.05948,0.86126584,-1,-1,-1
18,7367,558.17926,441.4844,52.17816,81.57114,0.83461314,-1,-1,-1
18,7368,584.28046,283.47586,56.352844,91.504486,0.8508254,-1,-1,-1
18,7369,885.13806,93.49435,79.13037,43.173088,0.8558336,-1,-1,-1
18,7371,259.98535,0.0,83.06015,130.39096,0.866663,-1,-1,-1
18,7377,364.2938,0.13991816,72.673065,64.3396,0.821574,-1,-1,-1
19,7359,591.5684,0.0,35.117798,43.60416,0.617416,-1,-1,-1
19,7360,489.8786,272.08487,59.976074,77.30896,0.8599935,-1,-1,-1
19,7361,379.89648,381.06613,50.71698,87.73166,0.8558424,-1,-1,-1
19,7362,43.466522,321.85828,80.877556,41.809296,0.851742,-1,-1,-1
19,7363,467.27298,163.80234,71.59628,88.34523,0.8679919,-1,-1,-1
19,7364,418.93945,245.54343,46.81018,76.9707,0.85347605,-1,-1,-1
19,7366,32.21395,268.42322,86.848335,46.40274,0.8548723,-1,-1,-1
19,7367,555.0178,440.93494,51.693787,81.95087,0.8469064,-1,-1,-1
19,7368,582.9515,278.60406,55.175964,90.41675,0.85074556,-1,-1,-1
19,7369,887.2685,97.305176,79.20972,43.109802,0.85243714,-1,-1,-1
19,7371,261.9379,0.0,82.07489,131.20743,0.88644385,-1,-1,-1
19,7377,367.37973,0.89976376,72.982574,67.112114,0.81898576,-1,-1,-1
20,7360,488.59076,270.84875,59.9328,77.90033,0.8661725,-1,-1,-1
20,7361,378.73547,383.9925,50.107513,88.01288,0.8681593,-1,-1,-1
20,7362,43.166515,317.18866,80.27722,40.974243,0.8550434,-1,-1,-1
20,7363,467.43112,163.02776,71.27817,88.772705,0.8729032,-1,-1,-1
20,7364,419.2672,248.67273,46.355896,77.15927,0.85365593,-1,-1,-1
20,7366,32.21617,264.061,85.88588,45.376495,0.85592276,-1,-1,-1
20,7367,552.65076,441.18695,51.058594,81.96808,0.8453802,-1,-1,-1
20,7368,580.84186,272.3362,55.391113,91.541565,0.85581964,-1,-1,-1
20,7369,889.44037,101.59401,78.52527,42.536224,0.86089534,-1,-1,-1
20,7371,264.1053,0.0,81.80698,133.34247,0.87870246,-1,-1,-1
20,7377,369.79797,0.76124054,73.81726,70.66685,0.8244115,-1,-1,-1
21,7360,487.4019,269.75818,60.121857,78.69031,0.86775655,-1,-1,-1
21,7361,377.794,388.04,49.07242,87.50577,0.8595019,-1,-1,-1
21,7362,41.36842,312.12146,81.48743,41.16028,0.8479246,-1,-1,-1
21,7363,467.49933,161.99802,71.204956,89.5338,0.8747293,-1,-1,-1
21,7364,419.12283,252.04738,46.315033,78.13432,0.849789,-1,-1,-1
21,7366,31.915506,259.82153,85.253296,44.449066,0.8298241,-1,-1,-1
21,7367,549.9856,440.93655,50.430847,82.104645,0.8440087,-1,-1,-1
21,7368,578.61237,266.59613,55.2688,91.90402,0.8709108,-1,-1,-1
21,7369,890.56415,105.35655,79.519226,42.918747,0.84963375,-1,-1,-1
21,7371,265.83844,0.0,81.51422,135.29153,0.871278,-1,-1,-1
21,7377,371.83038,0.48643517,74.62207,74.456894,0.82132214,-1,-1,-1
22,7360,486.18622,268.9148,59.612793,78.57358,0.8712783,-1,-1,-1
22,7361,376.62885,391.65427,48.172882,87.08981,0.86857575,-1,-1,-1
22,7362,40.682304,306.914,80.8787,40.413055,0.8549083,-1,-1,-1
22,7363,467.97406,161.23456,70.77289,89.80733,0.87222123,-1,-1,-1
22,7364,419.0508,255.47357,45.997833,78.61783,0.8549675,-1,-1,-1
22,7366,32.434326,255.2224,84.00402,43.208633,0.85128564,-1,-1,-1
22,7367,547.45715,441.53253,49.435364,81.55682,0.8424873,-1,-1,-1
22,7368,576.7887,260.42783,55.306274,92.8999,0.8448246,-1,-1,-1
22,7369,892.1776,109.48361,79.66211,42.7894,0.8523337,-1,-1,-1
22,7371,267.86182,0.0,81.656494,137.8502,0.8817587,-1,-1,-1
22,7377,374.2952,0.17747207,74.44562,77.58532,0.8539461,-1,-1,-1
23,7360,485.36627,268.16965,58.814514,78.10846,0.8699415,-1,-1,-1
23,7361,374.77402,395.18375,47.503723,87.06009,0.8607588,-1,-1,-1
23,7362,39.85702,301.8274,80.85779,40.010925,0.84993917,-1,-1,-1
23,7363,468.56796,160.5409,70.14987,89.857056,0.87083435,-1,-1,-1
23,7364,418.7444,258.93448,45.26544,78.487,0.8472629,-1,-1,-1
23,7366,32.258858,250.273,84.042885,42.704147,0.865811,-1,-1,-1
23,7367,544.1168,441.11206,48.983337,81.93414,0.84487665,-1,-1,-1
23,7368,575.39075,254.60973,54.841736,92.923904,0.843833,-1,-1,-1
23,7369,893.3937,113.56889,80.24518,43.031265,0.90630805,-1,-1,-1
23,7371,270.46722,0.0,81.19324,139.84727,0.89222133,-1,-1,-1
23,7377,376.92953,0.052753862,74.32425,81.04047,0.8363628,-1,-1,-1
24,7360,484.4155,267.15878,58.788666,78.71591,0.88078564,-1,-1,-1
24,7361,373.03,398.35986,46.980072,87.171265,0.86190635,-1,-1,-1
24,7362,39.65105,297.27344,80.36702,39.305695,0.87662774,-1,-1,-1
24,7363,469.08017,159.87317,69.63022,90.08534,0.86863494,-1,-1,-1
24,7364,418.70682,262.4079,44.769806,78.80234,0.85631794,-1,-1,-1
24,7366,32.216625,245.02869,84.16148,42.141205,0.86072165,-1,-1,-1
24,7367,541.39496,440.3608,48.482178,82.16745,0.8483361,-1,-1,-1
24,7368,574.14777,248.10959,54.882874,94.070465,0.86577845,-1,-1,-1
24,7369,894.5919,117.78416,80.47168,43.085075,0.86723536,-1,-1,-1
24,7371,273.18643,0.0,79.71402,140.30116,0.8828358,-1,-1,-1
24,7377,380.22018,1.4048563,73.082214,83.328804,0.8526131,-1,-1,-1
25,7360,484.0229,266.72375,57.94763,78.212585,0.8854215,-1,-1,-1
25,7361,370.96082,401.58347,46.816284,87.921814,0.85469925,-1,-1,-1
25,7362,39.033623,291.73587,81.200676,39.352844,0.84524024,-1,-1,-1
25,7363,469.82324,159.50623,68.83557,89.97853,0.8686878,-1,-1,-1
25,7364,418.55203,266.04837,44.143494,78.57126,0.89078814,-1,-1,-1
25,7366,31.745844,239.49521,85.183205,42.18747,0.8554173,-1,-1,-1
25,7367,539.09863,440.05237,47.7464,82.1709,0.84983325,-1,-1,-1
25,7368,573.4037,242.49008,53.639343,92.91327,0.8631387,-1,-1,-1
25,7369,895.21454,121.434906,81.91351,43.801956,0.8607335,-1,-1,-1
25,7371,276.38458,0.0,78.229706,139.97482,0.8634054,-1,-1,-1
25,7377,384.02213,4.395494,70.35965,83.75982,0.8365901,-1,-1,-1
26,7360,483.45898,265.58276,58.03766,79.096344,0.87299526,-1,-1,-1
26,7361,368.64453,404.9453,45.98111,87.416565,0.86789215,-1,-1,-1
26,7362,38.424854,286.69162,81.337906,39.104218,0.83561736,-1,-1,-1
26,7363,471.0736,158.73926,68.26227,90.335556,0.8900022,-1,-1,-1
26,7364,418.05417,269.50323,43.442963,78.28705,0.8560877,-1,-1,-1
26,7366,31.166117,234.63557,86.19903,42.327957,0.8446878,-1,-1,-1
26,7367,536.9171,439.7915,46.95636,82.346924,0.8481565,-1,-1,-1
26,7368,572.9786,236.0536,53.276123,93.25133,0.87230426,-1,-1,-1
26,7369,896.74567,125.532524,81.53851,43.58857,0.8433087,-1,-1,-1
26,7371,278.4981,0.0,77.74301,141.32742,0.88874424,-1,-1,-1
26,7377,387.9018,7.61425,66.875305,82.86708,0.8402772,-1,-1,-1
27,7360,482.76837,264.49902,57.96704,79.77487,0.873742,-1,-1,-1
27,7361,367.038,407.9357,45.35025,87.55069,0.86380327,-1,-1,-1
27,7362,37.947964,280.71997,82.125626,39.19458,0.8556124,-1,-1,-1
27,7363,471.83545,158.16618,67.61426,90.57599,0.8709488,-1,-1,-1
27,7364,417.43442,272.88385,42.855682,78.19647,0.851314,-1,-1,-1
27,7366,30.9437,228.89252,86.9936,42.38153,0.8603267,-1,-1,-1
27,7367,534.3605,439.39316,46.134644,82.205414,0.8372855,-1,-1,-1
27,7368,572.2183,230.1143,52.70746,93.33913,0.85904026,-1,-1,-1
27,7369,897.56055,129.34346,82.58618,44.14418,0.8546768,-1,-1,-1
27,7371,279.9185,0.0,77.69595,143.34355,0.9145831,-1,-1,-1
27,7377,390.9801,10.262224,65.10007,83.939186,0.8510871,-1,-1,-1
28,7360,482.11655,263.43985,57.58908,80.048706,0.86967367,-1,-1,-1
28,7361,365.01773,410.53955,45.05786,88.22775,0.8581963,-1,-1,-1
28,7362,36.651485,275.39313,83.819855,39.810303,0.86906505,-1,-1,-1
28,7363,472.72714,157.64963,66.87924,90.66469,0.86821157,-1,-1,-1
28,7364,417.1774,276.56763,42.233215,77.941284,0.85568607,-1,-1,-1
28,7366,30.740032,223.63806,87.65468,42.338318,0.8403896,-1,-1,-1
28,7367,531.75757,439.3935,45.42682,82.11432,0.85481745,-1,-1,-1
28,7368,571.5365,223.83917,52.672485,94.38223,0.86262697,-1,-1,-1
28,7369,899.46643,133.54645,83.39209,44.56584,0.8478903,-1,-1,-1
28,7371,282.37585,0.0,77.98163,145.6844,0.87001157,-1,-1,-1
28,7377,394.28677,13.693359,62.822906,84.20531,0.85469246,-1,-1,-1
29,7360,481.64093,262.3369,57.24054,80.418915,0.8695272,-1,-1,-1
29,7361,363.9475,414.6199,44.153564,87.514404,0.86229706,-1,-1,-1
29,7362,37.735474,270.66937,82.32614,38.76471,0.84330815,-1,-1,-1
29,7363,473.58093,157.24335,66.15057,90.76163,0.8626724,-1,-1,-1
29,7364,416.4387,279.98856,41.871216,78.062164,0.8480909,-1,-1,-1
29,7366,30.400137,217.18552,89.83231,43.12857,0.8477654,-1,-1,-1
29,7367,529.1825,438.9003,44.773987,82.19687,0.880948,-1,-1,-1
29,7368,571.3846,217.92856,51.89154,93.994934,0.85242045,-1,-1,-1
29,7369,901.9596,138.139,82.15216,43.813858,0.87486154,-1,-1,-1
29,7371,285.17395,0.0,77.53342,147.23946,0.9109131,-1,-1,-1
29,7377,397.2564,16.619013,60.94232,84.58553,0.87097865,-1,-1,-1
30,7360,481.21002,261.42258,56.714172,80.58234,0.86998016,-1,-1,-1
30,7361,362.13855,417.82358,43.443237,86.877014,0.8540299,-1,-1,-1
30,7362,37.387318,265.1761,81.70982,38.11792,0.8682288,-1,-1,-1
30,7363,474.12656,156.56396,65.51523,91.01436,0.8603704,-1,-1,-1
30,7364,415.4948,283.01886,41.814514,78.68762,0.8493804,-1,-1,-1
30,7366,30.552872,212.50237,89.18522,42.464188,0.86307114,-1,-1,-1
30,7367,526.4711,437.64554,44.056763,81.94467,0.86290294,-1,-1,-1
30,7368,570.92645,211.4884,51.515198,94.48981,0.8492475,-1,-1,-1
30,7369,902.7873,142.49074,82.35718,43.916336,0.8602377,-1,-1,-1
30,7371,287.0981,0.0,77.146484,149.46765,0.9029852,-1,-1,-1
30,7377,400.72556,19.823408,59.079468,84.96565,0.84710354,-1,-1,-1
31,7360,480.68488,260.75763,56.099854,80.66202,0.86579293,-1,-1,-1
31,7361,359.20023,420.7676,43.395264,87.674835,0.8511293,-1,-1,-1
31,7362,37.155655,259.77002,81.612686,37.77484,0.83336896,-1,-1,-1
31,7363,474.90045,155.91136,64.61603,90.973724,0.8530429,-1,-1,-1
31,7364,414.80362,286.57867,41.105682,77.97537,0.849776,-1,-1,-1
31,7366,31.144852,206.90947,89.79355,42.39099,0.84317386,-1,-1,-1
31,7367,523.96564,437.26566,43.28827,81.82358,0.84474146,-1,-1,-1
31,7368,570.7581,205.6327,50.638367,94.137924,0.84592265,-1,-1,-1
31,7369,904.4894,146.92314,82.14679,43.71669,0.84452784,-1,-1,-1
31,7371,289.15494,0.0,77.30206,152.00674,0.89854646,-1,-1,-1
31,7377,403.72766,22.793102,57.259125,85.14365,0.8431161,-1,-1,-1
32,7360,480.48477,260.22037,54.93753,79.9306,0.8984518,-1,-1,-1
32,7361,356.1469,423.48193,43.166504,87.98462,0.8591153,-1,-1,-1
32,7362,36.50186,253.99727,83.56908,38.514816,0.84189016,-1,-1,-1
32,7363,475.96063,154.92642,64.39868,91.87721,0.8604658,-1,-1,-1
32,7364,413.70114,290.44418,40.683624,77.92343,0.85169756,-1,-1,-1
32,7366,30.571737,201.0372,91.93862,43.295273,0.8376665,-1,-1,-1
32,7367,521.2308,436.27188,43.03485,82.18631,0.84041727,-1,-1,-1
32,7368,570.8375,199.35443,50.26715,94.638916,0.8443408,-1,-1,-1
32,7369,905.169,151.028,82.298035,43.79738,0.8955567,-1,-1,-1
32,7371,291.20407,0.0,77.04721,152.99843,0.89299667,-1,-1,-1
32,7377,406.70142,26.062916,55.487457,85.20459,0.84223384,-1,-1,-1
33,7360,480.25235,259.78818,54.15341,79.609985,0.87394196,-1,-1,-1
33,7361,353.7678,427.2356,42.66284,87.48151,0.8611359,-1,-1,-1
33,7362,36.67112,248.78664,83.39732,38.23088,0.8339098,-1,-1,-1
33,7363,477.20447,154.28915,63.707703,92.206055,0.87329483,-1,-1,-1
33,7364,412.57153,294.3485,40.21158,77.51614,0.8584531,-1,-1,-1
33,7366,30.538586,195.75835,92.94585,43.658386,0.830549,-1,-1,-1
33,7367,518.8551,435.55072,42.637756,82.47461,0.85019404,-1,-1,-1
33,7368,571.4275,193.723,49.36255,94.05827,0.8459248,-1,-1,-1
33,7369,906.31177,155.16147,82.85504,44.13797,0.8547044,-1,-1,-1
33,7371,293.35593,0.0,76.71686,153.41087,0.8787866,-1,-1,-1
33,7377,409.26334,29.472935,53.830658,85.04733,0.8555097,-1,-1,-1
34,7360,480.03015,258.89114,53.6192,79.700836,0.8554047,-1,-1,-1
34,7361,351.40842,431.26358,41.76352,85.98703,0.8664114,-1,-1,-1
34,7362,36.51062,243.57426,84.16007,38.450577,0.8478203,-1,-1,-1
34,7363,478.83344,153.63791,62.34265,91.59946,0.85649323,-1,-1,-1
34,7364,411.45575,297.44366,40.092377,77.89325,0.8438285,-1,-1,-1
34,7366,30.854067,189.89842,94.31405,44.2928,0.87814784,-1,-1,-1
34,7367,516.3501,434.98648,42.331604,82.852936,0.8538102,-1,-1,-1
34,7368,572.0868,187.43411,49.014893,94.37317,0.83974785,-1,-1,-1
34,7369,907.0554,159.17099,83.56952,44.600677,0.8605765,-1,-1,-1
34,7371,294.32242,0.0,76.357544,153.8907,0.88420653,-1,-1,-1
34,7377,411.5823,33.16036,52.528442,85.386505,0.8830334,-1,-1,-1
35,7360,479.8958,258.10162,53.050476,79.7265,0.85383564,-1,-1,-1
35,7361,348.58298,433.75836,42.111298,87.28168,0.8562973,-1,-1,-1
35,7362,35.84627,237.84497,86.6494,39.586273,0.8214215,-1,-1,-1
35,7363,480.34888,153.13867,61.190247,91.199905,0.8533338,-1,-1,-1
35,7364,410.6948,301.49307,39.386566,76.865845,0.8552694,-1,-1,-1
35,7366,30.96229,183.89198,95.62445,44.914093,0.8195831,-1,-1,-1
35,7367,514.2297,433.8234,41.856384,83.07181,0.858566,-1,-1,-1
35,7368,572.62463,181.65576,48.335876,94.02072,0.846337,-1,-1,-1
35,7369,907.0553,163.18793,85.01044,45.57437,0.83480525,-1,-1,-1
35,7371,295.9173,0.0,77.01422,156.79028,0.85772485,-1,-1,-1
35,7377,413.9664,36.66856,50.750153,84.668915,0.8514745,-1,-1,-1
35,7395,183.41212,491.35843,52.99312,45.935333,0.4041646,-1,-1,-1
36,7360,479.21814,257.04626,52.750366,80.35989,0.8594026,-1,-1,-1
36,7361,344.84824,436.31372,41.9487,87.57501,0.8552006,-1,-1,-1
36,7362,36.040535,232.4335,86.945816,39.708984,0.86076486,-1,-1,-1
36,7363,481.5715,152.56583,60.2294,91.044235,0.8471485,-1,-1,-1
36,7364,409.26685,305.18185,39.079712,76.59494,0.83936155,-1,-1,-1
36,7366,31.650818,178.72038,96.08887,45.158722,0.8608693,-1,-1,-1
36,7367,511.98627,433.38824,41.247314,82.786194,0.84247935,-1,-1,-1
36,7368,573.50323,176.46094,47.656067,93.24399,0.83709556,-1,-1,-1
36,7369,909.02185,166.85315,84.817566,45.63069,0.841898,-1,-1,-1
36,7371,298.0181,0.0,76.892914,158.53441,0.8564705,-1,-1,-1
36,7377,416.42993,40.404766,49.30081,84.23375,0.87242234,-1,-1,-1
36,7395,178.64635,487.83472,56.587067,49.20514,0.5623075,-1,-1,-1
37,7360,478.86725,256.11832,52.390137,80.7717,0.8728432,-1,-1,-1
37,7361,341.91858,439.41342,41.929047,87.65622,0.853703,-1,-1,-1
37,7362,35.89178,226.61644,87.71889,40.08992,0.84122276,-1,-1,-1
37,7363,482.91623,151.53703,59.53714,91.09625,0.86983734,-1,-1,-1
37,7364,407.81073,309.3945,38.71643,76.32486,0.8376644,-1,-1,-1
37,7366,32.371254,173.24582,95.82218,45.13649,0.8652111,-1,-1,-1
37,7367,509.84418,432.8922,40.76654,82.378296,0.84716254,-1,-1,-1
37,7368,574.05035,169.90582,47.671997,93.839264,0.844833,-1,-1,-1
37,7369,910.4006,171.33731,85.19275,45.985733,0.8438295,-1,-1,-1
37,7371,300.30008,0.0,76.490234,159.39899,0.85533273,-1,-1,-1
37,7377,418.44778,45.22888,47.60437,82.8156,0.8411058,-1,-1,-1
37,7395,177.19392,484.36438,60.182953,52.493652,0.68682504,-1,-1,-1
38,7360,478.66718,255.43011,51.822266,80.85571,0.86819047,-1,-1,-1
38,7361,338.9879,443.23804,41.4317,86.67273,0.8592216,-1,-1,-1
38,7362,36.641323,221.28627,86.667206,39.571335,0.8283229,-1,-1,-1
38,7363,483.75037,151.07555,58.604248,91.050125,0.85278994,-1,-1,-1
38,7364,406.21994,312.91354,38.473755,76.10959,0.84678024,-1,-1,-1
38,7366,33.038383,168.20677,97.01775,45.80783,0.83005345,-1,-1,-1
38,7367,507.33252,431.7331,40.814636,83.13403,0.8518734,-1,-1,-1
38,7368,574.8849,163.86458,47.415283,93.7484,0.84499437,-1,-1,-1
38,7369,911.266,175.61263,84.52075,45.714447,0.86034745,-1,-1,-1
38,7371,302.77258,0.0,75.80951,160.07547,0.7909439,-1,-1,-1
38,7377,420.1798,48.57902,47.21518,83.567795,0.8428328,-1,-1,-1
38,7395,173.37695,480.52878,64.11989,56.345367,0.73030186,-1,-1,-1
38,7397,947.87225,16.196,25.478577,31.444492,0.6902203,-1,-1,-1
39,7360,478.714,254.71008,51.21649,80.91254,0.8683487,-1,-1,-1
39,7361,336.74582,445.98093,41.273254,86.11014,0.84744245,-1,-1,-1
39,7362,36.983303,215.8892,85.8546,39.097168,0.84867454,-1,-1,-1
39,7363,484.6075,150.41714,57.85843,91.3508,0.84936637,-1,-1,-1
39,7364,404.67487,315.42487,38.68277,76.60547,0.8480108,-1,-1,-1
39,7366,35.369698,163.73238,95.041084,44.77719,0.8360373,-1,-1,-1
39,7367,505.29333,430.3991,40.592346,83.25415,0.84760666,-1,-1,-1
39,7368,575.7854,158.02917,47.128967,93.75896,0.84911,-1,-1,-1
39,7369,912.1013,179.88937,84.934326,46.088745,0.85119027,-1,-1,-1
39,7371,304.46225,0.0,76.65454,163.06142,0.8158557,-1,-1,-1
39,7377,421.7085,51.80836,46.88736,84.33952,0.85984635,-1,-1,-1
39,7395,170.02464,477.2987,67.320465,59.773376,0.79426116,-1,-1,-1
39,7397,951.00085,21.117266,24.44629,30.147627,0.79090685,-1,-1,-1
40,7360,478.93756,254.22993,50.39154,80.53636,0.86305475,-1,-1,-1
40,7361,333.55835,447.96387,41.823914,87.24841,0.84871525,-1,-1,-1
40,7362,36.711704,210.36417,89.1317,40.718964,0.8653744,-1,-1,-1
40,7363,485.32764,149.63896,57.230896,91.86821,0.8401185,-1,-1,-1
40,7364,403.3422,318.58188,38.81726,76.6344,0.8453117,-1,-1,-1
40,7366,35.58263,157.39313,96.9117,45.849503,0.83935857,-1,-1,-1
40,7367,503.12598,429.24026,40.341003,83.43637,0.84928185,-1,-1,-1
40,7368,577.0564,151.69673,47.353394,94.39459,0.8386442,-1,-1,-1
40,7369,911.8461,183.29774,87.32007,47.675232,0.8687587,-1,-1,-1
40,7371,305.97433,0.0,77.11267,165.22827,0.8244023,-1,-1,-1
40,7377,423.53986,54.802135,46.41684,84.65503,0.85780704,-1,-1,-1
40,7395,166.61684,473.86722,69.99281,62.95102,0.80594945,-1,-1,-1
40,7397,954.09393,25.304062,25.105896,30.970673,0.6267151,-1,-1,-1
41,7360,479.17416,253.53284,49.404694,79.83728,0.8891787,-1,-1,-1
41,7361,329.9904,451.0643,41.548706,86.45639,0.85405296,-1,-1,-1
41,7362,37.359543,205.24098,89.586205,41.055893,0.8485897,-1,-1,-1
41,7363,486.49026,149.05057,56.361298,91.997604,0.8472088,-1,-1,-1
41,7364,401.91138,321.4972,39.133636,77.04849,0.8480754,-1,-1,-1
41,7366,36.621834,153.02812,97.22198,46.205994,0.8546228,-1,-1,-1
41,7367,501.0679,428.41785,39.887787,83.07788,0.85027194,-1,-1,-1
41,7368,578.4029,145.82497,47.12921,94.37323,0.8423741,-1,-1,-1
41,7369,911.8608,187.5509,88.10651,48.459946,0.8657321,-1,-1,-1
41,7371,307.43243,0.0,77.26431,166.84999,0.7940249,-1,-1,-1
41,7377,424.81235,58.762897,46.05661,84.83775,0.8491997,-1,-1,-1
41,7395,163.73294,470.13644,72.46704,66.1774,0.8158799,-1,-1,-1
41,7397,957.3713,30.044767,24.380066,29.92608,0.79742384,-1,-1,-1
42,7360,479.61594,253.19118,48.387054,78.95662,0.8658134,-1,-1,-1
42,7361,327.07144,454.5747,40.785065,84.06726,0.8633028,-1,-1,-1
42,7362,38.34226,200.00508,89.1566,41.000946,0.8470903,-1,-1,-1
42,7363,487.9632,148.68251,55.344727,91.92105,0.8512195,-1,-1,-1
42,7364,400.59927,325.45084,39.120636,76.45941,0.86149406,-1,-1,-1
42,7366,37.251347,146.81808,98.66222,47.200546,0.8533323,-1,-1,-1
42,7367,499.21796,427.74942,39.5058,82.96475,0.8465542,-1,-1,-1
42,7368,579.61017,139.21268,47.346558,94.93681,0.83349526,-1,-1,-1
42,7369,913.2705,192.17223,87.69324,48.525467,0.85431534,-1,-1,-1
42,7371,309.69965,0.0,76.888824,167.05772,0.80448663,-1,-1,-1
42,7377,426.0987,62.42757,45.469574,84.55168,0.8541511,-1,-1,-1
42,7395,160.40805,466.33768,74.630905,69.45676,0.8254507,-1,-1,-1
42,7397,960.26996,35.081593,24.317932,29.751064,0.6704001,-1,-1,-1
42,7400,507.15997,0.1030281,40.4693,40.167835,0.4738077,-1,-1,-1
43,7360,479.9696,252.78484,47.60974,78.342545,0.8727977,-1,-1,-1
43,7361,324.5892,457.5579,40.189148,81.85831,0.8584651,-1,-1,-1
43,7362,39.29808,194.77107,89.42136,41.293015,0.8407655,-1,-1,-1
43,7363,489.94626,149.13474,53.97812,91.15837,0.87295145,-1,-1,-1
43,7364,398.7986,329.37042,39.44217,76.76544,0.8431726,-1,-1,-1
43,7366,40.575718,143.15117,95.57565,45.707123,0.8373462,-1,-1,-1
43,7367,497.3602,426.88397,39.41739,83.23868,0.8453522,-1,-1,-1
43,7368,581.58215,134.0166,46.93158,94.165634,0.8554568,-1,-1,-1
43,7369,915.1909,196.47418,86.73389,48.176712,0.85611475,-1,-1,-1
43,7371,312.12793,0.0,76.52524,167.3026,0.81812775,-1,-1,-1
43,7377,427.6971,66.7467,45.19876,84.55801,0.86806846,-1,-1,-1
43,7395,158.60886,462.7979,76.147415,72.12909,0.8234382,-1,-1,-1
43,7397,963.19116,39.268738,24.84607,30.313423,0.7171839,-1,-1,-1
43,7400,509.0812,0.025551157,42.122894,41.97505,0.7001778,-1,-1,-1
44,7360,479.54312,251.15189,47.92044,79.75195,0.8666016,-1,-1,-1
44,7361,322.24673,460.25632,39.339478,78.75638,0.84420955,-1,-1,-1
44,7362,40.53615,190.19298,89.83899,41.692993,0.8842308,-1,-1,-1
44,7363,491.20984,148.19029,53.096313,91.407104,0.85208553,-1,-1,-1
44,7364,397.06555,332.7381,39.527832,76.71686,0.84551847,-1,-1,-1
44,7366,41.806927,138.11789,95.72102,45.980637,0.8671662,-1,-1,-1
44,7367,495.52432,426.09537,39.33902,83.20862,0.85008806,-1,-1,-1
44,7368,583.8054,128.2393,46.892334,94.10278,0.8403836,-1,-1,-1
44,7369,914.62,199.99216,88.76489,49.704712,0.85426456,-1,-1,-1
44,7371,314.10452,0.0,76.34271,167.85802,0.7740778,-1,-1,-1
44,7377,428.80176,70.93339,44.581543,83.59936,0.85725564,-1,-1,-1
44,7395,156.45673,459.20737,77.75746,75.316315,0.8174819,-1,-1,-1
44,7397,966.0461,43.73511,25.018982,30.320522,0.74860615,-1,-1,-1
44,7400,510.60184,0.0,44.32419,44.45909,0.742155,-1,-1,-1
45,7360,479.37268,250.06567,47.7713,80.38086,0.8726629,-1,-1,-1
45,7361,319.1956,463.0021,38.698853,76.16037,0.840795,-1,-1,-1
45,7362,41.157352,184.63037,90.88431,42.391174,0.8376718,-1,-1,-1
45,7363,492.57083,147.79288,52.04886,91.25525,0.8516791,-1,-1,-1
45,7364,394.9979,336.408,39.875244,77.15204,0.8440509,-1,-1,-1
45,7366,43.689564,132.91924,95.98828,46.380493,0.8292647,-1,-1,-1
45,7367,493.82358,425.03546,38.99179,82.648254,0.84892917,-1,-1,-1
45,7368,586.0642,122.55263,46.649536,93.580215,0.8497034,-1,-1,-1
45,7369,915.8099,204.62375,87.61749,49.351868,0.8483179,-1,-1,-1
45,7371,314.5533,0.0,77.25238,171.15584,0.7699052,-1,-1,-1
45,7377,430.07184,74.42713,44.609924,83.79142,0.8611681,-1,-1,-1
45,7395,154.0897,455.44574,80.19098,79.63043,0.82568365,-1,-1,-1
45,7397,968.32025,48.373627,25.453796,30.664764,0.6994503,-1,-1,-1
45,7400,513.1117,0.0,46.149292,46.69252,0.78588074,-1,-1,-1
46,7360,479.47015,249.27693,47.306458,80.46785,0.87170523,-1,-1,-1
46,7361,316.6375,465.67343,37.997955,73.42398,0.8292903,-1,-1,-1
46,7362,42.379658,179.8673,90.761566,42.51921,0.8455774,-1,-1,-1
46,7363,494.11157,147.6611,50.831482,90.74518,0.8480359,-1,-1,-1
46,7364,392.5689,339.74512,40.210236,77.63797,0.84622645,-1,-1,-1
46,7366,44.727608,127.885124,98.804344,48.12687,0.82523245,-1,-1,-1
46,7367,492.45773,423.77667,38.923492,82.47754,0.8465592,-1,-1,-1
46,7368,588.5576,117.70488,46.43286,92.57526,0.8499663,-1,-1,-1
46,7369,915.9852,208.46112,87.84735,49.90805,0.84627426,-1,-1,-1
46,7371,316.10547,0.0,77.70804,172.80725,0.76866907,-1,-1,-1
46,7377,431.2891,78.061676,44.50836,83.7514,0.8703721,-1,-1,-1
46,7395,151.82098,451.76093,82.22337,83.765625,0.83182883,-1,-1,-1
46,7397,971.7139,53.441925,24.703613,29.533714,0.7885454,-1,-1,-1
46,7400,515.26746,0.0,47.86438,49.07594,0.8014218,-1,-1,-1
47,7360,479.81833,248.61986,46.68918,80.18959,0.8695026,-1,-1,-1
47,7361,314.3023,468.76758,36.98648,70.109985,0.8251202,-1,-1,-1
47,7362,44.197037,175.25002,90.398895,42.591827,0.8547864,-1,-1,-1
47,7363,495.48795,147.1899,50.012054,90.90048,0.8435133,-1,-1,-1
47,7364,391.14993,343.2148,40.519104,77.767,0.84516704,-1,-1,-1
47,7366,47.016586,123.43018,97.81291,47.958153,0.8567942,-1,-1,-1
47,7367,490.91913,422.9016,38.72174,82.0105,0.85077524,-1,-1,-1
47,7368,590.69824,112.15238,46.87628,92.758385,0.8429258,-1,-1,-1
47,7369,914.7401,211.41893,90.604065,52.139603,0.8704899,-1,-1,-1
47,7371,318.04367,0.0,78.029175,173.8743,0.7646429,-1,-1,-1
47,7377,431.72482,82.245926,44.384247,83.47177,0.8639649,-1,-1,-1
47,7395,149.95184,448.37634,82.80655,86.81964,0.8413705,-1,-1,-1
47,7397,974.2007,57.758575,24.758118,29.347366,0.73452777,-1,-1,-1
47,7400,517.5469,0.0,49.20294,51.25881,0.7899766,-1,-1,-1
48,7360,480.20096,248.14484,45.8555,79.5336,0.8613983,-1,-1,-1
48,7361,312.50204,470.9363,36.365204,67.19522,0.84822476,-1,-1,-1
48,7362,46.01432,170.54068,90.53629,42.929672,0.8405358,-1,-1,-1
48,7363,496.89206,147.00159,49.137604,91.02312,0.8438403,-1,-1,-1
48,7364,389.35522,346.92484,40.73413,77.597626,0.8475808,-1,-1,-1
48,7366,49.524693,119.007416,96.48601,47.627975,0.8908589,-1,-1,-1
48,7367,489.41565,421.70013,38.985046,82.33728,0.8508851,-1,-1,-1
48,7368,592.5983,107.41187,46.579956,91.60796,0.85676706,-1,-1,-1
48,7369,916.23364,216.21811,88.441345,51.233734,0.8485242,-1,-1,-1
48,7371,319.24142,0.0,78.42392,175.07085,0.6487276,-1,-1,-1
48,7377,432.3697,86.89436,44.34787,83.40109,0.85886496,-1,-1,-1
48,7395,149.70287,445.46744,81.00409,87.206085,0.8525344,-1,-1,-1
48,7397,976.284,62.160778,25.725586,30.426441,0.7965609,-1,-1,-1
48,7400,519.01337,0.0,50.857605,54.015274,0.7870253,-1,-1,-1
48,7406,0.62138355,140.35507,12.151718,67.4534,0.41744006,-1,-1,-1
49,7360,480.5073,247.74216,45.305206,79.357025,0.8564398,-1,-1,-1
49,7361,310.45605,473.66025,35.402863,63.216522,0.85442543,-1,-1,-1
49,7362,47.133045,166.25066,92.26523,44.11705,0.8442629,-1,-1,-1
49,7363,498.37476,147.19058,48.195435,90.94722,0.8632569,-1,-1,-1
49,7364,387.52094,350.2289,41.41449,78.01337,0.8513377,-1,-1,-1
49,7366,51.30898,114.93028,96.843185,48.081528,0.8346613,-1,-1,-1
49,7367,487.3336,420.8207,39.133636,82.25552,0.8396049,-1,-1,-1
49,7368,595.126,101.88152,46.789062,91.148384,0.83481014,-1,-1,-1
49,7369,916.9383,220.07434,87.75714,51.209167,0.8647651,-1,-1,-1
49,7371,318.77133,3.921768,79.15869,176.37444,0.70491594,-1,-1,-1
49,7377,433.6623,91.41966,43.89917,82.28436,0.84737223,-1,-1,-1
49,7395,149.70102,442.03326,78.59947,86.63379,0.8310275,-1,-1,-1
49,7397,978.7808,66.63999,25.310303,29.778465,0.79948753,-1,-1,-1
49,7400,520.9162,0.0,52.001038,56.453938,0.81942505,-1,-1,-1
49,7406,2.7901545,142.6886,10.428879,57.08754,0.43492052,-1,-1,-1
50,7360,480.82742,247.3554,44.755035,79.10872,0.851986,-1,-1,-1
50,7361,307.83978,476.41425,34.86685,60.154053,0.81678456,-1,-1,-1
50,7362,48.301914,161.65524,92.56792,44.686203,0.84771484,-1,-1,-1
50,7363,499.65863,147.18587,47.270386,90.55859,0.85182893,-1,-1,-1
50,7364,385.76163,353.95496,41.930145,78.319305,0.8466581,-1,-1,-1
50,7366,53.59149,110.39543,96.43414,48.084244,0.83602667,-1,-1,-1
50,7367,485.62604,420.19717,39.30774,82.15045,0.8473666,-1,-1,-1
50,7368,597.6395,96.36616,47.24817,91.31455,0.85700244,-1,-1,-1
50,7369,917.0007,224.2065,88.085144,51.788406,0.8555919,-1,-1,-1
50,7371,319.98477,5.583248,79.7121,177.40257,0.76843196,-1,-1,-1
50,7377,434.17767,95.34231,44.238922,82.61553,0.8576652,-1,-1,-1
50,7395,149.5642,439.17554,76.54825,86.31647,0.83787614,-1,-1,-1
50,7397,980.1376,71.12863,25.471558,29.8395,0.7553398,-1,-1,-1
50,7400,522.6029,0.0,53.19458,59.124393,0.82730824,-1,-1,-1
50,7410,1.0938362,129.10818,15.589624,54.220657,0.5500584,-1,-1,-1
51,7360,481.19507,247.13928,44.182922,78.86487,0.84852827,-1,-1,-1
51,7361,304.80215,479.89026,34.243042,57.077698,0.796302,-1,-1,-1
51,7362,50.479763,157.21039,91.86536,44.714325,0.8496585,-1,-1,-1
51,7363,500.88568,147.12459,46.453735,90.21628,0.8600811,-1,-1,-1
51,7364,383.6865,357.54257,42.15439,78.08786,0.8510095,-1,-1,-1
51,7366,55.330467,105.92998,97.135185,48.87764,0.8436611,-1,-1,-1
51,7367,484.04303,419.98178,39.18463,81.24063,0.86272097,-1,-1,-1
51,7368,600.64404,91.52522,47.332153,90.33266,0.85191506,-1,-1,-1
51,7369,917.21313,227.85356,87.757996,51.985428,0.8532226,-1,-1,-1
51,7371,320.4287,9.595279,80.09256,177.5391,0.7308692,-1,-1,-1
51,7377,434.58102,99.511986,44.32373,82.35375,0.8525273,-1,-1,-1
51,7395,149.14243,436.14264,75.32362,86.975464,0.8350919,-1,-1,-1
51,7397,981.57733,75.56411,25.042053,29.107689,0.61835355,-1,-1,-1
51,7400,524.4963,0.31260294,53.8338,61.410522,0.8284437,-1,-1,-1
51,7410,2.5198221,125.73585,14.958556,51.6164,0.5170849,-1,-1,-1
52,7360,481.50232,246.89894,43.601074,78.54677,0.84752524,-1,-1,-1
52,7361,302.2592,482.80127,33.845093,54.725525,0.7948869,-1,-1,-1
52,7362,51.984615,153.17345,91.862625,44.99478,0.8571643,-1,-1,-1
52,7363,502.11377,146.94754,46.123596,90.642395,0.8553964,-1,-1,-1
52,7364,381.39023,361.79507,42.3584,77.76785,0.8534013,-1,-1,-1
52,7366,56.43553,101.6031,99.05438,50.405838,0.85229796,-1,-1,-1
52,7367,482.74768,419.14276,39.063477,80.26846,0.8769222,-1,-1,-1
52,7368,602.6727,85.81557,48.286194,91.059586,0.8515265,-1,-1,-1
52,7369,916.5661,231.03975,88.704346,53.037918,0.8651511,-1,-1,-1
52,7371,321.70715,11.2399,80.866516,179.09686,0.7001413,-1,-1,-1
52,7377,435.00327,103.602036,44.290894,81.78296,0.8481469,-1,-1,-1
52,7395,149.134,433.47845,72.737885,86.2254,0.8528031,-1,-1,-1
52,7397,983.01215,79.996346,25.522705,29.449951,0.56211895,-1,-1,-1
52,7400,526.7154,0.12177817,54.079346,63.397,0.8461067,-1,-1,-1
52,7410,3.566789,116.95578,15.919904,54.19893,0.6565353,-1,-1,-1
53,7360,481.80612,246.58762,43.14334,78.35251,0.8501452,-1,-1,-1
53,7361,299.8208,486.03427,33.08142,51.783295,0.76587254,-1,-1,-1
53,7362,54.375008,150.15446,91.47039,45.147552,0.8457576,-1,-1,-1
53,7363,503.24045,146.73204,45.74179,90.95073,0.85377216,-1,-1,-1
53,7364,379.43173,365.47055,42.859955,78.06311,0.8622955,-1,-1,-1
53,7366,59.56435,97.96821,98.0354,50.3431,0.8792604,-1,-1,-1
53,7367,481.1987,417.61917,39.681427,80.953705,0.8566528,-1,-1,-1
53,7368,605.2607,81.19726,48.170105,89.690575,0.8565927,-1,-1,-1
53,7369,916.6399,234.85033,88.88336,53.667984,0.85208327,-1,-1,-1
53,7371,318.06982,6.5552807,85.35916,188.77116,0.6731298,-1,-1,-1
53,7377,435.0223,107.57013,44.8519,82.24298,0.8582042,-1,-1,-1
53,7395,149.55751,431.30927,71.019516,85.87482,0.83674115,-1,-1,-1
53,7397,984.5262,84.93975,25.174744,28.768433,0.43002123,-1,-1,-1
53,7400,528.3853,0.06906683,54.934875,66.20586,0.8402393,-1,-1,-1
53,7410,5.1682153,114.200226,15.536652,51.417175,0.6946552,-1,-1,-1
54,7360,482.09494,246.4625,42.71939,78.17404,0.85056615,-1,-1,-1
54,7361,297.25592,488.7329,32.355804,48.71118,0.6426815,-1,-1,-1
54,7362,55.807346,145.64238,92.31442,46.033035,0.86084014,-1,-1,-1
54,7363,504.43225,147.06184,45.353394,91.23201,0.8555832,-1,-1,-1
54,7364,377.32977,368.9274,43.16266,77.78198,0.8511979,-1,-1,-1
54,7366,62.879574,94.49209,96.619446,49.930458,0.837375,-1,-1,-1
54,7367,479.6034,416.92075,39.945435,80.886536,0.85338545,-1,-1,-1
54,7368,607.9279,75.980576,48.978394,90.109314,0.8410621,-1,-1,-1
54,7369,916.85223,238.36862,88.25824,53.733063,0.8545249,-1,-1,-1
54,7371,317.38425,4.9651146,87.51953,193.29445,0.72967446,-1,-1,-1
54,7377,435.31946,112.22761,45.12329,82.003746,0.8575634,-1,-1,-1
54,7395,149.93143,428.10318,69.43933,85.69888,0.8328236,-1,-1,-1
54,7397,985.3987,89.31924,25.526367,28.963417,0.6316757,-1,-1,-1
54,7400,530.50867,0.024311922,55.208923,68.4336,0.83722514,-1,-1,-1
54,7410,6.243891,110.399765,15.855047,50.50392,0.6947005,-1,-1,-1
54,7417,988.36053,8.74526,15.31073,12.588537,0.7328152,-1,-1,-1
55,7360,482.53006,246.26416,42.72525,78.80469,0.87796134,-1,-1,-1
55,7361,295.25076,491.61383,31.610596,45.654602,0.47497314,-1,-1,-1
55,7362,57.312405,141.61748,93.15332,46.89734,0.8413675,-1,-1,-1
55,7363,506.00586,147.41547,44.63037,90.71364,0.8624624,-1,-1,-1
55,7364,375.17896,373.0703,43.299286,77.07013,0.8519062,-1,-1,-1
55,7366,64.516914,90.773,97.90565,51.09194,0.83893865,-1,-1,-1
55,7367,478.58197,416.0474,40.039673,80.3909,0.8532415,-1,-1,-1
55,7368,611.15344,71.29161,49.11139,88.83154,0.8614877,-1,-1,-1
55,7369,917.34406,242.313,87.30322,53.535873,0.861975,-1,-1,-1
55,7371,318.00546,4.8554373,89.344666,197.0852,0.7735847,-1,-1,-1
55,7377,435.67557,116.82973,45.08609,81.20715,0.8531747,-1,-1,-1
55,7395,149.54503,424.7719,68.72096,86.46463,0.8399519,-1,-1,-1
55,7397,986.9058,92.909256,25.668518,29.055222,0.641928,-1,-1,-1
55,7400,532.9596,0.0065318584,55.74237,71.047615,0.8454815,-1,-1,-1
55,7410,7.160684,105.37037,16.70177,50.697197,0.7045119,-1,-1,-1
55,7417,990.18335,12.635475,15.260803,12.563852,0.6578785,-1,-1,-1
56,7360,482.9412,246.18497,42.309967,78.50922,0.85348785,-1,-1,-1
56,7361,292.3618,494.70465,31.165436,43.194336,0.4799131,-1,-1,-1
56,7362,59.733425,138.79288,93.3504,47.470383,0.84520876,-1,-1,-1
56,7363,507.54254,147.8248,43.858032,90.084274,0.86381716,-1,-1,-1
56,7364,373.20715,376.3371,44.06375,77.40848,0.8520354,-1,-1,-1
56,7366,67.87163,88.22168,96.50731,50.763718,0.83189875,-1,-1,-1
56,7367,477.32852,415.15186,40.244354,80.06122,0.8564777,-1,-1,-1
56,7368,613.74774,66.34425,49.55896,88.80264,0.8593183,-1,-1,-1
56,7369,916.69885,245.20097,88.43152,54.758957,0.8619177,-1,-1,-1
56,7371,319.5404,5.2741184,90.70148,200.05122,0.80266386,-1,-1,-1
56,7377,435.57217,121.639656,45.56015,81.14071,0.87134725,-1,-1,-1
56,7395,149.97043,422.17026,66.990005,86.02292,0.84025925,-1,-1,-1
56,7397,988.1302,97.51404,25.436829,28.539742,0.41639426,-1,-1,-1
56,7400,534.8982,0.0,56.69812,74.36313,0.84043443,-1,-1,-1
56,7410,7.786689,101.7363,17.430683,49.9886,0.78264433,-1,-1,-1
56,7417,992.1801,18.137081,14.970581,12.326241,0.67754924,-1,-1,-1
57,7360,483.32864,246.21986,41.976044,78.36522,0.8579101,-1,-1,-1
57,7361,290.45535,497.5055,30.19394,40.105347,0.39294812,-1,-1,-1
57,7362,61.84762,135.3246,92.64387,47.67221,0.84139806,-1,-1,-1
57,7363,508.72705,148.20142,43.229004,89.60959,0.8613905,-1,-1,-1
57,7364,371.38055,380.50446,44.5618,77.13037,0.8557389,-1,-1,-1
57,7366,68.08733,83.56465,100.46131,53.61525,0.84664625,-1,-1,-1
57,7367,476.31104,414.42017,40.377136,79.36441,0.85883886,-1,-1,-1
57,7368,616.48944,61.485264,50.19757,88.82709,0.85771143,-1,-1,-1
57,7369,916.3535,248.27185,88.21246,55.13263,0.866756,-1,-1,-1
57,7371,320.6983,5.8363357,91.8598,202.58846,0.8403365,-1,-1,-1
57,7377,435.4143,125.59674,46.210358,81.41922,0.8601532,-1,-1,-1
57,7395,149.29805,418.52414,66.64928,87.19125,0.86004543,-1,-1,-1
57,7397,989.1794,101.94087,24.915283,27.802017,0.57388735,-1,-1,-1
57,7400,536.8587,0.17964408,56.527283,76.312996,0.8494116,-1,-1,-1
57,7410,7.942573,94.683334,19.64807,53.454056,0.76907957,-1,-1,-1
57,7417,993.9065,22.686504,14.791077,12.188042,0.7435093,-1,-1,-1
57,7421,990.5343,43.97889,14.173035,13.59922,0.77103436,-1,-1,-1
58,7360,483.643,246.0961,41.6875,78.25079,0.8572996,-1,-1,-1
58,7362,63.84288,131.59724,92.82753,48.27925,0.8652768,-1,-1,-1
58,7363,509.8185,148.54967,42.46689,88.77873,0.85878146,-1,-1,-1
58,7364,369.18958,384.44333,44.560577,75.93213,0.8535338,-1,-1,-1
58,7366,72.19849,80.749916,97.677475,52.662758,0.84411305,-1,-1,-1
58,7367,475.16467,412.51828,41.374756,80.72061,0.86009413,-1,-1,-1
58,7368,619.6336,57.068775,50.322815,88.119125,0.8746299,-1,-1,-1
58,7369,916.0431,251.7761,87.42615,55.101624,0.84818804,-1,-1,-1
58,7371,322.34766,7.427291,91.98572,202.93227,0.8361595,-1,-1,-1
58,7377,435.32596,129.92943,46.277405,80.71358,0.8588146,-1,-1,-1
58,7395,149.9539,415.89627,65.190384,86.88754,0.8365968,-1,-1,-1
58,7397,990.02045,105.970604,25.322144,28.11303,0.65395135,-1,-1,-1
58,7400,538.7615,1.5230274,55.796265,77.40137,0.8367516,-1,-1,-1
58,7410,8.600172,89.67142,21.289684,54.446228,0.7676145,-1,-1,-1
58,7417,995.27826,26.781445,15.378235,12.709202,0.7698554,-1,-1,-1
58,7421,991.5612,47.784504,14.355774,13.767536,0.6330204,-1,-1,-1
58,7423,1001.5535,2.9898856,14.273499,12.678112,0.72782964,-1,-1,-1
59,7360,484.35294,245.92482,41.452118,78.34148,0.8566784,-1,-1,-1
59,7362,65.80192,128.23311,93.19503,48.908875,0.84435934,-1,-1,-1
59,7363,510.63098,148.96848,41.989075,88.41348,0.8544905,-1,-1,-1
59,7364,366.48502,388.06088,45.37329,76.444244,0.85441005,-1,-1,-1
59,7366,74.87472,77.758766,97.44323,53.12327,0.8539478,-1,-1,-1
59,7367,473.54004,411.28867,41.857117,80.92264,0.85302407,-1,-1,-1
59,7368,621.9622,52.042194,50.710938,88.178116,0.8473414,-1,-1,-1
59,7369,916.50464,255.57607,86.34808,54.73152,0.8555697,-1,-1,-1
59,7371,320.61398,8.093145,93.18857,204.88997,0.8683565,-1,-1,-1
59,7377,434.88907,134.852,46.72589,80.60951,0.87828785,-1,-1,-1
59,7395,150.31029,413.00198,64.02879,86.859375,0.83412564,-1,-1,-1
59,7397,990.2001,110.48787,25.470154,28.139969,0.38540697,-1,-1,-1
59,7400,540.961,4.1553693,54.156433,77.20773,0.84005535,-1,-1,-1
59,7410,8.869926,85.42169,23.05975,55.45259,0.77124506,-1,-1,-1
59,7417,996.56195,30.797558,15.681335,12.995792,0.60644704,-1,-1,-1
59,7421,992.4632,51.751797,14.955078,14.344379,0.5228432,-1,-1,-1
59,7423,1002.3636,7.098189,14.546204,12.91086,0.70404845,-1,-1,-1
60,7360,484.41034,245.86594,41.20392,78.2381,0.84672356,-1,-1,-1
60,7362,68.52496,125.34015,92.7737,49.23091,0.85020906,-1,-1,-1
60,7363,511.5549,149.36188,41.664703,88.207855,0.8525088,-1,-1,-1
60,7364,363.97757,391.622,45.815094,76.46695,0.8671295,-1,-1,-1
60,7366,78.131386,75.16801,96.41952,53.05915,0.85145676,-1,-1,-1
60,7367,472.23575,410.4127,41.971283,80.54416,0.8642321,-1,-1,-1
60,7368,624.9286,47.112366,51.07611,88.19351,0.8608382,-1,-1,-1
60,7369,914.97906,258.45154,87.036804,55.80002,0.8500064,-1,-1,-1
60,7371,320.87762,11.408994,93.66785,205.21791,0.878117,-1,-1,-1
60,7377,434.6851,139.24963,47.53659,81.09358,0.8808386,-1,-1,-1
60,7395,150.8878,410.51093,62.924744,86.83859,0.8456746,-1,-1,-1
60,7397,990.42664,114.50694,25.351501,27.737747,0.6426736,-1,-1,-1
60,7400,543.0156,6.6807284,53.330566,78.06289,0.8407706,-1,-1,-1
60,7410,9.3109,79.89982,25.348394,57.262367,0.810653,-1,-1,-1
60,7417,998.01227,34.86418,15.786072,13.131462,0.670257,-1,-1,-1
60,7421,993.34314,55.79481,15.042603,14.428646,0.629429,-1,-1,-1
60,7423,1003.6832,11.7174635,14.740173,13.082519,0.72867215,-1,-1,-1
61,7360,484.83405,245.80475,40.786987,77.68878,0.8478413,-1,-1,-1
61,7362,71.03779,122.716644,91.55335,49.075928,0.85518694,-1,-1,-1
61,7363,512.35394,149.40855,41.459717,88.21271,0.8498389,-1,-1,-1
61,7364,361.69257,394.9284,45.921234,76.08786,0.8615543,-1,-1,-1
61,7366,80.26374,72.045456,97.32397,54.15164,0.8301206,-1,-1,-1
61,7367,471.07748,409.49942,42.131866,80.40552,0.8594614,-1,-1,-1
61,7368,627.6973,43.250885,50.958923,87.26317,0.8631395,-1,-1,-1
61,7369,915.05927,262.1432,85.11035,55.021576,0.86527807,-1,-1,-1
61,7371,321.64032,15.560206,93.61572,204.36757,0.8936075,-1,-1,-1
61,7377,434.11224,143.66844,47.5614,80.18283,0.86896235,-1,-1,-1
61,7395,152.28017,408.5528,61.196884,85.85458,0.84168243,-1,-1,-1
61,7397,990.5336,118.55694,25.466675,27.731651,0.44133073,-1,-1,-1
61,7400,545.3731,9.817521,51.744995,77.47781,0.83800703,-1,-1,-1
61,7410,9.68515,76.420906,26.950726,57.03071,0.8093335,-1,-1,-1
61,7417,999.27655,38.67528,15.809143,13.201618,0.63664126,-1,-1,-1
61,7421,994.3202,59.62695,15.177734,14.577862,0.41856158,-1,-1,-1
61,7423,1005.2073,16.025787,14.554321,12.90567,0.58918923,-1,-1,-1
62,7360,485.24927,245.82056,40.40674,77.16922,0.8506008,-1,-1,-1
62,7362,73.47765,119.740265,91.95641,49.87726,0.8415588,-1,-1,-1
62,7363,513.1835,149.46553,41.294678,88.44177,0.8449789,-1,-1,-1
62,7364,359.27292,398.67545,45.72,74.87082,0.86389375,-1,-1,-1
62,7366,82.872154,69.4366,97.09887,54.58156,0.8368808,-1,-1,-1
62,7367,470.36972,408.74878,42.051056,79.64786,0.8593584,-1,-1,-1
62,7368,630.1037,38.422104,51.287598,87.30868,0.85333914,-1,-1,-1
62,7369,914.0441,264.63535,85.82825,56.02066,0.858048,-1,-1,-1
62,7371,319.9079,18.16836,94.3898,204.69193,0.90092856,-1,-1,-1
62,7377,433.36893,147.76872,48.27957,80.551834,0.8803867,-1,-1,-1
62,7395,152.87035,406.6726,59.68225,85.08353,0.8425478,-1,-1,-1
62,7400,547.99457,12.545419,50.09436,76.65811,0.83693886,-1,-1,-1
62,7410,10.0947895,73.49134,28.844072,57.2342,0.78739,-1,-1,-1
62,7417,1000.0707,42.21229,15.899902,13.319153,0.40055516,-1,-1,-1
62,7421,995.20935,63.77596,15.153442,14.556881,0.57831097,-1,-1,-1
62,7423,1006.8667,20.376741,14.194031,12.581396,0.60620433,-1,-1,-1
63,7360,485.57492,245.94765,40.119843,76.827805,0.8528666,-1,-1,-1
63,7362,75.734856,117.002655,92.12476,50.55301,0.8627784,-1,-1,-1
63,7363,513.98944,150.34293,41.31024,89.00745,0.84089696,-1,-1,-1
63,7364,356.7233,401.66965,46.796265,75.857635,0.8623114,-1,-1,-1
63,7366,85.88115,66.85487,96.14903,54.673393,0.83983433,-1,-1,-1
63,7367,469.61948,407.8749,42.141815,79.10486,0.8623956,-1,-1,-1
63,7368,633.1112,34.575096,50.966797,85.955315,0.85770756,-1,-1,-1
63,7369,913.99036,267.75653,85.05994,55.931824,0.8730204,-1,-1,-1
63,7371,320.09222,21.856148,94.454834,203.61258,0.91863394,-1,-1,-1
63,7377,432.31747,152.27809,48.7865,80.574356,0.89134127,-1,-1,-1
63,7395,153.47589,403.93298,58.941162,85.47754,0.83853805,-1,-1,-1
63,7400,550.5074,15.671084,48.631714,75.72122,0.8383424,-1,-1,-1
63,7410,10.050772,68.30556,31.896273,59.81201,0.7564871,-1,-1,-1
63,7417,1000.94006,46.11952,16.210022,13.628334,0.2766724,-1,-1,-1
63,7421,996.6602,68.0987,14.78833,14.226555,0.56485784,-1,-1,-1
63,7423,1008.1509,24.602625,14.239624,12.598856,0.3293438,-1,-1,-1
63,7397,991.065,126.06249,25.47583,27.548805,0.7318856,-1,-1,-1
64,7360,485.85922,246.1012,39.773285,76.30713,0.8546334,-1,-1,-1
64,7362,77.98726,114.565994,91.24788,50.50992,0.8668652,-1,-1,-1
64,7363,514.83813,151.12079,41.098022,88.9375,0.8382113,-1,-1,-1
64,7364,354.43674,405.6181,47.112,75.44394,0.8699571,-1,-1,-1
64,7366,88.88869,64.866776,94.83853,54.462234,0.84535193,-1,-1,-1
64,7367,468.95694,406.84235,42.384552,78.76349,0.86870766,-1,-1,-1
64,7368,636.1145,30.419666,50.49524,84.500946,0.8742231,-1,-1,-1
64,7369,912.7107,270.13217,85.58661,56.81732,0.85775906,-1,-1,-1
64,7371,320.5609,24.868792,95.07568,204.08382,0.92583627,-1,-1,-1
64,7377,431.38983,156.73706,48.477722,79.22374,0.87500304,-1,-1,-1
64,7395,154.01828,401.01865,58.064865,85.48111,0.8341962,-1,-1,-1
64,7400,552.5796,18.53367,47.405518,75.190315,0.84082127,-1,-1,-1
64,7410,10.418619,65.28328,33.943626,59.973885,0.772838,-1,-1,-1
64,7417,1001.8843,49.96632,16.759705,14.213215,0.27985597,-1,-1,-1
64,7421,997.47675,72.037674,14.511169,13.990593,0.45559955,-1,-1,-1
64,7397,990.8916,129.45566,25.798645,27.774567,0.42218205,-1,-1,-1
65,7360,486.08493,246.04428,39.674286,76.166534,0.8559678,-1,-1,-1
65,7362,80.435486,112.25584,91.6425,51.33857,0.84272116,-1,-1,-1
65,7363,515.6406,151.8028,40.762024,88.278305,0.8432821,-1,-1,-1
65,7364,351.8757,409.0698,47.384216,75.10019,0.8688861,-1,-1,-1
65,7366,91.30868,62.692135,95.77549,55.66038,0.8395097,-1,-1,-1
65,7367,468.23105,405.92624,42.762756,78.70947,0.86751807,-1,-1,-1
65,7368,638.923,26.265594,50.98474,84.430176,0.8571465,-1,-1,-1
65,7369,911.8685,272.5166,84.7832,56.7117,0.8672064,-1,-1,-1
65,7371,321.96124,29.11992,94.68982,202.33629,0.916333,-1,-1,-1
65,7377,430.03278,161.09578,49.138824,79.52733,0.88169235,-1,-1,-1
65,7395,154.52562,398.92444,57.1024,85.22397,0.8516387,-1,-1,-1
65,7400,553.9483,20.573551,47.311035,76.2733,0.8496247,-1,-1,-1
65,7410,10.83412,64.35932,35.155724,58.26216,0.7216651,-1,-1,-1
65,7397,990.73645,132.69598,25.855713,27.642746,0.5425187,-1,-1,-1
66,7360,486.29773,246.0282,39.534424,75.828735,0.85570097,-1,-1,-1
66,7362,82.588715,110.00615,91.74576,52.04184,0.8621889,-1,-1,-1
66,7363,516.3027,151.9032,40.558655,88.21478,0.86756307,-1,-1,-1
66,7364,349.4346,412.6028,47.631744,74.75162,0.86616135,-1,-1,-1
66,7366,94.04252,60.770576,95.71252,56.267365,0.8397108,-1,-1,-1
66,7367,467.29196,404.21628,43.356506,79.24411,0.86564165,-1,-1,-1
66,7368,642.5218,22.582594,50.531067,82.96777,0.8583592,-1,-1,-1
66,7369,911.7185,275.88388,83.522644,56.11139,0.84680426,-1,-1,-1
66,7371,320.29764,31.273445,95.38187,201.96948,0.90868646,-1,-1,-1
66,7377,428.94418,165.40437,49.422882,79.13965,0.8732022,-1,-1,-1
66,7395,155.22523,396.32993,56.460587,85.513824,0.83998764,-1,-1,-1
66,7400,555.39136,23.137892,46.527405,76.230835,0.85390145,-1,-1,-1
66,7410,11.97565,64.657555,35.647808,54.96135,0.7539254,-1,-1,-1
67,7360,486.6953,245.85213,39.433533,75.61711,0.85710734,-1,-1,-1
67,7362,85.289986,107.707825,90.21595,51.760788,0.8474305,-1,-1,-1
67,7363,517.01935,152.37968,40.252197,87.85611,0.85034746,-1,-1,-1
67,7364,346.83124,416.30084,48.01111,74.42273,0.8608301,-1,-1,-1
67,7366,97.36199,59.12295,94.05508,55.86878,0.82975096,-1,-1,-1
67,7367,466.34988,402.90454,43.732605,79.29358,0.86602014,-1,-1,-1
67,7368,645.08466,18.636446,50.33069,82.043495,0.86093414,-1,-1,-1
67,7369,910.35876,278.24423,83.503296,56.43451,0.83476037,-1,-1,-1
67,7371,320.80075,34.71509,95.366,199.99269,0.90943015,-1,-1,-1
67,7377,427.89948,169.47408,49.783966,78.96164,0.8751735,-1,-1,-1
67,7395,156.5384,394.78287,54.9868,84.2081,0.8403953,-1,-1,-1
67,7400,556.75146,25.665644,45.457947,75.49027,0.8417953,-1,-1,-1
67,7410,11.423432,58.771187,40.557278,59.608307,0.75682193,-1,-1,-1
67,7397,990.22217,139.3479,26.175781,27.782349,0.6453504,-1,-1,-1
68,7360,486.71158,245.64775,39.51828,75.76958,0.8595758,-1,-1,-1
68,7362,87.711075,105.580536,89.76645,52.163177,0.84610236,-1,-1,-1
68,7363,517.4654,152.77434,40.012024,87.61012,0.85987633,-1,-1,-1
68,7364,344.2191,419.6724,48.381104,74.16751,0.8691093,-1,-1,-1
68,7366,100.33269,57.307648,93.07869,55.804916,0.8278458,-1,-1,-1
68,7367,466.05426,402.64282,43.02664,76.79599,0.8797191,-1,-1,-1
68,7368,648.0604,14.00206,51.00238,82.35688,0.8547099,-1,-1,-1
68,7369,909.549,280.6134,83.40973,56.644073,0.8580943,-1,-1,-1
68,7371,321.70227,39.312305,95.50992,198.67334,0.9170391,-1,-1,-1
68,7377,426.75858,173.58817,50.4653,79.36774,0.8820562,-1,-1,-1
68,7395,157.19933,393.07928,53.94713,83.59631,0.83808875,-1,-1,-1
68,7400,558.12854,28.286024,44.80255,75.155365,0.8480611,-1,-1,-1
68,7410,12.103093,57.050083,41.764286,57.754055,0.7467711,-1,-1,-1
68,7397,990.19916,142.84734,25.942078,27.454102,0.37492782,-1,-1,-1
69,7360,486.85046,245.49457,39.46747,75.62454,0.8604616,-1,-1,-1
69,7362,90.4238,103.79468,89.14432,52.356415,0.86785036,-1,-1,-1
69,7363,517.9936,153.32387,39.752502,87.12308,0.8562116,-1,-1,-1
69,7364,341.93506,422.99603,48.296356,73.13321,0.8605571,-1,-1,-1
69,7366,103.06528,55.91616,92.238815,55.8021,0.858044,-1,-1,-1
69,7367,464.96277,401.06442,43.38617,76.93228,0.8619526,-1,-1,-1
69,7368,650.68195,10.435387,51.04492,81.65994,0.84848064,-1,-1,-1
69,7369,907.6573,282.2836,84.74982,57.971558,0.8433089,-1,-1,-1
69,7371,322.56702,43.48374,95.70566,197.74161,0.9134458,-1,-1,-1
69,7377,425.40976,177.80133,50.7081,79.072266,0.87228686,-1,-1,-1
69,7395,158.79431,390.76978,52.932953,83.21396,0.83352053,-1,-1,-1
69,7400,559.15015,31.018753,44.29071,74.988304,0.8463015,-1,-1,-1
69,7410,12.335841,55.13909,44.03844,57.57804,0.7813024,-1,-1,-1
69,7397,990.2353,145.76845,25.85675,27.205338,0.5570418,-1,-1,-1
70,7360,486.9981,245.44365,39.260315,75.14708,0.86267424,-1,-1,-1
70,7362,93.283554,102.24848,88.270676,52.347588,0.8677675,-1,-1,-1
70,7363,517.9509,152.74109,40.247925,88.41043,0.84572345,-1,-1,-1
70,7364,339.39844,425.99832,48.589325,72.86447,0.86305493,-1,-1,-1
70,7366,106.65517,55.195488,89.73363,54.653633,0.8578675,-1,-1,-1
70,7367,464.04886,399.72946,43.667603,76.86978,0.8617176,-1,-1,-1
70,7368,653.8681,6.6273613,50.53302,79.9807,0.8507053,-1,-1,-1
70,7369,906.5826,284.44778,84.27222,58.065704,0.8521018,-1,-1,-1
70,7371,321.30106,47.38209,95.5773,194.6727,0.9159294,-1,-1,-1
70,7377,424.3265,181.72838,51.246307,79.20622,0.8730474,-1,-1,-1
70,7395,158.43794,387.2469,53.22519,84.752106,0.84709746,-1,-1,-1
70,7400,560.3914,33.667583,43.599365,74.495926,0.85589856,-1,-1,-1
70,7410,12.153651,52.022163,47.14206,58.552696,0.79595083,-1,-1,-1
71,7360,487.07867,245.40605,39.054993,74.66087,0.86668473,-1,-1,-1
71,7362,96.067635,100.62746,87.43975,52.247833,0.8493686,-1,-1,-1
71,7363,518.25635,153.0516,40.242798,88.41382,0.846354,-1,-1,-1
71,7364,336.9644,429.7911,48.887848,72.533875,0.8717768,-1,-1,-1
71,7366,108.96351,53.230747,89.733864,55.108524,0.85191745,-1,-1,-1
71,7367,463.4934,398.67148,43.496674,75.849945,0.86045414,-1,-1,-1
71,7368,657.267,2.3683815,50.816284,79.53807,0.84866923,-1,-1,-1
71,7369,905.3932,286.73184,82.75427,57.393036,0.8433959,-1,-1,-1
71,7371,321.40466,52.231388,95.44946,191.66078,0.9235343,-1,-1,-1
71,7377,423.24277,186.07196,51.344025,78.71933,0.88699144,-1,-1,-1
71,7395,159.6563,385.75858,52.02437,83.78064,0.8315077,-1,-1,-1
71,7400,561.02356,35.959576,43.69574,75.44278,0.8531524,-1,-1,-1
71,7410,12.657563,51.491863,48.374935,56.8383,0.80265796,-1,-1,-1
71,7397,989.7307,151.69868,25.940369,27.165298,0.7072677,-1,-1,-1
72,7360,487.23523,245.35716,38.838806,74.14894,0.86519516,-1,-1,-1
72,7362,98.87294,98.973274,86.30295,51.984367,0.84352386,-1,-1,-1
72,7363,519.13336,153.90688,39.796814,87.16905,0.8430562,-1,-1,-1
72,7364,334.3005,432.69733,49.559692,73.11755,0.8689088,-1,-1,-1
72,7366,110.8743,51.420372,90.45497,56.075363,0.84407437,-1,-1,-1
72,7367,462.95255,397.1803,43.994843,75.99902,0.8580028,-1,-1,-1
72,7368,660.57294,0.0,49.912598,76.345184,0.850407,-1,-1,-1
72,7369,904.1581,288.40347,82.45752,57.529785,0.8436338,-1,-1,-1
72,7371,321.33212,56.2253,96.142456,191.03041,0.9296918,-1,-1,-1
72,7377,422.00098,190.56009,51.042725,77.61221,0.87807876,-1,-1,-1
72,7395,160.84285,384.0637,50.919632,82.904724,0.8357225,-1,-1,-1
72,7400,562.398,38.988674,42.507935,73.882904,0.8430194,-1,-1,-1
72,7410,13.026919,51.16979,49.91927,55.436687,0.82561195,-1,-1,-1
72,7397,988.9687,154.498,26.163391,27.204758,0.5514829,-1,-1,-1
73,7360,487.4268,245.35396,38.69095,73.798416,0.86206174,-1,-1,-1
73,7362,101.06008,97.53015,85.80155,52.187027,0.85211253,-1,-1,-1
73,7363,519.74255,154.19125,39.661133,86.90732,0.8573364,-1,-1,-1
73,7364,332.16904,435.9094,49.32959,72.33075,0.8618986,-1,-1,-1
73,7366,113.66194,50.376022,89.416504,56.021782,0.8480326,-1,-1,-1
73,7367,462.36765,395.73898,44.44641,76.12863,0.8643082,-1,-1,-1
73,7368,663.8958,0.0,48.573914,72.01066,0.83553505,-1,-1,-1
73,7369,903.086,290.38788,82.25366,57.790222,0.8676151,-1,-1,-1
73,7371,321.44565,58.9417,97.21713,191.66005,0.932923,-1,-1,-1
73,7377,420.2547,194.73325,51.694946,78.25571,0.8733801,-1,-1,-1
73,7395,161.69624,382.6506,49.95224,82.033325,0.8469952,-1,-1,-1
73,7400,563.2248,40.886826,42.169434,73.76179,0.8442364,-1,-1,-1
73,7410,13.087573,49.47598,52.760464,55.586987,0.83682054,-1,-1,-1
73,7426,977.8404,0.0,46.159607,44.466904,0.38062832,-1,-1,-1
74,7360,487.729,245.41013,38.43268,73.21814,0.8596048,-1,-1,-1
74,7362,103.35066,96.6826,84.59654,51.862976,0.8457607,-1,-1,-1
74,7363,520.1211,154.94333,39.533813,86.28415,0.85309356,-1,-1,-1
74,7364,329.2746,438.80075,49.43991,72.049194,0.86222625,-1,-1,-1
74,7366,116.052605,49.590534,88.47108,55.920544,0.8464184,-1,-1,-1
74,7367,461.89758,394.63464,44.7677,76.0372,0.870254,-1,-1,-1
74,7368,666.74585,0.0,47.042053,68.423775,0.8150218,-1,-1,-1
74,7369,902.63336,292.37277,81.31195,57.44275,0.8728314,-1,-1,-1
74,7371,319.25824,62.876297,97.54538,189.83662,0.9324018,-1,-1,-1
74,7377,418.7509,198.95679,51.771088,77.947266,0.88177353,-1,-1,-1
74,7395,162.59866,381.00125,49.39351,81.732635,0.83524704,-1,-1,-1
74,7400,564.1186,43.445168,41.522278,73.220314,0.84164673,-1,-1,-1
74,7410,13.226322,47.28422,55.760525,56.009014,0.8488774,-1,-1,-1
74,7426,977.3089,0.0,46.6911,46.57288,0.2907102,-1,-1,-1
74,7397,987.7666,159.98898,25.307434,26.204025,0.2956024,-1,-1,-1
75,7360,488.1682,245.91609,37.925293,72.21767,0.85810095,-1,-1,-1
75,7362,105.99893,95.086075,83.27629,51.495285,0.8580859,-1,-1,-1
75,7363,519.95325,155.49501,39.638428,86.22189,0.84783787,-1,-1,-1
75,7364,326.67816,442.60895,49.825226,72.22125,0.86665434,-1,-1,-1
75,7366,118.43254,48.424057,87.8232,55.960526,0.8642983,-1,-1,-1
75,7367,461.5203,393.66357,44.740936,75.23892,0.8677155,-1,-1,-1
75,7368,670.73663,0.0,44.287415,63.270107,0.80487,-1,-1,-1
75,7369,901.7132,294.09616,80.715576,57.31183,0.8671635,-1,-1,-1
75,7371,318.69748,67.54436,97.26196,186.8315,0.9303905,-1,-1,-1
75,7377,417.08438,202.88867,51.832947,77.49307,0.87413204,-1,-1,-1
75,7395,163.24097,379.01422,48.646072,81.309204,0.8309648,-1,-1,-1
75,7400,564.9374,45.875393,41.07361,72.888596,0.8454708,-1,-1,-1
75,7410,13.962334,46.132103,57.332375,54.923622,0.8645418,-1,-1,-1
75,7426,976.70703,0.0,47.29297,49.146736,0.26332995,-1,-1,-1
76,7360,488.2873,246.11334,37.66693,71.70001,0.8612054,-1,-1,-1
76,7362,108.6258,93.86314,82.67095,51.5167,0.8477437,-1,-1,-1
76,7363,520.6418,156.10039,39.435425,85.353714,0.8573675,-1,-1,-1
76,7364,324.0544,446.3119,49.92816,72.116394,0.87308013,-1,-1,-1
76,7366,120.74832,46.89709,87.859665,56.437847,0.8393287,-1,-1,-1
76,7367,460.70435,392.84747,44.585052,74.4234,0.8696914,-1,-1,-1
76,7368,674.4876,0.0,42.25049,58.556538,0.80103636,-1,-1,-1
76,7369,900.5195,295.52612,80.183044,57.26944,0.8533298,-1,-1,-1
76,7371,318.19974,70.57077,98.30655,186.9336,0.93714154,-1,-1,-1
76,7377,415.03815,206.82176,52.223206,77.7108,0.8791841,-1,-1,-1
76,7395,163.85783,376.58572,48.474197,81.74518,0.83641356,-1,-1,-1
76,7400,565.8186,48.130478,40.835144,72.91962,0.8462382,-1,-1,-1
76,7410,14.479279,44.55513,59.84761,55.065697,0.8519486,-1,-1,-1
76,7397,986.0355,164.7513,25.025635,25.700943,0.47595355,-1,-1,-1
77,7360,488.25543,245.75833,37.77362,71.83209,0.8583468,-1,-1,-1
77,7362,110.443375,92.15103,83.039276,52.177383,0.8602454,-1,-1,-1
77,7363,520.90765,156.53923,39.55609,85.286026,0.8562385,-1,-1,-1
77,7364,321.95624,450.05148,49.035522,70.32077,0.8588363,-1,-1,-1
77,7366,123.35817,45.720936,87.01489,56.26962,0.84037715,-1,-1,-1
77,7367,460.23328,391.79364,44.739594,74.27774,0.87071425,-1,-1,-1
77,7368,678.89923,0.0,40.78528,54.180363,0.75528574,-1,-1,-1
77,7369,899.09973,297.192,79.89465,57.34503,0.84272707,-1,-1,-1
77,7371,317.58447,72.68353,99.78186,188.54956,0.9376321,-1,-1,-1
77,7377,413.4565,210.44356,52.640045,78.024796,0.8813082,-1,-1,-1
77,7395,164.39183,374.714,48.334137,82.17865,0.83523697,-1,-1,-1
77,7400,566.4501,50.31586,40.64325,72.86745,0.84383875,-1,-1,-1
77,7410,15.386983,43.5283,62.149235,55.246853,0.8685108,-1,-1,-1
77,7397,984.76935,166.94664,25.393066,25.869171,0.43263707,-1,-1,-1
77,7426,973.6486,0.11970323,50.35138,55.59868,0.30927342,-1,-1,-1
78,7360,488.0451,245.13919,37.93335,72.125336,0.85983807,-1,-1,-1
78,7362,111.638916,90.79579,83.31616,52.806778,0.8703597,-1,-1,-1
78,7363,521.16785,156.97183,39.58307,85.024994,0.8565093,-1,-1,-1
78,7364,319.53763,453.23123,48.9617,70.007965,0.8538159,-1,-1,-1
78,7366,126.28559,45.061016,85.55105,55.689762,0.85294473,-1,-1,-1
78,7367,459.97995,390.7286,44.83905,73.82727,0.8804779,-1,-1,-1
78,7368,682.37524,0.0,39.000977,49.760574,0.7417261,-1,-1,-1
78,7369,898.03827,298.6139,79.350586,57.181427,0.8624783,-1,-1,-1
78,7371,317.66815,74.58806,100.65393,189.30235,0.92985195,-1,-1,-1
78,7377,411.98972,215.4963,52.18759,76.87128,0.8901203,-1,-1,-1
78,7395,164.91382,373.26373,47.90457,82.00528,0.8297438,-1,-1,-1
78,7400,567.31396,51.894287,40.641113,73.31159,0.83979833,-1,-1,-1
78,7410,16.77649,42.002823,64.48603,55.800888,0.86980045,-1,-1,-1
78,7427,519.1027,0.18585435,53.00348,38.900787,0.68933177,-1,-1,-1
79,7360,488.24,245.29637,37.82495,71.83748,0.8615781,-1,-1,-1
79,7362,113.37304,89.31113,83.6959,53.58493,0.87346184,-1,-1,-1
79,7363,521.39075,157.36134,39.554565,84.70332,0.85565716,-1,-1,-1
79,7364,317.28036,456.33566,49.305145,70.099945,0.8562491,-1,-1,-1
79,7366,128.54759,44.427902,84.782135,55.58409,0.8485415,-1,-1,-1
79,7367,459.16287,389.56244,45.224365,74.1073,0.8657926,-1,-1,-1
79,7368,686.0114,0.0,37.255066,45.303654,0.680718,-1,-1,-1
79,7369,896.8365,299.56793,79.11151,57.31076,0.86176556,-1,-1,-1
79,7371,315.99362,79.49991,100.27295,186.26447,0.9338833,-1,-1,-1
79,7377,410.2906,219.3729,52.5885,76.99768,0.8886703,-1,-1,-1
79,7395,166.29579,371.9053,46.788666,80.48892,0.8226646,-1,-1,-1
79,7400,567.5748,54.009434,40.37091,73.0123,0.8421188,-1,-1,-1
79,7410,18.48426,40.640514,65.99119,55.479412,0.86663085,-1,-1,-1
79,7427,515.9953,0.04841991,58.36255,43.034878,0.6916316,-1,-1,-1
79,7397,982.5899,170.14435,26.33142,26.809662,0.33295283,-1,-1,-1
79,7426,972.2344,0.37230802,51.765625,59.56006,0.58959824,-1,-1,-1
80,7360,488.2656,245.19215,37.756134,71.59129,0.8651474,-1,-1,-1
80,7362,115.6992,88.48812,82.86873,53.517204,0.85972035,-1,-1,-1
80,7363,521.5085,157.77945,39.519653,84.33942,0.85674524,-1,-1,-1
80,7364,314.56665,459.45688,50.021637,70.74411,0.860796,-1,-1,-1
80,7366,131.34526,44.288097,82.95911,54.692448,0.85273963,-1,-1,-1
80,7367,458.71127,388.62515,45.152405,73.556915,0.8691805,-1,-1,-1
80,7368,690.33606,0.0,35.01715,40.378876,0.66240716,-1,-1,-1
80,7369,895.6082,301.13562,78.427734,57.085876,0.85612446,-1,-1,-1
80,7371,314.72134,82.89464,100.72778,185.03633,0.9387279,-1,-1,-1
80,7377,408.9233,223.16846,52.54306,76.52411,0.88637584,-1,-1,-1
80,7395,166.4085,369.77832,46.75856,81.15381,0.83863294,-1,-1,-1
80,7400,567.89154,56.300606,39.981567,72.380775,0.8537004,-1,-1,-1
80,7410,20.086891,39.488777,67.39433,55.288177,0.87172,-1,-1,-1
80,7427,512.2235,0.0,64.40265,47.841652,0.73103565,-1,-1,-1
80,7397,981.6853,172.8756,25.715576,26.064743,0.25173447,-1,-1,-1
80,7426,971.8917,0.42524067,52.108276,61.782898,0.6404626,-1,-1,-1
81,7360,488.46222,245.14337,37.520325,71.005066,0.8660104,-1,-1,-1
81,7362,117.83893,88.1015,81.15872,52.666367,0.8453676,-1,-1,-1
81,7363,521.6914,158.2107,39.46405,83.9317,0.8576307,-1,-1,-1
81,7364,311.83032,462.47263,50.314728,70.91397,0.85284406,-1,-1,-1
81,7366,133.05061,43.26528,82.919464,55.008507,0.8624258,-1,-1,-1
81,7367,458.43256,387.62515,44.97516,72.82538,0.87058455,-1,-1,-1
81,7368,693.487,0.0,33.02655,36.24386,0.4796198,-1,-1,-1
81,7369,894.0693,302.1838,77.92029,56.80716,0.84550905,-1,-1,-1
81,7371,314.23965,85.414566,101.75415,185.22289,0.93954307,-1,-1,-1
81,7377,407.54727,227.20856,52.567963,76.28934,0.8872041,-1,-1,-1
81,7395,168.1569,369.15378,45.376648,79.20178,0.8178602,-1,-1,-1
81,7400,568.2438,58.232647,39.89508,72.29013,0.8513729,-1,-1,-1
81,7410,21.350292,38.42224,68.8587,55.246918,0.85515136,-1,-1,-1
81,7427,508.7435,0.0,70.92551,53.24487,0.75209665,-1,-1,-1
81,7426,970.28766,0.429798,53.71234,64.47796,0.54418004,-1,-1,-1
82,7360,488.5456,245.1168,37.447876,70.71483,0.8659636,-1,-1,-1
82,7362,119.9264,87.282974,80.5702,52.634888,0.84663117,-1,-1,-1
82,7363,521.8557,158.49504,39.449158,83.57182,0.8584481,-1,-1,-1
82,7364,309.58932,465.90735,49.388,69.134766,0.8481409,-1,-1,-1
82,7366,135.10283,42.715412,82.504,55.121853,0.8657941,-1,-1,-1
82,7367,457.90567,386.08328,45.3266,72.9707,0.8886362,-1,-1,-1
82,7369,892.6806,303.4438,77.93689,57.128967,0.8595663,-1,-1,-1
82,7371,313.72266,87.397575,102.95236,186.18762,0.94334984,-1,-1,-1
82,7377,406.0052,231.07477,52.146637,75.35016,0.89210385,-1,-1,-1
82,7395,169.42244,367.80957,44.57306,78.53241,0.8197106,-1,-1,-1
82,7400,568.7036,60.00372,39.787292,72.165695,0.85880476,-1,-1,-1
82,7410,22.74164,37.32958,70.19183,55.320133,0.84928775,-1,-1,-1
82,7427,506.11273,0.0,75.74628,57.668915,0.7980228,-1,-1,-1
82,7426,969.30884,0.40786594,54.691162,67.37916,0.48114362,-1,-1,-1
83,7360,488.553,245.0346,37.400726,70.46561,0.8651369,-1,-1,-1
83,7362,122.34517,86.76526,79.77844,52.453476,0.8437635,-1,-1,-1
83,7363,521.7966,157.96527,39.7547,83.998184,0.8623277,-1,-1,-1
83,7364,307.4049,469.0978,48.65091,67.375824,0.8232011,-1,-1,-1
83,7366,136.25287,42.07601,82.9913,55.844337,0.8490235,-1,-1,-1
83,7367,457.48093,385.29395,45.394043,72.808136,0.868057,-1,-1,-1
83,7369,891.58417,304.43137,77.71472,57.205627,0.87397647,-1,-1,-1
83,7371,311.48993,91.410416,103.298004,184.72856,0.93933403,-1,-1,-1
83,7377,403.9347,234.81848,52.572723,75.63489,0.87996835,-1,-1,-1
83,7395,170.50945,366.5426,43.982285,78.28848,0.8305901,-1,-1,-1
83,7400,569.3754,61.672066,39.799316,72.17217,0.8614699,-1,-1,-1
83,7410,24.11888,36.15239,71.739555,55.717712,0.8348289,-1,-1,-1
83,7427,502.4519,0.0,80.27106,62.25548,0.8441156,-1,-1,-1
83,7426,968.427,0.65816325,55.572998,69.748055,0.4181042,-1,-1,-1
83,7397,978.44183,177.69283,26.159363,26.427856,0.44554368,-1,-1,-1
84,7360,488.60928,244.92459,37.387115,70.20972,0.8647254,-1,-1,-1
84,7362,124.55334,85.90346,78.84374,52.092194,0.8486455,-1,-1,-1
84,7363,521.7205,157.9185,39.729614,83.73938,0.85992473,-1,-1,-1
84,7364,306.00092,472.29343,47.421844,64.90219,0.82457894,-1,-1,-1
84,7366,138.30995,41.31503,82.334305,55.712734,0.8504239,-1,-1,-1
84,7367,457.28647,384.28497,45.530823,72.7457,0.87717646,-1,-1,-1
84,7369,890.6575,305.55048,77.372925,57.099457,0.8732935,-1,-1,-1
84,7371,310.9829,94.71365,103.43002,183.04684,0.94617665,-1,-1,-1
84,7377,402.16757,238.92914,52.57373,75.08121,0.9096797,-1,-1,-1
84,7395,171.46498,365.2487,43.625885,78.33627,0.83656627,-1,-1,-1
84,7400,569.3658,63.09424,40.22754,72.998825,0.86025065,-1,-1,-1
84,7410,26.095913,35.129345,73.14836,56.179028,0.8348515,-1,-1,-1
84,7427,498.7386,0.0,85.35657,67.8136,0.88037276,-1,-1,-1
84,7426,969.0498,3.341433,54.950195,68.87331,0.4586141,-1,-1,-1
84,7397,977.41565,179.89583,25.887146,25.873322,0.359873,-1,-1,-1
85,7360,488.75748,244.93834,37.241486,69.68092,0.8659064,-1,-1,-1
85,7362,125.87313,85.15125,79.14472,52.650642,0.85220456,-1,-1,-1
85,7363,521.76605,158.11911,39.669067,83.42552,0.858462,-1,-1,-1
85,7364,304.71484,475.28384,46.408752,62.383636,0.8227951,-1,-1,-1
85,7366,140.67935,41.20417,80.97568,55.074547,0.85029584,-1,-1,-1
85,7367,457.33215,383.0365,45.573822,72.44058,0.8798938,-1,-1,-1
85,7369,889.6693,306.50146,76.71832,56.752594,0.85897,-1,-1,-1
85,7371,310.4105,97.55336,103.696686,181.83885,0.9483604,-1,-1,-1
85,7377,400.44077,242.67856,53.00775,75.19348,0.8788902,-1,-1,-1
85,7395,172.16434,363.78403,43.165833,78.0809,0.84541863,-1,-1,-1
85,7400,569.64124,65.21861,39.78357,72.21776,0.84896964,-1,-1,-1
85,7410,28.344534,34.43955,73.34246,55.67795,0.84595215,-1,-1,-1
85,7427,496.68533,1.1552655,87.30173,71.180885,0.87003094,-1,-1,-1
85,7426,969.71655,5.624455,54.283447,68.22746,0.71281916,-1,-1,-1
85,7397,976.97614,181.30583,25.156616,24.974854,0.2572722,-1,-1,-1
86,7360,488.808,244.7939,37.190765,69.30925,0.86275595,-1,-1,-1
86,7362,127.43669,84.26633,79.11261,53.064102,0.85231763,-1,-1,-1
86,7363,522.1154,158.65501,39.685974,83.28558,0.85696125,-1,-1,-1
86,7364,303.70602,478.30075,45.354034,59.838593,0.7937454,-1,-1,-1
86,7366,142.54944,40.61298,80.71146,55.22881,0.83958185,-1,-1,-1
86,7367,457.286,382.13806,45.5224,72.0784,0.8821791,-1,-1,-1
86,7369,888.45764,307.44034,76.37494,56.70746,0.85882294,-1,-1,-1
86,7371,309.60986,99.690636,104.91058,182.67203,0.94412667,-1,-1,-1
86,7377,398.31406,246.13002,53.644104,75.689926,0.8762449,-1,-1,-1
86,7395,172.82562,362.06305,43.14299,78.48691,0.8282635,-1,-1,-1
86,7400,570.0205,67.0938,39.540833,71.777245,0.85939485,-1,-1,-1
86,7410,30.05139,33.628807,73.57473,55.297005,0.8596927,-1,-1,-1
86,7427,495.64365,3.8085659,87.40585,73.13444,0.87340003,-1,-1,-1
86,7426,970.4219,7.5921493,53.578125,67.567566,0.76480633,-1,-1,-1
86,7397,975.4199,182.68552,25.751282,25.636047,0.30066916,-1,-1,-1
86,7433,406.8782,501.68652,45.352325,35.902283,0.35220093,-1,-1,-1
87,7360,488.80463,244.59438,37.218445,69.11519,0.86062074,-1,-1,-1
87,7362,129.3839,83.77195,78.26721,52.79435,0.86784494,-1,-1,-1
87,7363,522.64594,159.52884,39.39386,82.42076,0.8564649,-1,-1,-1
87,7364,302.6924,481.4693,44.21231,57.165344,0.72425497,-1,-1,-1
87,7366,144.61961,40.23092,79.83382,54.979233,0.84519935,-1,-1,-1
87,7367,457.14755,381.28754,45.48181,71.76749,0.8792383,-1,-1,-1
87,7369,887.5824,308.4311,75.549255,56.151062,0.84445286,-1,-1,-1
87,7371,309.01425,102.81652,105.431305,182.42715,0.9366646,-1,-1,-1
87,7377,396.65997,250.32643,53.466858,75.01964,0.89862955,-1,-1,-1
87,7395,173.65645,360.88394,42.83142,78.32016,0.8110383,-1,-1,-1
87,7400,570.4082,68.61068,39.291687,71.29917,0.8592802,-1,-1,-1
87,7410,32.292797,33.514248,73.17474,54.461765,0.85778904,-1,-1,-1
87,7427,495.72662,8.308381,85.257324,73.18655,0.8795253,-1,-1,-1
87,7426,971.9195,9.956472,52.080505,66.201416,0.73503363,-1,-1,-1
87,7397,974.4721,183.9158,25.828857,25.808838,0.33226565,-1,-1,-1
87,7433,405.602,500.38034,46.938873,37.194977,0.4252001,-1,-1,-1
88,7360,488.8421,244.46361,37.243042,68.90071,0.8605885,-1,-1,-1
88,7362,131.55746,83.68659,77.148346,52.24926,0.85095096,-1,-1,-1
88,7363,522.9665,160.09706,39.26819,81.82808,0.85818505,-1,-1,-1
88,7364,301.6884,484.53522,42.89392,54.154358,0.6820342,-1,-1,-1
88,7366,146.36147,39.559288,79.78665,55.29432,0.8479731,-1,-1,-1
88,7367,457.09567,380.1913,45.59149,71.85486,0.8757574,-1,-1,-1
88,7369,885.9668,309.09888,75.43579,56.164764,0.8474264,-1,-1,-1
88,7371,307.5236,107.10765,105.697754,181.2765,0.94996274,-1,-1,-1
88,7377,394.79214,254.25864,53.457184,74.85031,0.87400806,-1,-1,-1
88,7395,174.50703,359.38934,42.667267,78.37326,0.8347086,-1,-1,-1
88,7400,570.58484,70.262024,39.12726,70.91727,0.8627968,-1,-1,-1
88,7410,34.167625,32.87912,74.146225,54.846725,0.8521985,-1,-1,-1
88,7427,495.38086,13.414528,82.47229,72.75148,0.8835452,-1,-1,-1
88,7426,971.74927,11.862113,52.250732,65.956696,0.7740047,-1,-1,-1
88,7433,404.06628,498.47565,49.35376,39.220093,0.50659096,-1,-1,-1
89,7360,488.8816,244.31189,37.2901,68.73764,0.8598887,-1,-1,-1
89,7362,133.62073,83.360344,76.26732,51.891884,0.8553676,-1,-1,-1
89,7363,522.9106,159.61757,39.41632,81.85417,0.8571132,-1,-1,-1
89,7364,300.59583,487.25928,41.46994,51.029175,0.6774617,-1,-1,-1
89,7366,148.3885,39.5934,78.88655,54.95231,0.8610573,-1,-1,-1
89,7367,457.05887,379.07516,45.47278,71.52295,0.8786423,-1,-1,-1
89,7369,884.36035,309.68805,75.26013,56.291138,0.84935266,-1,-1,-1
89,7371,306.7089,110.32792,106.0058,180.33975,0.9490245,-1,-1,-1
89,7377,393.19672,258.3408,53.187653,74.17944,0.8843543,-1,-1,-1
89,7395,174.94176,357.01572,42.940918,79.477234,0.8335998,-1,-1,-1
89,7400,571.1184,71.9945,38.91809,70.65685,0.8622824,-1,-1,-1
89,7410,35.54264,32.05664,75.07882,55.322876,0.8643874,-1,-1,-1
89,7427,494.3386,17.49399,81.11868,73.53803,0.8824582,-1,-1,-1
89,7426,971.2602,13.9081335,52.739807,66.18486,0.76746696,-1,-1,-1
89,7433,402.51288,496.50748,51.61505,41.236664,0.56692,-1,-1,-1
90,7360,488.77612,244.14429,37.3927,68.74585,0.85674536,-1,-1,-1
90,7362,135.45692,82.804665,75.62558,51.74427,0.86214113,-1,-1,-1
90,7363,522.8218,159.50557,39.514954,81.791534,0.85838896,-1,-1,-1
90,7364,299.50473,490.1967,39.946472,47.83896,0.5975125,-1,-1,-1
90,7366,150.11479,39.361816,78.51573,54.962173,0.85766983,-1,-1,-1
90,7367,457.0674,378.05328,45.35501,71.19171,0.87814176,-1,-1,-1
90,7369,883.1527,310.65555,74.50049,55.92108,0.844901,-1,-1,-1
90,7371,306.3227,113.30508,106.285675,179.5213,0.934046,-1,-1,-1
90,7377,390.99854,261.94376,53.516937,74.37869,0.8765868,-1,-1,-1
90,7395,176.50859,356.03564,42.10579,78.31329,0.82809794,-1,-1,-1
90,7400,571.1086,73.441635,38.924744,70.67815,0.861455,-1,-1,-1
90,7410,37.015514,31.303366,75.96393,55.95317,0.855161,-1,-1,-1
90,7427,494.1707,22.291945,78.713715,73.19618,0.8900169,-1,-1,-1
90,7426,971.4547,15.916264,52.545288,65.66095,0.7224995,-1,-1,-1
90,7433,401.43243,495.52826,52.70282,42.35669,0.5959719,-1,-1,-1
91,7360,488.7077,244.05739,37.560608,68.78664,0.85743374,-1,-1,-1
91,7362,137.28935,82.37199,74.87511,51.458992,0.8552301,-1,-1,-1
91,7363,522.8004,159.50142,39.601624,81.75308,0.86024165,-1,-1,-1
91,7364,298.71262,493.06982,38.318573,44.56378,0.49454623,-1,-1,-1
91,7366,150.80162,38.583675,79.21295,55.750256,0.8437661,-1,-1,-1
91,7367,457.0048,376.76236,45.26535,70.82858,0.87629616,-1,-1,-1
91,7369,882.1403,311.51428,73.818115,55.63867,0.8595054,-1,-1,-1
91,7371,304.0416,118.861984,105.85892,177.62535,0.9411677,-1,-1,-1
91,7377,388.84558,265.46564,53.517242,74.10538,0.87446207,-1,-1,-1
91,7395,177.79877,355.06912,41.61052,77.73901,0.82528687,-1,-1,-1
91,7400,571.3285,74.96902,38.720642,70.28242,0.861763,-1,-1,-1
91,7410,38.743,30.901014,76.23198,56.034187,0.8660595,-1,-1,-1
91,7427,493.90588,27.38958,76.03882,72.49287,0.9202254,-1,-1,-1
91,7426,970.83746,17.033031,53.162537,66.110565,0.60754514,-1,-1,-1
91,7433,400.75043,494.50345,53.68582,43.502167,0.6254591,-1,-1,-1
92,7360,488.9448,244.16435,37.503693,68.533585,0.85606235,-1,-1,-1
92,7362,138.76656,81.93465,74.62486,51.462646,0.85278076,-1,-1,-1
92,7363,522.7874,159.42462,39.723267,81.83241,0.86114806,-1,-1,-1
92,7364,297.66464,496.12738,37.028656,41.69696,0.49198553,-1,-1,-1
92,7366,152.48128,38.39595,78.893326,55.84282,0.85253537,-1,-1,-1
92,7367,456.8658,375.84366,45.285767,70.61856,0.8782521,-1,-1,-1
92,7369,881.34015,312.36224,73.16626,55.29245,0.8663821,-1,-1,-1
92,7371,302.66193,122.71261,106.41312,177.78229,0.949744,-1,-1,-1
92,7377,386.7776,269.03897,53.98407,74.56351,0.8715533,-1,-1,-1
92,7395,179.24516,354.32733,41.329575,77.45447,0.8437642,-1,-1,-1
92,7400,571.3922,76.41513,38.678772,70.09206,0.8658051,-1,-1,-1
92,7410,40.669262,30.88628,76.05107,55.748684,0.8631614,-1,-1,-1
92,7427,492.65677,32.42107,73.98282,72.30379,0.8892528,-1,-1,-1
92,7426,970.9348,18.784739,53.04004,65.77223,0.7757372,-1,-1,-1
92,7433,399.9876,493.56152,54.714844,44.74951,0.6926428,-1,-1,-1
93,7360,489.10046,244.04128,37.56543,68.50246,0.857015,-1,-1,-1
93,7362,140.14801,81.51535,74.83908,51.817154,0.8493415,-1,-1,-1
93,7363,522.90686,159.45917,39.84442,81.88547,0.8605417,-1,-1,-1
93,7364,297.04028,499.49524,34.945526,38.022034,0.38944402,-1,-1,-1
93,7366,154.55208,38.406418,78.014755,55.50067,0.8583036,-1,-1,-1
93,7367,456.7988,374.8355,45.43625,70.55469,0.876685,-1,-1,-1
93,7369,880.393,312.8268,73.05493,55.330475,0.86429846,-1,-1,-1
93,7371,302.16827,125.42422,106.65378,177.58176,0.9560166,-1,-1,-1
93,7377,384.3439,273.1067,54.57831,75.27118,0.8744884,-1,-1,-1
93,7395,179.86412,353.00763,41.28987,77.65872,0.8416011,-1,-1,-1
93,7400,571.12146,77.63138,38.99005,70.69182,0.86191636,-1,-1,-1
93,7410,42.54681,30.827032,75.51308,55.18052,0.87233925,-1,-1,-1
93,7427,491.90372,36.623535,72.6503,72.74851,0.89596105,-1,-1,-1
93,7426,970.4121,20.21772,52.40674,65.63522,0.761441,-1,-1,-1
93,7433,399.42178,492.67996,55.509674,45.867096,0.7173351,-1,-1,-1
94,7360,489.16406,243.9707,37.665222,68.524994,0.8599376,-1,-1,-1
94,7362,141.75548,80.5772,75.3383,52.46676,0.8991135,-1,-1,-1
94,7363,523.00385,159.48729,39.902954,81.86336,0.8596184,-1,-1,-1
94,7366,156.44191,38.574753,77.28494,55.05832,0.8647644,-1,-1,-1
94,7367,456.90195,373.84213,45.561707,70.48956,0.8804398,-1,-1,-1
94,7369,879.39124,313.363,72.35278,54.89499,0.85498095,-1,-1,-1
94,7371,302.17444,128.30907,106.915375,177.50014,0.9509727,-1,-1,-1
94,7377,382.9957,277.166,54.307312,74.58426,0.88560385,-1,-1,-1
94,7395,180.20532,351.51974,41.10544,77.6889,0.8352511,-1,-1,-1
94,7400,571.1665,78.83951,39.096313,70.91844,0.86090046,-1,-1,-1
94,7410,44.509865,30.544601,75.45286,55.047623,0.86188895,-1,-1,-1
94,7427,491.61032,41.88529,69.98483,71.61534,0.89931375,-1,-1,-1
94,7426,969.45996,21.26023,52.10089,65.78262,0.7392105,-1,-1,-1
94,7433,398.64127,491.10944,56.73587,47.44684,0.75060093,-1,-1,-1
95,7360,489.18945,243.91112,37.705017,68.42998,0.85976475,-1,-1,-1
95,7362,143.16278,80.02668,75.60614,53.025154,0.877153,-1,-1,-1
95,7363,523.055,159.59224,39.938904,81.78586,0.8592344,-1,-1,-1
95,7366,158.44322,38.724785,76.75522,54.931442,0.8475039,-1,-1,-1
95,7367,456.83087,372.96405,45.332275,69.91327,0.8816175,-1,-1,-1
95,7369,877.95154,313.37506,72.62274,55.158417,0.85328585,-1,-1,-1
95,7371,301.76517,131.66678,107.43799,178.32242,0.9489949,-1,-1,-1
95,7377,381.5337,280.75687,54.257965,74.27634,0.8747023,-1,-1,-1
95,7395,181.04356,350.82642,40.597885,77.158264,0.82956094,-1,-1,-1
95,7400,571.3836,80.298195,38.92169,70.63703,0.85333097,-1,-1,-1
95,7410,46.694473,30.319656,75.31765,54.874657,0.8647752,-1,-1,-1
95,7427,491.03186,46.78686,68.65662,71.57863,0.9109789,-1,-1,-1
95,7426,969.06085,23.153269,51.300537,65.21459,0.54916936,-1,-1,-1
95,7433,397.98764,489.73047,57.585358,48.77948,0.7743537,-1,-1,-1
96,7360,489.02942,243.58345,37.89038,68.63338,0.8625094,-1,-1,-1
96,7362,144.53473,80.11174,74.753006,52.696777,0.8578978,-1,-1,-1
96,7363,523.15967,159.66765,39.914917,81.68916,0.8586364,-1,-1,-1
96,7366,159.91904,38.736145,76.21121,54.71219,0.8519368,-1,-1,-1
96,7367,456.82785,372.3377,45.3873,69.667175,0.8758389,-1,-1,-1
96,7369,876.4947,313.7118,72.477905,55.10257,0.8636811,-1,-1,-1
96,7371,299.06097,135.24844,107.84186,178.5357,0.95746344,-1,-1,-1
96,7377,380.16336,284.5983,53.520172,73.045685,0.88000315,-1,-1,-1
96,7395,182.41289,350.32172,40.1149,76.65372,0.8132341,-1,-1,-1
96,7400,571.4672,81.307335,38.844177,70.5351,0.85459346,-1,-1,-1
96,7410,48.21585,30.085382,74.97858,54.613396,0.8660761,-1,-1,-1
96,7427,489.85587,51.16224,67.49899,71.70368,0.89003175,-1,-1,-1
96,7426,968.6576,24.734154,50.077087,64.114204,0.72692454,-1,-1,-1
96,7433,397.43423,488.12967,58.915924,50.748016,0.77824605,-1,-1,-1
97,7360,488.99536,243.29419,38.005432,68.65454,0.8650349,-1,-1,-1
97,7362,145.91019,80.46008,73.61009,52.073715,0.8722548,-1,-1,-1
97,7363,523.1336,159.81387,39.89679,81.58769,0.85875434,-1,-1,-1
97,7366,161.38974,38.83485,75.62265,54.43767,0.85628,-1,-1,-1
97,7367,456.86298,371.50955,45.588196,69.56827,0.8766879,-1,-1,-1
97,7369,874.8432,314.04767,72.33728,55.084442,0.85880053,-1,-1,-1
97,7371,298.16455,137.79451,107.62479,177.6415,0.95125586,-1,-1,-1
97,7377,378.33838,288.32635,53.85675,73.40027,0.8832891,-1,-1,-1
97,7395,183.96394,350.46463,39.09482,75.2511,0.8065604,-1,-1,-1
97,7400,571.4959,82.8633,38.40509,69.82147,0.8628185,-1,-1,-1
97,7410,49.65267,30.094997,74.609314,54.31184,0.8650491,-1,-1,-1
97,7427,488.30338,55.924015,65.89371,71.16011,0.88910615,-1,-1,-1
97,7426,967.9487,25.73223,49.898132,64.185616,0.64331156,-1,-1,-1
97,7433,397.08096,486.9891,59.238586,51.804657,0.7934025,-1,-1,-1
98,7360,489.05435,243.20612,38.00595,68.4144,0.8686519,-1,-1,-1
98,7362,148.0852,80.59184,73.0018,51.828262,0.8733305,-1,-1,-1
98,7363,523.1759,159.99876,39.894714,81.46922,0.8595661,-1,-1,-1
98,7366,162.85475,39.012646,75.1201,54.26788,0.86020136,-1,-1,-1
98,7367,456.774,370.57117,45.97751,69.800964,0.87786305,-1,-1,-1
98,7369,873.3815,314.3386,71.902405,54.86154,0.8566545,-1,-1,-1
98,7371,297.50818,140.56476,107.30542,176.48456,0.9464732,-1,-1,-1
98,7377,376.72455,292.3289,53.86078,73.099945,0.87648946,-1,-1,-1
98,7395,185.32121,349.97617,38.271896,74.31766,0.8088021,-1,-1,-1
98,7400,571.55597,84.27602,38.24353,69.62866,0.8610613,-1,-1,-1
98,7410,51.496273,30.174124,74.67935,54.365257,0.87050396,-1,-1,-1
98,7427,487.67615,60.97937,64.629456,70.75696,0.8900455,-1,-1,-1
98,7426,966.2148,26.677677,50.606506,65.359055,0.6492946,-1,-1,-1
98,7433,396.64008,485.79745,60.033997,53.414337,0.8038964,-1,-1,-1
99,7360,488.9785,242.99883,38.21756,68.61043,0.867169,-1,-1,-1
99,7362,149.79747,80.95859,72.12715,51.407013,0.85566515,-1,-1,-1
99,7363,523.18933,159.94058,40.02948,81.55449,0.8612133,-1,-1,-1
99,7366,164.38832,39.234722,74.78691,54.171574,0.86467266,-1,-1,-1
99,7367,456.6971,369.52048,46.53952,70.247955,0.88183457,-1,-1,-1
99,7369,872.05505,314.39557,71.83832,54.809784,0.8529158,-1,-1,-1
99,7371,297.54587,144.54877,106.30536,174.40228,0.9395391,-1,-1,-1
99,7377,374.57028,295.76254,54.244354,73.517426,0.87919486,-1,-1,-1
99,7395,186.7207,349.13235,37.824127,73.88336,0.82663447,-1,-1,-1
99,7400,571.4627,85.71597,38.029297,69.46182,0.86543226,-1,-1,-1
99,7410,53.233353,30.063406,74.74491,54.3143,0.8624885,-1,-1,-1
99,7427,486.28046,65.37563,63.79651,70.91415,0.8865798,-1,-1,-1
99,7426,964.0192,27.68514,51.195435,66.15143,0.6293703,-1,-1,-1
99,7433,396.2516,484.40118,60.460693,54.696472,0.8047466,-1,-1,-1
100,7360,489.00317,242.8212,38.355957,68.65585,0.87080055,-1,-1,-1
100,7362,151.23346,81.15258,71.365845,51.057808,0.851765,-1,-1,-1
100,7363,523.26587,160.24547,40.03009,81.305786,0.86044526,-1,-1,-1
100,7366,165.7765,39.42382,74.421234,54.03459,0.85465586,-1,-1,-1
100,7367,456.65753,368.77814,46.77588,70.24939,0.88471824,-1,-1,-1
100,7369,870.8683,314.80554,71.40509,54.568024,0.85460347,-1,-1,-1
100,7371,295.35248,148.99414,107.1243,174.85675,0.9171039,-1,-1,-1
100,7377,372.8363,299.5467,54.486298,73.652435,0.8818802,-1,-1,-1
100,7395,188.47328,348.6724,37.09091,72.647125,0.8267681,-1,-1,-1
100,7400,571.43494,87.158585,37.98474,69.52605,0.8667798,-1,-1,-1
100,7410,55.214962,30.256687,74.29137,53.903263,0.86685205,-1,-1,-1
100,7427,484.87552,69.869026,62.456207,70.404045,0.88450974,-1,-1,-1
100,7426,962.5475,28.685843,51.57196,66.69433,0.5355857,-1,-1,-1
100,7433,395.71393,482.94376,60.957764,56.037567,0.8117406,-1,-1,-1
101,7360,489.02322,242.73875,38.393524,68.53114,0.8729294,-1,-1,-1
101,7362,152.2535,81.10463,70.99739,50.960327,0.8516474,-1,-1,-1
101,7363,523.3387,160.8521,40.08081,81.09999,0.8636793,-1,-1,-1
101,7366,166.73338,39.50022,74.23921,54.137154,0.8417527,-1,-1,-1
101,7367,456.715,368.18018,46.71823,69.83621,0.8811522,-1,-1,-1
101,7369,869.7924,314.93347,71.199036,54.528778,0.8588555,-1,-1,-1
101,7371,294.0723,152.11336,107.67435,174.95717,0.9223089,-1,-1,-1
101,7377,371.2441,303.55734,54.048462,72.854004,0.8880467,-1,-1,-1
101,7395,189.18488,347.78934,36.88295,72.54709,0.8238094,-1,-1,-1
101,7400,571.37726,88.36769,37.871582,69.40686,0.8647249,-1,-1,-1
101,7410,57.428104,30.306173,73.3824,53.129585,0.85344726,-1,-1,-1
101,7427,483.9176,74.734116,61.27411,69.8844,0.8851611,-1,-1,-1
101,7426,961.64935,30.992844,50.71997,65.57445,0.6324296,-1,-1,-1
101,7433,395.703,481.46338,61.49948,57.533203,0.81497204,-1,-1,-1
102,7360,489.0403,242.71825,38.374847,68.35213,0.8729265,-1,-1,-1
102,7362,153.31427,81.01525,70.93414,51.013878,0.8499671,-1,-1,-1
102,7363,523.2854,161.29204,40.013367,80.52919,0.8634457,-1,-1,-1
102,7366,167.80185,39.256454,74.565384,54.594437,0.8417118,-1,-1,-1
102,7367,456.6743,367.58997,46.498993,69.21912,0.879228,-1,-1,-1
102,7369,868.807,315.25977,70.73749,54.275757,0.8587577,-1,-1,-1
102,7371,293.75894,155.79025,107.25638,173.45209,0.91189957,-1,-1,-1
102,7377,369.439,307.2801,54.228943,73.01877,0.8726872,-1,-1,-1
102,7395,189.86671,346.74838,36.97026,73.01294,0.8246229,-1,-1,-1
102,7400,571.38495,89.49217,37.77722,69.21878,0.86857647,-1,-1,-1
102,7410,58.788334,30.306356,73.85715,53.50245,0.85924625,-1,-1,-1
102,7427,482.16956,79.51887,60.292908,69.51725,0.89444923,-1,-1,-1
102,7426,960.818,31.666565,50.70984,65.60096,0.756298,-1,-1,-1
102,7433,395.4613,480.94388,61.25705,58.18875,0.81347334,-1,-1,-1
103,7360,489.17313,242.85945,38.23294,67.957016,0.87502235,-1,-1,-1
103,7362,154.90782,80.893364,70.99664,51.24111,0.8638012,-1,-1,-1
103,7363,523.2809,161.93915,39.934875,79.856186,0.8640273,-1,-1,-1
103,7366,168.97137,39.307842,74.291626,54.718594,0.8549017,-1,-1,-1
103,7367,456.69788,366.84158,46.35907,68.75281,0.88168705,-1,-1,-1
103,7369,867.65125,315.4013,70.462036,54.13623,0.8530509,-1,-1,-1
103,7371,294.1729,160.32045,106.10208,170.71504,0.8648428,-1,-1,-1
103,7377,367.47394,310.8426,54.351105,73.20355,0.8824099,-1,-1,-1
103,7395,190.76158,345.57202,36.92328,73.22699,0.8241127,-1,-1,-1
103,7400,571.3418,90.76991,37.645996,68.96617,0.86610025,-1,-1,-1
103,7410,60.288795,29.732914,74.57087,54.111378,0.8644725,-1,-1,-1
103,7427,480.7252,84.11969,59.439972,69.25247,0.8855817,-1,-1,-1
103,7426,960.2255,33.007965,50.22351,65.090355,0.72656053,-1,-1,-1
103,7433,394.90668,479.70532,61.653107,59.537476,0.8170553,-1,-1,-1
104,7360,489.19763,242.8633,38.18329,67.737595,0.8753673,-1,-1,-1
104,7362,156.56136,80.908295,70.876175,51.379837,0.8620611,-1,-1,-1
104,7363,523.29193,162.64511,39.869995,79.12196,0.8660038,-1,-1,-1
104,7366,170.47137,39.869072,73.30745,54.196457,0.87572604,-1,-1,-1
104,7367,456.81183,365.9762,46.319763,68.42709,0.87580377,-1,-1,-1
104,7369,866.64307,315.58408,70.15271,53.96582,0.85667634,-1,-1,-1
104,7371,291.809,165.37654,105.95825,169.39043,0.8778398,-1,-1,-1
104,7377,365.73016,314.93466,54.08185,72.83304,0.8823319,-1,-1,-1
104,7395,191.64938,344.54828,36.881714,73.46567,0.82223535,-1,-1,-1
104,7400,571.06165,92.08906,37.75171,69.25909,0.85926265,-1,-1,-1
104,7410,61.978485,30.086067,74.00592,53.74301,0.8644235,-1,-1,-1
104,7427,479.3914,88.880135,58.52762,68.8343,0.8924214,-1,-1,-1
104,7426,959.6735,34.16787,49.604553,64.61727,0.61922175,-1,-1,-1
104,7433,394.718,478.42807,61.997833,60.852264,0.8258314,-1,-1,-1
105,7360,489.0871,242.81511,38.208923,67.666794,0.8751618,-1,-1,-1
105,7362,157.76953,81.29926,70.1613,50.88833,0.87517667,-1,-1,-1
105,7363,523.3497,163.64513,39.751343,78.21573,0.8707605,-1,-1,-1
105,7366,172.39659,40.26482,72.90689,54.081898,0.8556727,-1,-1,-1
105,7367,456.7588,365.0746,46.379242,68.18567,0.87598205,-1,-1,-1
105,7369,865.5504,315.65402,70.07251,53.898865,0.8510341,-1,-1,-1
105,7371,290.41882,168.76279,106.56125,169.65625,0.90567654,-1,-1,-1
105,7377,364.02713,318.8694,53.528046,71.93161,0.8771619,-1,-1,-1
105,7395,192.61272,344.022,36.685287,73.42206,0.8213049,-1,-1,-1
105,7400,570.8077,93.50152,37.71765,69.296776,0.85772353,-1,-1,-1
105,7410,63.39704,30.534344,73.661156,53.546047,0.8681905,-1,-1,-1
105,7427,477.43158,93.85762,57.83142,68.50937,0.89144284,-1,-1,-1
105,7426,958.1754,36.05635,48.9776,63.52099,0.38363388,-1,-1,-1
105,7433,394.95132,476.9924,62.02411,61.906464,0.8367766,-1,-1,-1
106,7360,489.00583,242.74576,38.18979,67.5,0.8748433,-1,-1,-1
106,7362,158.76447,81.309135,70.05118,50.857216,0.85793555,-1,-1,-1
106,7363,523.032,163.04543,40.469177,79.24635,0.8677267,-1,-1,-1
106,7366,173.89595,40.411697,72.550095,53.90029,0.8452066,-1,-1,-1
106,7367,456.7493,364.13025,46.64746,68.35275,0.88392407,-1,-1,-1
106,7369,864.2949,315.80707,69.85516,53.71689,0.8573651,-1,-1,-1
106,7371,290.0133,171.9385,106.5246,169.06091,0.8894575,-1,-1,-1
106,7377,361.9106,322.57108,53.54367,71.911896,0.8798096,-1,-1,-1
106,7395,194.31433,343.59528,36.29088,72.88129,0.8290572,-1,-1,-1
106,7400,570.54816,94.57681,37.637146,69.287,0.8624484,-1,-1,-1
106,7410,64.567986,30.899975,73.54798,53.511692,0.86698145,-1,-1,-1
106,7427,476.3125,98.798,56.803345,67.71696,0.89088947,-1,-1,-1
106,7426,957.00195,37.172108,48.646362,62.90489,0.3556842,-1,-1,-1
106,7433,395.08667,475.87024,62.20456,63.085754,0.8401964,-1,-1,-1
107,7360,488.85052,242.73375,38.296936,67.57033,0.87585044,-1,-1,-1
107,7362,160.20776,81.75415,69.44159,50.56047,0.85877943,-1,-1,-1
107,7363,522.8288,162.96785,40.757874,79.46924,0.8764618,-1,-1,-1
107,7366,174.97,40.422836,72.39519,53.86309,0.8434602,-1,-1,-1
107,7367,456.8193,363.33984,46.50183,67.979675,0.8789828,-1,-1,-1
107,7369,863.004,316.10342,69.29419,53.284424,0.86021674,-1,-1,-1
107,7371,289.94733,175.47058,105.7778,167.39053,0.8654373,-1,-1,-1
107,7377,360.10815,326.5474,53.272278,71.570526,0.887672,-1,-1,-1
107,7395,195.56812,343.03723,35.908005,72.27167,0.8224779,-1,-1,-1
107,7400,570.3169,95.83171,37.37494,68.93294,0.86684424,-1,-1,-1
107,7410,65.7915,31.172443,73.92776,53.847103,0.86647063,-1,-1,-1
107,7427,474.9008,102.855034,56.576874,68.04554,0.893564,-1,-1,-1
107,7426,956.6932,38.172546,48.159058,62.21414,0.62798244,-1,-1,-1
107,7433,395.2237,474.58682,62.187103,64.0878,0.84432375,-1,-1,-1
107,7434,498.61218,489.71838,44.39209,47.911987,0.67205095,-1,-1,-1
108,7360,488.77386,242.62895,38.38849,67.6035,0.8751073,-1,-1,-1
108,7362,161.29716,81.98167,69.027405,50.391045,0.8795349,-1,-1,-1
108,7363,522.6131,163.72255,40.519043,78.49049,0.8662237,-1,-1,-1
108,7366,176.11453,40.470764,72.069,53.697777,0.8518239,-1,-1,-1
108,7367,456.97415,362.69315,46.199585,67.38153,0.87403286,-1,-1,-1
108,7369,861.4371,315.9571,69.14679,53.10898,0.8543018,-1,-1,-1
108,7371,286.97372,177.89651,106.34747,167.65378,0.8752974,-1,-1,-1
108,7377,358.56116,330.669,52.77133,70.704254,0.8960128,-1,-1,-1
108,7395,196.97745,342.37512,35.66432,72.13568,0.82010794,-1,-1,-1
108,7400,570.1517,96.98215,37.083496,68.496765,0.8656558,-1,-1,-1
108,7410,67.24915,31.533533,73.60932,53.611565,0.8593641,-1,-1,-1
108,7427,473.50098,107.27755,56.11078,67.98756,0.9133704,-1,-1,-1
108,7426,955.9206,39.69437,47.23987,61.14291,0.4689105,-1,-1,-1
108,7433,395.2519,473.12637,62.174072,65.127106,0.84990066,-1,-1,-1
108,7434,497.00348,482.9457,49.982056,54.116974,0.83490205,-1,-1,-1
109,7360,488.70367,242.53215,38.33612,67.385025,0.875602,-1,-1,-1
109,7362,162.8715,81.81327,69.1418,50.58889,0.870464,-1,-1,-1
109,7363,522.45496,164.30225,40.40448,77.78656,0.8648899,-1,-1,-1
109,7366,176.9545,41.073734,71.28816,53.1339,0.8530395,-1,-1,-1
109,7367,456.96582,362.09567,45.927124,66.912476,0.87333727,-1,-1,-1
109,7369,860.001,315.94867,69.049866,52.971436,0.86124146,-1,-1,-1
109,7371,284.6747,180.39925,107.53314,169.18901,0.91959184,-1,-1,-1
109,7377,356.6964,334.2366,52.88086,70.78,0.88178957,-1,-1,-1
109,7395,198.1498,341.9305,35.45871,72.00845,0.8116111,-1,-1,-1
109,7400,569.9029,98.0894,36.860657,68.18919,0.86627716,-1,-1,-1
109,7410,68.57254,31.453352,73.38774,53.447998,0.8542275,-1,-1,-1
109,7427,471.58047,111.95155,55.57199,67.73958,0.89299923,-1,-1,-1
109,7426,954.8533,40.118656,47.16687,61.199657,0.7384901,-1,-1,-1
109,7433,395.2582,471.44748,62.42386,66.44748,0.86030245,-1,-1,-1
109,7434,496.02475,475.7196,55.529327,60.45288,0.85565525,-1,-1,-1
110,7360,488.6328,242.37135,38.25757,67.086655,0.873666,-1,-1,-1
110,7362,164.14847,81.744225,69.08984,50.690468,0.86884016,-1,-1,-1
110,7363,522.327,164.60387,40.397705,77.32359,0.8664594,-1,-1,-1
110,7366,177.76857,41.47224,70.74637,52.794872,0.8580578,-1,-1,-1
110,7367,456.93835,361.10284,45.884735,66.77579,0.8737449,-1,-1,-1
110,7369,858.65204,316.0185,68.76526,52.901245,0.8615406,-1,-1,-1
110,7371,283.74597,183.7684,107.39813,168.67517,0.9111979,-1,-1,-1
110,7377,354.61346,337.32913,53.048584,71.01721,0.88409954,-1,-1,-1
110,7395,198.92854,341.67603,34.848404,71.05713,0.8027235,-1,-1,-1
110,7400,569.6661,99.29071,36.6015,67.85162,0.8661641,-1,-1,-1
110,7410,70.2135,31.705164,73.149155,53.324013,0.8622491,-1,-1,-1
110,7427,469.5365,116.37516,55.288025,67.85386,0.89175385,-1,-1,-1
110,7426,951.5806,39.80943,48.211,62.435223,0.6439247,-1,-1,-1
110,7433,395.04123,469.95718,62.97058,68.18051,0.86939687,-1,-1,-1
110,7434,496.38724,468.42584,58.621002,64.28955,0.8616414,-1,-1,-1
111,7360,488.48523,242.08084,38.304077,67.00812,0.8727733,-1,-1,-1
111,7362,165.01369,81.691536,69.10211,50.86138,0.8586225,-1,-1,-1
111,7363,522.152,164.76553,40.49707,77.07498,0.8662701,-1,-1,-1
111,7366,178.78116,41.870876,70.3703,52.559513,0.87400395,-1,-1,-1
111,7367,456.89276,360.2874,45.931915,66.73547,0.87303543,-1,-1,-1
111,7369,857.3183,315.99258,68.33215,52.667755,0.8631829,-1,-1,-1
111,7371,283.61728,187.37874,106.6586,167.33943,0.8631701,-1,-1,-1
111,7377,352.8463,341.20648,53.077362,70.896545,0.8836235,-1,-1,-1
111,7395,199.72777,341.16537,34.572815,70.57623,0.7984559,-1,-1,-1
111,7400,569.3627,100.48664,36.503906,67.84948,0.863449,-1,-1,-1
111,7410,71.339226,31.83997,72.910286,53.18841,0.8621225,-1,-1,-1
111,7427,467.70044,120.57146,54.83728,67.72026,0.8906963,-1,-1,-1
111,7426,949.84,40.931427,47.967896,61.99286,0.7244669,-1,-1,-1
111,7433,395.53174,468.74316,62.362946,68.57947,0.86208314,-1,-1,-1
111,7434,498.33554,461.66403,59.409515,65.74515,0.8701285,-1,-1,-1
112,7360,488.22275,241.88268,38.32657,66.95662,0.87029916,-1,-1,-1
112,7362,165.79971,81.98891,68.55534,50.457382,0.8860208,-1,-1,-1
112,7363,522.09064,165.3876,40.400635,76.50995,0.87117356,-1,-1,-1
112,7366,179.19444,41.38588,71.57231,53.41391,0.8539237,-1,-1,-1
112,7367,457.08157,359.52267,45.99716,66.65198,0.87566847,-1,-1,-1
112,7369,856.0295,315.92917,68.28375,52.668243,0.8587993,-1,-1,-1
112,7371,285.54327,190.02193,105.819305,166.0525,0.7915521,-1,-1,-1
112,7377,350.7247,345.1377,52.812744,70.25021,0.8807117,-1,-1,-1
112,7395,200.31941,340.3275,34.376617,70.25595,0.79724205,-1,-1,-1
112,7400,569.0872,101.475845,36.398987,67.77634,0.86358607,-1,-1,-1
112,7410,72.57913,31.737425,73.31729,53.61357,0.8604035,-1,-1,-1
112,7427,466.01154,124.894905,54.19464,67.18551,0.88511544,-1,-1,-1
112,7426,948.3958,41.511517,48.27362,62.465008,0.5928899,-1,-1,-1
112,7433,396.42322,467.6958,60.948547,67.954895,0.85498095,-1,-1,-1
112,7434,500.6585,454.39777,59.137146,66.14276,0.85943323,-1,-1,-1
113,7360,487.94272,241.77225,38.33029,66.87375,0.8689945,-1,-1,-1
113,7362,166.72536,82.225914,68.151276,50.150536,0.86034244,-1,-1,-1
113,7363,521.85785,165.72371,40.403687,76.15814,0.86234444,-1,-1,-1
113,7366,179.66017,41.3646,72.2038,53.872948,0.8476643,-1,-1,-1
113,7367,457.39038,358.65012,46.22699,66.70862,0.8778794,-1,-1,-1
113,7369,854.6161,315.36438,68.673706,53.002625,0.85711783,-1,-1,-1
113,7371,283.25235,195.14131,104.40277,163.09145,0.7645428,-1,-1,-1
113,7377,348.62943,348.62964,53.131958,70.53876,0.8822476,-1,-1,-1
113,7395,200.95647,339.80023,34.245987,69.8985,0.7907567,-1,-1,-1
113,7400,568.8458,102.530235,36.16504,67.452126,0.8627233,-1,-1,-1
113,7410,73.63166,31.682873,73.6681,53.951054,0.85984355,-1,-1,-1
113,7427,463.93713,129.0207,54.022278,67.24156,0.87528694,-1,-1,-1
113,7426,946.58777,42.520657,48.315796,62.511196,0.60314363,-1,-1,-1
113,7433,396.82965,466.0635,60.703766,68.6481,0.8555179,-1,-1,-1
113,7434,503.2688,447.71317,59.41333,67.19693,0.87299216,-1,-1,-1
114,7360,487.8074,241.63397,38.240387,66.61743,0.87074006,-1,-1,-1
114,7362,167.73933,82.28666,67.9187,50.016563,0.8585887,-1,-1,-1
114,7363,521.68713,165.92587,40.384094,75.77594,0.8648705,-1,-1,-1
114,7366,181.17065,42.080162,71.73741,53.59166,0.8463645,-1,-1,-1
114,7367,457.43958,357.6064,46.449097,66.864105,0.8801744,-1,-1,-1
114,7369,853.68774,315.44965,68.356995,52.76541,0.8561367,-1,-1,-1
114,7371,280.74838,198.29634,105.71594,164.76302,0.8283282,-1,-1,-1
114,7377,346.57486,352.0291,53.315216,70.70395,0.8828,-1,-1,-1
114,7395,201.54681,339.30426,34.131012,69.608246,0.8018758,-1,-1,-1
114,7400,569.1699,103.27627,35.872803,67.165886,0.8675043,-1,-1,-1
114,7410,74.99315,31.538,73.48599,53.94065,0.86093783,-1,-1,-1
114,7427,462.30862,133.49384,53.388214,66.71318,0.8887594,-1,-1,-1
114,7426,944.88116,42.9983,49.093628,63.40647,0.576562,-1,-1,-1
114,7433,397.5441,465.00018,59.89566,68.616394,0.85581565,-1,-1,-1
114,7434,506.36105,440.55292,58.714935,67.16565,0.8458528,-1,-1,-1
115,7360,487.71814,241.53848,38.11194,66.283875,0.8705516,-1,-1,-1
115,7362,168.8015,82.21727,67.78833,50.0215,0.8605177,-1,-1,-1
115,7363,521.48096,165.9053,40.50171,75.68306,0.8654188,-1,-1,-1
115,7366,182.44525,42.432285,71.228424,53.27715,0.84958965,-1,-1,-1
115,7367,457.50592,356.86118,46.258545,66.45343,0.88013506,-1,-1,-1
115,7369,852.2012,315.34952,68.324646,52.86145,0.86096257,-1,-1,-1
115,7371,280.21606,201.23965,105.99518,165.04318,0.83185136,-1,-1,-1
115,7377,344.99713,356.3255,52.69452,69.64578,0.9033985,-1,-1,-1
115,7395,202.72835,338.54498,34.04767,69.47095,0.821607,-1,-1,-1
115,7400,568.6079,104.032,35.771484,67.105865,0.8567224,-1,-1,-1
115,7410,76.23095,31.534485,73.3834,53.960968,0.8644362,-1,-1,-1
115,7427,460.5563,137.46892,53.29178,66.85535,0.8885675,-1,-1,-1
115,7426,943.60657,43.476654,49.330627,63.59577,0.47781804,-1,-1,-1
115,7433,398.57224,463.746,59.01602,68.33426,0.8600942,-1,-1,-1
115,7434,511.2308,433.8262,56.395294,65.308075,0.86071557,-1,-1,-1
116,7360,487.8171,241.52612,37.746246,65.49185,0.8643379,-1,-1,-1
116,7362,170.0251,82.319214,67.70943,50.074265,0.868627,-1,-1,-1
116,7363,521.10547,165.38469,40.87805,76.149124,0.858902,-1,-1,-1
116,7366,183.71149,42.95957,70.296234,52.69822,0.85502887,-1,-1,-1
116,7367,457.7259,356.42984,45.58316,65.38577,0.87790006,-1,-1,-1
116,7369,851.63513,315.6218,67.52399,52.209778,0.8632964,-1,-1,-1
116,7371,276.6668,203.28638,106.3309,165.09125,0.8429498,-1,-1,-1
116,7377,343.01376,359.89496,52.796906,69.70184,0.87985647,-1,-1,-1
116,7395,203.80237,338.0871,33.806778,69.02725,0.8283798,-1,-1,-1
116,7400,568.4154,104.823975,35.575928,66.87196,0.85334164,-1,-1,-1
116,7410,77.5751,31.94144,72.7247,53.54526,0.8565955,-1,-1,-1
116,7427,458.3961,141.79503,53.29962,67.102234,0.88166356,-1,-1,-1
116,7426,943.3344,45.84658,48.175903,61.940804,0.65216327,-1,-1,-1
116,7433,399.65216,462.29083,57.89145,67.53723,0.8630758,-1,-1,-1
116,7434,515.26825,427.30957,54.28479,63.622314,0.856379,-1,-1,-1
117,7360,488.03726,241.26843,37.632294,65.05655,0.8769184,-1,-1,-1
117,7362,171.12903,82.399185,67.60004,50.127655,0.86123437,-1,-1,-1
117,7363,521.03125,165.82303,40.749023,75.638504,0.86164963,-1,-1,-1
117,7366,185.22533,43.59052,69.45491,52.177303,0.85643727,-1,-1,-1
117,7367,457.8929,355.70007,45.276093,64.93399,0.878604,-1,-1,-1
117,7369,850.333,315.50763,67.424866,52.085083,0.8624229,-1,-1,-1
117,7371,274.1697,204.90953,107.68439,167.15242,0.8874355,-1,-1,-1
117,7377,341.39612,363.24405,52.5773,69.431244,0.87922955,-1,-1,-1
117,7395,204.87643,337.573,33.62735,68.69824,0.83501107,-1,-1,-1
117,7400,568.28723,105.65652,35.33606,66.65736,0.84630364,-1,-1,-1
117,7410,78.60286,32.29459,72.70599,53.584393,0.85301715,-1,-1,-1
117,7427,456.72577,145.9116,53.095306,67.02231,0.88221514,-1,-1,-1
117,7426,943.3803,46.703384,47.44812,61.023468,0.70887905,-1,-1,-1
117,7433,400.05762,461.24017,57.44818,67.458496,0.8615782,-1,-1,-1
117,7434,518.7607,420.90115,53.043945,62.917236,0.8610999,-1,-1,-1
118,7360,488.0064,241.15689,37.408264,64.56787,0.8666313,-1,-1,-1
118,7362,172.34042,82.62601,67.28281,50.026566,0.8802254,-1,-1,-1
118,7363,520.9271,166.0968,40.72046,75.31157,0.8579235,-1,-1,-1
118,7366,186.85797,44.0448,68.78262,51.720787,0.88407534,-1,-1,-1
118,7367,458.02847,354.84152,45.175934,64.7565,0.87884563,-1,-1,-1
118,7369,848.44073,314.7137,68.13556,52.647827,0.8641639,-1,-1,-1
118,7371,272.86688,208.4156,107.880646,167.37694,0.8602589,-1,-1,-1
118,7377,339.51956,366.76923,52.470215,69.20999,0.8795644,-1,-1,-1
118,7395,206.03267,337.17206,33.319412,68.20447,0.83906996,-1,-1,-1
118,7400,568.41473,106.50078,35.233765,66.72835,0.85565734,-1,-1,-1
118,7410,80.092445,32.895546,72.05256,53.112785,0.8525052,-1,-1,-1
118,7427,455.11597,150.25153,52.52899,66.419205,0.88504064,-1,-1,-1
118,7426,942.42975,47.132126,47.215454,60.88314,0.7631934,-1,-1,-1
118,7433,400.75018,459.94217,56.393158,66.71329,0.86536396,-1,-1,-1
118,7434,522.4039,414.92413,51.22412,61.496033,0.8800696,-1,-1,-1
119,7360,488.00485,240.98659,37.31552,64.35756,0.8667777,-1,-1,-1
119,7362,173.28445,82.63318,67.249146,50.157562,0.8661617,-1,-1,-1
119,7363,520.4337,165.42665,41.230286,76.153915,0.8547017,-1,-1,-1
119,7366,187.58287,43.87989,69.31682,52.175537,0.84621984,-1,-1,-1
119,7367,458.26575,353.9314,44.862152,64.29443,0.8792032,-1,-1,-1
119,7369,847.1491,314.3951,68.09155,52.576782,0.8613568,-1,-1,-1
119,7371,272.00772,212.39987,107.36746,166.55807,0.8127329,-1,-1,-1
119,7377,337.6092,370.3639,52.23468,68.737915,0.87743604,-1,-1,-1
119,7395,206.54355,336.58243,33.20816,68.17789,0.82398,-1,-1,-1
119,7400,567.96,107.471504,35.092773,66.740074,0.8454421,-1,-1,-1
119,7410,81.69682,33.49951,71.39024,52.664246,0.84992445,-1,-1,-1
119,7427,452.88263,154.45291,52.429535,66.41948,0.8783717,-1,-1,-1
119,7426,940.8329,47.409298,47.63806,61.607647,0.76928544,-1,-1,-1
119,7433,401.48593,458.28946,55.88745,66.59262,0.8742381,-1,-1,-1
119,7434,526.1197,408.26898,50.396667,61.24112,0.8912071,-1,-1,-1
120,7360,487.99225,240.85112,37.268982,64.24812,0.8676197,-1,-1,-1
120,7362,174.35014,83.27561,66.03322,49.304985,0.86128753,-1,-1,-1
120,7363,520.23096,165.83076,40.931274,75.4834,0.8635317,-1,-1,-1
120,7366,188.52658,43.988003,69.40869,52.314533,0.8460021,-1,-1,-1
120,7367,458.39343,352.485,45.00128,64.516785,0.8916506,-1,-1,-1
120,7369,846.3159,314.5693,67.19708,52.06659,0.8595995,-1,-1,-1
120,7371,271.48184,219.00415,105.04294,162.49905,0.7570553,-1,-1,-1
120,7377,335.9072,373.8662,51.99771,68.28763,0.88163286,-1,-1,-1
120,7395,206.27771,335.30383,33.785416,69.6315,0.81605244,-1,-1,-1
120,7400,567.8467,108.45853,34.66687,66.21141,0.84791535,-1,-1,-1
120,7410,82.91836,33.956852,70.99091,52.362514,0.84295344,-1,-1,-1
120,7427,451.09604,158.71948,51.828064,65.783295,0.88450164,-1,-1,-1
120,7426,938.7025,47.635094,47.880432,61.91768,0.7789629,-1,-1,-1
120,7433,402.07492,456.7457,55.626343,66.77774,0.86647767,-1,-1,-1
120,7434,528.60547,401.39072,49.789856,61.0997,0.8953706,-1,-1,-1
121,7360,488.06976,240.81215,37.161133,64.03017,0.87013555,-1,-1,-1
121,7362,175.50357,83.29095,65.78119,49.096825,0.8971695,-1,-1,-1
121,7363,520.14484,166.02855,40.80774,75.11278,0.8621958,-1,-1,-1
121,7366,189.5811,44.288673,68.77266,51.865326,0.8484224,-1,-1,-1
121,7367,458.44116,351.93988,44.77536,64.1167,0.87569004,-1,-1,-1
121,7369,845.83905,314.47275,66.401855,51.469055,0.86441,-1,-1,-1
121,7371,271.0556,221.85197,104.73639,161.65276,0.80095893,-1,-1,-1
121,7377,333.8329,376.97498,52.319397,68.793,0.8795776,-1,-1,-1
121,7395,206.51637,334.39108,33.771408,69.78418,0.8145007,-1,-1,-1
121,7400,567.90845,109.510864,34.37097,65.89775,0.84984154,-1,-1,-1
121,7410,84.80559,34.331753,70.23386,51.828762,0.8525779,-1,-1,-1
121,7427,449.43665,162.97855,51.582794,65.607925,0.8905882,-1,-1,-1
121,7426,937.20807,48.202198,47.90747,61.78092,0.77607715,-1,-1,-1
121,7433,402.78442,454.84775,55.102417,66.62387,0.86854315,-1,-1,-1
121,7434,530.3152,394.80743,50.335266,62.36728,0.9011661,-1,-1,-1
122,7360,488.01224,240.62177,37.14322,63.914642,0.8704926,-1,-1,-1
122,7362,176.6703,83.59611,65.39549,48.83245,0.86286455,-1,-1,-1
122,7363,520.0168,166.15208,40.749817,74.85387,0.85848564,-1,-1,-1
122,7366,190.61778,44.602684,68.1581,51.383293,0.8585663,-1,-1,-1
122,7367,458.57208,351.00415,44.616455,63.93683,0.8803482,-1,-1,-1
122,7369,844.2738,313.41647,67.07977,52.219513,0.8600044,-1,-1,-1
122,7371,270.20752,223.26137,105.33984,162.37718,0.8231784,-1,-1,-1
122,7377,332.17484,380.5273,51.55606,67.7056,0.8862073,-1,-1,-1
122,7395,206.91693,333.92398,33.552383,69.509094,0.8143125,-1,-1,-1
122,7400,567.5165,109.791695,34.34198,66.07784,0.85329974,-1,-1,-1
122,7410,86.04512,34.3066,70.22795,51.87151,0.85051316,-1,-1,-1
122,7427,447.74854,167.51173,51.15033,65.12834,0.88776964,-1,-1,-1
122,7426,936.329,48.688393,47.822388,61.63652,0.7341653,-1,-1,-1
122,7433,403.79614,453.8405,53.972656,65.68225,0.86205727,-1,-1,-1
122,7434,532.4996,388.20456,50.111816,62.677765,0.8924748,-1,-1,-1
123,7360,487.92847,240.54108,37.16803,63.871246,0.86990213,-1,-1,-1
123,7362,177.67497,83.80016,65.1223,48.643227,0.86144626,-1,-1,-1
123,7363,519.8899,166.16423,40.734924,74.7018,0.85717624,-1,-1,-1
123,7366,191.69516,45.214794,67.33862,50.68793,0.8602677,-1,-1,-1
123,7367,458.71286,350.50574,44.232056,63.474976,0.87122935,-1,-1,-1
123,7369,843.51337,313.56033,66.44684,51.71826,0.8583672,-1,-1,-1
123,7371,269.54144,225.06036,105.87537,163.18738,0.7983481,-1,-1,-1
123,7377,330.28864,384.03162,51.63565,67.92224,0.8814324,-1,-1,-1
123,7395,207.85315,333.57315,33.20508,69.02841,0.82385653,-1,-1,-1
123,7400,567.38116,110.64577,34.065308,65.70436,0.8597838,-1,-1,-1
123,7410,87.30925,34.527042,69.86098,51.62305,0.85131,-1,-1,-1
123,7427,445.77362,171.73097,50.721313,64.64592,0.89236903,-1,-1,-1
123,7426,935.06415,49.349075,47.652405,61.487976,0.7343875,-1,-1,-1
123,7433,404.24442,453.0358,53.226868,65.15311,0.86724055,-1,-1,-1
123,7434,535.5776,381.9237,49.604187,62.490356,0.8828198,-1,-1,-1
124,7360,487.8842,240.4058,37.17148,63.795303,0.8704168,-1,-1,-1
124,7362,178.61876,84.03836,64.91576,48.469376,0.8567155,-1,-1,-1
124,7363,519.767,166.18617,40.687378,74.583984,0.8587478,-1,-1,-1
124,7366,192.64153,45.62464,66.507614,49.947586,0.85944545,-1,-1,-1
124,7367,458.77216,349.77203,44.071564,63.31729,0.87159383,-1,-1,-1
124,7369,842.46387,313.44974,65.965454,51.325867,0.8557065,-1,-1,-1
124,7371,268.47308,227.45686,105.416504,162.87025,0.7774629,-1,-1,-1
124,7377,328.80212,387.21747,51.521484,67.73898,0.88217163,-1,-1,-1
124,7395,208.6057,332.5899,33.199905,69.38205,0.8261761,-1,-1,-1
124,7400,567.2559,111.498055,33.754883,65.29157,0.8618171,-1,-1,-1
124,7410,88.321396,34.730343,69.93729,51.756763,0.8470935,-1,-1,-1
124,7427,443.75928,175.89673,50.838104,64.90213,0.88727695,-1,-1,-1
124,7426,933.8149,49.6469,47.602783,61.412136,0.6878053,-1,-1,-1
124,7433,404.68234,451.82773,52.89685,65.1492,0.869034,-1,-1,-1
124,7434,538.57043,375.37045,49.09729,62.208313,0.8760221,-1,-1,-1
125,7360,487.83844,240.31078,36.9859,63.443405,0.86997396,-1,-1,-1
125,7362,179.13412,84.19595,64.71596,48.27379,0.85528624,-1,-1,-1
125,7363,519.5664,166.20729,40.565918,74.46045,0.85871637,-1,-1,-1
125,7366,193.52579,45.89996,66.215546,49.621365,0.85871565,-1,-1,-1
125,7367,459.2384,349.02142,43.63452,62.720093,0.87334347,-1,-1,-1
125,7369,841.9689,313.5757,65.10852,50.606018,0.86741936,-1,-1,-1
125,7371,267.94156,228.58449,105.460266,163.58092,0.82965004,-1,-1,-1
125,7377,326.72867,390.16937,51.976196,68.41983,0.881777,-1,-1,-1
125,7395,209.67735,331.76727,32.98474,69.45233,0.832462,-1,-1,-1
125,7400,566.99756,112.682976,33.282715,64.550865,0.86600477,-1,-1,-1
125,7410,89.75636,35.152092,69.24141,51.3095,0.85716546,-1,-1,-1
125,7427,441.853,180.11751,50.678406,64.8156,0.8929402,-1,-1,-1
125,7426,932.56946,49.973347,47.528076,61.25481,0.71043926,-1,-1,-1
125,7433,405.47272,450.8496,52.22989,64.68933,0.87338245,-1,-1,-1
125,7434,541.18304,369.26926,48.670532,61.931396,0.88022864,-1,-1,-1
126,7360,487.76834,240.26497,36.774567,63.11949,0.87218606,-1,-1,-1
126,7362,180.09593,84.178894,64.92256,48.48224,0.85505676,-1,-1,-1
126,7363,519.29974,166.27077,40.40448,74.32651,0.8612521,-1,-1,-1
126,7366,194.11497,45.697052,67.261246,50.350464,0.8537028,-1,-1,-1
126,7367,459.63455,348.13278,43.379974,62.34424,0.87810284,-1,-1,-1
126,7369,841.0275,313.3026,64.92108,50.476837,0.86697495,-1,-1,-1
126,7371,266.69302,232.9965,103.980774,161.6638,0.86264706,-1,-1,-1
126,7377,325.0787,394.1859,51.061707,67.12872,0.9004804,-1,-1,-1
126,7395,210.82916,331.33725,32.704727,69.45328,0.835941,-1,-1,-1
126,7400,566.6749,113.57962,32.98932,64.100006,0.8697726,-1,-1,-1
126,7410,90.41639,34.424973,69.91892,51.87887,0.85921466,-1,-1,-1
126,7427,439.67093,184.3141,50.33249,64.46007,0.88534045,-1,-1,-1
126,7426,931.6302,50.94148,47.30945,60.72034,0.7424296,-1,-1,-1
126,7433,405.63477,449.75482,51.52777,64.01898,0.87010133,-1,-1,-1
126,7434,543.82367,363.03732,47.662292,60.859222,0.8962618,-1,-1,-1
127,7360,487.78333,240.00885,36.601562,62.80002,0.87271917,-1,-1,-1
127,7362,181.06218,84.38255,64.589676,48.20819,0.85823494,-1,-1,-1
127,7363,519.2019,166.44519,40.148254,74.0175,0.8572521,-1,-1,-1
127,7366,194.91698,45.808006,67.768845,50.720047,0.85864574,-1,-1,-1
127,7367,459.6962,347.51813,43.167053,61.98471,0.8817713,-1,-1,-1
127,7369,839.66046,312.87988,64.98346,50.560272,0.86642766,-1,-1,-1
127,7371,266.03622,234.80591,103.736664,161.7225,0.8684969,-1,-1,-1
127,7377,323.17963,397.99234,50.900513,66.84308,0.8766264,-1,-1,-1
127,7395,212.05945,330.92545,32.30034,69.14758,0.8423125,-1,-1,-1
127,7400,566.5904,114.498024,32.787292,63.78277,0.870043,-1,-1,-1
127,7410,91.07517,34.113373,70.30216,52.23275,0.854732,-1,-1,-1
127,7427,437.5924,188.56956,50.22342,64.55199,0.89310783,-1,-1,-1
127,7426,931.25336,51.808376,46.7312,59.80695,0.80248344,-1,-1,-1
127,7433,405.9379,447.83527,51.500214,64.37384,0.8748483,-1,-1,-1
127,7434,546.6228,356.997,47.137024,60.40503,0.8804106,-1,-1,-1
128,7360,487.87726,239.80121,36.432312,62.51172,0.87020093,-1,-1,-1
128,7362,182.28613,85.1128,63.506546,47.270042,0.86237764,-1,-1,-1
128,7363,518.9358,165.91331,40.460144,74.78674,0.853132,-1,-1,-1
128,7366,196.06432,46.484905,66.85841,50.037716,0.8627435,-1,-1,-1
128,7367,459.99304,346.08762,43.327484,62.303436,0.89276904,-1,-1,-1
128,7369,838.1206,312.46887,65.06329,50.56183,0.86943966,-1,-1,-1
128,7371,266.0209,236.86723,103.432556,161.73958,0.8641792,-1,-1,-1
128,7377,321.68533,401.50586,50.518738,66.18988,0.8787376,-1,-1,-1
128,7395,213.16609,330.2674,31.982452,68.87622,0.83953273,-1,-1,-1
128,7400,566.4102,115.14626,32.742004,63.879982,0.87170625,-1,-1,-1
128,7410,92.45472,34.969425,69.47675,51.606365,0.84937567,-1,-1,-1
128,7427,435.3652,193.22548,49.81595,64.2224,0.8833583,-1,-1,-1
128,7426,930.51306,52.460224,46.333496,59.23328,0.79011214,-1,-1,-1
128,7433,406.57574,447.0551,50.708252,63.703125,0.867487,-1,-1,-1
128,7434,548.1662,350.7238,48.44043,62.37039,0.86800873,-1,-1,-1
129,7360,487.8768,239.51466,36.284576,62.243423,0.8672299,-1,-1,-1
129,7362,183.16315,84.817825,63.872726,47.55475,0.8634871,-1,-1,-1
129,7363,518.84766,165.7489,40.400024,74.88432,0.8523025,-1,-1,-1
129,7366,196.55434,46.26913,68.03319,51.000164,0.8606057,-1,-1,-1
129,7367,460.20636,345.58975,43.274597,62.16458,0.8877742,-1,-1,-1
129,7369,836.68195,311.95883,65.34711,50.800446,0.87282,-1,-1,-1
129,7371,266.48,239.51132,102.78848,161.1954,0.8551052,-1,-1,-1
129,7377,319.36758,404.45395,51.105988,67.082825,0.8742048,-1,-1,-1
129,7395,213.95027,329.52585,31.781738,68.771454,0.82948285,-1,-1,-1
129,7400,566.24475,116.04325,32.498047,63.5763,0.8678484,-1,-1,-1
129,7410,93.73741,35.62027,68.97345,51.21974,0.84784573,-1,-1,-1
129,7427,433.27863,197.11913,49.689423,64.19658,0.88812983,-1,-1,-1
129,7426,929.445,52.85822,46.164062,59.11424,0.770965,-1,-1,-1
129,7433,406.95737,445.7237,50.435486,63.71634,0.8702411,-1,-1,-1
129,7434,550.4476,344.9142,48.391724,62.539215,0.87049276,-1,-1,-1
130,7360,487.9254,239.26471,36.163635,62.00656,0.8635767,-1,-1,-1
130,7362,184.31805,84.824234,63.78244,47.50966,0.862599,-1,-1,-1
130,7363,518.7729,165.65161,40.25067,74.80765,0.85165185,-1,-1,-1
130,7366,197.33925,46.549522,68.08833,51.121513,0.867726,-1,-1,-1
130,7367,460.2873,344.86594,43.254456,62.097595,0.881843,-1,-1,-1
130,7369,835.5407,311.67514,65.30615,50.760468,0.87219757,-1,-1,-1
130,7371,267.28403,242.67976,101.66568,159.75948,0.83296376,-1,-1,-1
130,7377,317.45908,408.10535,51.03421,67.060425,0.8738663,-1,-1,-1
130,7395,214.728,329.10498,31.409805,68.21231,0.82343024,-1,-1,-1
130,7400,566.096,116.684074,32.312683,63.393837,0.868753,-1,-1,-1
130,7410,94.97839,35.81164,68.433304,50.855495,0.8518237,-1,-1,-1
130,7427,431.72223,201.28645,49.139008,63.51097,0.9034584,-1,-1,-1
130,7426,927.3308,53.074413,46.48053,59.52682,0.6984835,-1,-1,-1
130,7433,407.2722,444.28278,50.11023,63.502808,0.87657106,-1,-1,-1
130,7434,553.1432,338.2717,47.79364,61.98526,0.8788335,-1,-1,-1
130,7436,1014.9857,320.60617,8.262512,22.30188,0.39207628,-1,-1,-1
131,7360,487.95145,239.0694,35.995575,61.71115,0.8611487,-1,-1,-1
131,7362,185.31477,85.00978,63.60782,47.392807,0.8609161,-1,-1,-1
131,7363,518.64923,165.63638,40.03302,74.61708,0.8510611,-1,-1,-1
131,7366,198.23454,46.896843,67.68907,50.919434,0.87793046,-1,-1,-1
131,7367,460.5252,344.13712,42.963013,61.623474,0.8777704,-1,-1,-1
131,7369,834.5978,311.62308,65.05011,50.519775,0.8719447,-1,-1,-1
131,7371,265.37903,246.52988,101.27597,158.93677,0.8274005,-1,-1,-1
131,7377,315.9429,411.358,51.010468,67.1228,0.873489,-1,-1,-1
131,7395,215.31438,328.72733,30.96547,67.381226,0.82231176,-1,-1,-1
131,7400,565.929,117.28661,32.251526,63.489204,0.8688511,-1,-1,-1
131,7410,96.04802,35.854733,68.24838,50.786243,0.8564739,-1,-1,-1
131,7427,429.91718,205.42503,48.743164,62.93425,0.88698536,-1,-1,-1
131,7426,925.65656,53.343166,46.566223,59.668285,0.6766053,-1,-1,-1
131,7433,407.90186,443.05936,49.575897,63.00299,0.8774323,-1,-1,-1
131,7434,556.33563,332.33398,47.00769,61.118073,0.8804994,-1,-1,-1
131,7436,1014.465,321.06412,7.935547,21.219421,0.36693472,-1,-1,-1
132,7360,487.93726,238.8566,35.93994,61.592102,0.861293,-1,-1,-1
132,7362,186.21544,85.16174,63.49672,47.33455,0.85957766,-1,-1,-1
132,7363,518.67413,165.70973,39.773865,74.306015,0.85159147,-1,-1,-1
132,7366,199.37929,47.464066,66.9167,50.441498,0.87681514,-1,-1,-1
132,7367,460.81808,343.27118,42.79889,61.345245,0.8800349,-1,-1,-1
132,7369,833.4173,311.4385,65.08258,50.481598,0.8663502,-1,-1,-1
132,7371,264.5508,249.25209,101.55545,159.4644,0.7973661,-1,-1,-1
132,7377,314.37808,414.62546,50.50937,66.508514,0.8782267,-1,-1,-1
132,7395,215.56633,328.13446,30.852493,67.22266,0.8294692,-1,-1,-1
132,7400,565.7487,117.7677,32.218323,63.588074,0.87058187,-1,-1,-1
132,7410,96.694664,35.66409,68.73104,51.17069,0.86410654,-1,-1,-1
132,7427,427.5951,209.36606,49.164703,63.423676,0.8899247,-1,-1,-1
132,7426,924.74207,53.955254,46.35016,59.422073,0.65267324,-1,-1,-1
132,7433,408.3481,441.9891,49.221375,62.73285,0.87280285,-1,-1,-1
132,7434,559.9907,327.51056,45.41516,59.173004,0.87548715,-1,-1,-1
133,7360,487.90042,238.79451,36.06143,61.687637,0.86218655,-1,-1,-1
133,7362,186.87335,85.64611,62.924576,46.852364,0.8602117,-1,-1,-1
133,7363,518.67035,165.74109,39.48639,73.92825,0.85095114,-1,-1,-1
133,7366,200.19281,47.667114,66.485016,50.180977,0.861531,-1,-1,-1
133,7367,461.13876,342.47437,42.683777,61.145477,0.8800941,-1,-1,-1
133,7369,833.0217,311.46533,64.496155,50.077576,0.86526173,-1,-1,-1
133,7371,261.18442,251.58417,103.15112,161.85394,0.75915694,-1,-1,-1
133,7377,312.3631,417.59653,50.747894,66.97012,0.8802241,-1,-1,-1
133,7395,215.9659,327.97195,30.578888,66.67767,0.8184613,-1,-1,-1
133,7400,565.7278,118.75062,31.871033,63.0577,0.8725907,-1,-1,-1
133,7410,97.96834,36.27948,68.30841,50.91432,0.8457912,-1,-1,-1
133,7427,426.15173,213.78525,48.563354,62.62607,0.91495323,-1,-1,-1
133,7426,923.7283,54.410877,46.072998,58.96403,0.62022996,-1,-1,-1
133,7433,408.91705,440.6681,49.109985,62.752625,0.86465013,-1,-1,-1
133,7434,563.2675,321.53915,45.16034,59.032043,0.8758133,-1,-1,-1
134,7360,487.83466,238.64569,35.932312,61.41629,0.85839987,-1,-1,-1
134,7362,187.36333,85.75748,62.79001,46.734726,0.85888237,-1,-1,-1
134,7363,519.1182,166.08453,38.858032,72.95401,0.8489796,-1,-1,-1
134,7366,201.03384,47.852196,66.14038,49.964973,0.86143804,-1,-1,-1
134,7367,461.35947,341.66782,42.82434,61.393005,0.88284296,-1,-1,-1
134,7369,832.4924,311.282,63.89392,49.63208,0.86524767,-1,-1,-1
134,7371,260.71793,254.52768,103.52115,162.66537,0.7756745,-1,-1,-1
134,7377,310.76926,421.66373,50.188354,66.13077,0.8849792,-1,-1,-1
134,7395,216.71458,327.78445,30.340622,66.21298,0.8014739,-1,-1,-1
134,7400,565.7417,119.51703,31.643616,62.82756,0.87359715,-1,-1,-1
134,7410,98.887665,36.169224,68.45416,51.10497,0.8459965,-1,-1,-1
134,7427,424.29688,217.64821,48.615875,62.69719,0.89839125,-1,-1,-1
134,7426,922.73505,54.102867,46.278137,59.229095,0.5977157,-1,-1,-1
134,7433,408.89752,439.49658,49.442383,63.415985,0.8625465,-1,-1,-1
134,7434,566.5173,316.13513,44.158875,57.841248,0.87511927,-1,-1,-1
135,7360,487.7923,238.48503,35.841797,61.187912,0.860423,-1,-1,-1
135,7362,187.93076,85.959114,62.482376,46.49073,0.8599692,-1,-1,-1
135,7363,519.32227,166.24538,38.39392,72.27832,0.85036576,-1,-1,-1
135,7366,201.8305,47.95797,65.86606,49.821312,0.8587622,-1,-1,-1
135,7367,461.73737,341.0143,42.756348,61.25888,0.88362676,-1,-1,-1
135,7369,831.85156,311.1213,63.607178,49.426178,0.86674476,-1,-1,-1
135,7371,261.21335,257.70798,103.1102,162.60428,0.77817583,-1,-1,-1
135,7377,309.47244,425.60547,49.51239,64.955444,0.87452006,-1,-1,-1
135,7395,218.19824,327.68268,29.768509,65.20511,0.81440914,-1,-1,-1
135,7400,565.7316,120.387405,31.373474,62.484726,0.8708874,-1,-1,-1
135,7410,99.8826,36.417503,68.15108,50.971825,0.84923077,-1,-1,-1
135,7427,422.41733,221.74597,48.78665,63.037415,0.8871311,-1,-1,-1
135,7426,922.1397,54.75606,45.791138,58.56332,0.7047804,-1,-1,-1
135,7433,409.42578,438.54282,49.03421,63.074127,0.87339544,-1,-1,-1
135,7434,569.6649,310.47763,43.847412,57.525818,0.89575803,-1,-1,-1
135,7437,463.7545,0.0,42.003204,29.157919,0.57993114,-1,-1,-1
136,7360,487.80954,238.39392,35.795746,61.03,0.8638679,-1,-1,-1
136,7362,188.65038,86.117966,62.377533,46.43257,0.86377996,-1,-1,-1
136,7363,519.4426,166.24525,38.113586,71.91202,0.8503714,-1,-1,-1
136,7366,202.6281,48.026028,65.81688,49.828518,0.8582704,-1,-1,-1
136,7367,461.98468,340.03574,42.716125,61.23456,0.9119292,-1,-1,-1
136,7369,830.72766,310.69565,63.835022,49.61493,0.86943966,-1,-1,-1
136,7371,256.46622,260.37183,103.39633,162.68707,0.8260579,-1,-1,-1
136,7377,307.20657,428.59244,49.920624,65.52374,0.8749285,-1,-1,-1
136,7395,218.93483,327.22467,29.611832,64.99997,0.82875514,-1,-1,-1
136,7400,565.68646,120.90526,31.340027,62.617523,0.87276584,-1,-1,-1
136,7410,100.908676,36.719418,67.79442,50.817303,0.8467076,-1,-1,-1
136,7427,421.13297,226.3698,47.914673,61.889084,0.90305716,-1,-1,-1
136,7426,921.3619,55.247658,45.549133,58.20475,0.7092727,-1,-1,-1
136,7433,410.20618,437.75955,48.3161,62.291107,0.8749652,-1,-1,-1
136,7434,572.32574,304.61127,43.627808,57.4169,0.8878975,-1,-1,-1
136,7437,460.8826,0.0,46.149475,32.158092,0.71958107,-1,-1,-1
137,7360,487.8401,238.18176,35.83142,61.05017,0.86465985,-1,-1,-1
137,7362,189.29474,86.15382,62.49051,46.514412,0.86264753,-1,-1,-1
137,7363,519.4126,166.20076,37.92975,71.738266,0.85010004,-1,-1,-1
137,7366,203.33057,48.135906,65.71533,49.798664,0.85786897,-1,-1,-1
137,7367,462.19266,339.50507,42.619324,61.05716,0.88303304,-1,-1,-1
137,7369,829.6016,309.99176,64.01166,49.787262,0.874368,-1,-1,-1
137,7371,254.4627,263.18423,103.10315,162.03186,0.8352595,-1,-1,-1
137,7377,305.29343,431.52484,50.133118,65.901,0.8778172,-1,-1,-1
137,7395,219.62418,326.52893,29.657593,65.1586,0.8308091,-1,-1,-1
137,7400,565.6043,121.43779,31.233215,62.59291,0.87202257,-1,-1,-1
137,7410,101.56616,36.915234,67.35649,50.50011,0.8497946,-1,-1,-1
137,7427,419.1906,230.44817,47.783173,61.693497,0.8859438,-1,-1,-1
137,7426,919.83954,55.05003,46.061523,58.684483,0.7272196,-1,-1,-1
137,7433,410.86908,436.6862,47.98065,61.97229,0.87636656,-1,-1,-1
137,7434,574.5628,298.54303,43.977234,57.943512,0.88298005,-1,-1,-1
137,7437,457.62463,0.0,51.44867,36.10988,0.78517765,-1,-1,-1
138,7360,487.58603,238.01413,35.893097,61.170044,0.8656081,-1,-1,-1
138,7362,189.94455,86.02234,62.69667,46.683914,0.86323154,-1,-1,-1
138,7363,519.2847,166.08838,37.87195,71.834564,0.84984565,-1,-1,-1
138,7366,203.94096,48.42586,65.45366,49.6229,0.86136127,-1,-1,-1
138,7367,462.3204,338.78412,42.61133,61.02643,0.88374555,-1,-1,-1
138,7369,828.7639,309.56036,63.64966,49.54315,0.8737888,-1,-1,-1
138,7371,253.99104,265.9235,102.681625,161.15677,0.828239,-1,-1,-1
138,7377,303.95367,434.70074,50.222046,65.962555,0.88123053,-1,-1,-1
138,7395,220.46176,326.01743,29.59076,65.05466,0.8149462,-1,-1,-1
138,7400,565.486,122.06386,31.024902,62.349472,0.86993116,-1,-1,-1
138,7410,102.29822,37.167427,67.1767,50.35945,0.8521445,-1,-1,-1
138,7427,416.8897,234.30164,47.7865,61.685425,0.8916355,-1,-1,-1
138,7426,919.2064,55.41011,46.084595,58.492332,0.69666135,-1,-1,-1
138,7433,411.36584,435.94275,47.358612,61.24234,0.88070774,-1,-1,-1
138,7434,577.30505,292.97192,43.88092,57.96295,0.8915675,-1,-1,-1
138,7437,454.45416,0.0,55.996613,39.68815,0.80650955,-1,-1,-1
139,7360,487.3166,237.85614,35.950684,61.308105,0.86367434,-1,-1,-1
139,7362,190.60619,85.910255,62.730194,46.737663,0.86484474,-1,-1,-1
139,7363,518.77997,165.69762,38.165283,72.52013,0.84857684,-1,-1,-1
139,7366,204.52798,48.71453,65.20413,49.428894,0.8656283,-1,-1,-1
139,7367,462.49426,338.1637,42.396576,60.66211,0.8838196,-1,-1,-1
139,7369,828.10846,309.34644,63.23169,49.2507,0.8753086,-1,-1,-1
139,7371,253.8069,268.87546,102.639755,161.1083,0.8044458,-1,-1,-1
139,7377,301.96448,437.90747,50.29187,66.07068,0.8755333,-1,-1,-1
139,7395,220.8725,325.67822,29.560226,64.92746,0.79717946,-1,-1,-1
139,7400,565.6237,122.75907,30.883484,62.378044,0.8694993,-1,-1,-1
139,7410,103.051056,37.38686,67.1391,50.33182,0.85038805,-1,-1,-1
139,7427,414.8906,238.84232,47.28705,60.93039,0.9001572,-1,-1,-1
139,7426,918.5289,55.87427,46.13318,58.4219,0.73613614,-1,-1,-1
139,7433,411.69446,434.8627,47.109467,61.013733,0.878866,-1,-1,-1
139,7434,579.3583,286.83728,43.777588,57.905396,0.8915454,-1,-1,-1
139,7437,452.11243,0.0,59.317627,42.62097,0.8245105,-1,-1,-1
140,7360,487.2345,237.69012,35.898926,61.12503,0.8692156,-1,-1,-1
140,7362,191.26456,85.84461,62.76262,46.81295,0.8651411,-1,-1,-1
140,7363,518.73035,165.48215,38.283997,72.79059,0.8460669,-1,-1,-1
140,7366,205.11287,48.917503,65.10713,49.334663,0.87082714,-1,-1,-1
140,7367,462.87137,337.5433,42.08368,60.13156,0.8859505,-1,-1,-1
140,7369,827.2523,308.9217,63.23358,49.401184,0.88448745,-1,-1,-1
140,7371,252.9351,273.98312,101.1707,158.02017,0.7965911,-1,-1,-1
140,7377,300.0792,441.12064,50.051514,65.79776,0.87932867,-1,-1,-1
140,7395,221.45152,325.42746,29.363434,64.36517,0.73524475,-1,-1,-1
140,7400,565.45886,123.05741,30.815552,62.51078,0.8587352,-1,-1,-1
140,7410,103.67747,37.06108,67.654655,50.768845,0.85061073,-1,-1,-1
140,7427,412.96353,242.61615,47.619568,61.38504,0.8999098,-1,-1,-1
140,7426,916.7732,55.695038,46.693848,59.134094,0.7753105,-1,-1,-1
140,7433,411.85788,433.58356,47.340637,61.48642,0.8757806,-1,-1,-1
140,7434,581.8611,280.87173,44.110107,58.427673,0.8899274,-1,-1,-1
140,7437,449.59097,0.0,62.787018,45.88395,0.8330022,-1,-1,-1
141,7360,487.39008,237.67783,35.831543,60.99228,0.8651757,-1,-1,-1
141,7362,191.8313,85.86108,62.736877,46.845665,0.8649893,-1,-1,-1
141,7363,518.7272,165.49696,38.235535,72.7646,0.8461034,-1,-1,-1
141,7366,205.71669,49.21945,64.82271,49.085083,0.87804306,-1,-1,-1
141,7367,462.8603,336.77448,42.267,60.39099,0.88590914,-1,-1,-1
141,7369,826.7097,308.6918,62.730225,49.03778,0.8752592,-1,-1,-1
141,7371,250.51587,276.47562,101.51999,158.2348,0.8150543,-1,-1,-1
141,7377,298.31262,444.72073,49.823425,65.491,0.880043,-1,-1,-1
141,7395,222.36697,325.46503,29.219696,63.880768,0.72142684,-1,-1,-1
141,7400,565.4885,123.49093,30.646912,62.48545,0.8597208,-1,-1,-1
141,7410,104.20567,36.71826,67.97919,51.0447,0.84718406,-1,-1,-1
141,7427,410.8766,246.58974,47.499023,61.36241,0.8918773,-1,-1,-1
141,7426,916.18396,55.46218,46.58246,58.93228,0.6649231,-1,-1,-1
141,7433,412.24646,432.36267,47.329407,61.630157,0.8779244,-1,-1,-1
141,7434,584.74896,275.67178,43.509094,57.69873,0.8873813,-1,-1,-1
141,7437,447.3801,0.0,65.68039,48.963528,0.85383904,-1,-1,-1
142,7360,487.56403,237.54755,35.76544,60.920197,0.8687962,-1,-1,-1
142,7362,192.31209,85.83173,62.897034,47.01023,0.8634173,-1,-1,-1
142,7363,518.7805,165.76112,38.03717,72.44292,0.8461706,-1,-1,-1
142,7366,206.28041,49.383846,64.74245,49.017323,0.87889427,-1,-1,-1
142,7367,463.0113,335.86304,42.21878,60.266907,0.89321107,-1,-1,-1
142,7369,825.8275,308.4097,62.326843,48.68814,0.8736767,-1,-1,-1
142,7371,249.47993,278.6716,101.70647,158.1995,0.80875784,-1,-1,-1
142,7377,296.73056,448.47552,49.456757,64.92462,0.87528783,-1,-1,-1
142,7395,222.75272,324.77142,29.659698,64.68683,0.74759007,-1,-1,-1
142,7400,565.4408,123.87844,30.590088,62.684486,0.86087704,-1,-1,-1
142,7410,104.959946,36.668655,68.02478,51.12484,0.84898263,-1,-1,-1
142,7427,408.86334,250.5275,47.452972,61.272186,0.8875836,-1,-1,-1
142,7426,914.8626,55.23472,47.19391,59.70569,0.70974696,-1,-1,-1
142,7433,412.7979,431.30966,47.193237,61.54306,0.8741217,-1,-1,-1
142,7434,587.57574,269.91257,43.167908,57.247375,0.8803076,-1,-1,-1
142,7437,444.236,0.0,69.15805,52.82806,0.8574002,-1,-1,-1
143,7360,487.689,237.42284,35.676544,60.8058,0.87089604,-1,-1,-1
143,7362,192.97137,85.935,62.800934,46.9364,0.8623376,-1,-1,-1
143,7363,518.71484,165.82379,37.854004,72.18857,0.84683496,-1,-1,-1
143,7366,206.88652,49.651146,64.51384,48.81835,0.8730029,-1,-1,-1
143,7367,463.14603,334.9457,42.269745,60.319,0.89328516,-1,-1,-1
143,7369,824.96075,308.30423,61.913757,48.31671,0.86558926,-1,-1,-1
143,7371,249.74034,281.8164,101.25856,157.07077,0.75715506,-1,-1,-1
143,7377,294.89163,452.0196,49.013428,64.18469,0.86846465,-1,-1,-1
143,7395,223.17874,324.2442,29.770264,64.881226,0.77950746,-1,-1,-1
143,7400,565.2265,124.1574,30.776917,63.301888,0.862196,-1,-1,-1
143,7410,105.72824,37.02655,67.60867,50.826233,0.8464941,-1,-1,-1
143,7427,407.28253,254.75864,47.353912,61.03238,0.88214767,-1,-1,-1
143,7426,913.60205,55.32936,47.215637,59.61329,0.7518114,-1,-1,-1
143,7433,413.376,430.31866,47.032104,61.40399,0.87430716,-1,-1,-1
143,7434,590.0488,264.2803,43.357056,57.58737,0.8816471,-1,-1,-1
143,7437,441.8567,0.0,71.05554,55.790936,0.8709274,-1,-1,-1
144,7360,487.67172,237.3475,35.59726,60.73517,0.8699127,-1,-1,-1
144,7362,193.4025,85.954346,62.756104,46.904114,0.8619231,-1,-1,-1
144,7363,518.5466,165.80083,37.743164,72.111145,0.848451,-1,-1,-1
144,7366,206.78856,49.824078,64.32695,48.641064,0.86961645,-1,-1,-1
144,7367,463.22183,334.29947,42.24579,60.282104,0.89207226,-1,-1,-1
144,7369,824.22473,308.2758,61.59082,47.99585,0.8590114,-1,-1,-1
144,7371,245.98006,285.5214,101.732925,157.97397,0.839474,-1,-1,-1
144,7377,292.84274,454.9472,49.264404,64.531006,0.8756746,-1,-1,-1
144,7395,223.51541,323.8486,29.779648,64.777374,0.79711515,-1,-1,-1
144,7400,565.04144,124.71784,30.725952,63.35978,0.860775,-1,-1,-1
144,7410,106.65205,37.55185,66.87693,50.249832,0.8474535,-1,-1,-1
144,7427,404.83185,258.511,47.984436,61.86081,0.8882212,-1,-1,-1
144,7426,912.2342,55.490532,47.495422,59.814835,0.7288076,-1,-1,-1
144,7433,413.45886,429.20386,47.09665,61.50238,0.88050187,-1,-1,-1
144,7434,592.6506,258.92587,43.011047,57.24054,0.8825817,-1,-1,-1
144,7437,439.84894,0.8498934,71.960785,58.140785,0.8746987,-1,-1,-1
145,7360,487.54382,237.14299,35.573486,60.751144,0.8733272,-1,-1,-1
145,7362,193.77473,85.920586,62.82994,46.96215,0.86086583,-1,-1,-1
145,7363,518.47943,165.66817,37.603455,71.9594,0.8505749,-1,-1,-1
145,7366,206.96997,49.83584,64.35037,48.63939,0.884823,-1,-1,-1
145,7367,463.26462,333.71283,42.1463,60.14261,0.8918088,-1,-1,-1
145,7369,823.5052,308.12927,61.47589,47.847992,0.86087114,-1,-1,-1
145,7371,244.16599,286.8808,102.59656,159.54517,0.8662829,-1,-1,-1
145,7377,291.04608,458.23752,49.440765,64.794464,0.87019604,-1,-1,-1
145,7395,223.75401,323.35684,29.71164,64.50217,0.8205776,-1,-1,-1
145,7400,564.9507,125.40094,30.585876,63.170135,0.8584126,-1,-1,-1
145,7410,107.03665,37.862858,66.73656,50.110455,0.84416807,-1,-1,-1
145,7427,402.1843,263.11365,48.22101,62.107788,0.88804144,-1,-1,-1
145,7426,911.2789,55.93963,47.425537,59.60862,0.6936092,-1,-1,-1
145,7433,413.62973,428.64108,47.149506,61.68393,0.87432355,-1,-1,-1
145,7434,595.1179,253.34541,43.01886,57.386948,0.8865554,-1,-1,-1
145,7437,438.9233,3.3145642,70.8327,58.989506,0.8875511,-1,-1,-1
146,7360,487.4771,237.09926,35.407288,60.49019,0.87476546,-1,-1,-1
146,7362,194.00294,86.17719,62.574753,46.72489,0.86001706,-1,-1,-1
146,7363,518.4519,165.68149,37.499023,71.84596,0.8489091,-1,-1,-1
146,7366,207.55202,49.759693,64.57744,48.79717,0.8604778,-1,-1,-1
146,7367,463.2639,333.00034,41.98285,59.91562,0.8915118,-1,-1,-1
146,7369,823.0496,308.18652,61.242493,47.646698,0.86197144,-1,-1,-1
146,7371,242.68556,287.6593,103.34425,160.79498,0.88197637,-1,-1,-1
146,7377,289.07263,461.61282,49.399902,64.73801,0.8719799,-1,-1,-1
146,7395,223.97292,322.9169,29.569916,64.045135,0.82185197,-1,-1,-1
146,7400,564.8386,126.01675,30.465027,63.013542,0.8605635,-1,-1,-1
146,7410,107.43925,37.96175,66.824776,50.17066,0.84436935,-1,-1,-1
146,7427,400.26816,267.59778,48.218506,62.125244,0.89689916,-1,-1,-1
146,7426,910.39874,56.349174,47.27771,59.26487,0.77059615,-1,-1,-1
146,7433,413.81372,427.9162,47.082367,61.69751,0.876583,-1,-1,-1
146,7434,597.81494,247.82854,42.568054,56.85112,0.902018,-1,-1,-1
146,7437,438.294,6.2769003,68.69223,58.97091,0.8790372,-1,-1,-1
147,7360,487.6471,237.02762,35.072754,59.90268,0.87729096,-1,-1,-1
147,7362,194.33177,86.345085,62.38591,46.56504,0.8618662,-1,-1,-1
147,7363,518.45435,165.69604,37.280212,71.50899,0.8504963,-1,-1,-1
147,7366,208.00546,49.810635,64.54495,48.767025,0.8595153,-1,-1,-1
147,7367,463.74365,332.5908,41.515686,59.234985,0.88998646,-1,-1,-1
147,7369,822.376,307.81845,61.33667,47.743744,0.8682104,-1,-1,-1
147,7371,242.10924,289.5087,103.19618,160.5798,0.8833366,-1,-1,-1
147,7377,287.15915,465.07483,49.18857,64.492065,0.86699533,-1,-1,-1
147,7395,224.64072,322.3662,29.45082,63.639862,0.8231849,-1,-1,-1
147,7400,564.7182,126.58551,30.351074,62.86151,0.865018,-1,-1,-1
147,7410,107.93307,37.963512,66.840065,50.174816,0.8442262,-1,-1,-1
147,7427,398.337,271.54028,48.169403,62.331085,0.90186334,-1,-1,-1
147,7426,909.8518,56.73266,46.930176,58.732803,0.792481,-1,-1,-1
147,7433,414.1522,427.20264,46.77939,61.386414,0.8846461,-1,-1,-1
147,7434,600.37964,242.46416,42.328796,56.52397,0.88223535,-1,-1,-1
147,7437,437.47742,9.24676,66.6236,58.962162,0.883937,-1,-1,-1
148,7360,487.75067,236.889,34.947327,59.661774,0.8797237,-1,-1,-1
148,7362,194.6961,86.38942,62.305145,46.51126,0.8595303,-1,-1,-1
148,7363,518.4075,165.66591,37.11847,71.27391,0.8520846,-1,-1,-1
148,7366,208.5972,49.66809,64.52637,48.725586,0.8554468,-1,-1,-1
148,7367,464.1351,332.01254,41.25403,58.838287,0.8893427,-1,-1,-1
148,7369,821.853,307.43927,61.550232,47.96292,0.86567694,-1,-1,-1
148,7371,241.8528,291.9525,102.8531,159.96976,0.8794466,-1,-1,-1
148,7377,285.35806,468.2944,48.942017,64.04837,0.8724996,-1,-1,-1
148,7395,225.2353,321.80414,29.426544,63.428436,0.8339181,-1,-1,-1
148,7400,564.57623,127.14515,30.2323,62.669624,0.8693868,-1,-1,-1
148,7410,108.356155,37.968643,66.84416,50.18197,0.84065616,-1,-1,-1
148,7427,396.48694,275.53397,48.09317,62.368835,0.8961511,-1,-1,-1
148,7426,909.1833,56.927856,46.81494,58.443558,0.78239125,-1,-1,-1
148,7433,414.56384,426.30933,46.67633,61.287445,0.8893318,-1,-1,-1
148,7434,603.155,237.18713,42.085327,56.11029,0.8800178,-1,-1,-1
148,7437,436.6634,12.146886,64.600555,58.866955,0.8827456,-1,-1,-1
149,7360,487.71362,236.68005,34.908936,59.589294,0.88040423,-1,-1,-1
149,7362,194.75505,86.02597,62.79454,46.91179,0.8701378,-1,-1,-1
149,7363,518.57367,165.25618,37.044556,71.515015,0.8545967,-1,-1,-1
149,7366,208.98227,49.61483,64.56256,48.73958,0.8530825,-1,-1,-1
149,7367,464.32715,331.31335,41.190674,58.723663,0.8886749,-1,-1,-1
149,7369,821.4163,307.3439,61.17865,47.67166,0.87006146,-1,-1,-1
149,7371,240.31831,296.06073,101.98012,158.1354,0.85553604,-1,-1,-1
149,7377,283.39755,471.76282,48.84256,63.861694,0.85719913,-1,-1,-1
149,7395,225.50385,321.21487,30.107422,64.78714,0.84406626,-1,-1,-1
149,7400,564.56,127.990654,29.957153,62.154716,0.870865,-1,-1,-1
149,7410,108.975426,38.046757,66.74294,50.14133,0.8359598,-1,-1,-1
149,7427,394.66226,279.96365,47.589874,61.72635,0.90078294,-1,-1,-1
149,7426,908.33466,57.062683,46.8313,58.330444,0.7804124,-1,-1,-1
149,7433,414.88318,425.4657,46.486084,61.024506,0.88797504,-1,-1,-1
149,7434,605.5967,231.84235,41.805786,55.752563,0.87639403,-1,-1,-1
149,7437,435.80164,15.481982,62.652466,58.769527,0.89445037,-1,-1,-1
150,7360,487.56873,236.28532,34.922913,59.723587,0.8778903,-1,-1,-1
150,7362,195.65294,86.427986,62.19066,46.434975,0.8589472,-1,-1,-1
150,7363,518.58624,164.96448,36.938354,71.64635,0.8571346,-1,-1,-1
150,7366,209.39848,49.637436,64.50145,48.67987,0.8521015,-1,-1,-1
150,7367,464.33508,330.56976,41.310272,58.862915,0.8870327,-1,-1,-1
150,7369,820.7144,306.7353,61.57013,48.124207,0.8665115,-1,-1,-1
150,7371,239.82668,298.615,101.745834,157.35507,0.84504044,-1,-1,-1
150,7377,281.84427,475.36578,48.056854,62.620667,0.85444635,-1,-1,-1
150,7395,225.63104,320.77246,30.379791,65.14743,0.8412173,-1,-1,-1
150,7400,564.5534,128.69597,29.743835,61.754517,0.86762744,-1,-1,-1
150,7410,109.59613,38.200348,66.803665,50.24141,0.834921,-1,-1,-1
150,7427,392.3964,283.77603,47.732483,62.087097,0.9012836,-1,-1,-1
150,7426,907.7028,57.096283,47.051758,58.549057,0.79119,-1,-1,-1
150,7433,415.0305,424.8823,46.413757,60.8804,0.8876496,-1,-1,-1
150,7434,608.1291,226.53992,41.692566,55.50119,0.87668484,-1,-1,-1
150,7437,435.62216,19.061262,60.0838,57.9358,0.8983204,-1,-1,-1
151,7360,487.44232,235.88539,34.962585,59.88704,0.8793623,-1,-1,-1
151,7362,196.29791,86.57808,61.846954,46.13115,0.86074543,-1,-1,-1
151,7363,518.61957,164.80194,36.804382,71.69812,0.86035573,-1,-1,-1
151,7366,209.84589,49.637264,64.544525,48.697765,0.85455245,-1,-1,-1
151,7367,464.0771,329.55078,41.81656,59.600098,0.8893116,-1,-1,-1
151,7369,820.23596,306.24878,61.56836,48.272797,0.8682817,-1,-1,-1
151,7371,238.00925,302.4175,101.17984,155.59128,0.83453465,-1,-1,-1
151,7377,280.91644,478.73468,46.62436,60.43817,0.84983784,-1,-1,-1
151,7395,225.95564,320.10574,30.609604,65.42917,0.8429783,-1,-1,-1
151,7400,564.6118,129.23494,29.528137,61.356583,0.86859316,-1,-1,-1
151,7410,110.29941,38.51758,66.561295,50.076706,0.83778423,-1,-1,-1
151,7427,390.60184,287.95557,47.745026,62.213654,0.89044374,-1,-1,-1
151,7426,907.3244,57.214417,46.97888,58.376602,0.80020297,-1,-1,-1
151,7433,415.27042,424.05856,46.345734,60.778503,0.8904986,-1,-1,-1
151,7434,610.65784,221.0221,41.728027,55.539307,0.88829106,-1,-1,-1
151,7437,434.94452,22.61423,58.138855,57.5456,0.90164095,-1,-1,-1
151,7448,0.14361407,263.86038,19.228193,32.853577,0.35322055,-1,-1,-1
152,7360,487.47287,235.65973,34.96524,59.888763,0.8809851,-1,-1,-1
152,7362,196.73111,86.45068,61.98575,46.199783,0.86081475,-1,-1,-1
152,7363,518.6167,164.46982,36.702698,71.809906,0.85380363,-1,-1,-1
152,7366,210.16609,49.606438,64.43465,48.577286,0.8573527,-1,-1,-1
152,7367,463.97452,328.88657,41.98297,59.859253,0.88918465,-1,-1,-1
152,7369,819.77747,305.92053,61.420776,48.265198,0.8691875,-1,-1,-1
152,7371,237.00186,305.0535,101.1752,154.81549,0.8340439,-1,-1,-1
152,7377,280.38504,481.78418,44.838104,57.50775,0.8360338,-1,-1,-1
152,7395,226.4933,319.83075,30.558456,65.183716,0.8400076,-1,-1,-1
152,7400,564.62524,129.55827,29.483887,61.233368,0.86746293,-1,-1,-1
152,7410,110.90934,38.726402,66.38157,49.97415,0.8370524,-1,-1,-1
152,7427,388.95673,292.63324,47.46524,61.89023,0.8945273,-1,-1,-1
152,7426,906.5296,57.188763,46.985535,58.24107,0.79704314,-1,-1,-1
152,7433,415.51382,423.25278,46.258057,60.68036,0.8888304,-1,-1,-1
152,7434,613.2539,215.52571,41.634766,55.413406,0.87437075,-1,-1,-1
152,7437,434.1634,25.73974,56.48642,57.28135,0.90018386,-1,-1,-1
152,7448,0.50742334,263.88727,19.43151,33.158844,0.33450153,-1,-1,-1
153,7360,487.35095,235.23624,34.974426,59.940186,0.88011974,-1,-1,-1
153,7362,197.15096,86.32118,62.030716,46.2023,0.8614455,-1,-1,-1
153,7363,518.22217,164.51053,36.613464,71.74272,0.85092634,-1,-1,-1
153,7366,210.50165,49.628273,64.37668,48.507927,0.86295056,-1,-1,-1
153,7367,463.95923,328.31027,42.06906,59.98877,0.88951534,-1,-1,-1
153,7369,819.4734,305.64505,61.27765,48.23935,0.8695485,-1,-1,-1
153,7371,235.55794,306.62024,101.9789,155.43509,0.84191096,-1,-1,-1
153,7377,279.96716,485.22333,42.46945,53.67401,0.83792,-1,-1,-1
153,7395,226.949,319.46783,30.462158,64.84314,0.83970404,-1,-1,-1
153,7400,564.7534,130.05844,29.465698,61.1866,0.8678331,-1,-1,-1
153,7410,111.59576,38.961525,65.96958,49.669807,0.8361983,-1,-1,-1
153,7427,386.95987,296.835,47.17688,61.603485,0.89644444,-1,-1,-1
153,7426,905.5879,57.261204,47.240417,58.283024,0.7831112,-1,-1,-1
153,7433,415.6604,422.4797,46.371704,60.970306,0.8880576,-1,-1,-1
153,7434,615.9309,210.33107,41.524902,55.203964,0.8855412,-1,-1,-1
153,7437,432.8745,28.926384,55.379852,57.53533,0.89994997,-1,-1,-1
153,7448,0.9531411,263.57095,19.267942,32.77423,0.3559795,-1,-1,-1
154,7360,487.31854,234.88876,34.92749,59.889954,0.87959135,-1,-1,-1
154,7362,197.56403,86.26999,62.01602,46.17694,0.85931,-1,-1,-1
154,7363,518.09595,164.5009,36.537537,71.66414,0.85149753,-1,-1,-1
154,7366,210.90381,49.714046,64.35663,48.485218,0.86906874,-1,-1,-1
154,7367,464.0756,327.76498,42.017242,59.838196,0.91009295,-1,-1,-1
154,7369,818.9939,305.3734,60.998596,48.033386,0.8753938,-1,-1,-1
154,7371,234.55437,308.8828,102.44939,155.5802,0.8419276,-1,-1,-1
154,7377,279.78787,488.35892,40.14499,49.88791,0.8282266,-1,-1,-1
154,7395,227.29182,319.3872,30.39122,64.46307,0.8397491,-1,-1,-1
154,7400,564.7065,130.62581,29.585693,61.466797,0.8647024,-1,-1,-1
154,7410,112.17319,39.08922,65.80649,49.541504,0.8391661,-1,-1,-1
154,7427,384.78552,301.0445,47.334442,61.9386,0.89410686,-1,-1,-1
154,7426,904.6912,57.24662,47.676147,58.565636,0.76272863,-1,-1,-1
154,7433,415.85547,421.7425,46.332092,61.016937,0.8879276,-1,-1,-1
154,7434,618.38306,205.12944,41.50586,55.227463,0.8846795,-1,-1,-1
154,7437,432.33624,32.15074,53.705475,57.049034,0.89921224,-1,-1,-1
154,7448,1.1475451,263.28833,19.609867,33.207947,0.3871537,-1,-1,-1
155,7360,487.3362,234.58049,34.87961,59.827286,0.87892115,-1,-1,-1
155,7362,197.90385,86.29105,61.866043,46.05517,0.86021,-1,-1,-1
155,7363,518.0488,164.4843,36.47815,71.56856,0.85201746,-1,-1,-1
155,7366,211.2639,49.787266,64.28786,48.44367,0.8727523,-1,-1,-1
155,7367,463.92175,327.37283,42.00418,59.854553,0.891817,-1,-1,-1
155,7369,818.23596,305.10004,60.91919,47.944916,0.8768574,-1,-1,-1
155,7371,234.67813,311.72458,102.158966,154.62378,0.8203026,-1,-1,-1
155,7377,279.62216,491.24042,38.057037,46.52594,0.81544864,-1,-1,-1
155,7395,227.53177,319.12912,30.29361,64.00098,0.84003973,-1,-1,-1
155,7400,564.83813,131.46791,29.594482,61.44203,0.87057436,-1,-1,-1
155,7410,112.238235,38.60827,66.37915,49.953743,0.8407975,-1,-1,-1
155,7427,383.40225,305.62946,46.98468,61.576294,0.9057983,-1,-1,-1
155,7426,903.9551,57.09893,47.93286,58.811028,0.77636045,-1,-1,-1
155,7433,416.25342,421.0621,45.85388,60.375183,0.8898973,-1,-1,-1
155,7434,620.82275,199.69081,41.438965,55.13214,0.8847326,-1,-1,-1
155,7437,431.20734,35.31827,52.704803,57.163418,0.89216846,-1,-1,-1
155,7448,1.2886158,263.0576,20.114092,33.861694,0.32858223,-1,-1,-1
156,7360,487.28903,234.21918,34.951874,59.96634,0.8777957,-1,-1,-1
156,7362,198.29591,85.95847,61.986496,46.211845,0.8606082,-1,-1,-1
156,7363,518.0211,164.35767,36.427856,71.45732,0.85256207,-1,-1,-1
156,7366,211.71352,49.931473,64.02788,48.25644,0.8774802,-1,-1,-1
156,7367,463.9104,326.98514,41.84903,59.67212,0.89068127,-1,-1,-1
156,7369,817.6749,304.96667,60.555054,47.585266,0.8761728,-1,-1,-1
156,7371,230.94292,313.14178,103.72359,156.98419,0.820123,-1,-1,-1
156,7377,279.37183,494.09854,36.37372,43.627655,0.762206,-1,-1,-1
156,7395,227.8209,318.62628,30.389053,63.991516,0.83668584,-1,-1,-1
156,7400,564.7912,132.19223,29.680908,61.535995,0.8678076,-1,-1,-1
156,7410,112.79107,38.37554,66.14013,49.78441,0.8328775,-1,-1,-1
156,7427,381.45068,309.68036,46.60739,61.058685,0.9017849,-1,-1,-1
156,7426,903.6803,57.141415,47.982117,58.848972,0.7895047,-1,-1,-1
156,7433,416.48416,420.1962,45.744568,60.26352,0.8893127,-1,-1,-1
156,7434,623.572,194.45862,41.229614,54.90912,0.8891593,-1,-1,-1
156,7437,430.1778,38.211037,51.727203,57.168945,0.88830245,-1,-1,-1
156,7448,1.5044473,263.055,20.1578,33.65097,0.30648753,-1,-1,-1
157,7360,487.33432,234.00705,34.877777,59.843964,0.8754026,-1,-1,-1
157,7362,198.68954,85.7876,61.808563,46.13008,0.8610499,-1,-1,-1
157,7363,518.0341,164.30527,36.35028,71.26373,0.8530515,-1,-1,-1
157,7366,212.10129,49.981007,63.885437,48.163654,0.88078773,-1,-1,-1
157,7367,463.96762,326.6157,41.690155,59.490997,0.89042145,-1,-1,-1
157,7369,817.2508,304.90015,60.13794,47.1586,0.8794521,-1,-1,-1
157,7371,229.47032,314.92355,104.304276,157.91971,0.8532288,-1,-1,-1
157,7377,278.66562,497.48322,34.76758,40.699036,0.7640956,-1,-1,-1
157,7395,228.14998,318.5892,30.222488,63.572052,0.8403118,-1,-1,-1
157,7400,564.6967,132.91512,29.666138,61.446564,0.8626267,-1,-1,-1
157,7410,113.29402,38.383064,65.83737,49.560303,0.8265984,-1,-1,-1
157,7427,378.9216,313.84647,46.88977,61.484863,0.8850876,-1,-1,-1
157,7426,903.6218,57.22055,47.7146,58.496292,0.80315286,-1,-1,-1
157,7433,416.39145,419.4453,45.928467,60.58908,0.8864694,-1,-1,-1
157,7434,626.2285,189.37979,40.79358,54.33281,0.8826382,-1,-1,-1
157,7437,428.86627,41.429394,51.04184,57.44588,0.88764733,-1,-1,-1
157,7448,1.667969,263.09534,20.33004,33.59073,0.43924943,-1,-1,-1
158,7360,487.32922,233.80063,34.848877,59.78253,0.8742778,-1,-1,-1
158,7362,199.04218,85.722984,61.64798,46.051003,0.8581149,-1,-1,-1
158,7363,518.04266,164.26476,36.298767,71.096405,0.853294,-1,-1,-1
158,7366,212.34741,49.94348,63.964508,48.24375,0.8820643,-1,-1,-1
158,7367,464.116,326.283,41.461395,59.198578,0.8898974,-1,-1,-1
158,7369,816.89764,304.66812,60.119263,47.0618,0.8782863,-1,-1,-1
158,7371,228.58083,316.66623,104.80443,158.72766,0.8641145,-1,-1,-1
158,7377,278.16412,500.85764,32.987793,37.46396,0.61470234,-1,-1,-1
158,7395,228.22366,318.39066,30.253113,63.533356,0.84028095,-1,-1,-1
158,7400,564.77295,133.5057,29.720886,61.468277,0.8573923,-1,-1,-1
158,7410,113.638794,38.921555,65.424255,49.181183,0.8283893,-1,-1,-1
158,7427,377.16647,318.547,46.72336,61.278595,0.9063219,-1,-1,-1
158,7426,903.606,57.437836,47.004333,57.617607,0.8013861,-1,-1,-1
158,7433,416.449,418.8058,45.94275,60.685333,0.88645184,-1,-1,-1
158,7434,628.67914,184.14427,40.90454,54.440567,0.8854299,-1,-1,-1
158,7437,427.9598,44.623928,49.89673,57.07958,0.8999246,-1,-1,-1
158,7448,1.8957088,263.1209,20.36585,33.207397,0.4561928,-1,-1,-1
159,7360,487.29456,233.58357,34.8714,59.817856,0.8725501,-1,-1,-1
159,7362,199.47072,85.68354,61.511,45.987663,0.8562547,-1,-1,-1
159,7363,518.047,164.23106,36.28131,71.002014,0.8524958,-1,-1,-1
159,7366,212.69818,49.986538,63.915466,48.227795,0.88338816,-1,-1,-1
159,7367,464.29416,325.97528,41.23297,58.865723,0.89186835,-1,-1,-1
159,7369,816.42676,304.33478,60.280396,47.108063,0.8784349,-1,-1,-1
159,7371,228.17,319.2184,104.66118,158.67023,0.8708956,-1,-1,-1
159,7377,277.66782,504.31006,31.17456,34.42096,0.5367405,-1,-1,-1
159,7395,228.41428,318.07944,30.30716,63.54367,0.83570004,-1,-1,-1
159,7400,564.7266,134.34482,29.635742,61.199356,0.8552923,-1,-1,-1
159,7410,113.8046,38.59135,65.60552,49.296597,0.8328378,-1,-1,-1
159,7427,375.20453,322.66766,46.430084,60.946228,0.8998952,-1,-1,-1
159,7426,903.42676,57.579323,46.58142,57.128395,0.80146927,-1,-1,-1
159,7433,416.58328,418.18152,45.88977,60.684967,0.87967765,-1,-1,-1
159,7434,630.8477,178.81628,41.217285,54.899063,0.88860875,-1,-1,-1
159,7437,426.6407,47.759373,49.32135,57.22658,0.89838165,-1,-1,-1
159,7448,1.8502619,263.10992,20.859749,33.58969,0.50386566,-1,-1,-1
160,7360,487.10086,233.30544,35.012787,60.054367,0.87008727,-1,-1,-1
160,7362,199.7722,85.57519,61.80095,46.251625,0.8664191,-1,-1,-1
160,7363,518.0925,164.23093,36.220886,70.81094,0.8544267,-1,-1,-1
160,7366,212.9719,49.99876,63.81964,48.173115,0.8811677,-1,-1,-1
160,7367,464.33124,325.63614,41.139374,58.743256,0.8919662,-1,-1,-1
160,7369,815.73535,303.77667,60.92749,47.737732,0.8831463,-1,-1,-1
160,7371,227.82712,322.33643,104.63541,158.93103,0.8718979,-1,-1,-1
160,7395,228.2917,317.57327,30.531784,63.7352,0.8381795,-1,-1,-1
160,7400,564.6509,135.13428,29.60791,61.0858,0.85771465,-1,-1,-1
160,7410,114.20067,38.39232,65.591705,49.279236,0.83777714,-1,-1,-1
160,7427,372.63788,326.443,47.22336,62.15683,0.8910421,-1,-1,-1
160,7426,902.9017,57.64447,46.51129,57.002327,0.80090046,-1,-1,-1
160,7433,416.72574,417.69394,45.71115,60.55191,0.880558,-1,-1,-1
160,7434,633.2373,173.4972,41.024963,54.643875,0.8900209,-1,-1,-1
160,7437,425.40472,50.58995,48.534546,57.069374,0.89594275,-1,-1,-1
160,7448,1.8021717,262.9388,21.297932,33.858124,0.5773697,-1,-1,-1
161,7360,487.0566,233.10384,35.07773,60.131546,0.869761,-1,-1,-1
161,7362,200.04878,85.567505,61.854233,46.32094,0.8621441,-1,-1,-1
161,7363,518.10657,164.17224,36.28882,70.84999,0.8552644,-1,-1,-1
161,7366,213.20604,50.02536,63.78282,48.161377,0.8795777,-1,-1,-1
161,7367,464.26263,325.241,41.20453,58.85321,0.89423937,-1,-1,-1
161,7369,815.4776,303.84705,60.51947,47.351624,0.87627816,-1,-1,-1
161,7371,227.43164,325.56732,104.31247,158.86795,0.8465842,-1,-1,-1
161,7395,228.56306,317.3556,30.52797,63.52472,0.8354509,-1,-1,-1
161,7400,564.7701,135.89883,29.57727,60.9245,0.8566788,-1,-1,-1
161,7410,114.54204,38.427536,65.4561,49.169792,0.8400579,-1,-1,-1
161,7427,370.96265,330.74042,47.26523,62.315033,0.91162604,-1,-1,-1
161,7426,902.6268,57.660767,46.4057,56.966225,0.80921793,-1,-1,-1
161,7433,416.8141,416.99588,45.71881,60.69272,0.883734,-1,-1,-1
161,7434,635.8193,168.18826,40.91211,54.51024,0.8809177,-1,-1,-1
161,7437,423.93747,53.704952,48.19568,57.37482,0.8835013,-1,-1,-1
161,7448,1.8260566,262.80817,21.572155,33.81662,0.5529905,-1,-1,-1
161,7449,508.48807,0.0,47.7211,34.530285,0.51761234,-1,-1,-1
162,7360,486.95523,232.89038,35.07962,60.11963,0.8645346,-1,-1,-1
162,7362,200.22952,85.428375,61.882233,46.36435,0.8967577,-1,-1,-1
162,7363,518.054,164.05391,36.304077,70.74361,0.8543051,-1,-1,-1
162,7366,213.34537,49.926514,63.781708,48.197998,0.8782691,-1,-1,-1
162,7367,464.22485,324.91678,41.249695,58.9216,0.8942822,-1,-1,-1
162,7369,815.2103,303.74127,60.341064,47.155945,0.87603664,-1,-1,-1
162,7371,225.7825,327.97607,103.772125,158.09799,0.7842398,-1,-1,-1
162,7395,228.4394,316.8173,30.702316,63.52841,0.8361651,-1,-1,-1
162,7400,564.654,136.57036,29.665344,60.924133,0.8617387,-1,-1,-1
162,7410,114.84933,38.29797,65.39051,49.146236,0.8421077,-1,-1,-1
162,7427,368.57214,334.4134,47.608856,62.870667,0.8921255,-1,-1,-1
162,7426,902.2373,57.616245,46.484375,57.189022,0.8103002,-1,-1,-1
162,7433,417.0452,416.32516,45.501038,60.47583,0.8892365,-1,-1,-1
162,7434,638.5351,163.09555,40.629456,54.14073,0.88419425,-1,-1,-1
162,7437,422.7549,56.70441,47.57199,57.330463,0.8912712,-1,-1,-1
162,7448,2.0180972,262.63513,21.669363,33.39789,0.5548401,-1,-1,-1
162,7449,507.10178,0.0,49.9971,36.185368,0.50999725,-1,-1,-1
163,7360,486.7488,232.75348,35.07132,60.107727,0.86297137,-1,-1,-1
163,7362,200.31577,85.25276,61.996246,46.48532,0.8737631,-1,-1,-1
163,7363,517.8783,163.94736,36.249817,70.530365,0.8546815,-1,-1,-1
163,7366,213.51349,49.79256,63.811005,48.26134,0.8792548,-1,-1,-1
163,7367,464.0775,324.58975,41.254944,58.934235,0.89370733,-1,-1,-1
163,7369,814.49805,303.39636,60.725525,47.47928,0.88494915,-1,-1,-1
163,7371,225.12401,331.00986,102.85774,156.71982,0.75620127,-1,-1,-1
163,7395,228.5417,316.62854,30.718338,63.285522,0.8393739,-1,-1,-1
163,7400,564.6795,137.51225,29.65857,60.699387,0.8646383,-1,-1,-1
163,7410,115.21628,38.069607,65.26152,49.07548,0.8453589,-1,-1,-1
163,7427,365.87323,338.75882,47.53064,62.77658,0.88296515,-1,-1,-1
163,7426,901.785,57.64968,46.595764,57.436638,0.8033051,-1,-1,-1
163,7433,417.204,415.89172,45.30664,60.283875,0.8906748,-1,-1,-1
163,7434,641.0307,157.55234,40.779175,54.33078,0.8769475,-1,-1,-1
163,7437,421.5197,59.987133,46.854065,57.00443,0.88758653,-1,-1,-1
163,7448,2.1166413,262.59952,21.864817,33.104767,0.47814324,-1,-1,-1
163,7449,506.28677,0.0,52.9852,38.365337,0.3145835,-1,-1,-1
164,7360,486.54172,232.61562,34.992523,59.947067,0.8625083,-1,-1,-1
164,7362,200.32635,85.30041,61.7623,46.253166,0.88596696,-1,-1,-1
164,7363,517.5913,163.45312,36.544434,71.030365,0.85715455,-1,-1,-1
164,7366,213.69894,49.626072,63.79132,48.290653,0.8796333,-1,-1,-1
164,7367,463.926,324.30136,41.295837,59.01111,0.8938606,-1,-1,-1
164,7369,814.18036,303.26733,60.427612,47.193085,0.875838,-1,-1,-1
164,7371,223.57124,334.40842,101.425644,154.14685,0.75223815,-1,-1,-1
164,7395,228.53625,316.42474,30.775543,63.170776,0.8439054,-1,-1,-1
164,7400,564.3355,138.178,30.041138,61.2455,0.86513156,-1,-1,-1
164,7410,115.4721,37.998234,65.0534,48.91573,0.84483206,-1,-1,-1
164,7427,363.69525,343.3429,47.282898,62.414185,0.90880764,-1,-1,-1
164,7426,902.0941,57.937378,46.18976,57.10666,0.7932499,-1,-1,-1
164,7433,417.33264,415.44635,45.092224,60.02649,0.89387286,-1,-1,-1
164,7434,643.6617,152.03766,40.745728,54.286438,0.89000666,-1,-1,-1
164,7437,420.24725,62.84112,46.36682,56.954494,0.89010674,-1,-1,-1
164,7448,2.1793911,262.4599,22.088043,32.83246,0.41974083,-1,-1,-1
164,7449,504.79172,0.0,54.768524,39.67575,0.37149572,-1,-1,-1
165,7360,486.35547,232.63324,34.996582,59.888123,0.8621803,-1,-1,-1
165,7362,200.21251,85.040695,61.903732,46.365677,0.8798059,-1,-1,-1
165,7363,517.4507,163.23505,36.628357,71.12953,0.85815996,-1,-1,-1
165,7366,213.92662,49.42966,63.670883,48.228634,0.87780386,-1,-1,-1
165,7367,463.90518,324.15738,41.175873,58.810425,0.8938316,-1,-1,-1
165,7369,813.80707,303.05905,60.448975,47.171326,0.8756251,-1,-1,-1
165,7371,218.43343,338.96454,101.64534,154.07037,0.76655245,-1,-1,-1
165,7395,228.64348,316.1177,30.798141,63.064972,0.8475825,-1,-1,-1
165,7400,564.36334,139.18057,30.080872,61.06743,0.86714846,-1,-1,-1
165,7410,115.59973,37.85058,64.9781,48.854546,0.84000444,-1,-1,-1
165,7427,361.62927,347.9031,46.863373,61.852325,0.8878815,-1,-1,-1
165,7426,902.23737,58.096096,45.81476,56.825954,0.7857461,-1,-1,-1
165,7433,417.35602,414.96545,45.05072,59.97589,0.89474255,-1,-1,-1
165,7434,646.34125,147.0453,40.314453,53.783173,0.905248,-1,-1,-1
165,7437,418.90588,65.88202,45.878784,56.830353,0.8800471,-1,-1,-1
165,7448,2.10662,262.1442,22.575737,32.987915,0.440272,-1,-1,-1
165,7449,503.41913,0.0,56.35083,40.847397,0.4472158,-1,-1,-1
166,7360,486.21094,232.61307,35.01355,59.875916,0.86396456,-1,-1,-1
166,7362,200.28444,84.79141,62.005325,46.469986,0.86840165,-1,-1,-1
166,7363,517.45447,162.99794,36.587708,70.998245,0.868852,-1,-1,-1
166,7366,214.05682,49.26109,63.543762,48.142597,0.8792874,-1,-1,-1
166,7367,463.645,323.97604,41.237274,58.891693,0.89573455,-1,-1,-1
166,7369,813.3083,302.761,60.701782,47.360046,0.872486,-1,-1,-1
166,7371,215.96529,341.51913,102.193375,154.56,0.83418065,-1,-1,-1
166,7395,228.67232,316.03305,31.006363,63.44751,0.85181105,-1,-1,-1
166,7400,564.41943,140.00835,30.174194,61.0018,0.87116987,-1,-1,-1
166,7410,115.692345,37.617058,65.044,48.906425,0.83306974,-1,-1,-1
166,7427,359.0955,352.35367,47.015625,62.078766,0.8833256,-1,-1,-1
166,7426,901.4024,58.055157,45.915527,57.02596,0.78491664,-1,-1,-1
166,7433,417.392,414.43994,45.00241,59.924652,0.89549965,-1,-1,-1
166,7434,649.1301,142.47316,39.862305,53.112762,0.88974243,-1,-1,-1
166,7437,417.4422,68.74661,45.66687,57.05789,0.89708877,-1,-1,-1
166,7448,2.0270567,261.8125,23.023922,33.09076,0.50516343,-1,-1,-1
166,7449,502.3178,0.0,57.667908,41.84429,0.49583623,-1,-1,-1
167,7360,486.07693,232.53223,34.980743,59.77948,0.8653396,-1,-1,-1
167,7362,200.84215,84.760475,61.163315,45.857277,0.865201,-1,-1,-1
167,7363,517.3157,162.98141,36.638794,70.979004,0.8609893,-1,-1,-1
167,7366,214.20416,49.11131,63.46808,48.090588,0.8758121,-1,-1,-1
167,7367,463.52225,323.7965,41.208313,58.851685,0.89824224,-1,-1,-1
167,7369,812.6842,302.5472,60.90576,47.48456,0.86687165,-1,-1,-1
167,7371,214.6705,343.40247,102.70279,155.1294,0.8524556,-1,-1,-1
167,7395,228.604,315.86926,31.108612,63.63443,0.8601107,-1,-1,-1
167,7400,564.59076,140.87346,30.200928,60.786163,0.8705776,-1,-1,-1
167,7410,115.877464,37.89357,65.223366,48.969887,0.8359007,-1,-1,-1
167,7427,357.48477,357.09375,46.81781,61.690582,0.88852245,-1,-1,-1
167,7426,901.0809,57.975883,45.841553,56.935112,0.7913406,-1,-1,-1
167,7433,417.39545,413.76645,45.015656,59.90921,0.89564025,-1,-1,-1
167,7434,651.7006,137.3398,39.795105,52.974426,0.8869967,-1,-1,-1
167,7437,416.26523,71.9909,44.961823,56.552162,0.90476876,-1,-1,-1
167,7448,2.0001464,261.6577,23.19785,32.781708,0.46099773,-1,-1,-1
167,7449,501.19122,0.0,59.286194,43.072166,0.48569795,-1,-1,-1
167,7451,1017.33813,336.18774,6.5064697,24.631927,0.31535655,-1,-1,-1
168,7360,486.09885,232.25354,35.01895,59.799408,0.8657786,-1,-1,-1
168,7362,201.06541,84.56886,60.892715,45.692444,0.86818343,-1,-1,-1
168,7363,517.28033,162.818,36.671448,70.94182,0.86143637,-1,-1,-1
168,7366,214.24188,48.73253,63.580414,48.194695,0.8693093,-1,-1,-1
168,7367,463.4779,323.46252,41.273743,58.951904,0.8978344,-1,-1,-1
168,7369,812.2831,302.26218,61.26587,47.78116,0.86432487,-1,-1,-1
168,7371,214.2685,345.4308,102.60794,154.83142,0.8516799,-1,-1,-1
168,7395,228.71748,315.1688,31.112778,63.79901,0.86112654,-1,-1,-1
168,7400,564.74866,141.65909,30.213745,60.376373,0.884763,-1,-1,-1
168,7410,116.04515,37.748173,65.32094,48.988552,0.8371809,-1,-1,-1
168,7427,355.49875,360.93155,47.154663,62.144257,0.9101594,-1,-1,-1
168,7426,900.7404,57.8431,46.131226,57.365364,0.77526504,-1,-1,-1
168,7433,417.4334,413.18814,44.972443,59.7901,0.89175946,-1,-1,-1
168,7434,654.0076,131.88397,40.2511,53.33499,0.8769928,-1,-1,-1
168,7437,414.7331,74.688576,44.948883,56.937767,0.89998585,-1,-1,-1
168,7448,2.015924,261.03983,23.571543,32.743835,0.34786394,-1,-1,-1
168,7449,499.74728,0.0,61.092316,44.478256,0.3843548,-1,-1,-1
168,7451,1017.15576,335.52573,6.6851196,25.291077,0.32787833,-1,-1,-1
169,7360,486.13177,232.04272,35.044617,59.824158,0.86484534,-1,-1,-1
169,7362,201.20493,84.232994,60.899567,45.76342,0.8691006,-1,-1,-1
169,7363,517.2563,162.68826,36.689087,70.88219,0.85920274,-1,-1,-1
169,7366,214.28229,48.32451,63.575806,48.215065,0.87115276,-1,-1,-1
169,7367,463.39246,323.12213,41.317688,59.03656,0.8969335,-1,-1,-1
169,7369,812.1614,302.6504,60.890015,47.631958,0.87172955,-1,-1,-1
169,7371,214.16304,348.62976,101.80092,153.33649,0.84573555,-1,-1,-1
169,7395,228.65625,314.86328,30.777496,63.130157,0.84986347,-1,-1,-1
169,7400,565.25714,142.58966,30.235962,60.044693,0.8729422,-1,-1,-1
169,7410,116.37529,37.575573,65.21916,48.865986,0.83963484,-1,-1,-1
169,7427,352.97104,365.47452,47.043365,61.946075,0.8737261,-1,-1,-1
169,7426,900.47314,57.949627,45.93225,57.102215,0.77678967,-1,-1,-1
169,7433,417.57574,412.7003,44.697815,59.35437,0.8900914,-1,-1,-1
169,7434,656.61926,126.55295,40.183044,53.190063,0.88136977,-1,-1,-1
169,7437,413.4471,77.5553,44.45822,56.54593,0.8921657,-1,-1,-1
169,7448,1.8780605,260.57724,23.921015,32.73044,0.3430625,-1,-1,-1
169,7449,497.66315,0.0,64.958374,47.623943,0.4708547,-1,-1,-1
169,7451,1017.0662,335.4809,6.652832,25.106842,0.30556598,-1,-1,-1
170,7360,486.15808,231.92831,34.96576,59.657837,0.8631431,-1,-1,-1
170,7362,201.37416,84.01904,60.880295,45.82025,0.8708727,-1,-1,-1
170,7363,517.2441,162.65402,36.71881,70.826675,0.8598137,-1,-1,-1
170,7366,214.45872,48.15201,63.34767,48.04935,0.8703246,-1,-1,-1
170,7367,463.2741,322.84375,41.341187,59.11734,0.89694893,-1,-1,-1
170,7369,812.1392,302.77322,60.615784,47.5271,0.87050354,-1,-1,-1
170,7371,214.00449,351.73755,101.365326,152.50763,0.82377493,-1,-1,-1
170,7395,228.81682,314.3252,30.70781,63.018585,0.8481909,-1,-1,-1
170,7400,565.6414,143.65317,30.369263,59.784622,0.8691126,-1,-1,-1
170,7410,116.79009,37.488373,64.97636,48.627068,0.84355026,-1,-1,-1
170,7427,350.65964,369.70148,47.282654,62.281677,0.8913906,-1,-1,-1
170,7426,900.46985,57.84478,45.99579,57.267715,0.7753604,-1,-1,-1
170,7433,417.57755,412.31018,44.60199,59.122437,0.88598704,-1,-1,-1
170,7434,659.01544,121.17913,40.640686,53.72048,0.8975968,-1,-1,-1
170,7437,411.85324,80.363464,44.694885,57.19905,0.8943938,-1,-1,-1
170,7448,1.7292569,260.0236,24.477577,33.040955,0.28871095,-1,-1,-1
170,7449,495.36664,0.0,68.17786,50.522484,0.5488322,-1,-1,-1
170,7451,1016.8025,335.2223,6.703308,25.146454,0.3587584,-1,-1,-1
171,7360,486.20163,231.76314,34.91867,59.54146,0.86295485,-1,-1,-1
171,7362,201.4984,83.744576,60.80168,45.84031,0.8716274,-1,-1,-1
171,7363,517.1496,162.48938,36.77826,70.83229,0.8623698,-1,-1,-1
171,7366,214.56522,47.789886,63.230988,47.95926,0.8694595,-1,-1,-1
171,7367,463.1923,322.62527,41.344177,59.163666,0.89575475,-1,-1,-1
171,7369,812.07117,302.59998,60.734863,47.617554,0.86774623,-1,-1,-1
171,7371,211.837,354.02725,101.60388,152.49362,0.7755975,-1,-1,-1
171,7395,228.87173,313.62628,30.826263,63.3136,0.84717757,-1,-1,-1
171,7400,565.56555,144.70013,30.718994,59.923615,0.8713143,-1,-1,-1
171,7410,117.023506,37.2352,64.91039,48.511856,0.8479384,-1,-1,-1
171,7427,348.67093,373.99786,47.191437,62.2789,0.8873191,-1,-1,-1
171,7426,900.21204,57.899662,45.970276,57.26209,0.77196485,-1,-1,-1
171,7433,417.63977,411.98038,44.42343,58.784393,0.88657445,-1,-1,-1
171,7434,661.74506,116.113594,40.72162,53.65777,0.88273865,-1,-1,-1
171,7437,410.61313,83.45082,44.077118,56.680435,0.8962441,-1,-1,-1
171,7448,1.5953984,259.7475,24.852194,33.130157,0.33853722,-1,-1,-1
171,7449,494.17395,0.0,69.90326,52.25929,0.6707715,-1,-1,-1
171,7451,1016.5059,335.34137,6.7524414,25.059418,0.40866366,-1,-1,-1
172,7360,486.162,231.63257,34.86151,59.38629,0.863928,-1,-1,-1
172,7362,201.69772,83.57721,60.572723,45.73152,0.8703992,-1,-1,-1
172,7363,517.0432,162.26228,36.8338,70.86798,0.8642914,-1,-1,-1
172,7366,214.6432,47.33178,63.47267,48.147484,0.8686359,-1,-1,-1
172,7367,463.18634,322.3479,41.308075,59.133453,0.89435863,-1,-1,-1
172,7369,811.79846,302.41394,60.937134,47.778137,0.86933094,-1,-1,-1
172,7371,210.74312,357.60474,101.3748,151.71094,0.8016224,-1,-1,-1
172,7395,228.90364,313.0185,30.975754,63.740997,0.84709096,-1,-1,-1
172,7400,565.848,145.34631,31.20642,60.454926,0.884448,-1,-1,-1
172,7410,117.27155,36.657455,65.01963,48.580063,0.8469388,-1,-1,-1
172,7427,346.33545,378.18338,47.262848,62.54904,0.88313186,-1,-1,-1
172,7426,899.81586,58.148712,45.99878,57.25654,0.7755104,-1,-1,-1
172,7433,417.17102,411.28424,44.77762,59.22058,0.88818616,-1,-1,-1
172,7434,664.0587,111.38371,40.378296,52.94165,0.8903088,-1,-1,-1
172,7437,409.07532,86.563,43.946136,56.80989,0.8902855,-1,-1,-1
172,7448,1.3740478,259.2372,25.41268,33.53949,0.43105263,-1,-1,-1
172,7449,493.16367,0.0,71.45358,53.902946,0.60991406,-1,-1,-1
172,7451,1016.44257,335.54834,6.7993164,24.950012,0.37067357,-1,-1,-1
173,7360,486.14374,231.46432,34.811096,59.22351,0.86452794,-1,-1,-1
173,7362,201.82655,83.20273,60.442093,45.689194,0.86877686,-1,-1,-1
173,7363,517.14307,162.15163,36.891174,70.862305,0.86347306,-1,-1,-1
173,7366,214.81313,46.995724,63.48143,48.16177,0.86899924,-1,-1,-1
173,7367,463.17834,322.19504,41.185608,58.969055,0.8948892,-1,-1,-1
173,7369,811.55664,302.52148,60.702454,47.537933,0.8679329,-1,-1,-1
173,7371,210.19931,359.93658,101.38217,151.4173,0.8054179,-1,-1,-1
173,7395,229.13574,312.62402,30.979218,63.785522,0.84404457,-1,-1,-1
173,7400,566.04004,146.9721,31.315247,60.127014,0.87786984,-1,-1,-1
173,7410,117.40359,36.063248,65.2031,48.702408,0.8487695,-1,-1,-1
173,7427,344.4176,382.87006,46.84485,62.104767,0.8783512,-1,-1,-1
173,7426,899.45435,58.241455,46.17737,57.425278,0.775638,-1,-1,-1
173,7433,417.10703,409.72412,45.303986,60.00116,0.8933943,-1,-1,-1
173,7434,666.10156,106.35119,40.650635,52.944557,0.8669274,-1,-1,-1
173,7437,407.71182,89.837585,43.359955,56.242188,0.8854113,-1,-1,-1
173,7448,1.2131302,258.83798,25.923502,33.91028,0.46395886,-1,-1,-1
173,7449,492.04062,0.0,73.18857,55.801254,0.47148132,-1,-1,-1
173,7451,1016.26465,335.74338,6.900635,24.948853,0.3759616,-1,-1,-1
174,7360,486.34756,231.2508,34.588043,58.786987,0.8729677,-1,-1,-1
174,7362,201.89801,82.90912,60.334625,45.64618,0.8680415,-1,-1,-1
174,7363,517.1199,162.00302,36.95294,70.88957,0.8628952,-1,-1,-1
174,7366,215.05444,46.722088,63.41507,48.12595,0.86829245,-1,-1,-1
174,7367,463.18964,321.98212,41.210846,58.99066,0.89569634,-1,-1,-1
174,7369,811.5611,302.51913,60.67328,47.49347,0.8685452,-1,-1,-1
174,7371,208.51164,362.05795,101.33104,150.88474,0.8040025,-1,-1,-1
174,7395,229.43025,312.45163,30.869034,63.58676,0.8467807,-1,-1,-1
174,7400,566.27515,148.35535,31.57483,60.022873,0.87512046,-1,-1,-1
174,7410,117.37525,35.42677,65.57775,48.95138,0.85307086,-1,-1,-1
174,7427,342.0359,387.28235,46.994232,62.4469,0.88009113,-1,-1,-1
174,7426,899.765,58.29514,46.080322,57.375515,0.772717,-1,-1,-1
174,7433,416.83615,409.73627,45.198395,59.783295,0.8811259,-1,-1,-1
174,7434,668.2123,101.07788,41.091797,53.35646,0.8727587,-1,-1,-1
174,7437,406.3132,92.97642,43.300476,56.318153,0.89023083,-1,-1,-1
174,7448,1.0935063,258.26373,26.444983,34.315582,0.4940417,-1,-1,-1
174,7449,490.84238,0.0,74.77249,57.74701,0.4633477,-1,-1,-1
174,7451,1016.25525,336.25803,6.885315,24.480804,0.32738957,-1,-1,-1
175,7360,486.40213,231.06396,34.580414,58.716553,0.8751504,-1,-1,-1
175,7362,201.86946,82.050125,60.86537,46.13922,0.8653969,-1,-1,-1
175,7363,517.18616,161.89665,36.994812,70.84358,0.86347413,-1,-1,-1
175,7366,215.68143,46.99417,62.422424,47.36641,0.8677396,-1,-1,-1
175,7367,463.13852,321.72684,41.21982,58.989685,0.89502144,-1,-1,-1
175,7369,811.51575,302.57547,60.59076,47.3779,0.8702511,-1,-1,-1
175,7371,207.9217,364.11642,101.08592,150.07266,0.81648135,-1,-1,-1
175,7395,229.60973,312.27652,30.701736,63.2493,0.84612113,-1,-1,-1
175,7400,566.36414,149.34247,31.893677,60.084396,0.8675396,-1,-1,-1
175,7410,117.78298,35.146107,65.25236,48.600376,0.85586363,-1,-1,-1
175,7427,339.61313,392.0696,46.747986,62.116547,0.8847668,-1,-1,-1
175,7426,899.7143,58.466415,46.000305,57.27175,0.78013164,-1,-1,-1
175,7433,416.40533,409.4558,45.40445,59.985077,0.8788551,-1,-1,-1
175,7434,670.284,95.24214,42.176697,54.722687,0.88499945,-1,-1,-1
175,7437,405.0091,95.73181,43.23236,56.41867,0.9031705,-1,-1,-1
175,7448,1.0245117,257.70724,26.881546,34.615936,0.5059535,-1,-1,-1
175,7449,489.32675,0.0,76.20462,59.685444,0.36259332,-1,-1,-1
175,7451,1016.1133,336.79538,6.908203,24.024231,0.35231122,-1,-1,-1
176,7360,486.16537,230.93033,34.69931,58.86493,0.86526793,-1,-1,-1
176,7362,202.0307,81.748764,60.856354,46.144043,0.8800964,-1,-1,-1
176,7363,517.24426,161.81758,37.040527,70.775345,0.8636047,-1,-1,-1
176,7366,215.7331,46.310738,63.03421,47.849342,0.8579765,-1,-1,-1
176,7367,463.05652,321.50803,41.18033,58.903595,0.89452493,-1,-1,-1
176,7369,811.2379,302.5395,60.63153,47.385193,0.8712963,-1,-1,-1
176,7371,207.03212,366.15375,101.28688,150.45624,0.83886784,-1,-1,-1
176,7395,229.76562,312.04605,30.644958,63.039703,0.84971815,-1,-1,-1
176,7400,566.8501,150.59892,31.90509,59.61612,0.86680895,-1,-1,-1
176,7410,118.103546,34.775726,65.405914,48.650063,0.85431,-1,-1,-1
176,7427,337.4233,396.4267,46.937378,62.4021,0.884596,-1,-1,-1
176,7426,899.60284,58.61647,45.99182,57.208527,0.781915,-1,-1,-1
176,7433,416.49573,409.01956,45.44272,60.039215,0.88521713,-1,-1,-1
176,7434,672.9583,90.24773,42.30609,54.638306,0.8823591,-1,-1,-1
176,7437,403.5128,98.74929,43.360596,56.72602,0.8998728,-1,-1,-1
176,7448,0.9489771,257.22656,27.244572,34.839386,0.5196403,-1,-1,-1
176,7449,488.46298,0.0,76.46542,60.70286,0.44566292,-1,-1,-1
176,7451,1015.82263,337.13525,7.02124,23.743286,0.3797723,-1,-1,-1
177,7360,486.13367,230.78212,34.76068,58.90248,0.8657478,-1,-1,-1
177,7362,202.69473,81.678474,60.247345,45.719727,0.86422473,-1,-1,-1
177,7363,517.3577,161.67984,37.040283,70.64868,0.86150354,-1,-1,-1
177,7366,215.85968,45.852577,63.263153,48.045296,0.8552857,-1,-1,-1
177,7367,462.88013,321.3556,41.067505,58.754395,0.89936024,-1,-1,-1
177,7369,811.133,302.59225,60.61029,47.353363,0.8710049,-1,-1,-1
177,7371,206.47083,368.51303,100.61221,149.55173,0.86217177,-1,-1,-1
177,7395,229.95062,311.7614,30.680878,62.935455,0.85212755,-1,-1,-1
177,7400,567.14166,151.66467,32.075867,59.474976,0.8625951,-1,-1,-1
177,7410,117.943504,34.047386,66.08068,49.133118,0.85433435,-1,-1,-1
177,7427,334.7343,400.48465,47.6127,63.365448,0.8810186,-1,-1,-1
177,7426,899.6579,58.71655,46.029297,57.34363,0.77770555,-1,-1,-1
177,7433,416.44336,408.5435,45.487244,60.07837,0.8844258,-1,-1,-1
177,7434,675.7286,85.53529,41.696716,53.80542,0.8869228,-1,-1,-1
177,7437,401.83737,101.19901,43.419464,56.9943,0.8923911,-1,-1,-1
177,7448,1.0223083,256.88037,27.181997,34.469666,0.5012193,-1,-1,-1
177,7449,487.1285,0.0,77.99234,62.748093,0.54767054,-1,-1,-1
177,7451,1015.7378,337.62833,7.0682983,23.22937,0.32236347,-1,-1,-1
178,7360,486.1184,230.58218,34.772156,58.824097,0.8653819,-1,-1,-1
178,7362,203.0613,81.521866,60.031357,45.578392,0.86300874,-1,-1,-1
178,7363,517.4424,161.55222,37.023438,70.48044,0.85924166,-1,-1,-1
178,7366,216.02882,45.551525,63.243515,48.04439,0.8547521,-1,-1,-1
178,7367,462.9378,321.12427,41.08786,58.722595,0.8949885,-1,-1,-1
178,7369,811.0251,302.56317,60.611206,47.3479,0.8708093,-1,-1,-1
178,7371,203.82225,369.19177,101.62834,151.09448,0.84095484,-1,-1,-1
178,7395,230.16582,311.64563,30.58339,62.455017,0.85602903,-1,-1,-1
178,7400,567.2499,152.5982,32.705566,60.20874,0.86248904,-1,-1,-1
178,7410,118.20424,33.811916,65.996185,49.031963,0.85690737,-1,-1,-1
178,7427,332.58246,404.91193,47.574768,63.4877,0.8818278,-1,-1,-1
178,7426,899.584,58.759182,46.101746,57.468426,0.78264284,-1,-1,-1
178,7433,416.35205,408.10568,45.58658,60.192657,0.8802394,-1,-1,-1
178,7434,678.4004,80.46122,41.773804,53.853416,0.8705737,-1,-1,-1
178,7437,400.57162,104.1894,42.983795,56.50602,0.88754034,-1,-1,-1
178,7448,1.0225667,256.41766,27.392113,34.46277,0.54302275,-1,-1,-1
178,7449,484.71573,0.0,80.26431,65.61145,0.64452755,-1,-1,-1
179,7360,486.11615,230.38383,34.78247,58.711197,0.8656803,-1,-1,-1
179,7362,203.33527,81.37512,59.85968,45.47422,0.86341727,-1,-1,-1
179,7363,517.57544,161.5181,36.947876,70.20894,0.857282,-1,-1,-1
179,7366,216.24512,45.36538,63.029602,47.879494,0.8551261,-1,-1,-1
179,7367,462.85648,320.9908,41.05655,58.60196,0.89357656,-1,-1,-1
179,7369,810.73303,302.48203,60.68579,47.447937,0.87268794,-1,-1,-1
179,7371,202.70148,371.3692,101.56561,151.03888,0.8475727,-1,-1,-1
179,7395,229.89085,311.59595,31.093948,63.26764,0.87031204,-1,-1,-1
179,7400,567.4776,153.8867,32.96454,60.27104,0.8571364,-1,-1,-1
179,7410,118.16058,33.379517,66.1716,49.125,0.85318446,-1,-1,-1
179,7427,330.50516,409.32074,47.30081,63.08972,0.8731073,-1,-1,-1
179,7426,899.8122,58.916103,45.904663,57.26727,0.77632964,-1,-1,-1
179,7433,415.93814,407.64935,45.978455,60.683105,0.87306523,-1,-1,-1
179,7434,681.4839,75.530045,41.07599,53.010193,0.8810499,-1,-1,-1
179,7437,399.0273,106.9559,43.055756,56.783844,0.89142764,-1,-1,-1
179,7448,1.0638522,256.09274,27.415026,34.201538,0.55393934,-1,-1,-1
179,7449,483.18045,0.0,81.67032,67.88203,0.65873915,-1,-1,-1
180,7360,486.03342,230.18924,34.89456,58.76233,0.8661063,-1,-1,-1
180,7362,203.43665,81.01067,59.923798,45.569572,0.8650899,-1,-1,-1
180,7363,517.6212,161.32697,36.9635,70.154785,0.856308,-1,-1,-1
180,7366,216.42749,45.21835,62.847656,47.716892,0.8531521,-1,-1,-1
180,7367,462.58878,320.76462,41.163696,58.76883,0.90196353,-1,-1,-1
180,7369,810.5217,302.42172,60.676636,47.47403,0.8754391,-1,-1,-1
180,7371,200.94359,374.0993,100.96727,149.61005,0.82252985,-1,-1,-1
180,7395,230.16016,311.2115,30.96988,62.833588,0.85756886,-1,-1,-1
180,7400,567.7363,155.00793,33.133545,60.12085,0.85421,-1,-1,-1
180,7410,118.237625,33.09699,66.02232,48.964848,0.85654557,-1,-1,-1
180,7427,327.6729,413.75204,47.676666,63.704926,0.8719983,-1,-1,-1
180,7426,899.7942,59.09485,45.975525,57.379875,0.7812377,-1,-1,-1
180,7433,415.88193,407.17862,46.079193,60.745422,0.8678065,-1,-1,-1
180,7434,683.98486,70.42616,40.934814,52.846367,0.8845406,-1,-1,-1
180,7437,397.63535,110.15087,42.83722,56.562614,0.8904415,-1,-1,-1
180,7448,1.1475972,255.72334,27.191315,33.604538,0.53486115,-1,-1,-1
180,7449,482.26068,0.0,82.33331,69.66189,0.58266264,-1,-1,-1
180,7455,488.95087,0.0,69.32898,70.12118,0.57239884,-1,-1,-1
181,7360,485.97833,230.08765,34.927734,58.674683,0.86616564,-1,-1,-1
181,7362,203.39279,80.5374,60.19113,45.846077,0.86608356,-1,-1,-1
181,7363,517.639,161.20549,37.00757,70.1355,0.8583468,-1,-1,-1
181,7366,216.62222,44.972557,62.919067,47.75225,0.85215884,-1,-1,-1
181,7367,462.67035,320.69955,40.940063,58.36142,0.891601,-1,-1,-1
181,7369,810.3534,302.45535,60.731445,47.533936,0.87362313,-1,-1,-1
181,7371,200.32089,376.5439,100.19827,148.00558,0.8467167,-1,-1,-1
181,7395,230.22173,310.76257,31.009506,62.78952,0.86054534,-1,-1,-1
181,7400,568.02374,156.1741,33.195557,59.744553,0.8507874,-1,-1,-1
181,7410,118.48741,32.75198,65.98251,48.88081,0.8543083,-1,-1,-1
181,7427,325.44458,418.42227,47.527252,63.481354,0.88120186,-1,-1,-1
181,7426,900.0968,59.916164,45.641052,56.934353,0.78541535,-1,-1,-1
181,7433,415.6541,406.72922,46.240784,60.857574,0.8594672,-1,-1,-1
181,7434,687.0835,65.69826,40.43799,52.25466,0.88498515,-1,-1,-1
181,7437,396.17322,113.16378,42.759705,56.57621,0.8903475,-1,-1,-1
181,7448,1.139486,255.43358,27.109062,33.20607,0.47574604,-1,-1,-1
181,7449,481.1953,0.0,83.72803,72.13708,0.3279812,-1,-1,-1
181,7455,488.1147,0.0,70.16638,71.01659,0.63413894,-1,-1,-1
182,7360,486.05078,229.78111,34.962585,58.619766,0.86742187,-1,-1,-1
182,7362,203.28413,79.93267,60.425583,46.102608,0.86787176,-1,-1,-1
182,7363,517.63477,161.0425,36.9563,69.93988,0.8550411,-1,-1,-1
182,7366,216.56009,44.560406,63.241577,48.01475,0.85215354,-1,-1,-1
182,7367,462.66165,320.50272,40.835754,58.1149,0.88911545,-1,-1,-1
182,7369,810.2214,302.44373,60.70172,47.54419,0.8737534,-1,-1,-1
182,7371,198.81923,379.3284,100.675644,148.504,0.8221801,-1,-1,-1
182,7395,230.03152,310.32867,31.52179,63.823883,0.862222,-1,-1,-1
182,7400,568.47906,157.60684,33.177734,59.09886,0.8591761,-1,-1,-1
182,7410,118.60579,32.540833,65.96225,48.823494,0.84920377,-1,-1,-1
182,7427,323.59744,423.0954,47.143402,63.017273,0.888375,-1,-1,-1
182,7426,900.265,60.247124,45.503967,56.70912,0.7981631,-1,-1,-1
182,7433,415.54498,406.22427,46.210754,60.654816,0.86076176,-1,-1,-1
182,7434,689.8872,61.084465,40.056274,51.783035,0.88288265,-1,-1,-1
182,7437,394.80032,116.2593,42.294006,55.971,0.88610405,-1,-1,-1
182,7448,1.1934288,255.13774,27.042011,32.806503,0.4633475,-1,-1,-1
182,7455,486.74753,0.0,71.050446,71.993385,0.51277167,-1,-1,-1
183,7360,485.9609,229.49196,35.21939,58.96736,0.86893547,-1,-1,-1
183,7362,203.36868,79.34842,60.524994,46.25203,0.8693485,-1,-1,-1
183,7363,517.7234,160.89502,36.98535,69.84828,0.8566246,-1,-1,-1
183,7366,216.49193,44.07873,63.51848,48.25642,0.85219944,-1,-1,-1
183,7367,462.61493,320.3004,40.797302,57.970276,0.88706356,-1,-1,-1
183,7369,809.95166,302.4654,60.681274,47.57544,0.87316966,-1,-1,-1
183,7371,198.81851,381.8811,99.29611,146.04541,0.8118612,-1,-1,-1
183,7395,229.98973,309.933,31.636795,64.05817,0.8694814,-1,-1,-1
183,7400,568.73193,158.7582,33.478943,59.07109,0.86069465,-1,-1,-1
183,7410,118.73399,32.229507,65.802475,48.6427,0.84782976,-1,-1,-1
183,7427,320.6863,427.07053,47.8356,63.97516,0.8702338,-1,-1,-1
183,7426,900.31976,60.578865,45.294495,56.34121,0.7995266,-1,-1,-1
183,7433,415.41626,405.91263,46.176483,60.38794,0.8672635,-1,-1,-1
183,7434,692.7844,55.28517,40.49579,52.565895,0.8651154,-1,-1,-1
183,7437,393.2637,118.80317,42.374756,56.106865,0.8964563,-1,-1,-1
183,7448,1.1953686,254.45847,27.127293,32.60434,0.42770573,-1,-1,-1
183,7455,484.7535,0.0,72.813385,73.99345,0.36508763,-1,-1,-1
183,7449,478.7314,0.22667608,84.57077,74.37007,0.3488431,-1,-1,-1
184,7360,485.96112,229.33466,35.316223,59.06366,0.8672575,-1,-1,-1
184,7362,202.96169,78.69199,61.103592,46.833694,0.87127864,-1,-1,-1
184,7363,517.9205,160.85655,36.899963,69.52641,0.854745,-1,-1,-1
184,7366,216.45528,43.421703,63.840744,48.546146,0.8519258,-1,-1,-1
184,7367,462.6027,320.0962,40.792786,57.89258,0.8859142,-1,-1,-1
184,7369,809.812,302.56573,60.497803,47.471313,0.87198645,-1,-1,-1
184,7371,198.77266,384.03482,97.97536,144.23343,0.7581203,-1,-1,-1
184,7395,229.95528,309.4449,31.634567,64.048584,0.87315285,-1,-1,-1
184,7400,569.061,160.03223,33.764526,59.048615,0.86174285,-1,-1,-1
184,7410,118.30958,30.899456,66.88601,49.49753,0.8417034,-1,-1,-1
184,7427,318.74933,431.48514,47.409912,63.391876,0.86768997,-1,-1,-1
184,7426,900.1843,60.388527,45.5849,56.642555,0.79370564,-1,-1,-1
184,7433,415.5371,405.70593,45.963684,59.91562,0.87535286,-1,-1,-1
184,7434,695.4997,50.246117,40.288452,52.309013,0.8748526,-1,-1,-1
184,7437,391.77216,121.71332,42.358276,56.140335,0.9051468,-1,-1,-1
184,7448,0.9452574,253.81374,27.699547,33.0923,0.5161189,-1,-1,-1
185,7360,485.88135,229.05592,35.462524,59.281082,0.86849076,-1,-1,-1
185,7362,203.33727,78.158585,61.13423,46.977722,0.87095207,-1,-1,-1
185,7363,517.89325,160.74512,36.962646,69.49855,0.8556345,-1,-1,-1
185,7366,216.5683,42.92297,64.00836,48.704777,0.85177964,-1,-1,-1
185,7367,462.55322,319.87878,40.812164,57.84665,0.8858357,-1,-1,-1
185,7369,809.6823,302.71536,60.208313,47.22992,0.8730242,-1,-1,-1
185,7371,195.09952,385.50003,99.934326,147.40079,0.78739274,-1,-1,-1
185,7395,229.98788,308.9195,31.70459,64.12903,0.8747656,-1,-1,-1
185,7400,569.429,161.22792,33.990112,58.90152,0.8605798,-1,-1,-1
185,7410,118.66393,30.229591,67.000755,49.647766,0.8466891,-1,-1,-1
185,7427,316.6868,436.16635,47.42044,63.44272,0.8776719,-1,-1,-1
185,7426,899.9205,60.35467,45.967896,57.04108,0.790455,-1,-1,-1
185,7433,415.19162,405.34244,46.203644,59.98999,0.8688785,-1,-1,-1
185,7434,698.6456,44.810482,39.978333,52.02936,0.89287966,-1,-1,-1
185,7437,390.4799,125.22908,42.042175,55.702057,0.91550314,-1,-1,-1
185,7448,0.8839169,253.31157,27.96203,33.19249,0.328545,-1,-1,-1
185,7449,476.19858,0.44957024,86.836395,78.0121,0.5927449,-1,-1,-1
186,7360,485.97638,228.86299,35.403687,59.137344,0.8691343,-1,-1,-1
186,7362,203.23183,77.95917,60.91716,46.887177,0.8732916,-1,-1,-1
186,7363,517.90125,160.59593,37.01123,69.502335,0.85423976,-1,-1,-1
186,7366,216.33806,42.624744,64.156235,48.70358,0.85461074,-1,-1,-1
186,7367,462.5443,319.7108,40.798706,57.75128,0.88462734,-1,-1,-1
186,7369,809.5616,302.7358,60.246765,47.267914,0.87377745,-1,-1,-1
186,7371,193.83907,387.45712,99.290634,146.54648,0.84698206,-1,-1,-1
186,7395,230.0253,308.55048,31.599945,63.82138,0.8755142,-1,-1,-1
186,7400,569.5549,162.39932,34.214355,58.722015,0.87250686,-1,-1,-1
186,7410,119.2161,29.956402,66.52024,49.367367,0.84817153,-1,-1,-1
186,7427,314.17548,440.54227,47.410095,63.49936,0.86409575,-1,-1,-1
186,7426,899.6799,60.518837,46.206238,57.22078,0.78683025,-1,-1,-1
186,7433,415.12143,404.99442,46.279633,59.942078,0.87067986,-1,-1,-1
186,7434,701.7527,40.59281,39.23224,50.965584,0.8805829,-1,-1,-1
186,7437,388.45755,127.63596,42.461945,56.449333,0.8914956,-1,-1,-1
186,7448,0.7708037,252.57552,28.401329,33.538315,0.34768373,-1,-1,-1
186,7449,474.76605,0.41420487,87.41095,80.32055,0.6264485,-1,-1,-1
187,7360,486.01614,228.64023,35.293365,58.915802,0.8690593,-1,-1,-1
187,7362,203.40709,77.79954,60.662827,46.75287,0.8694685,-1,-1,-1
187,7363,517.84094,160.32793,36.99048,69.51459,0.8566435,-1,-1,-1
187,7366,216.44452,42.1111,64.43268,49.008293,0.8539295,-1,-1,-1
187,7367,462.5065,319.50565,40.873993,57.778564,0.88565993,-1,-1,-1
187,7369,809.4098,302.68115,60.360657,47.37982,0.8746027,-1,-1,-1
187,7371,193.36879,389.47238,97.849686,144.1702,0.828993,-1,-1,-1
187,7395,229.96562,308.06064,31.706894,63.887512,0.87679285,-1,-1,-1
187,7400,570.21735,163.83148,34.595947,58.855988,0.86211544,-1,-1,-1
187,7410,119.75137,29.671543,66.13994,49.143772,0.85258055,-1,-1,-1
187,7427,311.66608,445.53802,47.1633,63.134796,0.8652581,-1,-1,-1
187,7426,899.5014,60.621117,46.521667,57.450302,0.7886663,-1,-1,-1
187,7433,414.7618,404.52664,46.48999,60.006348,0.8642618,-1,-1,-1
187,7434,704.51746,35.346825,39.453552,51.137215,0.8713849,-1,-1,-1
187,7437,386.87576,130.42827,42.33127,56.330933,0.8935487,-1,-1,-1
187,7448,0.61846954,251.83281,28.819944,33.901108,0.3992749,-1,-1,-1
187,7449,473.82178,0.39110687,87.69043,82.46288,0.5420166,-1,-1,-1
188,7360,486.0118,228.48903,35.23758,58.815414,0.8700221,-1,-1,-1
188,7362,203.57504,77.58912,60.4256,46.61963,0.8672687,-1,-1,-1
188,7363,517.7985,160.13309,36.91931,69.4021,0.857287,-1,-1,-1
188,7366,216.62155,41.76105,64.52487,49.166393,0.85374254,-1,-1,-1
188,7367,462.4228,319.2445,40.936462,57.812866,0.8845253,-1,-1,-1
188,7369,809.1786,302.58652,60.525757,47.55844,0.8751505,-1,-1,-1
188,7371,191.2059,392.05048,96.701416,141.51953,0.8384053,-1,-1,-1
188,7395,229.82614,307.49194,31.7854,63.902466,0.8760249,-1,-1,-1
188,7400,570.82684,165.25272,34.940308,59.07271,0.8705533,-1,-1,-1
188,7410,119.798836,29.189238,66.277245,49.296997,0.8502988,-1,-1,-1
188,7427,309.2342,450.44437,47.230835,63.220795,0.88025516,-1,-1,-1
188,7426,899.6029,60.875916,46.533142,57.37574,0.78701085,-1,-1,-1
188,7433,414.38205,403.96793,46.841125,60.28244,0.86263305,-1,-1,-1
188,7434,707.42004,30.28962,39.5047,51.184456,0.86422265,-1,-1,-1
188,7437,385.1793,133.37637,42.274353,56.3658,0.8998651,-1,-1,-1
188,7448,0.63643277,251.10889,28.986366,33.93466,0.34983936,-1,-1,-1
188,7449,473.2841,0.3616429,87.806915,84.508896,0.510196,-1,-1,-1
189,7360,486.05536,228.40738,35.16443,58.644867,0.8710166,-1,-1,-1
189,7362,203.80551,77.41356,59.794617,46.138824,0.8727711,-1,-1,-1
189,7363,517.9011,160.03578,36.781982,69.138916,0.86123276,-1,-1,-1
189,7366,216.92595,41.443684,64.4648,49.217808,0.853267,-1,-1,-1
189,7367,462.39197,319.01947,41.00113,57.852966,0.88505584,-1,-1,-1
189,7369,809.1227,302.68796,60.41449,47.499634,0.8744423,-1,-1,-1
189,7371,190.50581,394.9061,94.887314,137.56558,0.8286999,-1,-1,-1
189,7395,229.70392,306.9557,31.924011,64.09888,0.8769377,-1,-1,-1
189,7400,571.47144,166.5045,35.213745,59.164642,0.87714154,-1,-1,-1
189,7410,119.929,28.798895,66.201904,49.2928,0.85149026,-1,-1,-1
189,7427,306.9736,454.5345,47.353424,63.385498,0.86040217,-1,-1,-1
189,7426,899.40466,61.048313,46.752197,57.478764,0.786514,-1,-1,-1
189,7433,415.0183,402.77997,47.068146,60.7406,0.87242216,-1,-1,-1
189,7434,710.44775,25.085659,39.588623,51.25014,0.8569414,-1,-1,-1
189,7437,383.67755,136.52286,42.156677,56.223755,0.8872729,-1,-1,-1
189,7448,0.6979339,250.67715,29.174702,33.972412,0.3270819,-1,-1,-1
189,7449,472.16074,0.33021593,87.44455,86.01881,0.60048217,-1,-1,-1
190,7360,486.0508,228.32315,35.194,58.6485,0.8706022,-1,-1,-1
190,7362,203.95694,77.14597,59.47397,45.885086,0.886951,-1,-1,-1
190,7363,518.0337,159.98581,36.720398,68.97589,0.86423266,-1,-1,-1
190,7366,217.05742,41.144073,64.43663,49.287956,0.8527703,-1,-1,-1
190,7367,462.34448,318.8482,41.0596,57.867218,0.88364947,-1,-1,-1
190,7369,808.90717,302.66125,60.54718,47.661163,0.87600553,-1,-1,-1
190,7371,187.76515,397.5242,94.67207,135.67935,0.8247149,-1,-1,-1
190,7395,229.49702,306.30905,32.198196,64.59009,0.8776224,-1,-1,-1
190,7400,571.7337,167.67593,35.593994,59.38417,0.8874012,-1,-1,-1
190,7410,120.04824,28.307554,66.26397,49.385597,0.853109,-1,-1,-1
190,7427,303.926,459.19373,47.386658,63.341064,0.8505357,-1,-1,-1
190,7426,899.2947,61.132816,46.96869,57.566082,0.78414285,-1,-1,-1
190,7433,415.4224,402.31082,46.954437,60.76233,0.897003,-1,-1,-1
190,7434,714.1244,20.35346,39.12445,50.647392,0.86710376,-1,-1,-1
190,7437,382.16174,139.39507,41.998016,55.991287,0.8977121,-1,-1,-1
190,7449,470.86063,0.3742793,87.35281,87.790924,0.74988705,-1,-1,-1
191,7360,486.22275,228.2145,35.14792,58.476456,0.8696963,-1,-1,-1
191,7362,204.22601,76.54831,60.040924,46.36074,0.8608162,-1,-1,-1
191,7363,518.2257,159.8278,36.730286,68.91484,0.8656939,-1,-1,-1
191,7366,217.2506,40.87182,64.17497,49.157845,0.8521139,-1,-1,-1
191,7367,462.2438,318.61316,41.19934,57.996735,0.88452053,-1,-1,-1
191,7369,808.8356,302.69986,60.58844,47.73816,0.8761784,-1,-1,-1
191,7371,185.27287,399.7834,94.80846,134.09515,0.82117814,-1,-1,-1
191,7395,229.48732,306.12326,32.12407,64.33963,0.8757303,-1,-1,-1
191,7400,572.3296,169.6915,35.497437,58.559875,0.8817877,-1,-1,-1
191,7410,120.25129,27.822363,66.3205,49.484276,0.8563203,-1,-1,-1
191,7427,301.1733,463.84503,47.648376,63.634155,0.862681,-1,-1,-1
191,7426,899.6818,61.346825,47.075012,57.62458,0.790704,-1,-1,-1
191,7433,415.3897,402.37665,46.75699,60.536316,0.8679778,-1,-1,-1
191,7434,717.18756,15.506804,38.878906,50.159615,0.86517686,-1,-1,-1
191,7437,381.02426,142.63612,41.412354,55.150803,0.8975183,-1,-1,-1
191,7449,469.6621,0.8882407,87.46033,89.85373,0.830242,-1,-1,-1
191,7457,1001.515,351.1864,21.92102,25.366608,0.36587828,-1,-1,-1
192,7360,486.30942,228.07808,35.163483,58.432205,0.86791945,-1,-1,-1
192,7362,204.53947,76.061844,60.079178,46.411827,0.86180115,-1,-1,-1
192,7363,518.38837,159.66925,36.79486,68.956604,0.86651313,-1,-1,-1
192,7366,217.64035,40.532276,63.92148,49.033047,0.85081667,-1,-1,-1
192,7367,462.22858,318.4111,41.292664,58.07361,0.8835296,-1,-1,-1
192,7369,808.76514,302.73624,60.588623,47.802673,0.8770719,-1,-1,-1
192,7371,183.9274,401.95618,94.494995,131.95526,0.81432605,-1,-1,-1
192,7395,229.55191,305.80814,32.189423,64.3974,0.873561,-1,-1,-1
192,7400,572.7976,170.95787,35.765076,58.33867,0.8676896,-1,-1,-1
192,7410,120.41223,27.361814,66.29271,49.512978,0.85301363,-1,-1,-1
192,7427,298.53778,467.9182,47.60614,63.490967,0.85341465,-1,-1,-1
192,7426,899.68164,61.570652,47.352356,57.829617,0.7967966,-1,-1,-1
192,7433,415.50534,402.15945,46.69742,60.54657,0.8646865,-1,-1,-1
192,7434,719.9409,10.622488,38.84015,49.961357,0.8596971,-1,-1,-1
192,7437,379.15344,145.5318,41.787506,55.62091,0.906815,-1,-1,-1
192,7449,468.58588,1.4886763,87.64398,92.041214,0.82074267,-1,-1,-1
192,7457,1001.40814,351.45987,21.296387,24.60608,0.34988105,-1,-1,-1
193,7360,486.58447,227.75816,35.094055,58.34102,0.8677584,-1,-1,-1
193,7362,205.02911,75.82902,59.77466,46.14769,0.8586802,-1,-1,-1
193,7363,518.6263,159.57951,36.82373,68.917984,0.8654841,-1,-1,-1
193,7366,218.01971,40.315655,63.690094,48.93069,0.85232127,-1,-1,-1
193,7367,462.19907,318.28577,41.344086,58.09546,0.88284504,-1,-1,-1
193,7369,808.5374,302.41602,61.167053,48.45108,0.8756385,-1,-1,-1
193,7371,183.31863,404.67917,93.653076,129.53732,0.78447163,-1,-1,-1
193,7395,229.59055,305.39883,32.213776,64.348816,0.86850315,-1,-1,-1
193,7400,573.1325,172.3847,36.11328,58.196,0.86386555,-1,-1,-1
193,7410,120.25768,26.697891,66.52447,49.735992,0.8529682,-1,-1,-1
193,7427,296.164,473.2777,46.998962,62.467896,0.8302209,-1,-1,-1
193,7426,899.8191,61.608044,47.401367,57.7904,0.798868,-1,-1,-1
193,7433,415.4988,401.84473,46.733826,60.731476,0.86748683,-1,-1,-1
193,7434,722.75964,6.109954,38.649292,49.54643,0.8613782,-1,-1,-1
193,7437,377.60904,148.48367,41.67929,55.34041,0.8998484,-1,-1,-1
193,7449,468.60565,3.5262156,85.85779,91.88812,0.7964945,-1,-1,-1
193,7458,593.5595,0.22295304,42.161133,31.64369,0.6159311,-1,-1,-1
194,7360,486.56226,227.4468,35.147217,58.443985,0.86515707,-1,-1,-1
194,7362,205.16138,75.402824,60.023834,46.325577,0.8660106,-1,-1,-1
194,7363,518.6792,159.40442,36.93927,69.04582,0.8653196,-1,-1,-1
194,7366,218.08621,39.854397,63.820618,49.106396,0.8529293,-1,-1,-1
194,7367,462.18488,318.16882,41.36844,58.08722,0.8820991,-1,-1,-1
194,7369,808.7425,302.72073,60.648254,48.06775,0.8761779,-1,-1,-1
194,7371,182.30783,407.28503,93.24036,127.83826,0.7571891,-1,-1,-1
194,7395,229.45041,304.97482,32.20706,64.24692,0.86529434,-1,-1,-1
194,7400,573.721,173.89505,36.342102,57.886765,0.86528337,-1,-1,-1
194,7410,120.174934,26.0923,66.77723,49.99604,0.85605097,-1,-1,-1
194,7427,294.47443,478.13,45.151855,59.489075,0.82083523,-1,-1,-1
194,7426,900.03503,61.809002,47.411926,57.76778,0.8027812,-1,-1,-1
194,7433,415.23236,401.5232,46.71167,60.60907,0.86230516,-1,-1,-1
194,7434,725.6952,1.5290366,38.489014,49.214176,0.86715084,-1,-1,-1
194,7437,376.11557,151.42128,41.633514,55.233353,0.8971235,-1,-1,-1
194,7449,468.4334,5.2040772,84.57385,92.06893,0.68635935,-1,-1,-1
194,7458,591.94464,0.23977065,44.745728,33.61824,0.6934399,-1,-1,-1
194,7457,999.27124,351.93616,20.831238,23.776428,0.27097628,-1,-1,-1
195,7360,486.5969,227.34103,35.08615,58.24768,0.86357456,-1,-1,-1
195,7362,205.56462,75.229095,59.535233,45.92318,0.8633601,-1,-1,-1
195,7363,518.74664,159.24918,37.036865,69.10617,0.86619693,-1,-1,-1
195,7366,218.32762,39.420467,63.86873,49.212902,0.8533123,-1,-1,-1
195,7367,462.10855,317.98447,41.509705,58.27887,0.8830811,-1,-1,-1
195,7369,808.9151,302.9911,60.21039,47.740936,0.8757714,-1,-1,-1
195,7371,181.87343,409.52676,92.6118,125.89017,0.65662086,-1,-1,-1
195,7395,229.45341,304.66486,32.118484,64.004395,0.86307025,-1,-1,-1
195,7400,574.224,175.38153,36.95459,58.33499,0.85643363,-1,-1,-1
195,7410,120.37183,25.73936,66.49453,49.821827,0.85215235,-1,-1,-1
195,7427,293.13568,482.5039,42.98587,55.822693,0.7751429,-1,-1,-1
195,7426,900.145,61.917915,47.29706,57.620567,0.8073539,-1,-1,-1
195,7433,415.0957,401.13406,46.85257,60.7218,0.86122483,-1,-1,-1
195,7434,729.32416,0.0,37.019775,45.717274,0.86809117,-1,-1,-1
195,7437,374.78702,154.27216,41.440857,54.952972,0.8950578,-1,-1,-1
195,7449,467.86636,6.49656,83.322845,92.21572,0.56576645,-1,-1,-1
195,7458,588.61334,0.062774725,48.349365,36.47996,0.75729567,-1,-1,-1
196,7360,486.53104,227.11249,35.14682,58.300354,0.8619659,-1,-1,-1
196,7362,205.80864,74.93765,59.452194,45.84478,0.8636344,-1,-1,-1
196,7363,518.7462,159.08774,37.12079,69.16019,0.866046,-1,-1,-1
196,7366,218.58943,39.016888,63.766495,49.188503,0.8551065,-1,-1,-1
196,7367,462.07077,317.8147,41.550934,58.33615,0.8841787,-1,-1,-1
196,7369,808.98505,303.13333,59.97937,47.579895,0.877294,-1,-1,-1
196,7371,180.75844,411.2397,92.34273,124.30444,0.6535455,-1,-1,-1
196,7395,229.19327,304.21817,32.27545,64.36459,0.86472356,-1,-1,-1
196,7400,574.9681,176.99045,37.19458,58.312393,0.85807115,-1,-1,-1
196,7410,120.4445,25.14634,66.505936,49.883484,0.8518802,-1,-1,-1
196,7427,292.288,487.08862,40.32068,51.2583,0.75186104,-1,-1,-1
196,7426,900.4281,62.13699,47.083557,57.407696,0.809225,-1,-1,-1
196,7433,415.26743,400.75543,46.732025,60.49295,0.8638972,-1,-1,-1
196,7434,733.5467,0.0,34.028137,40.60951,0.8215132,-1,-1,-1
196,7437,373.2386,157.06718,41.414673,54.836075,0.9020407,-1,-1,-1
196,7449,467.01334,8.102079,82.13443,92.24669,0.49906915,-1,-1,-1
196,7458,585.8954,0.0009329186,51.586365,39.16572,0.80723995,-1,-1,-1
196,7459,177.34668,410.82498,100.45337,122.896576,0.53538597,-1,-1,-1
196,7448,0.7868285,247.33867,29.057955,33.540665,0.25215307,-1,-1,-1
197,7360,486.53342,226.9346,35.16629,58.31955,0.8612331,-1,-1,-1
197,7362,206.07417,74.48968,59.59517,45.964027,0.8633695,-1,-1,-1
197,7363,518.86273,158.99898,37.12506,69.07886,0.8660409,-1,-1,-1
197,7366,219.17157,39.02209,63.2106,48.788906,0.8585911,-1,-1,-1
197,7367,462.04797,317.67227,41.51407,58.28589,0.885791,-1,-1,-1
197,7369,808.95483,303.16342,59.907043,47.548584,0.8785104,-1,-1,-1
197,7371,180.1564,413.28403,91.83368,122.34335,0.5343515,-1,-1,-1
197,7395,229.09415,303.96075,32.176666,64.21988,0.8684931,-1,-1,-1
197,7400,575.73285,178.4051,37.667236,58.674164,0.8558127,-1,-1,-1
197,7410,120.83304,24.915182,66.09238,49.609444,0.8549017,-1,-1,-1
197,7427,291.16208,491.89334,37.578064,46.558075,0.676893,-1,-1,-1
197,7426,900.6797,62.31276,46.799927,57.0334,0.80603015,-1,-1,-1
197,7433,415.35513,400.39713,46.720367,60.383698,0.8647085,-1,-1,-1
197,7434,737.6038,0.0,30.149292,35.494457,0.8033727,-1,-1,-1
197,7437,371.56793,160.05025,41.623108,55.07965,0.9008766,-1,-1,-1
197,7449,467.22165,10.246845,80.27957,91.213394,0.42657304,-1,-1,-1
197,7458,583.79346,0.0,54.22052,41.485867,0.82489157,-1,-1,-1
197,7459,177.50587,412.9735,99.57753,121.806335,0.6742172,-1,-1,-1
197,7448,0.68671215,246.46281,29.38042,33.68132,0.4097235,-1,-1,-1
198,7360,486.78693,226.9117,34.947693,57.870255,0.86951464,-1,-1,-1
198,7362,206.26314,73.945175,59.91246,46.290756,0.8648103,-1,-1,-1
198,7363,518.9801,158.9688,37.11731,68.97806,0.8655631,-1,-1,-1
198,7366,219.26932,38.764366,63.125183,48.76995,0.86064667,-1,-1,-1
198,7367,462.0779,317.6096,41.390015,58.109497,0.88789415,-1,-1,-1
198,7369,808.8268,303.15057,59.923645,47.60623,0.87963617,-1,-1,-1
198,7371,179.54738,415.88177,90.971634,119.87323,0.56235486,-1,-1,-1
198,7395,229.13048,303.7303,32.090347,64.11801,0.8689973,-1,-1,-1
198,7400,576.3189,179.9896,38.15692,59.068283,0.8591733,-1,-1,-1
198,7410,121.07732,24.725916,65.8866,49.507027,0.85566807,-1,-1,-1
198,7427,291.02356,496.8269,34.337738,41.27954,0.54403406,-1,-1,-1
198,7426,900.5058,62.491745,46.80609,56.982826,0.806383,-1,-1,-1
198,7433,415.32455,400.1279,46.794342,60.36496,0.86646456,-1,-1,-1
198,7434,741.1079,0.0,27.45288,30.912537,0.79994094,-1,-1,-1
198,7437,370.14606,163.42851,41.267517,54.480545,0.8996567,-1,-1,-1
198,7449,466.09106,11.555954,79.98419,92.08992,0.54827577,-1,-1,-1
198,7458,582.6416,0.0,56.48993,43.675156,0.8257782,-1,-1,-1
198,7459,177.44348,415.83295,97.73651,119.48956,0.6599644,-1,-1,-1
198,7448,0.4982473,245.51546,29.681715,33.895035,0.50099397,-1,-1,-1
199,7360,486.73996,226.60333,35.115204,58.20929,0.8651015,-1,-1,-1
199,7362,206.40558,73.52524,59.98181,46.407524,0.8668666,-1,-1,-1
199,7363,519.0577,158.91475,37.15161,68.9445,0.86597973,-1,-1,-1
199,7366,219.50638,38.644012,62.90558,48.642426,0.86295325,-1,-1,-1
199,7367,462.04636,317.61447,41.238678,57.926086,0.88961184,-1,-1,-1
199,7369,808.70526,303.10983,59.950928,47.68744,0.87984383,-1,-1,-1
199,7371,178.53957,418.39145,90.577896,118.1293,0.7115287,-1,-1,-1
199,7395,229.3069,303.57034,31.905624,63.760254,0.8686965,-1,-1,-1
199,7400,576.96405,181.50845,38.367493,59.116257,0.8644211,-1,-1,-1
199,7410,121.27661,24.476048,65.82292,49.523342,0.84980184,-1,-1,-1
199,7426,900.74365,62.646477,46.87268,57.06427,0.8041148,-1,-1,-1
199,7433,415.58035,399.9487,46.533142,59.909424,0.87442017,-1,-1,-1
199,7434,744.53955,0.0,24.237,25.976019,0.56678116,-1,-1,-1
199,7437,368.59262,166.35025,41.197052,54.301758,0.90081334,-1,-1,-1
199,7449,465.11945,13.222533,79.70911,92.91833,0.5296946,-1,-1,-1
199,7458,580.9895,0.0,58.563965,45.84655,0.83781624,-1,-1,-1
199,7459,177.47096,418.76648,95.64467,116.78882,0.739066,-1,-1,-1
199,7448,0.36478052,244.88585,29.968176,34.13011,0.5431662,-1,-1,-1
200,7360,486.75208,226.2886,35.013916,58.050293,0.866451,-1,-1,-1
200,7362,206.40135,73.007225,60.123123,46.57499,0.86762637,-1,-1,-1
200,7363,519.04803,158.74692,37.19397,68.93172,0.8668135,-1,-1,-1
200,7366,219.77174,38.36085,62.783615,48.5705,0.8627921,-1,-1,-1
200,7367,462.00452,317.4291,41.220398,57.938232,0.8915387,-1,-1,-1
200,7369,808.6516,303.0607,59.98181,47.76544,0.8795777,-1,-1,-1
200,7371,177.84035,420.93167,89.89583,115.92026,0.44343543,-1,-1,-1
200,7395,229.33273,303.2184,31.770477,63.460632,0.8665556,-1,-1,-1
200,7400,577.85004,183.19447,38.182983,58.455353,0.86800045,-1,-1,-1
200,7410,121.65746,24.191488,65.46017,49.30179,0.8479874,-1,-1,-1
200,7426,900.82605,62.81227,46.831116,56.971535,0.8111363,-1,-1,-1
200,7433,415.81622,399.55188,46.478027,59.78894,0.87048626,-1,-1,-1
200,7437,366.92392,169.29681,41.21353,54.125916,0.9059346,-1,-1,-1
200,7449,464.57068,15.387555,78.894104,92.945045,0.7629786,-1,-1,-1
200,7458,579.2341,0.0,60.345276,47.946644,0.83576065,-1,-1,-1
200,7459,177.43652,421.29883,93.675476,114.14935,0.80125874,-1,-1,-1
200,7448,0.32223794,244.45544,30.12792,34.220703,0.51406205,-1,-1,-1
201,7360,486.9356,226.01923,35.017822,58.08087,0.86683095,-1,-1,-1
201,7362,206.2545,72.38766,60.446518,46.911453,0.8677847,-1,-1,-1
201,7363,519.12915,158.50433,37.322388,69.06152,0.86512834,-1,-1,-1
201,7366,219.94772,38.046238,62.746338,48.57313,0.86326444,-1,-1,-1
201,7367,461.99655,317.17056,41.282684,58.069977,0.8928299,-1,-1,-1
201,7369,808.67426,303.14468,59.77191,47.641785,0.88055694,-1,-1,-1
201,7395,229.31146,302.68454,31.804016,63.477783,0.8647454,-1,-1,-1
201,7400,578.62286,184.62161,38.36548,58.39749,0.8614504,-1,-1,-1
201,7410,121.98878,23.848747,65.51765,49.40275,0.8483421,-1,-1,-1
201,7426,901.1314,62.898865,46.852173,57.01699,0.8139035,-1,-1,-1
201,7433,415.70068,399.25903,46.545837,59.805237,0.86625564,-1,-1,-1
201,7437,365.2456,172.01248,41.356537,54.195786,0.9076102,-1,-1,-1
201,7449,464.2796,17.428984,77.808044,92.419334,0.7246378,-1,-1,-1
201,7458,576.78876,0.0,62.621887,50.671356,0.8419919,-1,-1,-1
201,7448,0.37999374,243.9406,30.138138,34.11107,0.5204166,-1,-1,-1
202,7360,487.05103,225.82487,35.122375,58.225235,0.8671918,-1,-1,-1
202,7362,206.27423,72.06193,60.47177,46.985596,0.8646124,-1,-1,-1
202,7363,519.27875,158.48221,37.277283,68.911545,0.86073977,-1,-1,-1
202,7366,220.18428,37.775223,62.633743,48.50598,0.8647418,-1,-1,-1
202,7367,462.06863,316.95584,41.26996,58.101044,0.89257634,-1,-1,-1
202,7369,808.64026,303.14578,59.78351,47.71164,0.8805319,-1,-1,-1
202,7395,229.35347,302.20184,31.81691,63.453003,0.8630038,-1,-1,-1
202,7400,579.3207,186.25168,38.37146,58.090683,0.86496437,-1,-1,-1
202,7410,122.150826,23.36592,65.48493,49.491333,0.85469425,-1,-1,-1
202,7426,901.23315,62.991375,47.138733,57.397816,0.80826604,-1,-1,-1
202,7433,415.9052,399.09265,46.40332,59.614685,0.8670406,-1,-1,-1
202,7437,363.3615,175.10051,41.54422,54.339813,0.89004004,-1,-1,-1
202,7449,463.63382,18.652855,77.528534,92.9361,0.84196657,-1,-1,-1
202,7458,574.90485,0.0,63.607788,52.45268,0.85221076,-1,-1,-1
202,7448,0.22859307,243.41081,30.603691,34.59813,0.5585852,-1,-1,-1
202,7371,176.8873,425.4209,87.590576,111.51337,0.8042606,-1,-1,-1
203,7360,487.2529,225.58635,35.10031,58.13365,0.87166315,-1,-1,-1
203,7362,206.15773,71.39612,61.3199,47.751724,0.90050805,-1,-1,-1
203,7363,519.34717,158.365,37.319336,68.94696,0.85975516,-1,-1,-1
203,7366,220.26042,37.335476,62.772446,48.632633,0.8673139,-1,-1,-1
203,7367,462.1518,316.44492,41.310333,58.21115,0.89628035,-1,-1,-1
203,7369,808.6955,303.27713,59.727966,47.721954,0.88105947,-1,-1,-1
203,7395,229.44539,301.54456,31.879318,63.457214,0.86319995,-1,-1,-1
203,7400,579.7567,187.80817,38.799927,58.477875,0.8594095,-1,-1,-1
203,7410,122.48386,23.121637,64.99753,49.174065,0.856513,-1,-1,-1
203,7426,901.6527,63.11088,47.19287,57.515392,0.80850935,-1,-1,-1
203,7433,415.9319,398.85556,46.41098,59.647827,0.8635791,-1,-1,-1
203,7437,361.85016,178.03363,41.76822,54.646774,0.89318645,-1,-1,-1
203,7449,463.17487,20.603245,76.90546,92.99388,0.8131468,-1,-1,-1
203,7458,573.2746,0.1865138,64.14545,54.01837,0.87146205,-1,-1,-1
203,7448,0.24231234,243.0937,30.63068,34.559006,0.55032134,-1,-1,-1
203,7371,175.53967,427.62982,87.27759,109.778076,0.8567824,-1,-1,-1
204,7360,487.36975,225.35687,34.949707,57.79828,0.8713753,-1,-1,-1
204,7362,206.27335,71.0958,61.48944,47.96826,0.88902193,-1,-1,-1
204,7363,519.38367,158.31345,37.27997,68.85666,0.858874,-1,-1,-1
204,7366,220.30994,36.83544,63.016205,48.83989,0.87068886,-1,-1,-1
204,7367,462.20987,316.1516,41.267883,58.184387,0.9074034,-1,-1,-1
204,7369,808.727,303.3244,59.756775,47.804047,0.8803231,-1,-1,-1
204,7395,229.46243,301.21014,31.848145,63.355774,0.86320865,-1,-1,-1
204,7400,580.5831,189.6444,38.83539,58.316147,0.8599966,-1,-1,-1
204,7410,122.72759,22.895533,64.60328,48.888237,0.85703754,-1,-1,-1
204,7426,901.85565,63.157932,47.354248,57.77812,0.8107978,-1,-1,-1
204,7433,416.1525,398.53256,46.289703,59.55185,0.86520153,-1,-1,-1
204,7437,360.28873,181.21246,41.75287,54.499847,0.898859,-1,-1,-1
204,7449,462.47885,22.999868,75.857086,92.45628,0.7022151,-1,-1,-1
204,7458,571.4795,1.2546877,64.31714,55.42073,0.8716768,-1,-1,-1
204,7448,0.28767285,242.57956,30.492146,34.317932,0.6236442,-1,-1,-1
204,7371,174.50366,429.7151,86.85687,107.89429,0.86449033,-1,-1,-1
205,7360,487.27808,225.15646,35.019653,57.88669,0.87043965,-1,-1,-1
205,7362,206.30602,70.73216,61.74193,48.258934,0.8666811,-1,-1,-1
205,7363,519.3983,158.18584,37.258972,68.80318,0.8594402,-1,-1,-1
205,7366,219.47676,36.06863,63.50029,49.33431,0.86902547,-1,-1,-1
205,7367,462.2757,316.26224,41.08206,57.91971,0.892844,-1,-1,-1
205,7369,808.8244,303.42712,59.569153,47.690186,0.880172,-1,-1,-1
205,7395,229.33853,300.70587,31.916473,63.464996,0.8618485,-1,-1,-1
205,7400,581.28894,191.32378,39.04309,58.399918,0.85967827,-1,-1,-1
205,7410,122.77488,22.46093,64.725945,48.994987,0.84725994,-1,-1,-1
205,7426,901.9961,63.230522,47.448242,57.916115,0.80293924,-1,-1,-1
205,7433,416.26413,398.26654,46.271698,59.59848,0.8635492,-1,-1,-1
205,7437,358.62646,184.2507,41.63965,54.23114,0.8939944,-1,-1,-1
205,7449,461.49237,24.925127,75.56116,92.77522,0.6801164,-1,-1,-1
205,7458,570.2421,2.6345582,63.81317,56.172104,0.8588827,-1,-1,-1
205,7448,0.5495033,241.98686,30.028671,33.61168,0.61313885,-1,-1,-1
205,7371,174.24146,432.64157,85.56528,104.73538,0.86241907,-1,-1,-1
205,7461,463.5233,24.449604,71.900604,93.60626,0.33440706,-1,-1,-1
206,7360,487.34247,224.98233,34.950806,57.72943,0.8700888,-1,-1,-1
206,7362,205.98572,70.27696,62.030304,48.510963,0.8815739,-1,-1,-1
206,7363,519.5027,158.11484,37.14685,68.52931,0.85983634,-1,-1,-1
206,7366,220.02815,35.74749,63.465256,49.32065,0.86281514,-1,-1,-1
206,7367,462.35208,316.2025,40.962585,57.741974,0.89376706,-1,-1,-1
206,7369,808.7529,303.42822,59.64032,47.80536,0.88112354,-1,-1,-1
206,7395,229.37267,300.57666,31.785873,63.224274,0.86069006,-1,-1,-1
206,7400,582.2187,192.93176,39.418518,58.80536,0.8799571,-1,-1,-1
206,7410,122.84751,21.93452,64.88976,49.15962,0.84598655,-1,-1,-1
206,7426,902.2352,63.310814,47.348877,57.806328,0.80586576,-1,-1,-1
206,7433,415.75363,397.8916,46.6315,60.07425,0.86316556,-1,-1,-1
206,7437,356.9917,187.48193,41.518677,54.016937,0.8944259,-1,-1,-1
206,7458,569.15076,4.476182,63.004944,56.60088,0.857424,-1,-1,-1
206,7448,0.58265775,241.48842,29.978743,33.403885,0.5183499,-1,-1,-1
206,7371,173.82602,435.5524,84.2576,101.610504,0.8713289,-1,-1,-1
207,7360,487.2495,224.66672,35.1463,58.125854,0.87223685,-1,-1,-1
207,7362,206.35876,70.169815,61.311035,48.005043,0.8614111,-1,-1,-1
207,7363,519.48517,158.02937,37.140564,68.4574,0.8591231,-1,-1,-1
207,7366,220.06493,35.0421,63.961258,49.72039,0.8562956,-1,-1,-1
207,7367,462.33084,315.98083,40.977325,57.768158,0.8927984,-1,-1,-1
207,7369,808.8541,303.63242,59.360474,47.617096,0.8809628,-1,-1,-1
207,7395,229.26071,300.1332,31.95221,63.529907,0.8606325,-1,-1,-1
207,7400,582.87915,194.7399,39.614014,58.873306,0.86860794,-1,-1,-1
207,7410,123.181145,21.769001,65.0514,49.267864,0.8452601,-1,-1,-1
207,7426,902.63226,63.534267,47.10742,57.57049,0.80691695,-1,-1,-1
207,7433,415.64026,397.61356,46.713654,60.20276,0.86607534,-1,-1,-1
207,7437,355.2615,190.54877,41.67398,54.23648,0.90155077,-1,-1,-1
207,7458,568.20746,6.5009274,62.37787,57.140156,0.85388994,-1,-1,-1
207,7448,0.48597482,241.03117,30.0824,33.413345,0.624769,-1,-1,-1
207,7371,173.1183,437.8939,83.469894,99.13522,0.8677567,-1,-1,-1
207,7449,459.3407,29.074951,75.29816,93.0201,0.7045855,-1,-1,-1
208,7360,487.21646,224.42781,35.26651,58.40016,0.87246436,-1,-1,-1
208,7362,206.54387,70.03743,60.96898,47.786438,0.86083996,-1,-1,-1
208,7363,519.3457,157.6626,37.483948,69.05469,0.85698587,-1,-1,-1
208,7366,220.19865,34.696774,64.10225,49.834652,0.8585506,-1,-1,-1
208,7367,462.24652,315.53122,41.200714,58.105804,0.9001034,-1,-1,-1
208,7369,808.9078,303.78595,59.218506,47.540833,0.880616,-1,-1,-1
208,7395,229.25577,300.02536,32.02484,63.694397,0.868191,-1,-1,-1
208,7400,583.8963,196.57039,39.52704,58.430435,0.875746,-1,-1,-1
208,7410,123.536896,21.57148,64.97861,49.185013,0.8472864,-1,-1,-1
208,7426,902.7737,63.64187,46.99475,57.42582,0.8039644,-1,-1,-1
208,7433,415.48032,397.28632,46.81967,60.3385,0.86633515,-1,-1,-1
208,7437,353.67917,193.6546,41.673553,54.153473,0.90227145,-1,-1,-1
208,7458,567.8216,8.513773,61.074768,57.01806,0.8613408,-1,-1,-1
208,7448,0.5605484,239.84183,30.41561,33.63617,0.56483537,-1,-1,-1
208,7371,172.03003,439.91556,82.914764,97.08469,0.86526954,-1,-1,-1
208,7449,458.50873,31.098316,74.71912,92.753296,0.7659493,-1,-1,-1
209,7360,487.19357,224.19844,35.258698,58.43431,0.88720804,-1,-1,-1
209,7362,206.67307,69.81825,60.821167,47.74169,0.858751,-1,-1,-1
209,7363,519.392,157.57687,37.53888,69.00438,0.85645485,-1,-1,-1
209,7366,220.22449,34.388203,64.12433,49.851635,0.85789096,-1,-1,-1
209,7367,462.16553,315.18024,41.331055,58.316284,0.9081919,-1,-1,-1
209,7369,808.8987,303.77426,59.23169,47.593964,0.88116324,-1,-1,-1
209,7395,229.29155,299.71146,32.030777,63.760956,0.85927486,-1,-1,-1
209,7400,584.4595,198.36147,39.57263,58.073776,0.8783392,-1,-1,-1
209,7410,123.69418,21.29593,64.95619,49.117706,0.8560094,-1,-1,-1
209,7426,903.0202,63.798897,46.765137,57.18721,0.8072552,-1,-1,-1
209,7433,415.67053,396.02368,47.201874,60.993652,0.8857707,-1,-1,-1
209,7437,352.15973,196.65756,41.89102,54.41472,0.8934237,-1,-1,-1
209,7458,567.3661,11.067724,59.30664,56.36889,0.86256164,-1,-1,-1
209,7448,0.47490847,239.109,30.929623,34.103256,0.56006306,-1,-1,-1
209,7371,170.59311,442.38443,81.98442,94.5253,0.8541097,-1,-1,-1
209,7449,457.8069,33.149227,73.97296,92.36311,0.82184356,-1,-1,-1
210,7360,487.34833,224.00548,35.187134,58.35524,0.8915369,-1,-1,-1
210,7362,206.87967,69.62868,60.645813,47.653465,0.8583396,-1,-1,-1
210,7363,519.3278,157.25957,37.75995,69.39758,0.8563502,-1,-1,-1
210,7366,220.22409,33.98654,64.28027,49.975006,0.85636806,-1,-1,-1
210,7367,462.1873,314.99173,41.31201,58.310486,0.8964908,-1,-1,-1
210,7369,808.88275,303.73166,59.292236,47.703033,0.88084096,-1,-1,-1
210,7395,229.37625,299.63687,31.929352,63.66559,0.8582036,-1,-1,-1
210,7400,585.15906,200.10558,39.75653,57.95247,0.8713541,-1,-1,-1
210,7410,123.98809,21.115446,64.77848,48.926796,0.85304886,-1,-1,-1
210,7426,903.59827,63.86614,46.424927,56.705845,0.80406237,-1,-1,-1
210,7433,415.60947,395.40894,47.48886,61.525665,0.89133155,-1,-1,-1
210,7437,350.1899,199.4541,42.178406,54.800415,0.8896456,-1,-1,-1
210,7458,566.4612,13.354913,58.030823,56.153023,0.85711145,-1,-1,-1
210,7448,0.3746946,238.94667,31.242825,34.37355,0.6659295,-1,-1,-1
210,7371,169.87416,445.08194,80.83894,91.872345,0.857217,-1,-1,-1
210,7449,456.9385,35.185226,73.48483,92.250824,0.83227205,-1,-1,-1
211,7360,487.41367,223.81581,35.2106,58.45552,0.88950354,-1,-1,-1
211,7362,207.04642,69.36035,60.55542,47.640778,0.85957164,-1,-1,-1
211,7363,519.365,157.09207,37.86499,69.53911,0.8576097,-1,-1,-1
211,7366,220.32173,33.59218,64.344864,50.041595,0.85616195,-1,-1,-1
211,7367,462.4468,314.9531,41.024597,57.88907,0.8926735,-1,-1,-1
211,7369,808.92584,303.70908,59.227417,47.688446,0.8808175,-1,-1,-1
211,7395,229.32858,299.32056,31.928589,63.76944,0.8577321,-1,-1,-1
211,7400,585.91077,201.98387,40.187317,58.22194,0.87525725,-1,-1,-1
211,7410,124.13217,20.802885,64.86148,48.970375,0.8567137,-1,-1,-1
211,7426,903.8639,63.801598,46.476196,56.71776,0.79843795,-1,-1,-1
211,7433,415.91086,395.59387,46.909454,60.817352,0.8657814,-1,-1,-1
211,7437,348.30597,202.24678,42.34247,54.940628,0.8874641,-1,-1,-1
211,7458,565.30255,15.471759,57.01056,56.025555,0.86216235,-1,-1,-1
211,7448,0.30404532,238.70715,31.420744,34.506714,0.6842904,-1,-1,-1
211,7371,168.85059,447.11072,80.147995,89.900635,0.8586648,-1,-1,-1
211,7449,456.35825,37.304665,73.16031,92.1883,0.8663119,-1,-1,-1
212,7360,487.2416,223.52664,35.09378,58.3515,0.88125193,-1,-1,-1
212,7362,207.12274,69.042274,60.50058,47.676674,0.86188024,-1,-1,-1
212,7363,519.37213,156.97089,37.91797,69.56943,0.85923505,-1,-1,-1
212,7366,220.45274,33.318504,64.35448,50.07399,0.8534686,-1,-1,-1
212,7367,462.56897,314.82672,40.918518,57.730896,0.8905145,-1,-1,-1
212,7369,808.92456,303.7211,59.253357,47.75531,0.8810047,-1,-1,-1
212,7395,229.35263,299.13785,31.861023,63.744537,0.8551438,-1,-1,-1
212,7400,586.69446,203.68562,40.305237,58.12599,0.8736439,-1,-1,-1
212,7410,124.21645,20.519218,64.862755,48.94892,0.85381114,-1,-1,-1
212,7426,903.9706,63.858917,46.545227,56.71283,0.8036512,-1,-1,-1
212,7433,415.8689,395.48904,46.861603,60.786377,0.8600823,-1,-1,-1
212,7437,346.42822,205.27577,42.566498,55.205643,0.89068097,-1,-1,-1
212,7458,564.2737,17.531614,56.177795,56.048004,0.87094086,-1,-1,-1
212,7448,0.2438678,238.08482,31.758715,34.828354,0.68422836,-1,-1,-1
212,7371,168.30077,450.84125,78.67317,86.89099,0.86848295,-1,-1,-1
212,7449,455.35306,39.743187,73.064606,92.3668,0.87511826,-1,-1,-1
213,7360,487.18365,223.22571,35.064453,58.40381,0.88054234,-1,-1,-1
213,7362,207.14085,68.691505,60.524063,47.76393,0.8612431,-1,-1,-1
213,7363,519.40625,156.89369,37.949463,69.56975,0.8590933,-1,-1,-1
213,7366,220.50392,33.085297,64.37642,50.1052,0.8504347,-1,-1,-1
213,7367,462.557,314.65448,40.905212,57.707,0.8893075,-1,-1,-1
213,7369,808.8935,303.73715,59.28125,47.82788,0.8815506,-1,-1,-1
213,7395,229.34601,299.0841,32.134033,64.306885,0.85944545,-1,-1,-1
213,7400,587.3912,205.50932,40.494507,58.111954,0.8695033,-1,-1,-1
213,7410,124.11768,20.093515,64.90078,48.955093,0.8449636,-1,-1,-1
213,7426,904.01843,63.897015,46.593506,56.726093,0.80567425,-1,-1,-1
213,7433,415.86014,395.27023,46.721924,60.616547,0.8616976,-1,-1,-1
213,7437,344.87595,208.25516,42.436707,54.89914,0.9159763,-1,-1,-1
213,7458,563.47125,19.962952,55.399963,55.998436,0.8645857,-1,-1,-1
213,7448,0.18507385,237.33846,32.11592,35.18431,0.5484232,-1,-1,-1
213,7371,168.26271,453.17786,77.55466,84.3573,0.85136014,-1,-1,-1
213,7449,454.62247,41.694855,72.869965,92.449936,0.8639089,-1,-1,-1
214,7360,487.3409,223.00627,34.965485,58.320084,0.88009906,-1,-1,-1
214,7362,207.21854,68.41703,60.459595,47.779327,0.8623099,-1,-1,-1
214,7363,519.4591,156.88007,37.94922,69.50049,0.8591168,-1,-1,-1
214,7366,220.71402,33.005676,64.22885,49.98107,0.8492308,-1,-1,-1
214,7367,462.69916,314.554,40.85086,57.595123,0.8874896,-1,-1,-1
214,7369,808.9808,303.8411,59.13794,47.7341,0.881786,-1,-1,-1
214,7395,229.43448,299.07056,32.12326,64.343475,0.8691199,-1,-1,-1
214,7400,588.16956,206.97795,40.759033,58.369156,0.89275575,-1,-1,-1
214,7410,124.19108,19.752304,65.05628,49.08896,0.8381539,-1,-1,-1
214,7426,903.9519,63.99327,46.64258,56.724937,0.8003241,-1,-1,-1
214,7433,415.67593,395.09174,46.973785,60.969727,0.85720694,-1,-1,-1
214,7437,342.72354,211.75594,42.543396,55.047714,0.90068376,-1,-1,-1
214,7458,562.5621,22.308783,54.831726,56.038803,0.87065774,-1,-1,-1
214,7448,0.08232238,236.56317,32.49373,35.59265,0.26726732,-1,-1,-1
214,7371,167.85289,455.61063,76.46234,81.93509,0.8554067,-1,-1,-1
214,7449,453.98804,43.885464,72.52399,92.24019,0.8734319,-1,-1,-1
215,7360,487.33173,222.85403,34.97815,58.4328,0.88062674,-1,-1,-1
215,7362,207.30583,68.20191,60.322342,47.73259,0.8638618,-1,-1,-1
215,7363,519.50006,156.85092,37.952454,69.4492,0.8591443,-1,-1,-1
215,7366,220.85835,32.819466,64.12187,49.893394,0.85080767,-1,-1,-1
215,7367,462.6769,314.40094,40.88153,57.61737,0.8878989,-1,-1,-1
215,7369,809.0009,303.94223,59.048218,47.695618,0.88180727,-1,-1,-1
215,7395,229.3963,298.8867,32.194275,64.538086,0.8668175,-1,-1,-1
215,7400,588.97864,209.08792,40.55542,57.766266,0.88836926,-1,-1,-1
215,7410,124.13511,19.310976,65.64745,49.58541,0.8417017,-1,-1,-1
215,7426,904.0907,64.02716,46.685974,56.68952,0.7952289,-1,-1,-1
215,7433,415.65286,394.8573,47.21344,61.355103,0.8527186,-1,-1,-1
215,7437,341.10825,214.93372,42.496216,54.915344,0.8924632,-1,-1,-1
215,7458,561.28424,24.542927,54.490723,56.216625,0.86682296,-1,-1,-1
215,7371,167.67941,458.55182,75.04457,79.12219,0.85069937,-1,-1,-1
215,7449,453.1644,46.332253,71.88101,91.636345,0.81801134,-1,-1,-1
216,7360,487.3525,222.73227,34.92874,58.404938,0.8831332,-1,-1,-1
216,7362,207.35306,68.00948,60.263763,47.736725,0.86334145,-1,-1,-1
216,7363,519.6123,156.95894,37.924805,69.28998,0.8609232,-1,-1,-1
216,7366,220.99435,32.590736,64.14444,49.91134,0.84871703,-1,-1,-1
216,7367,462.61215,314.18045,40.972076,57.730957,0.8870177,-1,-1,-1
216,7369,809.07086,303.9647,58.964783,47.657043,0.8817324,-1,-1,-1
216,7395,229.34001,298.77347,32.22734,64.61328,0.8598537,-1,-1,-1
216,7400,589.9434,210.77986,40.532837,57.427567,0.8690227,-1,-1,-1
216,7410,124.330826,19.28536,65.53456,49.49138,0.84899116,-1,-1,-1
216,7426,904.20605,64.25278,46.60205,56.49131,0.80389374,-1,-1,-1
216,7433,415.7202,394.6476,47.2836,61.512817,0.8538137,-1,-1,-1
216,7437,339.2708,217.94832,42.73828,55.292892,0.9065934,-1,-1,-1
216,7458,560.15515,26.942488,53.78424,55.969757,0.8802654,-1,-1,-1
216,7371,167.9978,460.52606,74.25253,77.21008,0.8423632,-1,-1,-1
216,7449,451.38745,47.59774,72.36566,92.522606,0.72219247,-1,-1,-1
216,7448,0.33190677,236.64474,31.961123,34.90677,0.2948774,-1,-1,-1
217,7360,487.31964,222.47684,34.950012,58.522217,0.880206,-1,-1,-1
217,7362,207.39514,67.82312,60.172424,47.704826,0.8646293,-1,-1,-1
217,7363,519.6439,156.95326,37.940918,69.20578,0.86071634,-1,-1,-1
217,7366,221.2969,32.468597,63.973175,49.790665,0.84545535,-1,-1,-1
217,7367,462.57507,313.95712,41.044617,57.83423,0.88537514,-1,-1,-1
217,7369,809.0364,303.99512,58.91327,47.638336,0.88323337,-1,-1,-1
217,7395,229.25285,298.467,32.307632,64.70639,0.85608464,-1,-1,-1
217,7400,590.80536,212.42523,40.79413,57.487457,0.8720841,-1,-1,-1
217,7410,124.39465,19.234177,65.31378,49.28537,0.8434942,-1,-1,-1
217,7426,904.09875,64.320076,46.622437,56.3937,0.79763913,-1,-1,-1
217,7433,415.81952,394.40656,47.291718,61.58365,0.8522145,-1,-1,-1
217,7437,337.37482,221.04436,43.08264,55.769638,0.8875914,-1,-1,-1
217,7458,558.85724,29.057959,53.443787,56.234306,0.8674981,-1,-1,-1
217,7371,166.08508,462.4826,73.77196,75.661194,0.83842,-1,-1,-1
217,7449,450.32358,48.52155,72.84311,93.551636,0.723244,-1,-1,-1
217,7448,0.3586155,236.69734,31.83805,34.6855,0.27797475,-1,-1,-1
218,7360,487.28534,222.21243,34.98889,58.622437,0.87920773,-1,-1,-1
218,7362,207.39879,67.59262,60.124313,47.711716,0.8655689,-1,-1,-1
218,7363,519.63135,156.88574,38.016235,69.2162,0.8611621,-1,-1,-1
218,7366,221.59003,32.34588,63.9227,49.768585,0.8472092,-1,-1,-1
218,7367,462.4952,313.74753,41.06308,57.87619,0.88630086,-1,-1,-1
218,7369,809.1084,304.14352,58.726746,47.505005,0.88424766,-1,-1,-1
218,7395,229.13486,298.20648,32.36154,64.76053,0.8593989,-1,-1,-1
218,7400,591.75574,214.5362,41.07263,57.62039,0.87040454,-1,-1,-1
218,7410,124.13089,18.56217,65.71971,49.69581,0.8407657,-1,-1,-1
218,7426,904.01434,64.407684,46.76306,56.467697,0.79840606,-1,-1,-1
218,7433,416.11633,394.07874,46.935577,61.13034,0.8542411,-1,-1,-1
218,7437,335.34772,224.12827,43.086304,55.90857,0.9025014,-1,-1,-1
218,7458,558.0475,30.930056,52.647705,55.905884,0.87719613,-1,-1,-1
218,7371,165.98473,466.05008,70.78569,71.34958,0.8256468,-1,-1,-1
218,7449,449.40265,50.467022,72.88452,93.94528,0.5136444,-1,-1,-1
218,7448,0.46118096,236.72983,31.539276,34.23752,0.27419648,-1,-1,-1
219,7360,487.29922,221.89453,35.00412,58.672607,0.8770887,-1,-1,-1
219,7362,207.3538,67.29056,60.082138,47.72174,0.86520123,-1,-1,-1
219,7363,519.60187,156.69414,38.22339,69.4772,0.8617619,-1,-1,-1
219,7366,221.821,32.55906,63.071213,49.165497,0.84760445,-1,-1,-1
219,7367,462.3972,313.47568,41.133667,57.973724,0.8849778,-1,-1,-1
219,7369,809.0475,304.2063,58.641785,47.44519,0.88367057,-1,-1,-1
219,7395,229.0916,297.9941,32.38185,64.69949,0.86205643,-1,-1,-1
219,7400,592.60864,216.37772,41.148438,57.483276,0.8875456,-1,-1,-1
219,7410,123.98346,18.063412,65.96982,49.971935,0.8369628,-1,-1,-1
219,7426,903.9805,64.45193,46.83551,56.497925,0.8002846,-1,-1,-1
219,7433,416.3529,393.77023,46.62552,60.71866,0.8591733,-1,-1,-1
219,7437,333.46933,227.16515,43.096558,55.98442,0.88651085,-1,-1,-1
219,7458,556.9611,32.651943,52.552673,56.33179,0.8762035,-1,-1,-1
219,7371,165.73828,468.6194,69.49696,68.796875,0.8212959,-1,-1,-1
219,7449,447.8883,52.78672,72.64099,93.78138,0.41937622,-1,-1,-1
219,7448,0.45987827,236.443,31.598787,34.197174,0.29154193,-1,-1,-1
220,7360,487.25406,221.67245,35.036102,58.743683,0.8775754,-1,-1,-1
220,7362,207.42487,67.06331,60.038635,47.71559,0.8637974,-1,-1,-1
220,7363,519.47644,156.52188,38.408936,69.68713,0.8598611,-1,-1,-1
220,7366,221.96088,32.546276,62.79117,48.99969,0.864154,-1,-1,-1
220,7367,462.33762,313.23804,41.095123,57.926758,0.8861829,-1,-1,-1
220,7369,809.0671,304.27658,58.614563,47.43396,0.88451636,-1,-1,-1
220,7395,228.99133,297.7435,32.40387,64.65549,0.86232775,-1,-1,-1
220,7400,593.38995,218.10298,41.458862,57.7509,0.8753263,-1,-1,-1
220,7410,123.98239,17.685266,66.09967,50.148476,0.84086686,-1,-1,-1
220,7426,903.90295,64.574905,46.78784,56.361565,0.7950468,-1,-1,-1
220,7433,416.34985,393.5385,46.601624,60.703857,0.855259,-1,-1,-1
220,7437,331.71625,230.40788,42.856964,55.72322,0.88577956,-1,-1,-1
220,7458,555.44867,34.920887,52.27594,56.523342,0.86645746,-1,-1,-1
220,7371,165.68129,471.00507,68.2771,66.41901,0.8176634,-1,-1,-1
220,7449,446.9129,55.527775,71.78833,92.60922,0.4283137,-1,-1,-1
220,7448,0.31779084,236.16034,31.85374,34.422913,0.31531075,-1,-1,-1
221,7360,487.21124,221.50581,35.059387,58.798935,0.87580186,-1,-1,-1
221,7362,207.53693,66.88849,59.91501,47.633568,0.8645381,-1,-1,-1
221,7363,519.352,156.36119,38.563538,69.880615,0.8599586,-1,-1,-1
221,7366,222.14903,32.487305,62.462845,48.766907,0.86870015,-1,-1,-1
221,7367,462.33282,312.94678,41.182312,58.02069,0.8854477,-1,-1,-1
221,7369,808.9772,304.2638,58.683594,47.52133,0.88476664,-1,-1,-1
221,7395,228.86462,297.35635,32.53232,64.85632,0.86449265,-1,-1,-1
221,7400,594.0671,219.71057,41.828003,58.14102,0.90448684,-1,-1,-1
221,7410,124.04352,17.491016,65.916245,50.049725,0.84217304,-1,-1,-1
221,7426,903.83026,64.56039,46.968445,56.495583,0.7955681,-1,-1,-1
221,7433,416.386,393.29263,46.51367,60.600586,0.85429007,-1,-1,-1
221,7437,329.9719,233.95602,42.766632,55.664093,0.8897345,-1,-1,-1
221,7458,554.6446,37.21974,51.20752,55.765923,0.88840425,-1,-1,-1
221,7371,165.3005,473.28015,66.76076,63.751404,0.80675083,-1,-1,-1
221,7449,446.4666,57.530643,72.015686,93.043625,0.44919014,-1,-1,-1
221,7448,0.2666795,236.05573,31.813208,34.327484,0.36688986,-1,-1,-1
222,7360,487.2127,221.36034,35.016052,58.721573,0.87468994,-1,-1,-1
222,7362,207.53593,66.69384,59.870865,47.605896,0.86528075,-1,-1,-1
222,7363,519.449,156.40015,38.40222,69.380264,0.8594407,-1,-1,-1
222,7366,222.3179,32.43077,62.22049,48.57733,0.87765014,-1,-1,-1
222,7367,462.2291,312.59286,41.296936,58.14633,0.88601226,-1,-1,-1
222,7369,808.96545,304.26788,58.722717,47.58316,0.88402057,-1,-1,-1
222,7395,228.79514,297.0195,32.57721,64.92056,0.8652111,-1,-1,-1
222,7400,595.0853,221.87384,41.356323,57.14917,0.87672853,-1,-1,-1
222,7410,124.12267,17.274214,65.84548,50.038498,0.8439714,-1,-1,-1
222,7426,903.8678,64.703156,46.8833,56.358406,0.79608077,-1,-1,-1
222,7433,416.57065,393.10193,46.220276,60.198822,0.8590497,-1,-1,-1
222,7437,328.2958,237.03215,42.66165,55.655045,0.9051664,-1,-1,-1
222,7458,553.35144,39.186554,50.99878,55.928596,0.88491064,-1,-1,-1
222,7371,164.5109,475.20633,65.82408,61.73636,0.79350644,-1,-1,-1
222,7449,445.6609,59.74195,71.85724,92.95719,0.47989354,-1,-1,-1
222,7448,0.4236418,235.57191,31.647533,34.030594,0.26071724,-1,-1,-1
222,7462,445.09122,58.620735,70.91098,93.04269,0.32923123,-1,-1,-1
223,7360,487.1648,221.0299,35.0282,58.75302,0.86719555,-1,-1,-1
223,7362,207.5336,66.420815,59.974884,47.700348,0.8654919,-1,-1,-1
223,7363,519.37463,156.25974,38.413635,69.21593,0.8601484,-1,-1,-1
223,7366,222.31554,32.20542,62.239243,48.57717,0.8830573,-1,-1,-1
223,7367,462.1442,312.22073,41.498474,58.37381,0.88499254,-1,-1,-1
223,7369,808.90906,304.21942,58.732666,47.61252,0.8842434,-1,-1,-1
223,7395,228.74217,296.9586,32.489822,64.7171,0.86444056,-1,-1,-1
223,7400,595.839,223.43134,41.397827,56.92383,0.8842928,-1,-1,-1
223,7410,124.45025,17.164827,65.57746,49.89544,0.84250665,-1,-1,-1
223,7426,903.76117,64.73463,46.900635,56.32168,0.80033743,-1,-1,-1
223,7433,416.6717,392.86212,46.17099,60.13849,0.85563684,-1,-1,-1
223,7437,326.4116,240.21803,42.931152,56.041,0.8957095,-1,-1,-1
223,7458,551.82196,41.125717,50.815186,56.067673,0.8880931,-1,-1,-1
223,7371,164.94762,477.06973,64.8076,59.827057,0.7624274,-1,-1,-1
223,7449,443.89197,61.73152,71.37067,92.381516,0.78576404,-1,-1,-1
224,7360,487.12463,220.70642,35.04309,58.787018,0.8641469,-1,-1,-1
224,7362,207.5177,66.12254,60.182434,47.87139,0.86415684,-1,-1,-1
224,7363,519.3361,156.07019,38.390076,68.994446,0.85941964,-1,-1,-1
224,7366,222.26634,31.960518,62.320694,48.626823,0.8883842,-1,-1,-1
224,7367,462.02917,311.94235,41.648926,58.540985,0.8856205,-1,-1,-1
224,7369,808.8406,304.15353,58.8219,47.71045,0.88344276,-1,-1,-1
224,7395,228.66585,296.6725,32.455704,64.709045,0.8645566,-1,-1,-1
224,7400,596.5725,224.728,41.799072,57.12259,0.8841058,-1,-1,-1
224,7410,124.71391,17.078377,65.32457,49.742752,0.8404905,-1,-1,-1
224,7426,903.9115,64.856674,46.798767,56.149307,0.8030823,-1,-1,-1
224,7433,416.916,392.24622,46.40561,60.80609,0.8469447,-1,-1,-1
224,7437,324.83344,243.45601,42.702637,55.791122,0.90350497,-1,-1,-1
224,7458,550.0756,42.702873,51.035828,56.651917,0.8922933,-1,-1,-1
224,7371,163.8432,479.89737,63.282547,57.42856,0.7320961,-1,-1,-1
224,7449,442.0561,63.389732,71.69446,93.06887,0.86467534,-1,-1,-1
225,7360,487.03177,220.62524,34.987213,58.680115,0.8638041,-1,-1,-1
225,7362,207.49933,65.85662,60.272003,47.939957,0.86233425,-1,-1,-1
225,7363,519.3203,155.98067,38.38202,68.80838,0.8585154,-1,-1,-1
225,7366,222.20723,31.7188,62.360886,48.650433,0.88645154,-1,-1,-1
225,7367,461.96085,311.71277,41.760498,58.656006,0.88531256,-1,-1,-1
225,7369,808.97125,304.2523,58.62555,47.553406,0.8836752,-1,-1,-1
225,7395,228.7044,296.49637,32.449707,64.69736,0.86482716,-1,-1,-1
225,7400,597.8249,226.7022,41.98651,57.123154,0.88045955,-1,-1,-1
225,7410,124.648186,16.891867,65.337364,49.782265,0.8359771,-1,-1,-1
225,7426,903.7779,65.00322,46.907654,56.23889,0.8028104,-1,-1,-1
225,7433,417.0912,391.9913,46.2135,60.849854,0.84828347,-1,-1,-1
225,7437,323.10013,246.86775,42.47043,55.59468,0.8981248,-1,-1,-1
225,7458,548.75476,44.93936,50.778625,56.62451,0.8780571,-1,-1,-1
225,7371,163.81122,482.3087,61.726654,55.08432,0.74626255,-1,-1,-1
225,7449,440.52435,65.75535,71.51727,93.15882,0.8260187,-1,-1,-1
226,7360,486.9958,220.46698,34.971436,58.6438,0.86432415,-1,-1,-1
226,7362,207.48448,65.58544,60.334763,47.975204,0.8597317,-1,-1,-1
226,7363,519.2447,155.7737,38.466858,68.81636,0.8587313,-1,-1,-1
226,7366,222.0642,31.440207,62.54146,48.79744,0.88504726,-1,-1,-1
226,7367,461.84192,311.3412,41.973846,58.883545,0.88636124,-1,-1,-1
226,7369,808.8827,304.09286,58.741882,47.67862,0.88288635,-1,-1,-1
226,7395,228.68732,296.16574,32.34482,64.49271,0.8644688,-1,-1,-1
226,7400,598.4869,228.62119,41.9834,56.739105,0.8768547,-1,-1,-1
226,7410,124.00794,16.679764,65.999626,50.330635,0.82437027,-1,-1,-1
226,7426,903.8328,64.9861,46.92163,56.228867,0.80779874,-1,-1,-1
226,7433,417.044,391.7505,45.953125,60.64203,0.85609984,-1,-1,-1
226,7437,321.0897,249.86165,42.490936,55.716537,0.90195477,-1,-1,-1
226,7458,547.46674,46.96578,50.690186,56.868923,0.8799998,-1,-1,-1
226,7371,163.50098,484.77805,60.15686,52.66281,0.6864628,-1,-1,-1
226,7449,439.71286,67.89129,71.07846,92.85471,0.5247961,-1,-1,-1
227,7360,486.9623,220.32317,34.977875,58.644333,0.86598843,-1,-1,-1
227,7362,207.44243,65.03203,60.642136,48.286682,0.8577828,-1,-1,-1
227,7363,519.1961,155.54718,38.573242,68.87927,0.8590903,-1,-1,-1
227,7366,221.81032,31.029863,62.952896,49.09954,0.8573472,-1,-1,-1
227,7367,461.67093,310.99957,42.075043,58.97104,0.8887497,-1,-1,-1
227,7369,808.77844,304.0658,58.7041,47.687866,0.8825534,-1,-1,-1
227,7395,228.59668,295.96173,32.086853,63.893738,0.86812,-1,-1,-1
227,7400,599.1825,230.22867,42.394165,57.041504,0.8794389,-1,-1,-1
227,7410,123.8269,16.471989,66.144295,50.471577,0.8371813,-1,-1,-1
227,7426,903.7317,64.86798,47.025696,56.336197,0.80770516,-1,-1,-1
227,7433,417.17224,392.1281,45.23282,59.607452,0.8571367,-1,-1,-1
227,7437,319.05713,253.12582,42.53363,55.867462,0.8931834,-1,-1,-1
227,7458,546.0637,48.86221,50.528625,56.991703,0.89114374,-1,-1,-1
227,7371,162.7281,486.90817,58.946426,50.628815,0.6079476,-1,-1,-1
227,7449,438.14105,69.35345,71.48151,93.55488,0.64012104,-1,-1,-1
228,7360,486.96277,220.17891,34.94641,58.61052,0.8656425,-1,-1,-1
228,7362,207.48872,64.79719,60.55516,48.272484,0.85917014,-1,-1,-1
228,7363,519.0653,155.21349,38.79651,69.23445,0.8579036,-1,-1,-1
228,7366,221.66734,30.734892,63.15352,49.252823,0.85799277,-1,-1,-1
228,7367,461.58774,310.70123,42.070496,58.943542,0.8892576,-1,-1,-1
228,7369,808.66504,304.00104,58.666565,47.679443,0.8817818,-1,-1,-1
228,7395,228.68907,295.94025,31.931046,63.527344,0.8628709,-1,-1,-1
228,7400,599.8948,231.75763,42.8844,57.529053,0.87790895,-1,-1,-1
228,7410,124.04954,16.409838,65.97608,50.372864,0.84497535,-1,-1,-1
228,7426,903.7181,64.88636,47.0437,56.33674,0.80285776,-1,-1,-1
228,7433,417.18106,392.10022,45.02533,59.274902,0.8614159,-1,-1,-1
228,7437,317.29514,256.19556,42.26602,55.65558,0.9039564,-1,-1,-1
228,7458,544.70734,50.76613,50.472717,57.20066,0.87809277,-1,-1,-1
228,7371,162.5392,488.6816,57.87764,48.740936,0.6238709,-1,-1,-1
228,7449,437.55872,71.43974,70.981995,92.981735,0.3681687,-1,-1,-1
229,7360,486.9275,220.06444,34.95343,58.603745,0.8654778,-1,-1,-1
229,7362,207.6407,64.630424,60.65596,48.36875,0.8631924,-1,-1,-1
229,7363,518.9804,154.90779,38.948242,69.47537,0.8585313,-1,-1,-1
229,7366,221.6301,30.45603,63.268402,49.350746,0.85739255,-1,-1,-1
229,7367,461.51202,310.45526,42.12433,59.011322,0.8889309,-1,-1,-1
229,7369,808.5256,303.9623,58.68219,47.729614,0.8814651,-1,-1,-1
229,7395,228.50526,295.78366,31.926895,63.38336,0.86045486,-1,-1,-1
229,7400,600.7716,233.30333,42.86444,57.317398,0.8797044,-1,-1,-1
229,7410,124.19852,16.365725,65.78943,50.232613,0.8458174,-1,-1,-1
229,7426,903.7451,64.888115,47.018677,56.285133,0.80201036,-1,-1,-1
229,7433,416.7977,391.7926,45.207367,59.420105,0.857785,-1,-1,-1
229,7437,315.60364,259.09146,42.41266,55.88037,0.9058217,-1,-1,-1
229,7458,543.2315,53.031475,50.32312,57.27461,0.8745641,-1,-1,-1
229,7371,162.38329,490.93808,56.188034,46.361298,0.60706866,-1,-1,-1
229,7449,436.31506,73.84642,70.728516,92.66342,0.3695459,-1,-1,-1
229,7466,438.21265,73.349144,68.234436,92.3538,0.35587022,-1,-1,-1
230,7360,486.77542,219.9249,35.0347,58.798645,0.8650525,-1,-1,-1
230,7362,207.66599,64.48978,60.354706,48.162827,0.86199474,-1,-1,-1
230,7363,518.80756,154.52676,39.11908,69.80365,0.8582106,-1,-1,-1
230,7366,221.58035,30.146137,63.406982,49.489574,0.85678095,-1,-1,-1
230,7367,461.3991,310.16956,42.141663,59.06192,0.89086294,-1,-1,-1
230,7369,808.3278,303.9412,58.75354,47.816772,0.88166547,-1,-1,-1
230,7395,228.27293,295.36102,32.05449,63.428864,0.85794115,-1,-1,-1
230,7400,601.4246,234.68234,43.17743,57.56375,0.88158727,-1,-1,-1
230,7410,124.10059,16.090143,65.78727,50.22377,0.84175515,-1,-1,-1
230,7426,903.49176,64.95612,47.12506,56.443,0.8053755,-1,-1,-1
230,7433,416.48117,391.41736,45.450745,59.67462,0.86347395,-1,-1,-1
230,7437,313.69333,262.1151,42.3916,55.881165,0.9150263,-1,-1,-1
230,7458,542.132,55.110268,50.02014,57.118942,0.8868145,-1,-1,-1
230,7371,162.56647,492.67627,55.40851,44.795227,0.5879722,-1,-1,-1
230,7449,434.97293,75.475136,71.15561,93.3726,0.63865066,-1,-1,-1
230,7466,436.20346,74.458984,69.66931,94.26517,0.30601966,-1,-1,-1
231,7360,486.8216,219.75186,34.920166,58.69162,0.87891555,-1,-1,-1
231,7362,207.65,64.34796,60.171356,48.04505,0.86411643,-1,-1,-1
231,7363,518.7479,154.22684,39.207947,70.00011,0.85773623,-1,-1,-1
231,7366,221.4775,29.887081,63.579697,49.66789,0.85619885,-1,-1,-1
231,7367,461.33865,309.91974,42.14737,59.084198,0.89049757,-1,-1,-1
231,7369,808.2417,304.00412,58.629395,47.71872,0.88301295,-1,-1,-1
231,7395,227.965,294.97684,32.269745,63.599,0.8595246,-1,-1,-1
231,7400,602.2007,236.00812,43.408264,57.69333,0.8870206,-1,-1,-1
231,7410,124.216034,15.855432,65.63359,50.117393,0.84728485,-1,-1,-1
231,7426,903.3688,65.11634,47.044434,56.33381,0.8077044,-1,-1,-1
231,7433,416.0547,391.1434,45.712067,59.87091,0.8620937,-1,-1,-1
231,7437,311.89807,265.34082,42.412537,55.896088,0.8943706,-1,-1,-1
231,7458,540.7817,57.083057,49.84204,57.127224,0.90078044,-1,-1,-1
231,7371,161.39133,495.19254,53.848495,42.49283,0.5654445,-1,-1,-1
231,7449,434.1086,77.6075,70.96353,93.309235,0.4888615,-1,-1,-1
231,7466,434.77292,76.50606,69.85632,94.46469,0.29799932,-1,-1,-1
232,7360,486.74988,219.61055,34.880676,58.68361,0.873326,-1,-1,-1
232,7362,207.60196,64.170815,60.04193,47.96913,0.86588585,-1,-1,-1
232,7363,518.6923,154.00911,39.216858,70.05295,0.8576409,-1,-1,-1
232,7366,221.50934,29.693306,63.570465,49.70057,0.8542831,-1,-1,-1
232,7367,461.40314,309.6278,41.865753,58.772644,0.8919824,-1,-1,-1
232,7369,808.1962,304.0021,58.76477,47.86502,0.88267344,-1,-1,-1
232,7395,227.70728,294.79315,32.359253,63.501617,0.8605833,-1,-1,-1
232,7400,603.0152,237.40839,43.598267,57.670624,0.8771766,-1,-1,-1
232,7410,124.31797,15.518024,65.5642,50.08269,0.8514866,-1,-1,-1
232,7426,903.2594,65.23377,47.06305,56.351166,0.81370306,-1,-1,-1
232,7433,415.9252,390.81705,45.801422,59.869354,0.8694587,-1,-1,-1
232,7437,310.1189,268.2669,42.43524,55.97882,0.89428586,-1,-1,-1
232,7458,539.3976,59.333458,49.631897,57.061928,0.8904259,-1,-1,-1
232,7371,160.24263,496.86884,52.57869,40.932922,0.5505281,-1,-1,-1
232,7449,432.49628,79.55977,71.01721,93.44173,0.49087983,-1,-1,-1
233,7360,486.6691,219.50258,34.937775,58.81877,0.8648356,-1,-1,-1
233,7362,207.47736,63.737644,60.556366,48.3542,0.87056285,-1,-1,-1
233,7363,518.6275,153.83649,39.217224,70.07233,0.85767055,-1,-1,-1
233,7366,221.42664,29.421236,63.669983,49.829834,0.8544914,-1,-1,-1
233,7367,461.14645,309.48846,41.856476,58.77356,0.8932145,-1,-1,-1
233,7369,808.143,304.0836,58.61725,47.76877,0.8825959,-1,-1,-1
233,7395,227.38744,294.4311,32.512985,63.489502,0.860882,-1,-1,-1
233,7400,603.9109,239.34201,43.790466,57.77594,0.8729386,-1,-1,-1
233,7410,124.42738,15.235637,65.406525,49.97394,0.85388875,-1,-1,-1
233,7426,903.2605,65.34265,47.034363,56.285103,0.8090605,-1,-1,-1
233,7433,415.81268,389.75137,46.334442,60.585205,0.87607175,-1,-1,-1
233,7437,308.13617,271.5654,42.585175,56.103638,0.889088,-1,-1,-1
233,7458,537.82086,61.569683,49.233704,56.724644,0.8913401,-1,-1,-1
233,7371,159.56232,498.45795,51.294907,39.365784,0.4346195,-1,-1,-1
233,7449,431.14526,81.17991,71.2392,93.87559,0.6022923,-1,-1,-1
234,7360,486.57343,219.3791,34.864197,58.710434,0.86409914,-1,-1,-1
234,7362,207.51402,63.77539,60.129013,48.036995,0.8668595,-1,-1,-1
234,7363,518.59265,154.4237,38.916748,69.53311,0.8588763,-1,-1,-1
234,7366,221.47536,29.237556,63.578537,49.80603,0.85265785,-1,-1,-1
234,7367,461.05862,309.16425,41.761566,58.64566,0.89820427,-1,-1,-1
234,7369,808.0921,304.12375,58.586853,47.773987,0.8837796,-1,-1,-1
234,7395,227.19919,294.19644,32.58957,63.339172,0.8605905,-1,-1,-1
234,7400,604.53296,241.12154,43.965332,57.835068,0.869359,-1,-1,-1
234,7410,124.55101,14.96628,65.25784,49.86947,0.85290843,-1,-1,-1
234,7426,903.16675,65.3658,47.091797,56.330437,0.8115926,-1,-1,-1
234,7433,415.70914,389.12772,46.523407,60.844086,0.87974066,-1,-1,-1
234,7437,306.00385,274.3913,42.825043,56.416412,0.89666456,-1,-1,-1
234,7458,536.4802,63.62446,49.045715,56.681778,0.8888977,-1,-1,-1
234,7371,159.2576,501.03397,48.960495,36.853607,0.40490836,-1,-1,-1
234,7449,429.9552,83.35555,70.91684,93.59168,0.77960616,-1,-1,-1
235,7360,486.54846,219.22517,34.757263,58.546402,0.863205,-1,-1,-1
235,7362,207.50392,63.672813,59.91005,47.873642,0.86794716,-1,-1,-1
235,7363,518.5788,154.62534,38.74713,69.21713,0.8582249,-1,-1,-1
235,7366,221.48317,28.710842,63.579605,49.820316,0.8555484,-1,-1,-1
235,7367,460.97617,308.9791,41.668,58.51187,0.8942911,-1,-1,-1
235,7369,807.8859,304.0269,58.77832,47.968506,0.8818914,-1,-1,-1
235,7395,227.06651,293.84723,32.69899,63.321106,0.8603954,-1,-1,-1
235,7400,605.16736,242.70918,44.23932,58.208755,0.8893889,-1,-1,-1
235,7410,124.67679,14.692061,65.12283,49.789368,0.8548241,-1,-1,-1
235,7426,903.0513,65.420425,47.230286,56.476334,0.8105552,-1,-1,-1
235,7433,415.56042,389.0351,46.30603,60.539856,0.8955288,-1,-1,-1
235,7437,304.36255,277.8205,42.505157,55.968536,0.8953832,-1,-1,-1
235,7458,534.7934,65.580986,49.20276,57.07599,0.8791311,-1,-1,-1
235,7371,159.78406,503.28708,46.78264,34.290558,0.2889701,-1,-1,-1
235,7449,428.73267,86.269394,70.11218,92.272644,0.49117097,-1,-1,-1
236,7360,486.39777,219.0439,34.768127,58.604416,0.86290294,-1,-1,-1
236,7362,207.44098,63.355064,59.977386,47.94954,0.8673648,-1,-1,-1
236,7363,518.41473,154.16516,38.858215,69.62128,0.85966325,-1,-1,-1
236,7366,221.53595,28.336437,63.53473,49.765446,0.8562905,-1,-1,-1
236,7367,460.92828,308.73657,41.592957,58.39453,0.89259416,-1,-1,-1
236,7369,807.7826,304.07217,58.7442,47.960632,0.8822094,-1,-1,-1
236,7395,226.82964,293.5263,32.837387,63.377686,0.85916626,-1,-1,-1
236,7400,605.6186,244.03394,44.701904,58.942627,0.8804574,-1,-1,-1
236,7410,124.57044,14.081326,65.36884,50.032406,0.85372275,-1,-1,-1
236,7426,903.00305,65.39148,47.2937,56.544052,0.8110396,-1,-1,-1
236,7433,415.26352,388.9794,46.223724,60.308105,0.8678865,-1,-1,-1
236,7437,302.18787,280.69006,42.733124,56.278046,0.8992611,-1,-1,-1
236,7458,533.303,67.81267,48.86029,56.78061,0.8780714,-1,-1,-1
236,7449,427.07895,87.992805,70.62753,92.95867,0.52445745,-1,-1,-1
236,7467,426.74417,87.61841,71.516815,93.09711,0.39846575,-1,-1,-1
237,7360,486.31583,218.93384,34.73172,58.565155,0.86145365,-1,-1,-1
237,7362,207.43848,63.044422,60.004395,47.990803,0.8653349,-1,-1,-1
237,7363,518.3523,153.79016,38.881653,69.80397,0.8608766,-1,-1,-1
237,7366,221.46986,27.882498,63.528824,49.76172,0.8601008,-1,-1,-1
237,7367,460.87173,308.3807,41.475464,58.201477,0.88892967,-1,-1,-1
237,7369,807.5572,303.90778,58.90631,48.11371,0.8812613,-1,-1,-1
237,7395,226.45212,293.12915,33.055267,63.623077,0.8568788,-1,-1,-1
237,7400,606.8427,245.8041,44.488464,58.47896,0.88071734,-1,-1,-1
237,7410,124.35584,13.529635,65.66212,50.342827,0.84830326,-1,-1,-1
237,7426,902.8489,65.402596,47.37268,56.608154,0.8073874,-1,-1,-1
237,7433,415.35974,388.72653,46.053406,59.993683,0.87814164,-1,-1,-1
237,7437,300.09796,283.72598,42.891052,56.430237,0.8889642,-1,-1,-1
237,7458,531.8144,69.734215,48.9541,57.060394,0.8881872,-1,-1,-1
237,7449,425.72537,89.800575,71.074554,93.72944,0.5885095,-1,-1,-1
237,7467,425.90173,89.57614,71.49307,93.071045,0.49824047,-1,-1,-1
237,7469,500.72342,0.0986969,44.915985,30.575438,0.4352481,-1,-1,-1
238,7360,486.48557,218.7792,34.5737,58.35559,0.863333,-1,-1,-1
238,7362,207.40694,62.711765,59.99507,47.997845,0.8649835,-1,-1,-1
238,7363,518.5223,153.82697,38.678345,69.38585,0.8630697,-1,-1,-1
238,7366,221.43356,27.583256,63.433563,49.68256,0.85932213,-1,-1,-1
238,7367,460.67642,307.98996,41.460846,58.091156,0.8869128,-1,-1,-1
238,7369,807.28625,303.79227,59.154236,48.36331,0.8810334,-1,-1,-1
238,7395,226.04619,292.63257,33.35649,64.05005,0.8577046,-1,-1,-1
238,7400,607.8159,247.54558,44.28473,57.94966,0.88748765,-1,-1,-1
238,7410,124.42256,13.254294,65.3329,50.14031,0.8546999,-1,-1,-1
238,7426,902.09186,65.28484,48.23291,57.73001,0.80926275,-1,-1,-1
238,7433,415.18152,388.49078,46.138306,59.99524,0.8764101,-1,-1,-1
238,7437,298.28696,286.52008,42.83551,56.412506,0.9009331,-1,-1,-1
238,7458,530.37744,71.99602,48.773926,56.9729,0.89068997,-1,-1,-1
238,7449,425.31543,92.32458,70.86844,93.19875,0.2953585,-1,-1,-1
238,7469,497.86237,0.49779037,48.228943,32.905746,0.35790318,-1,-1,-1
239,7360,486.5045,218.56657,34.5336,58.3434,0.87684685,-1,-1,-1
239,7362,207.41411,62.460403,59.88054,47.91324,0.8644906,-1,-1,-1
239,7363,518.57526,153.7719,38.591064,69.16229,0.86502284,-1,-1,-1
239,7366,221.40964,27.453323,63.154327,49.45317,0.8583481,-1,-1,-1
239,7367,460.53397,307.74063,41.418335,57.986053,0.8860075,-1,-1,-1
239,7369,806.90125,303.6691,59.289673,48.504456,0.8790892,-1,-1,-1
239,7395,225.78394,292.3601,33.540314,64.23218,0.85850036,-1,-1,-1
239,7400,608.61633,249.01721,44.361084,57.82617,0.8930601,-1,-1,-1
239,7410,124.58178,12.998931,65.22642,50.089367,0.85999477,-1,-1,-1
239,7426,902.4192,65.56115,47.66986,57.02265,0.80672896,-1,-1,-1
239,7433,414.85742,388.15143,46.307495,60.069824,0.8719819,-1,-1,-1
239,7437,296.3531,289.98557,42.348877,55.76831,0.88558215,-1,-1,-1
239,7458,529.05054,73.851364,48.595215,56.84726,0.9004239,-1,-1,-1
239,7449,424.03934,94.19517,70.931,93.10906,0.40264165,-1,-1,-1
239,7469,494.87103,0.6187959,52.252625,35.79908,0.5461352,-1,-1,-1
240,7360,486.10538,218.3911,34.65439,58.58345,0.858663,-1,-1,-1
240,7362,207.43402,62.2282,59.64807,47.73292,0.86479914,-1,-1,-1
240,7363,518.5524,153.52031,38.684204,69.26607,0.8655611,-1,-1,-1
240,7366,221.41791,27.172205,63.005768,49.323196,0.8591489,-1,-1,-1
240,7367,460.43353,307.27872,41.48703,58.01831,0.88524103,-1,-1,-1
240,7369,806.60236,303.65738,59.47516,48.684723,0.87898886,-1,-1,-1
240,7395,225.60852,292.25467,33.51529,63.947906,0.85133976,-1,-1,-1
240,7400,609.63513,250.64415,44.32733,57.653915,0.88226765,-1,-1,-1
240,7410,124.62946,12.934194,64.807014,49.80592,0.85457873,-1,-1,-1
240,7426,902.4618,65.68904,47.51935,56.820114,0.8060789,-1,-1,-1
240,7433,414.55386,387.79248,46.334625,59.91629,0.867293,-1,-1,-1
240,7437,294.45023,293.1612,42.196198,55.505493,0.8893616,-1,-1,-1
240,7458,527.4167,75.62707,48.603455,56.937767,0.89397424,-1,-1,-1
240,7449,423.33405,96.61402,70.621704,92.4087,0.5075304,-1,-1,-1
240,7469,491.15393,0.2308866,57.24292,39.537106,0.69936466,-1,-1,-1
241,7360,485.82483,218.31596,34.695435,58.648087,0.8561305,-1,-1,-1
241,7362,207.44205,61.913403,59.509186,47.604465,0.86252326,-1,-1,-1
241,7363,518.4963,153.23813,38.73462,69.329926,0.86393094,-1,-1,-1
241,7366,221.56482,26.938921,62.677277,49.038544,0.86013806,-1,-1,-1
241,7367,460.25784,306.85577,41.533722,58.013397,0.8842966,-1,-1,-1
241,7369,806.32336,303.71262,59.51123,48.703217,0.8754318,-1,-1,-1
241,7395,225.3399,292.0285,33.662323,64.04031,0.84811276,-1,-1,-1
241,7400,610.5095,252.53156,44.340088,57.557312,0.8800651,-1,-1,-1
241,7410,124.3087,12.354472,64.801575,49.846813,0.8549419,-1,-1,-1
241,7426,902.43634,65.86253,47.417114,56.678146,0.8133333,-1,-1,-1
241,7433,414.372,387.4985,46.376953,59.781555,0.8616929,-1,-1,-1
241,7437,292.3299,296.37155,42.475037,55.884674,0.8769867,-1,-1,-1
241,7458,526.0698,77.71817,48.246155,56.65535,0.88543445,-1,-1,-1
241,7449,422.20868,99.06903,70.605225,92.227615,0.4918335,-1,-1,-1
241,7469,487.8536,0.08117619,61.104767,42.610096,0.78974694,-1,-1,-1
242,7360,485.6144,217.9874,34.736115,58.733856,0.85731,-1,-1,-1
242,7362,207.39906,61.373493,59.554886,47.631985,0.8633425,-1,-1,-1
242,7363,518.29156,152.74254,38.857117,69.73215,0.8628571,-1,-1,-1
242,7366,222.02585,26.955097,62.01541,48.555286,0.86027354,-1,-1,-1
242,7367,460.00482,306.38287,41.62973,58.09497,0.8847475,-1,-1,-1
242,7369,806.1424,304.11008,58.97821,48.212982,0.87625235,-1,-1,-1
242,7395,225.10725,291.62564,33.805344,64.146515,0.8465688,-1,-1,-1
242,7400,611.1943,254.13306,44.33374,57.356293,0.882629,-1,-1,-1
242,7410,123.87154,11.289921,65.21962,50.29666,0.85327715,-1,-1,-1
242,7426,902.313,65.975494,47.36914,56.56698,0.81453735,-1,-1,-1
242,7433,413.9016,386.8819,46.78015,60.262115,0.864476,-1,-1,-1
242,7437,290.29398,299.31546,42.72162,56.24539,0.8975252,-1,-1,-1
242,7458,524.5509,79.88083,48.1308,56.568863,0.88426006,-1,-1,-1
242,7449,419.90015,100.37805,70.58865,92.15396,0.26277855,-1,-1,-1
242,7469,485.30212,0.021660618,63.714966,44.9584,0.81914264,-1,-1,-1
243,7360,485.44733,217.77078,34.69812,58.638092,0.8626419,-1,-1,-1
243,7362,207.36552,60.889065,59.558212,47.620564,0.86697495,-1,-1,-1
243,7363,518.1707,152.5528,38.8172,69.757095,0.86410856,-1,-1,-1
243,7366,222.26303,26.842962,61.656677,48.281822,0.86249614,-1,-1,-1
243,7367,459.74756,305.939,41.710754,58.16803,0.8876498,-1,-1,-1
243,7369,805.8422,304.3563,58.844055,48.064087,0.8783204,-1,-1,-1
243,7395,224.9903,291.37344,33.821472,64.016174,0.84503096,-1,-1,-1
243,7400,611.9422,255.68861,44.39685,57.255936,0.8820043,-1,-1,-1
243,7410,124.11952,11.0379505,64.750534,50.006798,0.8533524,-1,-1,-1
243,7426,902.3106,66.0356,47.355347,56.54187,0.8093882,-1,-1,-1
243,7433,413.72125,386.35788,46.928223,60.46994,0.8662361,-1,-1,-1
243,7437,288.2511,302.3091,42.753998,56.223877,0.8945317,-1,-1,-1
243,7458,522.99194,81.72368,48.17212,56.71083,0.88442606,-1,-1,-1
243,7449,417.93796,101.88514,70.97562,92.82871,0.3962858,-1,-1,-1
243,7469,482.30994,0.0,66.30658,47.536083,0.8351351,-1,-1,-1
243,7470,417.5498,101.21955,72.437256,93.63149,0.35802552,-1,-1,-1
244,7360,485.2002,217.56644,34.811768,58.794098,0.86351156,-1,-1,-1
244,7362,207.28645,60.42986,59.574844,47.6245,0.8671945,-1,-1,-1
244,7363,518.0634,152.4177,38.753235,69.67932,0.86617607,-1,-1,-1
244,7366,222.45375,26.644783,61.482254,48.147293,0.8625278,-1,-1,-1
244,7367,459.5388,305.6339,41.672577,58.040497,0.89438474,-1,-1,-1
244,7369,805.42114,304.5031,58.88092,48.050385,0.87654084,-1,-1,-1
244,7395,224.9365,290.9915,34.124878,64.606995,0.8450868,-1,-1,-1
244,7400,612.4532,256.88776,45.118103,58.205566,0.8984847,-1,-1,-1
244,7410,124.402954,10.84979,64.47385,49.81955,0.84739596,-1,-1,-1
244,7426,902.2382,66.159744,47.339355,56.507545,0.810598,-1,-1,-1
244,7433,413.3893,386.08292,46.91931,60.38086,0.8570269,-1,-1,-1
244,7437,286.04138,305.56134,42.77826,56.272614,0.88860583,-1,-1,-1
244,7458,521.5948,83.77114,47.974976,56.493187,0.8890406,-1,-1,-1
244,7449,416.47903,103.5451,71.351135,93.46775,0.34519237,-1,-1,-1
244,7469,479.8266,0.0,68.302734,49.856678,0.8478569,-1,-1,-1
244,7470,417.07364,103.66146,71.841034,92.91178,0.36076435,-1,-1,-1
245,7360,484.92575,217.36845,34.91751,58.916336,0.8671942,-1,-1,-1
245,7362,207.28816,60.144035,59.532455,47.58806,0.86800987,-1,-1,-1
245,7363,517.93256,152.31303,38.752808,69.66174,0.86853534,-1,-1,-1
245,7366,222.45178,26.414568,61.510742,48.162178,0.86235213,-1,-1,-1
245,7367,459.19675,305.28384,41.7377,58.11087,0.89605385,-1,-1,-1
245,7369,805.1068,304.62387,58.90869,48.04709,0.8755919,-1,-1,-1
245,7395,224.72899,290.57333,34.21678,64.892334,0.8469058,-1,-1,-1
245,7400,613.5386,258.6359,45.168457,58.212494,0.88166696,-1,-1,-1
245,7410,124.40092,10.357754,64.57572,49.94535,0.8426838,-1,-1,-1
245,7426,902.0935,66.39379,47.37726,56.497856,0.8124134,-1,-1,-1
245,7433,413.33438,386.44543,46.429474,59.52176,0.868486,-1,-1,-1
245,7437,284.30756,308.88458,42.222565,55.506958,0.88381445,-1,-1,-1
245,7458,520.08484,86.062805,47.693054,56.139847,0.88385755,-1,-1,-1
245,7449,415.1455,106.01201,71.24786,93.499084,0.31484,-1,-1,-1
245,7469,476.81314,0.0,70.41641,52.569454,0.84724206,-1,-1,-1
245,7470,416.42273,106.326004,71.46326,92.57373,0.44772768,-1,-1,-1
246,7360,484.67606,217.1638,35.001984,59.02034,0.8673772,-1,-1,-1
246,7362,207.14516,59.688324,59.558334,47.625237,0.86555773,-1,-1,-1
246,7363,517.704,152.1249,38.820007,69.68715,0.8706815,-1,-1,-1
246,7366,222.49428,26.133438,61.422256,48.052338,0.86160743,-1,-1,-1
246,7367,458.95377,304.82278,41.852417,58.23828,0.8985572,-1,-1,-1
246,7369,804.71265,304.58597,59.216187,48.46463,0.8804979,-1,-1,-1
246,7395,224.61885,289.97342,34.2433,65.16644,0.8465333,-1,-1,-1
246,7400,614.45276,260.20166,45.034363,57.89868,0.881106,-1,-1,-1
246,7410,124.27402,9.702982,64.67926,50.062088,0.84662694,-1,-1,-1
246,7426,901.9193,66.584694,47.387634,56.479324,0.815142,-1,-1,-1
246,7433,413.08936,386.49036,46.13858,58.98639,0.8729044,-1,-1,-1
246,7437,282.04263,311.73755,42.404144,55.66208,0.8810683,-1,-1,-1
246,7458,518.5971,87.931335,47.530823,55.887543,0.893378,-1,-1,-1
246,7449,413.70114,108.02769,70.88208,92.99998,0.39364153,-1,-1,-1
246,7469,474.58908,0.0,71.94748,55.079624,0.8538252,-1,-1,-1
246,7470,413.70758,107.8032,71.64548,92.86175,0.33642343,-1,-1,-1
247,7360,484.4756,217.03741,34.921448,58.83264,0.8692822,-1,-1,-1
247,7362,207.02968,59.22028,59.80983,47.858288,0.8663709,-1,-1,-1
247,7363,517.5381,151.95631,38.851562,69.66878,0.87140316,-1,-1,-1
247,7366,222.1579,25.610697,61.745056,48.274315,0.8605274,-1,-1,-1
247,7367,458.7119,304.42026,41.937042,58.32968,0.8988725,-1,-1,-1
247,7369,804.5581,304.91544,58.76172,48.055786,0.8744676,-1,-1,-1
247,7395,224.31267,289.49023,34.18309,65.39606,0.8468104,-1,-1,-1
247,7400,615.4538,261.88675,44.931946,57.615997,0.8757127,-1,-1,-1
247,7410,124.17456,9.115732,64.7045,50.08835,0.8510115,-1,-1,-1
247,7426,901.7492,66.74354,47.401123,56.439354,0.8136039,-1,-1,-1
247,7433,412.7627,385.3419,46.575134,59.67227,0.88025755,-1,-1,-1
247,7437,279.83844,314.74625,42.59082,55.89801,0.88140804,-1,-1,-1
247,7458,517.0239,89.82407,47.560425,55.87879,0.88960606,-1,-1,-1
247,7449,412.39456,109.74062,70.7121,92.70452,0.35529524,-1,-1,-1
247,7469,472.06943,0.11690685,73.009674,57.406902,0.86547965,-1,-1,-1
247,7470,412.89468,110.37359,71.52881,92.700035,0.39730573,-1,-1,-1
248,7360,484.29718,216.89594,34.906555,58.71878,0.87069046,-1,-1,-1
248,7362,207.11159,58.887573,59.794907,47.873764,0.8650055,-1,-1,-1
248,7363,517.41864,151.76935,38.8396,69.581024,0.8712039,-1,-1,-1
248,7366,221.73137,25.169245,61.94203,48.460785,0.87193686,-1,-1,-1
248,7367,458.49255,304.02612,42.009766,58.41278,0.89771056,-1,-1,-1
248,7369,804.32587,305.2594,58.46472,47.818024,0.8760211,-1,-1,-1
248,7395,224.02727,289.17624,33.943283,65.224396,0.84405756,-1,-1,-1
248,7400,616.2229,263.8246,44.700928,57.1044,0.8845265,-1,-1,-1
248,7410,124.18233,8.805635,64.75433,50.095703,0.8485258,-1,-1,-1
248,7426,901.41864,66.91865,47.58539,56.581192,0.8125269,-1,-1,-1
248,7433,412.4958,385.89612,45.762756,58.39099,0.86826396,-1,-1,-1
248,7437,277.84076,317.8421,42.574707,55.80844,0.892358,-1,-1,-1
248,7458,515.5037,91.700226,47.461,55.732803,0.88551337,-1,-1,-1
248,7449,411.09128,111.58245,70.63635,92.363396,0.41807082,-1,-1,-1
248,7469,469.9975,1.6837498,73.35773,59.25858,0.8647365,-1,-1,-1
248,7470,411.7768,112.42852,71.553925,92.660225,0.326384,-1,-1,-1
249,7360,484.06665,216.75832,34.95337,58.688248,0.8718581,-1,-1,-1
249,7362,207.1679,58.562626,59.71074,47.819035,0.863747,-1,-1,-1
249,7363,517.33716,151.77582,38.63629,69.114365,0.8717242,-1,-1,-1
249,7366,221.73816,24.611153,62.347687,48.778748,0.8613981,-1,-1,-1
249,7367,458.32523,303.66354,42.038086,58.459564,0.89766765,-1,-1,-1
249,7369,804.224,305.43118,58.326294,47.72928,0.8765706,-1,-1,-1
249,7395,223.84726,288.98126,33.53357,64.80475,0.8460585,-1,-1,-1
249,7400,617.1862,265.99152,44.227173,56.259186,0.8782965,-1,-1,-1
249,7410,124.14551,8.272671,64.72212,49.992558,0.8501931,-1,-1,-1
249,7426,901.14514,67.06584,47.58722,56.502464,0.80374366,-1,-1,-1
249,7433,412.32162,385.86093,45.50345,57.894135,0.86883175,-1,-1,-1
249,7437,275.55212,320.9497,42.638824,55.722015,0.8920862,-1,-1,-1
249,7458,513.83105,93.64428,47.72766,56.101906,0.8803788,-1,-1,-1
249,7449,409.61667,113.53138,70.92139,92.55982,0.4574487,-1,-1,-1
249,7469,469.23514,4.0168734,71.31955,59.096924,0.87732095,-1,-1,-1
250,7360,483.8662,216.56958,35.02704,58.724915,0.8711305,-1,-1,-1
250,7362,207.14241,57.982876,60.33409,48.3587,0.8772123,-1,-1,-1
250,7363,517.2603,151.7425,38.47278,68.66867,0.86921173,-1,-1,-1
250,7366,221.73279,24.066082,62.645966,49.02557,0.8609693,-1,-1,-1
250,7367,458.17996,303.3245,42.027832,58.44284,0.897279,-1,-1,-1
250,7369,803.9834,305.71866,58.263184,47.69818,0.87440455,-1,-1,-1
250,7395,223.74489,289.0305,32.98546,64.06296,0.8462784,-1,-1,-1
250,7400,617.3184,267.46512,44.63098,56.598816,0.88304174,-1,-1,-1
250,7410,124.35721,7.9904623,64.503006,49.741047,0.8541049,-1,-1,-1
250,7426,900.6362,67.3337,48.07611,57.028625,0.79770935,-1,-1,-1
250,7433,411.80093,385.56223,45.977173,58.393646,0.866476,-1,-1,-1
250,7437,273.39886,324.30035,42.399475,55.31122,0.8811405,-1,-1,-1
250,7458,512.3092,95.61781,47.690186,56.115967,0.8808003,-1,-1,-1
250,7449,407.83636,115.1641,71.20969,92.81907,0.52919495,-1,-1,-1
250,7469,468.15198,6.5239215,69.834045,59.37341,0.87532145,-1,-1,-1
250,7448,0.0,223.51671,29.117687,32.960495,0.3353517,-1,-1,-1
251,7360,483.6892,216.40431,34.975525,58.490738,0.87354535,-1,-1,-1
251,7362,207.20094,57.735004,60.03502,48.128475,0.86466426,-1,-1,-1
251,7363,517.09906,151.52434,38.45105,68.48291,0.868338,-1,-1,-1
251,7366,221.55621,23.510262,62.96515,49.2996,0.85627663,-1,-1,-1
251,7367,458.059,302.97815,41.9274,58.27191,0.89948654,-1,-1,-1
251,7369,803.5408,305.81738,58.468994,47.91043,0.8710396,-1,-1,-1
251,7395,223.33214,288.62927,32.690872,63.73819,0.8470394,-1,-1,-1
251,7400,617.7572,268.88742,44.72937,56.576202,0.8783317,-1,-1,-1
251,7410,124.3192,7.723942,64.481094,49.636475,0.84665203,-1,-1,-1
251,7426,900.15967,67.41239,48.266968,57.15972,0.7837274,-1,-1,-1
251,7433,411.82037,385.26068,45.76248,58.078156,0.8671941,-1,-1,-1
251,7437,270.92358,327.37088,42.359406,55.173462,0.8883084,-1,-1,-1
251,7458,510.7729,97.81079,47.6875,56.15558,0.87809634,-1,-1,-1
251,7449,407.3551,117.71876,71.01837,92.479576,0.44682586,-1,-1,-1
251,7469,467.64188,9.240247,67.74057,58.934536,0.8768092,-1,-1,-1
251,7475,406.537,116.8972,72.558105,93.18448,0.33412206,-1,-1,-1
251,7448,0.0,223.77689,28.143806,31.914429,0.44494146,-1,-1,-1
252,7360,483.33185,216.15771,35.08722,58.53607,0.8716606,-1,-1,-1
252,7362,207.16895,57.34722,59.935913,48.06726,0.86020315,-1,-1,-1
252,7363,516.9242,151.27399,38.46582,68.357635,0.8676814,-1,-1,-1
252,7366,221.30598,22.705498,63.46907,49.694946,0.8531077,-1,-1,-1
252,7367,457.91217,302.50986,41.90332,58.241486,0.898964,-1,-1,-1
252,7369,802.98175,305.64813,58.93341,48.363922,0.86890256,-1,-1,-1
252,7395,223.06766,288.19754,32.426697,63.400085,0.8492106,-1,-1,-1
252,7400,618.38696,270.12405,45.357178,57.335052,0.87465036,-1,-1,-1
252,7410,124.08931,7.2989655,64.57628,49.612896,0.839161,-1,-1,-1
252,7426,899.9521,67.60871,48.336426,57.179886,0.7990143,-1,-1,-1
252,7433,411.51117,384.97815,45.44867,57.555176,0.87904257,-1,-1,-1
252,7437,268.79523,330.4273,42.336914,55.015533,0.8793059,-1,-1,-1
252,7458,509.1336,99.77957,47.651,56.106476,0.8760642,-1,-1,-1
252,7449,405.47678,119.543625,71.38406,92.89134,0.33290336,-1,-1,-1
252,7469,466.6999,11.901927,65.85022,58.55547,0.87407494,-1,-1,-1
252,7475,405.4889,118.932396,72.594635,93.25202,0.29286107,-1,-1,-1
252,7448,0.0,223.66713,27.52807,31.37767,0.52752304,-1,-1,-1
253,7360,483.1179,215.95499,35.123688,58.502533,0.8722558,-1,-1,-1
253,7362,206.92667,56.606907,60.125122,48.305363,0.85488284,-1,-1,-1
253,7363,516.7659,150.97906,38.791443,68.85657,0.86358327,-1,-1,-1
253,7366,221.11128,21.990805,63.730484,49.87422,0.8553141,-1,-1,-1
253,7367,457.8052,302.1146,41.79315,58.08487,0.89871293,-1,-1,-1
253,7369,802.59155,305.7536,59.067383,48.55063,0.8703113,-1,-1,-1
253,7395,222.81775,287.99487,32.13591,63.04825,0.85145456,-1,-1,-1
253,7400,618.9528,271.6691,45.75702,57.83493,0.8838544,-1,-1,-1
253,7410,123.76142,6.4597974,64.76705,49.676296,0.8347542,-1,-1,-1
253,7426,899.7954,67.73829,48.269836,57.093353,0.80687314,-1,-1,-1
253,7433,411.03647,384.48474,45.412415,57.3862,0.87799513,-1,-1,-1
253,7437,266.47537,333.691,42.459015,55.085815,0.89111775,-1,-1,-1
253,7458,507.69885,101.40474,47.78784,56.291824,0.87522525,-1,-1,-1
253,7449,404.585,121.894684,70.80759,92.08116,0.48336166,-1,-1,-1
253,7469,465.177,13.870027,65.19086,59.27488,0.87011063,-1,-1,-1
253,7475,404.17047,121.48792,71.504364,91.816734,0.31363776,-1,-1,-1
253,7448,0.0,223.17967,27.191206,31.186844,0.37953758,-1,-1,-1
254,7360,482.9932,215.76808,35.134125,58.442825,0.8713837,-1,-1,-1
254,7362,206.64421,55.88998,60.33342,48.585026,0.8529247,-1,-1,-1
254,7363,516.66345,150.26813,39.022705,69.25192,0.85845757,-1,-1,-1
254,7366,221.04839,21.482063,63.752457,49.866447,0.8544224,-1,-1,-1
254,7367,457.66498,301.8005,41.63681,57.832123,0.8983448,-1,-1,-1
254,7369,802.09674,305.87662,59.091064,48.643036,0.8721673,-1,-1,-1
254,7395,222.42206,287.5526,32.083572,63.11496,0.85211104,-1,-1,-1
254,7400,619.72986,273.52063,45.41992,57.19284,0.88002205,-1,-1,-1
254,7410,123.79722,5.6605206,64.932014,49.79238,0.8316245,-1,-1,-1
254,7426,899.82526,68.02096,48.120117,56.92916,0.80105305,-1,-1,-1
254,7433,410.4457,384.01382,45.533264,57.441345,0.87493944,-1,-1,-1
254,7437,264.2756,336.63452,42.67798,55.276917,0.88822204,-1,-1,-1
254,7458,506.0829,103.66074,47.660828,56.073418,0.87619823,-1,-1,-1
254,7449,403.48416,124.24796,70.54733,91.65337,0.60512996,-1,-1,-1
254,7469,464.07718,16.574123,63.62509,58.99033,0.8712704,-1,-1,-1
254,7475,402.00095,123.65179,71.461,91.73887,0.4464754,-1,-1,-1
255,7360,482.7841,215.79239,35.00827,58.1239,0.87027943,-1,-1,-1
255,7362,206.44865,55.196922,60.38652,48.738564,0.8526867,-1,-1,-1
255,7363,516.7331,150.05602,39.00934,69.16881,0.85674816,-1,-1,-1
255,7366,220.96487,20.917603,63.77539,49.89016,0.8536388,-1,-1,-1
255,7367,457.48535,301.4414,41.502716,57.607178,0.8956794,-1,-1,-1
255,7369,801.5914,306.03342,59.118774,48.79489,0.87542546,-1,-1,-1
255,7395,222.34023,287.26013,32.036163,63.12497,0.8563707,-1,-1,-1
255,7400,620.5964,275.39667,45.040283,56.424866,0.88343525,-1,-1,-1
255,7410,123.98365,5.1769795,64.73138,49.617237,0.83465654,-1,-1,-1
255,7426,900.13416,68.54083,47.813538,56.618607,0.80644155,-1,-1,-1
255,7433,409.92142,383.57816,45.676697,57.556732,0.8761633,-1,-1,-1
255,7437,261.8825,339.40686,42.908295,55.550842,0.88929975,-1,-1,-1
255,7458,504.46002,105.64381,47.634155,55.996925,0.87903506,-1,-1,-1
255,7449,401.6726,126.384224,70.864746,92.124794,0.29926136,-1,-1,-1
255,7469,462.95956,19.426407,62.28177,58.87249,0.87793475,-1,-1,-1
255,7475,400.11517,125.72372,71.643036,91.98641,0.6079487,-1,-1,-1
255,7448,0.0,221.45184,27.064674,32.13336,0.44636178,-1,-1,-1
256,7360,482.4653,215.67764,35.06247,58.13257,0.8680531,-1,-1,-1
256,7362,206.42389,54.60527,60.211243,48.701347,0.85394365,-1,-1,-1
256,7363,516.5646,149.62515,38.99347,69.08075,0.8522055,-1,-1,-1
256,7366,221.15186,20.594946,63.48114,49.65084,0.8554879,-1,-1,-1
256,7367,457.21982,301.13184,41.426086,57.456635,0.89462656,-1,-1,-1
256,7369,801.37286,306.3245,58.892212,48.72574,0.87628794,-1,-1,-1
256,7395,222.16856,286.6705,32.168915,63.426178,0.8603457,-1,-1,-1
256,7400,621.4376,277.12854,44.81732,55.96988,0.8814279,-1,-1,-1
256,7410,124.23788,4.8580728,64.33271,49.23701,0.83126,-1,-1,-1
256,7426,900.37994,68.99861,47.57666,56.405777,0.8067007,-1,-1,-1
256,7433,409.35452,383.00653,46.08374,58.046753,0.8734755,-1,-1,-1
256,7437,259.60037,342.1709,43.020264,55.681427,0.8744492,-1,-1,-1
256,7458,502.5476,107.25287,48.067383,56.56465,0.88499355,-1,-1,-1
256,7469,461.7757,22.786442,60.756653,58.35027,0.8744081,-1,-1,-1
256,7448,0.0,220.24365,26.919397,32.67906,0.51960534,-1,-1,-1
257,7360,482.2937,215.53642,35.06317,58.02733,0.86969805,-1,-1,-1
257,7362,206.39662,54.01402,59.921463,48.526127,0.85771406,-1,-1,-1
257,7363,516.6536,149.93198,38.773438,68.55528,0.8504745,-1,-1,-1
257,7366,221.44778,20.057346,63.114532,49.386135,0.8564954,-1,-1,-1
257,7367,456.87085,300.8663,41.36139,57.292084,0.8932616,-1,-1,-1
257,7369,800.9412,306.45053,58.886475,48.860107,0.876289,-1,-1,-1
257,7395,221.86823,286.10907,32.265274,63.549408,0.86246294,-1,-1,-1
257,7400,622.1754,278.97736,44.938354,56.065918,0.88866544,-1,-1,-1
257,7410,124.06958,4.40772,64.22923,48.990147,0.82217765,-1,-1,-1
257,7426,900.2626,69.46699,47.491882,56.253,0.805094,-1,-1,-1
257,7433,408.817,382.5801,46.24521,58.161133,0.86975044,-1,-1,-1
257,7437,257.2187,345.3754,42.96756,55.579193,0.88827115,-1,-1,-1
257,7458,501.26065,109.309074,47.515167,55.957756,0.8798013,-1,-1,-1
257,7469,460.72754,25.210052,59.730835,58.291298,0.8849062,-1,-1,-1
257,7448,0.0,218.32681,27.114277,33.330963,0.41240013,-1,-1,-1
257,7477,1017.1862,364.92395,6.6813354,21.786713,0.32512987,-1,-1,-1
257,7449,398.30472,129.30836,70.96869,92.01601,0.463976,-1,-1,-1
258,7360,482.14856,215.40857,34.991882,57.786743,0.87036866,-1,-1,-1
258,7362,206.46132,53.433174,59.637466,48.31916,0.8595784,-1,-1,-1
258,7363,516.6398,150.02194,38.635254,68.14813,0.84371537,-1,-1,-1
258,7366,221.52501,19.474697,63.057938,49.353725,0.8578521,-1,-1,-1
258,7367,456.44012,300.60272,41.337006,57.17102,0.893048,-1,-1,-1
258,7369,800.74664,306.86636,58.65735,48.763153,0.8731103,-1,-1,-1
258,7395,221.61093,285.779,32.3338,63.637085,0.86494976,-1,-1,-1
258,7400,622.62134,280.651,44.647705,55.50992,0.8807755,-1,-1,-1
258,7410,123.30157,3.1823742,65.55808,49.94006,0.8260841,-1,-1,-1
258,7426,899.88904,69.9235,47.751038,56.543137,0.7996978,-1,-1,-1
258,7433,408.37784,382.1844,46.329773,58.163635,0.8602631,-1,-1,-1
258,7437,254.71643,348.4936,43.184723,55.91037,0.8685364,-1,-1,-1
258,7458,499.78482,111.71232,47.041718,55.400764,0.87419206,-1,-1,-1
258,7469,459.48398,27.596771,58.8497,58.38652,0.88923407,-1,-1,-1
258,7448,0.0,217.34805,26.698895,32.8152,0.404385,-1,-1,-1
258,7449,396.98837,131.4304,70.77347,91.647,0.6480806,-1,-1,-1
259,7360,481.84348,215.15118,35.12094,57.84848,0.8696483,-1,-1,-1
259,7362,206.48563,52.60378,59.658356,48.437977,0.8632838,-1,-1,-1
259,7363,516.38715,149.86711,38.596924,67.94336,0.8370405,-1,-1,-1
259,7366,221.5534,18.788918,63.177948,49.444077,0.85637105,-1,-1,-1
259,7367,455.7868,300.10745,41.579956,57.38022,0.8933745,-1,-1,-1
259,7369,800.1562,307.0978,58.47943,48.698914,0.875475,-1,-1,-1
259,7395,221.09482,285.25995,32.471878,63.935394,0.8723601,-1,-1,-1
259,7400,623.0398,282.10928,44.925415,55.71878,0.8812228,-1,-1,-1
259,7410,123.46027,2.339925,65.521065,49.81914,0.82667845,-1,-1,-1
259,7426,900.3716,70.41229,47.487183,56.253517,0.79075813,-1,-1,-1
259,7433,407.4815,381.63876,47.212128,59.316864,0.8532782,-1,-1,-1
259,7437,252.20734,351.30832,43.263977,56.014465,0.88914526,-1,-1,-1
259,7458,498.1888,113.39164,47.208954,55.72683,0.8756638,-1,-1,-1
259,7469,458.41586,30.457188,57.483246,57.76276,0.88296676,-1,-1,-1
259,7448,0.0,216.83458,25.92807,31.73291,0.5123452,-1,-1,-1
259,7449,394.81277,132.88492,71.16855,92.09723,0.39355525,-1,-1,-1
260,7360,481.48965,214.8465,35.367462,58.137848,0.86937433,-1,-1,-1
260,7362,206.42668,52.0128,59.60594,48.464085,0.86766034,-1,-1,-1
260,7363,516.14624,149.73291,38.58435,67.79997,0.81616515,-1,-1,-1
260,7366,221.20769,18.08806,63.2314,49.558304,0.86795175,-1,-1,-1
260,7367,455.1404,299.72736,41.77838,57.514435,0.89227414,-1,-1,-1
260,7369,799.70294,307.2643,58.550842,48.827057,0.86988145,-1,-1,-1
260,7395,220.41135,284.33783,32.756058,64.546875,0.876332,-1,-1,-1
260,7400,623.58887,283.51273,45.04071,55.758087,0.8743232,-1,-1,-1
260,7410,123.745895,1.7473207,65.12045,49.37633,0.82212263,-1,-1,-1
260,7426,900.084,70.814255,47.62451,56.30719,0.789204,-1,-1,-1
260,7433,406.84943,381.16235,47.15341,59.164246,0.85687375,-1,-1,-1
260,7437,249.37201,353.88104,43.548676,56.395477,0.8854241,-1,-1,-1
260,7458,496.2169,114.780495,47.839203,56.627205,0.8585907,-1,-1,-1
260,7469,457.14313,32.82804,56.746704,57.637947,0.8770925,-1,-1,-1
260,7448,0.0,214.86559,25.892984,32.12181,0.38220942,-1,-1,-1
260,7449,393.96185,135.03136,70.62903,91.50969,0.3747612,-1,-1,-1
261,7360,481.26025,214.57599,35.502563,58.2175,0.87141114,-1,-1,-1
261,7362,206.45132,51.553493,59.520386,48.446354,0.86923,-1,-1,-1
261,7363,515.9556,149.6441,38.54541,67.597305,0.82565933,-1,-1,-1
261,7366,221.19897,17.595373,63.364685,49.725586,0.8575959,-1,-1,-1
261,7367,454.75427,299.35666,41.885956,57.53827,0.8906194,-1,-1,-1
261,7369,799.6558,307.86313,58.113342,48.486084,0.86955,-1,-1,-1
261,7395,219.93384,283.53217,32.8882,64.829956,0.8807102,-1,-1,-1
261,7400,624.2752,285.21524,44.931213,55.52243,0.8760353,-1,-1,-1
261,7410,123.836624,1.1126028,65.0173,49.204357,0.80659616,-1,-1,-1
261,7426,899.8305,71.00523,47.808594,56.321846,0.7934101,-1,-1,-1
261,7433,406.28574,380.17178,47.455475,59.61377,0.8687298,-1,-1,-1
261,7437,247.01622,356.76154,43.21254,55.921326,0.8711447,-1,-1,-1
261,7458,494.697,117.06186,47.43857,56.216354,0.86819303,-1,-1,-1
261,7469,455.4897,34.563137,56.891907,58.41464,0.87764937,-1,-1,-1
261,7448,0.0,212.80183,25.91696,32.89479,0.39971015,-1,-1,-1
261,7449,391.90726,136.71675,70.99628,92.07962,0.73256564,-1,-1,-1
262,7360,480.9953,214.18706,35.723633,58.38472,0.87338763,-1,-1,-1
262,7362,206.55441,51.15897,59.265533,48.2794,0.8634186,-1,-1,-1
262,7363,515.3866,149.27536,38.598328,67.5184,0.82166934,-1,-1,-1
262,7366,221.38483,16.664715,63.631683,50.02219,0.8605109,-1,-1,-1
262,7367,454.23566,299.09332,41.873535,57.469025,0.8906039,-1,-1,-1
262,7369,799.17914,308.17233,58.24823,48.63211,0.8684768,-1,-1,-1
262,7395,219.71849,282.9102,32.74965,64.620514,0.878089,-1,-1,-1
262,7400,624.8194,286.6469,45.176453,55.79953,0.88096154,-1,-1,-1
262,7410,124.535385,1.1410304,64.22139,48.379036,0.8233384,-1,-1,-1
262,7426,899.74347,71.56617,47.80243,56.13327,0.77667123,-1,-1,-1
262,7433,405.63785,380.5854,46.942627,58.82837,0.87194264,-1,-1,-1
262,7437,244.67216,359.6535,42.99849,55.632202,0.8839788,-1,-1,-1
262,7458,493.0208,119.15148,47.672974,56.564156,0.8644653,-1,-1,-1
262,7469,453.9878,36.48642,56.915558,58.93241,0.8778791,-1,-1,-1
262,7448,0.0,212.20769,25.078865,31.664444,0.5187338,-1,-1,-1
262,7449,390.2369,138.54306,71.125275,92.54381,0.76790684,-1,-1,-1
263,7360,480.5932,214.11526,35.802246,58.352844,0.86946625,-1,-1,-1
263,7362,207.03578,50.650593,59.01143,48.07516,0.8585705,-1,-1,-1
263,7363,515.1448,149.09283,38.662903,67.47809,0.83759564,-1,-1,-1
263,7366,221.4341,15.91436,63.804764,50.236427,0.8600247,-1,-1,-1
263,7367,453.7813,298.9378,41.871918,57.45273,0.88893366,-1,-1,-1
263,7369,798.59607,308.55667,58.216187,48.583893,0.86931103,-1,-1,-1
263,7395,219.1556,282.19028,32.71428,64.60669,0.8762569,-1,-1,-1
263,7400,625.34436,287.8672,45.502014,56.203094,0.878138,-1,-1,-1
263,7410,125.28007,0.58638203,64.01003,48.205822,0.8242778,-1,-1,-1
263,7426,899.474,72.458954,47.864624,56.07173,0.78717107,-1,-1,-1
263,7433,404.96475,380.7247,46.743683,58.476135,0.8752237,-1,-1,-1
263,7437,242.39069,362.47073,43.04059,55.60135,0.87266785,-1,-1,-1
263,7458,491.36404,121.055756,47.648407,56.53235,0.8759556,-1,-1,-1
263,7469,452.29016,38.2217,56.78418,59.291065,0.86924416,-1,-1,-1
263,7448,0.0,211.14746,24.716448,31.277344,0.42885453,-1,-1,-1
263,7449,388.42575,140.88991,71.078125,92.2702,0.59586006,-1,-1,-1
263,7479,387.86316,139.97342,72.35092,93.30327,0.56219804,-1,-1,-1
264,7360,480.3513,213.94781,35.84201,58.281494,0.8678749,-1,-1,-1
264,7362,206.98892,49.736,59.124878,48.23529,0.85700625,-1,-1,-1
264,7363,514.99176,148.77332,38.792847,67.49271,0.844853,-1,-1,-1
264,7366,221.54893,15.293769,63.7751,50.274887,0.8626554,-1,-1,-1
264,7367,453.59793,298.5373,41.839172,57.302673,0.90070415,-1,-1,-1
264,7369,797.9434,308.53592,58.61151,48.927826,0.87042654,-1,-1,-1
264,7395,218.9622,281.503,32.36389,64.01172,0.8710346,-1,-1,-1
264,7400,625.8338,288.8227,45.89319,56.6763,0.87647444,-1,-1,-1
264,7410,125.68948,0.23021473,63.655823,47.888905,0.83100677,-1,-1,-1
264,7426,899.16425,73.3469,48.185852,56.383232,0.79101187,-1,-1,-1
264,7433,404.5508,380.52222,46.340607,57.88315,0.8658537,-1,-1,-1
264,7437,239.72025,365.4317,43.09085,55.618378,0.88983744,-1,-1,-1
264,7458,489.75427,122.952126,47.45685,56.330345,0.8758248,-1,-1,-1
264,7469,451.0576,40.829735,55.90622,58.708733,0.87114674,-1,-1,-1
264,7448,0.0,209.87804,24.532248,31.046494,0.56765246,-1,-1,-1
264,7449,387.25122,143.08356,70.65442,91.71442,0.631467,-1,-1,-1
264,7479,387.5672,142.6319,71.18417,91.755615,0.35100406,-1,-1,-1
265,7360,480.01627,213.70656,35.952118,58.25035,0.8690774,-1,-1,-1
265,7362,207.21664,48.94869,59.245605,48.394444,0.8553081,-1,-1,-1
265,7363,514.94794,148.2581,38.95166,67.534485,0.8442677,-1,-1,-1
265,7366,221.71979,14.449029,63.881317,50.440285,0.86898357,-1,-1,-1
265,7367,452.8616,298.26886,42.057434,57.60611,0.88990796,-1,-1,-1
265,7369,797.245,308.63947,59.00775,49.31067,0.8730655,-1,-1,-1
265,7395,218.49611,280.7456,32.270996,63.89563,0.8711672,-1,-1,-1
265,7400,626.89795,290.89127,45.298523,55.863495,0.8765661,-1,-1,-1
265,7410,126.791145,0.0,62.415382,46.840805,0.8388081,-1,-1,-1
265,7426,898.8633,74.0811,48.453857,56.639694,0.79592466,-1,-1,-1
265,7433,403.9674,379.99832,46.608093,58.25067,0.86109513,-1,-1,-1
265,7437,237.0117,367.9586,43.458572,55.99991,0.8881759,-1,-1,-1
265,7458,488.05957,124.92782,47.32074,56.246513,0.86777705,-1,-1,-1
265,7469,449.2307,43.405407,55.8067,58.957523,0.87702847,-1,-1,-1
265,7448,0.0,209.30325,23.906628,30.09964,0.6510102,-1,-1,-1
265,7449,385.7134,144.7441,70.887085,91.70186,0.72620934,-1,-1,-1
265,7480,454.2123,508.62604,44.4422,29.090027,0.48997203,-1,-1,-1
266,7360,479.70697,213.57393,36.083435,58.23741,0.86798257,-1,-1,-1
266,7362,207.38986,48.21368,59.069427,48.285793,0.85935116,-1,-1,-1
266,7363,514.96747,147.74084,39.08838,67.59715,0.8407917,-1,-1,-1
266,7366,221.94539,13.8690815,63.662033,50.358475,0.8691921,-1,-1,-1
266,7367,452.28064,297.94196,42.16748,57.755646,0.8866082,-1,-1,-1
266,7369,796.8415,308.99332,59.01013,49.355286,0.87719107,-1,-1,-1
266,7395,218.1149,280.15158,32.188095,63.902588,0.8707484,-1,-1,-1
266,7400,627.7033,292.67157,45.347412,55.926117,0.8780126,-1,-1,-1
266,7410,127.86692,0.0,61.33956,45.823185,0.84275585,-1,-1,-1
266,7426,898.4144,74.83395,48.87555,56.990334,0.81176263,-1,-1,-1
266,7433,403.54645,379.81818,46.435333,57.950195,0.8742751,-1,-1,-1
266,7437,234.58383,370.69205,43.37854,55.746796,0.88377553,-1,-1,-1
266,7458,486.5566,127.023415,46.775055,55.71221,0.86817056,-1,-1,-1
266,7469,447.47546,45.935246,55.868774,59.385067,0.8729609,-1,-1,-1
266,7448,0.0,208.14394,23.708626,30.171707,0.53309983,-1,-1,-1
266,7449,385.35666,146.68141,70.405,91.059525,0.5594969,-1,-1,-1
266,7480,453.58936,505.6811,48.631134,31.961609,0.6358953,-1,-1,-1
267,7360,479.45383,213.49467,36.22336,58.248123,0.86763567,-1,-1,-1
267,7362,207.3804,47.36108,59.03601,48.30373,0.8624851,-1,-1,-1
267,7363,514.7454,146.61703,39.459045,68.192566,0.84303486,-1,-1,-1
267,7366,222.15901,13.230432,63.535507,50.34461,0.8675795,-1,-1,-1
267,7367,451.8963,297.71014,42.27829,57.87494,0.886127,-1,-1,-1
267,7369,796.4974,309.41974,58.898132,49.3183,0.8830311,-1,-1,-1
267,7395,217.86537,279.67908,32.07701,63.839203,0.86779463,-1,-1,-1
267,7400,628.1939,293.9935,45.466003,56.09384,0.8753102,-1,-1,-1
267,7410,128.80463,0.0,60.48857,44.990643,0.8319617,-1,-1,-1
267,7426,898.2261,75.53391,48.841125,56.860237,0.7991625,-1,-1,-1
267,7433,403.1085,379.5445,46.292847,57.646057,0.87477255,-1,-1,-1
267,7437,231.85799,373.62265,43.39232,55.73587,0.88358533,-1,-1,-1
267,7458,484.9175,129.17032,46.705414,55.740875,0.8574147,-1,-1,-1
267,7469,445.4376,47.905678,56.047577,59.8976,0.8666605,-1,-1,-1
267,7448,0.0,206.82277,23.560078,30.38095,0.49989477,-1,-1,-1
267,7449,383.80878,148.34944,70.567566,91.074585,0.607798,-1,-1,-1
267,7480,452.51495,502.65146,52.410126,34.687042,0.55775875,-1,-1,-1
268,7360,479.09564,213.34282,36.413208,58.33632,0.86642796,-1,-1,-1
268,7362,207.58916,46.70713,58.94832,48.253517,0.8633945,-1,-1,-1
268,7363,514.67017,145.72221,39.748657,68.71216,0.841964,-1,-1,-1
268,7366,222.64891,12.8414755,63.121353,50.06359,0.866028,-1,-1,-1
268,7367,451.47363,297.31155,42.450592,58.05719,0.88492745,-1,-1,-1
268,7369,796.28534,310.10745,58.74933,49.22934,0.8832411,-1,-1,-1
268,7395,217.49072,279.2194,31.958115,63.81317,0.8676979,-1,-1,-1
268,7400,628.6127,295.35355,45.624817,56.362976,0.8719771,-1,-1,-1
268,7410,129.0543,0.0,60.03035,44.27793,0.8105479,-1,-1,-1
268,7426,898.3936,76.419464,48.615784,56.57567,0.8048901,-1,-1,-1
268,7433,402.54498,378.37033,46.872833,58.47235,0.89606297,-1,-1,-1
268,7437,229.48642,376.40073,43.499054,55.801575,0.88552934,-1,-1,-1
268,7458,483.18927,131.21887,46.70984,55.831955,0.8540484,-1,-1,-1
268,7469,444.11417,50.047115,55.177795,59.21384,0.8804598,-1,-1,-1
268,7448,0.0,206.07579,23.247875,30.27826,0.51348025,-1,-1,-1
268,7449,382.15576,150.26953,70.46094,90.77893,0.82000786,-1,-1,-1
268,7480,451.38824,499.72794,56.499786,37.837067,0.6533702,-1,-1,-1
269,7360,478.82602,213.1142,36.551666,58.355072,0.8653869,-1,-1,-1
269,7362,207.75711,46.07668,58.843353,48.212353,0.86103195,-1,-1,-1
269,7363,514.70245,145.0317,39.883057,68.95207,0.83960915,-1,-1,-1
269,7366,223.3118,12.296517,62.722656,49.83995,0.86312443,-1,-1,-1
269,7367,451.25577,296.95987,42.56006,58.125397,0.88476104,-1,-1,-1
269,7369,796.0073,310.70282,58.867004,49.420013,0.882319,-1,-1,-1
269,7395,217.28935,278.70245,31.649689,63.384766,0.8746954,-1,-1,-1
269,7400,629.18896,296.98273,45.59436,56.40161,0.8728077,-1,-1,-1
269,7410,129.72733,0.0,59.340744,43.43448,0.8043888,-1,-1,-1
269,7426,898.91565,77.2067,48.399414,56.346275,0.80778366,-1,-1,-1
269,7433,401.77448,378.16476,46.882782,58.40915,0.876038,-1,-1,-1
269,7437,226.93748,379.0185,43.42769,55.634766,0.8899191,-1,-1,-1
269,7458,481.66318,133.14394,46.7045,55.92444,0.8653659,-1,-1,-1
269,7469,442.53543,52.563065,54.802032,59.14205,0.87269104,-1,-1,-1
269,7448,0.0,204.17271,23.546492,30.865784,0.44143218,-1,-1,-1
269,7449,380.193,151.69263,70.74759,90.88562,0.86188823,-1,-1,-1
269,7480,450.1609,496.88837,59.70926,40.570435,0.7145473,-1,-1,-1
270,7360,478.53287,212.91878,36.73282,58.482193,0.8638608,-1,-1,-1
270,7362,207.96292,45.428997,58.929077,48.361782,0.8623626,-1,-1,-1
270,7363,514.9083,144.84,39.455566,68.20047,0.8410663,-1,-1,-1
270,7366,223.64027,11.416289,62.73259,49.98254,0.85919935,-1,-1,-1
270,7367,451.37662,296.5851,42.494263,57.864166,0.8853169,-1,-1,-1
270,7369,795.8025,311.1529,58.764954,49.424866,0.88687855,-1,-1,-1
270,7395,216.87483,277.63654,31.598068,63.594116,0.86852384,-1,-1,-1
270,7400,629.81775,298.4146,45.674988,56.53598,0.87348634,-1,-1,-1
270,7410,130.52072,0.0,58.50406,42.465233,0.81494856,-1,-1,-1
270,7426,899.28174,77.9326,48.203796,56.106094,0.8000679,-1,-1,-1
270,7433,401.00314,377.34158,47.105743,58.749084,0.90259767,-1,-1,-1
270,7437,224.10185,381.61377,43.568375,55.676086,0.8920539,-1,-1,-1
270,7458,479.99692,135.03468,46.70804,56.001602,0.8643798,-1,-1,-1
270,7469,440.738,54.511993,55.023956,59.588966,0.874554,-1,-1,-1
270,7448,0.0,202.80864,23.513641,30.57991,0.5058846,-1,-1,-1
270,7449,378.14023,153.29192,71.051025,91.20566,0.80888855,-1,-1,-1
270,7480,448.99802,493.48407,63.209015,43.744263,0.7459892,-1,-1,-1
271,7360,478.16138,212.67265,36.845276,58.51448,0.8636004,-1,-1,-1
271,7362,208.23038,44.486973,59.049957,48.561077,0.8668412,-1,-1,-1
271,7363,515.0597,144.46361,39.17572,67.756424,0.8690759,-1,-1,-1
271,7366,223.81697,10.521813,62.945206,50.2966,0.85485476,-1,-1,-1
271,7367,450.88538,296.14124,42.46457,57.722443,0.8821964,-1,-1,-1
271,7369,795.36835,311.48007,58.994568,49.74939,0.8866599,-1,-1,-1
271,7395,216.43945,276.78943,31.448578,63.533783,0.8640125,-1,-1,-1
271,7400,630.2509,299.86472,45.647644,56.51535,0.8718245,-1,-1,-1
271,7410,131.3467,0.0,57.81151,41.65502,0.80358356,-1,-1,-1
271,7426,899.3973,78.4626,48.37439,56.26317,0.7967656,-1,-1,-1
271,7433,400.52274,376.93683,47.19452,58.904816,0.8744461,-1,-1,-1
271,7437,221.15031,384.10843,43.812332,55.904663,0.88210964,-1,-1,-1
271,7458,478.28043,136.68593,46.84726,56.24716,0.8674575,-1,-1,-1
271,7469,439.01685,56.825275,54.657898,59.31956,0.8745652,-1,-1,-1
271,7448,0.0,200.4775,23.797377,31.5896,0.42029786,-1,-1,-1
271,7449,376.5456,155.21732,70.692535,90.51372,0.6996636,-1,-1,-1
271,7480,448.1973,490.09995,66.4852,47.033234,0.78606665,-1,-1,-1
272,7360,478.02338,212.58678,36.861572,58.42311,0.8623916,-1,-1,-1
272,7362,208.427,43.6389,59.20331,48.803726,0.86644316,-1,-1,-1
272,7363,515.09125,144.88109,38.766846,66.86423,0.85805917,-1,-1,-1
272,7366,224.07147,9.793839,63.1062,50.581764,0.8616382,-1,-1,-1
272,7367,450.38904,295.81912,42.59082,57.714966,0.88132656,-1,-1,-1
272,7369,795.0241,311.92368,58.968323,49.841797,0.8888051,-1,-1,-1
272,7395,215.96199,275.75406,31.548813,63.94278,0.8624476,-1,-1,-1
272,7400,630.4659,301.0515,46.2489,57.437042,0.87752473,-1,-1,-1
272,7410,131.95113,0.0,57.131058,40.78755,0.80572665,-1,-1,-1
272,7426,899.05585,79.20912,48.70038,56.561325,0.7936519,-1,-1,-1
272,7433,400.09525,376.45862,47.181335,58.832275,0.8700029,-1,-1,-1
272,7437,218.28522,386.74536,43.90851,55.99942,0.8768381,-1,-1,-1
272,7458,476.71176,138.80742,46.519318,55.821625,0.86862904,-1,-1,-1
272,7469,437.57166,59.543503,54.42453,59.1821,0.871271,-1,-1,-1
272,7448,0.0,197.77415,24.037012,32.646774,0.39622876,-1,-1,-1
272,7449,374.73535,156.46184,70.97443,90.69075,0.65698844,-1,-1,-1
272,7480,446.80396,486.67224,70.136536,50.897766,0.8580764,-1,-1,-1
273,7360,477.7404,212.45523,36.922333,58.37204,0.86088926,-1,-1,-1
273,7362,208.02295,42.835728,59.656128,49.362194,0.86060256,-1,-1,-1
273,7363,515.1568,143.9463,38.923218,67.216446,0.8557409,-1,-1,-1
273,7366,224.07736,9.015637,63.46057,51.039898,0.86035824,-1,-1,-1
273,7367,449.87173,295.60385,42.628845,57.601685,0.87962914,-1,-1,-1
273,7369,794.4565,312.28918,58.867554,49.86142,0.8890806,-1,-1,-1
273,7395,215.67024,275.0513,31.374802,63.64917,0.86021096,-1,-1,-1
273,7400,630.87866,302.5214,45.98236,57.241272,0.87443334,-1,-1,-1
273,7410,132.41135,0.0,56.46135,39.862755,0.8132332,-1,-1,-1
273,7426,898.8189,80.15659,48.68689,56.52349,0.7766798,-1,-1,-1
273,7433,399.38776,376.01416,47.054504,58.51187,0.85874796,-1,-1,-1
273,7437,215.81375,389.06683,43.99344,56.045868,0.9036273,-1,-1,-1
273,7458,475.30304,140.93422,46.269043,55.516327,0.86629826,-1,-1,-1
273,7469,436.03867,61.686115,54.338776,59.186672,0.8676498,-1,-1,-1
273,7448,0.0,196.63986,23.758614,32.587753,0.3620004,-1,-1,-1
273,7449,374.0323,158.54164,70.54855,89.920715,0.57781714,-1,-1,-1
273,7480,446.2894,483.09302,72.03049,53.740906,0.85478634,-1,-1,-1
274,7360,477.37012,212.22057,36.97046,58.279495,0.8606739,-1,-1,-1
274,7362,207.87988,41.9753,59.82489,49.69215,0.8602362,-1,-1,-1
274,7363,514.96094,143.14737,39.116516,67.644104,0.8517626,-1,-1,-1
274,7366,224.30656,8.350927,63.625443,51.3631,0.857665,-1,-1,-1
274,7367,449.28836,295.4312,42.70392,57.530365,0.8795656,-1,-1,-1
274,7369,793.618,312.8725,58.622803,49.704865,0.89616793,-1,-1,-1
274,7395,215.57419,274.2471,31.348694,63.58609,0.8634982,-1,-1,-1
274,7400,631.653,304.64682,45.380066,56.447723,0.8816374,-1,-1,-1
274,7410,133.13301,0.0,55.900864,39.039127,0.8044426,-1,-1,-1
274,7426,898.5928,80.66831,48.737244,56.548607,0.76586175,-1,-1,-1
274,7433,398.6498,375.7509,46.984253,58.280212,0.8608505,-1,-1,-1
274,7437,213.1602,391.9713,43.752182,55.61331,0.8814906,-1,-1,-1
274,7458,473.87134,143.05731,46.060486,55.30812,0.8663804,-1,-1,-1
274,7469,434.2021,63.95577,54.459747,59.383602,0.8683906,-1,-1,-1
274,7448,0.0,196.50105,23.299837,31.34787,0.26943383,-1,-1,-1
274,7449,373.14847,161.2111,70.3248,89.02309,0.43605652,-1,-1,-1
274,7480,446.4298,479.9722,73.37848,56.433807,0.8781993,-1,-1,-1
275,7360,476.98148,212.02301,37.029694,58.194153,0.86200804,-1,-1,-1
275,7362,208.01532,41.0898,59.616547,49.686535,0.8634211,-1,-1,-1
275,7363,514.92975,142.54892,39.07245,67.69272,0.85153896,-1,-1,-1
275,7366,224.53844,7.450637,63.7397,51.537712,0.8566376,-1,-1,-1
275,7367,448.68375,295.18555,42.9252,57.60559,0.87742347,-1,-1,-1
275,7369,793.5648,313.71756,58.05597,49.210266,0.87143224,-1,-1,-1
275,7395,215.14288,273.45346,31.481277,63.86908,0.865889,-1,-1,-1
275,7400,632.1463,306.1524,45.38501,56.426086,0.88263565,-1,-1,-1
275,7410,133.75804,0.0,55.51735,38.363415,0.7938792,-1,-1,-1
275,7426,898.34485,81.440186,48.71747,56.393402,0.7560782,-1,-1,-1
275,7433,397.8162,375.50565,47.064728,58.226837,0.8532601,-1,-1,-1
275,7437,210.10803,394.5425,43.877472,55.58075,0.8785914,-1,-1,-1
275,7458,472.44543,144.78812,46.17505,55.53038,0.8657995,-1,-1,-1
275,7469,432.74524,66.59923,54.149567,59.1176,0.86276346,-1,-1,-1
275,7448,0.0,196.12416,22.521034,29.960281,0.5032781,-1,-1,-1
275,7449,371.22516,163.15306,70.55145,88.810715,0.7041188,-1,-1,-1
275,7480,447.41595,476.7825,73.529175,58.328033,0.86545134,-1,-1,-1
275,7487,371.5158,163.15033,72.371155,88.45694,0.34148425,-1,-1,-1
276,7360,476.76752,211.79507,37.041504,58.046326,0.86175764,-1,-1,-1
276,7362,208.38925,40.340145,59.227936,49.525074,0.8654809,-1,-1,-1
276,7363,514.9868,141.85265,38.94934,67.64917,0.84659916,-1,-1,-1
276,7366,224.55824,6.709167,63.705338,51.682087,0.85409015,-1,-1,-1
276,7367,448.14105,294.91776,43.089264,57.61374,0.87523586,-1,-1,-1
276,7369,792.9599,314.17468,58.16565,49.29776,0.8714146,-1,-1,-1
276,7395,214.89601,272.95828,31.441711,63.742615,0.86768585,-1,-1,-1
276,7400,632.51434,307.7062,45.38794,56.39258,0.88076246,-1,-1,-1
276,7410,134.13376,0.0,55.133514,37.503742,0.7885494,-1,-1,-1
276,7426,898.83234,82.25005,48.26648,55.821632,0.7705283,-1,-1,-1
276,7433,397.34384,375.2325,46.634125,57.434753,0.8562201,-1,-1,-1
276,7437,207.28972,397.4365,43.889923,55.414307,0.88002515,-1,-1,-1
276,7458,470.8452,146.52818,46.291504,55.69754,0.8731195,-1,-1,-1
276,7469,431.05884,69.19185,53.73526,58.734154,0.87035257,-1,-1,-1
276,7448,0.0,194.86273,22.188887,29.62732,0.47998732,-1,-1,-1
276,7449,368.97598,164.4743,71.25043,89.469925,0.76566505,-1,-1,-1
276,7480,448.1933,473.3828,73.19476,59.78949,0.86590797,-1,-1,-1
277,7360,476.5319,211.58156,37.12155,57.97966,0.8636843,-1,-1,-1
277,7362,208.9385,39.16183,59.425293,49.788486,0.86981076,-1,-1,-1
277,7363,515.174,141.14531,38.91632,67.6776,0.848005,-1,-1,-1
277,7366,225.44638,6.344829,62.83191,51.044456,0.8603897,-1,-1,-1
277,7367,447.47455,294.67004,43.21393,57.57025,0.8722452,-1,-1,-1
277,7369,792.16925,314.58878,58.42639,49.515594,0.8714733,-1,-1,-1
277,7395,214.51418,272.08536,31.521225,63.95584,0.8591415,-1,-1,-1
277,7400,632.5702,309.15372,45.71515,56.860535,0.8848039,-1,-1,-1
277,7410,134.48734,0.0,54.695038,36.66626,0.7137522,-1,-1,-1
277,7426,899.2792,83.25005,48.157837,55.642784,0.7730789,-1,-1,-1
277,7433,396.91537,374.86707,46.769897,57.440735,0.8609551,-1,-1,-1
277,7437,204.44879,399.96143,43.96805,55.410492,0.87227213,-1,-1,-1
277,7458,469.3705,148.40147,46.438263,55.92003,0.87121475,-1,-1,-1
277,7469,428.85138,71.28724,54.16992,59.254646,0.8662044,-1,-1,-1
277,7448,0.0,192.95546,22.355057,30.515518,0.43852758,-1,-1,-1
277,7449,367.4959,165.76158,71.748566,89.99228,0.6850962,-1,-1,-1
277,7480,450.31693,470.25763,70.931366,59.640198,0.855955,-1,-1,-1
278,7360,476.2106,210.98239,37.244904,58.023773,0.86659163,-1,-1,-1
278,7362,209.13983,38.25838,59.219543,49.723324,0.86884695,-1,-1,-1
278,7363,515.1724,140.10762,39.079285,68.117294,0.85879004,-1,-1,-1
278,7366,225.85986,5.5395684,62.58075,50.94232,0.86222327,-1,-1,-1
278,7367,447.08002,294.54053,43.02008,57.150177,0.8762023,-1,-1,-1
278,7369,791.4855,314.92215,58.64978,49.771942,0.8748148,-1,-1,-1
278,7395,213.76096,271.58804,31.690552,64.41321,0.8630427,-1,-1,-1
278,7400,632.79785,310.55682,45.841125,57.00476,0.8846851,-1,-1,-1
278,7410,135.29948,0.0,54.069626,35.7183,0.71497566,-1,-1,-1
278,7426,900.2533,84.36259,47.775024,55.067528,0.7715051,-1,-1,-1
278,7433,396.28937,374.46494,46.687164,57.10034,0.85871303,-1,-1,-1
278,7437,201.53862,402.29718,44.053696,55.28784,0.88440573,-1,-1,-1
278,7458,467.80414,150.00038,46.78058,56.40654,0.8732097,-1,-1,-1
278,7469,427.12738,73.31342,54.214844,59.287117,0.8636996,-1,-1,-1
278,7448,0.0,191.08151,22.521923,30.977463,0.37014088,-1,-1,-1
278,7449,365.69876,167.22772,72.032745,90.24481,0.66444254,-1,-1,-1
278,7480,452.76556,466.93143,68.638916,59.32425,0.87393486,-1,-1,-1
278,7488,364.98987,167.27919,74.370026,90.52785,0.6436413,-1,-1,-1
279,7360,475.80887,210.56563,37.471405,58.221542,0.86745363,-1,-1,-1
279,7362,209.69037,37.426243,59.21286,49.755566,0.88337874,-1,-1,-1
279,7363,515.10675,139.22726,39.1391,68.32327,0.86694694,-1,-1,-1
279,7366,225.89502,4.4299254,62.892517,51.327354,0.85817605,-1,-1,-1
279,7367,446.57785,294.3003,42.99713,56.94101,0.8813505,-1,-1,-1
279,7369,790.7853,315.43234,58.80829,49.980408,0.8733546,-1,-1,-1
279,7395,213.23161,270.98898,31.504974,64.109985,0.86758244,-1,-1,-1
279,7400,633.0831,312.04892,45.644775,56.67389,0.8800905,-1,-1,-1
279,7410,136.35442,0.0,53.445557,34.79707,0.7233555,-1,-1,-1
279,7426,900.0168,85.106964,47.75128,54.87816,0.77676314,-1,-1,-1
279,7433,395.63232,374.0909,46.81595,57.059418,0.85910666,-1,-1,-1
279,7437,198.53151,404.717,44.16626,55.20288,0.88346684,-1,-1,-1
279,7458,466.23166,151.59836,47.050934,56.71736,0.88821423,-1,-1,-1
279,7469,425.33853,75.582306,53.898895,58.966873,0.86970127,-1,-1,-1
279,7448,0.0,190.6959,22.005524,29.6389,0.5401143,-1,-1,-1
279,7449,363.31277,168.94545,72.534515,90.774216,0.6195198,-1,-1,-1
279,7480,454.75516,463.5535,67.06094,59.539764,0.8674302,-1,-1,-1
279,7488,363.371,168.88419,74.28293,90.42633,0.5013845,-1,-1,-1
280,7360,475.7136,210.37529,37.480316,58.03273,0.8672081,-1,-1,-1
280,7362,209.77464,36.89554,58.63359,49.36747,0.87015224,-1,-1,-1
280,7363,514.9384,138.21698,39.28827,68.65581,0.8653257,-1,-1,-1
280,7366,225.86699,3.1244118,63.341385,51.88847,0.8665609,-1,-1,-1
280,7367,446.09268,294.10922,43.04016,56.853973,0.88295144,-1,-1,-1
280,7369,790.20636,316.26074,58.567383,49.83368,0.8713897,-1,-1,-1
280,7395,212.73026,270.34933,31.313828,63.801025,0.8732834,-1,-1,-1
280,7400,633.3359,313.45517,45.91754,56.924713,0.8757227,-1,-1,-1
280,7410,137.80031,0.2100071,52.571625,33.71368,0.7273913,-1,-1,-1
280,7426,899.9449,86.2514,47.957703,54.95404,0.7914059,-1,-1,-1
280,7433,395.0216,373.7317,46.53009,56.36905,0.8582648,-1,-1,-1
280,7437,195.25044,407.18677,44.220703,55.026184,0.86863077,-1,-1,-1
280,7458,464.6193,153.1794,47.207764,56.90486,0.874821,-1,-1,-1
280,7469,423.21555,77.56422,54.30652,59.591743,0.8746173,-1,-1,-1
280,7448,0.0,189.01201,22.20927,30.111404,0.549698,-1,-1,-1
280,7449,361.32135,170.30104,72.84854,90.952225,0.73704064,-1,-1,-1
280,7480,456.88025,460.77393,64.81189,59.12854,0.89000636,-1,-1,-1
281,7360,475.60458,210.1242,37.46927,57.80246,0.86722255,-1,-1,-1
281,7362,209.95787,36.117455,58.478134,49.35282,0.8656991,-1,-1,-1
281,7363,514.86346,137.26466,39.18335,68.55617,0.8664544,-1,-1,-1
281,7366,226.19911,2.2474031,63.003677,51.74999,0.8666761,-1,-1,-1
281,7367,445.54263,293.81717,43.159546,56.91867,0.88821584,-1,-1,-1
281,7369,789.7342,316.88666,58.62439,49.95529,0.8697114,-1,-1,-1
281,7395,212.39214,269.47607,31.0065,63.248444,0.8701054,-1,-1,-1
281,7400,634.1142,315.48407,45.289856,55.97516,0.8792072,-1,-1,-1
281,7410,139.24849,0.29269496,51.707703,32.590214,0.72849184,-1,-1,-1
281,7426,899.8621,87.21243,48.254517,55.247665,0.79846835,-1,-1,-1
281,7433,394.00732,371.94867,47.78476,57.851227,0.861111,-1,-1,-1
281,7437,192.4556,409.69003,44.16765,54.81195,0.88581914,-1,-1,-1
281,7458,463.17477,154.97626,47.07068,56.71521,0.87637234,-1,-1,-1
281,7469,421.38007,79.27937,54.533447,59.946396,0.8698087,-1,-1,-1
281,7448,0.0,185.9389,22.469536,31.217484,0.39091262,-1,-1,-1
281,7449,360.59152,173.06432,72.407715,89.95058,0.6384125,-1,-1,-1
281,7480,458.3748,457.7494,63.29727,59.231445,0.8661372,-1,-1,-1
282,7360,475.60938,209.86835,37.51013,57.677338,0.8641682,-1,-1,-1
282,7362,210.92625,34.882885,58.58882,49.555668,0.85933065,-1,-1,-1
282,7363,515.00836,136.53532,39.063354,68.32776,0.86869645,-1,-1,-1
282,7366,226.85655,1.2984779,62.714493,51.59537,0.86934507,-1,-1,-1
282,7367,445.11447,293.49454,43.23529,56.974762,0.88955945,-1,-1,-1
282,7369,789.3671,317.5909,58.55829,49.984436,0.8691436,-1,-1,-1
282,7395,211.95467,268.30133,31.021576,63.405792,0.86812663,-1,-1,-1
282,7400,634.60175,317.36844,45.07373,55.567017,0.88127553,-1,-1,-1
282,7410,140.73619,0.13557255,50.695114,31.452171,0.7266069,-1,-1,-1
282,7426,899.2488,88.15708,48.71344,55.68972,0.78075427,-1,-1,-1
282,7433,393.38208,371.88232,47.801178,57.74881,0.8658885,-1,-1,-1
282,7437,189.7197,412.1329,44.20288,54.696503,0.8615782,-1,-1,-1
282,7458,461.74176,156.76132,47.187134,56.835297,0.8733091,-1,-1,-1
282,7469,420.03748,82.035545,53.581665,58.886482,0.87133753,-1,-1,-1
282,7448,0.0,183.91086,22.664536,31.859604,0.37634912,-1,-1,-1
282,7449,359.78485,174.93895,72.364105,89.49745,0.5147798,-1,-1,-1
282,7480,460.31323,454.27722,61.930176,59.32849,0.8443426,-1,-1,-1
282,7489,357.60846,174.49698,75.179016,87.803314,0.48595846,-1,-1,-1
283,7360,475.45465,209.62961,37.569885,57.701874,0.86472154,-1,-1,-1
283,7362,210.8279,34.004086,58.580643,49.537937,0.8653237,-1,-1,-1
283,7363,515.10834,135.82646,38.927612,68.07422,0.86968756,-1,-1,-1
283,7366,227.67409,0.7177658,62.247177,51.270622,0.8748394,-1,-1,-1
283,7367,444.76218,293.23557,43.29303,57.00647,0.88831586,-1,-1,-1
283,7369,788.7098,318.07114,58.595825,50.16449,0.87077165,-1,-1,-1
283,7395,211.60205,267.5466,31.06427,63.544647,0.8676238,-1,-1,-1
283,7400,634.76196,319.08517,45.426514,56.01532,0.88258326,-1,-1,-1
283,7410,142.42786,0.10615967,49.918,30.50197,0.7294055,-1,-1,-1
283,7426,899.10925,89.04838,48.958557,55.759636,0.8033919,-1,-1,-1
283,7433,392.90314,371.72952,47.67697,57.33658,0.8631937,-1,-1,-1
283,7437,186.91866,414.67975,44.206924,54.460907,0.888708,-1,-1,-1
283,7458,460.2795,158.77309,47.11618,56.622208,0.8753473,-1,-1,-1
283,7469,417.935,84.57393,53.63748,58.9411,0.86972326,-1,-1,-1
283,7448,0.0,182.90767,22.181456,30.868546,0.6018701,-1,-1,-1
283,7449,357.8635,176.65303,72.25952,88.87096,0.6098496,-1,-1,-1
283,7480,462.30246,451.66776,60.06607,58.77838,0.872573,-1,-1,-1
283,7489,356.98758,176.3646,76.08484,88.901825,0.44762486,-1,-1,-1
284,7360,475.40335,209.45607,37.4003,57.29152,0.86533225,-1,-1,-1
284,7362,211.82568,32.933952,58.56894,49.605095,0.8608657,-1,-1,-1
284,7363,515.2695,135.06364,38.8479,68.02234,0.863534,-1,-1,-1
284,7366,228.27097,0.21094942,61.807007,50.93454,0.87161976,-1,-1,-1
284,7367,444.48187,292.9962,43.222687,56.88611,0.8898211,-1,-1,-1
284,7369,788.38776,318.57507,58.76544,50.482086,0.8660818,-1,-1,-1
284,7395,211.47195,266.8946,30.94954,63.380768,0.86474246,-1,-1,-1
284,7400,635.0691,320.73187,45.447693,56.0,0.87794536,-1,-1,-1
284,7410,144.25377,0.24997506,48.66931,29.29057,0.7189757,-1,-1,-1
284,7426,899.4731,89.966385,48.957275,55.640472,0.80391115,-1,-1,-1
284,7433,391.777,371.3544,48.08603,57.578064,0.86087,-1,-1,-1
284,7437,183.7546,417.04916,44.419678,54.505585,0.8787589,-1,-1,-1
284,7458,458.73663,160.63681,47.322906,56.813477,0.87685126,-1,-1,-1
284,7469,415.9522,86.58334,53.786438,59.03354,0.8688404,-1,-1,-1
284,7448,0.0,181.05034,22.456009,31.4122,0.53807884,-1,-1,-1
284,7449,355.8828,177.68405,73.25479,89.95691,0.8212436,-1,-1,-1
284,7480,464.00034,448.99905,58.3049,58.164124,0.86640394,-1,-1,-1
285,7360,475.49478,209.24902,37.24185,56.89749,0.8630901,-1,-1,-1
285,7362,212.29109,32.109547,58.43181,49.586376,0.8668948,-1,-1,-1
285,7363,515.44525,134.14708,38.820923,68.132996,0.860124,-1,-1,-1
285,7366,229.01308,0.0,61.226395,50.283646,0.86599594,-1,-1,-1
285,7367,444.22754,292.64728,43.166626,56.743744,0.8864475,-1,-1,-1
285,7369,788.41113,319.63358,58.04126,49.94879,0.8670148,-1,-1,-1
285,7395,211.0376,266.25003,30.70871,63.10727,0.861642,-1,-1,-1
285,7400,635.44476,322.40735,45.352722,55.86206,0.8835467,-1,-1,-1
285,7410,146.28294,0.4396799,47.040146,27.88955,0.6694389,-1,-1,-1
285,7426,899.9328,91.1567,49.12555,55.811714,0.81298417,-1,-1,-1
285,7433,391.19333,370.8149,48.207306,57.569275,0.87397903,-1,-1,-1
285,7437,180.49815,419.7129,44.505356,54.400604,0.8762442,-1,-1,-1
285,7458,457.32318,162.49187,47.379272,56.852737,0.8737676,-1,-1,-1
285,7469,414.56717,89.00269,52.98944,58.107964,0.86566687,-1,-1,-1
285,7448,0.0,179.04755,22.192518,31.86647,0.43144965,-1,-1,-1
285,7449,353.80933,179.51878,73.914215,90.544754,0.77576894,-1,-1,-1
285,7480,465.26572,446.0023,57.429657,58.358368,0.86961555,-1,-1,-1
286,7360,475.55963,208.79579,37.3219,56.80031,0.87771505,-1,-1,-1
286,7362,212.60461,31.17804,58.79883,50.059456,0.8828098,-1,-1,-1
286,7363,515.59436,133.46269,38.62439,67.94472,0.86128557,-1,-1,-1
286,7366,229.66331,0.0,60.395767,49.41199,0.8614056,-1,-1,-1
286,7367,443.9602,292.41275,43.02002,56.45041,0.8892291,-1,-1,-1
286,7369,787.97095,320.26276,57.89099,49.855316,0.87318057,-1,-1,-1
286,7395,210.52748,265.26788,30.961533,63.91922,0.8590108,-1,-1,-1
286,7400,635.3997,323.9726,45.485718,56.03418,0.8815201,-1,-1,-1
286,7410,148.2841,0.6202648,45.6268,26.640987,0.5713065,-1,-1,-1
286,7426,900.45087,92.1292,48.826904,55.4246,0.8046548,-1,-1,-1
286,7433,390.7322,370.4105,48.28125,57.560547,0.875202,-1,-1,-1
286,7437,177.13622,422.12558,44.92604,54.83069,0.87675476,-1,-1,-1
286,7458,455.51962,164.58116,47.336456,56.729233,0.8881198,-1,-1,-1
286,7469,412.77423,91.34737,53.031616,58.120056,0.8741182,-1,-1,-1
286,7448,0.0,177.10013,22.26283,32.36618,0.34648645,-1,-1,-1
286,7449,351.47723,181.18454,73.76834,89.97662,0.6853044,-1,-1,-1
286,7480,466.4455,442.52274,56.741577,58.665833,0.87035614,-1,-1,-1
287,7360,475.11728,208.5215,37.591217,57.01927,0.86076087,-1,-1,-1
287,7362,212.84111,30.325521,58.56938,50.016426,0.86597645,-1,-1,-1
287,7363,515.8388,132.53308,38.379395,67.70068,0.8758303,-1,-1,-1
287,7366,230.31078,0.0,59.60707,48.682304,0.8617265,-1,-1,-1
287,7367,443.58154,292.04358,43.100037,56.368896,0.88846135,-1,-1,-1
287,7369,787.2485,320.55057,58.23419,50.24054,0.87444,-1,-1,-1
287,7395,210.06696,264.22952,31.04837,64.2977,0.8616139,-1,-1,-1
287,7400,635.4531,325.3454,45.680786,56.26477,0.8801614,-1,-1,-1
287,7410,150.18492,0.52991724,44.684387,25.777838,0.57701737,-1,-1,-1
287,7426,900.3293,93.15093,48.716553,55.207253,0.7881434,-1,-1,-1
287,7433,390.30374,369.9181,48.245605,57.483154,0.876197,-1,-1,-1
287,7437,174.08308,424.47467,44.93947,54.68582,0.8732602,-1,-1,-1
287,7458,453.6466,166.30925,47.455566,56.789764,0.8756152,-1,-1,-1
287,7469,410.8047,93.15875,53.46591,58.55591,0.8739592,-1,-1,-1
287,7448,0.0,176.9621,21.894764,31.58934,0.39911938,-1,-1,-1
287,7449,349.15546,181.85321,74.27396,90.362885,0.84535104,-1,-1,-1
287,7480,467.56247,439.3922,56.07419,58.86328,0.8760349,-1,-1,-1
288,7360,474.93198,208.14627,37.816986,57.140503,0.8625356,-1,-1,-1
288,7362,212.73183,29.476305,58.80693,50.31681,0.87255085,-1,-1,-1
288,7363,515.79517,131.43974,38.565796,68.3183,0.85874414,-1,-1,-1
288,7366,231.03119,0.0,58.870422,47.916435,0.8618354,-1,-1,-1
288,7367,443.0458,291.5714,43.2894,56.443848,0.8879711,-1,-1,-1
288,7369,786.70844,320.94678,58.439392,50.51288,0.87440383,-1,-1,-1
288,7395,209.77357,263.03387,30.830093,63.886475,0.8582344,-1,-1,-1
288,7400,635.9203,326.5737,45.947754,56.648132,0.87608594,-1,-1,-1
288,7410,152.26064,0.38810146,43.30522,24.693987,0.5524791,-1,-1,-1
288,7426,900.174,94.08651,48.987,55.374107,0.7731105,-1,-1,-1
288,7433,389.59787,369.35208,48.388885,57.595,0.8804143,-1,-1,-1
288,7437,170.83823,426.5793,45.27896,54.94919,0.87159985,-1,-1,-1
288,7458,451.87204,167.84406,47.666412,57.01149,0.875732,-1,-1,-1
288,7469,409.17154,95.18644,53.398804,58.395805,0.8793209,-1,-1,-1
288,7448,0.0,175.6162,21.679201,31.149918,0.34064347,-1,-1,-1
288,7449,347.44995,183.06546,74.66757,90.51471,0.8723015,-1,-1,-1
288,7480,469.60092,436.95856,53.7872,57.176147,0.87518704,-1,-1,-1
289,7360,474.73227,207.5344,38.04721,57.357178,0.87317485,-1,-1,-1
289,7362,212.88011,28.145048,58.82936,50.516945,0.85998046,-1,-1,-1
289,7363,515.7746,130.36768,38.65857,68.73572,0.86157006,-1,-1,-1
289,7366,232.01279,0.0,58.32892,47.29518,0.85437775,-1,-1,-1
289,7367,442.51352,291.03204,43.474274,56.49997,0.8891676,-1,-1,-1
289,7369,786.08496,321.38687,58.5672,50.779694,0.87788147,-1,-1,-1
289,7395,209.50203,262.43948,30.503555,63.12494,0.8576324,-1,-1,-1
289,7400,636.5899,328.36902,45.5968,56.140045,0.88419574,-1,-1,-1
289,7410,154.07173,0.20024583,42.011322,23.694258,0.3464074,-1,-1,-1
289,7426,900.71985,94.833145,49.072144,55.374634,0.7690855,-1,-1,-1
289,7433,388.97226,368.8367,48.303345,57.438232,0.8817513,-1,-1,-1
289,7437,167.29552,428.45462,45.6624,55.31903,0.87967324,-1,-1,-1
289,7458,450.2532,169.24496,48.185577,57.65741,0.8709715,-1,-1,-1
289,7469,407.28647,97.71673,53.480804,58.359596,0.868501,-1,-1,-1
289,7448,0.0,173.74141,21.90852,31.545105,0.273034,-1,-1,-1
289,7449,345.94006,184.87814,74.482635,89.78577,0.8431005,-1,-1,-1
289,7480,470.6151,433.94827,53.458252,57.57419,0.87444496,-1,-1,-1
290,7360,474.4029,207.28503,38.276733,57.462097,0.8637907,-1,-1,-1
290,7362,213.05841,26.969378,58.68515,50.551292,0.8673198,-1,-1,-1
290,7363,516.02264,129.39262,38.41278,68.61766,0.8576423,-1,-1,-1
290,7366,232.80139,0.0,57.764557,46.6091,0.8485884,-1,-1,-1
290,7367,441.8537,290.531,43.78595,56.69626,0.8883319,-1,-1,-1
290,7369,785.47644,321.85956,58.671448,51.06775,0.88076663,-1,-1,-1
290,7395,208.93562,261.88254,30.548721,63.180573,0.850659,-1,-1,-1
290,7400,636.9415,329.92596,45.650146,56.180817,0.88465786,-1,-1,-1
290,7410,153.92867,0.05231043,42.011185,23.359615,0.2809294,-1,-1,-1
290,7426,901.3904,95.853424,48.688416,54.86479,0.7735306,-1,-1,-1
290,7433,388.38217,368.30743,48.24533,57.328827,0.8751565,-1,-1,-1
290,7437,164.2894,430.7379,45.566986,55.130707,0.8657632,-1,-1,-1
290,7458,448.68372,171.20004,47.902924,57.31494,0.8677204,-1,-1,-1
290,7469,404.89908,99.740295,53.81082,58.556717,0.86600363,-1,-1,-1
290,7448,0.0,172.32092,21.477007,30.470764,0.31306732,-1,-1,-1
290,7449,344.49347,187.47623,73.73111,88.36005,0.86868304,-1,-1,-1
290,7480,471.77914,430.932,52.611053,57.338684,0.8680643,-1,-1,-1
290,7494,1015.97314,412.89108,7.8359375,24.355011,0.43315542,-1,-1,-1
291,7360,473.7752,206.80571,38.761475,58.02104,0.8649183,-1,-1,-1
291,7362,213.60869,26.104557,58.272354,50.323414,0.86193496,-1,-1,-1
291,7363,516.34644,128.44463,37.995483,68.17302,0.8540833,-1,-1,-1
291,7366,233.58199,0.0,56.77144,45.50694,0.84785116,-1,-1,-1
291,7367,441.23538,290.0181,44.105988,56.925293,0.8851924,-1,-1,-1
291,7369,785.0694,322.56598,58.671936,51.25183,0.8824923,-1,-1,-1
291,7395,208.51385,261.03732,30.694473,63.266083,0.8579097,-1,-1,-1
291,7400,636.9653,331.2934,45.850464,56.45175,0.902446,-1,-1,-1
291,7426,901.9087,96.99708,48.357544,54.381065,0.75995445,-1,-1,-1
291,7433,387.78882,366.79883,48.80838,58.11432,0.88540167,-1,-1,-1
291,7437,161.1855,432.9305,45.668655,55.048798,0.8733926,-1,-1,-1
291,7458,447.0963,173.08774,47.987,57.427673,0.8602079,-1,-1,-1
291,7469,402.91183,101.00251,54.095856,58.823357,0.87320507,-1,-1,-1
291,7448,0.09309508,170.89154,21.095749,29.712326,0.33270526,-1,-1,-1
291,7449,343.29877,189.2781,74.0517,88.35147,0.8662368,-1,-1,-1
291,7480,473.38373,427.8933,51.989624,57.20749,0.87388724,-1,-1,-1
291,7494,1015.5782,414.66696,7.764099,24.033386,0.30160657,-1,-1,-1
292,7360,473.48276,206.36824,39.089264,58.40114,0.8661676,-1,-1,-1
292,7362,214.39905,24.899908,58.131317,50.413055,0.8687996,-1,-1,-1
292,7363,516.3719,127.38585,37.9411,68.36319,0.8639465,-1,-1,-1
292,7366,234.73192,0.0,55.831833,44.416653,0.84597266,-1,-1,-1
292,7367,440.6436,289.51025,44.471924,57.238922,0.8849058,-1,-1,-1
292,7369,784.55475,323.0913,58.79431,51.53946,0.8792673,-1,-1,-1
292,7395,208.17986,260.19855,30.9021,63.50836,0.8570652,-1,-1,-1
292,7400,637.1418,332.77216,45.709473,56.247986,0.8835356,-1,-1,-1
292,7426,901.61096,98.70146,48.119995,53.895386,0.769159,-1,-1,-1
292,7433,387.02094,366.47098,48.82492,58.181427,0.87997425,-1,-1,-1
292,7437,158.20393,435.18378,45.4691,54.582214,0.8829634,-1,-1,-1
292,7458,445.16415,174.82214,48.276276,57.891754,0.859063,-1,-1,-1
292,7469,401.03363,103.60764,53.681915,58.29847,0.8694847,-1,-1,-1
292,7448,0.098556,169.08115,21.069504,29.647568,0.3393541,-1,-1,-1
292,7449,341.47546,189.9211,74.9675,89.055466,0.8632697,-1,-1,-1
292,7480,475.0202,424.79523,51.361267,57.045227,0.8770077,-1,-1,-1
292,7494,1015.3209,417.26416,7.470703,22.891754,0.32133105,-1,-1,-1
293,7360,473.22473,205.87143,39.300476,58.63156,0.865257,-1,-1,-1
293,7362,215.09319,24.0609,57.941727,50.39956,0.8711567,-1,-1,-1
293,7363,516.91754,126.15578,37.460876,67.86949,0.87836456,-1,-1,-1
293,7366,235.53572,0.0,55.197525,43.51955,0.8457396,-1,-1,-1
293,7367,440.03986,289.0328,44.68112,57.34082,0.88417476,-1,-1,-1
293,7369,784.1288,323.9025,58.464172,51.367462,0.8791888,-1,-1,-1
293,7395,207.79404,259.05325,31.130585,63.856415,0.8511237,-1,-1,-1
293,7400,637.41235,334.3851,45.48108,55.933624,0.88164526,-1,-1,-1
293,7426,901.2187,100.079636,48.033936,53.36708,0.7621923,-1,-1,-1
293,7433,386.3737,366.14523,48.6044,57.79721,0.87435114,-1,-1,-1
293,7437,155.10062,437.72003,45.308945,54.282867,0.86212206,-1,-1,-1
293,7458,443.367,176.57127,48.45932,58.338226,0.8620311,-1,-1,-1
293,7469,398.89264,104.92124,54.401917,59.127647,0.87503874,-1,-1,-1
293,7448,0.0,166.61559,21.522047,30.641586,0.28257883,-1,-1,-1
293,7449,338.95142,190.45486,76.09485,90.04947,0.84451693,-1,-1,-1
293,7480,475.96747,421.82895,50.807495,56.856262,0.8746929,-1,-1,-1
293,7496,620.0796,0.0,49.633728,25.150284,0.36151424,-1,-1,-1
294,7360,472.9019,205.4633,39.446808,58.812668,0.86566,-1,-1,-1
294,7362,215.8391,23.234022,57.642715,50.24968,0.8682362,-1,-1,-1
294,7363,516.9701,125.041626,37.107483,67.6313,0.86300474,-1,-1,-1
294,7366,236.28506,0.0,54.777435,42.777252,0.845751,-1,-1,-1
294,7367,439.50427,288.61514,44.720062,57.233765,0.88430274,-1,-1,-1
294,7369,783.8146,324.7475,58.131958,51.158386,0.87979555,-1,-1,-1
294,7395,207.39642,258.09445,31.393265,64.43411,0.86605984,-1,-1,-1
294,7400,637.8541,336.07242,44.91858,55.233063,0.8905053,-1,-1,-1
294,7426,900.84827,101.06938,48.280212,53.188797,0.77065545,-1,-1,-1
294,7433,385.33035,365.71957,48.729065,57.769745,0.86783767,-1,-1,-1
294,7437,152.16669,439.68106,45.63855,54.630127,0.86661124,-1,-1,-1
294,7458,441.68335,178.7332,48.107574,57.863525,0.87285495,-1,-1,-1
294,7469,397.41348,107.09944,54.033173,58.612793,0.89279824,-1,-1,-1
294,7448,0.06028987,165.67787,21.404768,30.160553,0.30025664,-1,-1,-1
294,7449,336.1298,191.39622,76.96924,91.094284,0.7945625,-1,-1,-1
294,7480,477.06833,419.15573,50.335724,56.69339,0.87660676,-1,-1,-1
294,7496,619.00867,0.0,50.979248,25.888348,0.37286997,-1,-1,-1
295,7360,472.80374,204.96306,39.36319,58.585495,0.8645,-1,-1,-1
295,7362,216.2763,22.442543,57.475647,50.198425,0.8635501,-1,-1,-1
295,7363,517.1095,123.940956,36.72345,67.277916,0.8626715,-1,-1,-1
295,7366,237.204,0.0,54.24266,41.886055,0.8463242,-1,-1,-1
295,7367,438.93317,288.196,44.7883,57.187775,0.88092226,-1,-1,-1
295,7369,783.39056,325.6018,57.775696,50.921722,0.87445873,-1,-1,-1
295,7395,206.9833,256.83862,31.13852,64.0051,0.8707983,-1,-1,-1
295,7400,637.99756,337.61243,45.3432,55.77466,0.88813806,-1,-1,-1
295,7426,900.6268,101.86815,48.759155,53.26671,0.76226443,-1,-1,-1
295,7433,384.87085,365.11713,48.665894,57.590973,0.86965555,-1,-1,-1
295,7437,148.91277,441.79135,45.90892,54.838745,0.8798893,-1,-1,-1
295,7458,439.85056,180.6953,48.319916,58.071213,0.874826,-1,-1,-1
295,7469,395.51965,109.725204,53.63141,58.04828,0.86686647,-1,-1,-1
295,7448,0.17980325,164.89133,20.80187,29.237137,0.42948323,-1,-1,-1
295,7449,333.81757,192.8122,77.0199,90.98331,0.8383748,-1,-1,-1
295,7480,478.483,416.32693,49.68741,56.278748,0.8682687,-1,-1,-1
295,7496,617.8529,0.0,52.578125,26.806095,0.33774394,-1,-1,-1
296,7360,472.7083,204.06586,39.4588,58.648712,0.87341404,-1,-1,-1
296,7362,216.93011,21.022614,57.36679,50.22525,0.8656013,-1,-1,-1
296,7363,517.4168,122.95235,36.361816,67.036606,0.85788816,-1,-1,-1
296,7366,238.0774,0.0,53.60666,40.89469,0.8416849,-1,-1,-1
296,7367,438.4078,287.9981,44.71988,56.963043,0.87790656,-1,-1,-1
296,7369,783.20844,326.6872,57.231018,50.466675,0.8754773,-1,-1,-1
296,7395,206.56,255.90143,30.93399,63.722107,0.86659265,-1,-1,-1
296,7400,638.1192,339.13678,45.457214,55.937653,0.8911757,-1,-1,-1
296,7426,901.33344,102.9085,49.36487,53.81031,0.76889104,-1,-1,-1
296,7433,384.1828,364.33685,48.583466,57.356995,0.8628555,-1,-1,-1
296,7437,145.68428,444.03766,45.778687,54.566193,0.8753872,-1,-1,-1
296,7458,437.82083,182.39795,48.129578,57.766907,0.91694206,-1,-1,-1
296,7469,393.36337,111.62162,53.95453,58.21131,0.8643504,-1,-1,-1
296,7448,0.07717963,162.70923,20.986074,29.492691,0.34338173,-1,-1,-1
296,7449,332.09738,194.47374,76.75778,90.38359,0.836694,-1,-1,-1
296,7480,480.1335,413.6825,48.8248,55.489838,0.8825391,-1,-1,-1
296,7496,616.48804,0.0,53.86792,27.671959,0.3495798,-1,-1,-1
297,7360,472.6336,203.3634,39.52661,58.613068,0.8737308,-1,-1,-1
297,7362,217.4517,19.617441,57.50975,50.5101,0.8764157,-1,-1,-1
297,7363,518.45654,121.689896,35.553284,66.12604,0.8865977,-1,-1,-1
297,7366,238.8325,0.0,53.1801,40.011093,0.80883765,-1,-1,-1
297,7367,437.9578,287.84515,44.63733,56.73813,0.88150936,-1,-1,-1
297,7369,782.79736,327.409,57.343872,50.615143,0.87721455,-1,-1,-1
297,7395,206.3687,255.28654,30.729797,63.316055,0.8630606,-1,-1,-1
297,7400,638.30505,340.5208,45.763306,56.381073,0.8842742,-1,-1,-1
297,7426,901.5611,104.168594,49.482605,53.846207,0.7147513,-1,-1,-1
297,7433,383.5629,363.75897,48.588013,57.22763,0.8636338,-1,-1,-1
297,7437,142.42433,446.26004,45.82373,54.448944,0.8735372,-1,-1,-1
297,7458,436.46637,183.80815,48.421265,58.07019,0.8760486,-1,-1,-1
297,7469,390.87912,113.38398,53.974396,58.043587,0.86703366,-1,-1,-1
297,7449,330.9493,196.96362,75.86038,88.93796,0.8138882,-1,-1,-1
297,7480,481.17624,410.6179,48.648956,55.418396,0.866539,-1,-1,-1
297,7496,615.81146,0.0,55.156555,28.60986,0.38531932,-1,-1,-1
298,7360,472.65332,202.77757,39.561157,58.53087,0.8751007,-1,-1,-1
298,7362,217.8494,18.249306,57.797577,50.963623,0.87979704,-1,-1,-1
298,7363,518.75116,120.74542,35.458984,66.42706,0.85712767,-1,-1,-1
298,7366,239.74297,0.0,52.804276,39.146374,0.76047057,-1,-1,-1
298,7367,437.58188,287.57135,44.646057,56.63623,0.88532037,-1,-1,-1
298,7369,782.08374,327.84586,57.494995,50.799896,0.8765473,-1,-1,-1
298,7395,206.06955,254.32376,30.675507,63.132416,0.85427177,-1,-1,-1
298,7400,638.77606,342.4349,45.729614,56.373535,0.8921887,-1,-1,-1
298,7426,902.7579,105.13212,49.297607,53.600822,0.74930084,-1,-1,-1
298,7433,383.0291,363.19177,48.57846,57.06491,0.8776082,-1,-1,-1
298,7437,139.28447,448.17786,45.956375,54.484283,0.89260364,-1,-1,-1
298,7458,435.1703,185.91824,48.077545,57.575638,0.87401253,-1,-1,-1
298,7469,389.16916,115.49362,53.52527,57.328156,0.8644019,-1,-1,-1
298,7449,329.47525,199.27336,75.5795,88.3362,0.7582506,-1,-1,-1
298,7480,482.22894,407.8452,48.700684,55.504272,0.79077184,-1,-1,-1
298,7496,615.6803,0.0,56.33551,29.539032,0.37301582,-1,-1,-1
298,7448,0.2793679,158.94807,21.100815,29.541595,0.41990414,-1,-1,-1
