2,11668,459.42603,256.3848,60.307617,28.197754,0.8259747,-1,-1,-1
2,11669,464.97678,146.00415,23.024475,29.159668,0.8499819,-1,-1,-1
2,11670,390.1863,234.89021,54.979645,26.002365,0.84562224,-1,-1,-1
2,11671,695.56647,281.1003,64.72571,29.160736,0.82960975,-1,-1,-1
2,11672,442.9182,205.82056,53.802948,25.060715,0.8234737,-1,-1,-1
2,11673,475.57864,291.61053,63.702484,31.779633,0.8551634,-1,-1,-1
2,11674,522.0032,126.32215,29.928223,20.633308,0.81754285,-1,-1,-1
2,11675,315.66376,241.46976,58.348175,28.925323,0.8325812,-1,-1,-1
2,11676,417.40225,188.32275,49.654297,24.224442,0.83025247,-1,-1,-1
2,11677,1.0352694,281.93097,44.12393,34.01886,0.84848875,-1,-1,-1
2,11678,385.32513,274.70053,61.328125,33.05072,0.8212583,-1,-1,-1
2,11679,760.80945,259.82684,53.22522,24.36905,0.8291462,-1,-1,-1
2,11680,770.1575,238.38135,50.727478,23.405457,0.8276793,-1,-1,-1
2,11681,284.42825,192.11708,59.06671,26.942673,0.80784214,-1,-1,-1
2,11682,611.688,199.73099,55.598328,24.457275,0.74752134,-1,-1,-1
2,11683,925.0389,179.92441,41.422546,19.7742,0.7901659,-1,-1,-1
2,11684,565.94635,181.45084,54.716736,27.129684,0.8028304,-1,-1,-1
2,11685,905.11914,194.97473,50.859436,20.335144,0.7195017,-1,-1,-1
2,11686,912.40186,245.68742,45.818665,22.02327,0.55653,-1,-1,-1
2,11687,210.20581,246.36522,97.553314,54.613907,0.68347275,-1,-1,-1
3,11668,462.6077,256.33783,60.154938,28.115753,0.86810017,-1,-1,-1
3,11669,464.8413,146.27481,23.087708,29.249847,0.8465273,-1,-1,-1
3,11670,389.90054,235.04208,55.289368,26.147614,0.8488626,-1,-1,-1
3,11671,698.0685,281.14267,64.1236,28.894348,0.8374136,-1,-1,-1
3,11672,440.2329,206.22395,54.19919,25.227844,0.82294095,-1,-1,-1
3,11673,478.87357,291.71823,63.494537,31.67038,0.83544916,-1,-1,-1
3,11674,520.671,125.97805,29.75415,20.51464,0.8094811,-1,-1,-1
3,11675,315.39905,241.89903,58.10388,28.786972,0.8351537,-1,-1,-1
3,11676,415.2149,188.72905,50.586456,24.693848,0.83119255,-1,-1,-1
3,11677,3.0245848,282.0394,44.163845,33.937286,0.82348686,-1,-1,-1
3,11678,388.1706,274.87445,61.107513,32.90674,0.8221219,-1,-1,-1
3,11679,763.6623,260.22357,52.509094,24.04483,0.83116424,-1,-1,-1
3,11680,773.6376,238.54945,50.59485,23.343277,0.80743116,-1,-1,-1
3,11681,281.31482,192.74535,59.847504,27.314682,0.84433556,-1,-1,-1
3,11682,609.67883,200.1765,55.1687,24.270584,0.7225927,-1,-1,-1
3,11683,922.31146,179.85722,42.04535,20.06134,0.7593617,-1,-1,-1
3,11684,565.2078,182.02443,54.110962,26.843262,0.77116346,-1,-1,-1
3,11685,904.34094,195.2266,52.33026,20.938782,0.6127307,-1,-1,-1
3,11686,912.534,245.68266,45.627747,22.02092,0.45551503,-1,-1,-1
3,11687,214.7816,247.32521,93.99904,52.636215,0.7874372,-1,-1,-1
3,11690,737.4916,209.60208,49.676086,23.248642,0.48662624,-1,-1,-1
3,11691,600.3185,247.8795,55.96039,25.342758,0.62229794,-1,-1,-1
3,11692,593.2529,266.30774,51.539734,23.42508,0.4172207,-1,-1,-1
3,11693,588.6866,215.55933,41.57617,21.894272,0.37244815,-1,-1,-1
4,11668,466.4241,256.43936,60.541656,28.274902,0.8253582,-1,-1,-1
4,11669,464.75726,146.65157,23.083405,29.25766,0.8443847,-1,-1,-1
4,11670,389.77875,235.34932,55.539948,26.259842,0.84405375,-1,-1,-1
4,11671,700.9283,281.44888,64.124756,28.902832,0.8292653,-1,-1,-1
4,11672,436.17657,206.91193,53.82617,25.035019,0.84814054,-1,-1,-1
4,11673,482.15576,291.80115,62.883728,31.36267,0.8592038,-1,-1,-1
4,11674,519.43604,125.8079,29.937683,20.637001,0.7890369,-1,-1,-1
4,11675,315.7294,242.31255,57.396362,28.408554,0.8368992,-1,-1,-1
4,11676,413.41937,189.33412,49.889954,24.353271,0.8277788,-1,-1,-1
4,11677,4.881016,282.00693,44.162598,33.700592,0.82071525,-1,-1,-1
4,11678,390.3391,274.78543,60.36435,32.54785,0.8062625,-1,-1,-1
4,11679,765.83093,260.05627,53.467102,24.480377,0.8439398,-1,-1,-1
4,11680,777.1643,238.5175,50.884094,23.49495,0.8292666,-1,-1,-1
4,11681,278.54724,193.10767,59.662354,27.251526,0.82745886,-1,-1,-1
4,11682,606.99536,200.53731,55.529846,24.43126,0.6527552,-1,-1,-1
4,11683,917.7997,179.95894,44.498657,21.201126,0.60486853,-1,-1,-1
4,11684,564.75574,182.47586,52.14801,25.876465,0.74960834,-1,-1,-1
4,11685,903.02673,194.98816,54.47412,21.81314,0.6079876,-1,-1,-1
4,11687,218.08958,247.63304,93.4066,52.390488,0.6395712,-1,-1,-1
4,11690,734.8393,209.6417,49.949585,23.398392,0.74837923,-1,-1,-1
4,11691,606.2693,246.9684,54.388184,24.676285,0.76284844,-1,-1,-1
4,11692,596.0381,266.31293,51.835754,23.558136,0.50773644,-1,-1,-1
5,11668,470.3719,256.48648,61.05963,28.509918,0.83604085,-1,-1,-1
5,11669,464.9756,146.98999,23.011536,29.179947,0.84693164,-1,-1,-1
5,11670,389.79797,235.76884,55.77594,26.373886,0.8435162,-1,-1,-1
5,11671,705.06537,281.5788,63.422546,28.57547,0.8432249,-1,-1,-1
5,11672,432.68423,207.2448,54.079346,25.12532,0.82321334,-1,-1,-1
5,11673,485.2214,292.03882,62.857086,31.337769,0.84834176,-1,-1,-1
5,11674,518.6373,125.40261,30.26471,20.874123,0.78689563,-1,-1,-1
5,11675,316.52682,242.52007,57.049225,28.214096,0.83292204,-1,-1,-1
5,11676,410.56873,189.52475,50.18048,24.488281,0.8216584,-1,-1,-1
5,11677,7.0661077,281.9647,44.317616,33.37921,0.8376727,-1,-1,-1
5,11678,392.248,274.5052,60.501556,32.710876,0.77467567,-1,-1,-1
5,11679,768.6681,260.38486,53.250732,24.37387,0.8313452,-1,-1,-1
5,11680,780.8037,238.76782,50.738342,23.446442,0.8495669,-1,-1,-1
5,11681,275.41483,192.4253,61.187195,27.999725,0.7852684,-1,-1,-1
5,11682,604.98126,200.68388,55.133423,24.250107,0.6469431,-1,-1,-1
5,11683,915.88885,180.63315,45.974182,21.903,0.723427,-1,-1,-1
5,11684,563.2806,181.48853,53.18994,26.447556,0.6160648,-1,-1,-1
5,11685,903.9239,195.90288,53.911377,21.565414,0.45542294,-1,-1,-1
5,11687,225.71983,250.72151,88.72066,49.74083,0.7423766,-1,-1,-1
5,11690,733.1937,210.18166,50.310303,23.587357,0.79910237,-1,-1,-1
5,11691,610.64545,247.7035,55.3786,25.185379,0.78088975,-1,-1,-1
5,11692,599.29553,265.85864,52.404053,23.826874,0.5881619,-1,-1,-1
6,11668,473.8794,256.35187,61.659424,28.788544,0.84663963,-1,-1,-1
6,11669,465.38394,147.19614,22.990753,29.184402,0.84365875,-1,-1,-1
6,11670,390.12015,236.17792,55.68811,26.324951,0.84513193,-1,-1,-1
6,11671,708.5879,281.88654,63.03479,28.369507,0.83790076,-1,-1,-1
6,11672,428.93826,207.57571,54.405853,25.240097,0.82337403,-1,-1,-1
6,11673,488.93246,292.01773,62.96408,31.378693,0.8584538,-1,-1,-1
6,11674,517.6091,124.76908,30.813477,21.283669,0.6795406,-1,-1,-1
6,11675,317.1926,242.78998,56.675293,28.009064,0.8238567,-1,-1,-1
6,11676,408.6274,189.7852,50.362915,24.561996,0.8211798,-1,-1,-1
6,11677,8.755273,282.3197,45.19182,33.482178,0.8226216,-1,-1,-1
6,11678,395.52985,274.45996,60.153473,32.697906,0.7141661,-1,-1,-1
6,11679,771.7379,260.43668,53.532166,24.485535,0.81495035,-1,-1,-1
6,11680,784.6231,238.91235,50.914124,23.567474,0.83667123,-1,-1,-1
6,11681,273.17825,193.18079,60.923798,27.926575,0.7334878,-1,-1,-1
6,11682,603.87054,201.33594,53.95349,23.723877,0.70369047,-1,-1,-1
6,11683,914.33795,180.94687,45.926025,21.887497,0.74281913,-1,-1,-1
6,11684,560.18414,179.84247,56.814148,28.440903,0.54763395,-1,-1,-1
6,11685,903.0262,196.08337,55.167847,22.061295,0.3993877,-1,-1,-1
6,11687,233.85265,254.41992,80.78035,45.072662,0.8038109,-1,-1,-1
6,11690,731.3527,210.80028,49.942505,23.423645,0.8506541,-1,-1,-1
6,11691,615.3716,248.50583,53.318176,24.288483,0.78700835,-1,-1,-1
6,11692,602.4781,265.71066,53.903625,24.551147,0.62724286,-1,-1,-1
7,11668,478.15604,256.3077,62.18741,29.05783,0.84606314,-1,-1,-1
7,11669,465.92432,147.34874,23.01941,29.249756,0.84191597,-1,-1,-1
7,11670,390.78836,236.57819,55.494843,26.264282,0.85411185,-1,-1,-1
7,11671,712.0594,282.13446,63.01422,28.364166,0.83687717,-1,-1,-1
7,11672,426.05814,207.81966,54.97162,25.481812,0.83624136,-1,-1,-1
7,11673,492.82938,291.98575,63.45645,31.588745,0.8348255,-1,-1,-1
7,11674,516.9022,123.82457,31.127686,21.56134,0.65431124,-1,-1,-1
7,11675,317.33887,243.09506,57.1539,28.21634,0.8174341,-1,-1,-1
7,11676,406.4578,190.06493,50.557983,24.664307,0.8295356,-1,-1,-1
7,11677,10.976375,282.21692,46.36404,33.55887,0.85220057,-1,-1,-1
7,11678,399.4279,274.3034,60.984253,33.362488,0.77257204,-1,-1,-1
7,11679,775.3501,260.6834,54.156616,24.807434,0.84037215,-1,-1,-1
7,11680,788.86646,239.18666,51.48822,23.882523,0.8343913,-1,-1,-1
7,11681,271.04083,194.00775,60.301605,27.702164,0.8224936,-1,-1,-1
7,11682,602.5644,202.17793,53.86609,23.737228,0.6806724,-1,-1,-1
7,11683,914.4249,181.6028,44.50293,21.174942,0.7525022,-1,-1,-1
7,11684,560.9859,182.27676,52.436096,26.22113,0.68433756,-1,-1,-1
7,11685,903.2685,196.47357,55.173035,22.0289,0.53363717,-1,-1,-1
7,11687,233.63377,252.40486,85.16185,47.47682,0.83499,-1,-1,-1
7,11690,730.0364,211.6371,49.116272,23.02565,0.83500475,-1,-1,-1
7,11691,620.73535,249.30113,51.302185,23.35402,0.77977407,-1,-1,-1
7,11692,606.2309,266.00876,54.38324,24.816711,0.54195195,-1,-1,-1
7,11698,723.91223,179.76447,44.683105,19.951706,0.3907555,-1,-1,-1
8,11668,482.82687,256.38702,61.66214,28.808105,0.83787715,-1,-1,-1
8,11669,466.86038,147.66422,23.049438,29.289307,0.83894897,-1,-1,-1
8,11670,391.47705,236.79773,55.360443,26.23938,0.8332545,-1,-1,-1
8,11671,715.1172,281.99457,64.59595,29.182007,0.84392136,-1,-1,-1
8,11672,423.64117,207.83342,55.684967,25.75325,0.83326346,-1,-1,-1
8,11673,496.36707,292.08243,62.875,31.289825,0.8677536,-1,-1,-1
8,11674,516.5998,123.50142,30.723022,21.335602,0.7179599,-1,-1,-1
8,11675,319.073,243.32635,57.05966,28.170471,0.7857006,-1,-1,-1
8,11676,404.77954,190.56792,50.50946,24.628586,0.8388055,-1,-1,-1
8,11677,12.716115,281.6915,48.371414,34.063538,0.8441219,-1,-1,-1
8,11678,402.87958,274.0199,62.562042,34.500366,0.7809476,-1,-1,-1
8,11679,777.9757,260.88672,54.822205,25.144104,0.8334863,-1,-1,-1
8,11680,793.0355,239.40437,52.094055,24.23964,0.8339332,-1,-1,-1
8,11681,269.1111,194.18195,60.442627,27.826141,0.78991723,-1,-1,-1
8,11682,600.3464,201.70279,54.060547,23.761353,0.68046695,-1,-1,-1
8,11683,914.62714,182.11542,43.09601,20.42952,0.76570135,-1,-1,-1
8,11684,559.587,181.09238,54.171265,27.12497,0.7123854,-1,-1,-1
8,11685,902.78357,197.08575,54.197083,21.636002,0.5911158,-1,-1,-1
8,11687,235.1178,250.99355,89.77875,49.951736,0.8219599,-1,-1,-1
8,11690,728.0741,211.87976,49.986755,23.464417,0.80220836,-1,-1,-1
8,11691,624.25635,249.88036,52.450745,23.850723,0.60035133,-1,-1,-1
8,11692,611.1577,265.96603,53.441223,24.406158,0.57943386,-1,-1,-1
8,11698,722.97314,180.2231,44.64038,19.928436,0.32339263,-1,-1,-1
9,11668,487.4847,256.5923,61.04776,28.515717,0.8489221,-1,-1,-1
9,11669,467.78592,147.85585,23.126495,29.377914,0.8345503,-1,-1,-1
9,11670,392.09067,236.8608,56.6817,26.873795,0.8467431,-1,-1,-1
9,11671,719.1886,282.29495,64.31268,29.057953,0.827898,-1,-1,-1
9,11672,420.99393,207.95813,55.766235,25.7471,0.8230603,-1,-1,-1
9,11673,500.80753,292.295,62.49643,31.071991,0.8584503,-1,-1,-1
9,11674,516.49365,123.28329,30.638794,21.34069,0.7243911,-1,-1,-1
9,11675,319.65216,243.30676,57.780792,28.543243,0.79337496,-1,-1,-1
9,11676,402.76395,190.9073,51.365997,25.06189,0.84166306,-1,-1,-1
9,11677,14.400039,281.72552,50.437775,34.369934,0.8355269,-1,-1,-1
9,11678,407.5694,274.07452,62.378815,34.668182,0.79735684,-1,-1,-1
9,11679,781.02563,261.2702,54.979553,25.242615,0.8439132,-1,-1,-1
9,11680,796.72375,239.62367,52.65497,24.622513,0.83325356,-1,-1,-1
9,11681,266.85147,194.0284,61.49887,28.360306,0.7937747,-1,-1,-1
9,11682,596.9104,201.73642,55.05304,24.065872,0.56986994,-1,-1,-1
9,11683,914.40155,182.82501,41.31311,19.487701,0.7887412,-1,-1,-1
9,11684,558.06775,180.19955,56.068848,28.087631,0.4251141,-1,-1,-1
9,11685,901.59247,197.9815,51.756165,20.72258,0.5849113,-1,-1,-1
9,11687,239.10515,250.58762,89.757645,49.753204,0.7888357,-1,-1,-1
9,11690,726.5888,212.28003,50.523193,23.744934,0.8291002,-1,-1,-1
9,11691,630.3399,249.8191,50.245667,22.852768,0.62795144,-1,-1,-1
9,11692,615.56885,266.21143,53.371155,24.479492,0.6512921,-1,-1,-1
10,11668,491.85394,256.74896,61.013367,28.487366,0.85287327,-1,-1,-1
10,11669,468.75687,148.11932,23.094666,29.36618,0.84244287,-1,-1,-1
10,11670,392.83286,237.22755,56.962402,27.010452,0.8401073,-1,-1,-1
10,11671,723.01605,282.53137,64.50653,29.211517,0.82049596,-1,-1,-1
10,11672,418.60376,208.37038,55.31424,25.4617,0.825217,-1,-1,-1
10,11673,505.23053,292.71017,61.69519,30.565521,0.84205794,-1,-1,-1
10,11674,516.40594,122.93576,30.85431,21.583755,0.7328779,-1,-1,-1
10,11675,320.68643,243.36172,57.26413,28.28067,0.79675907,-1,-1,-1
10,11676,401.84412,191.36061,50.843445,24.806274,0.8256826,-1,-1,-1
10,11677,17.42656,281.47214,52.323776,34.47934,0.8458419,-1,-1,-1
10,11678,413.62616,274.06595,60.769684,33.95514,0.8078819,-1,-1,-1
10,11679,784.55945,261.54886,55.4693,25.510803,0.8194668,-1,-1,-1
10,11680,800.8655,239.79799,53.693665,25.268173,0.8338539,-1,-1,-1
10,11681,263.49597,193.4056,63.574127,29.427185,0.78677946,-1,-1,-1
10,11682,594.10144,202.1875,56.11322,24.421402,0.5278546,-1,-1,-1
10,11683,914.694,183.59984,40.210022,18.938782,0.7912564,-1,-1,-1
10,11684,556.8593,181.81337,54.787354,27.490875,0.37639546,-1,-1,-1
10,11685,899.96826,198.63522,51.45752,20.769302,0.41480476,-1,-1,-1
10,11687,241.7261,249.42213,92.30539,51.12224,0.7215472,-1,-1,-1
10,11690,725.25494,212.8506,50.82733,23.906082,0.8155369,-1,-1,-1
10,11691,634.0529,250.43727,50.736755,23.0746,0.5659208,-1,-1,-1
10,11692,622.48303,266.39883,53.163147,24.738953,0.70456153,-1,-1,-1
11,11668,496.7762,256.98077,60.603546,28.251556,0.8360505,-1,-1,-1
11,11669,469.6711,148.5507,22.878998,29.052734,0.8490628,-1,-1,-1
11,11670,393.9704,237.58044,55.47644,26.282257,0.8680655,-1,-1,-1
11,11671,726.1719,282.84222,65.50922,29.762604,0.82619256,-1,-1,-1
11,11672,415.1054,208.62573,55.793396,25.67398,0.82434154,-1,-1,-1
11,11673,508.85526,292.97232,61.539032,30.411774,0.8663627,-1,-1,-1
11,11674,516.6332,122.91963,30.629211,21.5318,0.7790092,-1,-1,-1
11,11675,321.38998,243.62727,57.022827,28.09874,0.7908432,-1,-1,-1
11,11676,401.06958,191.83423,49.69983,24.184525,0.8237621,-1,-1,-1
11,11677,21.130295,281.45645,53.209694,33.734253,0.85243547,-1,-1,-1
11,11678,419.21405,274.0426,59.728973,33.526215,0.8191978,-1,-1,-1
11,11679,788.07306,261.8697,55.63452,25.644043,0.8287676,-1,-1,-1
11,11680,804.62604,239.99875,54.438232,25.748688,0.83553094,-1,-1,-1
11,11681,262.3235,194.10774,62.497406,29.016891,0.7570267,-1,-1,-1
11,11682,589.77057,202.45526,58.099915,25.179306,0.6562475,-1,-1,-1
11,11683,913.3861,184.22292,40.98889,19.302933,0.7854202,-1,-1,-1
11,11684,555.11224,183.53363,53.409607,26.79306,0.39973578,-1,-1,-1
11,11687,248.5274,250.43217,89.233215,49.142166,0.6456625,-1,-1,-1
11,11690,724.01886,213.45938,50.753113,23.881104,0.75299567,-1,-1,-1
11,11691,638.237,250.53787,51.51703,23.371155,0.6217948,-1,-1,-1
11,11692,626.903,266.26062,53.24298,25.119904,0.73416644,-1,-1,-1
12,11668,501.00232,256.87268,61.05139,28.489288,0.8387935,-1,-1,-1
12,11669,470.72842,149.0818,22.86148,28.994675,0.8574761,-1,-1,-1
12,11670,394.64493,237.61975,56.35843,26.712006,0.8635707,-1,-1,-1
12,11671,730.0653,282.7862,66.099,30.156647,0.82478315,-1,-1,-1
12,11672,412.67712,208.83917,55.896698,25.652725,0.8160207,-1,-1,-1
12,11673,512.9297,292.98315,61.88214,30.490326,0.8411535,-1,-1,-1
12,11674,516.88104,122.58861,30.760925,21.781189,0.8211945,-1,-1,-1
12,11675,322.66687,243.80191,56.1922,27.571167,0.7889229,-1,-1,-1
12,11676,399.54108,192.1027,50.03351,24.324554,0.8106514,-1,-1,-1
12,11677,25.91258,281.16968,54.425774,33.240417,0.8516749,-1,-1,-1
12,11678,424.15543,274.14658,59.631104,33.637695,0.7793548,-1,-1,-1
12,11679,791.2994,262.05362,56.929504,26.319489,0.82710004,-1,-1,-1
12,11680,808.8588,240.3241,54.706665,26.08017,0.84011525,-1,-1,-1
12,11681,259.71295,194.37135,62.892212,29.259644,0.59868866,-1,-1,-1
12,11682,587.7512,202.62854,57.988037,24.974411,0.5964926,-1,-1,-1
12,11683,912.6967,184.64095,42.099243,19.893173,0.80198085,-1,-1,-1
12,11684,553.7294,184.8282,52.23999,26.218292,0.46996197,-1,-1,-1
12,11687,252.0246,249.3255,91.3537,50.0235,0.42819953,-1,-1,-1
12,11690,723.07465,214.16626,50.48761,23.75209,0.7619651,-1,-1,-1
12,11691,642.4409,250.81532,51.672974,23.390793,0.6464933,-1,-1,-1
12,11692,629.12854,266.88452,54.625,25.957062,0.71621627,-1,-1,-1
13,11668,506.1372,257.08224,60.783325,28.315765,0.7948012,-1,-1,-1
13,11669,471.88547,149.34637,23.06366,29.276932,0.82930225,-1,-1,-1
13,11670,395.7508,237.77966,56.458527,26.765747,0.8417948,-1,-1,-1
13,11671,733.50903,283.1925,66.28296,30.299469,0.81533843,-1,-1,-1
13,11672,410.5071,209.23344,56.46884,25.898499,0.8070513,-1,-1,-1
13,11673,516.5867,293.15332,61.753784,30.362946,0.8424608,-1,-1,-1
13,11674,517.2738,122.28896,30.439026,21.703056,0.80371505,-1,-1,-1
13,11675,325.07062,243.94371,54.564026,26.668472,0.7817014,-1,-1,-1
13,11676,398.19254,192.48053,50.40045,24.521637,0.8132988,-1,-1,-1
13,11677,29.932186,280.4051,56.769695,33.60623,0.86917764,-1,-1,-1
13,11678,429.3611,273.9443,58.818665,33.274506,0.7721757,-1,-1,-1
13,11679,794.7066,262.37546,57.170654,26.545715,0.820348,-1,-1,-1
13,11680,813.6628,240.89928,54.30652,25.9897,0.84462136,-1,-1,-1
13,11681,259.15768,195.02322,61.886353,28.835754,0.6936197,-1,-1,-1
13,11682,585.78485,202.9795,58.146362,24.785019,0.55702305,-1,-1,-1
13,11683,912.18036,185.03877,42.32184,20.043762,0.7909787,-1,-1,-1
13,11687,259.67105,250.27885,89.82483,49.048172,0.4643524,-1,-1,-1
13,11690,722.0928,214.70502,50.096985,23.55896,0.7646737,-1,-1,-1
13,11691,646.96857,251.03981,52.443176,23.695114,0.56328744,-1,-1,-1
13,11692,632.4369,267.33868,54.207092,25.864258,0.7742788,-1,-1,-1
13,11685,900.1997,200.92912,50.654297,20.784561,0.3378262,-1,-1,-1
14,11668,510.48672,257.2598,60.47232,28.120728,0.7870269,-1,-1,-1
14,11669,472.92212,149.72984,22.878265,29.063614,0.8325701,-1,-1,-1
14,11670,396.96448,238.34392,55.292206,26.170242,0.8649816,-1,-1,-1
14,11671,737.22424,283.51782,65.90662,30.251953,0.8168381,-1,-1,-1
14,11672,408.0472,209.52513,55.744812,25.55751,0.7982233,-1,-1,-1
14,11673,520.6576,293.34424,62.216248,30.513214,0.83053297,-1,-1,-1
14,11674,517.4626,121.88515,30.056702,21.612076,0.82210094,-1,-1,-1
14,11675,326.76318,244.3495,53.805023,26.211441,0.75782466,-1,-1,-1
14,11676,396.8882,192.92245,50.406555,24.52446,0.8072132,-1,-1,-1
14,11677,34.67235,280.02994,57.958607,33.192963,0.8552209,-1,-1,-1
14,11678,434.94672,273.96945,57.0614,32.3291,0.77103084,-1,-1,-1
14,11679,798.32935,262.58444,57.314575,26.763855,0.80936,-1,-1,-1
14,11680,817.8584,240.97145,55.156494,26.545273,0.83963144,-1,-1,-1
14,11681,257.93622,195.31253,61.017883,28.499588,0.67553216,-1,-1,-1
14,11682,584.3181,204.10747,58.02716,24.397354,0.33246827,-1,-1,-1
14,11683,911.97894,185.6357,41.95044,19.891464,0.7971701,-1,-1,-1
14,11687,267.23712,250.12555,89.82266,49.085205,0.71538615,-1,-1,-1
14,11690,721.2791,215.27742,49.555115,23.258102,0.66907287,-1,-1,-1
14,11691,651.44635,251.25565,52.409363,23.528015,0.61022526,-1,-1,-1
14,11692,636.3044,267.69394,53.921143,25.83548,0.79478264,-1,-1,-1
14,11685,901.07153,201.6511,49.294373,20.51297,0.25067383,-1,-1,-1
14,11684,550.8756,187.15118,51.13611,25.74176,0.28799614,-1,-1,-1
15,11668,515.4167,257.43393,60.142212,27.89389,0.7820662,-1,-1,-1
15,11669,473.7659,150.05786,22.921997,29.117996,0.8450679,-1,-1,-1
15,11670,398.04868,238.54056,55.36795,26.161072,0.8374739,-1,-1,-1
15,11671,741.8593,283.84464,65.40051,30.05252,0.83336675,-1,-1,-1
15,11672,405.87424,209.79463,54.593536,24.963028,0.7901001,-1,-1,-1
15,11673,524.73834,293.84045,61.76648,30.193298,0.8114358,-1,-1,-1
15,11674,517.71686,121.67755,29.634277,21.453217,0.8157397,-1,-1,-1
15,11675,328.12567,244.3259,56.02768,27.503815,0.7244916,-1,-1,-1
15,11676,395.84003,193.0955,50.35028,24.407227,0.79859006,-1,-1,-1
15,11677,39.3436,279.6324,59.510166,33.13687,0.8526831,-1,-1,-1
15,11678,440.30573,273.73767,56.049408,31.766693,0.76622224,-1,-1,-1
15,11679,802.18835,263.20572,57.02765,26.767944,0.81040365,-1,-1,-1
15,11680,822.3468,241.56192,54.543884,26.355835,0.8398673,-1,-1,-1
15,11681,256.40628,195.49988,61.23578,28.60942,0.6879261,-1,-1,-1
15,11682,584.09,204.32863,56.90088,23.663223,0.5103254,-1,-1,-1
15,11683,911.8903,186.26604,41.540283,19.721237,0.8014087,-1,-1,-1
15,11687,269.13055,246.08543,96.448425,53.277176,0.26065788,-1,-1,-1
15,11690,719.53204,215.50102,51.011536,23.951141,0.7822761,-1,-1,-1
15,11691,655.7313,251.71283,53.197205,23.79538,0.6859661,-1,-1,-1
15,11692,639.6039,267.879,54.721436,26.277771,0.79702693,-1,-1,-1
16,11668,520.39246,257.45956,59.595276,27.632385,0.786492,-1,-1,-1
16,11669,474.64117,150.35835,22.901978,29.032883,0.8413636,-1,-1,-1
16,11670,398.7794,238.78638,55.121002,26.079163,0.83015466,-1,-1,-1
16,11671,746.32996,284.55093,64.21399,29.536469,0.8238394,-1,-1,-1
16,11672,402.47153,210.01926,54.22165,24.686005,0.6791554,-1,-1,-1
16,11673,528.6174,294.01953,61.39392,29.950531,0.84796685,-1,-1,-1
16,11674,517.98114,121.30836,29.49768,21.497307,0.8016989,-1,-1,-1
16,11675,331.65787,245.02222,54.41394,26.990234,0.61542624,-1,-1,-1
16,11676,394.4609,193.51456,50.150787,24.230759,0.8111424,-1,-1,-1
16,11677,43.987278,279.3032,60.660618,32.92392,0.860441,-1,-1,-1
16,11678,446.1248,273.9228,55.06183,31.336609,0.7810652,-1,-1,-1
16,11679,805.7687,263.85788,56.68109,26.717133,0.8148078,-1,-1,-1
16,11680,827.1011,241.96259,54.195618,26.290833,0.8488682,-1,-1,-1
16,11682,583.75714,204.91043,57.27484,23.863495,0.6923079,-1,-1,-1
16,11683,911.16626,186.78043,42.020813,19.947357,0.7855629,-1,-1,-1
16,11687,274.88303,245.53918,96.684235,53.947662,0.31836697,-1,-1,-1
16,11690,718.3679,216.00597,51.51471,24.150146,0.8182715,-1,-1,-1
16,11691,660.9797,251.77756,53.244873,23.727417,0.70662636,-1,-1,-1
16,11692,643.5463,267.7903,55.027954,26.543457,0.81973034,-1,-1,-1
16,11702,560.32104,218.1017,46.606445,25.09262,0.4871156,-1,-1,-1
16,11684,549.11694,189.19614,48.569397,24.354233,0.5972246,-1,-1,-1
17,11668,524.76196,257.80234,58.93927,27.31073,0.7827092,-1,-1,-1
17,11669,475.665,150.63823,22.826141,28.921005,0.84377664,-1,-1,-1
17,11670,399.19388,239.00844,55.714478,26.420761,0.835538,-1,-1,-1
17,11671,749.9325,284.6261,64.44232,29.741333,0.8257737,-1,-1,-1
17,11672,399.609,210.19963,54.538544,24.782959,0.733491,-1,-1,-1
17,11673,532.7478,294.2756,61.26935,29.816376,0.82495123,-1,-1,-1
17,11674,518.4167,121.06479,29.321655,21.49562,0.7706368,-1,-1,-1
17,11676,393.34903,193.98352,49.940796,24.021194,0.80542284,-1,-1,-1
17,11677,48.42359,278.79895,62.57335,33.259308,0.846208,-1,-1,-1
17,11678,449.71878,273.97,56.221863,32.038666,0.8037187,-1,-1,-1
17,11679,809.2275,264.17133,57.10144,27.078766,0.7972209,-1,-1,-1
17,11680,831.4807,242.20348,54.526062,26.55803,0.8390014,-1,-1,-1
17,11682,583.88995,205.23355,55.687134,23.251526,0.699864,-1,-1,-1
17,11683,909.66486,187.50615,44.49054,21.265793,0.69279367,-1,-1,-1
17,11687,264.71292,244.65727,101.89862,55.192673,0.67025954,-1,-1,-1
17,11690,717.0514,216.64359,51.7865,24.275452,0.82136476,-1,-1,-1
17,11691,666.4297,252.23935,52.49115,23.25769,0.749804,-1,-1,-1
17,11692,647.27356,268.1129,54.869934,26.559692,0.81476766,-1,-1,-1
17,11702,558.52545,218.00914,47.836548,25.746582,0.54166365,-1,-1,-1
17,11684,547.4448,190.4157,47.193176,23.607773,0.60656244,-1,-1,-1
18,11668,529.54407,257.94824,58.85327,27.20221,0.70645076,-1,-1,-1
18,11669,476.50366,151.04909,22.899323,28.964676,0.8549906,-1,-1,-1
18,11670,399.83344,239.10033,56.17044,26.701187,0.83778065,-1,-1,-1
18,11671,753.948,284.99362,64.180115,29.649536,0.8171428,-1,-1,-1
18,11672,397.77393,210.58511,54.17035,24.485382,0.7285514,-1,-1,-1
18,11673,536.3275,294.64023,60.894104,29.59674,0.7793635,-1,-1,-1
18,11674,518.7177,120.8524,28.732056,21.16475,0.711772,-1,-1,-1
18,11676,392.55023,194.47392,49.60605,23.685226,0.78989637,-1,-1,-1
18,11677,53.245693,278.34998,63.953205,33.348267,0.8439993,-1,-1,-1
18,11678,452.38055,273.8315,57.787262,32.91519,0.80656916,-1,-1,-1
18,11679,813.08356,264.69696,57.01538,27.21167,0.76816475,-1,-1,-1
18,11680,836.2389,242.61514,53.881348,26.297333,0.83692515,-1,-1,-1
18,11682,583.7465,206.01262,56.379883,23.822662,0.52215606,-1,-1,-1
18,11683,908.6319,188.02493,45.90674,22.067001,0.73239774,-1,-1,-1
18,11687,278.3734,244.08063,101.76572,55.852295,0.6320238,-1,-1,-1
18,11690,715.38855,216.96681,52.03589,24.38115,0.812794,-1,-1,-1
18,11691,671.09784,252.79236,52.614197,23.21112,0.7459025,-1,-1,-1
18,11692,651.18616,268.25812,54.928467,26.70691,0.8118392,-1,-1,-1
18,11702,554.3353,217.62044,49.301636,26.61055,0.470226,-1,-1,-1
18,11684,545.9381,190.75266,47.249146,23.58995,0.7456799,-1,-1,-1
19,11668,534.11426,258.30576,58.438965,27.00299,0.64729697,-1,-1,-1
19,11669,477.57803,151.52289,22.842438,28.859955,0.846089,-1,-1,-1
19,11670,400.5703,239.35826,56.378265,26.849869,0.8367601,-1,-1,-1
19,11671,758.28644,285.63275,63.789368,29.463745,0.83178943,-1,-1,-1
19,11672,394.7938,211.38025,52.740814,23.67572,0.6783477,-1,-1,-1
19,11673,540.3933,294.63547,61.26947,29.750702,0.7416709,-1,-1,-1
19,11674,518.97064,120.69603,28.116028,20.801544,0.62342525,-1,-1,-1
19,11676,391.26544,194.86902,49.53058,23.533005,0.8040227,-1,-1,-1
19,11677,57.96382,278.04294,65.60498,33.620697,0.8505094,-1,-1,-1
19,11678,455.33017,274.0227,58.72043,33.244873,0.77427185,-1,-1,-1
19,11679,817.121,265.32407,56.666077,27.114807,0.82093674,-1,-1,-1
19,11680,841.0781,243.21709,52.943542,25.903183,0.83937645,-1,-1,-1
19,11682,585.2503,206.93121,53.94861,23.112503,0.47417128,-1,-1,-1
19,11683,908.36224,188.69449,44.368042,21.18991,0.70127195,-1,-1,-1
19,11687,287.34192,244.08394,100.17709,55.767838,0.6369717,-1,-1,-1
19,11690,714.03613,217.62086,51.308594,24.075562,0.8324828,-1,-1,-1
19,11691,676.27277,253.31224,52.044556,22.80513,0.76758593,-1,-1,-1
19,11692,655.67194,268.6233,54.612,26.622162,0.8147502,-1,-1,-1
19,11702,552.9389,219.27858,47.535583,25.721298,0.51736826,-1,-1,-1
19,11684,544.58496,190.82173,47.609924,23.730087,0.7623339,-1,-1,-1
19,11703,294.78745,243.37224,86.26706,56.04695,0.47633153,-1,-1,-1
20,11668,538.78845,258.71695,57.89331,26.659271,0.6156772,-1,-1,-1
20,11669,478.2573,151.74605,22.815796,28.818848,0.84303486,-1,-1,-1
20,11670,401.6733,239.65749,56.300568,26.836899,0.8345409,-1,-1,-1
20,11671,762.4093,286.3531,62.959534,29.062988,0.8267973,-1,-1,-1
20,11672,392.03537,212.02144,52.882324,23.646362,0.7646959,-1,-1,-1
20,11673,544.7937,295.072,60.847534,29.502655,0.7563435,-1,-1,-1
20,11674,519.2572,120.4104,28.07489,20.862213,0.6442699,-1,-1,-1
20,11676,390.511,195.18266,48.58374,22.93782,0.805094,-1,-1,-1
20,11677,61.971027,277.85727,66.437,33.668457,0.79272056,-1,-1,-1
20,11678,459.81647,274.19797,57.960815,32.69702,0.7829725,-1,-1,-1
20,11679,820.8471,265.99878,55.987305,26.886963,0.82091504,-1,-1,-1
20,11680,845.6997,243.8373,52.534912,25.801193,0.8242167,-1,-1,-1
20,11682,584.4369,207.5486,52.86322,22.914856,0.58416134,-1,-1,-1
20,11683,906.8661,189.24438,46.3869,22.276123,0.78840154,-1,-1,-1
20,11687,294.57214,244.27977,98.88193,55.74855,0.68782336,-1,-1,-1
20,11690,712.3529,218.10509,51.455627,24.18953,0.84518176,-1,-1,-1
20,11691,680.7366,253.76717,52.808228,23.10936,0.7519756,-1,-1,-1
20,11692,659.721,268.74966,54.80359,26.783417,0.81907004,-1,-1,-1
20,11702,551.47595,220.09497,46.661377,25.3069,0.35693792,-1,-1,-1
20,11684,542.85876,190.79285,48.29608,24.033157,0.79854006,-1,-1,-1
20,11703,298.84506,243.2884,86.39407,56.115738,0.34488416,-1,-1,-1
21,11668,543.658,258.96033,57.64569,26.418701,0.39966482,-1,-1,-1
21,11669,478.90256,151.93275,22.825073,28.705307,0.8338713,-1,-1,-1
21,11670,402.4239,239.83519,56.539886,26.980057,0.83694535,-1,-1,-1
21,11671,766.5329,286.93948,62.512756,28.8096,0.8257123,-1,-1,-1
21,11672,388.3465,211.86159,54.52304,24.341156,0.7593209,-1,-1,-1
21,11673,548.901,295.5947,59.548096,28.80371,0.6496229,-1,-1,-1
21,11674,519.3955,120.06014,27.909058,20.861626,0.66918284,-1,-1,-1
21,11676,389.2368,195.34058,48.5679,22.73767,0.792641,-1,-1,-1
21,11677,66.73498,277.5297,67.33259,33.770447,0.84009826,-1,-1,-1
21,11678,464.97592,274.41006,57.687958,32.579742,0.78259957,-1,-1,-1
21,11679,825.0031,266.54703,55.265564,26.624176,0.81089675,-1,-1,-1
21,11680,850.8123,244.62514,51.714233,25.41011,0.8137471,-1,-1,-1
21,11682,583.5234,207.54408,52.6084,23.075562,0.5629277,-1,-1,-1
21,11683,907.31696,189.86137,45.268127,21.778534,0.7413999,-1,-1,-1
21,11690,711.03204,218.6363,51.98706,24.435898,0.82077813,-1,-1,-1
21,11691,685.50385,254.2418,51.58728,22.435226,0.7746894,-1,-1,-1
21,11692,663.6768,269.18036,54.246643,26.564972,0.826159,-1,-1,-1
21,11684,541.3505,190.66946,48.77423,24.198822,0.7905712,-1,-1,-1
21,11703,304.0337,244.5442,85.31021,55.395218,0.755169,-1,-1,-1
22,11668,548.1585,259.00296,57.800903,26.46637,0.31349447,-1,-1,-1
22,11669,479.3706,152.164,23.113342,28.982056,0.83222705,-1,-1,-1
22,11670,403.1709,240.04385,56.49289,26.961609,0.851171,-1,-1,-1
22,11671,770.64746,287.21738,62.607178,28.793121,0.83449554,-1,-1,-1
22,11672,384.90375,211.92897,56.3006,25.182266,0.74406034,-1,-1,-1
22,11673,552.4267,295.5964,60.111145,29.078125,0.51685315,-1,-1,-1
22,11674,519.6045,119.95754,27.431396,20.605507,0.47569418,-1,-1,-1
22,11676,386.98727,195.80641,50.05533,23.29277,0.7673853,-1,-1,-1
22,11677,71.65801,277.42004,68.13215,33.87503,0.77004826,-1,-1,-1
22,11678,468.9557,273.80298,58.941406,33.474243,0.74146676,-1,-1,-1
22,11679,829.3531,267.07263,55.17169,26.604553,0.8016946,-1,-1,-1
22,11680,855.6118,245.20274,51.7218,25.480606,0.81785536,-1,-1,-1
22,11682,579.9718,207.46623,52.254272,22.883514,0.4777954,-1,-1,-1
22,11683,905.094,190.49069,47.885925,23.286499,0.7097189,-1,-1,-1
22,11690,709.7526,219.0503,52.46173,24.656174,0.7945098,-1,-1,-1
22,11691,689.75073,254.4115,51.87384,22.461548,0.7674323,-1,-1,-1
22,11692,667.3416,269.45996,54.286255,26.678375,0.793823,-1,-1,-1
22,11684,539.5989,190.41208,50.18988,24.842392,0.77093923,-1,-1,-1
22,11703,309.58423,244.68356,84.57321,54.943665,0.7109984,-1,-1,-1
22,11706,246.8955,253.31036,60.25389,30.470337,0.35060996,-1,-1,-1
22,11702,548.3094,221.62404,45.338074,24.659164,0.36419946,-1,-1,-1
23,11669,480.08438,152.45564,23.327179,29.236465,0.8273746,-1,-1,-1
23,11670,404.32123,240.42252,56.195892,26.807526,0.8472878,-1,-1,-1
23,11671,774.4952,287.73364,62.286438,28.581085,0.8636281,-1,-1,-1
23,11672,381.98404,212.06206,57.19464,25.651764,0.7545404,-1,-1,-1
23,11674,519.89014,119.91789,27.262146,20.587006,0.37741363,-1,-1,-1
23,11676,383.7199,195.98366,52.93866,24.722244,0.782133,-1,-1,-1
23,11677,76.92129,277.2657,68.43984,33.67209,0.7844375,-1,-1,-1
23,11678,473.53787,274.4123,58.57852,33.40088,0.7531003,-1,-1,-1
23,11679,833.67206,267.78595,54.481262,26.166046,0.84073204,-1,-1,-1
23,11680,859.99286,245.57607,51.30078,25.30803,0.8171649,-1,-1,-1
23,11682,578.20966,207.83577,50.829895,22.143845,0.39512664,-1,-1,-1
23,11683,904.8537,191.45929,46.62616,22.802109,0.75582224,-1,-1,-1
23,11690,708.4852,219.4695,51.962646,24.399582,0.6084235,-1,-1,-1
23,11691,693.2866,254.82248,54.1922,23.501862,0.7652907,-1,-1,-1
23,11692,671.51306,269.75647,54.64966,26.89859,0.7397854,-1,-1,-1
23,11684,538.0117,190.24301,51.00061,25.154587,0.75560266,-1,-1,-1
23,11703,315.55484,245.1298,83.57858,54.26677,0.75468856,-1,-1,-1
23,11706,249.39343,253.28383,60.653717,30.59813,0.45243305,-1,-1,-1
23,11707,382.64233,196.81557,56.552032,38.7847,0.4722801,-1,-1,-1
23,11702,547.08606,222.43556,44.144043,24.007004,0.36332747,-1,-1,-1
23,11685,902.5685,205.90544,46.077637,19.201859,0.38111407,-1,-1,-1
24,11669,480.83334,152.78539,23.516663,29.424149,0.83517134,-1,-1,-1
24,11670,405.1328,240.60922,55.790466,26.645477,0.8376734,-1,-1,-1
24,11671,777.60767,287.5928,63.420593,29.182861,0.8486765,-1,-1,-1
24,11672,380.03415,212.03183,57.647797,25.884384,0.7479742,-1,-1,-1
24,11674,520.31006,119.716255,26.895996,20.415245,0.5700401,-1,-1,-1
24,11676,382.50775,196.36586,53.457764,25.004745,0.7559698,-1,-1,-1
24,11677,81.372856,277.07278,69.051414,33.759277,0.7564175,-1,-1,-1
24,11678,477.8739,274.42496,58.448547,33.477753,0.6969013,-1,-1,-1
24,11679,837.7173,268.30997,53.85132,25.769897,0.7781464,-1,-1,-1
24,11680,864.8683,246.41612,50.988586,25.17949,0.7502838,-1,-1,-1
24,11682,576.03064,208.29018,50.262573,21.727478,0.4639054,-1,-1,-1
24,11683,905.71826,192.10294,44.21454,21.589554,0.6254137,-1,-1,-1
24,11691,698.06726,255.1078,54.232544,23.54683,0.4286491,-1,-1,-1
24,11692,675.5088,270.03586,54.911926,27.104065,0.57232344,-1,-1,-1
24,11684,536.90826,190.69463,51.032043,25.08551,0.7532765,-1,-1,-1
24,11703,319.77982,245.22366,83.76059,54.43033,0.77491826,-1,-1,-1
24,11706,251.62714,253.3862,60.67389,30.473846,0.4171896,-1,-1,-1
24,11707,382.8864,199.51956,54.13965,37.08258,0.27272093,-1,-1,-1
24,11702,544.9294,222.88916,44.00238,23.893143,0.7238361,-1,-1,-1
24,11673,559.8743,295.72592,60.475098,29.217102,0.5373622,-1,-1,-1
25,11669,481.6282,152.97713,23.592102,29.48523,0.8335317,-1,-1,-1
25,11670,405.75308,240.73615,55.776398,26.707214,0.8339143,-1,-1,-1
25,11671,781.57886,288.16705,63.608215,29.21585,0.8525302,-1,-1,-1
25,11672,378.31656,213.178,55.83426,24.971176,0.7449596,-1,-1,-1
25,11674,520.6571,119.35593,26.182678,19.939438,0.4502477,-1,-1,-1
25,11676,382.4757,196.94423,50.779205,23.527206,0.77522165,-1,-1,-1
25,11677,85.03237,276.97205,69.233955,33.777466,0.7674281,-1,-1,-1
25,11678,482.92496,274.92365,57.59305,33.125458,0.6692135,-1,-1,-1
25,11679,841.2209,268.65662,54.556824,26.079315,0.8072378,-1,-1,-1
25,11680,869.3569,246.88998,51.34497,25.389374,0.7982895,-1,-1,-1
25,11682,573.68176,208.29381,50.89099,21.865936,0.35445237,-1,-1,-1
25,11683,904.70764,192.77725,44.230896,21.671799,0.6546227,-1,-1,-1
25,11691,702.42474,255.55838,55.167175,23.948639,0.47129807,-1,-1,-1
25,11692,678.87366,270.26852,55.605774,27.471313,0.60109174,-1,-1,-1
25,11684,535.5155,191.55614,50.451782,24.616928,0.7142345,-1,-1,-1
25,11703,324.20062,245.3903,83.25485,54.168167,0.72707355,-1,-1,-1
25,11706,251.99135,253.43628,61.41606,30.678986,0.518002,-1,-1,-1
25,11702,542.51807,223.2224,44.0802,23.90387,0.5013757,-1,-1,-1
25,11673,563.27,295.98215,60.52594,29.290283,0.2637754,-1,-1,-1
25,11687,319.51544,245.10817,93.66019,53.7285,0.3618949,-1,-1,-1
25,11690,705.4561,220.36559,51.638855,24.212692,0.5321878,-1,-1,-1
25,11685,901.8389,206.26952,47.74646,20.098053,0.27276075,-1,-1,-1
26,11669,482.40784,153.13539,23.73523,29.64862,0.8361366,-1,-1,-1
26,11670,405.82523,240.95226,55.809296,26.695358,0.8206608,-1,-1,-1
26,11671,786.13324,288.7723,63.270996,29.106232,0.8350064,-1,-1,-1
26,11672,375.09622,213.5596,56.25113,25.203217,0.7885991,-1,-1,-1
26,11674,520.8196,119.018486,26.204407,20.06472,0.55233693,-1,-1,-1
26,11676,380.24515,197.20602,51.02066,23.584595,0.7550092,-1,-1,-1
26,11677,90.30193,276.98965,69.6222,33.85495,0.7764824,-1,-1,-1
26,11678,486.9935,275.206,57.539337,33.138763,0.7100416,-1,-1,-1
26,11679,844.95465,269.0477,54.798523,26.15039,0.8353235,-1,-1,-1
26,11680,873.51434,247.42212,50.854553,25.13266,0.76639366,-1,-1,-1
26,11683,905.2907,193.46524,42.00757,20.54721,0.618492,-1,-1,-1
26,11691,706.51917,255.71338,55.275757,24.079987,0.57896477,-1,-1,-1
26,11692,683.3182,270.7011,55.505554,27.435577,0.49149475,-1,-1,-1
26,11684,532.28314,191.8632,51.93109,25.421555,0.74094963,-1,-1,-1
26,11703,329.92712,246.35707,81.736115,53.198227,0.6967403,-1,-1,-1
26,11706,254.55675,253.76692,60.982437,30.28926,0.3333911,-1,-1,-1
26,11702,540.2467,223.68474,44.50067,24.112152,0.5380587,-1,-1,-1
26,11673,567.3169,296.2242,60.17627,29.049713,0.45669338,-1,-1,-1
26,11687,326.1328,246.65182,90.18506,52.304993,0.5741145,-1,-1,-1
26,11690,703.8228,220.83812,51.28369,24.011215,0.71298295,-1,-1,-1
26,11685,901.59753,207.0259,47.43683,20.117233,0.35445085,-1,-1,-1
26,11668,565.7389,259.19623,58.101257,26.562836,0.420892,-1,-1,-1
27,11669,483.40918,153.35866,23.780212,29.75772,0.8277727,-1,-1,-1
27,11670,406.63055,241.4307,55.207855,26.312897,0.81848943,-1,-1,-1
27,11671,789.8837,289.3954,62.98999,28.940277,0.83647007,-1,-1,-1
27,11672,372.58447,213.44528,56.97235,25.526733,0.7620938,-1,-1,-1
27,11674,521.1594,118.91063,26.165344,20.132462,0.26496518,-1,-1,-1
27,11676,378.99713,197.27585,49.596985,22.698746,0.718323,-1,-1,-1
27,11677,95.45768,276.95224,69.73519,33.75699,0.6575281,-1,-1,-1
27,11678,491.3497,275.2181,57.26602,32.967255,0.53366613,-1,-1,-1
27,11679,848.7249,269.54544,54.601685,25.995422,0.74681,-1,-1,-1
27,11680,878.16345,247.89384,50.837402,25.090286,0.72910976,-1,-1,-1
27,11683,904.3246,193.99191,42.54248,20.827225,0.53759927,-1,-1,-1
27,11691,711.43054,256.25333,55.433105,24.13147,0.26936838,-1,-1,-1
27,11692,687.73145,271.23096,54.727417,27.055328,0.56339955,-1,-1,-1
27,11684,531.11835,192.39206,51.367188,25.101059,0.7677385,-1,-1,-1
27,11703,334.81244,247.49808,79.10025,51.268646,0.741895,-1,-1,-1
27,11706,255.48582,254.02258,61.287003,30.221924,0.5430107,-1,-1,-1
27,11702,538.3144,224.46602,44.25891,23.904465,0.59749365,-1,-1,-1
27,11673,571.59503,296.2716,60.564148,29.199982,0.55503696,-1,-1,-1
27,11687,332.64993,249.06969,84.85013,49.320602,0.31265235,-1,-1,-1
27,11690,702.044,221.20583,51.954285,24.35785,0.7202626,-1,-1,-1
27,11685,901.42535,207.76683,47.03302,20.023987,0.39787292,-1,-1,-1
27,11711,707.6132,186.59546,42.19055,18.802444,0.3510538,-1,-1,-1
27,11668,570.2248,259.57208,57.90808,26.435425,0.358135,-1,-1,-1
28,11669,484.11417,153.67148,23.918427,29.92958,0.83332336,-1,-1,-1
28,11670,406.464,241.62761,56.03952,26.617966,0.8109216,-1,-1,-1
28,11671,792.88416,289.8467,63.27362,29.042206,0.8456067,-1,-1,-1
28,11672,369.0152,213.5927,57.935364,25.94571,0.7766802,-1,-1,-1
28,11674,521.6197,118.57311,25.615784,19.790565,0.3490695,-1,-1,-1
28,11676,377.50595,197.58391,48.507202,21.956116,0.76632166,-1,-1,-1
28,11677,100.953094,276.74844,70.01561,33.676178,0.7552478,-1,-1,-1
28,11678,496.3151,275.54938,56.26645,32.28473,0.6557523,-1,-1,-1
28,11679,852.4025,269.97696,55.7688,26.575897,0.7962224,-1,-1,-1
28,11680,882.0635,248.3119,50.992737,25.194626,0.8295171,-1,-1,-1
28,11683,903.76495,194.73274,41.7771,20.271118,0.5569555,-1,-1,-1
28,11691,714.8495,256.3224,55.322144,24.024902,0.33517358,-1,-1,-1
28,11692,692.07495,272.03888,53.08618,26.226685,0.7607335,-1,-1,-1
28,11684,529.38586,192.81395,51.559875,25.181046,0.78184754,-1,-1,-1
28,11703,337.97076,247.6344,79.20471,51.214172,0.7123569,-1,-1,-1
28,11706,255.86578,253.90732,62.111847,30.430817,0.4142852,-1,-1,-1
28,11702,536.6196,225.2738,43.3974,23.314728,0.5832687,-1,-1,-1
28,11673,575.10315,296.33627,60.144897,29.008362,0.7285173,-1,-1,-1
28,11687,335.87152,248.60326,85.23895,49.809006,0.54564935,-1,-1,-1
28,11690,700.41565,221.68565,51.700073,24.22287,0.7258058,-1,-1,-1
28,11685,901.0303,207.90237,47.04242,20.069077,0.502154,-1,-1,-1
28,11711,706.7771,186.69505,42.264404,18.834503,0.31838146,-1,-1,-1
28,11668,574.63116,260.02502,57.67224,26.287323,0.52201587,-1,-1,-1
29,11669,484.75967,153.97969,24.022827,30.060669,0.81929696,-1,-1,-1
29,11670,407.20126,241.99524,55.671173,26.317963,0.81681424,-1,-1,-1
29,11671,796.87585,290.209,62.729675,28.728058,0.8503318,-1,-1,-1
29,11672,365.7156,214.10902,58.14679,26.003967,0.7982418,-1,-1,-1
29,11674,521.9325,118.22386,25.595154,19.84639,0.38239905,-1,-1,-1
29,11676,375.00354,198.05598,48.988007,21.951889,0.784686,-1,-1,-1
29,11677,105.48786,276.7633,71.22466,34.146393,0.8146278,-1,-1,-1
29,11678,500.56375,275.9432,55.70169,31.896576,0.6912855,-1,-1,-1
29,11679,855.9183,270.55807,55.61566,26.519958,0.83638394,-1,-1,-1
29,11680,886.28015,248.80396,50.874207,25.096832,0.79589736,-1,-1,-1
29,11683,902.8027,195.28223,41.301636,19.944397,0.6783047,-1,-1,-1
29,11691,719.867,256.6555,54.84784,23.833527,0.47180426,-1,-1,-1
29,11692,696.64026,272.76874,51.64685,25.516693,0.81453395,-1,-1,-1
29,11684,527.2013,193.13586,52.12555,25.489944,0.8077625,-1,-1,-1
29,11703,341.77933,248.70131,78.06174,50.249466,0.63335353,-1,-1,-1
29,11706,255.79051,253.74777,62.801163,30.550232,0.58922595,-1,-1,-1
29,11702,534.58453,225.63052,42.997803,23.010391,0.59519684,-1,-1,-1
29,11673,578.7257,296.50443,60.05713,28.94693,0.73234475,-1,-1,-1
29,11687,340.91193,250.5334,81.8804,47.801865,0.4639527,-1,-1,-1
29,11690,698.514,222.15366,51.855835,24.282593,0.7855722,-1,-1,-1
29,11685,900.4377,208.61105,46.53247,19.929153,0.54122746,-1,-1,-1
29,11711,705.39374,186.72778,41.857178,18.655228,0.42039344,-1,-1,-1
29,11668,579.5532,260.6749,56.835938,25.774628,0.7376053,-1,-1,-1
30,11669,485.44946,154.46912,23.832397,29.88713,0.8206203,-1,-1,-1
30,11670,409.46036,242.52473,54.141205,25.55803,0.8085691,-1,-1,-1
30,11671,800.1879,290.5238,62.79901,28.762878,0.83636343,-1,-1,-1
30,11672,362.29642,214.69435,58.27771,26.135376,0.81782836,-1,-1,-1
30,11674,521.88446,118.18789,25.334229,19.711967,0.42608067,-1,-1,-1
30,11676,372.91992,198.3507,48.96228,21.750565,0.7920056,-1,-1,-1
30,11677,109.661575,276.67343,71.25479,33.961426,0.79767996,-1,-1,-1
30,11678,505.04816,276.41647,55.12555,31.573639,0.62372655,-1,-1,-1
30,11679,859.2509,271.0115,54.933838,26.199005,0.8373982,-1,-1,-1
30,11680,890.4136,249.30635,50.37976,24.796707,0.7844242,-1,-1,-1
30,11683,902.3623,195.77332,39.707397,18.98085,0.7214884,-1,-1,-1
30,11691,724.8276,257.2741,54.377502,23.561981,0.42247254,-1,-1,-1
30,11692,700.992,273.09882,50.899597,25.10733,0.8317762,-1,-1,-1
30,11684,525.2912,193.32219,51.83264,25.40474,0.7830425,-1,-1,-1
30,11703,348.4176,253.03271,71.549286,45.241577,0.29870868,-1,-1,-1
30,11706,255.99498,253.69135,63.54396,30.7081,0.5607263,-1,-1,-1
30,11702,531.9019,225.71358,43.42157,23.164246,0.66896474,-1,-1,-1
30,11673,581.4384,296.73706,60.47101,29.219727,0.7518635,-1,-1,-1
30,11687,349.08664,255.08621,74.466705,42.828583,0.6775257,-1,-1,-1
30,11690,696.7252,222.47916,51.970154,24.323303,0.7440816,-1,-1,-1
30,11685,900.1596,209.91603,43.891663,18.81601,0.6874239,-1,-1,-1
30,11711,704.17065,186.80035,42.14862,18.785797,0.39239392,-1,-1,-1
30,11668,583.56464,260.94522,56.98712,25.745605,0.71323544,-1,-1,-1
31,11669,485.8117,154.73082,23.844177,29.904144,0.8271944,-1,-1,-1
31,11670,412.45764,242.87453,52.786285,24.948105,0.79766554,-1,-1,-1
31,11671,804.0671,291.08813,61.813232,28.265533,0.84258705,-1,-1,-1
31,11672,359.1734,214.95654,58.234497,26.185791,0.82781553,-1,-1,-1
31,11674,521.9484,118.219444,24.903809,19.44532,0.372289,-1,-1,-1
31,11676,372.11685,198.43454,48.578094,21.388489,0.7987301,-1,-1,-1
31,11677,113.74662,276.10358,72.12144,34.290833,0.32127964,-1,-1,-1
31,11678,509.56458,276.82874,54.414,31.120667,0.6240611,-1,-1,-1
31,11679,862.78046,271.59128,54.616577,25.985992,0.7815572,-1,-1,-1
31,11680,894.6723,249.91713,50.41504,24.78804,0.7999777,-1,-1,-1
31,11683,902.0951,196.31578,38.796814,18.292252,0.4789545,-1,-1,-1
31,11691,728.79694,257.57028,54.255676,23.541534,0.34460893,-1,-1,-1
31,11692,704.5041,272.96384,51.851807,25.63742,0.8262558,-1,-1,-1
31,11684,523.0421,193.4789,52.871704,26.012238,0.79872656,-1,-1,-1
31,11703,350.0389,250.80269,75.58658,47.518997,0.55499977,-1,-1,-1
31,11706,256.33472,253.59804,64.0918,30.81285,0.42556953,-1,-1,-1
31,11702,529.471,226.11934,43.92816,23.372498,0.7111618,-1,-1,-1
31,11673,584.2257,296.8275,60.131104,29.196594,0.64776015,-1,-1,-1
31,11687,351.8644,253.69566,76.56537,43.921616,0.6888177,-1,-1,-1
31,11690,694.36664,222.91756,51.626953,24.21756,0.81213945,-1,-1,-1
31,11685,899.52496,210.3316,43.68329,18.791946,0.29367363,-1,-1,-1
31,11711,702.7753,186.62297,42.32837,18.89537,0.2557103,-1,-1,-1
31,11668,587.53723,261.21817,57.337646,25.87613,0.690985,-1,-1,-1
31,11712,929.06134,223.93835,46.386414,23.180801,0.43093017,-1,-1,-1
32,11669,486.4639,154.90234,23.838318,29.957718,0.8276149,-1,-1,-1
32,11670,414.60287,243.39397,51.535828,24.47789,0.80253243,-1,-1,-1
32,11671,807.1072,291.59164,61.91455,28.276917,0.8352461,-1,-1,-1
32,11672,356.14398,215.60922,57.556305,25.88556,0.82894343,-1,-1,-1
32,11674,521.9016,117.895645,24.672852,19.367188,0.49771854,-1,-1,-1
32,11676,370.3721,198.5253,49.63913,21.773422,0.7894747,-1,-1,-1
32,11677,118.259766,276.11234,71.88364,34.183777,0.34413645,-1,-1,-1
32,11678,512.5504,276.8312,55.288025,31.624054,0.511368,-1,-1,-1
32,11679,866.5214,272.03937,54.345337,25.742035,0.81705767,-1,-1,-1
32,11680,898.6689,250.2759,50.742554,24.889023,0.71705055,-1,-1,-1
32,11683,900.98645,196.71707,38.76996,18.017532,0.6633764,-1,-1,-1
32,11691,731.8847,257.59988,56.450317,24.638153,0.36727425,-1,-1,-1
32,11692,707.61,273.2606,52.3833,26.007538,0.8010956,-1,-1,-1
32,11684,521.0201,193.95998,53.137146,26.248367,0.80322933,-1,-1,-1
32,11703,351.9048,251.63603,75.15674,46.668472,0.48441413,-1,-1,-1
32,11706,256.56354,253.72673,64.32126,30.782303,0.45885706,-1,-1,-1
32,11702,526.72284,226.44162,44.1792,23.514175,0.5736943,-1,-1,-1
32,11673,586.58026,297.13406,59.50537,29.138794,0.439413,-1,-1,-1
32,11687,356.68527,255.14232,74.49808,42.399673,0.5168122,-1,-1,-1
32,11690,692.3998,223.45715,51.58362,24.18068,0.8628576,-1,-1,-1
32,11685,899.00146,210.72021,43.73944,18.84967,0.5955803,-1,-1,-1
32,11711,701.3376,186.7131,43.241943,19.368744,0.30158156,-1,-1,-1
32,11668,590.9939,261.31357,57.79901,26.11679,0.76038545,-1,-1,-1
32,11712,928.29095,224.43846,45.771667,22.87259,0.6332315,-1,-1,-1
33,11669,486.9441,155.38121,23.79776,29.951187,0.82816637,-1,-1,-1
33,11670,416.46274,243.65433,50.132782,23.986298,0.81208736,-1,-1,-1
33,11671,811.0784,291.94653,61.845825,28.10431,0.83016455,-1,-1,-1
33,11672,353.05164,216.05986,57.096283,25.701004,0.82669514,-1,-1,-1
33,11674,521.70734,117.53354,24.799011,19.585754,0.6003785,-1,-1,-1
33,11676,368.57092,199.16306,49.641785,21.671127,0.76828575,-1,-1,-1
33,11677,125.313484,275.59872,69.72204,33.231995,0.2829974,-1,-1,-1
33,11678,516.1821,277.0222,55.443848,31.744324,0.39087358,-1,-1,-1
33,11679,869.84125,272.56012,53.631958,25.213837,0.8015209,-1,-1,-1
33,11680,902.36084,250.59607,50.603027,24.806488,0.5117781,-1,-1,-1
33,11683,899.2518,197.33722,38.515015,17.64116,0.50163794,-1,-1,-1
33,11691,735.8012,257.88266,57.110107,25.045258,0.33648348,-1,-1,-1
33,11692,711.1498,273.33502,52.463013,26.147766,0.81628627,-1,-1,-1
33,11684,518.5808,194.09888,52.988037,26.219772,0.8121306,-1,-1,-1
33,11706,257.2894,254.26291,63.956085,30.413177,0.42157996,-1,-1,-1
33,11702,524.7075,226.88567,43.733276,23.220352,0.7269897,-1,-1,-1
33,11673,589.22046,297.25943,59.636536,29.491821,0.48617616,-1,-1,-1
33,11687,363.81567,259.20404,69.03705,38.821167,0.5792558,-1,-1,-1
33,11690,690.62134,223.96986,51.93396,24.295792,0.83419985,-1,-1,-1
33,11685,898.4161,211.43703,42.66754,18.309433,0.36893886,-1,-1,-1
33,11711,699.8015,186.57983,43.59253,19.599503,0.26514807,-1,-1,-1
33,11668,594.1139,261.375,58.112854,26.339111,0.8029549,-1,-1,-1
33,11712,927.492,224.77374,44.606323,22.268707,0.5791852,-1,-1,-1
33,11713,1.3783412,323.7194,51.85435,41.856873,0.4277113,-1,-1,-1
33,11682,552.15717,210.63777,59.307983,26.040497,0.50855315,-1,-1,-1
34,11669,487.55515,155.69507,23.872803,30.058563,0.83112353,-1,-1,-1
34,11670,417.8526,243.91757,48.627747,23.367188,0.7866105,-1,-1,-1
34,11671,814.4725,292.28668,61.915466,28.01944,0.8312105,-1,-1,-1
34,11672,350.0621,216.42593,56.37085,25.378906,0.8210464,-1,-1,-1
34,11674,521.6711,117.39229,24.615784,19.511703,0.6789825,-1,-1,-1
34,11676,366.50308,199.65633,49.286163,21.389633,0.76879555,-1,-1,-1
34,11677,129.58401,275.59637,69.1461,32.90869,0.36290127,-1,-1,-1
34,11678,519.26447,276.7712,56.892944,32.651184,0.42751694,-1,-1,-1
34,11679,872.18994,272.9326,53.16693,24.881836,0.8310084,-1,-1,-1
34,11680,906.45294,250.90862,50.6391,24.793106,0.7972747,-1,-1,-1
34,11683,897.1951,197.74939,38.5625,17.50618,0.66173464,-1,-1,-1
34,11691,739.87244,258.21033,56.43988,24.82898,0.735448,-1,-1,-1
34,11692,714.7448,273.54858,52.79669,26.390717,0.84379864,-1,-1,-1
34,11684,516.2818,194.31856,53.507935,26.573944,0.8226492,-1,-1,-1
34,11706,257.42566,254.53447,64.64981,30.590256,0.3874755,-1,-1,-1
34,11702,522.301,227.463,43.823975,23.268784,0.7931535,-1,-1,-1
34,11673,592.09973,297.29807,59.45984,29.799408,0.5954834,-1,-1,-1
34,11687,369.57767,258.62534,69.529236,38.839874,0.6064354,-1,-1,-1
34,11690,688.3139,224.23474,52.42163,24.565903,0.83658385,-1,-1,-1
34,11668,598.1912,261.4445,58.114563,26.49405,0.8291513,-1,-1,-1
34,11712,926.82007,225.36143,43.093872,21.459793,0.7418673,-1,-1,-1
34,11713,4.420026,324.8574,51.811863,41.657196,0.61247134,-1,-1,-1
34,11682,550.8187,210.52888,58.15558,25.965622,0.4321626,-1,-1,-1
35,11669,488.18207,156.28468,23.641205,29.725067,0.83471197,-1,-1,-1
35,11670,419.86975,244.26323,47.076263,22.758316,0.79035217,-1,-1,-1
35,11671,816.8991,292.50677,63.272827,28.655304,0.84613997,-1,-1,-1
35,11672,347.41968,216.97972,56.04196,25.240784,0.79983103,-1,-1,-1
35,11674,521.67346,117.30069,24.287964,19.323914,0.69428873,-1,-1,-1
35,11676,363.54266,199.84972,51.664917,22.45398,0.7850998,-1,-1,-1
35,11677,132.56564,275.65778,69.47348,32.886932,0.47739688,-1,-1,-1
35,11678,523.1447,276.71722,56.895447,32.706787,0.61770815,-1,-1,-1
35,11679,875.45575,273.47626,52.864075,24.579529,0.8195233,-1,-1,-1
35,11680,909.8595,251.10632,50.572815,24.813568,0.8146393,-1,-1,-1
35,11683,895.36414,197.92232,38.498535,17.303406,0.7144907,-1,-1,-1
35,11691,743.92285,258.33072,56.071106,24.787842,0.67365813,-1,-1,-1
35,11692,718.7005,274.0105,52.437073,26.301239,0.82913876,-1,-1,-1
35,11684,514.5885,194.60223,53.54358,26.660477,0.8262561,-1,-1,-1
35,11706,257.8792,254.71887,65.24118,30.79834,0.3361246,-1,-1,-1
35,11702,519.48474,227.80647,44.067017,23.336578,0.7918516,-1,-1,-1
35,11673,596.39996,297.4298,58.7901,29.615784,0.52895546,-1,-1,-1
35,11687,373.4738,258.5266,70.678925,39.11212,0.74973243,-1,-1,-1
35,11690,686.1204,224.64207,52.502625,24.60289,0.8598583,-1,-1,-1
35,11668,602.1346,262.0437,56.41693,25.861786,0.8155904,-1,-1,-1
35,11712,925.15,225.73619,43.254272,21.484406,0.76210624,-1,-1,-1
35,11713,8.991223,325.70822,49.869633,39.612946,0.7153688,-1,-1,-1
35,11682,549.7017,211.02614,57.541504,25.828812,0.49739486,-1,-1,-1
35,11703,374.1337,259.92792,63.361786,38.56357,0.31466228,-1,-1,-1
35,11711,696.5703,186.6465,44.572754,20.078705,0.3035216,-1,-1,-1
36,11669,488.73755,156.85825,23.571716,29.592987,0.83592975,-1,-1,-1
36,11670,421.23535,244.39343,44.62961,21.501343,0.7250576,-1,-1,-1
36,11671,820.57825,292.84756,62.77362,28.299286,0.8437376,-1,-1,-1
36,11672,344.23462,217.60039,55.37323,24.87703,0.76603645,-1,-1,-1
36,11674,521.60187,116.85222,24.450378,19.58368,0.7568447,-1,-1,-1
36,11676,361.2034,199.94952,51.7222,22.41661,0.7854796,-1,-1,-1
36,11677,136.96237,276.00613,69.093704,32.65381,0.6149366,-1,-1,-1
36,11678,527.0633,276.80612,56.821167,32.66278,0.41795865,-1,-1,-1
36,11679,878.8899,273.97607,52.291748,24.163788,0.80285156,-1,-1,-1
36,11680,913.33453,251.45973,49.649963,24.379807,0.7520442,-1,-1,-1
36,11683,893.0332,198.35118,39.133057,17.45671,0.6964424,-1,-1,-1
36,11691,747.16144,258.14023,58.15271,25.92517,0.34799528,-1,-1,-1
36,11692,721.4057,274.018,53.15564,26.821014,0.80805194,-1,-1,-1
36,11684,512.94025,195.11102,53.091003,26.507797,0.8218025,-1,-1,-1
36,11706,258.8849,255.41248,64.25363,30.146667,0.25205976,-1,-1,-1
36,11702,516.95355,228.15213,44.32007,23.370026,0.83066136,-1,-1,-1
36,11673,601.71027,297.9642,58.45813,29.454346,0.5012579,-1,-1,-1
36,11687,375.15054,257.49973,72.82898,40.18753,0.6718655,-1,-1,-1
36,11690,683.664,224.73187,53.17157,24.927048,0.846331,-1,-1,-1
36,11668,605.643,262.4639,56.27942,25.879242,0.8121323,-1,-1,-1
36,11712,923.1301,225.95096,44.252136,21.931763,0.7469505,-1,-1,-1
36,11713,12.323129,326.59433,50.6976,39.529724,0.77258056,-1,-1,-1
36,11682,548.5896,211.76178,55.93274,25.052902,0.7091072,-1,-1,-1
36,11714,337.47412,249.9819,34.90512,27.280975,0.5601356,-1,-1,-1
37,11669,488.95312,157.03221,24.023743,30.134659,0.82433546,-1,-1,-1
37,11670,420.63522,244.36389,46.160248,22.376038,0.36245978,-1,-1,-1
37,11671,823.4363,292.96335,63.15869,28.382843,0.83028686,-1,-1,-1
37,11672,341.35104,218.31044,55.21048,24.757584,0.79988545,-1,-1,-1
37,11674,521.1817,116.385925,24.602417,19.828766,0.5395024,-1,-1,-1
37,11676,359.01553,199.9172,52.512817,22.755081,0.7896791,-1,-1,-1
37,11677,147.25882,276.03467,66.94096,32.20291,0.76566625,-1,-1,-1
37,11678,530.8531,276.8588,56.617188,32.619537,0.398989,-1,-1,-1
37,11679,881.99695,274.4913,52.140198,23.887756,0.79933786,-1,-1,-1
37,11680,917.5974,251.19075,50.62799,24.940445,0.77554524,-1,-1,-1
37,11683,890.8012,198.7532,39.585083,17.544128,0.7163657,-1,-1,-1
37,11691,750.9007,258.32983,58.103943,26.082336,0.59156543,-1,-1,-1
37,11692,724.5421,273.93097,53.654663,27.183105,0.8092777,-1,-1,-1
37,11684,510.85406,195.53041,53.19586,26.615128,0.8186105,-1,-1,-1
37,11702,514.3275,228.69191,44.059326,23.118927,0.77572733,-1,-1,-1
37,11673,606.7371,298.83713,57.318115,28.801636,0.75702107,-1,-1,-1
37,11687,375.39548,251.39117,83.07663,46.40869,0.77848303,-1,-1,-1
37,11690,681.2561,225.20897,53.06488,24.86853,0.8438649,-1,-1,-1
37,11668,609.2358,262.62683,58.126343,26.89209,0.843025,-1,-1,-1
37,11712,921.35535,226.3554,44.29236,21.862183,0.8017249,-1,-1,-1
37,11713,14.231473,326.15753,53.052715,40.379944,0.77545094,-1,-1,-1
37,11682,547.0336,212.2598,55.31372,24.667847,0.72261053,-1,-1,-1
37,11714,339.80502,250.03214,35.0141,27.254791,0.5861576,-1,-1,-1
38,11669,489.3007,157.28926,24.005768,30.101944,0.83092785,-1,-1,-1
38,11671,826.90216,293.3532,62.314453,27.847992,0.8405798,-1,-1,-1
38,11672,337.88486,218.64638,55.192535,24.673035,0.74343127,-1,-1,-1
38,11674,521.0909,116.1302,24.108093,19.487717,0.28264815,-1,-1,-1
38,11676,356.91263,200.19273,52.846313,22.97026,0.7069847,-1,-1,-1
38,11677,154.02788,276.37363,64.79854,31.706177,0.79070526,-1,-1,-1
38,11678,534.8267,276.94116,56.15149,32.446747,0.6042918,-1,-1,-1
38,11679,884.82855,274.89413,52.01587,23.7117,0.7927865,-1,-1,-1
38,11680,921.0945,251.18631,50.998596,25.196808,0.8198719,-1,-1,-1
38,11683,889.3479,198.97882,39.730408,17.464264,0.6399859,-1,-1,-1
38,11691,755.234,258.60074,58.262146,26.36734,0.45322454,-1,-1,-1
38,11692,728.14856,273.90207,53.582092,27.229187,0.81301135,-1,-1,-1
38,11684,508.4874,195.24826,53.75772,26.997559,0.79812163,-1,-1,-1
38,11702,511.14026,229.09602,44.32074,23.194168,0.7522507,-1,-1,-1
38,11673,610.62164,299.45493,56.289978,28.159729,0.7878971,-1,-1,-1
38,11687,375.65152,247.36072,89.55292,50.72574,0.72533226,-1,-1,-1
38,11690,678.665,225.51715,53.352783,24.971283,0.84133077,-1,-1,-1
38,11668,612.4651,262.67685,59.955017,28.018951,0.8147968,-1,-1,-1
38,11712,919.9845,226.52803,44.362915,21.772934,0.8125118,-1,-1,-1
38,11713,18.697449,326.18304,54.021835,39.987915,0.81723726,-1,-1,-1
38,11682,544.37335,212.61247,56.595886,25.18457,0.7299646,-1,-1,-1
38,11714,342.7004,250.44424,34.782166,26.810669,0.7872643,-1,-1,-1
39,11669,489.89157,157.51059,24.002838,30.076736,0.8280192,-1,-1,-1
39,11671,829.9937,293.34482,62.466675,27.814575,0.83508843,-1,-1,-1
39,11672,335.3857,219.3033,53.857483,23.967087,0.7802049,-1,-1,-1
39,11674,520.73364,115.64847,24.051819,19.512833,0.2672664,-1,-1,-1
39,11676,354.77444,200.64975,51.982178,22.636536,0.66362894,-1,-1,-1
39,11677,158.79233,276.5948,64.2059,31.854431,0.62030274,-1,-1,-1
39,11678,537.5307,276.3685,57.09674,33.197998,0.5266678,-1,-1,-1
39,11679,887.25824,275.1949,52.29315,23.726746,0.80168486,-1,-1,-1
39,11680,925.0702,251.60162,50.68573,25.043213,0.79405594,-1,-1,-1
39,11683,886.6162,199.18904,41.12079,18.069412,0.6205742,-1,-1,-1
39,11691,759.3258,258.9052,58.119995,26.507385,0.3920281,-1,-1,-1
39,11692,731.80457,274.4218,52.89746,26.944122,0.8005955,-1,-1,-1
39,11684,506.0767,195.44243,54.31613,27.380386,0.80989605,-1,-1,-1
39,11702,507.8512,229.09752,45.10083,23.620483,0.79145944,-1,-1,-1
39,11673,614.40967,299.92728,55.89868,27.899261,0.81818926,-1,-1,-1
39,11687,377.5074,245.3566,92.549225,53.090546,0.695106,-1,-1,-1
39,11690,676.558,225.71536,53.853455,25.223343,0.82529014,-1,-1,-1
39,11668,616.3259,262.0742,59.66754,28.05838,0.791916,-1,-1,-1
39,11712,918.6645,226.9958,43.91693,21.400085,0.81304,-1,-1,-1
39,11713,20.542349,325.59943,56.887276,40.794678,0.79903936,-1,-1,-1
39,11682,541.879,213.2132,57.753723,25.671219,0.7298174,-1,-1,-1
39,11714,343.8754,250.21783,35.41089,26.932465,0.7401993,-1,-1,-1
39,11685,891.0009,213.4494,42.69403,18.131073,0.3520558,-1,-1,-1
39,11703,380.78235,246.92828,85.329315,52.68341,0.40908408,-1,-1,-1
40,11669,490.15628,157.60399,23.982391,30.036438,0.81610984,-1,-1,-1
40,11671,832.09753,293.40268,61.224365,27.307892,0.8171595,-1,-1,-1
40,11672,331.63947,219.15883,54.129547,24.008545,0.6702134,-1,-1,-1
40,11676,351.3124,200.71072,53.33029,23.342346,0.6087955,-1,-1,-1
40,11677,161.34793,276.28384,64.90259,32.500397,0.59696144,-1,-1,-1
40,11678,541.61945,276.6191,56.68683,33.085724,0.43757936,-1,-1,-1
40,11679,889.84985,275.5132,52.402954,23.739563,0.76484513,-1,-1,-1
40,11680,929.16815,251.78604,50.042664,24.797455,0.6892,-1,-1,-1
40,11683,884.45166,199.50761,41.43213,18.146378,0.53858364,-1,-1,-1
40,11691,763.15985,259.29868,57.940735,26.553192,0.5248752,-1,-1,-1
40,11692,734.3555,274.29788,53.55255,27.433502,0.8025848,-1,-1,-1
40,11684,503.86768,195.3709,54.68567,27.628693,0.81262344,-1,-1,-1
40,11702,505.07925,229.0064,45.823822,23.986435,0.80029565,-1,-1,-1
40,11673,617.4696,299.55737,57.0979,28.471527,0.7583936,-1,-1,-1
40,11687,382.12952,244.23505,93.35916,54.60898,0.6555852,-1,-1,-1
40,11690,674.27185,225.92986,53.97766,25.3647,0.83948505,-1,-1,-1
40,11668,620.9645,261.92828,59.12549,28.044159,0.78810257,-1,-1,-1
40,11712,917.0658,227.33464,44.069824,21.319366,0.81652415,-1,-1,-1
40,11713,26.316807,325.52148,56.86388,39.381775,0.8239757,-1,-1,-1
40,11682,538.8923,213.54456,59.184387,26.325684,0.68202835,-1,-1,-1
40,11714,346.0196,249.98195,36.505432,27.176682,0.80470765,-1,-1,-1
40,11685,889.35223,214.08438,42.762146,17.914658,0.3916704,-1,-1,-1
40,11703,384.33704,245.32239,86.85913,54.683594,0.4092305,-1,-1,-1
41,11669,490.26807,157.66179,24.152832,30.250443,0.82509816,-1,-1,-1
41,11671,834.54614,293.41772,60.22357,26.953796,0.80101323,-1,-1,-1
41,11672,328.19174,219.22327,54.824432,24.302643,0.72657037,-1,-1,-1
41,11676,348.47418,200.86441,54.23932,23.86113,0.7198106,-1,-1,-1
41,11677,162.63707,276.42838,65.868164,33.043823,0.6171925,-1,-1,-1
41,11679,892.6206,275.68893,52.760437,23.841766,0.8041703,-1,-1,-1
41,11680,932.76514,251.9752,49.810303,24.756424,0.6851724,-1,-1,-1
41,11683,882.1983,199.72058,42.529297,18.69168,0.33510146,-1,-1,-1
41,11691,767.03064,259.60513,56.926697,26.2583,0.59139234,-1,-1,-1
41,11692,738.0555,274.48352,53.278015,27.356262,0.80026644,-1,-1,-1
41,11684,501.8011,195.4125,54.681213,27.679245,0.81392616,-1,-1,-1
41,11702,502.18967,229.21762,45.951996,24.061829,0.8094358,-1,-1,-1
41,11673,619.2881,298.50644,59.100464,29.478302,0.71339184,-1,-1,-1
41,11690,672.0955,226.0652,53.892883,25.359802,0.7740819,-1,-1,-1
41,11668,625.1736,262.01324,59.47235,28.366974,0.800946,-1,-1,-1
41,11712,915.0459,227.63821,44.663635,21.475693,0.81511074,-1,-1,-1
41,11713,30.721695,325.46902,58.716087,39.264496,0.8366875,-1,-1,-1
41,11682,536.40784,214.17561,58.52832,26.098877,0.75929284,-1,-1,-1
41,11714,348.10593,249.9877,38.230774,27.637482,0.82776725,-1,-1,-1
41,11685,888.74976,214.9008,42.91992,17.894775,0.42272362,-1,-1,-1
42,11669,490.45053,157.79941,24.134857,30.231125,0.8269046,-1,-1,-1
42,11671,837.7333,293.81876,58.908386,26.396973,0.75968885,-1,-1,-1
42,11672,324.4345,219.22815,55.91635,24.795578,0.7220002,-1,-1,-1
42,11676,346.35013,200.95667,53.583588,23.635208,0.6744062,-1,-1,-1
42,11677,164.60869,276.3571,67.20331,33.679382,0.699388,-1,-1,-1
42,11679,895.8401,275.96548,53.5083,24.081116,0.81757915,-1,-1,-1
42,11680,936.8014,252.8703,48.70166,24.178894,0.57218564,-1,-1,-1
42,11683,880.7139,200.0627,43.5838,19.274994,0.42899537,-1,-1,-1
42,11691,771.7308,260.17368,55.124084,25.475891,0.46565297,-1,-1,-1
42,11692,741.70123,274.69864,52.831482,27.190979,0.79825157,-1,-1,-1
42,11684,499.60526,195.69016,54.51706,27.77211,0.81259316,-1,-1,-1
42,11702,499.35992,229.47568,45.936707,24.013214,0.71475756,-1,-1,-1
42,11673,622.1688,298.4133,58.81555,29.26886,0.6124971,-1,-1,-1
42,11690,670.1502,226.24318,53.253174,25.089462,0.74694026,-1,-1,-1
42,11668,629.06537,262.00607,59.80255,28.66391,0.79831517,-1,-1,-1
42,11712,913.5989,227.9849,45.56244,21.809662,0.81703234,-1,-1,-1
42,11713,33.788353,325.32996,61.266678,39.560028,0.807804,-1,-1,-1
42,11682,533.05347,214.55327,59.121887,26.503098,0.7353984,-1,-1,-1
42,11714,348.77213,250.05261,39.601868,27.655212,0.83294296,-1,-1,-1
42,11685,888.5832,215.73753,42.412598,17.600449,0.45795923,-1,-1,-1
42,11706,259.70538,256.71463,65.365295,30.544495,0.35818046,-1,-1,-1
42,11678,549.85223,276.40646,56.645508,33.23645,0.35160238,-1,-1,-1
42,11687,390.34433,244.27837,91.90048,54.8347,0.66439533,-1,-1,-1
43,11669,490.9037,158.02243,23.986938,30.021576,0.82213485,-1,-1,-1
43,11671,840.7642,294.2076,58.56555,26.43219,0.7482104,-1,-1,-1
43,11672,321.5858,219.49153,56.25833,24.970947,0.73544127,-1,-1,-1
43,11676,344.21902,200.91687,53.689667,23.764221,0.66777724,-1,-1,-1
43,11677,167.64098,276.44882,67.65512,33.945374,0.52704936,-1,-1,-1
43,11679,899.1269,276.05804,53.743164,24.18512,0.8249216,-1,-1,-1
43,11683,878.1377,200.25285,44.749634,19.873047,0.56979233,-1,-1,-1
43,11691,775.27905,260.64352,56.543518,26.238556,0.7021822,-1,-1,-1
43,11692,745.7258,274.9388,52.637512,27.197388,0.8063706,-1,-1,-1
43,11684,497.9488,195.70769,54.568054,27.890457,0.8146703,-1,-1,-1
43,11702,496.23154,229.47168,46.97464,24.597763,0.81897336,-1,-1,-1
43,11673,625.62195,298.6099,58.494995,28.986145,0.454427,-1,-1,-1
43,11690,668.3033,226.75484,53.128906,25.065659,0.78501916,-1,-1,-1
43,11668,635.158,262.18277,58.8407,28.49942,0.77403975,-1,-1,-1
43,11712,911.7983,228.51149,45.518494,21.686508,0.8155236,-1,-1,-1
43,11713,38.969086,325.4242,63.119293,39.310028,0.81269115,-1,-1,-1
43,11682,530.2768,214.38942,60.502502,27.383469,0.68932396,-1,-1,-1
43,11714,348.52646,250.30069,40.501526,27.336578,0.8247745,-1,-1,-1
43,11685,888.3515,216.22697,42.097656,17.474564,0.614808,-1,-1,-1
43,11706,259.6556,256.80145,65.74118,30.540924,0.35058153,-1,-1,-1
43,11678,553.9883,276.75787,56.551453,33.324585,0.40946186,-1,-1,-1
43,11687,397.3798,244.45676,89.369415,53.97934,0.5306503,-1,-1,-1
44,11669,491.35242,158.30571,23.911072,29.87732,0.8148027,-1,-1,-1
44,11671,844.229,294.3029,56.537964,25.701477,0.7838508,-1,-1,-1
44,11672,317.59048,219.60542,56.90033,25.289352,0.7692892,-1,-1,-1
44,11676,342.7453,200.9234,53.63965,23.800827,0.70790225,-1,-1,-1
44,11677,171.87717,276.3888,67.46463,33.80011,0.6695883,-1,-1,-1
44,11679,902.6902,276.49106,52.63916,23.733612,0.7782664,-1,-1,-1
44,11683,877.3101,200.8396,44.18213,19.547485,0.6688712,-1,-1,-1
44,11691,779.6028,260.81067,55.703186,26.005646,0.737622,-1,-1,-1
44,11692,750.3574,275.27264,52.12854,26.944244,0.81205505,-1,-1,-1
44,11684,495.7096,195.81354,54.638123,28.038727,0.8020618,-1,-1,-1
44,11702,493.6548,229.54787,46.707825,24.454193,0.8332655,-1,-1,-1
44,11673,628.8468,298.3074,58.59442,28.932281,0.54571486,-1,-1,-1
44,11690,666.7627,227.2104,52.343018,24.687012,0.7470531,-1,-1,-1
44,11668,641.81165,262.5607,57.065796,27.930176,0.7974028,-1,-1,-1
44,11712,910.85406,229.06413,44.811096,21.21759,0.7931129,-1,-1,-1
44,11713,45.156937,325.17047,64.79267,39.084595,0.80932146,-1,-1,-1
44,11682,528.3802,214.83789,59.880188,27.329956,0.7816345,-1,-1,-1
44,11714,348.23746,250.21028,41.86673,27.353622,0.82630223,-1,-1,-1
44,11685,887.1735,217.05904,41.343384,17.157303,0.6881613,-1,-1,-1
44,11706,260.0932,256.9173,66.41794,30.705719,0.6001108,-1,-1,-1
44,11678,558.16895,276.92276,56.371338,33.334015,0.30329895,-1,-1,-1
44,11687,402.4433,244.56825,88.69171,54.09224,0.47845364,-1,-1,-1
45,11669,492.00937,158.60739,24.32608,30.293411,0.8021835,-1,-1,-1
45,11671,846.85345,294.52744,55.778076,25.633026,0.6970842,-1,-1,-1
45,11672,315.12875,219.6414,56.74533,25.27031,0.8081116,-1,-1,-1
45,11676,340.3955,201.04955,53.91617,23.975418,0.780095,-1,-1,-1
45,11677,177.03513,276.5895,65.8846,32.81018,0.8239451,-1,-1,-1
45,11679,905.73016,276.4434,54.65222,24.692352,0.7860909,-1,-1,-1
45,11683,875.6658,201.26952,44.32831,19.56337,0.6909097,-1,-1,-1
45,11691,784.7551,261.46255,54.48181,25.459045,0.5790185,-1,-1,-1
45,11692,754.5644,275.74225,51.768555,26.791534,0.8057207,-1,-1,-1
45,11684,493.66208,196.22713,55.35074,28.600693,0.81556755,-1,-1,-1
45,11702,491.29178,229.74951,46.48886,24.312393,0.82023424,-1,-1,-1
45,11673,634.8863,299.42813,56.635925,27.995117,0.6289553,-1,-1,-1
45,11690,665.7227,227.60518,52.091614,24.495941,0.61017334,-1,-1,-1
45,11668,647.01544,263.36386,55.513367,27.346527,0.7314214,-1,-1,-1
45,11712,909.2683,229.36417,45.453552,21.534683,0.80661726,-1,-1,-1
45,11713,51.928204,324.98035,65.73155,38.4216,0.8352893,-1,-1,-1
45,11682,527.00183,215.49368,58.468628,26.815033,0.7822051,-1,-1,-1
45,11714,348.1984,250.18228,43.196228,27.384583,0.8284676,-1,-1,-1
45,11685,886.2657,217.48465,41.046387,17.065933,0.6996217,-1,-1,-1
45,11706,260.66574,257.12823,65.77673,30.214966,0.69833845,-1,-1,-1
45,11678,561.9794,276.80206,56.52307,33.414642,0.49830937,-1,-1,-1
45,11687,406.73367,245.24678,87.69269,53.68428,0.5055492,-1,-1,-1
46,11669,493.01752,158.85951,24.255371,30.14598,0.8213183,-1,-1,-1
46,11671,849.32733,295.08203,54.97229,25.695892,0.76197237,-1,-1,-1
46,11672,310.94638,219.64566,57.644318,25.6503,0.62655294,-1,-1,-1
46,11676,338.51273,201.27034,53.763214,23.954376,0.7854574,-1,-1,-1
46,11677,182.13791,276.53644,64.3746,31.870453,0.7744141,-1,-1,-1
46,11679,908.9911,277.23633,54.737732,24.773285,0.8014039,-1,-1,-1
46,11683,874.6515,201.54596,43.798157,19.319565,0.74505687,-1,-1,-1
46,11691,788.9944,261.51624,55.385925,25.950806,0.67676383,-1,-1,-1
46,11692,758.7815,275.9438,51.80304,26.89801,0.7762449,-1,-1,-1
46,11684,492.0739,196.18373,54.8078,28.403702,0.81911284,-1,-1,-1
46,11702,488.9307,229.79866,46.832245,24.527023,0.8324756,-1,-1,-1
46,11673,639.74225,299.84903,56.67932,28.078156,0.6337377,-1,-1,-1
46,11690,663.3328,227.80113,52.640137,24.747116,0.54411995,-1,-1,-1
46,11668,652.81415,263.89264,53.974365,26.793884,0.69049853,-1,-1,-1
46,11712,908.2366,229.63374,45.56067,21.552979,0.8143231,-1,-1,-1
46,11713,57.777874,324.2822,67.319595,38.2695,0.8212189,-1,-1,-1
46,11682,525.37854,215.81299,57.814026,26.602478,0.7371964,-1,-1,-1
46,11714,348.35614,250.14386,44.697052,27.593536,0.8343907,-1,-1,-1
46,11685,886.00775,217.72363,40.815613,17.023605,0.618499,-1,-1,-1
46,11706,261.4441,257.0369,65.63846,29.97696,0.61793375,-1,-1,-1
46,11678,566.11975,276.83716,56.688354,33.638855,0.4028075,-1,-1,-1
46,11687,411.4721,245.57361,86.10089,53.112823,0.3221933,-1,-1,-1
46,11719,59.67406,238.95447,70.06088,32.222443,0.6462147,-1,-1,-1
47,11669,493.86664,159.19586,24.138,29.956772,0.82847923,-1,-1,-1
47,11671,852.3502,295.28973,54.093994,25.859833,0.65822834,-1,-1,-1
47,11672,307.74728,219.95418,57.893616,25.695236,0.7336593,-1,-1,-1
47,11676,337.34366,201.36937,53.86969,24.100708,0.7881824,-1,-1,-1
47,11677,186.8279,276.44034,64.659424,31.850494,0.7069805,-1,-1,-1
47,11679,912.16864,277.13892,55.987366,25.44577,0.7746177,-1,-1,-1
47,11683,873.5927,201.84969,44.20282,19.49379,0.7386632,-1,-1,-1
47,11691,793.15155,261.56918,55.233948,25.995178,0.7036039,-1,-1,-1
47,11692,762.6492,275.94257,52.366455,27.285278,0.76942015,-1,-1,-1
47,11684,490.54083,196.42548,54.328003,28.136078,0.8183453,-1,-1,-1
47,11702,486.84323,230.05595,46.489777,24.387466,0.8152369,-1,-1,-1
47,11673,644.8214,300.84137,55.666565,27.686554,0.59890497,-1,-1,-1
47,11690,661.82684,228.32983,51.830017,24.35344,0.5041028,-1,-1,-1
47,11668,656.2544,264.03598,53.811096,26.725647,0.80401456,-1,-1,-1
47,11712,906.8635,230.05904,46.25836,21.883438,0.8190946,-1,-1,-1
47,11713,63.65994,323.91132,68.54021,37.88562,0.826853,-1,-1,-1
47,11682,524.4602,216.37433,56.215637,25.800095,0.7513119,-1,-1,-1
47,11714,348.13052,250.20625,46.339447,27.894333,0.8452222,-1,-1,-1
47,11685,885.15643,217.9656,41.19049,17.247711,0.47574878,-1,-1,-1
47,11706,262.76062,257.04208,64.98999,29.510834,0.5234618,-1,-1,-1
47,11687,416.68207,246.17238,85.01492,52.59984,0.5106793,-1,-1,-1
47,11719,56.28413,238.67088,71.39386,32.809982,0.73627925,-1,-1,-1
47,11674,521.69666,112.74041,23.225403,18.999748,0.30120516,-1,-1,-1
48,11669,494.7766,159.27623,24.386597,30.264938,0.82842,-1,-1,-1
48,11671,855.7354,295.81088,51.776978,25.30423,0.46799916,-1,-1,-1
48,11672,304.22656,220.1299,58.51483,25.995132,0.7589007,-1,-1,-1
48,11676,335.3663,201.0787,55.37619,24.932755,0.7623766,-1,-1,-1
48,11677,191.44305,276.29034,65.04941,31.925018,0.68489003,-1,-1,-1
48,11679,915.4239,277.64893,57.528442,26.239777,0.7700233,-1,-1,-1
48,11683,872.48676,202.29381,44.35919,19.484283,0.65908897,-1,-1,-1
48,11691,798.24445,262.13153,54.34503,25.613007,0.5763376,-1,-1,-1
48,11692,766.8336,276.53552,52.049133,27.132965,0.7808922,-1,-1,-1
48,11684,488.7141,196.7275,54.536987,28.307068,0.81741595,-1,-1,-1
48,11702,484.4982,230.05014,46.76175,24.50177,0.7318796,-1,-1,-1
48,11673,649.2939,301.29095,54.991455,27.3667,0.78917146,-1,-1,-1
48,11690,660.6578,228.72173,51.345276,24.042847,0.697687,-1,-1,-1
48,11668,659.54535,264.33423,53.518738,26.528961,0.8245149,-1,-1,-1
48,11712,905.1665,230.54422,46.871704,22.178513,0.79179215,-1,-1,-1
48,11713,69.807465,323.3806,69.687,37.615875,0.8080181,-1,-1,-1
48,11682,522.08405,216.3017,56.19232,25.84024,0.7167633,-1,-1,-1
48,11714,347.79962,250.11662,47.621094,27.911942,0.86936885,-1,-1,-1
48,11706,263.40646,256.9888,65.394775,29.610657,0.46612728,-1,-1,-1
48,11687,420.48602,246.4811,84.182526,51.964737,0.71639884,-1,-1,-1
48,11719,53.694168,238.97777,69.868256,32.037796,0.75691426,-1,-1,-1
48,11674,522.2544,112.59724,22.554321,18.568687,0.38098055,-1,-1,-1
48,11678,575.1699,277.01062,55.933105,33.25879,0.46418887,-1,-1,-1
49,11669,495.66888,159.43892,24.345703,30.217041,0.8305902,-1,-1,-1
49,11671,865.86743,296.0529,51.753418,24.78656,0.342243,-1,-1,-1
49,11672,300.66223,219.78682,59.12787,26.293396,0.72463435,-1,-1,-1
49,11676,333.96863,201.23698,55.21756,25.078217,0.77018464,-1,-1,-1
49,11677,195.66942,275.94305,65.33946,31.9628,0.708141,-1,-1,-1
49,11679,919.67584,278.28473,58.297974,26.536377,0.80735916,-1,-1,-1
49,11683,871.3113,202.63853,44.483765,19.527328,0.4323301,-1,-1,-1
49,11691,803.5116,262.69452,53.07306,24.947784,0.6618505,-1,-1,-1
49,11692,771.1281,277.02463,51.202576,26.715057,0.80513036,-1,-1,-1
49,11684,486.89957,196.97157,54.642853,28.486618,0.8137477,-1,-1,-1
49,11702,481.71432,230.18433,47.167755,24.743866,0.81900454,-1,-1,-1
49,11673,652.2815,300.87878,55.6615,27.691742,0.8300066,-1,-1,-1
49,11690,659.1726,229.06325,51.147766,23.88765,0.74627554,-1,-1,-1
49,11668,663.7055,264.46362,53.366394,26.38208,0.8187532,-1,-1,-1
49,11712,903.9875,231.23605,46.59076,22.005112,0.76665384,-1,-1,-1
49,11713,75.83192,322.8847,71.09031,37.584503,0.8259259,-1,-1,-1
49,11682,520.98254,216.20534,55.041016,25.314453,0.6887003,-1,-1,-1
49,11714,347.75876,250.05348,48.928802,28.022873,0.8451806,-1,-1,-1
49,11706,262.86285,256.82962,66.87921,30.226898,0.5653681,-1,-1,-1
49,11687,422.21466,246.32062,84.4324,52.249084,0.7982346,-1,-1,-1
49,11719,48.817944,239.14597,69.56586,31.806946,0.73627377,-1,-1,-1
49,11674,522.68134,112.45161,22.023254,18.25393,0.5432549,-1,-1,-1
49,11678,579.8128,277.45334,54.84729,32.49591,0.5817431,-1,-1,-1
50,11669,496.43875,159.6151,24.204742,30.0822,0.8352436,-1,-1,-1
50,11672,297.5828,219.34525,59.8284,26.609085,0.4623218,-1,-1,-1
50,11676,333.23392,201.41122,53.84607,24.62616,0.76592827,-1,-1,-1
50,11677,200.06613,275.85425,65.47638,31.935669,0.64051557,-1,-1,-1
50,11679,923.3255,278.7014,58.37329,26.539642,0.7389588,-1,-1,-1
50,11691,807.5943,263.43634,54.041565,25.476196,0.6371878,-1,-1,-1
50,11692,775.49866,277.54535,51.133728,26.67334,0.7821261,-1,-1,-1
50,11684,485.88748,197.7757,52.564056,27.389038,0.8059468,-1,-1,-1
50,11702,479.4267,230.17908,46.563843,24.412811,0.81774366,-1,-1,-1
50,11673,656.2171,301.54858,54.985474,27.197449,0.8174706,-1,-1,-1
50,11690,657.1557,229.30225,50.572083,23.600983,0.69080174,-1,-1,-1
50,11668,667.9911,264.23572,53.688232,26.482819,0.83553755,-1,-1,-1
50,11712,902.7174,231.63219,46.814087,22.0372,0.73144746,-1,-1,-1
50,11713,81.43969,322.07922,73.17428,38.089417,0.79628503,-1,-1,-1
50,11682,519.25256,216.5806,54.684875,25.121689,0.72579724,-1,-1,-1
50,11714,348.57266,250.3743,49.72519,27.963745,0.8344985,-1,-1,-1
50,11706,262.5873,256.85895,67.862885,30.626373,0.5800141,-1,-1,-1
50,11687,424.1974,246.4452,84.65173,52.323715,0.8276833,-1,-1,-1
50,11719,42.77754,238.69681,71.257126,32.48761,0.7676465,-1,-1,-1
50,11674,523.07324,112.410675,21.704102,18.163086,0.65238327,-1,-1,-1
50,11678,584.81433,278.0461,53.926697,31.694794,0.5924433,-1,-1,-1
51,11669,497.15762,159.89415,24.022552,29.837357,0.8294391,-1,-1,-1
51,11672,294.78088,219.35136,60.25888,26.879623,0.37770095,-1,-1,-1
51,11676,331.71725,201.62007,53.548584,24.608368,0.7338995,-1,-1,-1
51,11677,205.0457,276.05228,64.729904,31.39264,0.71329194,-1,-1,-1
51,11679,926.6554,279.13095,57.48706,26.184052,0.75665236,-1,-1,-1
51,11691,812.56757,263.84235,53.683838,25.33255,0.6991461,-1,-1,-1
51,11692,779.24585,277.94482,50.71588,26.424469,0.81157863,-1,-1,-1
51,11684,483.93234,198.04807,52.887177,27.606827,0.8031313,-1,-1,-1
51,11702,477.26773,230.41344,45.35208,23.681366,0.7795512,-1,-1,-1
51,11673,659.52356,301.82434,54.972046,27.014435,0.8231202,-1,-1,-1
51,11690,655.08875,229.62927,50.91327,23.70758,0.7510812,-1,-1,-1
51,11668,672.3951,264.6352,53.13037,26.18631,0.8282355,-1,-1,-1
51,11712,901.4722,232.32805,46.7287,21.950806,0.67854893,-1,-1,-1
51,11713,86.50238,321.56042,74.773575,38.48239,0.7899926,-1,-1,-1
51,11682,517.41205,216.80931,54.05609,24.74501,0.7858686,-1,-1,-1
51,11714,349.17307,250.67674,50.031036,27.618088,0.8298525,-1,-1,-1
51,11706,263.96176,257.0934,67.38571,30.335815,0.5607127,-1,-1,-1
51,11687,427.82315,246.93695,84.7518,52.080597,0.8092003,-1,-1,-1
51,11719,37.323475,238.43701,71.54709,32.444702,0.7140084,-1,-1,-1
51,11674,523.638,112.183075,21.539368,18.200363,0.65081173,-1,-1,-1
51,11678,588.8828,278.43143,53.407715,31.229065,0.58362544,-1,-1,-1
52,11669,498.12634,160.29126,23.866943,29.604355,0.8227692,-1,-1,-1
52,11672,291.4047,219.67157,60.686707,27.096878,0.34180132,-1,-1,-1
52,11676,329.0389,201.08769,55.60379,25.739944,0.43274617,-1,-1,-1
52,11677,209.82164,275.79327,64.03151,30.888214,0.7044902,-1,-1,-1
52,11679,929.4645,279.4932,56.67627,25.9552,0.57537454,-1,-1,-1
52,11691,817.05145,264.31247,53.470703,25.214783,0.7231682,-1,-1,-1
52,11692,783.87756,278.25385,50.90381,26.530975,0.77722293,-1,-1,-1
52,11684,482.1019,198.11734,53.523285,28.015808,0.81176084,-1,-1,-1
52,11702,475.53128,230.92036,43.411163,22.519012,0.7538179,-1,-1,-1
52,11673,663.29095,302.1245,55.350403,27.067505,0.82219404,-1,-1,-1
52,11690,653.3661,230.16537,51.106934,23.728561,0.64362687,-1,-1,-1
52,11668,676.79584,265.09528,53.454224,26.315613,0.82799584,-1,-1,-1
52,11712,899.51434,232.6048,47.340454,22.13208,0.5647679,-1,-1,-1
52,11713,92.201065,321.44336,74.53609,38.021973,0.7215503,-1,-1,-1
52,11682,515.05566,216.5726,54.955444,25.227509,0.7245131,-1,-1,-1
52,11714,349.64117,250.73225,50.96991,27.74733,0.8356701,-1,-1,-1
52,11706,265.10492,257.3464,67.26529,30.205505,0.5335573,-1,-1,-1
52,11687,431.97067,247.55103,84.036224,51.373413,0.7648146,-1,-1,-1
52,11719,33.109673,237.90771,72.49427,32.76419,0.53824073,-1,-1,-1
52,11674,524.1796,112.01144,21.308105,18.105522,0.57465565,-1,-1,-1
52,11678,593.61633,278.69305,54.03772,31.293213,0.33929166,-1,-1,-1
53,11669,499.22757,160.56519,23.604645,29.255112,0.8245166,-1,-1,-1
53,11672,288.42722,219.27664,61.393555,27.49289,0.39125225,-1,-1,-1
53,11676,326.67963,200.47414,57.27951,26.753601,0.6850273,-1,-1,-1
53,11677,214.27606,275.8237,63.28958,30.33081,0.5890572,-1,-1,-1
53,11679,932.3971,279.66486,56.681396,26.00061,0.6524481,-1,-1,-1
53,11691,821.1779,264.66068,54.55237,25.821472,0.7952556,-1,-1,-1
53,11692,787.732,278.7806,50.795288,26.407227,0.71786815,-1,-1,-1
53,11684,479.67105,198.35597,54.4357,28.672668,0.8308412,-1,-1,-1
53,11702,473.73962,231.42767,41.15503,21.093552,0.75895774,-1,-1,-1
53,11673,666.192,302.00754,56.132996,27.345703,0.83339655,-1,-1,-1
53,11690,651.56354,230.3922,51.33246,23.78749,0.48714286,-1,-1,-1
53,11668,681.19055,265.4389,53.02527,26.07367,0.8254154,-1,-1,-1
53,11712,898.8165,233.10297,47.27655,22.003967,0.6349404,-1,-1,-1
53,11713,97.02189,321.18414,74.23415,37.652832,0.6831351,-1,-1,-1
53,11682,513.4465,216.89062,54.36792,24.93161,0.7587638,-1,-1,-1
53,11714,350.54562,250.89084,51.186615,27.514038,0.84178287,-1,-1,-1
53,11706,266.7328,257.33456,66.311554,29.70932,0.59621507,-1,-1,-1
53,11687,439.23047,248.1616,82.888,50.826096,0.7742399,-1,-1,-1
53,11719,29.53267,238.06454,72.73683,32.80655,0.5166288,-1,-1,-1
53,11674,524.5513,111.44134,21.297302,18.19912,0.70466805,-1,-1,-1
54,11669,500.09802,160.74303,23.595764,29.221848,0.83534634,-1,-1,-1
54,11672,285.78162,219.81998,61.143158,27.397507,0.29303312,-1,-1,-1
54,11676,324.62366,200.68501,57.424652,27.009628,0.74627537,-1,-1,-1
54,11677,218.54568,276.0213,63.157166,30.103363,0.6236612,-1,-1,-1
54,11679,935.4713,280.32053,54.92871,25.282166,0.58979183,-1,-1,-1
54,11691,825.2386,264.98438,54.348938,25.80899,0.7481378,-1,-1,-1
54,11692,791.55347,279.07516,51.29132,26.530212,0.74535006,-1,-1,-1
54,11684,477.83298,199.0867,54.05887,28.557663,0.82770294,-1,-1,-1
54,11702,472.10403,231.96008,39.940094,20.156662,0.7896745,-1,-1,-1
54,11673,669.4272,302.07242,55.974792,27.170166,0.8434594,-1,-1,-1
54,11690,648.78296,230.50536,52.071228,24.15207,0.6718693,-1,-1,-1
54,11668,685.1295,265.68393,53.016724,26.066559,0.7653237,-1,-1,-1
54,11712,897.6727,233.89096,46.404114,21.440475,0.38107198,-1,-1,-1
54,11713,102.82418,320.93463,74.23725,37.549744,0.70964265,-1,-1,-1
54,11682,510.6114,217.2608,54.357178,24.816452,0.766303,-1,-1,-1
54,11714,350.8682,251.12286,51.47711,27.344574,0.8425405,-1,-1,-1
54,11706,267.84985,257.20502,66.086945,29.454926,0.41764024,-1,-1,-1
54,11687,442.43542,247.96739,84.02954,51.179794,0.56038773,-1,-1,-1
54,11719,24.777983,238.97426,71.98793,32.390976,0.25120345,-1,-1,-1
54,11674,524.8881,110.973145,21.421692,18.41719,0.6935601,-1,-1,-1
54,11724,421.89224,247.22882,31.8396,24.80777,0.59786975,-1,-1,-1
54,11725,965.3902,222.24713,36.446594,18.011353,0.49979493,-1,-1,-1
54,11671,883.05444,300.02014,61.942688,29.793915,0.4879237,-1,-1,-1
55,11669,500.585,161.0462,23.543488,29.230927,0.83907324,-1,-1,-1
55,11672,282.13898,219.97499,61.55789,27.621552,0.254835,-1,-1,-1
55,11676,322.5589,200.9025,57.203674,27.094406,0.8101693,-1,-1,-1
55,11677,222.64618,275.82327,63.102722,29.904388,0.7630505,-1,-1,-1
55,11679,938.2925,280.77112,53.06378,24.51117,0.61984575,-1,-1,-1
55,11691,830.17737,265.38632,53.72534,25.506866,0.75988656,-1,-1,-1
55,11692,794.41644,279.08496,52.066284,26.892975,0.69558,-1,-1,-1
55,11684,476.38977,199.82393,52.367676,27.666061,0.82704693,-1,-1,-1
55,11702,469.4612,231.9217,40.09265,19.91771,0.7514434,-1,-1,-1
55,11673,672.4384,302.03717,57.269165,27.74942,0.8272523,-1,-1,-1
55,11690,646.212,230.68019,52.566895,24.410599,0.7996082,-1,-1,-1
55,11668,689.1148,265.80334,53.461914,26.319916,0.8156857,-1,-1,-1
55,11712,895.95374,234.69943,45.661377,20.944778,0.46650344,-1,-1,-1
55,11713,109.25898,320.78207,74.63705,37.449554,0.64706373,-1,-1,-1
55,11682,507.32568,217.26315,55.662964,25.44168,0.7931673,-1,-1,-1
55,11714,350.83115,251.34697,52.061462,27.38118,0.838782,-1,-1,-1
55,11706,268.92313,257.1821,64.97281,28.689331,0.46741202,-1,-1,-1
55,11687,453.08307,249.61687,80.005005,48.6989,0.38179517,-1,-1,-1
55,11674,524.85144,110.84446,21.276978,18.348976,0.67583984,-1,-1,-1
55,11724,422.81973,247.41228,32.192078,25.007767,0.78392625,-1,-1,-1
55,11725,964.7898,222.2268,37.211975,18.376205,0.47835776,-1,-1,-1
55,11728,986.14056,206.56517,36.8407,18.161972,0.3489965,-1,-1,-1
55,11711,669.1924,185.5224,41.921448,19.312256,0.3918278,-1,-1,-1
55,11685,879.3371,221.50723,41.50891,17.285019,0.29384875,-1,-1,-1
56,11669,500.65372,161.3533,23.421417,29.1279,0.84040815,-1,-1,-1
56,11672,278.6287,220.32996,60.931488,27.356125,0.6016834,-1,-1,-1
56,11676,320.82898,201.53813,55.694366,26.495148,0.8222261,-1,-1,-1
56,11677,226.53998,275.82373,62.47522,29.514069,0.72471505,-1,-1,-1
56,11679,940.12683,280.97018,51.82019,24.128876,0.5987231,-1,-1,-1
56,11691,834.12634,265.7059,54.00403,25.682312,0.80639654,-1,-1,-1
56,11692,797.92035,279.45184,52.00641,26.748444,0.7704564,-1,-1,-1
56,11684,473.72675,200.37128,52.536255,27.768097,0.83194375,-1,-1,-1
56,11702,465.8726,231.94212,41.121674,20.195831,0.66364044,-1,-1,-1
56,11673,675.6326,302.10544,57.60907,27.907776,0.84470224,-1,-1,-1
56,11690,644.1293,230.82288,52.69989,24.462372,0.79873973,-1,-1,-1
56,11668,693.1707,266.01102,53.098206,26.121094,0.82436514,-1,-1,-1
56,11712,894.06506,235.08086,45.919067,20.932907,0.66773534,-1,-1,-1
56,11713,117.12357,320.78183,74.11219,36.563843,0.5532335,-1,-1,-1
56,11682,504.23236,217.37051,55.503418,25.286713,0.78766435,-1,-1,-1
56,11714,350.42242,251.57257,52.656708,27.432251,0.85262126,-1,-1,-1
56,11706,268.5768,257.4978,63.719055,27.71518,0.517253,-1,-1,-1
56,11687,460.6234,250.4139,79.02728,48.28395,0.33413076,-1,-1,-1
56,11674,524.72754,110.45538,21.2807,18.418823,0.72666603,-1,-1,-1
56,11724,424.79398,248.01723,32.520355,25.073105,0.8030135,-1,-1,-1
56,11725,964.7458,222.5373,37.123657,18.282028,0.58540416,-1,-1,-1
56,11685,877.94714,221.69377,42.328003,17.613968,0.4403268,-1,-1,-1
57,11669,500.64722,161.82625,23.210999,28.868576,0.8387269,-1,-1,-1
57,11676,317.47717,201.31421,56.555084,27.073471,0.7722198,-1,-1,-1
57,11677,230.77776,275.9824,62.52321,29.368927,0.6744376,-1,-1,-1
57,11679,942.3315,281.34076,50.153015,23.614655,0.4980216,-1,-1,-1
57,11691,838.16223,265.98563,53.595703,25.496857,0.8101347,-1,-1,-1
57,11692,801.1794,279.661,52.04944,26.730774,0.7190574,-1,-1,-1
57,11684,471.06274,200.70094,52.974792,28.05626,0.80813676,-1,-1,-1
57,11702,462.28296,231.91234,41.256683,20.09793,0.64061564,-1,-1,-1
57,11673,678.8169,302.30792,58.335144,28.208801,0.85564995,-1,-1,-1
57,11690,641.1007,230.74811,53.33429,24.789062,0.7399845,-1,-1,-1
57,11668,696.8589,266.06522,53.106934,26.11087,0.8369114,-1,-1,-1
57,11712,891.92145,235.35796,46.061462,20.856857,0.768655,-1,-1,-1
57,11713,123.409096,320.37784,74.89217,36.369324,0.71775645,-1,-1,-1
57,11682,500.4995,217.65572,57.08429,25.990005,0.78448564,-1,-1,-1
57,11714,350.04163,251.64386,53.34616,27.564056,0.85356385,-1,-1,-1
57,11706,268.4288,258.2023,63.006287,26.999573,0.6236115,-1,-1,-1
57,11687,464.70956,251.25291,77.43796,47.15245,0.3761045,-1,-1,-1
57,11674,524.4387,110.09207,21.385132,18.60614,0.77547646,-1,-1,-1
57,11724,426.24426,248.34213,32.884003,25.036804,0.7930485,-1,-1,-1
57,11725,964.4891,222.95982,36.952026,18.101608,0.5599514,-1,-1,-1
57,11685,875.7504,221.26118,42.978027,17.967438,0.63575,-1,-1,-1
57,11671,894.23224,301.49936,61.48462,29.488495,0.6348991,-1,-1,-1
57,11728,983.7568,206.9814,37.588135,18.49704,0.54346436,-1,-1,-1
58,11669,500.4955,162.02663,23.52835,29.286835,0.83765674,-1,-1,-1
58,11676,314.7472,201.87943,55.929962,26.86705,0.6981028,-1,-1,-1
58,11677,235.07043,275.92603,61.839508,28.9281,0.6754996,-1,-1,-1
58,11691,842.6518,266.46042,52.29004,24.82309,0.81755316,-1,-1,-1
58,11692,804.49164,279.9074,51.93341,26.601929,0.77951956,-1,-1,-1
58,11684,468.38422,200.92537,53.039,28.110596,0.82912314,-1,-1,-1
58,11702,458.79617,232.15703,42.094025,20.392212,0.6972863,-1,-1,-1
58,11673,681.8788,302.55933,57.401306,27.707336,0.853165,-1,-1,-1
58,11690,638.8268,230.82982,53.555786,24.94165,0.74447715,-1,-1,-1
58,11668,700.62994,266.2716,53.355347,26.2854,0.8565235,-1,-1,-1
58,11712,889.65295,235.52213,45.9422,20.744781,0.7921987,-1,-1,-1
58,11713,129.17456,320.30188,75.266785,36.18631,0.74117893,-1,-1,-1
58,11682,497.41608,217.67627,57.699707,26.222916,0.80123234,-1,-1,-1
58,11714,349.80078,251.86258,53.709747,27.552582,0.8486141,-1,-1,-1
58,11706,267.87277,258.5947,63.289154,26.766846,0.69480747,-1,-1,-1
58,11687,467.3919,251.73085,78.04706,47.55693,0.3971938,-1,-1,-1
58,11674,524.29376,110.014015,21.165344,18.428078,0.7460078,-1,-1,-1
58,11724,428.1019,248.54073,33.60141,25.085312,0.81343764,-1,-1,-1
58,11725,963.8521,222.92496,38.096863,18.550888,0.29566428,-1,-1,-1
58,11685,874.0485,221.28973,43.48517,18.20723,0.7199848,-1,-1,-1
58,11671,897.1315,301.8546,60.60083,28.918121,0.77059567,-1,-1,-1
58,11728,982.0687,207.14516,37.570923,18.435715,0.6213973,-1,-1,-1
58,11683,854.3701,205.88406,44.55432,19.687637,0.524716,-1,-1,-1
58,11711,664.67413,185.46085,41.381165,19.268097,0.41347024,-1,-1,-1
58,11672,271.45526,220.74673,60.514557,27.126312,0.348835,-1,-1,-1
59,11669,500.56387,162.40782,23.396149,29.098618,0.83477134,-1,-1,-1
59,11676,311.43698,202.03036,56.046265,26.987793,0.78007144,-1,-1,-1
59,11677,238.80724,275.94113,62.33699,28.993073,0.425439,-1,-1,-1
59,11691,845.94824,266.69913,52.389526,24.879211,0.81228983,-1,-1,-1
59,11692,807.2257,280.0991,52.26349,26.720886,0.7139437,-1,-1,-1
59,11684,465.49716,201.14537,53.328827,28.249939,0.82764715,-1,-1,-1
59,11702,455.22763,232.50175,42.872223,20.537354,0.68299013,-1,-1,-1
59,11673,684.603,302.5947,57.981323,27.99112,0.84081656,-1,-1,-1
59,11690,635.9856,230.8689,53.675293,25.160492,0.61880946,-1,-1,-1
59,11668,703.6378,266.30743,53.50586,26.350647,0.8429623,-1,-1,-1
59,11712,886.63605,235.30814,47.139893,21.27237,0.802119,-1,-1,-1
59,11713,134.9046,320.51675,74.64143,35.558746,0.794315,-1,-1,-1
59,11682,494.23776,218.08151,58.058258,26.325531,0.8128412,-1,-1,-1
59,11714,349.301,252.05856,54.332184,27.700134,0.83300513,-1,-1,-1
59,11706,267.56735,258.7964,63.60742,26.582123,0.6999579,-1,-1,-1
59,11687,470.42688,251.52461,78.85608,47.705307,0.5104673,-1,-1,-1
59,11674,523.9529,109.84872,20.906738,18.215935,0.7221257,-1,-1,-1
59,11724,429.61792,248.58763,34.99124,25.433304,0.8149142,-1,-1,-1
59,11725,962.84863,222.84885,39.030518,18.869247,0.43427843,-1,-1,-1
59,11685,872.18494,221.25722,43.910645,18.4487,0.6999735,-1,-1,-1
59,11671,898.7772,302.04373,60.064575,28.565674,0.5688319,-1,-1,-1
59,11728,979.464,207.27193,38.124268,18.629929,0.6491745,-1,-1,-1
59,11683,851.8422,205.97598,44.613525,19.845139,0.63734734,-1,-1,-1
59,11672,268.1918,221.3938,60.14081,26.80223,0.29268542,-1,-1,-1
60,11669,500.3413,162.79022,23.424927,29.184265,0.8345021,-1,-1,-1
60,11676,308.38806,201.99089,57.120575,27.683426,0.62275624,-1,-1,-1
60,11677,242.33826,276.18744,61.810486,28.77002,0.50180507,-1,-1,-1
60,11691,849.11786,266.93613,52.34961,24.846802,0.80101174,-1,-1,-1
60,11692,810.53015,280.55444,51.803894,26.324158,0.62743145,-1,-1,-1
60,11684,462.7699,201.3262,52.917847,28.043015,0.83247036,-1,-1,-1
60,11702,451.16135,232.71686,43.71176,20.813034,0.73806757,-1,-1,-1
60,11673,687.53625,302.76797,57.951782,28.019714,0.8415831,-1,-1,-1
60,11690,630.29114,231.15038,54.296753,25.221481,0.6421046,-1,-1,-1
60,11668,707.2248,266.49948,53.641174,26.405548,0.8290318,-1,-1,-1
60,11712,884.0256,235.48926,47.451233,21.390198,0.7597736,-1,-1,-1
60,11713,138.63986,320.459,75.49483,35.610596,0.7369977,-1,-1,-1
60,11682,491.42288,218.31984,57.913116,26.295029,0.81561255,-1,-1,-1
60,11714,348.74646,252.27362,54.76407,27.769745,0.83411336,-1,-1,-1
60,11706,266.73395,259.0042,63.85904,26.361084,0.6560203,-1,-1,-1
60,11687,472.65817,250.90448,80.081635,48.34558,0.5101807,-1,-1,-1
60,11674,523.3958,109.741875,20.48462,17.845238,0.77736586,-1,-1,-1
60,11724,430.4036,249.48811,35.206696,24.729416,0.81166375,-1,-1,-1
60,11725,961.7207,223.54054,39.626953,18.97026,0.32771066,-1,-1,-1
60,11685,870.07336,221.41678,44.081543,18.5215,0.58792716,-1,-1,-1
60,11671,900.3872,301.88794,60.312256,28.362793,0.5181514,-1,-1,-1
60,11728,975.96716,207.41399,40.33081,19.611115,0.38864633,-1,-1,-1
60,11683,849.1611,206.22194,44.76599,20.029602,0.5233809,-1,-1,-1
60,11731,0.0,306.02365,20.966894,35.232117,0.4594,-1,-1,-1
61,11669,500.3004,163.23863,23.489197,29.29457,0.83280647,-1,-1,-1
61,11676,304.8968,201.68661,57.62509,28.135696,0.40333873,-1,-1,-1
61,11677,245.84259,276.78903,60.78894,28.13504,0.5784889,-1,-1,-1
61,11691,851.8886,267.2859,52.758423,25.087372,0.79785305,-1,-1,-1
61,11692,813.42194,280.97107,50.861694,25.753265,0.6093955,-1,-1,-1
61,11684,459.92584,201.4612,52.75049,27.940231,0.8434545,-1,-1,-1
61,11702,447.57846,232.92946,43.656555,20.692993,0.7972112,-1,-1,-1
61,11673,690.0602,302.8815,58.348022,28.258942,0.8478749,-1,-1,-1
61,11690,625.1175,231.18687,55.829956,25.724808,0.63000894,-1,-1,-1
61,11668,710.4967,266.2838,54.308167,26.81549,0.84126246,-1,-1,-1
61,11712,881.5664,235.4665,47.68164,21.485825,0.7815876,-1,-1,-1
61,11713,143.28328,320.37378,75.77098,35.305267,0.6183243,-1,-1,-1
61,11682,488.2446,218.62892,58.260162,26.498108,0.83177334,-1,-1,-1
61,11714,348.2893,252.57071,55.09851,27.803589,0.8332199,-1,-1,-1
61,11706,266.0488,259.20596,65.543365,26.912323,0.69842064,-1,-1,-1
61,11674,522.9227,109.55356,20.309021,17.72277,0.8007813,-1,-1,-1
61,11724,430.36032,250.10912,35.947327,24.367905,0.8174053,-1,-1,-1
61,11685,868.20685,221.6523,43.89087,18.487625,0.52604103,-1,-1,-1
61,11671,901.92114,302.14957,60.858154,28.284058,0.67630804,-1,-1,-1
61,11728,973.0089,208.05685,41.227722,19.91121,0.41142723,-1,-1,-1
61,11683,846.53864,206.2738,45.435974,20.481949,0.51211476,-1,-1,-1
61,11731,0.0,307.20676,20.428036,34.705536,0.6095035,-1,-1,-1
61,11732,25.004372,304.6243,47.720146,33.388306,0.42558447,-1,-1,-1
61,11719,0.0,241.30304,64.67758,33.90805,0.42920837,-1,-1,-1
62,11669,500.1964,163.50087,23.642212,29.506958,0.8344414,-1,-1,-1
62,11676,302.35733,202.16243,57.150635,27.988602,0.29311648,-1,-1,-1
62,11677,249.64894,276.9256,60.581802,28.051422,0.6913195,-1,-1,-1
62,11691,855.18976,267.69376,53.007446,25.209656,0.7708077,-1,-1,-1
62,11692,816.162,281.0176,51.917847,26.204926,0.61441725,-1,-1,-1
62,11684,456.8251,202.06964,52.9653,28.056122,0.854327,-1,-1,-1
62,11702,443.99905,233.34639,43.73166,20.685867,0.80996966,-1,-1,-1
62,11673,693.04956,302.8609,58.341736,28.318207,0.8345743,-1,-1,-1
62,11690,621.6956,231.22507,56.724365,26.134003,0.7052865,-1,-1,-1
62,11668,713.8943,266.25986,55.5484,27.531189,0.83704394,-1,-1,-1
62,11712,878.795,235.51741,48.22052,21.716599,0.77989376,-1,-1,-1
62,11713,145.9215,320.17926,78.32262,36.20523,0.7249509,-1,-1,-1
62,11682,484.02432,218.36073,60.4216,27.61644,0.8321096,-1,-1,-1
62,11714,347.96054,252.83354,55.487823,27.880814,0.8292738,-1,-1,-1
62,11706,266.24756,259.49014,65.376495,26.67691,0.76416105,-1,-1,-1
62,11674,522.51666,109.30195,20.085938,17.568588,0.81186616,-1,-1,-1
62,11724,430.55,250.2641,36.931763,24.088074,0.8303103,-1,-1,-1
62,11685,866.0928,221.69157,43.794983,18.570236,0.41850045,-1,-1,-1
62,11671,901.8931,301.77917,62.966064,28.970062,0.6683556,-1,-1,-1
62,11728,970.3544,208.62485,41.1485,19.7016,0.45105127,-1,-1,-1
62,11683,843.9678,206.17575,45.814392,20.779266,0.52148426,-1,-1,-1
62,11732,27.688198,304.54688,49.347492,34.429047,0.63739693,-1,-1,-1
62,11719,0.0,241.62173,60.482365,33.940887,0.52555215,-1,-1,-1
62,11678,628.44507,279.66498,51.77539,29.90805,0.43682194,-1,-1,-1
62,11687,479.235,250.5357,81.324585,48.971283,0.70982534,-1,-1,-1
62,11725,960.5145,224.526,40.036865,18.856674,0.2610102,-1,-1,-1
63,11669,500.0661,163.71182,23.605164,29.464035,0.83413345,-1,-1,-1
63,11676,299.88016,202.73137,56.339844,27.64714,0.48235363,-1,-1,-1
63,11677,252.09515,276.83282,62.438965,28.832214,0.65383047,-1,-1,-1
63,11691,857.9574,267.77512,52.669373,24.917023,0.78007716,-1,-1,-1
63,11692,818.2525,281.3271,51.99408,26.232971,0.70839065,-1,-1,-1
63,11684,454.02377,202.37279,53.278076,28.209885,0.85387623,-1,-1,-1
63,11702,440.3402,233.63654,44.168304,20.840027,0.8093967,-1,-1,-1
63,11673,695.91296,302.66684,59.432556,28.912598,0.8391487,-1,-1,-1
63,11690,619.2922,231.37187,57.032227,26.394943,0.69992906,-1,-1,-1
63,11668,716.82227,266.14954,55.77588,27.70639,0.8376412,-1,-1,-1
63,11712,876.462,235.55524,48.87445,22.07611,0.82204366,-1,-1,-1
63,11713,155.57336,319.72134,77.04065,35.80307,0.6653532,-1,-1,-1
63,11682,482.2115,218.7206,58.98883,26.965042,0.831169,-1,-1,-1
63,11714,347.65796,253.05978,55.696594,27.88089,0.8259555,-1,-1,-1
63,11706,266.51035,259.91,64.95407,26.250519,0.72397923,-1,-1,-1
63,11674,521.9802,108.943504,20.1745,17.673256,0.81033003,-1,-1,-1
63,11724,430.5179,250.5627,37.6102,23.581253,0.8326485,-1,-1,-1
63,11685,864.06805,221.9334,44.022217,18.690125,0.66240185,-1,-1,-1
63,11671,902.02045,301.67224,64.15839,29.063507,0.53395313,-1,-1,-1
63,11728,968.2894,208.85043,41.696228,19.842682,0.611922,-1,-1,-1
63,11683,841.323,206.23561,45.642212,20.824677,0.58485526,-1,-1,-1
63,11732,30.307781,304.68814,50.57275,35.048553,0.68950164,-1,-1,-1
63,11678,630.744,279.1406,52.654053,30.409576,0.59479034,-1,-1,-1
63,11687,482.43066,249.99974,81.96295,49.295822,0.30705154,-1,-1,-1
63,11711,654.2742,184.01096,42.47809,20.144867,0.28377053,-1,-1,-1
64,11669,500.04745,163.97859,23.636993,29.450134,0.82829684,-1,-1,-1
64,11676,298.25204,203.53682,55.204468,27.092453,0.66251934,-1,-1,-1
64,11677,255.44615,276.84335,63.519485,29.167511,0.6941006,-1,-1,-1
64,11691,861.3869,268.06683,52.53833,24.770569,0.75407714,-1,-1,-1
64,11692,821.8408,281.6447,51.598083,25.875793,0.38942406,-1,-1,-1
64,11684,451.6615,202.40874,53.164246,28.13089,0.84647644,-1,-1,-1
64,11702,435.93845,234.12054,44.371307,20.996643,0.80974233,-1,-1,-1
64,11673,699.1614,302.84518,59.259094,28.866913,0.8292256,-1,-1,-1
64,11690,617.35565,231.72803,56.795715,26.417877,0.73635155,-1,-1,-1
64,11668,720.83514,266.3465,55.473145,27.569672,0.82863075,-1,-1,-1
64,11712,873.9711,235.66385,49.18921,22.211578,0.8167278,-1,-1,-1
64,11713,165.25629,319.44775,75.18111,35.344116,0.72830653,-1,-1,-1
64,11682,478.97565,218.88393,58.86743,26.958252,0.8034946,-1,-1,-1
64,11714,347.4665,253.38618,55.79718,27.831436,0.8246835,-1,-1,-1
64,11706,267.98053,260.40753,63.496246,25.457794,0.7200383,-1,-1,-1
64,11674,521.6367,108.63281,20.15326,17.707085,0.83375174,-1,-1,-1
64,11724,429.88116,250.74634,38.661102,23.412964,0.83079857,-1,-1,-1
64,11685,861.49506,221.72893,44.902893,19.1445,0.59538734,-1,-1,-1
64,11728,964.9626,208.91873,42.944946,20.36229,0.60913527,-1,-1,-1
64,11683,837.9842,206.1177,46.300476,21.20398,0.44683012,-1,-1,-1
64,11732,31.905079,304.99564,51.789364,35.384583,0.7166696,-1,-1,-1
64,11678,634.98303,278.92932,52.960327,30.840485,0.5535531,-1,-1,-1
64,11687,484.95486,249.82935,82.96628,49.865906,0.34802186,-1,-1,-1
65,11669,499.91827,164.31447,23.67517,29.45758,0.8368738,-1,-1,-1
65,11676,296.6074,204.51385,53.84494,26.3172,0.7746648,-1,-1,-1
65,11677,258.79153,276.79163,64.22357,29.606293,0.7595443,-1,-1,-1
65,11691,864.95044,268.20636,52.497375,24.77008,0.726898,-1,-1,-1
65,11692,824.71185,282.21252,51.573914,25.733307,0.34543395,-1,-1,-1
65,11684,449.21506,202.68172,52.843353,27.896606,0.84656024,-1,-1,-1
65,11702,432.76907,234.73769,42.73654,20.08908,0.80990267,-1,-1,-1
65,11673,702.0939,303.0237,59.060303,28.798676,0.83886224,-1,-1,-1
65,11690,616.1974,232.2626,56.7724,26.597717,0.7487469,-1,-1,-1
65,11668,724.0899,266.46188,55.546936,27.726654,0.82622665,-1,-1,-1
65,11712,871.2086,235.63765,49.55829,22.382523,0.80991,-1,-1,-1
65,11713,168.34273,319.49304,75.577225,35.752563,0.78311896,-1,-1,-1
65,11682,476.64133,219.15437,57.838043,26.532715,0.8208675,-1,-1,-1
65,11714,347.06503,253.74115,55.76364,27.714386,0.8257654,-1,-1,-1
65,11706,267.91525,260.67346,63.23694,25.182953,0.67134184,-1,-1,-1
65,11674,521.1737,108.41451,19.971558,17.646019,0.83214474,-1,-1,-1
65,11724,428.1846,250.47043,41.10605,24.243103,0.8202826,-1,-1,-1
65,11685,859.6967,222.02513,44.59015,19.075226,0.49120498,-1,-1,-1
65,11728,963.3945,209.13644,41.98462,19.821991,0.6846866,-1,-1,-1
65,11683,834.7174,206.33006,46.521423,21.407898,0.5762067,-1,-1,-1
65,11732,33.552467,305.00256,53.723434,35.99478,0.79869896,-1,-1,-1
65,11678,638.9056,279.05658,52.687378,30.876465,0.5885733,-1,-1,-1
65,11687,487.27148,250.05563,84.22638,50.74646,0.31284422,-1,-1,-1
66,11669,499.83432,164.73962,23.549652,29.210815,0.83557135,-1,-1,-1
66,11676,292.9654,204.68977,53.944397,26.248215,0.7003529,-1,-1,-1
66,11677,262.22202,276.62842,64.78003,29.758118,0.7780577,-1,-1,-1
66,11691,868.55414,268.36945,52.697266,24.877106,0.6608866,-1,-1,-1
66,11692,827.7809,282.1558,51.305725,25.511871,0.28274485,-1,-1,-1
66,11684,446.59393,203.26947,52.245636,27.502121,0.8316898,-1,-1,-1
66,11702,429.22433,234.9483,42.31009,19.808151,0.8085427,-1,-1,-1
66,11673,705.03204,303.11826,59.072327,28.829956,0.83121866,-1,-1,-1
66,11690,614.0627,232.66992,57.257874,27.116364,0.7830772,-1,-1,-1
66,11668,726.99,266.43884,56.434143,28.310425,0.8305114,-1,-1,-1
66,11712,868.59454,235.97318,49.441162,22.343475,0.7566376,-1,-1,-1
66,11713,172.24117,319.83157,75.39397,35.79187,0.8062345,-1,-1,-1
66,11682,473.69653,219.32114,57.318237,26.335861,0.81058055,-1,-1,-1
66,11714,346.80124,254.03925,55.75995,27.63852,0.82202256,-1,-1,-1
66,11706,268.91058,261.0055,61.408295,24.22702,0.5069246,-1,-1,-1
66,11674,520.40875,108.33462,19.566406,17.3256,0.8100028,-1,-1,-1
66,11724,427.01166,250.39638,42.68283,24.567978,0.82054234,-1,-1,-1
66,11728,961.94745,209.24274,41.768066,19.638428,0.5333331,-1,-1,-1
66,11683,831.8991,206.44215,46.96405,21.729004,0.41535836,-1,-1,-1
66,11732,35.772533,304.94443,55.90076,36.61371,0.8128052,-1,-1,-1
66,11678,642.67114,279.25806,51.962524,30.67752,0.64644146,-1,-1,-1
66,11687,490.56915,250.08873,84.20007,50.951767,0.42046458,-1,-1,-1
67,11669,499.99112,165.0971,23.35019,28.88655,0.83413184,-1,-1,-1
67,11676,290.28577,205.42352,53.559357,25.963867,0.6535071,-1,-1,-1
67,11677,264.57962,276.56,65.48135,30.06369,0.80575615,-1,-1,-1
67,11691,872.1621,268.70822,52.913452,24.985931,0.6192761,-1,-1,-1
67,11692,830.06537,282.58057,51.289,25.492188,0.25580978,-1,-1,-1
67,11684,443.72595,203.43707,52.30481,27.480042,0.8403319,-1,-1,-1
67,11702,425.69553,235.13992,42.666046,19.828995,0.81162643,-1,-1,-1
67,11673,707.5818,303.05502,59.262268,28.954803,0.8364907,-1,-1,-1
67,11690,611.1341,232.70265,57.29663,27.392166,0.78979504,-1,-1,-1
67,11668,730.4399,266.42053,56.032654,28.165405,0.8157427,-1,-1,-1
67,11712,865.82025,235.86017,50.42035,22.793152,0.42699862,-1,-1,-1
67,11713,175.74294,319.958,75.172165,35.615692,0.76518804,-1,-1,-1
67,11682,471.25842,219.70587,56.397156,25.828583,0.80815995,-1,-1,-1
67,11714,346.55023,254.37799,55.41037,27.36737,0.8164367,-1,-1,-1
67,11706,268.40308,260.79758,61.08075,23.91742,0.31884524,-1,-1,-1
67,11674,519.9523,107.803085,19.58789,17.43766,0.8206053,-1,-1,-1
67,11724,425.9884,250.46957,44.052643,24.830017,0.82224876,-1,-1,-1
67,11728,959.2909,209.48735,42.250793,19.775085,0.4550923,-1,-1,-1
67,11732,39.264977,304.8913,57.825462,36.946808,0.8462185,-1,-1,-1
67,11678,646.29974,279.40582,51.78064,30.776154,0.64368415,-1,-1,-1
67,11687,494.23685,250.43034,83.92264,50.89189,0.61445725,-1,-1,-1
67,11738,495.29547,250.87991,77.97534,51.16284,0.4647118,-1,-1,-1
68,11669,499.97394,165.42345,23.298523,28.734573,0.8309479,-1,-1,-1
68,11676,287.99387,206.63953,52.501312,25.31575,0.6894927,-1,-1,-1
68,11677,266.64273,276.5296,66.20413,30.368683,0.80687016,-1,-1,-1
68,11691,875.7696,268.73044,53.085693,25.171448,0.603625,-1,-1,-1
68,11684,440.64325,203.6442,52.208893,27.3116,0.82708687,-1,-1,-1
68,11702,421.53885,235.17696,43.77838,20.381226,0.80931765,-1,-1,-1
68,11673,710.72864,303.42963,59.247192,28.945312,0.82258624,-1,-1,-1
68,11690,608.5308,232.6258,56.455933,27.261261,0.7986074,-1,-1,-1
68,11668,734.3236,266.47623,55.7641,28.112122,0.81327,-1,-1,-1
68,11712,862.77313,236.0513,49.673523,22.455933,0.37628755,-1,-1,-1
68,11713,178.2184,320.06638,76.57507,36.240784,0.7975007,-1,-1,-1
68,11682,467.3602,219.80391,56.543182,25.877487,0.7987685,-1,-1,-1
68,11714,346.39224,254.6624,55.273132,27.21251,0.81502587,-1,-1,-1
68,11706,268.4665,260.52994,59.609955,23.12918,0.31300414,-1,-1,-1
68,11674,519.60156,107.39513,19.687134,17.642174,0.81926847,-1,-1,-1
68,11724,425.23398,250.86612,44.86328,24.853394,0.8170063,-1,-1,-1
68,11728,956.88354,209.57423,42.98236,20.077347,0.44004002,-1,-1,-1
68,11732,44.398228,304.82156,59.16637,36.88495,0.8538711,-1,-1,-1
68,11678,648.21704,279.46985,53.221313,31.762115,0.48320594,-1,-1,-1
68,11687,496.73825,250.6188,83.289276,50.68155,0.53976893,-1,-1,-1
68,11738,497.24414,251.00844,77.606995,50.926865,0.65855265,-1,-1,-1
69,11669,499.71512,165.6561,23.344696,28.655807,0.8288652,-1,-1,-1
69,11676,284.99496,206.66058,53.062927,25.522263,0.5980261,-1,-1,-1
69,11677,268.83316,277.0048,66.28604,30.441956,0.8093457,-1,-1,-1
69,11691,879.2908,268.88177,54.322083,25.861572,0.4817975,-1,-1,-1
69,11684,438.01968,203.67073,51.987152,27.143555,0.82506424,-1,-1,-1
69,11702,417.61597,235.26886,44.792786,20.892395,0.819413,-1,-1,-1
69,11673,713.7261,303.60757,58.76837,28.73642,0.83756316,-1,-1,-1
69,11690,606.04987,232.67897,55.314392,26.88536,0.80367464,-1,-1,-1
69,11668,738.07605,266.49112,55.905945,28.32138,0.79226243,-1,-1,-1
69,11712,858.67804,236.36372,50.23651,22.597458,0.42776832,-1,-1,-1
69,11713,183.32727,320.29294,75.835846,35.798096,0.7781844,-1,-1,-1
69,11682,463.68668,219.84528,57.142853,26.208572,0.8042774,-1,-1,-1
69,11714,346.37964,255.07968,55.058563,26.994598,0.8191384,-1,-1,-1
69,11706,268.45346,260.5903,60.66916,23.405762,0.31793022,-1,-1,-1
69,11674,518.8581,106.899025,19.85785,17.911362,0.8041502,-1,-1,-1
69,11724,424.83984,251.2462,45.61844,24.848679,0.82294405,-1,-1,-1
69,11728,955.65405,209.64743,42.583008,19.8488,0.39993775,-1,-1,-1
69,11732,49.72253,305.10855,60.523235,36.746796,0.8654441,-1,-1,-1
69,11678,652.5888,279.51074,52.918762,31.923706,0.6783095,-1,-1,-1
69,11687,500.36218,250.62936,83.63013,50.950775,0.45004663,-1,-1,-1
69,11738,500.74573,251.15503,77.548706,50.89502,0.68700117,-1,-1,-1
69,11683,824.9947,208.05579,44.556763,20.482834,0.4216658,-1,-1,-1
69,11692,836.19574,282.57626,50.989746,25.221771,0.3098875,-1,-1,-1
70,11669,499.32278,165.7998,23.568329,28.821762,0.8288487,-1,-1,-1
70,11676,282.08774,207.48123,52.87848,25.291656,0.45745906,-1,-1,-1
70,11677,272.36295,277.36914,65.986084,30.329865,0.80383784,-1,-1,-1
70,11691,882.5582,269.05664,54.265503,25.930328,0.6252218,-1,-1,-1
70,11684,434.5848,203.93459,53.002686,27.72728,0.8277768,-1,-1,-1
70,11702,413.63193,235.67204,46.068787,21.52855,0.8173694,-1,-1,-1
70,11673,716.5476,303.8706,58.47766,28.606628,0.83127695,-1,-1,-1
70,11690,602.9197,232.62747,54.962585,26.865631,0.82203496,-1,-1,-1
70,11668,741.23175,266.61563,55.875854,28.379608,0.82041246,-1,-1,-1
70,11712,856.15643,236.32246,50.75226,22.807266,0.29222918,-1,-1,-1
70,11713,186.74324,320.26443,77.23241,36.427826,0.7862017,-1,-1,-1
70,11682,460.6427,219.81749,56.82025,26.085297,0.7908142,-1,-1,-1
70,11714,346.09155,255.50134,55.421783,27.080475,0.8171305,-1,-1,-1
70,11706,267.9492,260.55475,61.016663,23.35498,0.30356997,-1,-1,-1
70,11674,518.0012,106.50069,20.081177,18.197075,0.811279,-1,-1,-1
70,11724,424.29468,251.53586,46.358154,24.844452,0.83541495,-1,-1,-1
70,11728,953.7129,209.89099,42.217285,19.607727,0.6276022,-1,-1,-1
70,11732,55.016304,305.1129,61.83406,36.726807,0.8586454,-1,-1,-1
70,11678,655.8933,279.40845,52.541992,31.903381,0.7532618,-1,-1,-1
70,11687,504.32806,250.67033,83.2536,50.859116,0.5695485,-1,-1,-1
70,11738,504.8,251.1345,77.878235,51.0562,0.7121274,-1,-1,-1
71,11669,498.81842,165.7233,23.725403,28.991104,0.8289288,-1,-1,-1
71,11676,279.33493,207.26712,53.37384,25.513687,0.57480365,-1,-1,-1
71,11677,275.94443,277.8509,64.51953,29.66092,0.81706095,-1,-1,-1
71,11691,885.9362,269.44345,53.596252,25.618927,0.50017524,-1,-1,-1
71,11684,431.55753,204.10345,53.14206,27.86795,0.8267763,-1,-1,-1
71,11702,409.56976,235.96921,48.126648,22.59143,0.8138607,-1,-1,-1
71,11673,719.3848,303.7532,58.599,28.681213,0.8317437,-1,-1,-1
71,11690,599.6549,232.68985,55.23462,27.12323,0.8187198,-1,-1,-1
71,11668,744.9229,266.72424,54.81848,27.812653,0.83054405,-1,-1,-1
71,11712,851.4628,236.31763,51.34204,22.915009,0.31581202,-1,-1,-1
71,11713,191.1173,320.54764,77.74156,36.70462,0.79475886,-1,-1,-1
71,11682,456.1922,219.8781,57.074646,26.130966,0.7894005,-1,-1,-1
71,11714,345.9141,255.85551,55.587402,27.085617,0.8194328,-1,-1,-1
71,11706,266.49387,260.6838,63.99539,24.587036,0.48873076,-1,-1,-1
71,11674,517.4341,106.51199,19.89618,18.136536,0.78280765,-1,-1,-1
71,11724,423.59244,251.86414,47.021545,24.777496,0.8350828,-1,-1,-1
71,11728,952.3984,210.32108,41.27594,19.10048,0.5934689,-1,-1,-1
71,11732,60.440086,305.15567,63.633347,36.957397,0.8566549,-1,-1,-1
71,11678,659.6148,279.41922,52.342896,32.036804,0.81555724,-1,-1,-1
71,11687,507.5984,249.76614,84.58508,51.925873,0.74317783,-1,-1,-1
71,11738,508.34366,251.21397,77.86905,51.011948,0.6880608,-1,-1,-1
71,11692,841.037,282.73257,50.98578,25.238983,0.33382297,-1,-1,-1
72,11669,498.83743,165.82037,23.631744,28.904938,0.82492024,-1,-1,-1
72,11676,276.61566,207.28024,53.399567,25.573395,0.46701118,-1,-1,-1
72,11677,279.8086,278.30396,63.281677,29.067139,0.8279969,-1,-1,-1
72,11691,889.6574,269.1618,53.151245,25.442047,0.4078626,-1,-1,-1
72,11684,428.9975,204.32597,52.659485,27.60347,0.83348465,-1,-1,-1
72,11702,405.95688,236.35762,48.54535,22.831253,0.80443996,-1,-1,-1
72,11673,722.81573,304.0038,58.865906,28.760162,0.8232699,-1,-1,-1
72,11690,596.7883,233.1695,54.00769,26.633545,0.8095812,-1,-1,-1
72,11668,748.6967,266.885,54.56958,27.739685,0.8300163,-1,-1,-1
72,11712,848.1196,235.8916,52.686646,23.457886,0.3323615,-1,-1,-1
72,11713,196.08424,320.15567,77.27644,36.433014,0.7759112,-1,-1,-1
72,11682,452.812,220.68881,56.60141,25.809158,0.78084975,-1,-1,-1
72,11714,345.74423,256.1383,55.495422,26.967133,0.8171693,-1,-1,-1
72,11706,264.8362,260.84912,65.989655,25.501526,0.68524337,-1,-1,-1
72,11674,517.1098,106.43434,19.452026,17.82087,0.7686425,-1,-1,-1
72,11724,423.015,252.15855,47.10147,24.439377,0.82911193,-1,-1,-1
72,11728,950.2995,210.41248,41.538574,19.177933,0.51995957,-1,-1,-1
72,11732,65.310455,304.96625,64.857086,36.970673,0.849666,-1,-1,-1
72,11678,662.9648,279.50183,52.00891,31.962006,0.832108,-1,-1,-1
72,11687,510.88925,249.44208,84.980316,52.26718,0.74734914,-1,-1,-1
72,11738,513.1777,251.47649,77.7511,50.767136,0.5113763,-1,-1,-1
72,11711,636.74426,181.4492,43.840454,21.292358,0.28733036,-1,-1,-1
73,11669,498.91876,166.0669,23.37561,28.61029,0.81404155,-1,-1,-1
73,11676,273.95752,207.39203,53.28586,25.514679,0.49383765,-1,-1,-1
73,11677,283.4908,278.4868,62.679993,28.696777,0.8133638,-1,-1,-1
73,11691,893.1696,269.18646,52.703796,25.222626,0.40191093,-1,-1,-1
73,11684,426.52417,204.32011,52.492004,27.496521,0.82380897,-1,-1,-1
73,11702,402.0006,236.30592,49.571625,23.380417,0.8191508,-1,-1,-1
73,11673,725.83093,303.86636,58.507935,28.581818,0.83919346,-1,-1,-1
73,11690,593.8428,233.67395,52.861816,26.15329,0.75178486,-1,-1,-1
73,11668,752.32214,266.77545,54.869934,27.98462,0.8316039,-1,-1,-1
73,11712,845.57446,235.68878,52.993713,23.718048,0.6182174,-1,-1,-1
73,11713,201.34845,320.13232,76.886536,36.255524,0.7984133,-1,-1,-1
73,11682,448.67172,220.59416,58.323883,26.599075,0.7826596,-1,-1,-1
73,11714,345.63022,256.30234,55.433807,26.824951,0.8153372,-1,-1,-1
73,11706,263.34018,261.04626,67.8587,26.350586,0.7401936,-1,-1,-1
73,11674,516.78143,106.059395,19.203003,17.71157,0.79738694,-1,-1,-1
73,11724,422.52686,252.35504,47.376312,24.266296,0.8287137,-1,-1,-1
73,11728,947.6384,210.41286,42.505493,19.590973,0.654335,-1,-1,-1
73,11732,70.50907,305.00867,66.451744,37.23065,0.82674265,-1,-1,-1
73,11678,666.6969,279.63626,51.20691,31.532227,0.83858895,-1,-1,-1
73,11687,514.46375,249.50894,84.27051,52.00815,0.5967871,-1,-1,-1
73,11738,517.29297,251.33444,77.5022,50.461975,0.27095658,-1,-1,-1
73,11711,634.8146,180.25612,44.273315,21.894943,0.49219388,-1,-1,-1
73,11685,840.21765,223.29987,55.781982,24.499512,0.3414328,-1,-1,-1
73,11692,846.14984,282.5355,51.698486,25.801483,0.58916736,-1,-1,-1
74,11669,498.79227,166.14198,23.258575,28.506271,0.8141815,-1,-1,-1
74,11676,270.70212,207.20084,53.990295,25.901825,0.2687099,-1,-1,-1
74,11677,287.05774,278.59262,62.179047,28.415924,0.8125951,-1,-1,-1
74,11691,896.90393,269.17603,52.618774,25.161957,0.50330335,-1,-1,-1
74,11684,422.7866,204.25475,54.080444,28.477417,0.8363706,-1,-1,-1
74,11702,398.5903,236.372,49.46222,23.397995,0.8257594,-1,-1,-1
74,11673,728.5609,303.77878,58.652527,28.652588,0.8321964,-1,-1,-1
74,11690,591.3024,233.81201,52.34442,25.923615,0.8209685,-1,-1,-1
74,11668,755.9115,266.72745,54.302917,27.67694,0.84173834,-1,-1,-1
74,11712,844.12836,235.88708,51.90094,23.245117,0.6854231,-1,-1,-1
74,11713,206.66692,320.24725,76.05409,35.834106,0.7969758,-1,-1,-1
74,11682,445.4111,220.6306,58.102478,26.431503,0.7707315,-1,-1,-1
74,11714,345.74057,256.65652,54.94101,26.34903,0.8089686,-1,-1,-1
74,11706,258.81622,261.0029,70.779205,27.868927,0.71289515,-1,-1,-1
74,11674,516.2199,105.56187,18.991455,17.647049,0.7950606,-1,-1,-1
74,11724,421.29166,252.2848,48.286255,24.441269,0.83594334,-1,-1,-1
74,11728,946.0999,210.4896,41.995605,19.322632,0.5105439,-1,-1,-1
74,11732,75.39865,304.454,67.56625,37.278656,0.8144944,-1,-1,-1
74,11678,670.05884,279.58557,50.955322,31.430847,0.83687407,-1,-1,-1
74,11687,518.608,249.49449,83.249084,51.44606,0.7429801,-1,-1,-1
74,11711,632.9495,179.99768,43.864746,22.167755,0.44999042,-1,-1,-1
74,11685,840.3547,223.55264,52.045166,23.052658,0.41516787,-1,-1,-1
74,11692,848.9917,282.51007,51.143616,25.61203,0.53394735,-1,-1,-1
74,11683,809.2966,208.14,47.176453,21.865082,0.25872645,-1,-1,-1
75,11669,498.68716,166.22948,23.197662,28.453842,0.8094287,-1,-1,-1
75,11677,290.79886,278.9233,61.52539,27.976013,0.81409985,-1,-1,-1
75,11691,900.1078,268.97192,51.942688,24.789124,0.40184093,-1,-1,-1
75,11684,420.87473,204.43565,53.471283,28.033844,0.80724305,-1,-1,-1
75,11702,395.5414,236.3897,49.86966,23.635544,0.8299055,-1,-1,-1
75,11673,731.40216,303.5905,58.580566,28.598969,0.82625896,-1,-1,-1
75,11690,588.8991,233.6776,51.820312,25.631393,0.7820872,-1,-1,-1
75,11668,759.6338,266.64334,54.15387,27.647858,0.8477935,-1,-1,-1
75,11712,842.76416,236.20871,51.17755,22.931244,0.78209,-1,-1,-1
75,11713,210.83691,320.0599,75.84021,35.651398,0.7810075,-1,-1,-1
75,11682,441.52313,220.40016,58.10797,26.30281,0.73621565,-1,-1,-1
75,11714,345.40573,256.7842,55.242798,26.320251,0.81373715,-1,-1,-1
75,11706,256.01645,261.4319,70.14963,28.14215,0.73589975,-1,-1,-1
75,11674,515.88934,105.34757,18.68805,17.40577,0.806437,-1,-1,-1
75,11724,419.97604,251.88745,50.169067,25.204102,0.84469086,-1,-1,-1
75,11728,944.4773,210.46132,41.79779,19.273605,0.48578718,-1,-1,-1
75,11732,81.22049,304.26498,68.13806,37.01703,0.84701604,-1,-1,-1
75,11678,674.0006,279.64816,50.222046,31.067139,0.8340089,-1,-1,-1
75,11687,522.0228,249.55391,82.76184,51.214066,0.7635745,-1,-1,-1
75,11711,631.86475,179.41516,42.77362,21.823532,0.47648025,-1,-1,-1
75,11685,839.6378,223.45743,49.907898,22.159378,0.29178023,-1,-1,-1
75,11692,851.94946,282.3176,51.31537,25.912262,0.48110232,-1,-1,-1
75,11683,807.6725,208.36566,45.637634,21.257156,0.3538594,-1,-1,-1
76,11669,498.50708,166.29242,23.146362,28.427628,0.81408054,-1,-1,-1
76,11677,295.1203,279.0031,60.762512,27.473755,0.8201016,-1,-1,-1
76,11691,903.5902,268.41965,52.63495,25.17743,0.30701235,-1,-1,-1
76,11684,418.24255,204.63399,52.54901,27.495834,0.8219515,-1,-1,-1
76,11702,391.61258,236.41658,50.181793,23.85286,0.8242042,-1,-1,-1
76,11673,733.9813,303.27087,58.507935,28.560242,0.83647734,-1,-1,-1
76,11690,585.7159,233.6563,50.230225,24.83879,0.8155344,-1,-1,-1
76,11668,763.3747,266.57968,54.122437,27.735016,0.84394336,-1,-1,-1
76,11712,841.0864,236.21608,50.97931,22.886337,0.76724225,-1,-1,-1
76,11713,215.56691,320.0126,75.40315,35.33896,0.8029265,-1,-1,-1
76,11682,439.04504,220.59894,57.416718,25.952637,0.7891055,-1,-1,-1
76,11714,345.19742,256.87152,55.83908,26.41272,0.8074841,-1,-1,-1
76,11706,257.077,261.50247,71.10904,28.806458,0.74033827,-1,-1,-1
76,11674,515.69073,104.94422,18.393799,17.216263,0.81486446,-1,-1,-1
76,11724,419.78522,251.85408,50.19211,25.047379,0.8410431,-1,-1,-1
76,11728,942.849,210.28337,41.365356,19.038208,0.4867899,-1,-1,-1
76,11732,86.64163,303.96545,68.88936,36.882965,0.83418417,-1,-1,-1
76,11678,677.97565,279.81128,49.54425,30.606537,0.8211343,-1,-1,-1
76,11687,524.8495,249.92682,81.57562,50.550537,0.57642084,-1,-1,-1
76,11711,630.22565,178.6997,42.67755,21.934433,0.58849704,-1,-1,-1
76,11685,838.51587,223.65222,47.65454,21.188248,0.261342,-1,-1,-1
76,11692,854.59406,281.90546,51.381653,26.094513,0.54256815,-1,-1,-1
76,11683,804.91016,208.32225,45.54828,21.309265,0.45366117,-1,-1,-1
77,11669,498.38492,166.24443,23.102997,28.40303,0.8208518,-1,-1,-1
77,11677,298.12677,278.86035,60.824707,27.403381,0.83331776,-1,-1,-1
77,11684,415.21512,204.6179,52.393433,27.400833,0.81343275,-1,-1,-1
77,11702,387.96146,236.2152,50.49536,24.001083,0.8297969,-1,-1,-1
77,11673,737.3238,303.1858,57.559814,28.064606,0.82246417,-1,-1,-1
77,11690,582.8065,233.20862,50.61328,25.037964,0.8214169,-1,-1,-1
77,11668,766.77893,266.47934,54.2063,27.808502,0.84509736,-1,-1,-1
77,11712,839.20325,236.41418,50.642944,22.737366,0.6060598,-1,-1,-1
77,11713,220.4366,319.75012,75.851,35.486694,0.72907126,-1,-1,-1
77,11682,436.2361,220.54279,57.497833,25.988968,0.7885349,-1,-1,-1
77,11714,344.7357,256.8667,56.281677,26.459747,0.81152755,-1,-1,-1
77,11706,257.49057,261.53473,72.286285,29.49295,0.7698655,-1,-1,-1
77,11674,515.261,104.49503,18.307007,17.160538,0.82772493,-1,-1,-1
77,11724,419.46292,251.76369,50.41681,25.01506,0.84144455,-1,-1,-1
77,11728,941.382,210.41127,40.006226,18.321732,0.3380629,-1,-1,-1
77,11732,91.90155,303.63458,69.34961,36.673126,0.84835094,-1,-1,-1
77,11678,681.0342,279.5197,49.47937,30.61029,0.8249556,-1,-1,-1
77,11687,527.3761,250.23987,81.24902,50.54547,0.2802005,-1,-1,-1
77,11711,629.3402,177.98787,41.733887,21.356293,0.38415277,-1,-1,-1
77,11685,836.8757,223.88182,46.55487,20.722916,0.3322629,-1,-1,-1
77,11692,857.2928,281.68207,51.729553,26.367188,0.29757917,-1,-1,-1
78,11669,498.25772,166.15813,23.02597,28.337982,0.8222889,-1,-1,-1
78,11677,301.15045,278.73178,61.489777,27.615753,0.8276166,-1,-1,-1
78,11684,412.61597,204.72603,52.35089,27.314148,0.8223703,-1,-1,-1
78,11702,384.70508,236.20494,49.913147,23.750412,0.811258,-1,-1,-1
78,11673,740.1019,303.1012,57.496338,28.013275,0.8445797,-1,-1,-1
78,11690,579.8498,233.08827,50.544067,25.008835,0.8082875,-1,-1,-1
78,11668,770.7375,266.56924,52.886658,27.122742,0.88828516,-1,-1,-1
78,11712,836.60376,236.30469,50.76111,22.781769,0.72825843,-1,-1,-1
78,11713,225.271,319.718,75.13489,35.10901,0.73131293,-1,-1,-1
78,11682,433.45828,220.45082,57.07144,25.775177,0.71744674,-1,-1,-1
78,11714,344.2331,256.75858,56.424835,26.371796,0.8087874,-1,-1,-1
78,11706,258.0148,261.08844,73.44412,30.118378,0.7799217,-1,-1,-1
78,11674,514.91785,103.88161,18.078308,17.054817,0.8369251,-1,-1,-1
78,11724,419.0269,251.6432,51.008728,25.182724,0.833064,-1,-1,-1
78,11728,937.8121,210.22205,41.829285,19.157516,0.5138007,-1,-1,-1
78,11732,95.89429,303.28986,70.34479,37.0076,0.8129436,-1,-1,-1
78,11678,683.93274,279.0204,50.272278,31.128326,0.8255658,-1,-1,-1
78,11687,529.4403,250.79578,80.51965,50.54425,0.39856064,-1,-1,-1
78,11685,834.93384,223.59282,44.528137,19.732605,0.38753152,-1,-1,-1
78,11692,860.6872,281.5651,50.699158,25.729218,0.4768717,-1,-1,-1
78,11691,910.1681,268.49646,52.67102,25.251617,0.56169546,-1,-1,-1
79,11669,498.11002,165.96881,23.054535,28.379623,0.82079834,-1,-1,-1
79,11677,304.04065,278.9055,61.66855,27.636017,0.82159746,-1,-1,-1
79,11684,409.92047,204.73613,51.98703,27.03714,0.81107414,-1,-1,-1
79,11702,380.68564,236.1793,49.793762,23.799332,0.80727434,-1,-1,-1
79,11673,742.7394,303.0827,57.60736,27.988525,0.83422524,-1,-1,-1
79,11690,576.8498,232.95805,50.372498,24.985092,0.788704,-1,-1,-1
79,11668,774.5173,266.56427,52.296387,26.771637,0.84822506,-1,-1,-1
79,11712,833.6728,236.48584,50.307434,22.619507,0.6996351,-1,-1,-1
79,11713,230.2067,319.55322,75.6633,35.350494,0.79992735,-1,-1,-1
79,11682,430.4867,220.3038,56.26944,25.328476,0.7656504,-1,-1,-1
79,11714,343.89035,256.85,56.028625,26.049225,0.8058922,-1,-1,-1
79,11706,258.36768,261.15268,73.63193,30.276245,0.78461456,-1,-1,-1
79,11674,514.3931,103.38178,17.710815,16.740662,0.8336916,-1,-1,-1
79,11724,418.76886,251.59431,51.148926,25.114914,0.82343936,-1,-1,-1
79,11728,934.7477,210.08412,42.893494,19.623154,0.5212656,-1,-1,-1
79,11732,102.012085,303.16428,69.65469,36.286865,0.8221524,-1,-1,-1
79,11678,686.9791,278.45163,51.179504,31.77069,0.81822973,-1,-1,-1
79,11687,532.06525,250.03607,81.42316,51.44232,0.49298286,-1,-1,-1
79,11685,833.0564,223.59123,44.292664,19.648819,0.34565684,-1,-1,-1
79,11692,863.5372,281.45944,50.69403,25.659393,0.31347293,-1,-1,-1
79,11691,913.2971,268.2157,54.407104,26.183197,0.43097493,-1,-1,-1
80,11669,498.02847,165.90237,23.069672,28.43599,0.8235843,-1,-1,-1
80,11677,308.20776,279.2142,61.034668,27.176788,0.82592094,-1,-1,-1
80,11684,407.05844,204.79932,51.86505,26.870438,0.81806725,-1,-1,-1
80,11702,377.04678,236.2155,49.700897,23.863876,0.82086074,-1,-1,-1
80,11673,745.90125,303.1007,57.355896,27.816376,0.83930737,-1,-1,-1
80,11690,574.78796,233.14462,49.093018,24.255829,0.77097005,-1,-1,-1
80,11668,778.6246,266.66226,51.520752,26.391571,0.8779951,-1,-1,-1
80,11712,831.2311,236.65573,49.913025,22.469025,0.7263782,-1,-1,-1
80,11713,234.54628,319.19254,76.17232,35.51831,0.7837472,-1,-1,-1
80,11682,427.8258,220.7036,54.69461,24.512573,0.7830525,-1,-1,-1
80,11714,343.9374,257.05026,55.179657,25.496765,0.8051721,-1,-1,-1
80,11706,258.41714,261.26318,73.3898,30.22528,0.808781,-1,-1,-1
80,11674,514.0231,102.671616,17.475159,16.620224,0.8427281,-1,-1,-1
80,11724,418.75668,251.57816,51.339325,25.091705,0.8132154,-1,-1,-1
80,11728,932.24005,210.12935,42.95117,19.633606,0.5570054,-1,-1,-1
80,11732,109.73167,303.21988,69.45464,35.593903,0.8150922,-1,-1,-1
80,11678,690.4484,278.5081,50.866028,31.55008,0.83585966,-1,-1,-1
80,11687,537.1766,250.44762,79.910095,50.38594,0.5154653,-1,-1,-1
80,11685,832.01575,223.59418,43.2088,19.049606,0.3595905,-1,-1,-1
80,11692,865.94415,281.1686,51.42517,26.14682,0.4745872,-1,-1,-1
80,11683,794.0922,208.57925,44.72528,20.782059,0.2862846,-1,-1,-1
81,11669,497.71878,165.9619,23.10025,28.49945,0.83024573,-1,-1,-1
81,11677,311.0809,279.0999,61.124878,27.109894,0.80538315,-1,-1,-1
81,11684,405.07626,204.95886,50.237244,25.79097,0.81186646,-1,-1,-1
81,11702,372.88394,236.09589,49.834717,24.001312,0.8298734,-1,-1,-1
81,11673,748.8831,302.7736,57.681458,27.93814,0.8328624,-1,-1,-1
81,11690,572.18304,233.35567,48.444275,23.77629,0.71421325,-1,-1,-1
81,11668,782.30096,266.81897,50.973755,25.961914,0.8540678,-1,-1,-1
81,11712,828.7504,236.62671,49.736816,22.415436,0.8069682,-1,-1,-1
81,11713,239.3316,319.3092,75.76437,35.360443,0.8152049,-1,-1,-1
81,11682,424.39505,220.71031,54.5343,24.283203,0.7738912,-1,-1,-1
81,11714,343.61682,256.99225,54.93329,25.26532,0.8066265,-1,-1,-1
81,11706,258.574,261.3548,73.00238,30.095947,0.8147696,-1,-1,-1
81,11674,513.52325,101.89425,17.311035,16.502548,0.8142152,-1,-1,-1
81,11724,418.56293,251.68523,51.37387,24.986252,0.81573826,-1,-1,-1
81,11728,929.9052,210.0513,42.833557,19.571121,0.61854017,-1,-1,-1
81,11732,116.311966,303.06238,69.747314,35.088104,0.82417387,-1,-1,-1
81,11678,693.4929,278.33707,50.809204,31.529999,0.8343845,-1,-1,-1
81,11687,540.6467,249.25595,81.258545,51.30362,0.3766276,-1,-1,-1
81,11685,829.879,223.38428,42.85437,18.735611,0.61185473,-1,-1,-1
81,11692,868.462,281.30966,50.877808,25.882385,0.7424602,-1,-1,-1
81,11683,791.6114,208.555,44.254456,20.551865,0.7075387,-1,-1,-1
81,11691,919.5602,268.83218,53.81726,26.007935,0.7662183,-1,-1,-1
82,11669,497.51868,165.73882,23.26416,28.713654,0.83131266,-1,-1,-1
82,11677,314.24728,278.9706,60.92273,26.945618,0.78331697,-1,-1,-1
82,11684,402.7943,205.09589,49.48401,25.181503,0.8074491,-1,-1,-1
82,11702,369.39484,236.22481,49.90341,24.127518,0.83178824,-1,-1,-1
82,11673,751.8503,302.45834,57.49347,27.832184,0.8520708,-1,-1,-1
82,11690,569.20557,233.73683,48.42621,23.546127,0.7295984,-1,-1,-1
82,11668,785.588,266.72433,50.67798,25.732666,0.87513554,-1,-1,-1
82,11712,826.36945,236.6284,49.412415,22.2957,0.796128,-1,-1,-1
82,11713,244.3674,318.8872,75.772705,35.36267,0.8087896,-1,-1,-1
82,11682,420.40115,220.82219,54.302338,23.980728,0.72379565,-1,-1,-1
82,11714,343.39264,256.83408,54.881805,25.136108,0.8164699,-1,-1,-1
82,11706,258.49103,261.33374,72.998505,30.122864,0.81051844,-1,-1,-1
82,11674,512.9275,101.34011,17.334229,16.586609,0.8178175,-1,-1,-1
82,11724,417.96548,251.64526,51.98709,25.18283,0.8193826,-1,-1,-1
82,11728,927.7139,209.97472,42.67096,19.50528,0.646107,-1,-1,-1
82,11732,120.940506,302.5017,71.58711,35.70764,0.8368011,-1,-1,-1
82,11678,696.74677,278.31,50.466553,31.307953,0.8394522,-1,-1,-1
82,11687,542.3817,246.89218,84.292786,53.6239,0.62451494,-1,-1,-1
82,11685,827.75507,223.33116,42.624878,18.565643,0.6119707,-1,-1,-1
82,11692,871.496,281.2178,50.825012,25.8367,0.71783394,-1,-1,-1
82,11683,789.41296,208.54872,43.95227,20.354126,0.79109055,-1,-1,-1
82,11691,923.6176,268.73053,51.753113,25.056091,0.79751295,-1,-1,-1
83,11669,497.42355,165.78462,23.168427,28.63498,0.8313239,-1,-1,-1
83,11677,318.11584,278.84515,60.421906,26.63153,0.80311066,-1,-1,-1
83,11684,399.81598,205.19543,49.617737,25.10617,0.82106924,-1,-1,-1
83,11702,366.24863,236.55507,49.37738,23.921097,0.8206515,-1,-1,-1
83,11673,754.6489,302.31894,57.23761,27.65393,0.84823585,-1,-1,-1
83,11690,563.6289,233.77657,51.199036,24.65657,0.5423075,-1,-1,-1
83,11668,789.01263,266.5712,50.516052,25.585083,0.8561732,-1,-1,-1
83,11712,823.54266,236.45903,49.628235,22.392319,0.8229508,-1,-1,-1
83,11713,249.35521,318.99,74.78819,34.879578,0.7897846,-1,-1,-1
83,11682,416.88165,220.8919,54.097992,23.739517,0.7471111,-1,-1,-1
83,11714,343.90332,256.65823,54.68039,24.970245,0.8200956,-1,-1,-1
83,11706,258.62518,261.26364,73.19702,30.271301,0.7814792,-1,-1,-1
83,11674,512.20233,100.89445,17.19403,16.507965,0.8156921,-1,-1,-1
83,11724,417.66617,251.65488,52.168274,25.17163,0.8314218,-1,-1,-1
83,11728,925.482,210.00797,42.515625,19.43608,0.7105,-1,-1,-1
83,11732,126.02242,301.75815,71.94334,35.659332,0.7216992,-1,-1,-1
83,11678,700.5863,278.14807,50.008118,31.046295,0.8311991,-1,-1,-1
83,11687,542.4582,242.26257,89.89264,58.16983,0.62860847,-1,-1,-1
83,11685,826.0501,223.2226,42.288757,18.338608,0.7034697,-1,-1,-1
83,11692,874.2328,281.0589,50.672913,25.732666,0.77032596,-1,-1,-1
83,11683,786.46497,208.13246,44.097412,20.4682,0.7559371,-1,-1,-1
83,11691,927.64154,268.77304,50.5625,24.518799,0.79522157,-1,-1,-1
84,11669,497.3413,165.97435,23.050049,28.560791,0.8313263,-1,-1,-1
84,11677,321.38696,278.80432,60.668,26.626709,0.8103474,-1,-1,-1
84,11684,396.58502,205.18651,51.05487,25.668198,0.80199516,-1,-1,-1
84,11702,362.59473,236.84271,48.661255,23.589111,0.79463905,-1,-1,-1
84,11673,757.4312,302.20676,57.231445,27.607635,0.8282475,-1,-1,-1
84,11690,556.0491,233.8255,61.017517,29.406647,0.3559933,-1,-1,-1
84,11668,792.5236,266.2057,51.272278,25.975067,0.8478447,-1,-1,-1
84,11712,820.7579,236.14948,50.121887,22.67392,0.81814694,-1,-1,-1
84,11713,254.87035,318.86856,73.75981,34.378967,0.8131664,-1,-1,-1
84,11682,413.25125,221.07321,54.69278,23.904968,0.8112259,-1,-1,-1
84,11714,344.30554,256.63022,54.50464,24.85788,0.8143807,-1,-1,-1
84,11706,258.34293,261.35913,72.35617,30.083588,0.8140779,-1,-1,-1
84,11674,511.8592,100.712814,16.890076,16.20903,0.8105477,-1,-1,-1
84,11724,416.9291,251.53975,52.644928,25.328323,0.8532604,-1,-1,-1
84,11728,923.672,209.88493,42.443787,19.421158,0.7510315,-1,-1,-1
84,11732,136.0131,301.46344,68.14836,33.56891,0.6641971,-1,-1,-1
84,11678,704.1636,278.21338,49.5058,30.645569,0.840934,-1,-1,-1
84,11687,543.0557,238.53387,94.41913,62.275482,0.3343086,-1,-1,-1
84,11685,823.3654,223.35268,42.67682,18.369537,0.557332,-1,-1,-1
84,11692,877.5816,281.0888,49.964417,25.272827,0.77735436,-1,-1,-1
84,11683,783.44434,207.98517,44.29315,20.667496,0.72046375,-1,-1,-1
84,11691,931.6148,268.57056,49.4032,23.965302,0.7303635,-1,-1,-1
84,11744,919.2181,225.88708,45.6687,19.525452,0.37355193,-1,-1,-1
85,11669,497.20148,165.87791,23.05597,28.632263,0.83268064,-1,-1,-1
85,11677,323.76974,278.37064,61.565918,26.981018,0.79051256,-1,-1,-1
85,11684,393.60495,205.22517,50.552643,25.177185,0.79867846,-1,-1,-1
85,11702,359.64325,236.961,47.76413,23.10913,0.78844213,-1,-1,-1
85,11673,759.9105,301.78433,57.368652,27.668427,0.8334713,-1,-1,-1
85,11668,796.03937,266.15384,50.515747,25.544403,0.85343814,-1,-1,-1
85,11712,818.17163,236.02037,49.750244,22.545578,0.82329816,-1,-1,-1
85,11713,260.61346,318.5302,73.19501,34.08441,0.7986969,-1,-1,-1
85,11682,409.345,220.92906,55.973602,24.418243,0.8053544,-1,-1,-1
85,11714,344.72388,256.55142,54.29547,24.770416,0.8012443,-1,-1,-1
85,11706,257.7285,261.09152,72.472534,30.328094,0.8115211,-1,-1,-1
85,11674,511.24686,99.861336,17.08786,16.518486,0.8153735,-1,-1,-1
85,11724,416.17114,251.2418,53.51541,25.704056,0.84092546,-1,-1,-1
85,11728,920.96686,209.56041,44.05841,20.253967,0.68770295,-1,-1,-1
85,11732,138.69203,301.04703,68.64906,33.20514,0.71370274,-1,-1,-1
85,11678,707.26587,278.16885,49.170837,30.355225,0.8352645,-1,-1,-1
85,11685,820.6768,223.11015,43.387573,18.603882,0.4680471,-1,-1,-1
85,11692,880.5524,281.10016,49.086792,24.745636,0.8068015,-1,-1,-1
85,11683,780.2968,207.6556,44.565796,20.902023,0.7978361,-1,-1,-1
85,11691,935.2353,268.458,49.154175,23.829193,0.6630899,-1,-1,-1
85,11744,918.1097,225.80519,44.552673,19.048996,0.2749124,-1,-1,-1
85,11746,158.69115,300.95236,50.915253,32.93921,0.44145405,-1,-1,-1
86,11669,496.949,165.82765,23.03238,28.656128,0.83361685,-1,-1,-1
86,11677,327.07816,277.9387,62.526947,27.358978,0.79143375,-1,-1,-1
86,11684,390.367,204.94527,51.296265,25.43425,0.79288113,-1,-1,-1
86,11702,356.24902,237.38698,47.45862,22.896805,0.77581483,-1,-1,-1
86,11673,762.5797,301.07465,57.836365,27.929474,0.84168094,-1,-1,-1
86,11668,799.54956,266.23108,50.250732,25.34906,0.85216546,-1,-1,-1
86,11712,815.7956,235.99881,49.457275,22.442871,0.82676166,-1,-1,-1
86,11713,264.81778,318.19135,73.32736,34.141266,0.8042219,-1,-1,-1
86,11682,406.05807,220.97823,56.117523,24.406784,0.8198604,-1,-1,-1
86,11714,345.30408,256.0939,53.703278,24.573914,0.7795674,-1,-1,-1
86,11706,257.78485,261.08694,72.12811,30.35321,0.8156418,-1,-1,-1
86,11674,510.91925,99.4515,16.99524,16.47776,0.8222479,-1,-1,-1
86,11724,415.36566,250.97162,54.44113,26.141022,0.8435332,-1,-1,-1
86,11728,919.2502,209.48094,43.237854,19.8759,0.6910744,-1,-1,-1
86,11732,146.95642,301.0444,68.599335,33.26471,0.659059,-1,-1,-1
86,11678,711.08563,278.3026,48.52191,29.882965,0.83293694,-1,-1,-1
86,11685,818.45044,223.2614,43.134155,18.355362,0.5329059,-1,-1,-1
86,11692,883.387,281.2197,49.013184,24.627258,0.7928255,-1,-1,-1
86,11683,778.13135,207.92307,43.244446,20.264008,0.7449759,-1,-1,-1
86,11691,938.79474,268.01273,49.993652,24.147614,0.65888774,-1,-1,-1
86,11744,916.6115,225.63293,44.496704,19.03534,0.500659,-1,-1,-1
86,11687,546.59607,234.77142,96.87219,65.29712,0.3444792,-1,-1,-1
87,11669,496.7608,165.7802,23.044556,28.71939,0.8344534,-1,-1,-1
87,11677,329.82336,277.47382,62.80551,27.521057,0.80192184,-1,-1,-1
87,11684,387.0628,205.05424,51.364105,25.359985,0.79614025,-1,-1,-1
87,11702,352.80466,237.34407,47.04123,22.592453,0.75935525,-1,-1,-1
87,11673,765.93536,300.93442,57.379333,27.705475,0.85632765,-1,-1,-1
87,11668,803.5687,266.3487,49.603394,25.01062,0.85523856,-1,-1,-1
87,11712,813.7549,236.00829,49.11322,22.32457,0.8049632,-1,-1,-1
87,11713,269.5377,317.906,72.89096,33.880737,0.7954012,-1,-1,-1
87,11682,402.15198,220.8814,57.03302,24.82103,0.79846716,-1,-1,-1
87,11714,346.29208,255.51831,53.450745,24.631897,0.77305543,-1,-1,-1
87,11706,257.47357,260.8582,72.21216,30.550262,0.7623626,-1,-1,-1
87,11674,510.21136,98.52866,17.306824,16.914871,0.8314795,-1,-1,-1
87,11724,414.74658,250.71756,55.11255,26.449524,0.86717886,-1,-1,-1
87,11728,917.44025,209.32692,42.82794,19.700699,0.700928,-1,-1,-1
87,11732,151.91376,300.75684,70.46184,34.300842,0.64375716,-1,-1,-1
87,11678,714.7961,278.55893,47.790405,29.283081,0.8310156,-1,-1,-1
87,11685,816.4122,223.43011,43.35388,18.303024,0.45122266,-1,-1,-1
87,11692,886.2821,281.34897,48.775024,24.44574,0.78736687,-1,-1,-1
87,11683,775.6166,208.12077,42.615967,19.856522,0.7863308,-1,-1,-1
87,11691,941.3393,267.6554,50.502136,24.463745,0.51347136,-1,-1,-1
87,11744,915.79895,225.73402,43.058838,18.404358,0.54424816,-1,-1,-1
87,11687,551.17145,235.19156,93.42737,64.101166,0.36850065,-1,-1,-1
87,11690,548.8073,233.75864,58.14679,28.20047,0.4747615,-1,-1,-1
88,11669,496.4793,165.66257,22.980652,28.634613,0.8298979,-1,-1,-1
88,11677,333.51056,277.59937,62.43637,27.329315,0.8050018,-1,-1,-1
88,11684,383.58557,204.94936,52.086823,25.670135,0.7940034,-1,-1,-1
88,11702,349.5979,236.87805,47.289337,22.653717,0.7718436,-1,-1,-1
88,11673,768.6151,300.86844,57.388123,27.7117,0.8583407,-1,-1,-1
88,11668,806.96265,266.30673,49.86438,25.127502,0.845731,-1,-1,-1
88,11712,810.9891,236.02109,49.3515,22.40451,0.8101605,-1,-1,-1
88,11713,274.09317,317.76837,72.3295,33.480377,0.7623626,-1,-1,-1
88,11682,398.43887,220.77928,58.627777,25.619324,0.8317011,-1,-1,-1
88,11714,345.6439,255.01387,54.626953,25.303604,0.7510897,-1,-1,-1
88,11706,257.18018,260.8736,72.148254,30.647827,0.7586243,-1,-1,-1
88,11674,509.58392,97.870544,17.150635,16.83715,0.8379232,-1,-1,-1
88,11724,414.4523,250.68755,55.25186,26.490189,0.8665258,-1,-1,-1
88,11728,914.29236,209.35776,44.322388,20.463257,0.7117194,-1,-1,-1
88,11732,158.52179,300.6977,70.08122,34.338013,0.5385817,-1,-1,-1
88,11678,718.32416,278.65692,47.600647,28.965729,0.8342618,-1,-1,-1
88,11685,813.72205,223.11401,44.433105,18.656998,0.47439837,-1,-1,-1
88,11692,888.73535,281.23248,48.44873,24.24353,0.7874615,-1,-1,-1
88,11683,772.43695,208.1609,42.590576,19.792465,0.77664876,-1,-1,-1
88,11691,944.1892,267.80902,49.724365,24.252625,0.3602213,-1,-1,-1
88,11687,557.2551,239.12227,87.08569,60.260666,0.44448236,-1,-1,-1
88,11751,566.01624,245.94926,73.4801,53.272537,0.44663283,-1,-1,-1
88,11690,548.141,233.9792,53.187622,25.676529,0.5617997,-1,-1,-1
88,11711,608.43756,171.9608,40.78296,21.210861,0.4408992,-1,-1,-1
89,11669,496.335,165.77544,22.79953,28.4059,0.8300287,-1,-1,-1
89,11677,336.55615,277.62952,61.924713,27.069641,0.81223327,-1,-1,-1
89,11684,379.93695,205.02592,53.81018,26.482742,0.7775451,-1,-1,-1
89,11702,346.55563,236.88011,47.521088,22.724503,0.7524225,-1,-1,-1
89,11673,771.1854,300.6307,57.8031,27.936798,0.8591249,-1,-1,-1
89,11668,810.3351,266.19058,49.451965,24.937408,0.8506102,-1,-1,-1
89,11712,807.9859,236.05638,49.094788,22.298874,0.8181971,-1,-1,-1
89,11713,278.10214,317.77637,72.9924,33.818512,0.7992617,-1,-1,-1
89,11682,394.34726,220.61584,58.852448,25.767456,0.8040421,-1,-1,-1
89,11714,344.79276,254.84454,55.190887,25.626404,0.73786527,-1,-1,-1
89,11706,256.9832,260.78702,72.273254,30.84552,0.6960596,-1,-1,-1
89,11674,509.29465,97.48066,16.933502,16.702202,0.8410663,-1,-1,-1
89,11724,413.74243,250.24095,56.776123,27.328476,0.84215605,-1,-1,-1
89,11728,913.48035,209.40926,42.51416,19.528427,0.6304063,-1,-1,-1
89,11732,163.03351,300.6385,70.56502,34.690765,0.6179236,-1,-1,-1
89,11678,720.8625,278.1506,48.625122,29.526123,0.84264606,-1,-1,-1
89,11685,811.42676,223.17348,44.245728,18.490402,0.4590542,-1,-1,-1
89,11692,891.50995,281.2158,48.38031,24.121826,0.78075767,-1,-1,-1
89,11683,769.1596,208.43082,42.870483,19.879654,0.7271497,-1,-1,-1
89,11687,566.43024,245.16745,78.4306,53.85565,0.5587736,-1,-1,-1
89,11751,569.03,248.34793,70.64551,51.148895,0.5319807,-1,-1,-1
89,11690,545.5334,233.82722,51.92816,25.001785,0.8114967,-1,-1,-1
89,11711,607.3599,171.93468,38.90277,20.390793,0.68578136,-1,-1,-1
89,11744,911.9733,225.58719,42.962708,18.377151,0.49126977,-1,-1,-1
90,11669,496.1712,165.8264,22.66571,28.23822,0.8328528,-1,-1,-1
90,11677,339.14615,277.28986,63.091644,27.654083,0.8045166,-1,-1,-1
90,11684,378.7436,204.94115,51.38736,25.051437,0.760088,-1,-1,-1
90,11702,342.95587,237.40076,47.568542,22.663147,0.54961044,-1,-1,-1
90,11673,774.65466,301.30936,56.927002,27.41922,0.8304313,-1,-1,-1
90,11668,813.8931,266.03683,49.364197,24.915344,0.84419185,-1,-1,-1
90,11712,804.98254,235.92369,49.205322,22.370102,0.8205714,-1,-1,-1
90,11713,282.243,317.28058,73.643616,34.067017,0.7832093,-1,-1,-1
90,11682,390.568,220.46378,59.882477,26.272217,0.79939616,-1,-1,-1
90,11714,344.47214,255.06096,54.69632,25.318436,0.75521237,-1,-1,-1
90,11706,256.89697,260.74695,72.4187,31.038452,0.740341,-1,-1,-1
90,11674,508.83838,96.9588,16.748535,16.543991,0.84167767,-1,-1,-1
90,11724,413.418,250.43692,56.442444,27.172028,0.86577284,-1,-1,-1
90,11728,912.15955,209.38446,41.892883,19.159119,0.49100497,-1,-1,-1
90,11732,166.74725,300.35095,70.81961,34.743286,0.72030836,-1,-1,-1
90,11678,723.8131,277.6432,49.138,29.738708,0.8316159,-1,-1,-1
90,11685,808.7129,223.45392,44.351257,18.45848,0.37753844,-1,-1,-1
90,11692,894.1475,281.21194,48.24878,23.952362,0.81915873,-1,-1,-1
90,11683,765.81104,208.15529,43.7511,20.300293,0.77509016,-1,-1,-1
90,11687,573.6071,248.48436,74.24829,50.5334,0.649708,-1,-1,-1
90,11751,573.4448,250.21693,68.17859,49.327408,0.5285603,-1,-1,-1
90,11690,542.1255,233.76868,51.846313,24.93747,0.8272982,-1,-1,-1
90,11711,606.32306,171.82457,37.206726,19.454346,0.78781104,-1,-1,-1
90,11744,910.7785,225.5111,43.14337,18.435501,0.4533812,-1,-1,-1
91,11669,495.95673,165.83775,22.60907,28.16661,0.8341448,-1,-1,-1
91,11677,342.41077,276.99396,63.498627,27.932709,0.82752734,-1,-1,-1
91,11684,375.26416,205.07877,52.334106,25.416626,0.7726054,-1,-1,-1
91,11702,337.83035,237.20264,48.924744,23.282745,0.5648487,-1,-1,-1
91,11673,777.9972,301.52158,55.835083,26.828674,0.8208432,-1,-1,-1
91,11668,817.7894,265.76227,49.519226,25.094269,0.85365796,-1,-1,-1
91,11712,802.1769,235.84491,49.082153,22.31723,0.7596326,-1,-1,-1
91,11713,287.13354,316.61072,73.39545,33.894165,0.7499346,-1,-1,-1
91,11682,387.0861,220.5438,59.2713,26.063034,0.78459233,-1,-1,-1
91,11714,344.29916,255.22136,54.63095,25.251877,0.8059008,-1,-1,-1
91,11706,256.9355,260.79333,72.17807,31.030457,0.7542136,-1,-1,-1
91,11674,508.28815,96.34361,16.757874,16.60978,0.83717847,-1,-1,-1
91,11724,413.0775,250.45601,56.832947,27.421524,0.85215545,-1,-1,-1
91,11728,909.41034,209.29126,42.88788,19.70877,0.486771,-1,-1,-1
91,11732,170.72697,300.25146,71.90549,35.251984,0.6907109,-1,-1,-1
91,11678,726.8093,277.32022,49.29138,29.765259,0.8224885,-1,-1,-1
91,11685,806.19226,223.33131,45.21985,18.718369,0.29797938,-1,-1,-1
91,11692,897.0973,281.03067,48.862,24.197876,0.7859814,-1,-1,-1
91,11683,762.8923,208.24915,43.940308,20.364258,0.6949399,-1,-1,-1
91,11687,576.732,249.5912,72.84766,49.415817,0.66841185,-1,-1,-1
91,11751,576.2726,250.2826,67.980286,49.181915,0.43187693,-1,-1,-1
91,11690,538.578,233.38843,52.40619,25.261261,0.84143245,-1,-1,-1
91,11711,604.7715,171.54668,36.586914,19.11847,0.6884725,-1,-1,-1
91,11744,909.3802,225.7985,43.010193,18.36496,0.54173464,-1,-1,-1
92,11669,495.7724,165.86557,22.534607,28.069672,0.83547604,-1,-1,-1
92,11677,345.55032,276.58173,64.37488,28.395294,0.824027,-1,-1,-1
92,11684,371.0196,205.12454,55.177185,26.89354,0.7839966,-1,-1,-1
92,11702,333.49258,236.88184,49.533966,23.49997,0.45550087,-1,-1,-1
92,11673,780.4867,301.3918,56.138184,26.92514,0.8366145,-1,-1,-1
92,11668,821.39526,265.60706,49.274597,24.94754,0.8506999,-1,-1,-1
92,11712,799.3166,235.6585,49.032043,22.299545,0.79981464,-1,-1,-1
92,11713,291.51147,316.24744,72.93826,33.59384,0.7554753,-1,-1,-1
92,11682,383.79312,220.64377,59.076355,26.04869,0.7752733,-1,-1,-1
92,11714,343.30756,255.47522,55.03897,25.397644,0.7995047,-1,-1,-1
92,11706,256.86563,260.85007,71.913635,30.969025,0.7128037,-1,-1,-1
92,11674,507.61887,95.83554,16.77481,16.64064,0.83707404,-1,-1,-1
92,11724,413.1877,250.7916,55.988342,26.996094,0.86484766,-1,-1,-1
92,11728,907.99884,209.1589,41.82129,19.136124,0.41442144,-1,-1,-1
92,11732,175.59898,299.99915,72.15909,35.363617,0.6997339,-1,-1,-1
92,11678,729.7056,276.89877,49.97827,30.08136,0.8310646,-1,-1,-1
92,11685,803.92755,223.28218,45.00598,18.518707,0.35590956,-1,-1,-1
92,11692,899.96027,280.9488,48.6756,24.04013,0.79974306,-1,-1,-1
92,11683,759.9448,208.07634,44.08185,20.479156,0.7502574,-1,-1,-1
92,11687,580.1062,249.90906,72.40466,48.935455,0.6219049,-1,-1,-1
92,11690,534.976,233.31664,52.727356,25.470108,0.84882146,-1,-1,-1
92,11711,602.97107,171.17056,36.514282,19.026306,0.76553553,-1,-1,-1
92,11744,907.77856,225.73653,42.17151,17.934677,0.30421472,-1,-1,-1
93,11669,495.80618,165.85666,22.4487,27.970978,0.8356907,-1,-1,-1
93,11677,348.65332,276.18176,64.60266,28.614105,0.83702004,-1,-1,-1
93,11684,367.97827,205.28943,55.625916,27.123154,0.7480418,-1,-1,-1
93,11702,329.17422,236.26956,51.345337,24.349884,0.5411318,-1,-1,-1
93,11673,783.36694,301.14487,55.930237,26.805908,0.8237433,-1,-1,-1
93,11668,824.81824,265.38455,49.44037,25.095001,0.8653141,-1,-1,-1
93,11712,796.3484,235.41115,49.441406,22.48616,0.8157681,-1,-1,-1
93,11713,295.81793,316.25616,73.61771,33.807037,0.79950833,-1,-1,-1
93,11682,379.66092,220.61,58.65921,25.795547,0.74700254,-1,-1,-1
93,11714,341.9531,255.24654,56.269928,25.935898,0.7976322,-1,-1,-1
93,11706,256.89044,260.91086,71.5513,30.85263,0.75352657,-1,-1,-1
93,11674,507.52457,95.496506,16.532074,16.436241,0.8389518,-1,-1,-1
93,11724,413.14014,250.56653,56.43878,27.262634,0.85363334,-1,-1,-1
93,11728,905.2214,208.97462,42.5567,19.519348,0.4894882,-1,-1,-1
93,11732,180.8651,299.7409,72.00676,35.286835,0.79951626,-1,-1,-1
93,11678,732.6779,276.6839,50.159973,30.127045,0.82091147,-1,-1,-1
93,11685,801.057,223.20055,45.828613,18.865814,0.34877574,-1,-1,-1
93,11692,902.39795,280.53632,49.487,24.453827,0.8084361,-1,-1,-1
93,11683,757.4204,208.04144,43.992188,20.438293,0.77234674,-1,-1,-1
93,11687,583.0069,250.36581,71.720276,48.28485,0.5905738,-1,-1,-1
93,11690,532.2943,233.08588,53.581238,25.943512,0.8461186,-1,-1,-1
93,11711,601.7344,170.80339,36.57379,19.001099,0.7697103,-1,-1,-1
93,11744,904.59,224.72345,44.314148,18.922028,0.28340048,-1,-1,-1
94,11669,495.76794,165.8107,22.420227,27.927856,0.8364531,-1,-1,-1
94,11677,351.6006,275.73566,65.525085,29.174591,0.8311564,-1,-1,-1
94,11684,366.11826,205.29723,53.057343,25.741089,0.7557861,-1,-1,-1
94,11702,324.4439,235.62524,53.467316,25.357971,0.6103353,-1,-1,-1
94,11673,786.19586,300.97687,56.068726,26.850464,0.8356896,-1,-1,-1
94,11668,827.9085,265.02432,49.85614,25.344452,0.85005045,-1,-1,-1
94,11712,793.50024,235.22559,49.589172,22.533966,0.80527157,-1,-1,-1
94,11713,299.1107,315.938,74.94891,34.42502,0.7775365,-1,-1,-1
94,11682,376.37405,220.53247,59.30124,26.147202,0.7521925,-1,-1,-1
94,11714,340.44153,254.85458,57.96872,26.67279,0.7869941,-1,-1,-1
94,11706,256.6813,260.90652,71.59912,30.923126,0.6835975,-1,-1,-1
94,11674,507.2377,95.054115,16.59085,16.5018,0.81378126,-1,-1,-1
94,11724,413.28735,250.47165,56.187164,27.192932,0.8508591,-1,-1,-1
94,11728,902.46,209.06029,43.042114,19.84784,0.45849138,-1,-1,-1
94,11732,186.48068,299.65704,70.82245,34.59311,0.7748635,-1,-1,-1
94,11678,736.3513,276.8425,49.645447,29.838562,0.83135843,-1,-1,-1
94,11685,798.6887,222.60591,46.02704,18.889648,0.40715417,-1,-1,-1
94,11692,904.7827,280.37296,49.73639,24.622559,0.8164813,-1,-1,-1
94,11683,754.21606,207.8787,44.083252,20.55362,0.78853166,-1,-1,-1
94,11687,584.985,249.83824,72.89734,49.12047,0.42256865,-1,-1,-1
94,11690,529.09125,233.08932,53.868286,26.147583,0.84440774,-1,-1,-1
94,11711,600.0104,170.21872,36.930176,19.165955,0.8069027,-1,-1,-1
94,11744,902.84204,224.87845,43.4881,18.5027,0.42015412,-1,-1,-1
94,11752,5.3246675,289.06073,39.022755,30.626404,0.43613407,-1,-1,-1
95,11669,495.6094,165.80812,22.415985,27.91774,0.83486336,-1,-1,-1
95,11677,355.08432,275.79984,65.30408,29.21997,0.8336698,-1,-1,-1
95,11684,359.7987,205.26291,59.29706,29.111603,0.7540122,-1,-1,-1
95,11702,319.54053,235.36992,55.056763,26.20131,0.63852346,-1,-1,-1
95,11673,789.465,301.00696,55.36493,26.450928,0.8263093,-1,-1,-1
95,11668,830.854,264.72107,50.16748,25.54657,0.841842,-1,-1,-1
95,11712,790.69464,235.26111,49.233154,22.381226,0.8128272,-1,-1,-1
95,11713,304.5742,315.84952,73.46622,33.680786,0.78621083,-1,-1,-1
95,11682,371.89404,220.34003,60.007233,26.493393,0.7600536,-1,-1,-1
95,11714,338.6847,254.56468,59.478577,27.329086,0.80325276,-1,-1,-1
95,11706,256.5327,260.81738,71.43802,30.901642,0.673362,-1,-1,-1
95,11674,506.9735,94.71973,16.345886,16.247421,0.80517334,-1,-1,-1
95,11724,413.464,250.53127,55.69751,26.987686,0.8598045,-1,-1,-1
95,11728,899.60767,209.0992,43.32605,20.056458,0.5590587,-1,-1,-1
95,11732,192.20993,299.55508,69.66049,33.907898,0.80626005,-1,-1,-1
95,11678,739.12134,276.08392,50.10559,30.094696,0.81931704,-1,-1,-1
95,11685,796.3736,222.58588,46.03473,18.88266,0.55600667,-1,-1,-1
95,11692,907.2585,280.2196,49.475403,24.535583,0.8275872,-1,-1,-1
95,11683,751.3234,207.5654,44.28479,20.735367,0.8279368,-1,-1,-1
95,11687,589.4015,250.01784,73.85425,49.57158,0.6375434,-1,-1,-1
95,11690,526.06555,233.07253,53.99469,26.24498,0.8384182,-1,-1,-1
95,11711,598.1214,169.28139,37.571106,19.573242,0.77428585,-1,-1,-1
95,11744,902.75446,225.40805,42.277832,17.893951,0.33445948,-1,-1,-1
95,11752,8.615233,288.9913,37.61234,29.413849,0.62641406,-1,-1,-1
96,11669,495.36237,165.8018,22.410156,27.91896,0.8356772,-1,-1,-1
96,11677,358.6076,275.6065,65.376495,29.367493,0.835533,-1,-1,-1
96,11684,358.221,205.2285,55.496307,27.20932,0.7357336,-1,-1,-1
96,11702,315.95282,235.84691,55.158295,26.449203,0.5676148,-1,-1,-1
96,11673,792.5018,301.09042,54.815186,26.1185,0.83209735,-1,-1,-1
96,11668,834.7751,264.64713,49.522217,25.194427,0.84361166,-1,-1,-1
96,11712,788.1024,235.31023,48.966064,22.223526,0.8014021,-1,-1,-1
96,11713,309.19333,315.7894,73.56122,33.63446,0.79561293,-1,-1,-1
96,11682,367.41592,220.2056,60.14383,26.483917,0.74864924,-1,-1,-1
96,11714,337.67636,254.37141,60.251617,27.704636,0.80520564,-1,-1,-1
96,11706,256.8979,260.85376,71.17816,30.820679,0.76622975,-1,-1,-1
96,11674,506.54684,94.38175,16.120392,16.000671,0.7851848,-1,-1,-1
96,11724,413.4647,250.47366,55.542603,26.960083,0.8601145,-1,-1,-1
96,11728,896.40137,208.97255,45.341614,21.220123,0.3822878,-1,-1,-1
96,11732,197.2339,299.2317,70.26369,34.130524,0.7937084,-1,-1,-1
96,11678,743.31256,276.4624,48.709167,29.174072,0.824708,-1,-1,-1
96,11685,794.0921,222.59723,46.317383,18.988129,0.5913942,-1,-1,-1
96,11692,909.8174,279.8802,50.78192,25.244415,0.8282726,-1,-1,-1
96,11683,748.79443,207.6376,43.35504,20.296524,0.82114035,-1,-1,-1
96,11687,592.17804,249.55032,75.3454,50.54297,0.58685285,-1,-1,-1
96,11690,523.03375,232.96965,54.60547,26.596848,0.84164244,-1,-1,-1
96,11711,596.14966,168.3682,38.443176,20.17456,0.7193924,-1,-1,-1
96,11752,9.291058,288.22266,41.28425,32.140747,0.47847226,-1,-1,-1
97,11669,495.23407,165.87172,22.296387,27.795303,0.838049,-1,-1,-1
97,11677,362.47702,275.60608,64.3739,29.007599,0.8319898,-1,-1,-1
97,11684,358.44125,205.30754,48.7948,23.533737,0.7086552,-1,-1,-1
97,11702,312.73816,236.10266,54.28665,26.23819,0.5372906,-1,-1,-1
97,11673,795.13794,300.9916,55.0578,26.17395,0.8306671,-1,-1,-1
97,11668,838.64056,264.66885,49.030457,24.928314,0.84782153,-1,-1,-1
97,11712,786.8488,235.8307,47.667725,21.400253,0.83195364,-1,-1,-1
97,11713,313.4459,315.7881,73.66989,33.65457,0.8282893,-1,-1,-1
97,11682,362.82806,219.95688,60.94937,26.908264,0.761008,-1,-1,-1
97,11714,337.63712,254.64026,59.85916,27.525574,0.81289923,-1,-1,-1
97,11706,256.90723,260.9272,70.63861,30.61264,0.7592577,-1,-1,-1
97,11674,505.9765,94.20748,15.772827,15.625275,0.80135167,-1,-1,-1
97,11724,413.30334,250.44044,55.380066,26.925613,0.87392265,-1,-1,-1
97,11728,893.88916,209.11208,45.71045,21.610474,0.33048892,-1,-1,-1
97,11732,202.46776,299.04413,69.662094,33.776123,0.8273157,-1,-1,-1
97,11678,746.4623,276.0295,48.484375,28.881927,0.82620716,-1,-1,-1
97,11685,792.3437,222.3821,46.1308,18.847794,0.58784425,-1,-1,-1
97,11692,912.3972,279.74976,50.631714,25.260529,0.8226229,-1,-1,-1
97,11683,745.93054,207.61267,43.30298,20.279526,0.83302355,-1,-1,-1
97,11687,595.6645,249.59453,75.08313,50.355362,0.4444743,-1,-1,-1
97,11690,519.9878,232.96455,54.742065,26.734024,0.84435105,-1,-1,-1
97,11711,594.408,167.59846,39.196594,20.671967,0.6814526,-1,-1,-1
97,11752,10.715538,287.8812,43.81793,33.858276,0.72950095,-1,-1,-1
98,11669,495.05017,165.9061,22.237854,27.776443,0.8406364,-1,-1,-1
98,11677,365.96014,275.44257,64.21088,29.050873,0.8397837,-1,-1,-1
98,11684,356.26834,205.37445,47.359924,22.508408,0.6837586,-1,-1,-1
98,11702,308.50293,235.93336,54.143036,26.397049,0.7166386,-1,-1,-1
98,11673,798.1903,300.99985,54.651245,25.927185,0.8321484,-1,-1,-1
98,11668,841.9675,264.49957,49.076904,24.982483,0.8468433,-1,-1,-1
98,11712,782.79736,235.56735,49.11444,22.028381,0.8211803,-1,-1,-1
98,11713,317.48788,315.44028,73.9335,33.786316,0.8282936,-1,-1,-1
98,11682,359.68002,220.0779,60.602295,26.826202,0.7862706,-1,-1,-1
98,11714,337.62302,254.83185,59.641937,27.452972,0.8125578,-1,-1,-1
98,11706,255.73926,260.7232,70.851746,30.727448,0.79846925,-1,-1,-1
98,11674,505.38058,93.630714,15.824066,15.715622,0.80291617,-1,-1,-1
98,11724,413.08295,250.38885,55.38614,26.969421,0.87592375,-1,-1,-1
98,11728,893.07166,208.8137,42.81494,20.124893,0.31054685,-1,-1,-1
98,11732,207.65298,298.89127,69.86896,33.83319,0.83644396,-1,-1,-1
98,11678,750.51605,276.58777,47.614624,28.259369,0.8277887,-1,-1,-1
98,11685,789.63275,222.63916,46.753296,19.048935,0.5523902,-1,-1,-1
98,11692,914.7232,279.60834,50.77423,25.463745,0.82431227,-1,-1,-1
98,11683,743.04443,207.70796,43.21747,20.181427,0.7539427,-1,-1,-1
98,11687,599.41425,249.82985,74.637634,50.020157,0.36373958,-1,-1,-1
98,11690,516.75037,233.09175,54.642212,26.742111,0.84075695,-1,-1,-1
98,11711,592.90765,166.92538,38.483887,20.359848,0.7666584,-1,-1,-1
98,11752,12.071551,287.75742,45.24781,34.54654,0.73542684,-1,-1,-1
99,11669,494.98157,165.92525,22.198608,27.765762,0.8417446,-1,-1,-1
99,11677,369.3305,275.62085,63.749176,28.91629,0.8298347,-1,-1,-1
99,11684,352.12943,205.25084,49.340515,23.30835,0.6941252,-1,-1,-1
99,11702,305.3036,236.00475,53.474182,26.183578,0.67573494,-1,-1,-1
99,11673,801.35986,300.97003,54.63568,25.866272,0.83088565,-1,-1,-1
99,11668,845.3183,264.3687,49.25232,25.078247,0.8518756,-1,-1,-1
99,11712,779.541,235.48721,49.45038,22.197174,0.81762296,-1,-1,-1
99,11713,321.71286,315.1839,74.01172,33.846558,0.81713694,-1,-1,-1
99,11682,356.76337,220.22778,59.805573,26.513474,0.7700735,-1,-1,-1
99,11714,337.42032,254.39249,60.077118,27.725494,0.8199926,-1,-1,-1
99,11706,254.81816,260.63306,70.85991,30.78241,0.8191798,-1,-1,-1
99,11674,504.95538,93.110176,15.82959,15.74836,0.80721676,-1,-1,-1
99,11724,413.03238,250.37651,55.111664,26.879196,0.8299498,-1,-1,-1
99,11732,213.20938,298.4006,69.57074,33.608246,0.82774776,-1,-1,-1
99,11678,753.6275,276.77832,46.96521,27.709564,0.79830843,-1,-1,-1
99,11685,787.82654,222.8193,46.715332,19.041214,0.57976156,-1,-1,-1
99,11692,917.6258,279.56836,50.6084,25.411926,0.8411808,-1,-1,-1
99,11683,739.5701,207.5074,43.557983,20.38565,0.7060519,-1,-1,-1
99,11690,513.75134,233.08923,54.498535,26.684326,0.8409914,-1,-1,-1
99,11711,591.2202,166.34923,38.304016,20.322906,0.7419224,-1,-1,-1
99,11752,13.579211,287.56146,46.792908,35.02301,0.76831925,-1,-1,-1
100,11669,494.84317,165.93625,22.159882,27.73294,0.83954763,-1,-1,-1
100,11677,372.7125,275.38828,63.489166,28.897339,0.8421112,-1,-1,-1
100,11684,349.36176,205.26334,47.90631,22.370422,0.65624213,-1,-1,-1
100,11702,300.5056,235.65381,53.941498,26.6586,0.5546467,-1,-1,-1
100,11673,804.3006,300.55875,54.888367,25.91809,0.83540696,-1,-1,-1
100,11668,848.94556,264.46088,48.17871,24.440094,0.85019916,-1,-1,-1
100,11712,776.56464,235.44249,49.530518,22.247238,0.8036039,-1,-1,-1
100,11713,326.06012,314.88156,74.28998,33.97354,0.83679175,-1,-1,-1
100,11682,353.11423,220.12938,59.211884,26.211868,0.68902856,-1,-1,-1
100,11714,336.85373,254.19148,60.375763,27.892166,0.81729037,-1,-1,-1
100,11706,254.3733,260.7847,70.162125,30.462067,0.8258372,-1,-1,-1
100,11674,504.46423,92.05698,16.38977,16.41278,0.80258787,-1,-1,-1
100,11724,412.3721,250.11354,55.16281,26.95131,0.859899,-1,-1,-1
100,11732,217.3906,298.06143,70.03082,33.806824,0.834339,-1,-1,-1
100,11678,757.5296,276.60672,46.609863,27.40158,0.81634176,-1,-1,-1
100,11685,786.57196,222.84856,45.667603,18.618652,0.61702013,-1,-1,-1
100,11692,920.6301,279.4442,50.600037,25.348694,0.82007885,-1,-1,-1
100,11683,736.5169,207.452,43.197754,20.229935,0.765698,-1,-1,-1
100,11690,510.56396,232.97006,54.699463,26.815094,0.8475814,-1,-1,-1
100,11711,589.9113,165.93459,37.469727,19.855194,0.7284032,-1,-1,-1
100,11752,14.947375,287.3806,48.614037,35.544342,0.8120212,-1,-1,-1
100,11728,887.1786,209.12546,45.438293,21.67035,0.34607193,-1,-1,-1
101,11669,494.50934,165.88622,22.107605,27.641357,0.83486205,-1,-1,-1
101,11677,375.889,275.3032,62.546997,28.478882,0.8387443,-1,-1,-1
101,11684,346.22845,205.46606,47.582214,21.995209,0.69611734,-1,-1,-1
101,11673,806.9017,300.30542,54.947754,25.887146,0.83421034,-1,-1,-1
101,11668,852.18567,264.30933,48.195312,24.328766,0.8400329,-1,-1,-1
101,11712,773.44183,235.29762,49.73407,22.394913,0.8243125,-1,-1,-1
101,11713,330.51038,314.32663,74.21988,33.949615,0.83988464,-1,-1,-1
101,11682,350.43158,220.2337,57.822876,25.54773,0.6956947,-1,-1,-1
101,11714,336.6633,253.93332,60.783997,28.071259,0.82083267,-1,-1,-1
101,11706,254.73991,261.00937,68.84639,29.851654,0.8309605,-1,-1,-1
101,11674,503.88217,91.335335,16.3143,16.421562,0.81112003,-1,-1,-1
101,11724,411.7805,250.0112,55.388123,27.135101,0.8587533,-1,-1,-1
101,11732,222.53014,297.5979,70.083176,33.881836,0.83308905,-1,-1,-1
101,11678,760.23376,276.35254,46.828796,27.431976,0.81850404,-1,-1,-1
101,11685,787.1163,222.66827,44.119934,18.15326,0.57529116,-1,-1,-1
101,11692,923.5366,279.35614,50.99353,25.478363,0.8257608,-1,-1,-1
101,11683,733.1047,207.25879,43.04004,20.212997,0.8278075,-1,-1,-1
101,11690,507.50375,232.84001,54.568146,26.766495,0.84701794,-1,-1,-1
101,11711,588.65204,165.5133,36.37982,19.23442,0.7339549,-1,-1,-1
101,11752,17.396318,287.13797,49.671165,35.270294,0.7289053,-1,-1,-1
101,11728,886.6498,208.79929,42.747192,20.145813,0.31377894,-1,-1,-1
102,11669,494.38055,165.89528,22.031372,27.518951,0.83166146,-1,-1,-1
102,11677,379.38113,275.03925,61.82657,28.196167,0.8509664,-1,-1,-1
102,11684,343.09418,205.4945,47.728302,21.74382,0.69269925,-1,-1,-1
102,11673,808.9826,299.9453,55.365784,26.05606,0.8361002,-1,-1,-1
102,11668,855.6403,264.13898,48.167297,24.313324,0.85062987,-1,-1,-1
102,11712,770.49286,235.0762,50.0636,22.600677,0.8220081,-1,-1,-1
102,11713,334.26096,313.75024,74.535614,34.208344,0.83286285,-1,-1,-1
102,11682,346.36633,220.23625,57.75992,25.518326,0.75619316,-1,-1,-1
102,11714,336.54303,253.9305,60.831787,28.104965,0.8392068,-1,-1,-1
102,11706,255.14569,260.97778,67.89673,29.394012,0.8252819,-1,-1,-1
102,11674,503.48163,90.25823,16.183228,16.447266,0.8218925,-1,-1,-1
102,11724,412.09558,249.89272,54.82715,26.894516,0.82765615,-1,-1,-1
102,11732,227.75778,297.21387,69.58063,33.579224,0.83649147,-1,-1,-1
102,11678,763.83704,276.145,46.701355,27.274048,0.8450816,-1,-1,-1
102,11685,783.1295,222.25867,44.6745,18.323456,0.52693236,-1,-1,-1
102,11692,925.418,279.27637,50.432373,25.190643,0.8075558,-1,-1,-1
102,11683,729.8904,207.0921,42.94171,20.205307,0.777304,-1,-1,-1
102,11690,504.22647,232.814,54.349274,26.688324,0.84207135,-1,-1,-1
102,11711,586.99677,164.85553,36.471252,19.325623,0.76837784,-1,-1,-1
102,11752,19.868689,287.04507,50.909683,34.936554,0.5903807,-1,-1,-1
102,11702,291.86807,235.37852,54.928192,27.270676,0.5848448,-1,-1,-1
103,11669,494.2034,165.82227,22.099945,27.562897,0.82909316,-1,-1,-1
103,11677,382.83344,275.04227,60.857666,27.74234,0.86875993,-1,-1,-1
103,11684,338.10056,205.05804,50.510345,22.897202,0.67617524,-1,-1,-1
103,11673,811.9703,299.7135,54.96051,25.78598,0.84776926,-1,-1,-1
103,11668,859.1089,264.11816,47.8703,24.118011,0.83234876,-1,-1,-1
103,11712,768.0798,234.96396,49.69287,22.482086,0.8178653,-1,-1,-1
103,11713,338.70578,313.4613,73.79526,33.88138,0.83496535,-1,-1,-1
103,11682,343.25928,220.36021,55.760284,24.56923,0.60656536,-1,-1,-1
103,11714,336.73737,253.73521,60.593536,28.04747,0.8389304,-1,-1,-1
103,11706,254.7179,260.8137,67.96127,29.36493,0.83587563,-1,-1,-1
103,11674,502.62973,89.46538,16.255768,16.606644,0.81713945,-1,-1,-1
103,11724,411.8581,249.78877,54.51938,26.752548,0.82598364,-1,-1,-1
103,11732,233.59837,296.8181,69.2906,33.473145,0.8370451,-1,-1,-1
103,11678,766.041,275.32996,47.672363,27.766174,0.8004187,-1,-1,-1
103,11685,778.80756,221.99948,46.661926,19.126038,0.4284451,-1,-1,-1
103,11692,927.7994,279.5217,48.714233,24.386505,0.75800574,-1,-1,-1
103,11683,726.773,206.76408,43.088745,20.36821,0.80193675,-1,-1,-1
103,11690,501.14728,232.75478,54.494507,26.733871,0.8373094,-1,-1,-1
103,11711,585.1374,164.13681,37.02887,19.742203,0.7824739,-1,-1,-1
103,11752,21.556513,286.76157,53.341576,35.38492,0.8142825,-1,-1,-1
103,11702,287.30856,235.28348,55.35327,27.70935,0.35796586,-1,-1,-1
103,11744,888.00446,223.73425,44.465088,18.704697,0.37303433,-1,-1,-1
104,11669,494.07385,165.74391,22.17389,27.608093,0.831086,-1,-1,-1
104,11677,386.55292,274.75684,61.392303,27.987396,0.8501744,-1,-1,-1
104,11684,335.14084,204.52036,51.171906,23.0775,0.42768174,-1,-1,-1
104,11673,814.12384,299.21014,55.921387,26.273193,0.8374751,-1,-1,-1
104,11668,862.01184,263.6223,48.52356,24.408905,0.8226024,-1,-1,-1
104,11712,765.7014,234.98405,48.95941,22.209274,0.8050858,-1,-1,-1
104,11713,343.3302,313.60147,72.89621,33.408142,0.8366153,-1,-1,-1
104,11682,339.50058,220.0035,56.600952,24.889572,0.6330036,-1,-1,-1
104,11714,336.5187,253.5785,60.53534,28.095993,0.8329109,-1,-1,-1
104,11706,254.0738,260.30502,68.38255,29.464508,0.773017,-1,-1,-1
104,11674,502.32083,89.15487,15.961273,16.3712,0.8144101,-1,-1,-1
104,11724,411.856,249.59616,54.15625,26.584564,0.8271995,-1,-1,-1
104,11732,239.37032,296.51697,68.87172,33.29956,0.83210236,-1,-1,-1
104,11678,768.2883,274.15057,49.322388,28.715881,0.8285693,-1,-1,-1
104,11685,776.2503,221.7079,47.920105,19.697693,0.6272743,-1,-1,-1
104,11692,928.9861,279.21286,48.37549,24.389221,0.7818461,-1,-1,-1
104,11683,723.4802,206.34807,43.27173,20.54161,0.7657364,-1,-1,-1
104,11690,497.72568,232.5187,54.847076,26.92984,0.8489749,-1,-1,-1
104,11711,583.3425,163.41628,37.702087,20.217545,0.7679615,-1,-1,-1
104,11752,23.33577,286.52948,56.549706,36.29547,0.8177614,-1,-1,-1
105,11669,493.65933,165.5875,22.27237,27.633759,0.8138257,-1,-1,-1
105,11677,390.05896,274.30234,61.625885,28.06961,0.83723354,-1,-1,-1
105,11684,331.9981,204.20769,52.44986,23.69223,0.2851154,-1,-1,-1
105,11673,816.8118,298.65518,56.158813,26.399261,0.8523481,-1,-1,-1
105,11668,865.6244,263.32086,48.98932,24.588257,0.69930655,-1,-1,-1
105,11712,763.35443,235.36375,47.51648,21.460068,0.7742478,-1,-1,-1
105,11713,346.7752,313.7981,73.1673,33.559906,0.8292547,-1,-1,-1
105,11682,336.02304,219.95602,57.446594,25.310303,0.6770296,-1,-1,-1
105,11714,336.22556,253.72743,60.369934,28.058182,0.8328342,-1,-1,-1
105,11706,253.89374,260.3989,68.27423,29.365448,0.70631903,-1,-1,-1
105,11674,501.77457,88.36926,16.17044,16.694023,0.8201256,-1,-1,-1
105,11724,411.92606,249.40604,53.68744,26.365875,0.8332154,-1,-1,-1
105,11732,244.70271,296.22348,68.100296,32.938232,0.8276534,-1,-1,-1
105,11678,771.44476,274.12997,48.801086,28.352966,0.8152811,-1,-1,-1
105,11685,774.76263,221.4221,47.162354,19.41594,0.70314056,-1,-1,-1
105,11692,930.73267,278.96057,47.058716,23.893616,0.483014,-1,-1,-1
105,11683,720.27045,206.12476,43.813965,20.879059,0.7744613,-1,-1,-1
105,11690,494.3856,232.24547,55.24167,27.16481,0.84332585,-1,-1,-1
105,11711,581.56476,162.27182,38.35034,20.76854,0.71164656,-1,-1,-1
105,11752,25.504791,285.99002,58.97988,36.705414,0.66574174,-1,-1,-1
105,11687,623.85175,248.14479,74.16644,50.53215,0.2738455,-1,-1,-1
106,11669,493.17532,165.36191,22.403534,27.748856,0.8141167,-1,-1,-1
106,11677,393.99567,274.10046,61.446716,27.92923,0.8346536,-1,-1,-1
106,11673,819.6169,298.38568,56.294678,26.41388,0.84711784,-1,-1,-1
106,11668,869.28625,263.18515,48.881836,24.544281,0.8029353,-1,-1,-1
106,11712,760.21326,235.2097,47.823242,21.627487,0.79711026,-1,-1,-1
106,11713,350.32623,313.46127,73.344635,33.648743,0.83654463,-1,-1,-1
106,11682,332.23752,219.87761,58.38492,25.8414,0.68703604,-1,-1,-1
106,11714,336.15378,253.87743,59.98477,27.87355,0.839603,-1,-1,-1
106,11706,253.35194,259.99152,68.997574,29.67398,0.64907724,-1,-1,-1
106,11674,501.46585,87.801506,16.058441,16.682045,0.8167052,-1,-1,-1
106,11724,412.21378,249.29561,52.726166,25.86055,0.84703153,-1,-1,-1
106,11732,250.5293,296.10278,67.15408,32.54001,0.8192827,-1,-1,-1
106,11678,774.25726,273.87357,49.14911,28.54712,0.7431726,-1,-1,-1
106,11685,772.5592,221.03986,47.868164,19.748505,0.63326854,-1,-1,-1
106,11683,716.85596,205.84499,44.639587,21.362976,0.69631034,-1,-1,-1
106,11690,490.90594,232.2496,55.211853,27.194977,0.8395074,-1,-1,-1
106,11711,579.99084,161.39377,38.67572,21.13832,0.74793935,-1,-1,-1
106,11752,29.44466,285.5048,61.197247,37.1586,0.8366675,-1,-1,-1
106,11687,627.28674,247.64134,73.53534,50.54097,0.39966267,-1,-1,-1
107,11669,493.18433,165.41006,22.479492,27.774673,0.81559116,-1,-1,-1
107,11677,396.62573,273.74323,62.00421,28.246307,0.8305895,-1,-1,-1
107,11673,822.33716,298.28885,56.09375,26.28418,0.8451557,-1,-1,-1
107,11668,873.1866,263.20532,48.75885,24.346588,0.7881365,-1,-1,-1
107,11712,757.4824,235.50426,47.352417,21.305038,0.81058556,-1,-1,-1
107,11713,354.97183,313.3665,72.48953,33.16397,0.8414732,-1,-1,-1
107,11682,327.97534,219.59988,58.855743,26.181686,0.6722042,-1,-1,-1
107,11714,335.95016,253.76794,60.270905,28.0253,0.83893865,-1,-1,-1
107,11706,253.12651,259.5288,69.544266,29.962921,0.5285512,-1,-1,-1
107,11674,501.4021,87.20646,15.90625,16.630898,0.8061227,-1,-1,-1
107,11724,412.42838,249.13985,52.020996,25.453903,0.85465145,-1,-1,-1
107,11732,255.09178,295.9301,66.82402,32.39499,0.8306612,-1,-1,-1
107,11678,777.41833,273.5363,49.42273,28.74585,0.73294985,-1,-1,-1
107,11685,770.82367,220.87033,47.69452,19.71437,0.7267556,-1,-1,-1
107,11683,713.8913,205.87462,44.665283,21.459854,0.7046296,-1,-1,-1
107,11690,487.94073,232.10677,55.35327,27.22905,0.840085,-1,-1,-1
107,11711,578.8529,160.55289,38.135742,20.97963,0.7498619,-1,-1,-1
107,11752,34.29788,285.36383,62.57214,37.134674,0.83588463,-1,-1,-1
107,11687,631.4561,247.23737,73.25781,50.59372,0.28712595,-1,-1,-1
107,11744,881.268,222.78568,44.618774,18.440918,0.3807431,-1,-1,-1
108,11669,493.16238,165.3833,22.582672,27.846771,0.8163309,-1,-1,-1
108,11677,400.20526,273.5354,62.002625,28.249084,0.83596736,-1,-1,-1
108,11673,824.91785,297.94708,55.9339,26.252441,0.8193019,-1,-1,-1
108,11668,876.17267,263.05078,48.816406,24.336487,0.79269314,-1,-1,-1
108,11712,754.0449,235.18239,48.34796,21.761429,0.78747904,-1,-1,-1
108,11713,359.38327,313.08453,72.54413,33.20233,0.83380765,-1,-1,-1
108,11682,324.12302,219.51355,59.08075,26.422363,0.39981037,-1,-1,-1
108,11714,335.70193,253.63524,60.3179,28.077957,0.8345331,-1,-1,-1
108,11706,254.08401,259.4011,69.114044,29.945526,0.3849736,-1,-1,-1
108,11674,500.9945,86.91726,15.731506,16.504509,0.7853912,-1,-1,-1
108,11724,412.49075,249.08029,51.409424,25.05661,0.8542538,-1,-1,-1
108,11732,259.61215,295.98068,66.85278,32.48651,0.82979256,-1,-1,-1
108,11678,780.0962,273.2177,50.100037,29.138885,0.7136027,-1,-1,-1
108,11685,768.59314,220.64435,47.509033,19.716782,0.7029426,-1,-1,-1
108,11683,710.70166,205.91982,44.41632,21.403336,0.7523809,-1,-1,-1
108,11690,484.67563,231.99548,55.35965,27.237396,0.8471885,-1,-1,-1
108,11711,577.2679,159.76741,38.0896,21.03801,0.66529506,-1,-1,-1
108,11752,38.646484,285.17374,63.15526,36.716858,0.8403653,-1,-1,-1
108,11744,880.23596,222.71237,45.32025,18.402924,0.581064,-1,-1,-1
109,11669,493.01266,165.43971,22.534576,27.754318,0.817135,-1,-1,-1
109,11677,403.27365,273.2742,61.748413,28.162506,0.8313489,-1,-1,-1
109,11673,827.5101,297.85724,56.39203,26.457062,0.84171516,-1,-1,-1
109,11668,879.19916,262.7255,49.31067,24.54953,0.77572924,-1,-1,-1
109,11712,751.125,235.20047,48.19519,21.680115,0.77305746,-1,-1,-1
109,11713,363.3169,312.62402,73.281555,33.647797,0.8515238,-1,-1,-1
109,11682,319.7664,219.40448,59.353027,26.721542,0.6402801,-1,-1,-1
109,11714,335.48294,253.53416,60.243225,28.099533,0.8324974,-1,-1,-1
109,11706,254.52971,259.14523,69.077194,30.09726,0.37974375,-1,-1,-1
109,11674,500.76987,86.31915,15.591278,16.426247,0.78722566,-1,-1,-1
109,11724,412.41226,249.14342,51.01306,24.751266,0.85049206,-1,-1,-1
109,11732,264.38806,295.76566,66.83179,32.552917,0.85323024,-1,-1,-1
109,11678,783.1103,273.13052,49.963074,29.070404,0.8012241,-1,-1,-1
109,11685,766.55273,220.50189,47.78955,19.930084,0.59836674,-1,-1,-1
109,11683,707.5469,205.96152,44.658203,21.618347,0.7415004,-1,-1,-1
109,11690,481.6472,231.9297,55.113983,27.09694,0.844203,-1,-1,-1
109,11711,576.1438,159.43352,37.14807,20.585114,0.7010028,-1,-1,-1
109,11752,43.103634,285.05127,64.36835,36.730774,0.83736336,-1,-1,-1
109,11744,878.48,222.62572,46.065186,18.4534,0.6277792,-1,-1,-1
110,11669,492.7606,165.19,22.608795,27.846802,0.81315756,-1,-1,-1
110,11677,405.93628,272.93552,62.272156,28.523987,0.83104235,-1,-1,-1
110,11673,830.3638,297.72708,56.417725,26.48108,0.83920974,-1,-1,-1
110,11668,882.262,262.57153,49.308533,24.528564,0.800544,-1,-1,-1
110,11712,747.9249,234.86104,49.061157,22.14766,0.7593582,-1,-1,-1
110,11713,366.5408,312.37515,73.391785,33.74597,0.832942,-1,-1,-1
110,11682,316.0495,219.2064,59.43808,26.94777,0.4251022,-1,-1,-1
110,11714,335.16327,253.41524,60.365326,28.225021,0.83009785,-1,-1,-1
110,11706,254.50743,258.8821,69.8116,30.600433,0.25511163,-1,-1,-1
110,11674,500.53653,86.19302,15.257233,16.08313,0.7851839,-1,-1,-1
110,11724,412.3751,249.2056,50.9971,24.629028,0.8533427,-1,-1,-1
110,11732,269.66943,295.44437,66.581604,32.497406,0.8391257,-1,-1,-1
110,11678,786.1622,272.9014,49.96173,29.025116,0.76504594,-1,-1,-1
110,11685,764.2942,220.37721,48.291016,20.25232,0.52456594,-1,-1,-1
110,11683,703.6197,205.50102,45.54059,22.237045,0.7348519,-1,-1,-1
110,11690,478.11154,231.87274,55.367645,27.2612,0.8386179,-1,-1,-1
110,11711,575.0703,159.00542,36.68622,20.443787,0.786839,-1,-1,-1
110,11752,48.353355,284.88116,63.8985,35.66397,0.8071773,-1,-1,-1
110,11744,876.90454,222.42477,46.19513,18.410538,0.6659726,-1,-1,-1
110,11728,864.57526,207.12201,41.281067,19.39476,0.329993,-1,-1,-1
111,11669,492.41632,165.01541,22.747559,28.047485,0.81110215,-1,-1,-1
111,11677,408.98135,272.71857,62.25589,28.620483,0.82957345,-1,-1,-1
111,11673,833.0285,297.6234,56.364014,26.44162,0.82531554,-1,-1,-1
111,11668,886.03015,262.47662,48.89972,24.17221,0.78026855,-1,-1,-1
111,11712,744.9941,234.8418,48.751465,22.011932,0.7202239,-1,-1,-1
111,11713,371.0657,311.98715,74.079926,34.161163,0.8360807,-1,-1,-1
111,11682,312.25125,218.89069,59.698547,27.18512,0.5009122,-1,-1,-1
111,11714,334.8566,253.47737,60.583954,28.388565,0.8346136,-1,-1,-1
111,11706,254.00377,258.98123,70.10649,30.862305,0.31243792,-1,-1,-1
111,11674,499.85596,85.65019,15.391541,16.188751,0.7942556,-1,-1,-1
111,11724,412.3416,249.27748,51.134186,24.574875,0.8501416,-1,-1,-1
111,11732,274.23502,295.3014,66.71396,32.545288,0.8259344,-1,-1,-1
111,11678,789.48315,272.84354,49.86963,28.982513,0.7523969,-1,-1,-1
111,11685,763.37006,220.69624,46.619568,19.467728,0.49582317,-1,-1,-1
111,11683,700.45935,205.27588,45.45404,22.394363,0.77099866,-1,-1,-1
111,11690,475.06012,231.68178,55.808167,27.403244,0.83061934,-1,-1,-1
111,11711,573.96454,158.3622,36.533325,20.467636,0.7635342,-1,-1,-1
111,11752,53.65861,284.70633,64.22543,35.239624,0.8005218,-1,-1,-1
111,11744,875.1135,222.63739,46.01837,18.094116,0.49336118,-1,-1,-1
111,11757,907.1195,231.96417,49.450195,24.20987,0.51320463,-1,-1,-1
111,11758,11.644353,308.19046,45.178394,30.294342,0.6580665,-1,-1,-1
111,11728,860.39233,206.6564,44.445374,21.222076,0.4382815,-1,-1,-1
112,11669,492.1477,164.90015,22.826782,28.179794,0.8116782,-1,-1,-1
112,11677,412.69913,272.74854,61.598816,28.38382,0.8400213,-1,-1,-1
112,11673,836.07355,297.36282,56.305298,26.34787,0.7688678,-1,-1,-1
112,11668,889.27167,262.31348,48.72235,24.004333,0.66506374,-1,-1,-1
112,11712,742.5032,234.93095,48.541077,21.88771,0.7892737,-1,-1,-1
112,11713,376.2506,311.60083,73.83594,34.056946,0.86490643,-1,-1,-1
112,11714,334.85605,253.732,59.97751,28.100037,0.8316491,-1,-1,-1
112,11706,254.24028,259.13806,69.119125,30.480377,0.33329827,-1,-1,-1
112,11674,499.3744,85.125854,15.31958,16.071838,0.8092786,-1,-1,-1
112,11724,412.25043,249.41606,51.09436,24.419327,0.8451147,-1,-1,-1
112,11732,279.3863,294.85278,66.60153,32.48221,0.84493506,-1,-1,-1
112,11678,792.90015,272.77542,49.53125,28.705963,0.76243204,-1,-1,-1
112,11685,761.011,220.46976,47.848083,20.06398,0.6367507,-1,-1,-1
112,11683,697.7096,205.1901,44.669006,22.164337,0.7910013,-1,-1,-1
112,11690,471.63467,231.58179,55.818756,27.414368,0.8532771,-1,-1,-1
112,11711,572.6565,157.80858,36.487366,20.5253,0.72507066,-1,-1,-1
112,11752,58.506737,284.93222,64.30293,34.737793,0.82615805,-1,-1,-1
112,11744,871.48157,222.30945,46.508423,18.13118,0.52781445,-1,-1,-1
112,11757,903.98096,231.70822,49.881775,24.442444,0.65651464,-1,-1,-1
112,11758,14.214739,308.3033,46.154907,30.782135,0.68731755,-1,-1,-1
112,11728,858.33606,206.38431,42.99762,20.581024,0.364717,-1,-1,-1
113,11669,492.01785,164.8925,22.766144,28.123642,0.815443,-1,-1,-1
113,11677,416.18353,272.6771,60.96219,28.125427,0.8475219,-1,-1,-1
113,11673,838.8237,297.1708,56.141113,26.208649,0.7230407,-1,-1,-1
113,11668,893.47394,262.27042,48.545288,23.88974,0.8087781,-1,-1,-1
113,11712,739.33215,234.60565,49.36975,22.316711,0.77728796,-1,-1,-1
113,11713,381.9755,311.26065,73.974396,33.93753,0.84459776,-1,-1,-1
113,11714,334.7455,253.87517,59.78119,27.966995,0.8425818,-1,-1,-1
113,11674,499.04462,84.56525,15.401611,16.170555,0.8043204,-1,-1,-1
113,11724,412.18094,249.50424,51.286102,24.373077,0.83023226,-1,-1,-1
113,11732,284.67343,294.64337,65.79761,32.002472,0.8451873,-1,-1,-1
113,11678,796.1472,272.79767,49.234253,28.453735,0.8112437,-1,-1,-1
113,11685,758.8053,220.11378,48.10559,20.278915,0.6344513,-1,-1,-1
113,11683,694.71136,204.89006,45.04132,22.538513,0.7848975,-1,-1,-1
113,11690,468.66995,231.66966,55.209137,27.084518,0.8592084,-1,-1,-1
113,11711,571.0447,157.21814,36.54596,20.712738,0.72701764,-1,-1,-1
113,11752,63.30018,284.90887,63.832184,33.93222,0.833518,-1,-1,-1
113,11744,869.9163,222.47638,46.130127,17.819733,0.60549974,-1,-1,-1
113,11757,901.83246,232.01015,48.663025,23.84375,0.7630647,-1,-1,-1
113,11758,17.673916,307.75192,48.901287,32.334137,0.6653811,-1,-1,-1
113,11728,856.66345,206.52881,41.712585,20.009964,0.32846907,-1,-1,-1
113,11687,652.159,246.3003,70.27472,48.296204,0.3066061,-1,-1,-1
114,11669,491.95975,164.84094,22.765106,28.17302,0.8202139,-1,-1,-1
114,11677,420.39648,272.6268,59.83844,27.627197,0.84906477,-1,-1,-1
114,11673,841.266,296.873,55.047913,25.656403,0.41994247,-1,-1,-1
114,11668,896.8535,262.1435,48.705994,23.878052,0.833926,-1,-1,-1
114,11712,736.7905,234.60881,49.229248,22.258408,0.7724834,-1,-1,-1
114,11713,387.11438,311.08823,71.80237,32.90442,0.85011315,-1,-1,-1
114,11714,334.64328,253.89192,59.487244,27.783005,0.83964074,-1,-1,-1
114,11674,498.587,83.69843,15.362701,16.22097,0.8060985,-1,-1,-1
114,11724,412.082,249.6391,51.736786,24.486847,0.82880205,-1,-1,-1
114,11732,289.1658,294.0424,67.242676,32.695618,0.82983065,-1,-1,-1
114,11678,799.5101,272.5726,49.424377,28.46762,0.7760464,-1,-1,-1
114,11685,756.7537,219.76413,47.38269,20.028183,0.6871867,-1,-1,-1
114,11683,691.3359,204.47305,45.45746,22.943726,0.7674036,-1,-1,-1
114,11690,465.5242,231.81801,54.870697,26.890732,0.86582017,-1,-1,-1
114,11711,569.32654,156.2256,36.677002,20.991776,0.74565583,-1,-1,-1
114,11752,69.99005,284.90082,62.95485,32.937622,0.833528,-1,-1,-1
114,11744,867.8673,222.30081,46.683228,17.91829,0.63499635,-1,-1,-1
114,11757,899.2827,232.05533,48.657898,23.852264,0.80621046,-1,-1,-1
114,11758,21.385984,307.40402,50.979973,33.280945,0.8070912,-1,-1,-1
114,11728,853.7135,205.909,43.782776,21.266968,0.33627445,-1,-1,-1
114,11759,947.03467,221.99599,44.020752,20.713837,0.59892035,-1,-1,-1
114,11687,655.31274,246.00221,71.35901,48.669907,0.5405548,-1,-1,-1
114,11706,253.41832,259.50455,68.74788,30.285889,0.35336348,-1,-1,-1
115,11669,491.78925,164.76405,22.750671,28.217178,0.8189598,-1,-1,-1
115,11677,423.63074,272.45007,60.50107,28.051666,0.84606224,-1,-1,-1
115,11673,842.93896,296.6132,54.598816,25.50647,0.27416745,-1,-1,-1
115,11668,900.1984,261.78275,48.405823,23.705902,0.7977167,-1,-1,-1
115,11712,733.71405,234.52206,49.245056,22.234314,0.73494875,-1,-1,-1
115,11713,389.74615,310.70227,71.51056,32.85144,0.83650684,-1,-1,-1
115,11714,334.55872,253.89838,59.31662,27.713196,0.83043164,-1,-1,-1
115,11674,498.25656,82.820656,15.520233,16.47699,0.80959946,-1,-1,-1
115,11724,411.48492,249.64899,53.00302,25.069305,0.8292332,-1,-1,-1
115,11732,294.113,293.96988,66.964874,32.552795,0.8407704,-1,-1,-1
115,11678,802.7358,272.21603,49.82605,28.735413,0.72311574,-1,-1,-1
115,11685,754.58057,219.6798,47.511475,20.178558,0.6869637,-1,-1,-1
115,11683,688.53314,204.2491,45.25708,23.042099,0.78929615,-1,-1,-1
115,11690,462.50458,231.9198,54.648376,26.703094,0.831016,-1,-1,-1
115,11711,568.00714,155.38222,36.77472,21.233063,0.8033477,-1,-1,-1
115,11752,74.18972,284.71423,62.941826,32.435577,0.8147679,-1,-1,-1
115,11744,865.57764,221.78903,48.40033,18.593216,0.57813346,-1,-1,-1
115,11757,897.19806,232.29959,47.832214,23.43457,0.79835784,-1,-1,-1
115,11758,24.180195,307.22678,53.54069,34.25827,0.7843587,-1,-1,-1
115,11728,851.2381,205.32283,43.224,21.127182,0.31120065,-1,-1,-1
115,11759,946.15436,221.72675,45.04254,21.19307,0.7028857,-1,-1,-1
115,11687,658.5137,246.13017,71.89191,48.695724,0.37808093,-1,-1,-1
115,11706,253.0279,259.4375,69.035034,30.391754,0.3785634,-1,-1,-1
116,11669,491.71698,164.62433,22.900085,28.476593,0.8185669,-1,-1,-1
116,11677,426.82306,272.42767,60.580536,28.150879,0.8458085,-1,-1,-1
116,11673,844.6543,296.34003,54.06549,25.411133,0.2889949,-1,-1,-1
116,11668,903.3783,261.13855,49.054626,24.057556,0.7686248,-1,-1,-1
116,11712,731.11304,234.49261,49.15509,22.195953,0.8133913,-1,-1,-1
116,11713,393.08652,310.12466,72.04309,33.268982,0.82382166,-1,-1,-1
116,11714,334.623,253.85847,59.23053,27.689468,0.8313241,-1,-1,-1
116,11674,498.08743,82.22329,15.58493,16.639687,0.80312526,-1,-1,-1
116,11724,411.1758,249.61633,53.704865,25.382904,0.8311014,-1,-1,-1
116,11732,298.11942,293.89728,67.16159,32.65518,0.85872036,-1,-1,-1
116,11678,806.43414,272.13525,49.39331,28.484344,0.6929655,-1,-1,-1
116,11685,752.74457,219.48125,47.42108,20.17778,0.7179705,-1,-1,-1
116,11683,686.072,204.05096,44.571655,22.850998,0.82546777,-1,-1,-1
116,11690,459.35663,231.8691,54.866394,26.754044,0.85499,-1,-1,-1
116,11711,567.254,154.68253,36.373352,21.168152,0.8085768,-1,-1,-1
116,11752,77.924904,284.49036,63.79212,32.443115,0.7946202,-1,-1,-1
116,11744,863.4808,221.4652,48.520447,18.59526,0.67048776,-1,-1,-1
116,11757,895.09064,232.36972,47.424744,23.226654,0.78872174,-1,-1,-1
116,11758,27.515314,306.86215,55.818077,34.940826,0.75976175,-1,-1,-1
116,11728,848.72656,205.04529,43.13257,21.17241,0.31014115,-1,-1,-1
116,11759,945.23236,221.38762,45.200073,21.248093,0.6792149,-1,-1,-1
116,11687,661.23846,246.2281,71.77887,48.310837,0.45114654,-1,-1,-1
116,11706,252.61942,259.31277,69.70792,30.694366,0.3199531,-1,-1,-1
117,11669,491.64185,164.62737,22.879578,28.529373,0.81678903,-1,-1,-1
117,11677,430.2802,272.31787,60.2175,28.05426,0.838517,-1,-1,-1
117,11673,846.4977,295.90747,53.65088,25.421295,0.28284842,-1,-1,-1
117,11668,906.81635,260.9974,49.007935,24.09784,0.7205054,-1,-1,-1
117,11712,728.48944,234.15306,49.333008,22.257614,0.784163,-1,-1,-1
117,11713,398.16074,310.14755,70.98929,32.883575,0.82877403,-1,-1,-1
117,11714,334.5905,253.73572,59.188538,27.69394,0.8334329,-1,-1,-1
117,11674,497.61383,81.75763,15.45343,16.56997,0.80311036,-1,-1,-1
117,11724,411.1255,249.5292,54.29532,25.543823,0.84728366,-1,-1,-1
117,11732,303.834,293.66907,66.50656,32.224762,0.8389425,-1,-1,-1
117,11678,809.21045,271.93002,49.414673,28.494324,0.7568983,-1,-1,-1
117,11685,750.30035,219.1466,48.65381,20.819748,0.5955376,-1,-1,-1
117,11683,682.57513,203.73134,44.94861,23.211746,0.80809796,-1,-1,-1
117,11690,456.2918,231.8931,54.274017,26.374603,0.85282606,-1,-1,-1
117,11711,566.0947,154.00435,36.009888,21.125244,0.79133105,-1,-1,-1
117,11752,82.27116,284.1648,65.42872,32.95697,0.771185,-1,-1,-1
117,11744,861.5751,221.55057,47.96222,18.421906,0.495052,-1,-1,-1
117,11757,891.90985,231.50308,48.37268,23.722565,0.59629196,-1,-1,-1
117,11758,32.74244,306.52396,57.27314,34.989075,0.78706205,-1,-1,-1
117,11728,845.55756,204.44888,44.33435,21.963348,0.35198578,-1,-1,-1
117,11687,663.54407,246.16806,71.815,48.17929,0.53687257,-1,-1,-1
118,11669,491.59256,164.49422,22.921356,28.659012,0.8227799,-1,-1,-1
118,11677,434.11377,272.12836,60.424255,28.174896,0.85139054,-1,-1,-1
118,11668,911.50116,261.46368,47.150024,23.196136,0.62565345,-1,-1,-1
118,11712,725.1022,233.71526,49.737976,22.517258,0.83067054,-1,-1,-1
118,11713,403.63803,310.2828,69.529236,32.286926,0.8206714,-1,-1,-1
118,11714,334.68954,253.57356,59.039978,27.654251,0.8392875,-1,-1,-1
118,11674,497.76154,81.70617,15.043884,16.152367,0.80576426,-1,-1,-1
118,11724,411.0854,249.4202,54.276154,25.41156,0.8521633,-1,-1,-1
118,11732,309.21692,293.4815,65.02673,31.35968,0.83445424,-1,-1,-1
118,11678,811.688,271.4798,49.95868,28.8031,0.61260754,-1,-1,-1
118,11685,747.5641,219.16827,49.758972,21.505081,0.6776365,-1,-1,-1
118,11683,679.28595,203.29921,45.216248,23.501022,0.83687973,-1,-1,-1
118,11690,452.64838,231.89345,53.831818,25.99614,0.839822,-1,-1,-1
118,11711,564.9675,153.40012,35.613586,21.023056,0.6560429,-1,-1,-1
118,11752,85.79619,283.80756,65.75844,32.892273,0.75626016,-1,-1,-1
118,11744,858.7568,221.23962,48.121582,18.592468,0.52811897,-1,-1,-1
118,11757,888.80316,231.12141,48.75647,23.871002,0.66158944,-1,-1,-1
118,11758,38.7494,305.94995,59.082783,35.309143,0.68221474,-1,-1,-1
118,11728,843.23206,204.2893,43.708252,21.765015,0.43937024,-1,-1,-1
118,11687,666.949,246.4315,71.03235,47.105484,0.4339754,-1,-1,-1
118,11761,665.4995,246.79633,71.431885,46.329468,0.43039304,-1,-1,-1
119,11669,491.50043,164.31009,22.973938,28.793747,0.82285106,-1,-1,-1
119,11677,436.87503,272.01035,60.44644,28.238434,0.84459877,-1,-1,-1
119,11668,914.669,261.56995,46.371887,22.799988,0.30741975,-1,-1,-1
119,11712,722.1339,233.42786,49.87268,22.568909,0.82064533,-1,-1,-1
119,11713,407.26135,310.21542,69.98761,32.50186,0.7928441,-1,-1,-1
119,11714,334.81686,253.46736,58.833344,27.547134,0.85256803,-1,-1,-1
119,11674,497.63504,81.54199,14.818085,15.9255905,0.79665065,-1,-1,-1
119,11724,410.7706,249.51715,53.594208,25.090942,0.84279716,-1,-1,-1
119,11732,313.95883,293.06195,65.10849,31.234436,0.83228886,-1,-1,-1
119,11678,815.4525,271.4224,49.205933,28.37616,0.64637387,-1,-1,-1
119,11685,745.187,218.96483,49.541992,21.544312,0.6940733,-1,-1,-1
119,11683,676.27966,203.27797,45.11963,23.580643,0.84308505,-1,-1,-1
119,11690,449.94003,231.97469,53.46408,25.646896,0.86896604,-1,-1,-1
119,11711,563.69916,152.81166,35.803894,21.365143,0.45544687,-1,-1,-1
119,11752,90.40554,283.5328,66.09228,32.804474,0.74277484,-1,-1,-1
119,11744,856.9146,221.11041,47.352173,18.380188,0.45914054,-1,-1,-1
119,11757,885.5567,230.61867,49.80786,24.37091,0.72396857,-1,-1,-1
119,11758,44.790447,305.0262,61.582455,36.089508,0.7047747,-1,-1,-1
119,11728,840.7992,204.18216,43.621094,21.81456,0.49633667,-1,-1,-1
119,11687,669.794,246.50061,71.37146,46.908478,0.5470255,-1,-1,-1
119,11761,668.3062,246.65755,72.65985,47.091812,0.29881817,-1,-1,-1
120,11669,491.46274,164.1779,22.97525,28.862,0.82223123,-1,-1,-1
120,11677,439.47833,271.56097,60.825836,28.427795,0.84883446,-1,-1,-1
120,11668,918.6003,261.2423,46.27484,22.741333,0.5603001,-1,-1,-1
120,11712,719.2405,233.24675,49.81897,22.54126,0.82681274,-1,-1,-1
120,11713,411.96057,310.2652,69.91275,32.47232,0.828375,-1,-1,-1
120,11714,334.84692,253.30586,58.786316,27.544693,0.85677934,-1,-1,-1
120,11674,497.57074,81.21496,14.607605,15.713936,0.79453325,-1,-1,-1
120,11724,410.64023,249.53903,53.21405,24.903717,0.84556085,-1,-1,-1
120,11732,318.70737,292.8445,64.99597,31.102203,0.8665861,-1,-1,-1
120,11678,819.02246,271.27948,48.953064,28.178772,0.6808608,-1,-1,-1
120,11685,743.2581,218.97847,48.772278,21.255447,0.7160109,-1,-1,-1
120,11683,673.78394,203.35445,44.3255,23.243286,0.85884124,-1,-1,-1
120,11690,447.3504,232.01398,52.752045,25.10373,0.8287363,-1,-1,-1
120,11711,562.83203,152.39957,34.36322,20.615341,0.50128925,-1,-1,-1
120,11752,95.50576,283.38058,65.68188,32.292725,0.6942428,-1,-1,-1
120,11744,855.2954,221.0064,47.176147,18.422485,0.48527977,-1,-1,-1
120,11757,883.06793,230.222,49.702576,24.340546,0.7981418,-1,-1,-1
120,11758,51.264305,304.73288,62.248215,35.792908,0.5269136,-1,-1,-1
120,11728,838.3509,204.29536,43.420227,21.829437,0.61576766,-1,-1,-1
121,11669,491.43515,164.11969,22.838043,28.765717,0.8265914,-1,-1,-1
121,11677,443.1458,271.2232,60.898407,28.584717,0.8447448,-1,-1,-1
121,11668,921.7407,260.686,46.726562,22.897308,0.46747702,-1,-1,-1
121,11712,716.4471,232.87082,50.286743,22.84906,0.8000174,-1,-1,-1
121,11713,415.6804,310.1202,69.5289,32.324493,0.82351345,-1,-1,-1
121,11714,334.46658,253.01878,59.056396,27.689194,0.84768826,-1,-1,-1
121,11674,497.3418,80.870186,14.334869,15.423241,0.795363,-1,-1,-1
121,11724,410.3056,249.4053,52.893677,24.782776,0.83121586,-1,-1,-1
121,11732,323.22147,292.30963,65.40753,31.303009,0.84538215,-1,-1,-1
121,11678,822.97095,271.79355,47.395508,27.10794,0.67746484,-1,-1,-1
121,11685,741.2211,218.97894,48.73352,21.21524,0.70093703,-1,-1,-1
121,11683,671.01874,203.56035,43.535095,22.864914,0.8516308,-1,-1,-1
121,11690,444.30853,232.14224,51.85367,24.515839,0.8358891,-1,-1,-1
121,11711,561.8163,151.68199,33.80005,20.403,0.513969,-1,-1,-1
121,11752,101.14322,283.22238,65.093994,31.594482,0.60081613,-1,-1,-1
121,11744,853.32,220.96924,47.233887,18.505554,0.4639866,-1,-1,-1
121,11757,880.70636,229.9533,49.815308,24.409073,0.79657096,-1,-1,-1
121,11758,57.937195,304.29083,62.95588,35.576508,0.48171073,-1,-1,-1
121,11728,836.3799,204.55083,42.198914,21.269424,0.5243653,-1,-1,-1
121,11706,252.2619,260.13516,68.10477,29.82544,0.29380322,-1,-1,-1
121,11687,675.6185,246.15414,71.41235,46.792236,0.6701417,-1,-1,-1
122,11669,491.5132,164.0581,22.72348,28.717102,0.8255142,-1,-1,-1
122,11677,446.82086,271.07367,60.278442,28.297699,0.8466384,-1,-1,-1
122,11668,924.56665,260.00684,47.923706,23.470856,0.41849566,-1,-1,-1
122,11712,713.9941,232.86923,49.236023,22.41365,0.7661146,-1,-1,-1
122,11713,419.4705,309.30612,69.638214,32.476532,0.8108358,-1,-1,-1
122,11714,334.36783,252.84312,59.046295,27.684036,0.84564525,-1,-1,-1
122,11674,497.159,80.11145,14.526611,15.676125,0.8033477,-1,-1,-1
122,11724,409.96744,249.33632,52.797333,24.773972,0.83255833,-1,-1,-1
122,11732,327.55264,291.68994,66.196686,31.711517,0.8503396,-1,-1,-1
122,11678,826.1781,271.77237,47.621033,27.182892,0.32788956,-1,-1,-1
122,11685,738.544,218.5544,49.433838,21.589584,0.66164494,-1,-1,-1
122,11683,668.2271,203.56795,42.872314,22.553925,0.85594755,-1,-1,-1
122,11690,441.22455,232.09572,52.11386,24.478958,0.8317034,-1,-1,-1
122,11711,561.127,151.18245,33.52527,20.382462,0.38700074,-1,-1,-1
122,11752,106.6287,283.02423,65.08961,31.104553,0.73173344,-1,-1,-1
122,11744,851.1483,220.72867,46.802124,18.378265,0.37024763,-1,-1,-1
122,11757,877.7632,229.1215,51.401062,25.313736,0.7576226,-1,-1,-1
122,11758,63.62206,303.8685,64.340256,35.732666,0.7470125,-1,-1,-1
122,11728,833.17615,204.0813,43.244507,21.953232,0.39585635,-1,-1,-1
122,11687,679.12115,246.1102,71.13519,46.19113,0.65921795,-1,-1,-1
123,11669,491.4945,163.9513,22.665955,28.734009,0.8233406,-1,-1,-1
123,11677,450.8359,270.6367,60.0867,28.216705,0.85168463,-1,-1,-1
123,11668,927.9041,259.78506,47.64154,23.30429,0.26937816,-1,-1,-1
123,11712,710.6664,232.59883,49.2594,22.501526,0.79021364,-1,-1,-1
123,11713,422.6762,308.1455,70.74826,33.133484,0.8451338,-1,-1,-1
123,11714,334.22705,252.83984,59.139404,27.720978,0.8553499,-1,-1,-1
123,11674,496.7786,79.340996,14.497681,15.695328,0.81545997,-1,-1,-1
123,11724,410.14847,249.33298,52.53961,24.624542,0.82515246,-1,-1,-1
123,11732,331.9702,290.99347,66.940186,32.103607,0.8531103,-1,-1,-1
123,11685,736.1268,218.20227,49.51764,21.693558,0.68601334,-1,-1,-1
123,11683,664.98486,203.49957,42.693176,22.484818,0.844891,-1,-1,-1
123,11690,437.75684,231.89478,52.44113,24.51889,0.831975,-1,-1,-1
123,11711,560.08795,150.28085,34.11554,20.949768,0.43961635,-1,-1,-1
123,11752,111.29375,282.5134,66.20224,31.29004,0.67944294,-1,-1,-1
123,11757,874.6391,228.99905,52.039917,25.709717,0.75150603,-1,-1,-1
123,11758,70.00593,303.68884,65.17965,35.544403,0.7965578,-1,-1,-1
123,11687,682.75446,246.5872,70.43463,45.39955,0.60527784,-1,-1,-1
123,11706,252.47887,259.85663,68.576035,29.948761,0.29505295,-1,-1,-1
124,11669,491.52237,163.85675,22.535309,28.666199,0.81621677,-1,-1,-1
124,11677,454.33865,270.2181,60.39566,28.39444,0.8373009,-1,-1,-1
124,11712,706.4841,232.27628,50.556458,23.09523,0.6432936,-1,-1,-1
124,11713,426.21558,308.07147,70.65692,33.133484,0.8181053,-1,-1,-1
124,11714,334.02615,252.76578,59.27243,27.775146,0.8777086,-1,-1,-1
124,11674,496.4314,78.55464,14.624847,15.927032,0.82986283,-1,-1,-1
124,11724,410.53183,249.43361,52.368042,24.46077,0.82422024,-1,-1,-1
124,11732,336.24066,290.59143,67.08136,32.26825,0.841077,-1,-1,-1
124,11685,733.58234,218.12488,50.11084,22.019684,0.72933304,-1,-1,-1
124,11683,662.22876,203.60298,42.24475,22.205994,0.85212046,-1,-1,-1
124,11690,434.9691,231.79291,52.37802,24.310974,0.8376305,-1,-1,-1
124,11711,558.7979,148.80695,34.851624,21.681808,0.47471514,-1,-1,-1
124,11752,116.089424,282.39963,62.35807,28.874664,0.37490445,-1,-1,-1
124,11757,872.60626,229.40791,51.670532,25.58162,0.7859143,-1,-1,-1
124,11758,75.889915,303.1052,65.80988,35.30313,0.83400697,-1,-1,-1
124,11687,685.0574,244.95511,75.02496,48.150482,0.46441576,-1,-1,-1
124,11762,0.0,227.02223,38.01608,28.302353,0.38846633,-1,-1,-1
124,11706,252.7429,259.59772,68.58528,29.906494,0.37114155,-1,-1,-1
124,11728,828.1494,203.5872,43.515503,22.14888,0.37402207,-1,-1,-1
125,11669,491.38577,163.7627,22.390228,28.592285,0.8144541,-1,-1,-1
125,11677,457.84512,269.81036,60.713837,28.614777,0.8491839,-1,-1,-1
125,11712,700.8768,232.13838,50.82837,22.801651,0.52717084,-1,-1,-1
125,11713,430.58557,307.80353,70.1239,32.873016,0.84117454,-1,-1,-1
125,11714,333.58566,252.41852,59.690796,28.003601,0.8339428,-1,-1,-1
125,11674,496.36978,78.05103,14.364014,15.660912,0.82573885,-1,-1,-1
125,11724,410.41986,249.13368,53.040863,24.720444,0.8255081,-1,-1,-1
125,11732,340.50748,290.19965,67.0578,32.389008,0.8425228,-1,-1,-1
125,11685,730.6936,217.96982,50.548706,22.308167,0.756784,-1,-1,-1
125,11683,659.1246,203.59682,42.334167,22.24556,0.83482236,-1,-1,-1
125,11690,431.6548,231.59697,52.832886,24.42952,0.8300196,-1,-1,-1
125,11711,557.57227,147.62172,35.192566,22.238464,0.33280614,-1,-1,-1
125,11752,120.89606,282.1746,65.24133,30.069946,0.45722947,-1,-1,-1
125,11757,870.33606,229.29765,52.004456,25.77147,0.8095849,-1,-1,-1
125,11758,81.67233,303.2866,65.03078,34.387146,0.810923,-1,-1,-1
125,11687,688.2303,244.41345,74.54907,47.62558,0.61312455,-1,-1,-1
125,11728,825.4346,203.17746,43.480957,22.27594,0.6615023,-1,-1,-1
125,11678,835.0119,270.3712,49.036743,27.905945,0.3388844,-1,-1,-1
126,11669,491.39258,163.66582,22.313782,28.615494,0.8220937,-1,-1,-1
126,11677,461.75723,269.5437,60.76895,28.673157,0.86010957,-1,-1,-1
126,11712,699.8028,232.27643,49.272156,21.993073,0.44762534,-1,-1,-1
126,11713,434.55676,307.44235,70.08859,32.799835,0.83825123,-1,-1,-1
126,11714,333.51813,252.19461,59.68628,28.015686,0.8280265,-1,-1,-1
126,11674,496.13577,77.580956,14.025757,15.343124,0.8292666,-1,-1,-1
126,11724,410.25595,248.95825,53.52191,24.905731,0.8130086,-1,-1,-1
126,11732,345.3442,289.93625,66.814606,32.367645,0.84300536,-1,-1,-1
126,11685,728.91833,217.9478,49.11615,21.690659,0.7854468,-1,-1,-1
126,11683,655.949,203.5903,42.35962,22.266403,0.8378022,-1,-1,-1
126,11690,428.09125,231.55795,53.598633,24.69101,0.8331711,-1,-1,-1
126,11711,556.87885,147.13617,34.86621,22.363846,0.44685933,-1,-1,-1
126,11752,133.26997,281.83725,64.128296,30.31134,0.61355203,-1,-1,-1
126,11757,867.98334,229.45895,51.76825,25.726288,0.8160261,-1,-1,-1
126,11758,87.08578,303.34198,64.62945,33.821625,0.76936257,-1,-1,-1
126,11687,692.2742,245.01039,73.111694,46.205368,0.37302366,-1,-1,-1
126,11759,927.88794,220.51395,45.22467,21.28746,0.50706947,-1,-1,-1
127,11669,491.5764,163.56393,22.231781,28.611328,0.825927,-1,-1,-1
127,11677,465.18866,269.15894,60.96875,28.814728,0.8425022,-1,-1,-1
127,11712,696.26544,231.82779,53.69525,24.071518,0.32372448,-1,-1,-1
127,11713,438.97684,307.46713,69.79938,32.64682,0.8183305,-1,-1,-1
127,11714,333.6706,252.0105,59.614594,28.010162,0.8288686,-1,-1,-1
127,11674,496.02536,77.03915,13.949463,15.322914,0.83074516,-1,-1,-1
127,11724,410.41025,248.61954,54.351654,25.16037,0.83371305,-1,-1,-1
127,11732,350.273,289.83,65.98688,32.026978,0.83442044,-1,-1,-1
127,11685,727.0601,217.59618,48.76245,21.557343,0.80178255,-1,-1,-1
127,11683,652.4217,203.37047,42.749207,22.501297,0.83695304,-1,-1,-1
127,11690,424.54288,231.45506,54.03195,24.799545,0.8231427,-1,-1,-1
127,11711,556.35895,146.76604,34.391785,22.382187,0.32986936,-1,-1,-1
127,11752,130.90126,281.57336,66.02251,30.764313,0.8011351,-1,-1,-1
127,11757,865.485,229.29068,52.22229,26.059235,0.7606617,-1,-1,-1
127,11758,93.6363,303.04565,65.405174,33.779297,0.82687134,-1,-1,-1
127,11687,697.1115,246.90419,70.54083,43.982224,0.40379575,-1,-1,-1
127,11759,925.61383,219.98613,46.367065,21.927856,0.47921687,-1,-1,-1
127,11706,253.13428,259.18726,67.31497,29.328033,0.37540144,-1,-1,-1
127,11728,820.9928,203.44139,42.82959,21.995605,0.3365251,-1,-1,-1
128,11669,491.7687,163.43044,22.10611,28.529953,0.8280197,-1,-1,-1
128,11677,468.19504,268.5236,61.758575,29.298035,0.84592223,-1,-1,-1
128,11712,692.8633,231.52507,53.94049,24.295456,0.36089554,-1,-1,-1
128,11713,444.9112,307.20346,69.18384,32.463226,0.8244465,-1,-1,-1
128,11714,333.8726,251.81471,59.415863,27.946487,0.83355963,-1,-1,-1
128,11674,495.86862,76.62127,13.84259,15.22303,0.82214993,-1,-1,-1
128,11724,410.3871,248.60066,54.295288,25.082169,0.8229747,-1,-1,-1
128,11732,354.81506,289.6557,65.79227,32.01941,0.84534466,-1,-1,-1
128,11685,725.08734,217.46996,47.901978,21.1445,0.801219,-1,-1,-1
128,11683,649.7797,203.31268,42.362183,22.19896,0.86626285,-1,-1,-1
128,11690,421.8835,231.43317,53.071808,24.184235,0.785926,-1,-1,-1
128,11711,556.05,146.19147,33.15094,21.802078,0.35713452,-1,-1,-1
128,11752,131.10307,281.1981,67.785446,31.127594,0.749452,-1,-1,-1
128,11757,862.5043,228.93608,52.330994,26.146317,0.7656659,-1,-1,-1
128,11758,99.04324,302.64874,64.57208,33.16037,0.7889146,-1,-1,-1
128,11687,699.4119,246.40677,71.36194,44.14624,0.38965428,-1,-1,-1
128,11759,924.3304,219.92458,46.31653,21.95604,0.74059397,-1,-1,-1
128,11706,253.27495,259.0411,67.23088,29.287048,0.40465117,-1,-1,-1
128,11728,818.5329,203.7848,42.05713,21.582458,0.3568855,-1,-1,-1
129,11669,491.75555,163.23376,21.949646,28.388443,0.82968825,-1,-1,-1
129,11677,471.89825,268.6809,60.525085,28.704193,0.8449381,-1,-1,-1
129,11712,691.2707,231.40768,50.67926,22.770874,0.69079995,-1,-1,-1
129,11713,450.1894,307.0358,68.47412,32.18039,0.8150264,-1,-1,-1
129,11714,333.6661,251.54506,59.313293,27.92897,0.83421206,-1,-1,-1
129,11674,495.6966,75.986015,13.738678,15.104668,0.8122843,-1,-1,-1
129,11724,410.29456,248.45265,54.559906,25.145096,0.82088476,-1,-1,-1
129,11732,358.99258,289.31772,65.88852,32.147034,0.85226625,-1,-1,-1
129,11685,723.14874,217.54652,47.11084,20.75113,0.7952089,-1,-1,-1
129,11683,646.6329,203.17126,42.446228,22.18689,0.853814,-1,-1,-1
129,11690,419.41766,231.3232,51.63565,23.307861,0.78236645,-1,-1,-1
129,11711,555.3758,145.53027,32.26892,21.404144,0.5532149,-1,-1,-1
129,11752,134.70255,280.8767,68.821045,31.299072,0.7379346,-1,-1,-1
129,11757,860.04675,228.79057,51.417175,25.666489,0.7908668,-1,-1,-1
129,11758,106.79114,301.94055,66.27536,33.430634,0.70177114,-1,-1,-1
129,11687,703.3825,247.2447,70.53967,43.16841,0.65350443,-1,-1,-1
129,11759,922.7313,219.4501,46.487366,22.160767,0.6267192,-1,-1,-1
129,11706,253.21544,259.1132,67.132065,29.24231,0.51711965,-1,-1,-1
129,11728,816.2488,203.80992,41.796448,21.326553,0.446399,-1,-1,-1
129,11678,847.6104,268.93048,49.077393,27.778656,0.25041106,-1,-1,-1
130,11669,491.63562,163.12555,21.836792,28.305267,0.82561445,-1,-1,-1
130,11677,475.83972,268.74316,59.649902,28.333527,0.8391846,-1,-1,-1
130,11712,688.71954,230.88147,53.01422,23.777267,0.5649753,-1,-1,-1
130,11713,453.33228,306.9601,68.71692,32.230103,0.8205568,-1,-1,-1
130,11714,333.6048,251.4154,59.149323,27.876678,0.8357076,-1,-1,-1
130,11674,495.34418,75.72988,13.595581,14.897377,0.7972628,-1,-1,-1
130,11724,409.89087,248.12747,55.035034,25.369019,0.8209334,-1,-1,-1
130,11732,363.04044,289.00937,66.128204,32.315887,0.8271435,-1,-1,-1
130,11685,721.09186,217.31726,47.070618,20.717392,0.8095949,-1,-1,-1
130,11683,643.94525,203.05766,42.22931,22.016876,0.8467641,-1,-1,-1
130,11690,415.263,231.12784,51.00113,22.715302,0.78613067,-1,-1,-1
130,11711,554.8358,144.90652,31.039795,20.677155,0.61848754,-1,-1,-1
130,11752,137.362,280.22882,71.73578,32.573914,0.77734756,-1,-1,-1
130,11757,857.5658,228.2679,51.54834,25.709808,0.7637289,-1,-1,-1
130,11758,112.54215,301.42853,67.94172,33.951385,0.66272825,-1,-1,-1
130,11687,706.335,247.3541,71.01337,42.907166,0.63468,-1,-1,-1
130,11759,921.13464,219.21767,46.43286,22.230484,0.70747066,-1,-1,-1
130,11706,253.06721,258.99612,67.37962,29.397705,0.53649765,-1,-1,-1
130,11728,813.47595,203.7459,41.85797,21.262299,0.48234817,-1,-1,-1
131,11669,491.5959,163.0069,21.730896,28.191574,0.8257896,-1,-1,-1
131,11677,479.40985,268.77005,59.07318,28.069977,0.8530259,-1,-1,-1
131,11712,686.40137,230.98775,51.67273,23.082123,0.7178172,-1,-1,-1
131,11713,455.9318,306.40094,69.52725,32.471924,0.8325825,-1,-1,-1
131,11714,333.6483,251.33473,59.063934,27.8441,0.83351034,-1,-1,-1
131,11674,494.98276,74.861374,13.695618,15.0411,0.8083664,-1,-1,-1
131,11724,409.61172,247.86453,55.30789,25.523865,0.82495964,-1,-1,-1
131,11732,368.07523,288.7679,65.62399,32.10855,0.8302322,-1,-1,-1
131,11685,718.90424,217.24565,47.025696,20.674408,0.81529915,-1,-1,-1
131,11683,640.66986,202.83205,42.22827,21.98941,0.8401471,-1,-1,-1
131,11690,411.07715,231.01183,51.45996,22.697144,0.83244425,-1,-1,-1
131,11711,553.77356,143.8955,31.34967,21.010742,0.6509168,-1,-1,-1
131,11752,143.78032,279.7395,74.534836,34.40805,0.39114448,-1,-1,-1
131,11757,855.4148,228.51382,50.85376,25.325043,0.75293833,-1,-1,-1
131,11687,708.9727,247.43062,71.43872,42.761124,0.6420243,-1,-1,-1
131,11759,920.1377,218.9424,46.449585,22.357147,0.5818863,-1,-1,-1
131,11706,253.05807,258.82062,67.43991,29.477386,0.5753713,-1,-1,-1
131,11728,811.06903,203.39534,41.942078,21.286499,0.6816492,-1,-1,-1
131,11768,2.182545,328.8033,25.66119,33.33789,0.6084423,-1,-1,-1
132,11669,491.57074,162.89125,21.72522,28.16246,0.8235249,-1,-1,-1
132,11677,482.812,268.43655,59.40686,28.270447,0.8478837,-1,-1,-1
132,11712,683.2753,230.8509,51.54303,23.046616,0.76277924,-1,-1,-1
132,11713,458.50708,306.0844,69.81213,32.399445,0.8200198,-1,-1,-1
132,11714,333.69742,251.22789,58.73242,27.67308,0.82880247,-1,-1,-1
132,11674,494.7021,74.20665,13.898712,15.2696,0.79257447,-1,-1,-1
132,11724,409.2292,247.61832,55.59201,25.684082,0.8234547,-1,-1,-1
132,11732,372.76874,288.49545,65.26297,31.996674,0.8451034,-1,-1,-1
132,11685,717.0993,217.23184,46.560974,20.416656,0.81135875,-1,-1,-1
132,11683,637.5614,202.68233,41.877197,21.772354,0.85458577,-1,-1,-1
132,11690,408.0222,231.16676,51.700623,22.509613,0.80594087,-1,-1,-1
132,11711,553.166,143.18092,31.1828,21.03218,0.60135883,-1,-1,-1
132,11752,147.80605,279.36337,72.078,32.97998,0.42935106,-1,-1,-1
132,11757,853.00476,227.99658,50.9859,25.314362,0.7164938,-1,-1,-1
132,11687,710.8876,246.43394,72.84808,43.386734,0.4283298,-1,-1,-1
132,11759,918.62805,218.41898,46.97998,22.694733,0.62369275,-1,-1,-1
132,11706,253.57228,258.56363,66.8307,29.21872,0.73635876,-1,-1,-1
132,11728,809.2797,203.20776,42.04126,21.299759,0.4935467,-1,-1,-1
132,11768,5.0280824,327.10452,26.453014,34.060608,0.6786099,-1,-1,-1
132,11758,125.15468,300.8183,66.535385,32.83661,0.2515019,-1,-1,-1
133,11669,491.32266,162.72757,21.815582,28.246628,0.8212821,-1,-1,-1
133,11677,485.93753,268.2835,59.132782,28.112518,0.8397841,-1,-1,-1
133,11712,680.3133,230.90762,50.989258,22.813522,0.76113075,-1,-1,-1
133,11713,462.88464,306.15958,70.47626,32.82126,0.82150453,-1,-1,-1
133,11714,333.57678,251.21378,58.568787,27.583862,0.8250725,-1,-1,-1
133,11674,494.37613,73.69272,13.942017,15.31855,0.7935535,-1,-1,-1
133,11724,409.20273,247.7774,54.885498,25.327362,0.8323543,-1,-1,-1
133,11732,377.12515,288.05893,64.80136,31.731232,0.83476126,-1,-1,-1
133,11685,714.85596,217.173,46.85901,20.549774,0.81211126,-1,-1,-1
133,11683,634.4802,202.5695,41.937317,21.725128,0.84580624,-1,-1,-1
133,11690,403.20184,231.29063,52.431305,22.621414,0.82770973,-1,-1,-1
133,11711,552.5677,142.99153,30.510254,20.642456,0.50332195,-1,-1,-1
133,11752,151.1158,279.14746,71.63835,32.41681,0.36123776,-1,-1,-1
133,11757,849.571,227.6864,51.28119,25.402634,0.72632253,-1,-1,-1
133,11687,712.7828,245.0299,74.857056,44.689514,0.42271778,-1,-1,-1
133,11759,916.77905,217.85416,47.566895,23.04631,0.41196468,-1,-1,-1
133,11706,253.41261,258.36713,66.57796,29.103027,0.75935715,-1,-1,-1
133,11768,8.013704,326.4711,28.216825,35.68582,0.6933671,-1,-1,-1
133,11678,860.30286,267.73337,50.290466,28.565277,0.48876572,-1,-1,-1
134,11669,491.306,162.53526,21.873566,28.355148,0.81770045,-1,-1,-1
134,11677,489.48367,268.0776,59.256195,28.206787,0.8432717,-1,-1,-1
134,11712,676.38007,230.89313,51.18219,23.0466,0.67931753,-1,-1,-1
134,11713,468.2786,306.21396,68.50784,31.89328,0.82765,-1,-1,-1
134,11714,333.5842,251.16144,58.2518,27.430511,0.82287127,-1,-1,-1
134,11674,494.2695,73.21705,13.641266,14.989738,0.80293125,-1,-1,-1
134,11724,409.5418,247.9899,54.122833,24.934753,0.8327601,-1,-1,-1
134,11732,382.31927,288.2479,63.536896,31.000916,0.8301906,-1,-1,-1
134,11685,711.9296,216.8986,47.902954,21.06726,0.77911645,-1,-1,-1
134,11683,631.225,202.1042,42.92688,22.214417,0.8526428,-1,-1,-1
134,11690,398.408,231.23386,54.66443,23.573334,0.82726675,-1,-1,-1
134,11711,551.68396,142.29668,30.65039,20.83609,0.2700401,-1,-1,-1
134,11752,155.05736,278.776,70.732544,31.50238,0.40309545,-1,-1,-1
134,11757,846.42535,226.90735,52.30127,25.904022,0.7186914,-1,-1,-1
134,11687,715.3793,243.66609,77.53375,46.27147,0.4989271,-1,-1,-1
134,11759,915.0732,218.00931,46.815918,22.74002,0.72282803,-1,-1,-1
134,11706,252.86671,258.0173,67.19969,29.36264,0.7337925,-1,-1,-1
134,11768,11.346109,325.49973,30.190947,37.19162,0.56677693,-1,-1,-1
134,11678,863.72296,267.32687,50.470825,28.751068,0.2970956,-1,-1,-1
135,11669,491.25043,162.34726,21.863281,28.331284,0.8184761,-1,-1,-1
135,11677,492.85782,267.5931,59.56778,28.391693,0.83572614,-1,-1,-1
135,11712,673.7124,230.88284,51.299744,23.198502,0.73831344,-1,-1,-1
135,11713,472.389,305.5997,67.95108,31.556824,0.8457245,-1,-1,-1
135,11714,333.6483,251.21849,57.869507,27.241379,0.8258428,-1,-1,-1
135,11674,493.85626,72.44677,13.744934,15.142479,0.7911244,-1,-1,-1
135,11724,409.7787,247.8968,54.02133,24.87172,0.8359646,-1,-1,-1
135,11732,387.70212,288.01352,62.934143,30.602783,0.83140534,-1,-1,-1
135,11685,708.9535,216.58824,48.492737,21.328583,0.7677587,-1,-1,-1
135,11683,628.0371,202.17604,43.124207,22.290894,0.84904516,-1,-1,-1
135,11690,394.93195,231.00922,55.076447,23.69403,0.86140656,-1,-1,-1
135,11711,550.9441,141.68933,30.409912,20.749146,0.49261397,-1,-1,-1
135,11757,843.0626,226.54214,52.847717,26.133942,0.76065624,-1,-1,-1
135,11687,717.52576,242.83986,78.98224,47.249527,0.5344199,-1,-1,-1
135,11759,913.4673,217.9556,46.702515,22.753326,0.80881196,-1,-1,-1
135,11706,253.0974,257.79462,67.11403,29.33493,0.80816716,-1,-1,-1
135,11768,15.477767,324.69824,31.44125,37.476837,0.7473193,-1,-1,-1
135,11678,867.1671,266.87573,50.63739,28.99768,0.5582322,-1,-1,-1
135,11728,799.9081,202.23877,43.756226,22.258026,0.3420556,-1,-1,-1
136,11669,491.32535,162.17168,21.788605,28.222061,0.8199254,-1,-1,-1
136,11677,496.21255,267.20383,59.875763,28.61319,0.84729016,-1,-1,-1
136,11712,670.81635,230.65912,51.538208,23.375687,0.56123877,-1,-1,-1
136,11713,476.63074,304.90384,68.855896,31.88095,0.83829594,-1,-1,-1
136,11714,333.59665,251.2935,57.641357,27.11055,0.82234716,-1,-1,-1
136,11674,493.60718,71.40248,13.908997,15.394188,0.77321905,-1,-1,-1
136,11724,409.6731,247.71109,54.386658,25.065918,0.8383682,-1,-1,-1
136,11732,392.3882,287.52283,62.624725,30.265625,0.856656,-1,-1,-1
136,11685,706.77576,216.4074,48.544617,21.34169,0.7570841,-1,-1,-1
136,11683,624.83386,201.8397,43.434326,22.457764,0.84037787,-1,-1,-1
136,11690,391.70093,230.8064,55.885193,23.968124,0.84135574,-1,-1,-1
136,11711,550.5834,141.06157,30.04132,20.583344,0.50428385,-1,-1,-1
136,11757,840.98346,226.98422,52.192078,25.800644,0.71946144,-1,-1,-1
136,11687,720.2036,242.35948,78.95477,47.193985,0.33941567,-1,-1,-1
136,11759,911.8849,217.7323,47.11151,23.016113,0.8117584,-1,-1,-1
136,11706,252.67114,257.67062,66.7507,29.180695,0.8242743,-1,-1,-1
136,11768,17.558002,323.72928,33.91846,38.828583,0.789345,-1,-1,-1
136,11678,870.4565,266.66605,50.697205,29.111206,0.2646092,-1,-1,-1
137,11669,491.38504,162.06271,21.75351,28.201523,0.8207341,-1,-1,-1
137,11677,499.67822,266.9992,60.089966,28.764832,0.82944316,-1,-1,-1
137,11712,668.20404,230.49147,51.929626,23.596024,0.6607122,-1,-1,-1
137,11713,479.83856,304.44705,69.076355,31.982574,0.83513325,-1,-1,-1
137,11714,333.70517,251.49835,57.301666,26.906738,0.82367384,-1,-1,-1
137,11674,493.38507,70.8753,13.943298,15.490067,0.8013806,-1,-1,-1
137,11724,409.83084,247.58136,54.306458,25.068298,0.85033625,-1,-1,-1
137,11732,395.50275,286.96985,62.490784,30.135315,0.83595043,-1,-1,-1
137,11685,703.7864,216.48679,49.352722,21.743805,0.7779549,-1,-1,-1
137,11683,621.6357,201.76768,43.003784,22.227158,0.8315232,-1,-1,-1
137,11690,387.5331,230.59476,57.029602,24.465744,0.8568596,-1,-1,-1
137,11711,550.04376,140.53839,29.32959,20.197754,0.37377626,-1,-1,-1
137,11757,837.43164,225.9239,53.74176,26.660294,0.76059663,-1,-1,-1
137,11687,723.4015,242.10138,78.73859,47.29767,0.30377212,-1,-1,-1
137,11759,910.67676,217.72235,47.151672,23.058258,0.8231213,-1,-1,-1
137,11706,251.98177,257.4016,66.6248,29.109863,0.83573824,-1,-1,-1
137,11768,19.361609,323.26196,36.368645,39.461792,0.8161953,-1,-1,-1
137,11678,873.2568,266.2889,51.191895,29.505768,0.4939435,-1,-1,-1
137,11752,170.58583,278.49167,67.570984,29.682861,0.32126263,-1,-1,-1
137,11728,795.2549,202.38275,43.08362,21.984375,0.49680382,-1,-1,-1
138,11669,491.36664,161.95456,21.742981,28.253479,0.81651753,-1,-1,-1
138,11677,503.06107,266.61288,59.628326,28.6026,0.8505485,-1,-1,-1
138,11712,665.3664,230.46115,52.473206,23.9039,0.5532448,-1,-1,-1
138,11713,483.42432,303.77884,69.454346,32.13022,0.8426038,-1,-1,-1
138,11714,333.46512,251.47604,57.583405,27.013184,0.8216282,-1,-1,-1
138,11674,493.01727,70.2789,13.943665,15.596176,0.79546064,-1,-1,-1
138,11724,409.63727,247.33392,54.559692,25.213867,0.85328084,-1,-1,-1
138,11732,399.02277,286.3619,62.780396,30.401062,0.8182755,-1,-1,-1
138,11685,701.6755,216.56377,49.26709,21.770233,0.7359279,-1,-1,-1
138,11683,618.4709,201.62639,43.072327,22.263596,0.8312406,-1,-1,-1
138,11690,383.761,230.50377,57.72473,24.832153,0.83910984,-1,-1,-1
138,11711,548.92413,139.52855,29.221802,20.239914,0.44747654,-1,-1,-1
138,11757,835.873,226.30365,52.58069,26.100449,0.7876698,-1,-1,-1
138,11687,727.1223,242.19762,78.54614,47.57219,0.5077914,-1,-1,-1
138,11759,909.3412,217.7086,46.767822,22.885696,0.82859427,-1,-1,-1
138,11706,251.21576,257.1711,67.3111,29.423615,0.8375334,-1,-1,-1
138,11768,19.78551,322.3959,39.457413,40.49472,0.7973231,-1,-1,-1
138,11678,877.024,266.08517,50.889038,29.425262,0.5767641,-1,-1,-1
138,11752,175.93983,278.35873,66.27783,28.6734,0.2978015,-1,-1,-1
139,11669,491.40024,161.93716,21.640045,28.198334,0.8148083,-1,-1,-1
139,11677,506.8543,266.45743,59.406128,28.54181,0.848791,-1,-1,-1
139,11712,663.2685,230.53491,52.262695,23.77449,0.42996502,-1,-1,-1
139,11713,487.481,303.60645,69.84488,32.26245,0.838654,-1,-1,-1
139,11714,333.5735,251.54884,57.404907,26.870499,0.82487935,-1,-1,-1
139,11674,493.0134,70.21407,13.546265,15.162247,0.79756945,-1,-1,-1
139,11724,409.70697,247.14001,54.420746,25.145355,0.84835094,-1,-1,-1
139,11732,403.96515,286.10822,62.459503,30.203552,0.8382144,-1,-1,-1
139,11685,699.63153,216.40016,49.486023,21.954056,0.7610437,-1,-1,-1
139,11683,614.9607,201.62836,43.12549,22.276627,0.8260838,-1,-1,-1
139,11690,380.11746,230.53383,58.19638,24.995712,0.8466334,-1,-1,-1
139,11711,547.9166,138.53497,29.320618,20.464737,0.4231469,-1,-1,-1
139,11757,834.53784,227.22638,51.041016,25.263382,0.7849124,-1,-1,-1
139,11687,730.72253,242.40498,78.307434,47.822037,0.4559827,-1,-1,-1
139,11759,908.10223,217.83049,46.09149,22.590485,0.8335626,-1,-1,-1
139,11706,250.8463,257.03223,67.620255,29.590973,0.83768016,-1,-1,-1
139,11768,21.786583,322.71954,41.495384,39.934784,0.7939236,-1,-1,-1
139,11678,880.5145,265.93164,50.39319,29.199554,0.7285322,-1,-1,-1
139,11752,183.10057,278.57162,61.98973,26.331055,0.31370008,-1,-1,-1
139,11773,730.4462,241.92703,78.17584,47.79605,0.3556596,-1,-1,-1
139,11744,820.2681,219.52554,47.672302,18.547363,0.46199778,-1,-1,-1
140,11669,491.46283,161.93744,21.555481,28.213776,0.80907863,-1,-1,-1
140,11677,510.09674,266.4673,59.12726,28.472626,0.847246,-1,-1,-1
140,11712,659.8077,230.35608,51.762024,23.60289,0.617866,-1,-1,-1
140,11713,491.43515,303.57556,70.36032,32.466003,0.8622611,-1,-1,-1
140,11714,334.05957,251.78036,56.756104,26.467499,0.8267509,-1,-1,-1
140,11674,492.92575,69.464615,13.667175,15.385231,0.7928128,-1,-1,-1
140,11724,409.8076,246.94382,54.25168,25.061981,0.8517757,-1,-1,-1
140,11732,407.30118,285.69128,63.448273,30.822754,0.8258136,-1,-1,-1
140,11685,697.0017,216.25331,49.681274,22.113876,0.79948163,-1,-1,-1
140,11683,612.35895,201.54547,42.911194,22.196518,0.82488525,-1,-1,-1
140,11690,376.43237,230.56883,57.97055,24.931091,0.8265787,-1,-1,-1
140,11711,547.2165,137.66861,29.66455,20.884033,0.27134022,-1,-1,-1
140,11757,831.7649,227.18933,51.597046,25.48082,0.79052395,-1,-1,-1
140,11687,734.9121,242.43576,77.833984,47.778717,0.4835965,-1,-1,-1
140,11759,907.0814,217.84056,45.51776,22.304672,0.8293965,-1,-1,-1
140,11706,251.11462,256.999,67.33176,29.52301,0.8373558,-1,-1,-1
140,11768,23.46047,322.74146,44.03515,39.600403,0.79943496,-1,-1,-1
140,11678,884.0877,265.8189,50.001892,29.02301,0.68248653,-1,-1,-1
140,11752,187.85603,278.94824,61.319763,25.57608,0.44233158,-1,-1,-1
140,11773,734.2677,242.07399,78.00995,47.707413,0.29638946,-1,-1,-1
140,11744,817.50726,219.26732,44.919556,17.607208,0.38790578,-1,-1,-1
140,11758,176.48647,298.1873,64.75658,31.593658,0.5146976,-1,-1,-1
140,11728,787.8752,202.14183,42.78192,21.830093,0.7273987,-1,-1,-1
141,11669,491.55203,161.84595,21.538605,28.311234,0.799784,-1,-1,-1
141,11677,514.1968,266.56122,57.98407,27.931091,0.84782624,-1,-1,-1
141,11712,657.171,230.19844,51.58789,23.530289,0.7012154,-1,-1,-1
141,11713,495.41928,303.31454,69.69479,32.161255,0.83201104,-1,-1,-1
141,11714,334.03793,251.82266,56.272156,26.17331,0.8277036,-1,-1,-1
141,11674,492.91098,69.23076,13.404297,15.118011,0.78959644,-1,-1,-1
141,11724,410.00345,246.82576,53.919586,24.905807,0.8541125,-1,-1,-1
141,11732,411.98438,285.33643,63.69507,31.067444,0.84204984,-1,-1,-1
141,11685,694.95844,216.05724,49.270203,21.970947,0.8341538,-1,-1,-1
141,11683,609.1552,201.6552,42.29358,21.883163,0.82243043,-1,-1,-1
141,11690,372.99698,230.5519,58.641052,25.300064,0.8201589,-1,-1,-1
141,11757,829.6856,227.13391,51.502563,25.397339,0.79607916,-1,-1,-1
141,11759,905.3144,217.60942,45.732605,22.417618,0.8489503,-1,-1,-1
141,11706,251.31403,257.1032,66.19733,29.028992,0.8349099,-1,-1,-1
141,11768,26.431345,323.2308,46.82283,39.254852,0.84563875,-1,-1,-1
141,11678,886.6471,265.5231,50.477478,29.354492,0.7060373,-1,-1,-1
141,11752,192.56682,278.83987,61.876038,25.46463,0.5673526,-1,-1,-1
141,11744,814.45294,218.14577,46.039795,18.375229,0.34695888,-1,-1,-1
141,11758,181.9519,297.65137,64.9361,31.478271,0.62777096,-1,-1,-1
141,11728,785.2271,202.0024,42.792297,21.938614,0.7567282,-1,-1,-1
142,11669,491.4267,161.78174,21.534851,28.440033,0.81023854,-1,-1,-1
142,11677,517.78534,266.46027,58.026733,28.07013,0.871397,-1,-1,-1
142,11712,654.07196,230.15858,51.831726,23.667725,0.7939536,-1,-1,-1
142,11713,499.6383,303.29193,69.27307,31.93164,0.8398357,-1,-1,-1
142,11714,333.79556,251.80605,56.02475,26.004929,0.83154184,-1,-1,-1
142,11674,492.6283,68.717,13.185669,14.894188,0.7823762,-1,-1,-1
142,11724,409.85907,246.86491,53.689423,24.764297,0.85643435,-1,-1,-1
142,11732,416.56384,284.92834,63.162354,30.933502,0.8445252,-1,-1,-1
142,11685,693.2821,215.93227,48.896606,21.812927,0.8213141,-1,-1,-1
142,11683,605.66907,201.6604,42.37323,21.914642,0.8229267,-1,-1,-1
142,11690,369.16058,230.643,58.48413,25.23642,0.81067836,-1,-1,-1
142,11757,827.31177,227.07816,51.738403,25.508286,0.82829046,-1,-1,-1
142,11759,903.50366,217.5207,45.97693,22.56485,0.84098446,-1,-1,-1
142,11706,251.22571,257.1244,65.24866,28.5372,0.8372605,-1,-1,-1
142,11768,28.892914,322.6243,50.423256,39.552856,0.8398656,-1,-1,-1
142,11678,890.3452,265.269,50.297485,29.283966,0.56284726,-1,-1,-1
142,11752,198.7256,279.02213,58.930862,23.767029,0.54544324,-1,-1,-1
142,11744,812.25726,218.23674,45.826355,18.494446,0.44712183,-1,-1,-1
142,11758,187.50897,297.8004,65.38191,31.275116,0.7674164,-1,-1,-1
142,11728,782.2606,201.81789,43.000122,22.150879,0.79432356,-1,-1,-1
142,11777,2.7881896,302.54626,33.70716,29.507812,0.4915034,-1,-1,-1
142,11711,544.83014,135.9896,30.00592,21.35823,0.34058154,-1,-1,-1
142,11687,741.77124,242.07521,77.34082,47.63887,0.33691585,-1,-1,-1
143,11669,491.204,161.60725,21.624176,28.677246,0.8047229,-1,-1,-1
143,11677,521.2428,266.50476,58.203857,28.141876,0.85094774,-1,-1,-1
143,11712,651.0412,230.1593,51.45569,23.531525,0.74396354,-1,-1,-1
143,11713,503.6871,303.42606,69.5809,31.993073,0.8333886,-1,-1,-1
143,11714,333.26166,251.68472,56.38275,26.143982,0.8369372,-1,-1,-1
143,11674,492.51392,68.6487,12.892914,14.5267105,0.77975965,-1,-1,-1
143,11724,409.5036,246.8153,54.089508,24.955261,0.8527177,-1,-1,-1
143,11732,421.09995,284.76312,62.429962,30.576538,0.83791965,-1,-1,-1
143,11685,691.19104,215.9423,49.055725,21.96968,0.7889621,-1,-1,-1
143,11683,601.865,201.48518,42.996033,22.222488,0.82391363,-1,-1,-1
143,11690,365.1376,230.70692,58.82199,25.402908,0.8169224,-1,-1,-1
143,11757,824.92096,226.92215,51.53058,25.377335,0.7924178,-1,-1,-1
143,11759,902.31696,217.56644,45.96515,22.534195,0.8431874,-1,-1,-1
143,11706,251.03296,257.09055,64.81238,28.223083,0.8357504,-1,-1,-1
143,11768,33.284233,322.41028,53.212807,39.30951,0.84853077,-1,-1,-1
143,11678,893.9275,265.09485,50.172546,29.255554,0.5583703,-1,-1,-1
143,11752,203.28386,279.02057,60.017105,24.026611,0.70325184,-1,-1,-1
143,11744,811.4088,217.9013,46.670715,18.841537,0.49655375,-1,-1,-1
143,11758,192.04901,297.56836,65.595245,31.042358,0.80188537,-1,-1,-1
143,11728,780.27576,201.57329,42.387024,21.836777,0.7951453,-1,-1,-1
143,11777,6.2755146,302.47864,33.336914,28.92633,0.6900112,-1,-1,-1
143,11779,742.8412,241.97467,79.424194,47.93451,0.3533785,-1,-1,-1
143,11711,544.1203,135.28099,29.553284,21.267075,0.39641517,-1,-1,-1
143,11687,744.7563,241.9551,76.95447,47.622574,0.3633202,-1,-1,-1
144,11669,490.90985,161.48653,21.67743,28.875381,0.81369424,-1,-1,-1
144,11677,525.0066,266.53107,58.302856,28.11737,0.8599192,-1,-1,-1
144,11712,648.1844,230.08534,51.358154,23.441788,0.71693134,-1,-1,-1
144,11713,506.97928,303.2665,69.59152,31.980316,0.8301729,-1,-1,-1
144,11714,333.181,251.81921,56.055267,25.953674,0.83341384,-1,-1,-1
144,11674,491.96942,67.66835,13.267212,14.999962,0.79937196,-1,-1,-1
144,11724,409.31955,246.84012,54.14334,24.974854,0.8528962,-1,-1,-1
144,11732,425.64478,284.5693,61.908356,30.267456,0.834118,-1,-1,-1
144,11685,689.3147,216.0537,48.770996,21.95082,0.8043861,-1,-1,-1
144,11683,593.89,201.10266,45.278076,23.059189,0.78632927,-1,-1,-1
144,11690,361.46866,230.89522,58.33902,25.241592,0.8260851,-1,-1,-1
144,11757,821.4438,226.49785,52.690247,25.985947,0.79267913,-1,-1,-1
144,11759,900.85425,217.57814,45.877014,22.491562,0.8333297,-1,-1,-1
144,11706,250.77946,257.22467,63.948013,27.62085,0.82882655,-1,-1,-1
144,11768,37.554264,322.17587,55.87235,39.273224,0.8417644,-1,-1,-1
144,11678,897.3253,265.2067,49.714905,29.03897,0.6579901,-1,-1,-1
144,11752,208.22621,278.53067,60.68962,24.233643,0.7803419,-1,-1,-1
144,11744,809.24255,217.44458,47.092712,19.04712,0.47921604,-1,-1,-1
144,11758,197.45157,297.31754,66.04886,30.986572,0.79859746,-1,-1,-1
144,11728,777.2093,201.50572,42.600647,21.937775,0.7742518,-1,-1,-1
144,11777,9.957581,302.22592,33.43414,28.469543,0.6574985,-1,-1,-1
144,11779,746.3918,242.52048,79.26666,47.888885,0.44357404,-1,-1,-1
144,11711,543.3288,134.88203,29.79004,21.66771,0.45651954,-1,-1,-1
144,11687,748.80524,242.00087,77.10309,47.841965,0.41376537,-1,-1,-1
145,11669,490.70142,161.38594,21.826355,29.149948,0.81708306,-1,-1,-1
145,11677,528.09406,266.30002,58.342773,28.188538,0.8463014,-1,-1,-1
145,11712,644.79425,230.06032,50.82605,23.213852,0.6083248,-1,-1,-1
145,11713,510.00574,302.9062,70.2594,32.320587,0.8388812,-1,-1,-1
145,11714,332.7339,251.95299,55.91681,25.836136,0.83200073,-1,-1,-1
145,11674,491.77298,67.24555,13.16922,14.886673,0.7986566,-1,-1,-1
145,11724,408.89502,246.79001,54.737427,25.269043,0.849691,-1,-1,-1
145,11732,429.3057,284.22278,62.678864,30.701874,0.83017033,-1,-1,-1
145,11685,687.3772,215.9635,48.73175,22.006332,0.8065288,-1,-1,-1
145,11683,588.6293,200.49188,47.35382,23.913696,0.7764864,-1,-1,-1
145,11690,357.69943,230.93105,58.091736,25.139267,0.84333146,-1,-1,-1
145,11757,819.02106,227.24863,51.083557,25.040009,0.79118776,-1,-1,-1
145,11759,899.3783,217.80624,45.44989,22.223938,0.83414847,-1,-1,-1
145,11706,250.5182,257.02356,64.50786,27.708069,0.8226056,-1,-1,-1
145,11768,42.668953,321.93985,58.386696,39.239685,0.84602684,-1,-1,-1
145,11678,900.946,265.37546,49.182373,28.765076,0.66537404,-1,-1,-1
145,11752,211.27318,278.5023,61.194656,24.285889,0.7684745,-1,-1,-1
145,11744,807.6371,217.17822,47.28595,19.136047,0.49188495,-1,-1,-1
145,11758,203.7271,296.8281,66.378494,31.066711,0.754519,-1,-1,-1
145,11728,775.06995,201.39296,42.4505,21.798523,0.80581874,-1,-1,-1
145,11777,12.850033,301.98465,35.979904,29.860199,0.69845665,-1,-1,-1
145,11779,750.29663,242.62659,78.42023,47.48584,0.38013068,-1,-1,-1
145,11711,542.9222,134.41725,29.392273,21.560867,0.28727695,-1,-1,-1
145,11687,752.47046,242.04617,75.67627,47.24179,0.25633773,-1,-1,-1
146,11669,490.58023,161.2625,21.866425,29.268967,0.8198384,-1,-1,-1
146,11677,531.52734,266.17004,58.493652,28.29663,0.83337295,-1,-1,-1
146,11712,641.8236,229.78323,51.822693,23.658997,0.74999315,-1,-1,-1
146,11713,514.72943,303.04153,69.97638,32.130585,0.8354432,-1,-1,-1
146,11714,332.22,252.0768,55.84909,25.740555,0.83034545,-1,-1,-1
146,11674,491.5438,66.964935,13.072784,14.775604,0.8093142,-1,-1,-1
146,11724,408.83194,246.70142,55.069885,25.477692,0.8498085,-1,-1,-1
146,11732,433.0147,284.05057,63.21573,31.042358,0.82708234,-1,-1,-1
146,11685,685.272,215.9821,48.511047,22.010574,0.7898443,-1,-1,-1
146,11683,585.6661,200.12605,47.764343,24.099213,0.7703599,-1,-1,-1
146,11690,354.66284,230.85522,57.466278,24.84056,0.8412932,-1,-1,-1
146,11757,816.0726,227.27634,51.77478,25.351028,0.781512,-1,-1,-1
146,11759,897.8878,218.00374,44.840454,21.861038,0.8460821,-1,-1,-1
146,11706,249.99281,257.2002,63.84636,27.117645,0.8127943,-1,-1,-1
146,11768,47.84793,321.99896,60.40863,39.002716,0.8468031,-1,-1,-1
146,11678,904.2157,265.3655,49.098022,28.796326,0.69794357,-1,-1,-1
146,11752,215.33615,278.23883,60.95865,23.986572,0.7784321,-1,-1,-1
146,11744,808.6275,217.45369,49.884583,19.776306,0.4156532,-1,-1,-1
146,11758,208.7062,296.56772,67.45453,31.493042,0.7370789,-1,-1,-1
146,11728,772.36224,201.57123,42.588318,21.841888,0.81077975,-1,-1,-1
146,11777,13.076567,301.53522,42.99775,34.80139,0.6682537,-1,-1,-1
146,11779,754.0923,242.68549,77.88617,47.24539,0.62499607,-1,-1,-1
146,11711,542.5316,133.86461,28.783203,21.254456,0.2778651,-1,-1,-1
146,11687,755.7808,242.19412,75.64978,47.141357,0.4861498,-1,-1,-1
147,11669,490.55865,161.18059,21.857666,29.296646,0.82062656,-1,-1,-1
147,11677,535.21155,266.2061,57.96228,28.095856,0.8494436,-1,-1,-1
147,11712,638.5084,229.63928,51.925293,23.774734,0.6481254,-1,-1,-1
147,11713,518.8948,303.38623,69.48956,31.823395,0.8429609,-1,-1,-1
147,11714,331.97247,252.2996,55.660553,25.555222,0.83092844,-1,-1,-1
147,11674,491.28757,66.368004,13.160492,14.900154,0.80689096,-1,-1,-1
147,11724,408.91318,246.79381,55.068054,25.528763,0.84867495,-1,-1,-1
147,11732,437.68164,284.08286,63.045715,31.014893,0.8386093,-1,-1,-1
147,11685,683.48785,216.0586,48.03363,21.875244,0.77945614,-1,-1,-1
147,11683,584.1738,200.56714,46.448242,23.495926,0.7609967,-1,-1,-1
147,11690,351.56232,231.1695,56.500397,24.367218,0.8332895,-1,-1,-1
147,11757,808.35406,222.76581,59.439087,29.429413,0.7485327,-1,-1,-1
147,11759,895.8709,217.89046,45.75531,22.268845,0.84216547,-1,-1,-1
147,11706,249.83015,257.39578,64.0479,26.973267,0.81779116,-1,-1,-1
147,11768,52.907578,322.1907,61.60045,38.434082,0.8449749,-1,-1,-1
147,11678,907.406,265.3635,49.24115,28.991577,0.5798726,-1,-1,-1
147,11752,220.06204,278.0444,61.151154,23.932495,0.75806034,-1,-1,-1
147,11744,802.05707,217.27362,63.153564,25.52716,0.37267876,-1,-1,-1
147,11758,215.51558,296.5941,66.988266,31.238983,0.7432982,-1,-1,-1
147,11728,768.6127,201.54665,43.642517,22.416977,0.77499986,-1,-1,-1
147,11777,14.406618,301.60596,47.211006,37.052734,0.8305523,-1,-1,-1
147,11687,758.4365,242.36568,76.33374,47.878067,0.64568806,-1,-1,-1
148,11669,490.4599,161.18823,21.812439,29.273315,0.82535857,-1,-1,-1
148,11677,539.3119,266.41605,57.438538,27.775665,0.8426563,-1,-1,-1
148,11712,635.71844,229.5158,51.696533,23.723145,0.77789646,-1,-1,-1
148,11713,522.3257,303.22028,68.99036,31.59436,0.8394859,-1,-1,-1
148,11714,331.65912,252.28491,56.005676,25.621216,0.8361933,-1,-1,-1
148,11674,490.9446,65.47646,13.271027,15.068306,0.80891395,-1,-1,-1
148,11724,408.81168,246.88089,55.11377,25.598114,0.84360594,-1,-1,-1
148,11732,442.22726,284.09106,62.732147,30.95581,0.83941483,-1,-1,-1
148,11685,681.1695,215.97206,47.77234,21.812454,0.82664675,-1,-1,-1
148,11683,582.4691,201.34505,45.22882,22.978485,0.81477696,-1,-1,-1
148,11690,348.47656,231.45622,55.48468,23.83693,0.8167074,-1,-1,-1
148,11757,805.4388,222.08755,59.63745,29.642029,0.77287036,-1,-1,-1
148,11759,894.6203,217.96248,45.407166,21.998734,0.8389763,-1,-1,-1
148,11706,250.4737,257.5683,63.849854,26.725616,0.82378465,-1,-1,-1
148,11768,58.39373,322.70557,63.058258,38.216064,0.8545459,-1,-1,-1
148,11678,911.214,265.18216,48.72052,28.714966,0.75771946,-1,-1,-1
148,11752,225.02673,277.94623,61.686737,24.131805,0.7895142,-1,-1,-1
148,11758,220.12769,296.50305,66.43149,30.944824,0.79628086,-1,-1,-1
148,11728,766.6505,201.72499,43.03772,22.096878,0.8143689,-1,-1,-1
148,11777,15.857174,301.60074,51.120136,38.561035,0.8250709,-1,-1,-1
148,11687,762.1115,242.39516,75.178894,47.53926,0.42264703,-1,-1,-1
148,11711,541.4679,132.83246,27.830383,20.686966,0.36716357,-1,-1,-1
149,11669,490.3726,161.29782,21.73819,29.178802,0.8242947,-1,-1,-1
149,11677,542.6982,266.3627,56.943848,27.59018,0.8464186,-1,-1,-1
149,11712,632.60345,229.45164,51.651855,23.763458,0.7858087,-1,-1,-1
149,11713,525.9337,302.99014,69.53888,31.913391,0.83923554,-1,-1,-1
149,11714,331.4322,252.42484,55.965393,25.52713,0.83619934,-1,-1,-1
149,11674,490.6349,64.806526,13.399933,15.2393875,0.8181433,-1,-1,-1
149,11724,408.18405,246.86969,55.255768,25.691559,0.8425675,-1,-1,-1
149,11732,446.72244,284.35016,62.59189,31.033234,0.8376574,-1,-1,-1
149,11685,678.8217,215.99994,47.732056,21.84726,0.8283336,-1,-1,-1
149,11683,579.741,201.78854,44.506897,22.70282,0.81596833,-1,-1,-1
149,11690,345.89984,231.54762,54.32495,23.289444,0.80503595,-1,-1,-1
149,11757,801.0114,219.39943,62.20465,31.184967,0.7700854,-1,-1,-1
149,11759,893.1084,218.01161,45.50128,21.984177,0.8324525,-1,-1,-1
149,11706,250.28873,257.77072,63.831604,26.525421,0.82917047,-1,-1,-1
149,11768,63.265038,322.89618,63.94458,37.7565,0.84427214,-1,-1,-1
149,11678,914.35535,265.25464,49.13202,28.952911,0.7235064,-1,-1,-1
149,11752,230.8774,277.91824,61.49556,24.11145,0.76544493,-1,-1,-1
149,11758,225.90343,296.52484,66.69612,31.046417,0.78754103,-1,-1,-1
149,11728,764.2144,201.63736,43.20636,22.16652,0.79694265,-1,-1,-1
149,11777,19.830002,301.69028,53.717308,38.864746,0.79417753,-1,-1,-1
149,11687,765.96497,242.71417,73.84729,46.740295,0.5327791,-1,-1,-1
149,11785,221.37984,278.58997,58.459396,20.011963,0.48361814,-1,-1,-1
150,11669,490.25143,161.4333,21.702576,29.09372,0.82926077,-1,-1,-1
150,11677,546.4977,266.43167,56.554016,27.440643,0.8447665,-1,-1,-1
150,11712,629.16833,229.2974,52.534485,24.260956,0.77581024,-1,-1,-1
150,11713,530.35913,303.22324,69.303406,31.71634,0.848814,-1,-1,-1
150,11714,330.92023,252.13866,56.90747,25.96547,0.83357716,-1,-1,-1
150,11674,490.2517,64.05034,13.622528,15.582436,0.8232811,-1,-1,-1
150,11724,408.05368,246.99318,54.837494,25.513931,0.84899664,-1,-1,-1
150,11732,450.59738,284.51324,63.142242,31.44345,0.8436553,-1,-1,-1
150,11685,676.1436,216.0392,48.062744,22.041916,0.8311741,-1,-1,-1
150,11683,576.5705,201.56673,44.443665,22.736618,0.8092187,-1,-1,-1
150,11690,342.05197,231.66022,54.160156,23.114807,0.79040664,-1,-1,-1
150,11757,799.5741,219.52664,60.359497,30.38681,0.76404107,-1,-1,-1
150,11759,891.2224,217.87668,46.38745,22.423416,0.8355035,-1,-1,-1
150,11706,249.2519,257.93942,64.31874,26.519562,0.8429496,-1,-1,-1
150,11768,68.62302,322.87704,64.88605,37.422546,0.8499312,-1,-1,-1
150,11678,917.5114,265.22845,49.364807,29.100525,0.5100406,-1,-1,-1
150,11752,233.43661,277.6553,63.75711,25.044281,0.7521125,-1,-1,-1
150,11758,231.19969,296.4782,66.51375,30.984802,0.7522024,-1,-1,-1
150,11728,761.8757,201.90208,43.125305,22.110016,0.7803481,-1,-1,-1
150,11777,24.91111,301.6686,55.971664,38.837128,0.8022412,-1,-1,-1
150,11687,769.3182,243.00757,73.51965,46.65207,0.77412397,-1,-1,-1
150,11785,225.16704,278.36978,61.971634,21.248962,0.44613108,-1,-1,-1
151,11669,490.241,161.50185,21.705658,29.027908,0.82290095,-1,-1,-1
151,11677,550.5679,266.57053,57.1792,27.681763,0.8522803,-1,-1,-1
151,11712,625.9933,229.26112,52.42401,24.31337,0.74865735,-1,-1,-1
151,11713,534.39465,303.46463,68.30237,31.209778,0.8250296,-1,-1,-1
151,11714,331.19354,252.31633,56.665375,25.875229,0.835509,-1,-1,-1
151,11674,490.01508,63.886143,13.481903,15.409405,0.8208431,-1,-1,-1
151,11724,407.71808,247.12364,54.98636,25.624985,0.8524396,-1,-1,-1
151,11732,454.49948,284.52594,63.033844,31.515747,0.84289294,-1,-1,-1
151,11685,673.4789,215.94887,48.119568,22.10704,0.8204759,-1,-1,-1
151,11683,572.68146,201.10585,44.903687,23.015,0.8096144,-1,-1,-1
151,11690,337.02292,231.79106,55.84488,23.819656,0.802913,-1,-1,-1
151,11757,796.45764,218.66978,59.93805,30.292343,0.76802474,-1,-1,-1
151,11759,889.5369,217.97733,46.48584,22.495728,0.8319862,-1,-1,-1
151,11706,246.86316,257.75592,65.917755,26.910126,0.83321285,-1,-1,-1
151,11768,72.51017,322.9363,65.28875,36.929108,0.83837825,-1,-1,-1
151,11678,920.97894,265.37772,49.33905,29.110443,0.36442152,-1,-1,-1
151,11752,239.5988,277.34183,63.051224,24.923218,0.77528495,-1,-1,-1
151,11758,236.51088,296.5196,66.7368,31.140747,0.7487842,-1,-1,-1
151,11728,758.9641,201.98245,43.325134,22.264175,0.75919753,-1,-1,-1
151,11777,31.175642,301.79025,56.482307,37.63205,0.75716156,-1,-1,-1
151,11687,772.80133,243.24413,72.8609,46.319077,0.8319422,-1,-1,-1
152,11669,489.93442,161.66423,21.721558,29.001465,0.83354837,-1,-1,-1
152,11677,554.1033,266.60678,56.49646,27.34552,0.835073,-1,-1,-1
152,11712,622.33746,229.1037,53.197205,24.911926,0.5543119,-1,-1,-1
152,11713,538.81824,303.5174,68.086426,31.057648,0.8237417,-1,-1,-1
152,11714,330.95227,252.29842,57.27249,26.224228,0.83087534,-1,-1,-1
152,11674,489.77414,63.625294,13.187897,15.065136,0.815925,-1,-1,-1
152,11724,407.2814,247.17288,55.622375,25.984497,0.8539802,-1,-1,-1
152,11732,458.40732,284.60736,62.751373,31.435028,0.8425161,-1,-1,-1
152,11685,671.6876,216.07715,47.44336,21.759048,0.8120053,-1,-1,-1
152,11683,569.29016,201.20004,44.611633,22.803726,0.7933959,-1,-1,-1
152,11690,332.45142,232.07475,56.384613,24.004807,0.81986964,-1,-1,-1
152,11757,794.07294,218.70918,58.296448,29.536285,0.7823839,-1,-1,-1
152,11759,888.3641,218.21222,45.865234,22.211655,0.8359506,-1,-1,-1
152,11706,246.70952,257.95856,66.297165,26.87088,0.79513896,-1,-1,-1
152,11768,77.023056,323.03662,65.9167,36.762115,0.82207036,-1,-1,-1
152,11678,923.3762,265.20016,50.419617,29.825195,0.43096757,-1,-1,-1
152,11752,246.78606,277.33224,60.16652,23.799438,0.76189566,-1,-1,-1
152,11758,241.89433,296.3324,66.982925,31.368774,0.7492922,-1,-1,-1
152,11728,756.48425,202.1397,43.24701,22.188995,0.74121076,-1,-1,-1
152,11777,37.799763,301.58185,59.021496,37.967743,0.8277578,-1,-1,-1
152,11687,776.7906,243.61554,71.82526,45.658813,0.8507759,-1,-1,-1
152,11788,2.6129527,288.34604,14.943146,25.369446,0.5656924,-1,-1,-1
152,11711,538.6758,130.58365,27.59021,20.689957,0.2575028,-1,-1,-1
153,11669,489.6021,161.776,21.789276,28.973602,0.82773554,-1,-1,-1
153,11677,557.3359,266.62125,56.37268,27.255707,0.8310859,-1,-1,-1
153,11712,617.3706,229.21985,54.54248,25.5867,0.5404559,-1,-1,-1
153,11713,542.69086,303.6339,68.55151,31.141571,0.8238062,-1,-1,-1
153,11714,330.50745,252.2705,57.919647,26.54866,0.8353474,-1,-1,-1
153,11674,489.7049,63.29485,13.047394,14.889294,0.82126963,-1,-1,-1
153,11724,406.85205,247.17337,56.229767,26.343262,0.85226005,-1,-1,-1
153,11732,462.54956,284.63617,63.20752,31.778778,0.8483436,-1,-1,-1
153,11685,669.487,216.30812,47.17041,21.60054,0.8354139,-1,-1,-1
153,11683,565.7673,201.28644,44.943176,22.892212,0.80815715,-1,-1,-1
153,11690,329.53366,232.19461,56.108154,23.829254,0.79141456,-1,-1,-1
153,11757,792.2603,219.64252,56.158142,28.302979,0.7862533,-1,-1,-1
153,11759,887.0185,218.13033,45.92108,22.234665,0.82283664,-1,-1,-1
153,11706,247.48878,258.11728,67.3481,27.23941,0.7543605,-1,-1,-1
153,11768,82.17402,323.51538,64.75883,35.457397,0.7893415,-1,-1,-1
153,11678,927.14087,265.14838,52.210022,30.960968,0.29373536,-1,-1,-1
153,11752,249.50928,277.28738,60.955353,24.026703,0.75499964,-1,-1,-1
153,11758,246.36137,296.12387,67.628555,31.739807,0.7876005,-1,-1,-1
153,11728,753.5048,202.03438,43.604492,22.365265,0.6307078,-1,-1,-1
153,11777,45.029713,301.63815,59.693134,36.991028,0.82865703,-1,-1,-1
153,11687,780.5492,243.98041,70.82709,44.90155,0.85588485,-1,-1,-1
153,11788,4.360129,287.41092,14.619511,24.500275,0.6167943,-1,-1,-1
153,11711,537.6361,129.7071,27.773499,21.122559,0.3740576,-1,-1,-1
154,11669,489.2846,161.79752,21.957794,29.092194,0.83114266,-1,-1,-1
154,11677,561.04785,266.74762,56.144714,27.096527,0.84624326,-1,-1,-1
154,11712,611.99304,229.41882,55.664185,25.998932,0.6373238,-1,-1,-1
154,11713,546.2366,303.6029,68.38568,31.052002,0.826629,-1,-1,-1
154,11714,330.26443,252.46036,58.41623,26.771973,0.8405205,-1,-1,-1
154,11674,489.26257,62.913544,13.025269,14.843605,0.8135904,-1,-1,-1
154,11724,406.66003,247.20816,56.479492,26.533081,0.8532307,-1,-1,-1
154,11732,466.44998,284.79987,62.83481,31.639557,0.84080255,-1,-1,-1
154,11685,667.1035,216.50829,47.08368,21.552368,0.8354855,-1,-1,-1
154,11683,562.73706,201.75218,43.982605,22.256454,0.82304466,-1,-1,-1
154,11690,324.9012,232.29385,57.087494,24.164001,0.79552007,-1,-1,-1
154,11757,790.3667,219.95808,55.525574,27.827072,0.75323504,-1,-1,-1
154,11759,885.2806,218.06503,46.14569,22.353348,0.82213527,-1,-1,-1
154,11706,248.00606,258.3615,67.5923,27.271088,0.75520635,-1,-1,-1
154,11768,90.78522,324.12842,65.13434,34.772827,0.8104479,-1,-1,-1
154,11752,250.8187,277.65967,62.779785,24.62799,0.705581,-1,-1,-1
154,11758,252.13733,295.9115,67.40643,31.816284,0.6857764,-1,-1,-1
154,11728,750.88995,202.03572,43.474487,22.32463,0.74869245,-1,-1,-1
154,11777,50.677578,301.5115,62.468845,37.548157,0.83334035,-1,-1,-1
154,11687,784.5001,245.08412,69.80383,44.187424,0.8329688,-1,-1,-1
154,11788,5.8318124,286.13998,15.863514,26.006775,0.5446767,-1,-1,-1
154,11711,536.8968,129.2281,27.180176,20.877213,0.29452252,-1,-1,-1
155,11669,489.10458,161.83224,22.135437,29.21634,0.83111507,-1,-1,-1
155,11677,565.101,267.07877,56.287964,27.022858,0.8323494,-1,-1,-1
155,11712,607.90326,229.45927,56.911438,26.57463,0.74235934,-1,-1,-1
155,11713,550.4912,303.61993,68.058655,30.842102,0.828089,-1,-1,-1
155,11714,329.16312,252.52065,59.407776,27.239609,0.84038997,-1,-1,-1
155,11674,489.1443,62.512054,13.109161,14.962219,0.8278081,-1,-1,-1
155,11724,406.62692,247.3046,56.42984,26.567596,0.85232574,-1,-1,-1
155,11732,470.30942,284.73526,63.291046,31.992798,0.8436853,-1,-1,-1
155,11685,664.80634,216.75447,47.154236,21.589905,0.83284295,-1,-1,-1
155,11683,559.27277,202.11871,43.993103,22.120026,0.8256894,-1,-1,-1
155,11690,319.31747,232.33342,60.437134,25.6353,0.795846,-1,-1,-1
155,11757,788.8567,220.0891,54.364258,27.114166,0.7148903,-1,-1,-1
155,11759,883.7954,218.21432,45.52069,22.006378,0.8228143,-1,-1,-1
155,11706,248.57187,258.664,67.58176,27.230927,0.74323684,-1,-1,-1
155,11768,97.34961,324.81763,65.98692,34.299225,0.8087628,-1,-1,-1
155,11752,252.70094,278.14035,62.87062,24.599579,0.6313988,-1,-1,-1
155,11758,256.96396,295.84427,67.330414,31.790375,0.76250213,-1,-1,-1
155,11728,748.8411,202.06581,43.094543,22.0923,0.75808764,-1,-1,-1
155,11777,56.72843,301.52075,63.4813,37.065063,0.8344891,-1,-1,-1
155,11687,788.58185,245.69716,68.87256,43.401505,0.8125855,-1,-1,-1
155,11788,6.7313504,284.474,18.295744,29.172577,0.6592263,-1,-1,-1
155,11711,536.2149,128.80803,26.753296,20.776169,0.33481613,-1,-1,-1
155,11789,942.71747,231.82143,49.69507,22.325943,0.61576134,-1,-1,-1
156,11669,488.88992,161.92699,22.210999,29.228073,0.8276801,-1,-1,-1
156,11677,568.8491,267.14877,55.468872,26.534698,0.838258,-1,-1,-1
156,11712,605.7479,229.62616,56.722656,26.511292,0.7421736,-1,-1,-1
156,11713,554.404,303.64517,68.44183,30.917786,0.82975185,-1,-1,-1
156,11714,328.29153,252.59059,60.29959,27.69487,0.83793855,-1,-1,-1
156,11674,488.9251,62.399223,13.016327,14.828117,0.81735647,-1,-1,-1
156,11724,406.50784,247.3773,56.475006,26.65007,0.85208195,-1,-1,-1
156,11732,474.6241,284.89795,63.03476,31.930756,0.84834075,-1,-1,-1
156,11685,662.6675,216.84651,46.78955,21.406982,0.83594453,-1,-1,-1
156,11683,555.566,202.24611,44.465393,22.279556,0.8233499,-1,-1,-1
156,11690,312.7639,232.51808,61.72644,26.157852,0.8283383,-1,-1,-1
156,11757,786.2546,220.34702,54.72528,27.216797,0.73174745,-1,-1,-1
156,11759,882.45764,218.5226,44.78186,21.533478,0.82599854,-1,-1,-1
156,11706,246.58516,258.97046,71.09425,28.655212,0.6961724,-1,-1,-1
156,11768,101.24344,323.85638,69.34247,35.491577,0.80229485,-1,-1,-1
156,11752,256.28027,278.78308,63.118195,24.615509,0.43694153,-1,-1,-1
156,11758,261.60913,296.06638,67.25302,31.709686,0.76382565,-1,-1,-1
156,11728,746.0911,202.31789,42.910522,21.998352,0.81641686,-1,-1,-1
156,11777,61.95087,301.31192,66.327576,37.906067,0.83375794,-1,-1,-1
156,11687,793.2579,248.06133,65.33612,40.794266,0.812122,-1,-1,-1
156,11788,7.7785892,283.4119,20.458525,31.451782,0.6454015,-1,-1,-1
156,11789,940.86005,232.25851,48.89276,21.957504,0.71706,-1,-1,-1
156,11791,956.43085,206.13484,45.5401,20.787811,0.42187834,-1,-1,-1
156,11678,936.39764,266.16095,49.444458,29.51056,0.45052463,-1,-1,-1
157,11669,488.69266,162.00305,22.193176,29.131287,0.8266011,-1,-1,-1
157,11677,572.5161,267.39337,55.050293,26.223297,0.8103108,-1,-1,-1
157,11712,603.66266,229.47676,56.802795,26.76558,0.7820314,-1,-1,-1
157,11713,556.95514,303.26862,69.49103,31.442352,0.8471489,-1,-1,-1
157,11714,328.15134,252.67989,60.410828,27.824295,0.84144926,-1,-1,-1
157,11674,488.8018,61.857323,13.146881,15.003944,0.83253926,-1,-1,-1
157,11724,406.53464,247.57672,56.39331,26.65506,0.8541424,-1,-1,-1
157,11732,478.55374,285.0282,62.78409,31.813568,0.8421526,-1,-1,-1
157,11685,659.9899,216.80833,47.230225,21.640503,0.8240143,-1,-1,-1
157,11683,551.95416,202.24913,45.236633,22.564407,0.8356243,-1,-1,-1
157,11690,306.95984,232.68509,63.237335,26.921326,0.82852113,-1,-1,-1
157,11757,783.3238,220.2441,55.802734,27.752777,0.75350726,-1,-1,-1
157,11759,881.2337,218.70029,44.70935,21.385757,0.82665384,-1,-1,-1
157,11706,246.04814,259.42337,71.32558,28.77536,0.6035241,-1,-1,-1
157,11768,104.515594,323.20752,73.213425,37.124207,0.8189322,-1,-1,-1
157,11752,258.97464,279.23373,63.38623,24.781158,0.5724453,-1,-1,-1
157,11758,267.1734,296.52725,66.649445,31.367798,0.7643746,-1,-1,-1
157,11728,742.2935,202.3532,43.848816,22.551636,0.7220396,-1,-1,-1
157,11777,66.85003,301.20834,66.25651,37.27057,0.7751532,-1,-1,-1
157,11687,795.50757,247.22261,67.974365,42.110367,0.81488657,-1,-1,-1
157,11788,9.084352,283.01575,22.911201,33.680878,0.6846873,-1,-1,-1
157,11789,937.9855,232.12979,49.210266,22.10614,0.7301736,-1,-1,-1
157,11791,953.0074,205.974,45.576233,20.843124,0.3481946,-1,-1,-1
158,11669,488.51218,162.08578,22.184692,29.042206,0.82193226,-1,-1,-1
158,11677,576.28094,267.69315,54.84735,26.016113,0.829221,-1,-1,-1
158,11712,601.9401,229.75702,56.22357,26.693726,0.8123721,-1,-1,-1
158,11713,562.2454,303.79755,68.44946,30.797821,0.8305104,-1,-1,-1
158,11714,327.59912,252.91476,60.767975,28.035614,0.8361052,-1,-1,-1
158,11674,488.4412,61.79285,13.07959,14.866894,0.8059147,-1,-1,-1
158,11724,406.38605,247.74597,56.35315,26.682587,0.8491738,-1,-1,-1
158,11732,482.56973,285.0681,63.01541,32.00122,0.84315014,-1,-1,-1
158,11685,657.34076,216.7906,47.520935,21.7874,0.8301129,-1,-1,-1
158,11683,548.6676,202.2718,46.33673,22.891342,0.8132004,-1,-1,-1
158,11690,303.0101,233.00504,64.17496,27.484528,0.8321881,-1,-1,-1
158,11757,779.86597,220.317,57.577637,28.782898,0.7263596,-1,-1,-1
158,11759,879.71014,218.5876,45.203552,21.548172,0.82658064,-1,-1,-1
158,11706,243.54666,259.5395,73.607605,29.77591,0.7364605,-1,-1,-1
158,11768,108.38159,323.17584,74.77054,37.633575,0.81706357,-1,-1,-1
158,11752,263.51804,279.3601,64.87457,25.288422,0.6573765,-1,-1,-1
158,11758,271.52515,296.5116,67.67984,31.838165,0.82024616,-1,-1,-1
158,11777,72.38744,301.43903,66.97561,37.232544,0.74991626,-1,-1,-1
158,11687,797.8488,246.35681,70.703125,43.646027,0.7796953,-1,-1,-1
158,11788,10.300835,282.79166,25.129871,35.033325,0.5619075,-1,-1,-1
158,11789,935.52026,232.02779,49.09442,22.073715,0.55146027,-1,-1,-1
158,11791,950.83716,205.73726,46.67328,21.409164,0.33206308,-1,-1,-1
158,11785,257.43875,280.68396,62.725067,21.892487,0.35842738,-1,-1,-1
159,11669,488.66418,162.29971,22.1109,28.887741,0.8186022,-1,-1,-1
159,11677,580.5381,267.96188,54.73462,25.81018,0.8166161,-1,-1,-1
159,11712,599.25507,230.09428,55.673035,26.601456,0.8122478,-1,-1,-1
159,11713,567.29205,303.89407,68.67987,30.732025,0.7932931,-1,-1,-1
159,11714,327.30075,253.32504,60.62857,27.978485,0.8343845,-1,-1,-1
159,11674,488.20065,61.43827,13.025665,14.747711,0.7993072,-1,-1,-1
159,11724,406.19275,247.87074,56.529938,26.829819,0.8463359,-1,-1,-1
159,11732,487.00467,285.1424,63.090363,32.117462,0.8481698,-1,-1,-1
159,11685,655.0253,216.74449,47.933105,21.951462,0.8411678,-1,-1,-1
159,11683,544.8706,202.39369,46.98352,22.987442,0.8175275,-1,-1,-1
159,11690,299.4843,233.17094,64.31912,27.692276,0.8341284,-1,-1,-1
159,11757,775.97437,220.297,59.364502,29.997375,0.70879364,-1,-1,-1
159,11759,877.9647,218.78447,45.19757,21.498825,0.8307309,-1,-1,-1
159,11706,240.76689,259.76718,75.607925,30.659485,0.7160565,-1,-1,-1
159,11768,113.6702,322.97385,74.92642,37.12686,0.4835595,-1,-1,-1
159,11752,267.2872,279.65,66.15982,25.864807,0.68821675,-1,-1,-1
159,11758,276.3508,296.62317,68.58148,32.187195,0.82215375,-1,-1,-1
159,11777,77.841064,301.7742,65.79346,36.3544,0.77477884,-1,-1,-1
159,11687,799.6653,243.73645,75.28174,46.341614,0.8017837,-1,-1,-1
159,11788,11.989324,282.84576,27.046635,35.30008,0.46853983,-1,-1,-1
159,11789,933.2858,232.47527,48.138184,21.68042,0.55804384,-1,-1,-1
159,11791,947.7694,206.2894,45.266785,20.905243,0.41036022,-1,-1,-1
159,11678,946.3356,265.98727,48.256348,29.077118,0.49057645,-1,-1,-1
159,11728,736.49445,202.57599,44.032654,22.800888,0.44520622,-1,-1,-1
160,11669,488.75162,162.47643,22.140747,28.88536,0.8159027,-1,-1,-1
160,11677,584.47095,268.07645,55.77594,26.16217,0.81628114,-1,-1,-1
160,11712,596.6965,230.20847,55.300354,26.61081,0.7971278,-1,-1,-1
160,11713,571.1034,303.71887,69.25342,30.900055,0.81969494,-1,-1,-1
160,11714,326.9767,253.66518,60.606537,27.97786,0.8371747,-1,-1,-1
160,11674,487.9211,60.68591,13.125305,14.848385,0.8110175,-1,-1,-1
160,11724,406.19464,248.09633,56.349792,26.80278,0.8464602,-1,-1,-1
160,11732,490.99112,285.3033,62.7612,31.9599,0.845328,-1,-1,-1
160,11685,652.8253,217.18472,47.887512,21.903168,0.81791234,-1,-1,-1
160,11683,542.1135,202.77325,47.645264,22.974792,0.81985444,-1,-1,-1
160,11690,295.51575,233.50005,64.13443,27.82454,0.8363898,-1,-1,-1
160,11757,773.3528,220.86327,59.775818,30.5719,0.7202363,-1,-1,-1
160,11759,876.2135,219.03607,44.964844,21.334473,0.8240157,-1,-1,-1
160,11706,239.71529,259.98596,76.60014,31.276764,0.7176129,-1,-1,-1
160,11768,117.70531,323.02527,76.37717,37.39041,0.7555395,-1,-1,-1
160,11752,272.06763,279.96902,66.98068,26.169586,0.7310104,-1,-1,-1
160,11758,282.34872,297.12445,68.109406,31.971893,0.84688044,-1,-1,-1
160,11777,88.952385,302.17444,65.48585,35.177155,0.62002057,-1,-1,-1
160,11687,804.81757,244.48506,74.20636,45.558914,0.836132,-1,-1,-1
160,11789,931.2625,232.9464,48.027283,21.597885,0.48266485,-1,-1,-1
160,11791,945.8158,206.66978,44.38379,20.61528,0.4781519,-1,-1,-1
160,11678,950.39435,266.40494,45.993103,27.814117,0.37988016,-1,-1,-1
160,11728,734.00104,202.90623,43.031006,22.4449,0.37732667,-1,-1,-1
160,11785,261.73718,280.61304,68.48767,24.729797,0.39950296,-1,-1,-1
161,11669,488.85992,162.67082,22.126984,28.82161,0.80996037,-1,-1,-1
161,11677,588.186,268.4089,56.070496,26.188385,0.8292218,-1,-1,-1
161,11712,594.0604,230.61636,53.897156,26.030731,0.79664105,-1,-1,-1
161,11713,573.8079,304.0171,68.44556,30.602203,0.81183064,-1,-1,-1
161,11714,326.48593,253.75677,60.873352,28.11728,0.84270453,-1,-1,-1
161,11674,487.4385,59.91756,13.283905,15.0582695,0.79581547,-1,-1,-1
161,11724,405.86392,248.34595,56.477417,26.945343,0.8458656,-1,-1,-1
161,11732,495.07578,285.35468,62.94809,32.133087,0.8456817,-1,-1,-1
161,11685,650.3249,217.38452,48.084534,21.989304,0.8338379,-1,-1,-1
161,11683,537.05774,203.00438,47.592163,22.916977,0.83516884,-1,-1,-1
161,11690,290.98706,233.83696,64.650055,28.240189,0.8414681,-1,-1,-1
161,11757,770.5465,220.88606,60.489136,31.248703,0.7769678,-1,-1,-1
161,11759,875.1315,219.52748,44.04901,20.794037,0.8230424,-1,-1,-1
161,11706,239.77835,260.37177,76.247345,31.299377,0.76935226,-1,-1,-1
161,11768,121.98075,323.35904,78.2333,38.072388,0.7824616,-1,-1,-1
161,11752,276.76416,280.24362,64.41489,25.065277,0.73690164,-1,-1,-1
161,11758,287.15298,297.34995,68.21298,31.999237,0.8456078,-1,-1,-1
161,11777,95.82155,301.8943,68.45712,36.119904,0.76061606,-1,-1,-1
161,11687,809.1627,244.5135,74.5152,45.663315,0.84233695,-1,-1,-1
161,11789,928.6616,232.94907,48.803284,21.940613,0.75058025,-1,-1,-1
161,11791,945.4571,207.19118,42.658142,19.847794,0.68926805,-1,-1,-1
161,11678,954.3074,266.89658,44.11078,26.526093,0.4246628,-1,-1,-1
161,11728,731.41986,202.66185,43.432007,22.7809,0.5159111,-1,-1,-1
162,11669,488.97696,162.81963,22.111176,28.745636,0.81958896,-1,-1,-1
162,11677,590.88055,268.5286,56.257202,26.30133,0.8315042,-1,-1,-1
162,11712,591.3516,231.01065,52.975952,25.633575,0.72478944,-1,-1,-1
162,11713,577.0811,303.8586,67.76239,30.482697,0.8171978,-1,-1,-1
162,11714,325.9592,253.96571,61.016937,28.172806,0.8462646,-1,-1,-1
162,11674,487.1854,59.30944,13.355194,15.173668,0.8042213,-1,-1,-1
162,11724,405.66922,248.57237,56.613403,27.084763,0.84585595,-1,-1,-1
162,11732,499.52536,285.51187,62.5347,32.030243,0.8587371,-1,-1,-1
162,11685,647.783,217.53789,48.32135,22.113495,0.80901617,-1,-1,-1
162,11683,532.12,203.0925,47.654846,22.978546,0.8430172,-1,-1,-1
162,11690,287.3049,233.99638,64.5047,28.326248,0.83639336,-1,-1,-1
162,11757,768.0016,221.45021,60.082764,31.341293,0.7415913,-1,-1,-1
162,11759,873.57745,219.48047,43.96997,20.694092,0.82480174,-1,-1,-1
162,11706,240.14647,261.01425,74.4525,30.636047,0.7918777,-1,-1,-1
162,11768,132.13997,323.99216,75.247925,36.67639,0.7085439,-1,-1,-1
162,11752,281.25153,280.64554,66.65509,25.865845,0.75311327,-1,-1,-1
162,11758,291.9803,298.09854,67.84418,31.694702,0.7977734,-1,-1,-1
162,11777,101.436226,301.24814,71.18639,37.033447,0.5893984,-1,-1,-1
162,11687,812.11224,244.23326,75.072815,45.91356,0.78394955,-1,-1,-1
162,11789,926.978,233.3516,48.658264,21.824387,0.81398594,-1,-1,-1
162,11791,943.6493,207.35194,42.624695,19.870117,0.4119723,-1,-1,-1
162,11678,958.12244,266.94794,43.79706,26.2883,0.314015,-1,-1,-1
162,11794,0.22588654,284.6278,62.57335,36.8786,0.3613502,-1,-1,-1
163,11669,488.87827,162.91039,22.20871,28.849136,0.8117049,-1,-1,-1
163,11677,593.4984,268.36206,56.301453,26.523224,0.8121439,-1,-1,-1
163,11712,587.8242,231.31169,52.670654,25.53453,0.745937,-1,-1,-1
163,11713,580.3613,304.32202,66.25598,29.949219,0.7773139,-1,-1,-1
163,11714,325.61526,254.48662,60.744354,27.99495,0.8427095,-1,-1,-1
163,11674,486.81677,58.933247,13.217621,15.004597,0.7861692,-1,-1,-1
163,11724,405.3616,248.80084,56.781403,27.251465,0.8436621,-1,-1,-1
163,11732,503.69876,285.6431,62.287994,31.865814,0.83700037,-1,-1,-1
163,11685,644.8638,217.44525,48.50995,22.254303,0.7881356,-1,-1,-1
163,11683,527.43994,203.10559,48.39392,23.441483,0.8476825,-1,-1,-1
163,11690,283.4449,234.59373,63.757446,28.074997,0.83835524,-1,-1,-1
163,11757,765.53516,222.76935,59.020325,31.128632,0.74999154,-1,-1,-1
163,11759,872.2572,219.73338,43.95172,20.617874,0.8249018,-1,-1,-1
163,11706,240.55309,261.43457,73.01372,30.181763,0.7991088,-1,-1,-1
163,11768,140.04764,324.1057,74.389084,36.52115,0.5778341,-1,-1,-1
163,11752,284.1985,281.12277,67.94141,26.436035,0.7703349,-1,-1,-1
163,11758,297.25867,298.53815,67.79587,31.5654,0.84587103,-1,-1,-1
163,11777,105.4273,300.9736,75.82992,39.28839,0.48564994,-1,-1,-1
163,11687,815.30316,244.16785,75.012634,46.081818,0.74724525,-1,-1,-1
163,11789,924.4205,233.22447,49.372864,22.138016,0.8313119,-1,-1,-1
163,11791,941.7499,207.44499,42.960693,20.024353,0.41027623,-1,-1,-1
163,11678,960.9765,267.16626,43.748108,26.290009,0.33696645,-1,-1,-1
163,11794,1.2233626,285.62338,62.926662,37.053284,0.2890245,-1,-1,-1
163,11728,725.98126,201.86638,44.941895,23.735535,0.42995206,-1,-1,-1
164,11669,488.81702,163.03699,22.239502,28.903168,0.8008067,-1,-1,-1
164,11677,596.22504,268.17432,57.283447,27.249084,0.79543036,-1,-1,-1
164,11712,584.711,231.63994,52.062622,25.187607,0.48942673,-1,-1,-1
164,11713,583.86694,304.42438,66.19055,30.132568,0.740805,-1,-1,-1
164,11714,325.07,254.73238,60.85263,27.955276,0.8746737,-1,-1,-1
164,11674,486.63745,58.14366,13.459747,15.340469,0.81762713,-1,-1,-1
164,11724,405.18158,248.98355,56.746765,27.315948,0.84247273,-1,-1,-1
164,11732,507.47617,285.86923,62.655975,32.09442,0.8353199,-1,-1,-1
164,11685,642.1876,217.5127,49.24237,22.607635,0.8068984,-1,-1,-1
164,11683,522.9663,203.1091,48.349182,23.541656,0.8458773,-1,-1,-1
164,11690,279.43423,234.75117,63.447693,28.031143,0.82993734,-1,-1,-1
164,11757,764.0801,224.40569,56.47119,29.952484,0.7083145,-1,-1,-1
164,11759,870.91534,219.97781,43.85205,20.549896,0.83395994,-1,-1,-1
164,11706,240.37233,261.91037,71.82442,29.785217,0.8014578,-1,-1,-1
164,11768,143.47572,324.4464,74.7554,36.677246,0.7409308,-1,-1,-1
164,11752,288.92355,281.1291,67.15527,26.126556,0.8227431,-1,-1,-1
164,11758,302.34186,298.4434,68.40936,31.765167,0.82653797,-1,-1,-1
164,11777,108.585304,300.5022,84.534325,44.155426,0.55947006,-1,-1,-1
164,11687,818.467,244.32161,74.901,45.968338,0.71194476,-1,-1,-1
164,11789,921.68097,233.2014,49.766052,22.333939,0.792478,-1,-1,-1
164,11791,939.78186,207.4255,43.523193,20.274658,0.30485958,-1,-1,-1
164,11794,3.604173,285.76978,63.124443,37.0231,0.338767,-1,-1,-1
164,11728,723.51746,201.79832,44.950073,23.87326,0.6140501,-1,-1,-1
164,11744,759.518,220.0278,66.65332,28.448563,0.6465058,-1,-1,-1
165,11669,488.54388,163.21255,22.335815,29.033813,0.7983239,-1,-1,-1
165,11677,599.4204,268.38474,58.711243,28.171204,0.81716293,-1,-1,-1
165,11712,580.8955,231.62851,53.621155,25.978119,0.5846603,-1,-1,-1
165,11713,587.5375,304.93484,66.3313,30.398224,0.7175912,-1,-1,-1
165,11714,324.2283,254.95802,61.72534,28.32219,0.84144866,-1,-1,-1
165,11674,486.3653,57.75312,13.425201,15.310257,0.8258741,-1,-1,-1
165,11724,405.08548,249.3402,56.541077,27.28627,0.8398828,-1,-1,-1
165,11732,511.06104,286.23453,62.454712,32.031586,0.82926816,-1,-1,-1
165,11685,639.0364,217.72147,50.1308,23.0952,0.78900725,-1,-1,-1
165,11683,518.80927,203.14806,48.55713,23.71605,0.8407295,-1,-1,-1
165,11690,274.5384,234.96817,63.529358,28.130463,0.78494495,-1,-1,-1
165,11757,760.6276,222.34676,58.322754,31.26448,0.6390034,-1,-1,-1
165,11759,869.54645,220.33347,43.618286,20.354874,0.80139387,-1,-1,-1
165,11706,239.47237,262.42117,71.60994,29.78595,0.83993423,-1,-1,-1
165,11768,145.34076,324.56665,76.009384,37.07199,0.7538041,-1,-1,-1
165,11752,293.21588,281.23532,67.09732,26.224854,0.7691724,-1,-1,-1
165,11758,307.35446,298.67978,68.17911,31.570984,0.85788,-1,-1,-1
165,11687,821.37445,244.52893,74.56897,45.939667,0.7932999,-1,-1,-1
165,11789,919.5114,233.28207,49.88678,22.424545,0.7462623,-1,-1,-1
165,11794,5.918286,286.5375,63.706615,37.075684,0.36101094,-1,-1,-1
165,11728,720.95905,202.00603,44.62207,23.871094,0.58798516,-1,-1,-1
165,11744,760.45184,220.01167,59.56836,25.542862,0.3351874,-1,-1,-1
166,11669,488.53848,163.52286,22.374481,29.076767,0.80507183,-1,-1,-1
166,11677,603.30115,268.6744,58.762695,28.357239,0.8251556,-1,-1,-1
166,11712,577.19324,231.4302,54.63269,26.530823,0.7881961,-1,-1,-1
166,11713,592.1817,305.2326,67.19415,30.922241,0.613303,-1,-1,-1
166,11714,324.43954,255.08469,61.509003,28.200104,0.84995407,-1,-1,-1
166,11674,486.23868,57.538998,13.326202,15.209888,0.8208125,-1,-1,-1
166,11724,404.93686,249.67253,56.423187,27.265488,0.8356857,-1,-1,-1
166,11732,515.1245,286.36563,62.290283,31.999756,0.85230124,-1,-1,-1
166,11685,636.064,217.9763,50.460083,23.339493,0.7862777,-1,-1,-1
166,11683,515.1543,203.48732,48.128357,23.547974,0.8398622,-1,-1,-1
166,11690,269.92532,235.41095,62.82721,27.937653,0.7979424,-1,-1,-1
166,11757,760.1667,226.6103,52.754944,28.083923,0.63605493,-1,-1,-1
166,11759,867.26587,220.12723,44.449158,20.705582,0.8082451,-1,-1,-1
166,11706,238.72281,262.45538,72.710815,30.380157,0.83405715,-1,-1,-1
166,11768,149.12407,324.64288,76.75282,37.299988,0.7913626,-1,-1,-1
166,11752,296.57278,281.4561,67.47336,26.455841,0.7162264,-1,-1,-1
166,11758,312.4566,298.8745,67.58887,31.170746,0.84756494,-1,-1,-1
166,11687,825.73193,244.86653,74.52899,45.88588,0.7049209,-1,-1,-1
166,11789,916.9301,233.06276,50.51837,22.777802,0.7148571,-1,-1,-1
166,11794,7.9259114,287.43854,64.51693,37.10498,0.76139176,-1,-1,-1
166,11728,718.44507,202.14473,44.732056,24.060623,0.657977,-1,-1,-1
166,11744,760.08075,220.79175,55.511658,23.863037,0.2953623,-1,-1,-1
166,11777,127.053825,301.28104,78.43687,41.148895,0.5168783,-1,-1,-1
166,11791,935.3863,207.419,44.025513,20.56511,0.2672972,-1,-1,-1
167,11669,488.38297,163.69104,22.61734,29.320602,0.8076949,-1,-1,-1
167,11677,606.0539,269.0126,60.034058,29.246796,0.8233725,-1,-1,-1
167,11712,573.92456,231.36357,53.873413,26.19313,0.7968661,-1,-1,-1
167,11713,596.5886,305.3547,68.8197,31.834991,0.7518103,-1,-1,-1
167,11714,325.17288,255.59935,60.920776,27.884323,0.8362672,-1,-1,-1
167,11674,486.17264,57.188713,13.25,15.160469,0.8241621,-1,-1,-1
167,11724,404.85907,249.99835,56.28766,27.21347,0.83561534,-1,-1,-1
167,11732,519.0458,286.66217,62.699585,32.27063,0.8343717,-1,-1,-1
167,11685,633.25507,218.11461,51.149902,23.774643,0.79441893,-1,-1,-1
167,11683,511.44165,203.72218,48.131165,23.575531,0.8275278,-1,-1,-1
167,11690,265.42453,236.5414,62.471313,27.727798,0.8389709,-1,-1,-1
167,11757,758.4005,228.38528,51.146606,27.104599,0.66510135,-1,-1,-1
167,11759,865.31335,220.30933,44.92737,20.902847,0.8275692,-1,-1,-1
167,11706,238.59036,262.78238,72.58331,30.396301,0.8318721,-1,-1,-1
167,11768,154.06386,324.98053,77.277466,37.388824,0.815553,-1,-1,-1
167,11752,299.6026,281.50098,69.20926,27.099915,0.73657274,-1,-1,-1
167,11758,318.60352,299.56253,66.7547,30.686676,0.83203447,-1,-1,-1
167,11687,829.9232,245.39967,74.0437,45.55989,0.8185982,-1,-1,-1
167,11789,915.0726,233.43921,50.460754,22.746765,0.8039378,-1,-1,-1
167,11794,9.588654,287.59647,66.02512,37.503662,0.7638163,-1,-1,-1
167,11728,715.5492,202.08138,44.70105,24.191833,0.49362025,-1,-1,-1
167,11777,134.48784,301.98672,73.334625,38.15268,0.7326837,-1,-1,-1
167,11791,933.70844,207.71077,42.930725,20.069183,0.44486737,-1,-1,-1
168,11669,488.20923,163.88121,22.867828,29.557083,0.80204576,-1,-1,-1
168,11677,609.4949,269.31448,59.79962,29.469116,0.82088757,-1,-1,-1
168,11712,570.72546,231.2118,53.866516,26.250778,0.8312823,-1,-1,-1
168,11713,601.52936,306.62833,66.55884,30.742981,0.81971866,-1,-1,-1
168,11714,325.75772,256.0713,60.134674,27.450378,0.8297357,-1,-1,-1
168,11674,486.06375,57.205215,12.932861,14.776833,0.8121816,-1,-1,-1
168,11724,404.80988,250.4709,56.33087,27.215408,0.8374689,-1,-1,-1
168,11732,523.13116,287.11557,62.11621,32.003937,0.8151109,-1,-1,-1
168,11685,631.0605,218.26456,50.793945,23.63704,0.8168545,-1,-1,-1
168,11683,507.6845,204.03618,47.674683,23.398285,0.8212277,-1,-1,-1
168,11690,260.84357,236.90825,61.68628,27.304031,0.7728449,-1,-1,-1
168,11757,756.3326,229.01575,51.196655,26.924927,0.70131725,-1,-1,-1
168,11759,863.2277,220.6752,45.17212,21.015854,0.83033144,-1,-1,-1
168,11706,237.33035,262.53546,74.126495,31.1568,0.8121172,-1,-1,-1
168,11768,159.28712,325.32364,76.88202,37.05301,0.8293294,-1,-1,-1
168,11752,302.88065,281.4497,71.822754,28.187805,0.723202,-1,-1,-1
168,11758,323.37045,299.78052,66.98181,30.697723,0.8426463,-1,-1,-1
168,11687,832.7615,245.89528,73.56061,45.38759,0.7892908,-1,-1,-1
168,11789,913.1838,233.65076,50.188965,22.582214,0.8320759,-1,-1,-1
168,11794,11.899979,288.03796,67.176285,37.554626,0.71637964,-1,-1,-1
168,11728,712.53455,202.26332,44.5813,24.25769,0.6274881,-1,-1,-1
168,11777,139.58044,302.92087,71.01778,36.30594,0.7669178,-1,-1,-1
168,11791,931.595,208.09526,42.54834,19.903198,0.6652509,-1,-1,-1
168,11744,757.16486,222.15924,55.66455,23.925476,0.32562378,-1,-1,-1
169,11669,488.29105,164.13695,22.89737,29.48323,0.8082381,-1,-1,-1
169,11677,614.0018,269.68112,57.595093,28.517609,0.81699914,-1,-1,-1
169,11712,567.30426,231.46437,53.705322,26.177536,0.82228446,-1,-1,-1
169,11713,606.1537,307.26837,65.20599,30.049377,0.7920931,-1,-1,-1
169,11714,325.72488,256.559,59.453827,26.99118,0.82113624,-1,-1,-1
169,11674,485.94626,57.17424,12.771179,14.56382,0.8141304,-1,-1,-1
169,11724,404.68542,250.76907,56.22635,27.117126,0.8380201,-1,-1,-1
169,11732,527.44244,287.2081,62.267822,32.141937,0.8276666,-1,-1,-1
169,11685,628.6299,218.36732,50.848328,23.734177,0.82454413,-1,-1,-1
169,11683,503.61057,204.50049,47.59073,23.380646,0.83414054,-1,-1,-1
169,11690,256.72784,237.13704,61.43866,27.209,0.54217666,-1,-1,-1
169,11757,754.5658,231.06265,48.41919,25.160217,0.7453835,-1,-1,-1
169,11759,861.3836,220.83525,45.874756,21.347412,0.83615375,-1,-1,-1
169,11706,236.60991,262.86197,74.40782,31.344025,0.7404193,-1,-1,-1
169,11768,164.34167,325.90036,76.474075,36.716522,0.8247483,-1,-1,-1
169,11752,306.16803,281.82922,72.53873,28.6044,0.7112974,-1,-1,-1
169,11758,328.21747,300.19177,66.7861,30.579468,0.83651507,-1,-1,-1
169,11687,836.6821,246.54987,72.72919,44.809265,0.6686137,-1,-1,-1
169,11789,910.83325,234.1344,50.019043,22.463623,0.83962715,-1,-1,-1
169,11794,15.907242,287.92627,68.294876,37.62271,0.67716116,-1,-1,-1
169,11728,709.6786,202.21092,44.399902,24.263123,0.689422,-1,-1,-1
169,11777,145.23851,303.41306,70.49951,35.38324,0.76496726,-1,-1,-1
169,11791,929.45886,208.31557,42.451477,19.870544,0.5943285,-1,-1,-1
170,11669,488.4336,164.45015,22.820648,29.269318,0.8024697,-1,-1,-1
170,11677,618.5447,269.94238,55.6662,27.566772,0.8111594,-1,-1,-1
170,11712,563.7393,231.78215,53.94641,26.318436,0.82381797,-1,-1,-1
170,11713,609.99207,306.8114,66.0061,30.434082,0.81170475,-1,-1,-1
170,11714,325.61816,256.988,58.97516,26.632172,0.8334704,-1,-1,-1
170,11674,485.75592,56.850643,12.911011,14.707012,0.8133508,-1,-1,-1
170,11724,404.2415,251.09502,56.81302,27.392105,0.8415004,-1,-1,-1
170,11732,531.5288,287.35468,62.73529,32.529907,0.82797045,-1,-1,-1
170,11685,626.2885,218.64763,50.78253,23.804276,0.80701876,-1,-1,-1
170,11683,499.54843,204.57164,48.434235,23.88089,0.8397661,-1,-1,-1
170,11690,252.4845,237.43314,61.51584,27.144012,0.71463054,-1,-1,-1
170,11757,751.55786,232.01193,47.953125,24.546082,0.72684973,-1,-1,-1
170,11759,859.5659,221.12846,45.588196,21.202713,0.8123342,-1,-1,-1
170,11706,235.97585,263.14362,75.589096,31.995026,0.7380246,-1,-1,-1
170,11768,170.36572,326.58353,75.405106,35.95932,0.83275074,-1,-1,-1
170,11752,310.8684,282.02115,72.77344,28.954529,0.7159154,-1,-1,-1
170,11758,333.25034,300.57657,66.71768,30.509796,0.82729113,-1,-1,-1
170,11687,839.97845,247.59824,71.333496,43.865112,0.7183839,-1,-1,-1
170,11789,909.286,234.90526,49.29248,22.097244,0.832828,-1,-1,-1
170,11794,19.921257,288.20758,68.8186,37.336304,0.6708985,-1,-1,-1
170,11728,706.4174,202.60641,44.381348,24.354324,0.66929644,-1,-1,-1
170,11777,150.40028,303.88284,70.8746,35.053253,0.75322974,-1,-1,-1
170,11791,927.188,208.21234,42.59662,19.95433,0.6524936,-1,-1,-1
170,11800,562.2766,368.84476,28.632568,28.238739,0.5190357,-1,-1,-1
171,11669,488.36243,164.7727,22.922272,29.320084,0.791574,-1,-1,-1
171,11677,623.2829,270.20663,54.295288,26.899872,0.8051901,-1,-1,-1
171,11712,560.7861,232.16145,54.35028,26.494247,0.83144665,-1,-1,-1
171,11713,614.16455,306.75452,65.67529,30.34851,0.81865925,-1,-1,-1
171,11714,325.40796,257.3851,59.025696,26.533783,0.83384955,-1,-1,-1
171,11674,485.53073,56.476074,12.86731,14.632469,0.8044062,-1,-1,-1
171,11724,404.61008,251.80519,56.212097,27.070908,0.84609425,-1,-1,-1
171,11732,535.7689,287.62595,61.78235,32.09091,0.8128267,-1,-1,-1
171,11685,623.414,218.8648,50.709534,23.891998,0.8096095,-1,-1,-1
171,11683,495.876,205.33946,48.37497,23.878845,0.860375,-1,-1,-1
171,11690,248.11484,237.95468,61.50522,27.017029,0.6427717,-1,-1,-1
171,11757,748.3587,232.80063,47.973694,24.32016,0.7603391,-1,-1,-1
171,11759,857.17596,221.13913,46.166016,21.494888,0.8097291,-1,-1,-1
171,11706,235.97237,263.69852,74.71956,31.684479,0.7165495,-1,-1,-1
171,11768,174.87314,327.1034,74.90637,35.45096,0.8246011,-1,-1,-1
171,11752,314.99982,282.28348,72.06494,28.981598,0.74087876,-1,-1,-1
171,11758,337.472,300.71725,67.11011,30.623993,0.8295448,-1,-1,-1
171,11687,842.8666,247.8388,71.40753,43.94458,0.67544794,-1,-1,-1
171,11789,907.34644,235.30815,48.93805,21.9142,0.8324374,-1,-1,-1
171,11794,24.234985,288.57907,68.94667,36.845337,0.6645233,-1,-1,-1
171,11728,703.25793,202.59294,44.525757,24.522049,0.7874504,-1,-1,-1
171,11777,155.83363,303.7809,72.20914,35.382965,0.7978703,-1,-1,-1
171,11791,925.4339,208.76761,41.8833,19.660446,0.68828833,-1,-1,-1
171,11800,560.9943,369.39038,28.991455,28.585938,0.53339463,-1,-1,-1
171,11744,751.76764,222.29276,47.941162,19.798706,0.31572095,-1,-1,-1
172,11669,488.21103,165.07185,22.99768,29.31392,0.79235804,-1,-1,-1
172,11677,627.82776,270.676,54.239685,26.849396,0.7934897,-1,-1,-1
172,11712,557.73,232.78366,54.131958,26.312378,0.82120544,-1,-1,-1
172,11713,618.4068,306.6915,64.58838,29.769775,0.8243595,-1,-1,-1
172,11714,324.83963,257.71655,59.54767,26.678864,0.83024114,-1,-1,-1
172,11674,485.52463,56.1325,12.795654,14.50573,0.80111384,-1,-1,-1
172,11724,404.20557,252.10936,56.69171,27.284073,0.8441388,-1,-1,-1
172,11732,540.7226,288.17657,60.46637,31.278961,0.6539378,-1,-1,-1
172,11685,621.152,218.99698,50.156616,23.690216,0.8047709,-1,-1,-1
172,11683,491.07312,205.54306,48.5542,24.052551,0.845941,-1,-1,-1
172,11690,243.60066,238.02124,63.256424,27.672302,0.5909482,-1,-1,-1
172,11757,745.4585,233.19295,48.78766,24.515884,0.757916,-1,-1,-1
172,11759,855.28894,221.39958,46.27588,21.596252,0.8097492,-1,-1,-1
172,11706,236.5493,264.30383,74.05144,31.496094,0.74081796,-1,-1,-1
172,11768,180.90811,327.53394,74.73137,35.052185,0.78782773,-1,-1,-1
172,11752,319.9062,282.55676,71.78125,29.075134,0.7657224,-1,-1,-1
172,11758,341.5843,301.05075,67.95703,31.005707,0.81425834,-1,-1,-1
172,11687,845.9468,248.07092,70.91156,43.8472,0.6228705,-1,-1,-1
172,11789,904.78705,235.37819,49.437317,22.122269,0.81596965,-1,-1,-1
172,11794,27.58128,288.81604,70.70833,37.35919,0.49554068,-1,-1,-1
172,11728,700.5712,203.2657,43.51184,23.988571,0.781217,-1,-1,-1
172,11777,162.30264,304.16583,72.05095,34.944977,0.68961537,-1,-1,-1
172,11791,923.77875,208.93808,41.822998,19.630829,0.7277486,-1,-1,-1
172,11802,967.59753,218.9706,44.476807,23.774841,0.7032729,-1,-1,-1
172,11744,750.1287,222.28871,47.7218,19.121307,0.28553554,-1,-1,-1
173,11669,488.2455,165.39896,22.987396,29.222778,0.80285186,-1,-1,-1
173,11677,632.39215,271.23938,54.578857,27.08493,0.80451363,-1,-1,-1
173,11712,555.3062,233.51422,53.899414,25.977875,0.80946493,-1,-1,-1
173,11713,622.91656,307.2442,62.759216,28.836823,0.8480688,-1,-1,-1
173,11714,323.94534,258.04562,60.605804,27.119629,0.830636,-1,-1,-1
173,11674,485.33862,55.600857,12.961212,14.66608,0.8084683,-1,-1,-1
173,11724,403.68,252.3427,57.192444,27.525772,0.84578824,-1,-1,-1
173,11732,544.44836,288.05502,61.10553,31.649963,0.53019005,-1,-1,-1
173,11685,618.72455,219.33531,49.590515,23.459442,0.80128944,-1,-1,-1
173,11683,486.64688,205.7298,49.351227,24.54628,0.8431419,-1,-1,-1
173,11690,238.81493,238.44266,64.34679,27.931885,0.35386002,-1,-1,-1
173,11757,742.8767,233.79259,48.91211,24.345352,0.7797488,-1,-1,-1
173,11759,853.3024,221.37943,46.588867,21.78778,0.80291057,-1,-1,-1
173,11706,237.12708,264.859,72.74951,31.00705,0.75830007,-1,-1,-1
173,11768,185.50798,327.91357,74.744125,34.723907,0.8146435,-1,-1,-1
173,11752,324.11636,282.8291,71.5542,29.178833,0.7504312,-1,-1,-1
173,11758,345.7557,301.52768,68.17761,31.070404,0.7881338,-1,-1,-1
173,11687,850.2914,250.32727,68.96631,42.523407,0.60905737,-1,-1,-1
173,11789,902.6409,235.91208,49.04962,21.863495,0.8056525,-1,-1,-1
173,11794,31.55937,289.0338,71.85967,37.578064,0.46369967,-1,-1,-1
173,11728,697.788,203.33928,43.462585,23.989838,0.79914385,-1,-1,-1
173,11777,168.74265,304.38177,72.86087,34.993073,0.7163519,-1,-1,-1
173,11791,921.05304,208.93721,42.21637,19.76419,0.804527,-1,-1,-1
173,11802,966.36304,218.84256,44.721985,23.880646,0.7558759,-1,-1,-1
173,11744,745.3824,222.68936,52.21106,20.752625,0.44506103,-1,-1,-1
174,11669,488.15936,165.59059,22.887024,29.057632,0.78622717,-1,-1,-1
174,11677,637.25366,271.71936,53.958313,26.853607,0.82549113,-1,-1,-1
174,11712,552.08606,234.10146,53.38086,25.567673,0.8109412,-1,-1,-1
174,11713,626.8396,307.36307,63.38025,29.083832,0.70938283,-1,-1,-1
174,11714,323.44406,258.4402,60.701416,27.162994,0.8225784,-1,-1,-1
174,11674,484.8746,55.230957,13.083252,14.809433,0.8229888,-1,-1,-1
174,11724,403.39267,252.67618,57.833588,27.783783,0.84847635,-1,-1,-1
174,11732,549.4147,288.63913,59.84839,30.829987,0.69018847,-1,-1,-1
174,11685,615.75903,219.60048,50.122253,23.647842,0.7618312,-1,-1,-1
174,11683,483.42517,206.33867,48.12567,23.937729,0.8577455,-1,-1,-1
174,11757,739.3496,233.8987,49.750122,24.519272,0.70781195,-1,-1,-1
174,11759,851.1727,221.55469,47.010315,22.047882,0.7989757,-1,-1,-1
174,11706,236.63374,265.12997,72.738785,31.08545,0.7273272,-1,-1,-1
174,11768,189.71501,328.86487,75.186966,34.68152,0.7567314,-1,-1,-1
174,11752,327.85037,283.32855,71.701965,29.482819,0.8050081,-1,-1,-1
174,11758,351.01547,301.67477,67.77051,30.90271,0.7839759,-1,-1,-1
174,11687,853.4536,250.65091,68.90747,42.433746,0.57329077,-1,-1,-1
174,11789,899.71704,236.12988,49.305847,21.950836,0.8320879,-1,-1,-1
174,11794,36.539227,289.64648,70.854034,36.48111,0.42351624,-1,-1,-1
174,11728,695.0519,203.41623,43.73517,24.170288,0.79862237,-1,-1,-1
174,11777,175.01128,304.6295,70.010895,33.07022,0.67691785,-1,-1,-1
174,11791,918.5398,209.19008,42.134033,19.711365,0.8049536,-1,-1,-1
174,11802,965.17255,218.93196,44.474,23.705765,0.7548725,-1,-1,-1
174,11744,738.4875,223.78491,59.97693,24.216873,0.3361016,-1,-1,-1
175,11669,488.26868,165.8238,22.71103,28.810135,0.80862343,-1,-1,-1
175,11677,641.31146,272.086,54.364014,27.11795,0.8127322,-1,-1,-1
175,11712,548.2527,234.73686,53.04474,25.287643,0.7854701,-1,-1,-1
175,11713,630.74445,308.16513,63.494324,29.126343,0.80128366,-1,-1,-1
175,11714,322.99667,258.83908,61.017517,27.332977,0.8174296,-1,-1,-1
175,11674,484.8322,54.70272,12.972748,14.701523,0.8142056,-1,-1,-1
175,11724,403.0831,253.06491,57.688965,27.71814,0.8425957,-1,-1,-1
175,11732,553.995,288.95203,59.41986,30.58377,0.6886038,-1,-1,-1
175,11685,611.5039,220.1075,50.880493,23.946762,0.689371,-1,-1,-1
175,11683,479.07303,206.49805,47.981964,23.845627,0.8346079,-1,-1,-1
175,11757,736.2287,234.88394,48.780334,23.789612,0.74087745,-1,-1,-1
175,11759,849.68945,221.49008,47.133606,22.13559,0.7861964,-1,-1,-1
175,11706,236.19861,265.69882,72.5676,31.038086,0.70592344,-1,-1,-1
175,11768,194.53397,329.5606,75.17111,34.350037,0.73151803,-1,-1,-1
175,11752,332.3521,283.7048,70.61008,29.225006,0.7805381,-1,-1,-1
175,11758,355.14728,301.75397,67.94388,30.958435,0.7715994,-1,-1,-1
175,11687,857.51074,252.03523,67.60559,41.395004,0.6586564,-1,-1,-1
175,11789,897.3309,236.05531,49.918335,22.257004,0.831516,-1,-1,-1
175,11794,40.480846,290.0418,71.50105,36.323425,0.56029874,-1,-1,-1
175,11728,692.2876,203.61119,44.00183,24.362717,0.6347309,-1,-1,-1
175,11777,181.03862,304.9849,70.58394,32.96414,0.7265988,-1,-1,-1
175,11791,916.97015,209.5381,42.116272,19.639297,0.77288425,-1,-1,-1
175,11802,964.15936,218.98653,46.290894,24.62204,0.6748679,-1,-1,-1
175,11744,737.34784,223.87827,58.304077,23.375107,0.46192342,-1,-1,-1
175,11800,554.14545,372.9591,29.23938,28.770142,0.4029545,-1,-1,-1
176,11669,488.1046,166.0174,22.86789,28.99199,0.81086606,-1,-1,-1
176,11677,644.33044,272.59338,54.62683,27.205841,0.8294621,-1,-1,-1
176,11712,543.76794,235.04237,53.48181,25.50319,0.8278007,-1,-1,-1
176,11713,635.0943,308.47403,64.46002,29.598267,0.7557361,-1,-1,-1
176,11714,321.5726,259.14368,62.759735,28.197052,0.816997,-1,-1,-1
176,11674,484.4612,54.27178,12.833527,14.5372505,0.82113236,-1,-1,-1
176,11724,402.9452,253.45197,57.3786,27.522186,0.8404102,-1,-1,-1
176,11732,558.41974,289.41336,59.615845,30.548248,0.7605277,-1,-1,-1
176,11685,607.00574,220.71312,52.086914,24.494278,0.7659254,-1,-1,-1
176,11683,474.2988,206.691,48.307037,23.993042,0.83980787,-1,-1,-1
176,11757,732.3618,234.66206,50.396423,24.470627,0.6620507,-1,-1,-1
176,11759,848.07074,221.31898,47.61017,22.417145,0.74035484,-1,-1,-1
176,11706,235.83263,266.10007,72.90062,31.220367,0.73101187,-1,-1,-1
176,11768,198.69331,329.58694,76.99025,35.048767,0.76750064,-1,-1,-1
176,11752,336.19022,284.1938,70.607635,29.38617,0.7849379,-1,-1,-1
176,11758,360.24637,301.89026,68.07547,31.044678,0.77637845,-1,-1,-1
176,11687,862.7025,253.79831,65.8255,39.900055,0.4622398,-1,-1,-1
176,11789,899.26746,237.3885,46.51117,20.966568,0.70647585,-1,-1,-1
176,11794,42.609978,290.29962,73.39591,37.0372,0.368801,-1,-1,-1
176,11728,689.34845,203.64525,44.075073,24.482178,0.56062925,-1,-1,-1
176,11777,186.63979,305.35822,70.21486,32.378967,0.7068766,-1,-1,-1
176,11791,914.51373,209.6502,42.551636,19.840332,0.65204865,-1,-1,-1
176,11802,963.1323,219.16399,46.72058,24.777405,0.71362203,-1,-1,-1
176,11800,552.0416,374.18488,28.729065,28.285645,0.7008932,-1,-1,-1
177,11669,487.9265,166.17928,22.910614,29.031021,0.8163542,-1,-1,-1
177,11677,647.6265,272.78836,54.690186,27.201782,0.8308366,-1,-1,-1
177,11712,539.8818,235.29399,54.062378,25.755295,0.82991767,-1,-1,-1
177,11713,639.1431,309.1783,65.08435,30.014038,0.72214526,-1,-1,-1
177,11714,320.6654,259.5798,63.70343,28.69873,0.8136537,-1,-1,-1
177,11674,484.31473,53.952194,12.833527,14.539383,0.81452066,-1,-1,-1
177,11724,402.44086,253.66565,57.93445,27.759094,0.84431833,-1,-1,-1
177,11732,562.4159,290.0045,59.564697,30.318665,0.79000205,-1,-1,-1
177,11685,603.9874,221.12512,53.234985,25.07254,0.75884813,-1,-1,-1
177,11683,470.80917,207.02374,47.869965,23.74382,0.8514925,-1,-1,-1
177,11757,729.2756,234.68024,51.447754,24.871063,0.50003004,-1,-1,-1
177,11759,846.58246,221.45856,47.63513,22.494858,0.7886496,-1,-1,-1
177,11706,235.37843,266.7596,72.29561,30.863953,0.7789421,-1,-1,-1
177,11768,204.11423,329.8099,77.273926,35.06659,0.61995876,-1,-1,-1
177,11752,339.8872,284.59195,70.27872,29.46759,0.79897463,-1,-1,-1
177,11758,366.28812,302.38083,67.68286,30.932495,0.8169333,-1,-1,-1
177,11687,866.55426,254.2427,65.659485,39.54886,0.36556306,-1,-1,-1
177,11789,903.5203,238.4482,42.11609,19.54628,0.63362193,-1,-1,-1
177,11728,686.45764,204.02676,43.979797,24.521866,0.4853321,-1,-1,-1
177,11777,191.86044,305.85864,70.80832,32.44992,0.5973457,-1,-1,-1
177,11791,912.2899,209.91792,42.75287,19.9449,0.7019861,-1,-1,-1
177,11802,962.4884,219.83472,46.247314,24.37851,0.7764618,-1,-1,-1
177,11800,550.26135,374.80447,29.267761,28.768799,0.6476715,-1,-1,-1
178,11669,487.84705,166.31946,22.976501,29.065216,0.81752384,-1,-1,-1
178,11677,652.19543,273.0186,53.78296,26.668732,0.86261994,-1,-1,-1
178,11712,536.3901,235.64584,54.87433,26.155731,0.8366984,-1,-1,-1
178,11713,643.40283,309.94962,63.799744,29.39447,0.8058617,-1,-1,-1
178,11714,319.94348,259.81213,64.347046,29.126282,0.82132685,-1,-1,-1
178,11674,483.98993,53.17711,12.977783,14.733597,0.82291394,-1,-1,-1
178,11724,402.2456,254.01782,58.11734,27.816162,0.84116626,-1,-1,-1
178,11732,566.87024,290.39557,59.62567,30.13623,0.72542375,-1,-1,-1
178,11685,602.0184,221.32257,53.519104,25.312683,0.73335636,-1,-1,-1
178,11683,466.31305,207.44675,48.0224,23.832962,0.8427866,-1,-1,-1
178,11757,727.1175,236.06897,49.980896,24.079895,0.5606995,-1,-1,-1
178,11759,844.9314,221.60773,48.223267,22.856491,0.77855724,-1,-1,-1
178,11706,235.19484,267.53433,70.915726,30.091675,0.7599796,-1,-1,-1
178,11768,208.39993,329.79733,78.940796,35.769104,0.7844581,-1,-1,-1
178,11752,343.15707,284.95792,70.35239,29.63153,0.80310327,-1,-1,-1
178,11758,373.57663,302.28854,68.578705,31.160522,0.817148,-1,-1,-1
178,11687,869.53723,254.20676,66.56659,40.028503,0.36969435,-1,-1,-1
178,11789,895.1161,238.33989,42.866516,19.540878,0.653442,-1,-1,-1
178,11728,683.05475,203.89796,44.31665,24.787292,0.38713616,-1,-1,-1
178,11777,197.24713,306.1415,71.88968,32.75879,0.70226926,-1,-1,-1
178,11791,910.3069,209.86168,43.952026,20.658539,0.6838345,-1,-1,-1
178,11802,961.35925,219.86502,47.02307,24.609848,0.7797642,-1,-1,-1
178,11800,549.02234,375.61584,29.275574,28.686798,0.6320382,-1,-1,-1
179,11669,487.70605,166.43117,23.00357,29.052109,0.8202189,-1,-1,-1
179,11677,655.8274,273.12195,53.747314,26.51123,0.87056863,-1,-1,-1
179,11712,533.15826,235.82722,55.29724,26.324783,0.8246348,-1,-1,-1
179,11713,648.21185,310.06412,63.042236,28.97403,0.82555866,-1,-1,-1
179,11714,319.66718,260.1164,64.31534,29.271301,0.8338152,-1,-1,-1
179,11674,483.73877,52.733837,12.794739,14.56863,0.8134133,-1,-1,-1
179,11724,402.3559,254.41153,57.87549,27.637695,0.8435468,-1,-1,-1
179,11732,571.0879,290.67877,59.577393,29.903381,0.7356233,-1,-1,-1
179,11685,600.6974,221.36479,53.01306,25.275696,0.7762785,-1,-1,-1
179,11683,462.00333,207.87999,48.068726,23.842636,0.8732481,-1,-1,-1
179,11757,723.45776,236.42625,49.4494,23.698837,0.5860202,-1,-1,-1
179,11759,843.29266,221.59503,47.450012,22.550278,0.80585337,-1,-1,-1
179,11706,234.43346,268.25653,70.307205,29.693115,0.78878045,-1,-1,-1
179,11768,213.08376,330.02322,78.88255,35.79663,0.7397799,-1,-1,-1
179,11752,347.30573,284.99524,70.09863,29.647247,0.7819182,-1,-1,-1
179,11758,379.86942,302.26624,68.384,30.952332,0.8325196,-1,-1,-1
179,11687,872.74274,254.30574,67.95062,40.756027,0.33298916,-1,-1,-1
179,11789,891.4154,238.37598,41.581238,18.471619,0.63125783,-1,-1,-1
179,11728,680.0861,204.11313,44.725403,25.113785,0.54691446,-1,-1,-1
179,11777,203.34615,306.29398,70.524826,31.96051,0.42459467,-1,-1,-1
179,11791,908.189,209.88512,44.053284,20.748123,0.6585415,-1,-1,-1
179,11802,960.5623,219.94827,47.401367,24.585876,0.7972407,-1,-1,-1
179,11800,547.9827,376.74173,29.11084,28.417328,0.5412497,-1,-1,-1
179,11744,729.8097,224.72566,53.976013,21.25142,0.2804905,-1,-1,-1
180,11669,487.57635,166.32578,23.123383,29.187378,0.80782926,-1,-1,-1
180,11677,659.7472,273.03046,53.99768,26.511658,0.85973024,-1,-1,-1
180,11712,529.0861,235.62825,55.663208,26.567245,0.8366214,-1,-1,-1
180,11713,651.6913,310.0414,62.885803,28.819366,0.8285005,-1,-1,-1
180,11714,319.605,260.35043,64.013306,29.30011,0.8245828,-1,-1,-1
180,11674,483.7725,52.349846,12.570068,14.291801,0.8149637,-1,-1,-1
180,11724,402.48972,254.54367,57.52716,27.399689,0.84409827,-1,-1,-1
180,11732,575.70654,290.75784,60.364014,30.000458,0.7956559,-1,-1,-1
180,11685,599.541,221.27148,51.993652,25.085144,0.7044799,-1,-1,-1
180,11683,457.19843,207.71356,48.545593,24.07988,0.85733753,-1,-1,-1
180,11757,719.606,235.72849,50.80957,24.360565,0.62270045,-1,-1,-1
180,11759,841.5392,221.49031,46.806213,22.371597,0.80775124,-1,-1,-1
180,11706,233.66907,268.31744,71.00589,29.963135,0.81742865,-1,-1,-1
180,11768,218.74431,330.3005,78.44435,35.57434,0.7555771,-1,-1,-1
180,11752,351.79388,284.853,70.2514,29.841797,0.79498386,-1,-1,-1
180,11758,383.2681,302.29663,67.63492,30.616455,0.8073478,-1,-1,-1
180,11687,874.2922,251.3479,72.98041,44.014038,0.35739273,-1,-1,-1
180,11789,889.1317,238.11267,40.778625,17.63945,0.5166813,-1,-1,-1
180,11728,677.3014,204.02568,44.90741,25.210602,0.5745931,-1,-1,-1
180,11777,208.88771,305.98828,70.04747,31.393799,0.6041275,-1,-1,-1
180,11791,905.58435,209.78679,43.484253,20.504028,0.35271546,-1,-1,-1
180,11802,959.36664,219.58842,48.8136,25.00888,0.7875544,-1,-1,-1
180,11800,546.13293,377.43512,28.960083,28.171265,0.43626735,-1,-1,-1
180,11744,725.979,225.01508,55.319214,21.447205,0.28089947,-1,-1,-1
180,11690,202.85843,242.25534,65.13507,28.420166,0.30802536,-1,-1,-1
180,11794,57.20671,291.85794,75.90196,37.76013,0.5701687,-1,-1,-1
181,11669,487.45853,166.11758,23.28534,29.397842,0.8090975,-1,-1,-1
181,11677,663.5137,272.99377,54.324524,26.535248,0.8531741,-1,-1,-1
181,11712,525.1856,235.48192,56.298462,26.904709,0.82142144,-1,-1,-1
181,11713,655.49854,310.03442,62.582703,28.67517,0.8443064,-1,-1,-1
181,11714,319.37952,260.33844,63.76407,29.329468,0.8201777,-1,-1,-1
181,11674,483.60788,51.477924,12.474304,14.159298,0.80484384,-1,-1,-1
181,11724,402.47086,254.44296,57.531982,27.336853,0.84774417,-1,-1,-1
181,11732,579.3461,290.4502,60.832336,30.103363,0.8182294,-1,-1,-1
181,11685,595.4532,220.87268,51.83429,25.006042,0.74317527,-1,-1,-1
181,11683,453.28027,207.58795,48.638153,24.108536,0.8470046,-1,-1,-1
181,11757,716.8014,235.37679,51.220642,24.526688,0.42169133,-1,-1,-1
181,11759,840.17004,221.40613,46.31848,22.131302,0.7919669,-1,-1,-1
181,11706,232.84613,268.0863,71.52249,30.228607,0.85364246,-1,-1,-1
181,11768,222.87953,329.74677,79.17171,35.889587,0.8109937,-1,-1,-1
181,11752,355.82004,284.4825,70.2182,29.930267,0.8123748,-1,-1,-1
181,11758,386.1451,302.11084,66.0564,30.018707,0.82302064,-1,-1,-1
181,11687,876.6017,249.69267,74.21948,44.922287,0.61336887,-1,-1,-1
181,11789,886.55237,238.02173,40.498596,17.118912,0.5367222,-1,-1,-1
181,11728,674.4393,203.99101,44.5802,25.09021,0.6434763,-1,-1,-1
181,11777,216.01057,305.7404,69.149704,30.71814,0.5713292,-1,-1,-1
181,11791,903.6586,209.50511,43.60144,20.552063,0.5100345,-1,-1,-1
181,11802,957.56604,219.31685,49.344788,24.98735,0.76857984,-1,-1,-1
181,11800,544.2741,377.94354,29.173096,28.251465,0.7010456,-1,-1,-1
181,11690,195.87613,242.44627,65.54953,28.369553,0.58090985,-1,-1,-1
181,11794,60.857784,291.5913,76.93565,37.829437,0.7557926,-1,-1,-1
182,11669,487.4577,165.84627,23.299072,29.408829,0.8227587,-1,-1,-1
182,11677,667.2383,272.8682,54.392883,26.45578,0.86086947,-1,-1,-1
182,11712,521.8356,235.21742,56.340576,26.94899,0.835117,-1,-1,-1
182,11713,659.31915,309.56573,63.218445,28.888031,0.822212,-1,-1,-1
182,11714,318.7119,260.21008,63.727448,29.424927,0.81515855,-1,-1,-1
182,11674,483.47748,50.804256,12.378601,14.001545,0.808982,-1,-1,-1
182,11724,402.21964,254.1461,57.74875,27.387772,0.8504572,-1,-1,-1
182,11732,582.6999,290.2266,60.16931,29.72638,0.82299286,-1,-1,-1
182,11685,593.42676,220.94643,52.306152,25.443497,0.75251836,-1,-1,-1
182,11683,448.7808,206.91031,49.37021,24.476715,0.8327395,-1,-1,-1
182,11757,714.15826,236.08249,50.25879,24.023743,0.3266102,-1,-1,-1
182,11759,838.48376,221.11032,46.3808,22.205185,0.7826766,-1,-1,-1
182,11706,232.28052,267.8324,71.99518,30.434326,0.8309374,-1,-1,-1
182,11768,227.54826,329.443,80.03346,36.33487,0.8066098,-1,-1,-1
182,11752,360.83398,284.2027,69.50882,29.670013,0.8094624,-1,-1,-1
182,11758,390.3048,302.22263,64.305664,29.378723,0.8126467,-1,-1,-1
182,11687,880.162,250.1668,73.10242,44.26274,0.5215316,-1,-1,-1
182,11728,671.6009,203.69435,44.821716,25.217117,0.6631464,-1,-1,-1
182,11777,222.61261,305.32605,67.78082,29.812439,0.55133075,-1,-1,-1
182,11791,901.1498,208.83345,44.77765,21.162994,0.41481853,-1,-1,-1
182,11802,955.39276,218.6791,50.7193,25.401062,0.7226948,-1,-1,-1
182,11800,542.6007,377.6891,29.560303,28.513336,0.6612625,-1,-1,-1
182,11690,188.74055,242.37181,67.648605,29.273117,0.7315046,-1,-1,-1
182,11794,64.222206,291.4935,78.04534,38.15753,0.7276543,-1,-1,-1
183,11669,487.11493,165.3551,23.495087,29.706589,0.8143618,-1,-1,-1
183,11677,671.21655,272.63983,54.34149,26.3096,0.8568411,-1,-1,-1
183,11712,517.7944,234.77977,56.42816,27.040817,0.8405493,-1,-1,-1
183,11713,663.38745,309.68265,63.283875,28.918762,0.83343,-1,-1,-1
183,11714,318.5182,260.17087,63.489777,29.428467,0.82322156,-1,-1,-1
183,11674,483.24857,50.000774,12.537506,14.12196,0.81440395,-1,-1,-1
183,11724,401.91385,253.89111,57.850006,27.406647,0.8535498,-1,-1,-1
183,11732,585.3878,289.99744,59.40387,29.448822,0.8037294,-1,-1,-1
183,11685,591.23486,220.5844,51.535034,25.309479,0.7805968,-1,-1,-1
183,11683,444.48657,206.76886,49.216278,24.373138,0.844305,-1,-1,-1
183,11757,710.97485,235.04941,51.29608,24.437927,0.50095177,-1,-1,-1
183,11759,836.8271,220.5695,46.664734,22.319336,0.7974071,-1,-1,-1
183,11706,231.64336,267.6702,71.405075,30.152954,0.84115565,-1,-1,-1
183,11768,232.13374,329.00098,80.31624,36.501465,0.8156852,-1,-1,-1
183,11752,364.83273,283.77658,70.135254,30.087555,0.8218638,-1,-1,-1
183,11758,394.9593,301.82602,64.121735,29.529846,0.83959067,-1,-1,-1
183,11687,882.4537,248.60822,75.89508,46.08487,0.57231855,-1,-1,-1
183,11728,668.57806,203.21321,45.245483,25.48558,0.7749262,-1,-1,-1
183,11777,229.34464,305.1005,66.563385,28.990784,0.7140236,-1,-1,-1
183,11791,899.3679,208.12665,44.88855,21.203186,0.5352348,-1,-1,-1
183,11802,953.3622,218.18433,52.21942,25.92215,0.748226,-1,-1,-1
183,11800,540.9585,378.14438,29.467285,28.263031,0.61294425,-1,-1,-1
183,11690,182.85286,242.07767,68.635544,29.787628,0.7649396,-1,-1,-1
183,11794,68.17044,291.62943,77.72812,37.839813,0.6891461,-1,-1,-1
183,11789,877.7248,235.97693,48.714417,20.520538,0.6625909,-1,-1,-1
184,11669,487.0937,164.74342,23.520233,29.789856,0.815503,-1,-1,-1
184,11677,675.431,272.474,54.37854,26.233948,0.8514588,-1,-1,-1
184,11712,514.20856,234.56679,56.32953,27.032364,0.83460945,-1,-1,-1
184,11713,667.0575,309.28268,62.955017,28.716766,0.83996266,-1,-1,-1
184,11714,317.55255,259.95718,63.56128,29.566345,0.8264477,-1,-1,-1
184,11674,482.88992,49.090977,12.412994,13.922543,0.8162329,-1,-1,-1
184,11724,401.78897,253.80658,57.682495,27.285583,0.85523903,-1,-1,-1
184,11732,588.1294,289.55997,58.83136,29.392426,0.78475547,-1,-1,-1
184,11685,588.8154,219.92401,51.58197,25.634766,0.769106,-1,-1,-1
184,11683,439.69168,206.40381,50.08316,24.815735,0.83832175,-1,-1,-1
184,11757,707.4408,234.55144,51.51996,24.507309,0.68196696,-1,-1,-1
184,11759,835.0255,220.32043,46.646606,22.323196,0.8210817,-1,-1,-1
184,11706,230.5853,267.70575,71.44293,30.038452,0.83993745,-1,-1,-1
184,11768,236.73625,328.84097,80.01503,36.358,0.81570774,-1,-1,-1
184,11752,368.47705,283.32138,70.167114,30.248169,0.8309816,-1,-1,-1
184,11758,400.3614,301.1142,65.21466,29.997131,0.80071664,-1,-1,-1
184,11687,886.1042,247.98083,76.5636,46.65628,0.7252068,-1,-1,-1
184,11728,665.001,202.6753,45.83893,25.83731,0.6968542,-1,-1,-1
184,11777,235.69933,304.9661,65.3159,28.121399,0.7479899,-1,-1,-1
184,11791,897.34125,207.60162,45.424866,21.454712,0.70715785,-1,-1,-1
184,11802,950.4009,217.73257,52.451477,25.95694,0.7938389,-1,-1,-1
184,11800,538.8492,378.21356,30.081543,28.757843,0.686308,-1,-1,-1
184,11690,177.14241,242.02893,69.54881,30.317139,0.76293725,-1,-1,-1
184,11789,873.9058,235.18091,51.664856,21.712189,0.40314868,-1,-1,-1
184,11711,520.61865,111.75257,22.80603,18.948357,0.41760314,-1,-1,-1
185,11669,486.7808,164.13489,23.59732,29.922577,0.8310421,-1,-1,-1
185,11677,678.9524,272.31232,54.09131,26.013794,0.8533026,-1,-1,-1
185,11712,510.8346,234.42342,56.53302,27.140823,0.83441347,-1,-1,-1
185,11713,670.3209,308.43216,64.18817,29.335815,0.8394636,-1,-1,-1
185,11714,316.74756,259.57883,63.91046,29.845856,0.8276376,-1,-1,-1
185,11674,482.49796,47.730034,12.563477,14.060173,0.81201077,-1,-1,-1
185,11724,401.61487,253.57098,57.41458,27.107544,0.86019266,-1,-1,-1
185,11732,591.8315,289.3943,57.674805,29.002838,0.78458434,-1,-1,-1
185,11685,585.6432,219.43694,51.360474,25.716873,0.77187204,-1,-1,-1
185,11683,434.7927,205.91502,50.585724,25.074234,0.8385902,-1,-1,-1
185,11757,704.51605,234.08826,52.00769,24.622162,0.74369085,-1,-1,-1
185,11759,833.4983,219.88504,46.51233,22.182465,0.79894876,-1,-1,-1
185,11706,229.97594,267.68628,71.714554,30.035522,0.8497426,-1,-1,-1
185,11768,242.12747,328.78186,79.63846,36.198303,0.8316679,-1,-1,-1
185,11752,372.78906,283.25,68.266235,29.540314,0.8156074,-1,-1,-1
185,11758,404.2178,300.38394,66.77609,30.798584,0.8239913,-1,-1,-1
185,11687,891.78394,248.14915,74.80817,45.873,0.7049221,-1,-1,-1
185,11728,662.41205,202.40662,45.27881,25.524826,0.80702704,-1,-1,-1
185,11777,241.73236,304.60794,65.23099,27.838715,0.77420664,-1,-1,-1
185,11791,895.1748,207.04591,45.569275,21.516647,0.78974664,-1,-1,-1
185,11802,947.9629,217.4946,51.883484,25.661484,0.80201787,-1,-1,-1
185,11800,537.0664,378.13306,30.10498,28.746368,0.76576716,-1,-1,-1
185,11690,171.17894,241.51633,71.47624,31.27304,0.76895595,-1,-1,-1
185,11789,870.7202,234.84308,53.76465,22.577087,0.36821765,-1,-1,-1
185,11711,520.64056,110.89471,21.969482,18.785103,0.40518874,-1,-1,-1
185,11744,708.7072,223.20822,62.985657,23.99997,0.45681792,-1,-1,-1
185,11794,78.58443,290.97107,75.18205,36.247833,0.46531036,-1,-1,-1
186,11669,486.4986,163.65247,23.564606,29.963303,0.8314859,-1,-1,-1
186,11677,682.711,271.85202,54.200073,25.937653,0.8524226,-1,-1,-1
186,11712,506.97208,234.15039,56.76114,27.28299,0.8394599,-1,-1,-1
186,11713,674.29596,308.29282,64.12903,29.334229,0.8358024,-1,-1,-1
186,11714,316.0284,259.14203,64.42108,30.20755,0.82994205,-1,-1,-1
186,11674,482.33368,46.505085,12.363556,13.824867,0.7891883,-1,-1,-1
186,11724,401.44543,253.2701,57.42517,27.077164,0.86702687,-1,-1,-1
186,11732,595.56445,289.069,55.428894,28.134918,0.64160025,-1,-1,-1
186,11685,582.69867,219.07704,51.704895,26.058792,0.78772044,-1,-1,-1
186,11683,430.29733,205.40569,50.757843,25.218994,0.8377666,-1,-1,-1
186,11757,701.0966,233.54169,52.50891,24.874054,0.7782141,-1,-1,-1
186,11759,831.6671,219.74509,46.79541,22.250412,0.8223877,-1,-1,-1
186,11706,229.08609,267.3731,72.59845,30.292725,0.85266805,-1,-1,-1
186,11768,246.72047,328.34302,80.03517,36.420837,0.8231891,-1,-1,-1
186,11752,377.52448,283.02438,67.175964,29.179504,0.80918115,-1,-1,-1
186,11758,410.24155,300.82758,64.12982,29.48111,0.8238963,-1,-1,-1
186,11687,895.936,247.9007,74.1449,45.562378,0.6817363,-1,-1,-1
186,11728,659.18866,202.3369,45.09601,25.397964,0.8212808,-1,-1,-1
186,11777,245.25626,304.1249,67.253296,28.62613,0.82138616,-1,-1,-1
186,11791,893.15497,206.45085,45.608276,21.508652,0.84289014,-1,-1,-1
186,11802,945.6463,216.73628,52.509705,25.993912,0.80173826,-1,-1,-1
186,11800,535.13605,378.17648,30.286499,28.86206,0.6832377,-1,-1,-1
186,11690,165.8973,241.49928,71.564804,31.342575,0.60531545,-1,-1,-1
186,11789,866.92615,234.23907,55.41461,23.4122,0.76174814,-1,-1,-1
186,11711,520.3071,109.84446,21.53357,18.696602,0.65488845,-1,-1,-1
186,11794,81.000694,290.37,77.57273,37.312744,0.6338553,-1,-1,-1
187,11669,486.80447,163.13176,23.454285,29.865997,0.83530325,-1,-1,-1
187,11677,687.076,271.5899,54.440125,25.920532,0.8478892,-1,-1,-1
187,11712,503.61783,233.71883,56.134613,26.983444,0.83404446,-1,-1,-1
187,11713,678.6306,308.1385,63.162964,28.847504,0.83614707,-1,-1,-1
187,11714,315.72867,258.86362,64.405945,30.282593,0.8325342,-1,-1,-1
187,11674,482.2017,45.23037,12.334503,13.800293,0.8078392,-1,-1,-1
187,11724,401.17047,252.94519,57.85904,27.265442,0.8698461,-1,-1,-1
187,11732,602.07117,288.49493,54.90143,27.76239,0.46002474,-1,-1,-1
187,11685,578.9034,218.4251,52.442566,26.564072,0.7805883,-1,-1,-1
187,11683,426.02072,204.93954,50.964386,25.339264,0.8462688,-1,-1,-1
187,11757,697.38696,232.9405,53.13806,25.11763,0.7219563,-1,-1,-1
187,11759,829.93475,219.47336,46.954834,22.22461,0.7983182,-1,-1,-1
187,11706,228.46597,267.08444,73.70758,30.70758,0.8588124,-1,-1,-1
187,11768,251.60066,328.16763,79.82643,36.431244,0.84626025,-1,-1,-1
187,11752,381.44635,282.47427,68.42786,29.76535,0.8229672,-1,-1,-1
187,11758,415.801,300.51764,63.263092,29.020752,0.8099737,-1,-1,-1
187,11687,899.70795,247.22165,74.818054,46.140625,0.76004,-1,-1,-1
187,11728,656.6324,202.0818,44.897095,25.309525,0.82198393,-1,-1,-1
187,11777,250.284,303.85208,67.61096,28.636292,0.81459236,-1,-1,-1
187,11791,890.68317,205.75534,46.085266,21.776428,0.7999031,-1,-1,-1
187,11802,943.78326,216.06357,52.933533,26.21553,0.8136928,-1,-1,-1
187,11800,533.13763,378.58783,30.146606,28.724823,0.7209592,-1,-1,-1
187,11690,160.30597,241.30008,71.58345,31.505188,0.53375846,-1,-1,-1
187,11789,863.4249,233.53477,55.36566,23.543808,0.78309256,-1,-1,-1
187,11711,520.27423,108.92846,20.899109,18.337738,0.4973544,-1,-1,-1
187,11794,85.00658,290.10895,75.42607,35.772095,0.5856247,-1,-1,-1
188,11669,486.69263,162.49551,23.470612,29.877441,0.8290534,-1,-1,-1
188,11677,690.6792,271.31326,54.444153,25.902283,0.84944075,-1,-1,-1
188,11712,499.61432,233.40358,56.18219,26.976791,0.8328618,-1,-1,-1
188,11713,681.50244,306.68265,65.05133,29.820496,0.8613741,-1,-1,-1
188,11714,315.28714,258.6313,64.59219,30.465088,0.83148444,-1,-1,-1
188,11674,481.9504,43.770866,12.68396,14.189068,0.79465026,-1,-1,-1
188,11724,400.94855,252.73692,58.023285,27.313553,0.8628567,-1,-1,-1
188,11732,606.5762,288.01602,55.605347,27.952118,0.5569357,-1,-1,-1
188,11685,576.1706,217.37958,51.783752,26.265747,0.7604608,-1,-1,-1
188,11683,420.6586,204.46014,51.850952,25.770966,0.85122466,-1,-1,-1
188,11757,693.07654,231.73811,54.10614,25.65303,0.77306265,-1,-1,-1
188,11759,828.40485,219.42374,46.15985,21.749466,0.79923445,-1,-1,-1
188,11706,227.90521,266.84857,74.76416,31.209564,0.8631745,-1,-1,-1
188,11768,257.15338,328.1654,79.019104,36.104828,0.8159651,-1,-1,-1
188,11752,385.47992,281.90216,69.29385,30.148987,0.8116266,-1,-1,-1
188,11758,420.27902,299.77066,64.36966,29.497284,0.79602164,-1,-1,-1
188,11687,902.6397,247.02612,75.25061,46.701477,0.7637941,-1,-1,-1
188,11728,653.44653,201.82684,45.15851,25.4906,0.82991856,-1,-1,-1
188,11777,254.3226,303.3878,68.719055,29.064209,0.8035754,-1,-1,-1
188,11791,888.4563,205.37944,46.006958,21.712585,0.82173485,-1,-1,-1
188,11802,942.33966,215.5832,52.735962,26.133667,0.8133913,-1,-1,-1
188,11800,530.8189,378.91394,31.153809,29.635742,0.6279278,-1,-1,-1
188,11690,154.54266,241.32364,72.130066,31.873505,0.27141047,-1,-1,-1
188,11789,860.5306,233.2435,55.348083,23.61502,0.822916,-1,-1,-1
188,11711,520.1332,107.65221,20.647827,18.352425,0.7161275,-1,-1,-1
188,11794,90.19892,289.8652,74.58544,35.027832,0.3808264,-1,-1,-1
189,11669,486.29877,161.71506,23.675323,30.11676,0.82221866,-1,-1,-1
189,11677,694.61597,270.90894,54.131958,25.754456,0.8492063,-1,-1,-1
189,11712,495.93774,233.11789,56.230286,26.995728,0.8404862,-1,-1,-1
189,11713,685.93396,306.42758,65.01904,29.907684,0.850982,-1,-1,-1
189,11714,314.5596,258.29886,65.02649,30.773163,0.83112013,-1,-1,-1
189,11674,481.48886,42.21068,12.999603,14.518711,0.79827595,-1,-1,-1
189,11724,400.60608,252.23918,58.42929,27.51387,0.8570531,-1,-1,-1
189,11732,612.04285,287.73776,55.161682,27.512848,0.73390466,-1,-1,-1
189,11685,573.3108,216.93283,51.64685,26.191437,0.75471234,-1,-1,-1
189,11683,416.03568,203.88643,52.104126,25.942612,0.8440619,-1,-1,-1
189,11757,689.7356,231.20883,54.199585,25.715271,0.73943347,-1,-1,-1
189,11759,826.4533,219.02637,46.328064,21.78038,0.79340655,-1,-1,-1
189,11706,227.08083,266.6258,75.446,31.599579,0.8693459,-1,-1,-1
189,11768,261.97662,328.0351,78.71945,35.951355,0.8440395,-1,-1,-1
189,11752,388.42444,281.14316,70.28766,30.69696,0.80026305,-1,-1,-1
189,11758,422.5366,298.9869,66.1254,30.199219,0.8125203,-1,-1,-1
189,11687,906.9663,246.84338,74.336426,46.34491,0.73819643,-1,-1,-1
189,11728,650.5901,201.79292,44.742065,25.249695,0.8267125,-1,-1,-1
189,11777,259.5941,303.3646,68.60986,28.820404,0.78789103,-1,-1,-1
189,11791,885.9935,204.63141,46.80597,22.098877,0.82624763,-1,-1,-1
189,11802,940.1533,214.82442,53.66095,26.68393,0.8208665,-1,-1,-1
189,11800,528.90356,378.99075,31.203491,29.776123,0.6769301,-1,-1,-1
189,11789,857.42126,232.43495,56.81189,24.471207,0.83490044,-1,-1,-1
189,11711,519.5257,106.37849,20.427307,18.405663,0.7299317,-1,-1,-1
190,11669,485.93256,161.10056,23.789734,30.235931,0.8201945,-1,-1,-1
190,11677,698.69165,270.65527,53.7854,25.593903,0.84309745,-1,-1,-1
190,11712,492.18716,232.82831,56.845856,27.276917,0.8420582,-1,-1,-1
190,11713,690.06244,305.92813,64.98041,29.86377,0.8325812,-1,-1,-1
190,11714,314.31638,257.9631,64.92172,30.830841,0.8345942,-1,-1,-1
190,11674,481.12823,41.014374,12.953705,14.46347,0.7828232,-1,-1,-1
190,11724,400.26315,251.88399,58.63507,27.62587,0.8592033,-1,-1,-1
190,11732,616.7955,287.1209,54.644775,27.018799,0.7216826,-1,-1,-1
190,11685,570.4661,216.64522,51.12494,25.911942,0.7841028,-1,-1,-1
190,11683,411.26862,203.26212,52.444794,26.150116,0.8456968,-1,-1,-1
190,11757,686.3016,230.22375,54.76288,26.106812,0.6606382,-1,-1,-1
190,11759,824.2578,218.87538,45.800842,21.478455,0.81062716,-1,-1,-1
190,11706,225.75749,266.22818,76.8524,32.270752,0.87979317,-1,-1,-1
190,11768,266.51013,327.43668,79.07623,36.230377,0.85059994,-1,-1,-1
190,11752,392.09656,280.3102,71.22931,31.264465,0.8038835,-1,-1,-1
190,11758,427.15344,298.88626,67.5809,30.936249,0.81587946,-1,-1,-1
190,11687,910.5132,246.44897,74.5105,46.772186,0.62689155,-1,-1,-1
190,11728,647.85913,201.59468,44.493835,25.083908,0.8134411,-1,-1,-1
190,11777,265.90475,303.17352,68.541595,28.650269,0.79135233,-1,-1,-1
190,11791,883.81433,204.37123,46.743042,22.06897,0.8422353,-1,-1,-1
190,11802,938.5816,214.24066,53.821777,26.829224,0.850831,-1,-1,-1
190,11800,527.2063,379.31696,31.024109,29.632538,0.5753606,-1,-1,-1
190,11789,855.1179,232.37917,56.482605,24.490189,0.8623596,-1,-1,-1
190,11711,519.21295,105.14955,20.065979,18.323456,0.782503,-1,-1,-1
190,11744,687.0654,224.8338,77.41583,29.802017,0.36849225,-1,-1,-1
191,11669,485.83707,160.52904,23.837189,30.24553,0.8261298,-1,-1,-1
191,11677,702.4991,270.18472,54.3667,25.914246,0.8467147,-1,-1,-1
191,11712,488.14172,232.64894,56.72711,27.224289,0.8421886,-1,-1,-1
191,11713,694.6683,305.6594,65.10425,29.875092,0.8219406,-1,-1,-1
191,11714,313.95145,257.57397,64.725586,30.823425,0.8323405,-1,-1,-1
191,11674,480.83118,40.11684,12.710876,14.179298,0.7824752,-1,-1,-1
191,11724,399.96756,251.64153,58.623352,27.626602,0.8574473,-1,-1,-1
191,11732,620.19324,286.43933,54.561096,26.818573,0.74972624,-1,-1,-1
191,11685,567.8584,216.72807,49.916748,25.227097,0.80192506,-1,-1,-1
191,11683,406.27734,202.94313,52.73398,26.38832,0.857581,-1,-1,-1
191,11757,683.2795,230.63075,54.194702,25.840073,0.63256437,-1,-1,-1
191,11759,822.9044,218.70636,45.275513,21.143204,0.8047123,-1,-1,-1
191,11706,225.51588,265.96115,76.61113,32.288025,0.8660589,-1,-1,-1
191,11768,271.15848,327.07126,79.151245,36.36267,0.8489593,-1,-1,-1
191,11752,395.6022,279.69687,72.58917,32.152893,0.7604393,-1,-1,-1
191,11758,432.8535,298.37735,67.85828,31.214417,0.77398086,-1,-1,-1
191,11687,915.2155,246.44711,73.05841,45.946686,0.33075273,-1,-1,-1
191,11728,644.6271,201.12097,44.54077,25.102615,0.82124287,-1,-1,-1
191,11777,271.44727,302.79913,67.65311,28.124878,0.79351467,-1,-1,-1
191,11791,881.2904,204.01488,46.326965,21.883667,0.8314644,-1,-1,-1
191,11802,937.5717,214.0857,52.961853,26.366623,0.8391853,-1,-1,-1
191,11800,525.38074,379.7282,31.00885,29.54898,0.60718787,-1,-1,-1
191,11789,852.6791,232.15529,56.67511,24.677414,0.85580957,-1,-1,-1
191,11711,518.7982,104.06458,19.654541,18.159668,0.7743615,-1,-1,-1
192,11669,485.6665,160.03181,23.923645,30.361069,0.8325042,-1,-1,-1
192,11677,706.8044,269.9517,53.746643,25.597595,0.8401103,-1,-1,-1
192,11712,484.1584,232.281,57.49353,27.607513,0.85066885,-1,-1,-1
192,11713,698.54785,305.30444,65.05127,29.876953,0.83128893,-1,-1,-1
192,11714,313.22723,257.4706,64.189514,30.579498,0.8475043,-1,-1,-1
192,11674,480.7023,39.037132,12.658447,14.085804,0.79700434,-1,-1,-1
192,11724,399.27765,251.44373,59.059113,27.824738,0.8612757,-1,-1,-1
192,11732,624.351,286.30878,56.258728,27.454681,0.76851845,-1,-1,-1
192,11685,564.3577,216.82053,49.937927,25.241165,0.8141497,-1,-1,-1
192,11683,401.53613,202.582,52.517975,26.304031,0.84034014,-1,-1,-1
192,11757,679.55444,229.99113,54.775085,26.216629,0.7505228,-1,-1,-1
192,11759,821.2075,217.99614,45.449646,21.15889,0.7978375,-1,-1,-1
192,11706,225.18884,265.95547,75.594666,31.93637,0.85006845,-1,-1,-1
192,11768,276.45413,326.64325,78.6741,36.236237,0.8358389,-1,-1,-1
192,11752,399.48468,279.3007,73.56113,32.848297,0.7830538,-1,-1,-1
192,11758,437.11667,297.6822,68.70645,31.729797,0.7994625,-1,-1,-1
192,11687,918.864,246.16261,72.25665,45.36119,0.7967435,-1,-1,-1
192,11728,641.39954,200.617,44.512512,25.07222,0.8136751,-1,-1,-1
192,11777,277.04434,302.45627,68.105774,28.137085,0.7591752,-1,-1,-1
192,11791,879.0209,203.65404,45.11737,21.293335,0.8211203,-1,-1,-1
192,11802,936.2351,213.796,52.657227,26.195374,0.824645,-1,-1,-1
192,11800,523.1194,379.39142,31.058838,29.691254,0.48489478,-1,-1,-1
192,11789,850.5273,231.86754,56.096375,24.402206,0.8559727,-1,-1,-1
192,11711,518.4547,102.652374,19.492981,18.219437,0.779013,-1,-1,-1
193,11669,485.49316,159.66197,23.933899,30.345901,0.831425,-1,-1,-1
193,11677,711.4331,269.67227,53.15851,25.358154,0.8386764,-1,-1,-1
193,11712,480.4408,231.92694,58.22412,27.925201,0.8394905,-1,-1,-1
193,11713,702.6489,304.8148,65.463806,30.076447,0.8308244,-1,-1,-1
193,11714,313.1315,257.36545,63.680725,30.289612,0.842145,-1,-1,-1
193,11674,480.37683,38.16687,12.669922,14.069309,0.79050255,-1,-1,-1
193,11724,399.22586,251.23279,58.783905,27.696228,0.8502094,-1,-1,-1
193,11732,628.3062,285.9278,57.74298,28.090424,0.7722782,-1,-1,-1
193,11685,560.84674,216.60353,50.42627,25.549026,0.81171477,-1,-1,-1
193,11683,396.35052,202.23969,52.731506,26.430405,0.8356607,-1,-1,-1
193,11757,676.0202,228.90106,56.508728,27.156586,0.58111525,-1,-1,-1
193,11759,819.5626,217.78018,45.02484,20.896393,0.8039051,-1,-1,-1
193,11706,224.92198,265.69916,75.27638,31.85965,0.82592165,-1,-1,-1
193,11768,281.58676,326.29092,79.032715,36.476013,0.8365247,-1,-1,-1
193,11752,403.98303,279.03833,73.83823,33.160095,0.78935707,-1,-1,-1
193,11758,439.81754,297.24924,69.61731,32.11966,0.7537114,-1,-1,-1
193,11687,922.8312,245.93259,71.01691,44.456696,0.8604368,-1,-1,-1
193,11728,638.3094,200.009,44.778076,25.241058,0.8272409,-1,-1,-1
193,11777,281.99954,302.1113,68.7182,28.237,0.79503095,-1,-1,-1
193,11791,877.18445,203.0806,44.794556,21.142288,0.8135412,-1,-1,-1
193,11802,935.0798,213.7573,51.908203,25.760391,0.8382002,-1,-1,-1
193,11789,848.8254,231.76443,55.31653,23.96756,0.84898174,-1,-1,-1
193,11711,517.8662,101.40785,19.16394,17.997673,0.6714948,-1,-1,-1
194,11669,485.08582,158.98122,24.026855,30.489105,0.8401588,-1,-1,-1
194,11677,714.7562,269.31488,53.61609,25.560455,0.83711165,-1,-1,-1
194,11712,476.3084,231.77423,58.302795,27.947784,0.8360255,-1,-1,-1
194,11713,706.3412,304.5076,65.61902,30.18811,0.8255276,-1,-1,-1
194,11714,312.91803,257.10684,63.795837,30.327393,0.82738405,-1,-1,-1
194,11674,480.17633,37.031654,12.452362,13.810028,0.7858499,-1,-1,-1
194,11724,399.19342,251.05678,58.86154,27.73616,0.861703,-1,-1,-1
194,11732,631.5422,285.32288,59.55017,29.003387,0.5724355,-1,-1,-1
194,11685,558.0423,215.79834,51.0235,25.850098,0.81493515,-1,-1,-1
194,11683,391.81467,202.36964,52.28122,26.244873,0.8476421,-1,-1,-1
194,11757,672.25916,228.23402,57.571533,27.871017,0.29482022,-1,-1,-1
194,11759,818.3102,217.60959,44.71405,20.602936,0.7904972,-1,-1,-1
194,11706,222.54031,265.45422,76.41263,32.436188,0.8435003,-1,-1,-1
194,11768,286.37006,325.82187,79.58185,36.82422,0.84301543,-1,-1,-1
194,11752,410.13986,279.10678,69.36655,31.038025,0.78282905,-1,-1,-1
194,11758,444.3823,297.0289,68.850555,31.776123,0.6457836,-1,-1,-1
194,11687,926.08746,245.3457,72.36267,45.359802,0.8629932,-1,-1,-1
194,11728,635.10046,199.68858,44.65979,25.196716,0.81968707,-1,-1,-1
194,11777,286.6762,301.7337,68.30231,27.914642,0.80245036,-1,-1,-1
194,11791,875.2934,203.06943,44.030823,20.727661,0.8112868,-1,-1,-1
194,11802,933.8735,213.50832,51.01892,25.231613,0.832597,-1,-1,-1
194,11789,846.4358,231.57991,54.872803,23.769058,0.8460047,-1,-1,-1
194,11711,517.30383,100.007324,19.134583,18.199654,0.7875596,-1,-1,-1
194,11794,112.139946,288.01315,78.129875,36.660736,0.32040316,-1,-1,-1
194,11800,519.44745,379.65662,31.078125,29.700928,0.3696719,-1,-1,-1
195,11669,484.72952,158.34784,24.15448,30.650803,0.840292,-1,-1,-1
195,11677,719.04865,268.59793,54.727234,25.95929,0.8533323,-1,-1,-1
195,11712,472.27695,231.39204,58.561554,28.039474,0.8490108,-1,-1,-1
195,11713,710.2072,304.14273,65.883545,30.412292,0.83139884,-1,-1,-1
195,11714,312.569,256.74615,64.44849,30.670685,0.8481679,-1,-1,-1
195,11674,479.65375,35.553722,12.631592,14.020523,0.80684906,-1,-1,-1
195,11724,399.34747,250.97348,58.37738,27.467957,0.8621769,-1,-1,-1
195,11732,642.2093,285.28134,56.74353,28.165436,0.45160306,-1,-1,-1
195,11685,555.3197,215.17879,50.76239,25.689789,0.81666267,-1,-1,-1
195,11683,386.96423,202.24142,52.14148,26.140854,0.844941,-1,-1,-1
195,11757,668.71484,227.43192,58.062927,28.291122,0.26137576,-1,-1,-1
195,11759,815.8727,217.14108,44.881836,20.581757,0.7944284,-1,-1,-1
195,11706,222.30234,265.3045,75.99594,32.36978,0.83960444,-1,-1,-1
195,11768,290.93024,325.20172,79.514984,36.94983,0.85365075,-1,-1,-1
195,11752,414.18213,278.9125,67.95874,30.385468,0.8029132,-1,-1,-1
195,11758,450.27487,296.68185,68.4523,31.70105,0.78933424,-1,-1,-1
195,11687,929.99243,244.96219,72.397705,45.36261,0.86100376,-1,-1,-1
195,11728,631.684,199.34431,44.503235,25.120483,0.83458793,-1,-1,-1
195,11777,291.4197,301.28577,69.16904,28.194153,0.8243356,-1,-1,-1
195,11791,873.4673,202.84575,43.583923,20.482681,0.82047623,-1,-1,-1
195,11802,933.0079,213.04042,50.28589,24.7361,0.8255562,-1,-1,-1
195,11789,843.51465,231.20049,55.068848,23.848282,0.84832454,-1,-1,-1
195,11711,516.65674,98.87686,18.878296,18.126968,0.78653353,-1,-1,-1
195,11800,518.2585,380.19815,30.951477,29.424316,0.3613368,-1,-1,-1
196,11669,484.60077,157.80624,24.19931,30.7155,0.8435386,-1,-1,-1
196,11677,722.2808,267.95612,55.31665,26.14859,0.8372446,-1,-1,-1
196,11712,468.49887,231.09352,58.323883,27.898056,0.84115833,-1,-1,-1
196,11713,714.60974,304.0823,65.672485,30.315521,0.82832265,-1,-1,-1
196,11714,312.14392,256.63025,63.756134,30.252808,0.8251655,-1,-1,-1
196,11674,479.3136,34.343327,12.709137,14.093086,0.79443276,-1,-1,-1
196,11724,398.50067,250.15134,59.602783,28.076782,0.83915424,-1,-1,-1
196,11732,646.5156,284.718,57.635315,29.158905,0.3634718,-1,-1,-1
196,11685,551.66876,214.22023,52.398193,26.652435,0.8408103,-1,-1,-1
196,11683,382.12314,201.86124,52.42813,26.274124,0.8343689,-1,-1,-1
196,11759,813.4548,216.34764,45.687378,20.864044,0.81712216,-1,-1,-1
196,11706,222.68198,265.12564,74.32724,31.603973,0.8399469,-1,-1,-1
196,11768,295.94016,324.9008,79.006165,36.841003,0.83671856,-1,-1,-1
196,11752,417.59723,278.56934,66.44263,29.740906,0.80808437,-1,-1,-1
196,11758,455.42993,296.39914,68.510376,31.86499,0.8158289,-1,-1,-1
196,11687,933.1818,244.30862,73.50928,45.969757,0.8739024,-1,-1,-1
196,11728,628.16876,198.4995,45.598633,25.838867,0.82010996,-1,-1,-1
196,11777,297.11057,300.79306,68.85248,27.939209,0.82179475,-1,-1,-1
196,11791,870.12823,202.03828,44.592773,20.96399,0.8251401,-1,-1,-1
196,11802,931.4742,212.2214,50.44818,24.75792,0.8197894,-1,-1,-1
196,11789,840.32776,230.44986,55.4942,24.108398,0.859184,-1,-1,-1
196,11711,516.509,97.53118,18.946838,18.379547,0.7935658,-1,-1,-1
196,11800,515.8479,379.81305,31.32843,29.75058,0.35851523,-1,-1,-1
196,11794,119.62426,287.4683,78.23177,36.557617,0.4233167,-1,-1,-1
197,11669,484.6695,157.28934,24.088928,30.571854,0.8383477,-1,-1,-1
197,11677,725.40045,267.10544,56.815063,26.925812,0.82836926,-1,-1,-1
197,11712,464.29807,230.53857,58.472748,27.99002,0.84461343,-1,-1,-1
197,11713,719.002,303.5231,65.09985,30.063232,0.8386502,-1,-1,-1
197,11714,311.81427,256.3595,63.256104,29.919159,0.82640976,-1,-1,-1
197,11674,479.1602,32.965736,12.625519,14.029011,0.79569644,-1,-1,-1
197,11724,397.99878,249.65213,59.714447,28.149597,0.8348083,-1,-1,-1
197,11685,549.0852,213.83932,52.45288,26.675354,0.8314263,-1,-1,-1
197,11683,377.13336,201.61925,52.621826,26.334,0.83019125,-1,-1,-1
197,11759,811.3961,215.39273,47.039734,21.46025,0.8158209,-1,-1,-1
197,11706,222.50354,264.9554,73.90451,31.408783,0.8293806,-1,-1,-1
197,11768,301.23383,324.338,78.98529,37.03955,0.81507015,-1,-1,-1
197,11752,420.90134,278.10886,66.26807,29.658356,0.80186915,-1,-1,-1
197,11758,460.70996,296.03833,67.27124,31.383026,0.82195073,-1,-1,-1
197,11687,936.6597,243.64552,75.05994,46.997025,0.8669359,-1,-1,-1
197,11728,624.71796,197.50266,46.093384,26.220108,0.8212498,-1,-1,-1
197,11777,301.87747,299.547,70.491394,28.563416,0.8121022,-1,-1,-1
197,11791,867.9847,201.17436,44.58252,20.963745,0.8210314,-1,-1,-1
197,11802,930.2026,211.46126,50.68921,24.822235,0.8260539,-1,-1,-1
197,11789,837.55756,229.82552,55.73242,24.209,0.8597691,-1,-1,-1
197,11711,516.04736,96.23013,18.717468,18.296234,0.75620675,-1,-1,-1
197,11794,124.17471,287.37582,78.02568,36.50049,0.5381625,-1,-1,-1
198,11669,484.7367,156.78793,23.990173,30.428497,0.8269851,-1,-1,-1
198,11677,728.88837,266.6335,57.183655,27.121002,0.8437031,-1,-1,-1
198,11712,460.45908,229.91089,59.206146,28.312408,0.8382641,-1,-1,-1
198,11713,722.6964,303.16788,65.634766,30.352264,0.83219296,-1,-1,-1
198,11714,311.58386,256.08487,62.710144,29.507477,0.8321964,-1,-1,-1
198,11674,479.05838,31.80465,12.442444,13.858921,0.8025731,-1,-1,-1
198,11724,396.83557,249.13899,61.02179,28.86174,0.8433629,-1,-1,-1
198,11685,546.12445,213.19978,53.145386,27.048569,0.8324391,-1,-1,-1
198,11683,371.69495,201.06969,52.969788,26.541397,0.8297755,-1,-1,-1
198,11759,809.19904,214.5036,48.270264,22.05986,0.82710016,-1,-1,-1
198,11706,221.70331,264.6881,74.37967,31.56604,0.8341808,-1,-1,-1
198,11768,306.46933,324.07526,78.258484,36.782898,0.83232135,-1,-1,-1
198,11752,425.16968,277.60648,65.86502,29.488373,0.7894374,-1,-1,-1
198,11758,466.22498,295.6989,66.283264,31.023865,0.8181149,-1,-1,-1
198,11687,940.0107,243.12154,75.57123,47.215866,0.8646809,-1,-1,-1
198,11728,621.1407,196.70026,46.243042,26.349579,0.81259125,-1,-1,-1
198,11777,305.92084,298.47498,71.977905,29.272614,0.8051046,-1,-1,-1
198,11791,865.5277,200.16893,44.880493,21.112411,0.81826234,-1,-1,-1
198,11802,928.2858,210.58615,51.36554,25.143509,0.8301465,-1,-1,-1
198,11789,834.54364,229.31949,55.395813,24.14653,0.85830903,-1,-1,-1
198,11711,516.0694,95.08928,18.090332,17.866646,0.74627537,-1,-1,-1
198,11794,128.9144,286.93372,76.51773,35.692963,0.26247963,-1,-1,-1
198,11732,652.6456,283.86877,58.203552,29.79364,0.39671198,-1,-1,-1
198,11800,512.9406,380.78995,30.566223,28.859161,0.26468194,-1,-1,-1
199,11669,484.40726,155.79445,24.29538,30.805984,0.81411433,-1,-1,-1
199,11677,733.28876,266.2901,56.11731,26.562378,0.8394265,-1,-1,-1
199,11712,456.799,229.63072,58.699463,28.10411,0.8384266,-1,-1,-1
199,11713,727.27936,302.7689,65.18048,30.120361,0.8254403,-1,-1,-1
199,11714,311.30505,255.62767,62.717438,29.353592,0.8443775,-1,-1,-1
199,11674,478.97577,30.76189,12.343018,13.713226,0.79179746,-1,-1,-1
199,11724,397.07965,249.1357,60.04825,28.427322,0.84925103,-1,-1,-1
199,11685,543.7904,212.91042,53.32538,27.084412,0.83654857,-1,-1,-1
199,11683,367.09155,200.63979,53.079956,26.666992,0.8355884,-1,-1,-1
199,11759,807.55133,213.8354,47.601196,21.752151,0.8146612,-1,-1,-1
199,11706,221.51085,264.58963,74.19356,31.38498,0.8324719,-1,-1,-1
199,11768,311.42242,323.80362,78.3855,37.01004,0.8117684,-1,-1,-1
199,11752,428.66943,277.06085,66.4017,29.855774,0.7969962,-1,-1,-1
199,11758,471.48453,295.1597,65.738434,30.794434,0.834459,-1,-1,-1
199,11687,943.5341,242.58817,76.43884,47.73288,0.873164,-1,-1,-1
199,11728,618.0547,196.0494,46.3692,26.450577,0.8245287,-1,-1,-1
199,11777,311.25458,297.7667,71.11899,28.94458,0.81922346,-1,-1,-1
199,11791,863.33826,199.8461,44.633484,20.947098,0.81105685,-1,-1,-1
199,11802,926.21124,209.80025,52.246643,25.56691,0.8342609,-1,-1,-1
199,11789,832.1622,229.098,54.583252,23.784302,0.8822496,-1,-1,-1
199,11711,515.7237,93.67444,17.909912,17.800941,0.77432215,-1,-1,-1
199,11794,133.34494,286.30423,74.70833,34.576355,0.3043382,-1,-1,-1
199,11732,655.3981,283.3742,57.53961,29.51007,0.6840278,-1,-1,-1
199,11800,510.42957,380.0652,31.12085,29.428009,0.5035266,-1,-1,-1
200,11669,484.06854,154.92946,24.67746,31.287247,0.8175153,-1,-1,-1
200,11677,737.18555,265.84097,56.401367,26.67102,0.8492679,-1,-1,-1
200,11712,452.4916,229.05022,58.96527,28.19609,0.8339497,-1,-1,-1
200,11713,731.7244,302.14914,64.546265,29.81189,0.83156985,-1,-1,-1
200,11714,311.058,255.13126,63.28488,29.526215,0.83973473,-1,-1,-1
200,11674,478.9049,29.500944,12.193695,13.519533,0.7816485,-1,-1,-1
200,11724,397.42853,249.08105,59.48407,28.157166,0.83498114,-1,-1,-1
200,11685,541.57214,213.05917,53.610657,27.081009,0.8518062,-1,-1,-1
200,11683,362.13348,200.18282,53.337585,26.80371,0.8285254,-1,-1,-1
200,11759,805.37494,213.47093,46.737366,21.290344,0.82519007,-1,-1,-1
200,11706,220.74774,264.33557,74.32861,31.391022,0.8255879,-1,-1,-1
200,11768,316.1121,323.29776,77.79837,36.935394,0.8047971,-1,-1,-1
200,11752,432.86398,276.07303,66.63913,30.042389,0.80595875,-1,-1,-1
200,11758,476.82626,294.53177,64.96335,30.405945,0.8460334,-1,-1,-1
200,11687,946.839,242.1554,75.59296,47.287415,0.86591655,-1,-1,-1
200,11728,615.085,195.67247,45.97455,26.245575,0.81515574,-1,-1,-1
200,11777,316.17136,297.1081,71.744415,29.27649,0.7835094,-1,-1,-1
200,11791,861.3542,199.37357,44.59552,20.84996,0.81602216,-1,-1,-1
200,11802,924.29285,209.20154,52.8125,25.880661,0.8312288,-1,-1,-1
200,11789,829.332,228.86197,54.069702,23.55249,0.8328381,-1,-1,-1
200,11711,515.3171,92.13922,18.0224,17.954414,0.8041988,-1,-1,-1
200,11794,136.9944,285.9134,75.62761,34.861877,0.26629204,-1,-1,-1
200,11732,657.8397,282.43893,58.357605,30.031677,0.71838456,-1,-1,-1
200,11757,650.4376,224.28392,59.6828,29.564102,0.4305116,-1,-1,-1
201,11669,483.9635,154.30931,24.892944,31.611343,0.82286584,-1,-1,-1
201,11677,741.1309,265.36948,56.209656,26.559631,0.8518181,-1,-1,-1
201,11712,448.56543,228.41647,59.128784,28.220062,0.8318082,-1,-1,-1
201,11713,735.1369,301.42163,65.44,30.189423,0.8331886,-1,-1,-1
201,11714,310.53577,254.53697,63.925507,29.786087,0.83626926,-1,-1,-1
201,11674,478.46,27.824926,12.4513855,13.813158,0.7970058,-1,-1,-1
201,11724,397.11935,248.5315,60.175476,28.497711,0.82370013,-1,-1,-1
201,11685,538.4955,212.81831,53.4917,26.89679,0.8144915,-1,-1,-1
201,11683,357.31433,199.42625,53.913757,27.122482,0.8250791,-1,-1,-1
201,11759,803.25995,213.08813,46.384644,21.06845,0.8042953,-1,-1,-1
201,11706,219.71844,263.76083,75.37805,31.885468,0.82515025,-1,-1,-1
201,11768,321.4969,323.03656,77.38092,36.82547,0.83790165,-1,-1,-1
201,11752,437.09683,275.34796,67.35965,30.44806,0.81307936,-1,-1,-1
201,11758,481.5444,293.92532,64.89322,30.3732,0.8541753,-1,-1,-1
201,11687,948.9799,241.14662,75.02008,47.56746,0.8716366,-1,-1,-1
201,11728,611.6471,195.10263,46.009155,26.281525,0.816513,-1,-1,-1
201,11777,321.5183,296.58984,71.70047,29.339294,0.82933545,-1,-1,-1
201,11791,858.7012,198.98491,44.403015,20.717682,0.823704,-1,-1,-1
201,11802,922.69745,208.81042,52.845337,25.876831,0.8332637,-1,-1,-1
201,11789,826.70044,228.52464,53.535095,23.22821,0.8618822,-1,-1,-1
201,11711,515.0086,90.54898,18.178345,18.218796,0.82518864,-1,-1,-1
201,11794,141.65726,285.27704,76.766846,35.52957,0.484482,-1,-1,-1
201,11732,661.2059,282.10788,58.391357,30.051422,0.7368352,-1,-1,-1
201,11757,646.73615,222.55963,61.5744,31.04779,0.28657258,-1,-1,-1
202,11669,483.9707,153.72174,24.798859,31.585938,0.8278132,-1,-1,-1
202,11677,745.70245,264.89716,55.448547,26.15918,0.84602666,-1,-1,-1
202,11712,444.76584,228.1654,58.52661,27.862732,0.8315627,-1,-1,-1
202,11713,739.0789,300.8882,66.06085,30.444946,0.8358571,-1,-1,-1
202,11714,309.8591,253.94867,64.31262,29.913849,0.83036613,-1,-1,-1
202,11674,477.98148,25.9591,12.771637,14.219252,0.7982901,-1,-1,-1
202,11724,396.26907,248.01839,61.52356,29.207138,0.8435833,-1,-1,-1
202,11685,534.92596,212.37611,54.05298,27.09671,0.8403505,-1,-1,-1
202,11683,352.09747,198.96317,54.029175,27.183746,0.83114374,-1,-1,-1
202,11759,801.5304,212.44647,46.588684,21.099442,0.81189823,-1,-1,-1
202,11706,218.8991,263.337,76.30769,32.306244,0.8276298,-1,-1,-1
202,11768,326.12286,322.48868,77.63742,36.975006,0.8150796,-1,-1,-1
202,11752,441.28644,274.85785,67.09177,30.326904,0.8115534,-1,-1,-1
202,11758,486.2819,293.14877,65.58255,30.72876,0.8356244,-1,-1,-1
202,11687,952.27075,240.36996,71.72925,47.196594,0.84612274,-1,-1,-1
202,11728,608.72644,195.05092,45.181213,25.79126,0.81856066,-1,-1,-1
202,11777,326.19482,296.26843,70.17462,28.73816,0.72187376,-1,-1,-1
202,11791,855.9331,198.3713,44.459167,20.680298,0.8331289,-1,-1,-1
202,11802,921.2931,208.32559,52.6781,25.78386,0.83837456,-1,-1,-1
202,11789,823.88336,228.14218,53.50952,23.154144,0.84169096,-1,-1,-1
202,11711,514.2218,88.759155,18.226624,18.344124,0.69750065,-1,-1,-1
202,11794,145.79343,284.83636,76.11699,35.32425,0.49794486,-1,-1,-1
202,11732,664.3505,281.7186,58.958984,30.328888,0.77806425,-1,-1,-1
202,11757,644.8558,223.48996,58.960022,30.049316,0.4113522,-1,-1,-1
203,11669,484.03064,153.02153,24.621826,31.472855,0.8243834,-1,-1,-1
203,11677,750.2209,264.5284,55.660828,26.347656,0.8543838,-1,-1,-1
203,11712,440.61188,227.81882,58.321564,27.63765,0.8274183,-1,-1,-1
203,11713,743.46423,300.23822,65.911865,30.409576,0.84202904,-1,-1,-1
203,11714,309.6532,253.17317,65.170654,30.435806,0.85690296,-1,-1,-1
203,11674,477.74805,24.742523,12.557404,14.010971,0.7951115,-1,-1,-1
203,11724,396.27374,247.61087,60.90268,28.92694,0.82574826,-1,-1,-1
203,11685,530.8037,211.85463,54.728455,27.48944,0.8544546,-1,-1,-1
203,11683,347.11276,198.54222,53.96939,27.102356,0.8285306,-1,-1,-1
203,11759,799.3699,211.719,47.848755,21.648132,0.8154991,-1,-1,-1
203,11706,217.8739,262.65054,76.643524,32.482544,0.8242667,-1,-1,-1
203,11768,331.1759,322.18262,77.40903,36.96353,0.8350488,-1,-1,-1
203,11752,445.15073,274.39883,66.9993,30.38034,0.82730925,-1,-1,-1
203,11758,491.48022,292.52615,65.93445,30.905823,0.83228135,-1,-1,-1
203,11687,954.50836,240.45503,69.49164,47.544968,0.8225809,-1,-1,-1
203,11728,604.5961,194.6757,44.79193,25.477219,0.7977875,-1,-1,-1
203,11777,330.13287,295.3228,72.237366,29.716522,0.78469855,-1,-1,-1
203,11791,852.9254,197.64545,45.02289,20.919891,0.8231658,-1,-1,-1
203,11802,919.3427,207.71182,53.04138,25.99878,0.841272,-1,-1,-1
203,11789,821.5228,227.42119,54.08026,23.352325,0.8556953,-1,-1,-1
203,11711,514.029,87.39495,18.088074,18.302765,0.7537079,-1,-1,-1
203,11794,150.77072,284.64514,76.2099,35.289062,0.5327523,-1,-1,-1
203,11732,668.777,281.3122,58.366028,29.907715,0.78044295,-1,-1,-1
203,11757,642.24744,223.02385,58.43329,29.865936,0.5614363,-1,-1,-1
204,11669,484.12143,152.41266,24.36499,31.236862,0.81405,-1,-1,-1
204,11677,754.07947,263.75793,56.783997,26.85852,0.84017116,-1,-1,-1
204,11712,436.3305,227.55399,57.582825,27.193481,0.83453953,-1,-1,-1
204,11713,747.3576,299.5618,65.8985,30.447845,0.8583528,-1,-1,-1
204,11714,308.65512,252.72058,66.008575,30.893616,0.8314369,-1,-1,-1
204,11674,477.58423,23.511673,12.6970215,14.231609,0.80096644,-1,-1,-1
204,11724,396.48782,247.26726,59.90384,28.447922,0.85213625,-1,-1,-1
204,11685,527.8205,211.30202,54.554565,27.286087,0.8420919,-1,-1,-1
204,11683,342.72086,198.47122,53.509125,26.85292,0.8536377,-1,-1,-1
204,11759,797.61786,211.29788,47.129883,21.229645,0.80966485,-1,-1,-1
204,11706,217.24496,261.88904,76.66226,32.51303,0.8257442,-1,-1,-1
204,11768,335.92245,322.24146,77.85739,37.255585,0.82662433,-1,-1,-1
204,11752,449.59314,274.0297,66.63025,30.226685,0.82275754,-1,-1,-1
204,11758,496.05014,291.7601,66.33316,31.200287,0.8265605,-1,-1,-1
204,11687,956.56384,240.06354,67.43616,47.559967,0.8093303,-1,-1,-1
204,11728,599.48206,193.68774,45.72003,25.816055,0.78943825,-1,-1,-1
204,11777,335.06717,294.78424,72.42441,29.905334,0.8021725,-1,-1,-1
204,11791,850.7296,197.24492,44.60669,20.69049,0.8366332,-1,-1,-1
204,11802,917.5933,207.18977,52.83612,25.919983,0.8353936,-1,-1,-1
204,11789,818.77185,226.75993,54.305542,23.384384,0.83698094,-1,-1,-1
204,11711,513.5736,86.01146,17.921753,18.23217,0.7636337,-1,-1,-1
204,11794,156.8527,284.12628,73.84114,34.073547,0.59466344,-1,-1,-1
204,11732,672.9757,280.79254,58.345337,29.840057,0.7970328,-1,-1,-1
204,11757,638.80396,222.64273,57.832764,29.705704,0.6577306,-1,-1,-1
205,11669,483.8461,151.83234,24.407715,31.390503,0.8270143,-1,-1,-1
205,11677,758.25653,263.26376,56.07379,26.548462,0.84920704,-1,-1,-1
205,11712,432.43304,226.97397,57.95047,27.286987,0.82629883,-1,-1,-1
205,11713,751.3712,298.94067,66.203186,30.671326,0.83320904,-1,-1,-1
205,11714,308.18326,252.4439,66.38318,31.150955,0.83308935,-1,-1,-1
205,11674,477.45926,22.497208,12.544128,14.093842,0.7923174,-1,-1,-1
205,11724,396.5624,247.02907,59.276733,28.046005,0.83221704,-1,-1,-1
205,11685,523.84827,210.78558,54.628967,27.275269,0.8413315,-1,-1,-1
205,11683,337.19592,198.00633,54.055176,27.1521,0.83536303,-1,-1,-1
205,11759,794.9928,210.85858,47.00476,21.10904,0.8165364,-1,-1,-1
205,11706,217.1921,261.22702,76.17998,32.34851,0.8235547,-1,-1,-1
205,11768,340.8904,321.86545,77.13455,37.006683,0.8421538,-1,-1,-1
205,11752,453.43243,273.36258,66.81897,30.258148,0.83748734,-1,-1,-1
205,11758,500.40845,290.647,66.87463,31.711151,0.84076494,-1,-1,-1
205,11687,959.24976,239.81392,64.750244,47.30858,0.8002774,-1,-1,-1
205,11728,594.3761,192.6562,46.881897,26.110199,0.7930277,-1,-1,-1
205,11777,340.77542,294.75937,72.237885,29.808167,0.77084357,-1,-1,-1
205,11791,848.0994,196.70602,44.840637,20.766235,0.8135889,-1,-1,-1
205,11802,915.1325,206.41872,53.52295,26.304016,0.8364051,-1,-1,-1
205,11789,815.19995,225.9341,55.624268,23.921875,0.8215486,-1,-1,-1
205,11711,513.48254,85.08789,17.700378,18.059395,0.7385973,-1,-1,-1
205,11794,160.37392,283.55515,74.12305,34.163055,0.5660747,-1,-1,-1
205,11732,676.3997,280.07007,58.91559,30.147827,0.81164837,-1,-1,-1
205,11757,636.43115,222.34552,55.854492,28.746292,0.7046931,-1,-1,-1
206,11669,483.6046,151.34201,24.305145,31.308487,0.8187334,-1,-1,-1
206,11677,763.3824,263.4334,53.84076,25.344147,0.8404798,-1,-1,-1
206,11712,428.70102,226.69557,57.822083,27.098358,0.8173664,-1,-1,-1
206,11713,755.7923,298.41284,65.68762,30.546844,0.8363973,-1,-1,-1
206,11714,307.98575,252.28015,66.354004,31.226624,0.8387774,-1,-1,-1
206,11674,477.3573,21.00036,12.291565,13.8671055,0.79635894,-1,-1,-1
206,11724,396.3962,246.74739,59.05847,27.857437,0.82273024,-1,-1,-1
206,11685,520.60443,210.49416,54.703674,27.28334,0.85965043,-1,-1,-1
206,11683,331.86093,197.49225,53.963257,27.114319,0.8327678,-1,-1,-1
206,11759,793.792,210.574,46.12372,20.603607,0.8120204,-1,-1,-1
206,11706,216.00517,260.8699,75.05809,31.707977,0.80323374,-1,-1,-1
206,11768,345.93137,321.6267,76.30908,36.571198,0.8515329,-1,-1,-1
206,11752,457.31152,272.85358,67.43518,30.519318,0.83207095,-1,-1,-1
206,11758,505.03613,290.33978,67.0907,31.844452,0.8235633,-1,-1,-1
206,11687,962.068,239.84991,61.932007,46.884644,0.77505976,-1,-1,-1
206,11728,590.1324,192.56818,47.261475,26.020264,0.78699714,-1,-1,-1
206,11777,346.45557,294.39185,71.268005,29.403534,0.809877,-1,-1,-1
206,11791,844.6919,195.72011,45.973145,21.301666,0.82258207,-1,-1,-1
206,11802,913.6051,205.96443,53.32312,26.201218,0.8224601,-1,-1,-1
206,11789,812.17664,225.37213,55.939392,23.994202,0.83818454,-1,-1,-1
206,11711,513.56854,83.76294,17.19989,17.654541,0.8167725,-1,-1,-1
206,11794,164.83392,283.00723,74.42119,34.295715,0.735742,-1,-1,-1
206,11732,680.5166,279.44385,59.426086,30.383972,0.7825251,-1,-1,-1
206,11757,633.43024,221.88171,56.151062,28.735474,0.5271593,-1,-1,-1
206,11825,673.4427,211.05568,52.87854,24.363617,0.6663212,-1,-1,-1
207,11669,483.7104,150.98619,24.12555,31.11493,0.8297625,-1,-1,-1
207,11677,767.70667,262.89487,54.74756,25.591522,0.8317561,-1,-1,-1
207,11712,424.3964,226.48921,57.892944,27.011246,0.82313037,-1,-1,-1
207,11713,759.69617,298.14133,65.74963,30.616821,0.84009165,-1,-1,-1
207,11714,307.8718,252.01637,66.287415,31.28624,0.84004897,-1,-1,-1
207,11674,477.28003,19.455542,12.133026,13.754374,0.7824596,-1,-1,-1
207,11724,395.91843,246.53616,59.132904,27.85611,0.8388789,-1,-1,-1
207,11685,517.0932,209.86827,54.927795,27.393799,0.8478116,-1,-1,-1
207,11683,326.71063,196.65907,54.300873,27.301193,0.84324294,-1,-1,-1
207,11759,791.6725,210.36452,46.16339,20.51802,0.79045355,-1,-1,-1
207,11706,214.23203,260.4186,75.72839,31.824371,0.7793802,-1,-1,-1
207,11768,351.52502,321.09305,76.10486,36.323914,0.8011476,-1,-1,-1
207,11752,460.13763,272.2074,68.58722,31.21289,0.8317101,-1,-1,-1
207,11758,509.29074,289.8194,67.52609,32.104706,0.840584,-1,-1,-1
207,11687,964.2643,238.91019,59.735718,47.60724,0.7777851,-1,-1,-1
207,11728,585.9519,192.22293,47.907288,26.173004,0.7939636,-1,-1,-1
207,11777,350.9848,293.84366,70.66144,29.214935,0.7881558,-1,-1,-1
207,11791,842.05066,195.02226,46.840942,21.709717,0.82619107,-1,-1,-1
207,11802,912.2139,205.55647,53.046753,26.05809,0.82574785,-1,-1,-1
207,11789,808.2947,224.91646,56.45923,24.126068,0.8387976,-1,-1,-1
207,11711,513.1555,82.44687,16.759766,17.192635,0.6993334,-1,-1,-1
207,11794,170.16418,282.83337,74.0397,34.17035,0.7642752,-1,-1,-1
207,11732,684.7521,278.9667,59.221863,30.316132,0.7972407,-1,-1,-1
207,11757,629.3123,221.59659,55.352295,28.366028,0.5701722,-1,-1,-1
207,11825,671.5296,210.65552,52.144775,24.022293,0.66466975,-1,-1,-1
208,11669,483.69873,150.40588,23.915222,30.851105,0.82859206,-1,-1,-1
208,11677,771.04553,262.53122,55.049927,25.657776,0.83835334,-1,-1,-1
208,11712,420.70148,226.04062,57.714447,26.785965,0.8359509,-1,-1,-1
208,11713,763.70886,297.58206,66.128845,30.814117,0.83261883,-1,-1,-1
208,11714,307.43625,251.55473,66.44183,31.464066,0.84589905,-1,-1,-1
208,11674,477.1025,18.391413,12.062744,13.695692,0.75103736,-1,-1,-1
208,11724,395.49768,246.16368,58.94464,27.753586,0.8207972,-1,-1,-1
208,11685,514.2695,209.64526,54.497437,27.122742,0.85967684,-1,-1,-1
208,11683,321.71332,195.95168,54.63846,27.475998,0.8321229,-1,-1,-1
208,11759,788.81537,209.51123,47.375977,21.059906,0.787759,-1,-1,-1
208,11706,211.74763,260.15323,77.29158,32.261353,0.71078336,-1,-1,-1
208,11768,358.35605,320.57782,76.07669,35.937347,0.76590127,-1,-1,-1
208,11752,463.65378,271.54642,69.41354,31.65564,0.8140954,-1,-1,-1
208,11758,514.23755,289.44913,66.730225,31.801117,0.83488584,-1,-1,-1
208,11687,965.5137,237.72598,58.48633,49.22455,0.78982055,-1,-1,-1
208,11728,583.8851,192.07219,47.840942,26.035477,0.82882065,-1,-1,-1
208,11777,355.3192,293.4586,71.64316,29.487366,0.7216106,-1,-1,-1
208,11791,838.66626,193.89355,47.901245,22.245316,0.829253,-1,-1,-1
208,11802,910.5843,204.4989,54.086243,26.603714,0.8350577,-1,-1,-1
208,11789,804.9617,224.24028,57.14441,24.455276,0.8370583,-1,-1,-1
208,11711,512.72327,81.2902,16.577087,17.055412,0.7747991,-1,-1,-1
208,11794,173.18713,282.25754,75.41774,34.839905,0.788232,-1,-1,-1
208,11732,688.76843,278.6177,59.08618,30.215393,0.805356,-1,-1,-1
208,11757,622.93243,220.68762,57.28473,29.254333,0.5446661,-1,-1,-1
208,11825,668.6947,210.00284,51.429443,23.685196,0.570365,-1,-1,-1
209,11669,483.68292,149.61577,23.915802,30.882751,0.80546,-1,-1,-1
209,11677,775.4765,262.03336,55.057495,25.67871,0.85458744,-1,-1,-1
209,11712,417.38052,225.80907,56.788544,26.137238,0.8281285,-1,-1,-1
209,11713,767.8724,296.96613,66.25012,30.887604,0.83625704,-1,-1,-1
209,11714,306.83795,250.97757,66.51068,31.63327,0.8469771,-1,-1,-1
209,11674,476.94727,17.267109,11.767456,13.355156,0.76899755,-1,-1,-1
209,11724,395.3529,245.97684,58.678925,27.556854,0.81944853,-1,-1,-1
209,11685,510.44418,208.90503,54.935516,27.346344,0.848746,-1,-1,-1
209,11683,316.47464,195.75879,53.758484,26.969467,0.7724516,-1,-1,-1
209,11759,786.6671,208.54573,47.886475,21.250748,0.79484004,-1,-1,-1
209,11706,211.2758,260.20065,74.800735,30.703918,0.7251669,-1,-1,-1
209,11768,362.49106,320.16037,75.94281,35.759277,0.76943606,-1,-1,-1
209,11752,466.89642,270.9735,69.589355,31.905853,0.7916091,-1,-1,-1
209,11758,518.77734,288.92282,66.441956,31.777435,0.82679784,-1,-1,-1
209,11687,967.7501,236.96455,56.249878,50.075882,0.64286,-1,-1,-1
209,11728,581.3473,191.77858,47.808044,26.083176,0.839962,-1,-1,-1
209,11777,360.54147,292.8124,72.81366,29.920502,0.62197757,-1,-1,-1
209,11791,836.10583,193.29153,47.725586,22.143814,0.8196259,-1,-1,-1
209,11802,908.69214,203.88873,54.035095,26.649002,0.84515357,-1,-1,-1
209,11789,801.9879,223.94495,56.79651,24.195648,0.83460414,-1,-1,-1
209,11711,512.3587,80.09417,16.395325,16.87606,0.7468034,-1,-1,-1
209,11794,176.86137,281.746,76.168076,35.2323,0.8212727,-1,-1,-1
209,11732,692.93036,278.3034,58.961487,30.055328,0.8125959,-1,-1,-1
209,11825,667.04675,209.79459,50.454163,23.275757,0.5747246,-1,-1,-1
210,11669,483.52368,148.70111,24.434265,31.572723,0.8159258,-1,-1,-1
210,11677,779.49817,261.59125,55.279785,25.753754,0.8477857,-1,-1,-1
210,11712,413.4739,225.24255,56.417603,25.805984,0.8385589,-1,-1,-1
210,11713,772.60803,296.6708,65.85083,30.58319,0.8246369,-1,-1,-1
210,11714,306.36295,250.57045,66.1579,31.575119,0.8465909,-1,-1,-1
210,11674,476.81436,15.998702,11.808594,13.396943,0.7489727,-1,-1,-1
210,11724,395.27383,245.65007,58.870758,27.565567,0.822908,-1,-1,-1
210,11685,507.27554,208.50319,54.691925,27.198776,0.88080734,-1,-1,-1
210,11683,311.3538,195.30649,53.407593,26.741592,0.80728966,-1,-1,-1
210,11759,784.2627,207.54713,48.864136,21.650696,0.7964275,-1,-1,-1
210,11706,209.38214,259.72202,77.24603,31.34018,0.7689508,-1,-1,-1
210,11768,365.64282,319.2983,75.78729,35.801758,0.77075464,-1,-1,-1
210,11752,470.79758,270.6451,68.648224,31.68399,0.813395,-1,-1,-1
210,11758,523.8815,288.46478,65.470276,31.294983,0.8296781,-1,-1,-1
210,11687,970.11206,236.21973,53.88794,51.113678,0.51163036,-1,-1,-1
210,11728,578.34106,190.84848,48.39026,26.527817,0.8436105,-1,-1,-1
210,11777,364.73636,292.13275,75.958954,31.190613,0.67564005,-1,-1,-1
210,11791,833.7608,192.61589,47.71173,22.122284,0.83069515,-1,-1,-1
210,11802,906.61523,202.95511,54.9292,27.179886,0.8389286,-1,-1,-1
210,11789,798.5212,222.89865,58.43274,24.929138,0.8478758,-1,-1,-1
210,11711,511.82898,78.52017,16.35852,16.831322,0.78797066,-1,-1,-1
210,11794,180.88254,281.39142,76.94238,35.59958,0.82354,-1,-1,-1
210,11732,696.9592,277.82715,58.818054,29.905396,0.82847637,-1,-1,-1
210,11825,663.6005,208.94295,52.37677,24.190369,0.30444887,-1,-1,-1
210,11757,611.9583,219.10187,61.23065,31.142868,0.29200986,-1,-1,-1
211,11669,483.29785,147.86545,24.80832,32.136047,0.7698437,-1,-1,-1
211,11677,783.1446,260.99435,55.700928,25.960815,0.8522431,-1,-1,-1
211,11712,409.68585,224.90526,55.436005,25.101135,0.836128,-1,-1,-1
211,11713,776.8749,296.52417,65.64038,30.468597,0.8265215,-1,-1,-1
211,11714,305.8018,250.276,66.20444,31.65149,0.8507835,-1,-1,-1
211,11674,476.435,14.170273,11.994843,13.635252,0.74765843,-1,-1,-1
211,11724,395.49573,245.48387,58.750427,27.387527,0.8229816,-1,-1,-1
211,11685,503.99728,208.06268,54.28006,26.960464,0.8509006,-1,-1,-1
211,11683,305.7228,194.95702,53.618378,26.797699,0.84320074,-1,-1,-1
211,11759,782.0536,206.76482,49.835754,22.059402,0.7907698,-1,-1,-1
211,11706,207.14604,259.33694,78.92769,31.523132,0.75971526,-1,-1,-1
211,11768,369.06393,318.62463,76.08899,36.320374,0.7703405,-1,-1,-1
211,11752,475.54532,270.40543,67.71005,31.302612,0.80026096,-1,-1,-1
211,11758,529.3336,288.14856,64.3338,30.691193,0.8160275,-1,-1,-1
211,11687,973.98,236.13614,50.02002,49.99478,0.5792965,-1,-1,-1
211,11728,574.46124,189.99194,49.353638,27.100906,0.8240934,-1,-1,-1
211,11777,369.01303,291.4867,76.2695,31.483002,0.74472594,-1,-1,-1
211,11791,831.0186,192.23946,47.546326,22.035095,0.83303636,-1,-1,-1
211,11802,904.8599,202.41151,54.90863,27.206314,0.8358699,-1,-1,-1
211,11789,795.3507,221.86697,58.704956,25.07515,0.83165824,-1,-1,-1
211,11711,511.7717,77.31595,15.952484,16.367699,0.72751606,-1,-1,-1
211,11794,185.39394,280.75974,77.68065,35.909058,0.8012518,-1,-1,-1
211,11732,700.88525,277.3468,58.646362,29.77713,0.835533,-1,-1,-1
211,11825,659.2712,208.66386,53.862183,24.883408,0.29911897,-1,-1,-1
211,11757,609.67694,218.47205,61.27997,31.264313,0.36487395,-1,-1,-1
212,11669,483.2968,147.1724,24.887756,32.30478,0.7873022,-1,-1,-1
212,11677,787.58594,260.6647,55.415466,25.794342,0.8586341,-1,-1,-1
212,11712,405.97385,224.832,54.000305,24.030228,0.8048002,-1,-1,-1
212,11713,781.2848,295.7593,65.92883,30.635406,0.83537394,-1,-1,-1
212,11714,305.5402,250.03508,65.68933,31.382187,0.8488203,-1,-1,-1
212,11674,476.33264,12.59965,11.964722,13.605094,0.74730307,-1,-1,-1
212,11724,395.25336,244.99417,58.843475,27.349518,0.828414,-1,-1,-1
212,11685,501.00955,207.61685,54.416046,27.022339,0.8428006,-1,-1,-1
212,11683,300.85754,194.52693,53.916138,26.927765,0.8449399,-1,-1,-1
212,11759,780.3433,206.04193,49.515625,21.931046,0.7831832,-1,-1,-1
212,11706,205.94595,258.49408,80.103,31.586761,0.69980323,-1,-1,-1
212,11768,374.42493,318.4759,75.66626,36.3266,0.7860054,-1,-1,-1
212,11752,479.98584,270.06595,66.70288,30.89917,0.8073162,-1,-1,-1
212,11758,534.12537,287.664,64.267944,30.589233,0.79914945,-1,-1,-1
212,11687,976.4862,235.69751,47.513794,50.325775,0.70830876,-1,-1,-1
212,11728,571.97784,189.58554,47.69458,26.11908,0.8232174,-1,-1,-1
212,11777,373.3868,290.83,75.07846,31.167786,0.79563546,-1,-1,-1
212,11791,828.2497,191.9371,46.86682,21.693771,0.81638235,-1,-1,-1
212,11802,903.0607,202.0399,54.44281,26.977325,0.8284169,-1,-1,-1
212,11789,792.5399,221.74715,57.3407,24.508347,0.8368981,-1,-1,-1
212,11711,511.4812,75.7395,15.97229,16.452538,0.77506727,-1,-1,-1
212,11794,189.86993,280.19836,77.49893,35.845215,0.81831294,-1,-1,-1
212,11732,704.9636,276.56946,59.37323,30.134186,0.82375205,-1,-1,-1
212,11757,605.7964,217.374,62.63037,32.209854,0.29311413,-1,-1,-1
213,11669,483.38245,146.66437,24.6521,31.98877,0.79654694,-1,-1,-1
213,11677,792.09106,260.31134,55.227905,25.715637,0.8681108,-1,-1,-1
213,11712,401.06598,224.60497,53.938385,23.682007,0.81037045,-1,-1,-1
213,11713,785.9844,295.2792,65.58319,30.309174,0.82629126,-1,-1,-1
213,11714,305.15793,249.90422,65.437225,31.190842,0.8439956,-1,-1,-1
213,11674,476.13086,11.4802475,11.948486,13.576582,0.7326185,-1,-1,-1
213,11724,395.5441,244.45721,59.122864,27.39975,0.825497,-1,-1,-1
213,11685,496.85196,206.97624,55.15207,27.407867,0.85333186,-1,-1,-1
213,11683,295.63525,193.86581,54.575897,27.244019,0.8330704,-1,-1,-1
213,11759,778.61993,205.49214,48.8974,21.568405,0.74159604,-1,-1,-1
213,11706,204.02599,258.2084,82.74684,32.429535,0.5754154,-1,-1,-1
213,11768,379.8741,317.8781,76.73871,36.904724,0.82445896,-1,-1,-1
213,11752,483.848,269.52344,67.01193,31.114563,0.83848476,-1,-1,-1
213,11758,537.4417,286.41693,66.072815,31.614075,0.81329834,-1,-1,-1
213,11687,980.3363,235.28648,43.663696,50.3145,0.5097495,-1,-1,-1
213,11728,568.20844,189.20598,47.517212,26.04657,0.83075726,-1,-1,-1
213,11777,378.41852,289.97052,75.356384,31.478973,0.77388096,-1,-1,-1
213,11791,825.14777,191.26355,46.915955,21.702255,0.8297537,-1,-1,-1
213,11802,901.7665,201.79057,53.46808,26.478119,0.835061,-1,-1,-1
213,11789,789.43445,221.4478,56.507263,24.167557,0.8356222,-1,-1,-1
213,11711,511.07693,74.6672,16.11441,16.648193,0.7834,-1,-1,-1
213,11794,194.25482,279.9,77.449646,35.788177,0.7883239,-1,-1,-1
213,11732,709.04474,276.21613,59.092896,29.872314,0.82951516,-1,-1,-1
214,11669,483.32016,146.0385,24.594055,31.996994,0.80188155,-1,-1,-1
214,11677,796.5784,259.9088,54.367065,25.28714,0.86739004,-1,-1,-1
214,11712,395.8997,223.93416,55.41165,24.110931,0.81779766,-1,-1,-1
214,11713,789.7503,294.61252,65.59393,30.322388,0.8465906,-1,-1,-1
214,11714,304.93866,249.7035,65.15088,30.95897,0.84481627,-1,-1,-1
214,11674,475.97888,10.117212,12.06662,13.677151,0.7267603,-1,-1,-1
214,11724,395.3641,243.93542,59.55313,27.607422,0.82751864,-1,-1,-1
214,11685,493.6051,206.4485,55.518738,27.571732,0.84522307,-1,-1,-1
214,11683,289.98853,193.11969,54.88092,27.356018,0.8458758,-1,-1,-1
214,11759,776.5465,205.24571,47.69287,20.948547,0.7462423,-1,-1,-1
214,11706,204.29785,258.04828,84.33865,33.096985,0.5861398,-1,-1,-1
214,11768,384.88367,317.84976,75.9422,36.60663,0.77087206,-1,-1,-1
214,11752,488.14273,268.91492,66.34415,30.855865,0.83479375,-1,-1,-1
214,11758,543.47375,285.79883,65.927795,31.552277,0.64724773,-1,-1,-1
214,11687,984.70337,234.42334,39.29663,48.910126,0.50222087,-1,-1,-1
214,11728,564.653,189.1913,46.963013,25.741623,0.8229239,-1,-1,-1
214,11777,383.05878,289.22836,76.13306,32.07791,0.8081117,-1,-1,-1
214,11791,822.6155,190.57912,46.431335,21.424713,0.8235957,-1,-1,-1
214,11802,900.6413,201.38396,52.8172,26.087936,0.83923024,-1,-1,-1
214,11789,786.09375,221.06525,56.44458,24.211441,0.83326924,-1,-1,-1
214,11711,511.07196,73.34988,16.531189,17.088326,0.7576137,-1,-1,-1
214,11794,199.86287,280.0098,76.29274,35.21579,0.70798117,-1,-1,-1
214,11732,713.57526,275.55386,58.764954,29.639862,0.82376605,-1,-1,-1
214,11757,600.8656,216.60643,64.0083,33.22429,0.33453932,-1,-1,-1
215,11669,483.42572,145.61899,24.23993,31.54744,0.78855455,-1,-1,-1
215,11677,800.58167,259.2431,55.03656,25.608643,0.86866236,-1,-1,-1
215,11712,390.99945,223.5209,56.60849,24.364487,0.8107129,-1,-1,-1
215,11713,794.07495,294.0849,65.32904,30.17569,0.8405552,-1,-1,-1
215,11714,304.7292,249.5533,64.38202,30.462723,0.8368499,-1,-1,-1
215,11674,475.71198,8.168016,12.227509,13.939461,0.6603733,-1,-1,-1
215,11724,395.2753,243.5389,58.991333,27.293686,0.8233506,-1,-1,-1
215,11685,489.72794,205.97896,56.141937,27.961685,0.8531617,-1,-1,-1
215,11683,284.53055,192.61053,55.204712,27.523514,0.84398395,-1,-1,-1
215,11759,774.82056,204.74214,47.790833,20.836731,0.79741514,-1,-1,-1
215,11706,203.34038,257.60507,86.979996,34.435547,0.4393878,-1,-1,-1
215,11768,390.6294,317.74484,74.19458,35.772644,0.82142675,-1,-1,-1
215,11752,491.65683,268.23633,66.459015,31.09143,0.83709586,-1,-1,-1
215,11758,548.42896,285.22638,65.69287,31.55783,0.6920555,-1,-1,-1
215,11728,561.3557,188.94652,46.47455,25.483673,0.82098776,-1,-1,-1
215,11777,388.6466,288.53867,72.811066,30.813477,0.79083556,-1,-1,-1
215,11791,819.4914,189.96696,46.581482,21.406769,0.80848736,-1,-1,-1
215,11802,899.0337,200.78178,53.006104,26.14746,0.83339614,-1,-1,-1
215,11789,783.05493,220.73305,56.14972,24.104248,0.8449385,-1,-1,-1
215,11711,510.5526,71.88205,16.451538,17.045326,0.7908977,-1,-1,-1
215,11794,206.58992,279.95468,74.304825,34.036865,0.74640864,-1,-1,-1
215,11732,717.6534,274.7354,59.21582,29.889221,0.8509546,-1,-1,-1
215,11757,595.73425,214.30377,65.80176,34.726044,0.46282965,-1,-1,-1
216,11669,483.2888,145.02129,24.066711,31.32956,0.7943896,-1,-1,-1
216,11677,804.37445,258.4477,56.06543,26.11618,0.8640989,-1,-1,-1
216,11712,384.66504,222.75134,58.983643,25.29161,0.82054555,-1,-1,-1
216,11713,797.81525,292.92343,66.48895,30.839966,0.8538249,-1,-1,-1
216,11714,305.1558,249.29227,63.49997,29.943909,0.8368457,-1,-1,-1
216,11674,475.4687,6.7564373,12.211334,14.035055,0.48634845,-1,-1,-1
216,11724,394.99854,242.64244,59.100983,27.293167,0.83818847,-1,-1,-1
216,11685,486.2395,205.47873,56.0943,27.918625,0.83697474,-1,-1,-1
216,11683,279.288,191.99356,55.266663,27.528122,0.82308537,-1,-1,-1
216,11759,772.86523,204.24028,48.020264,20.743027,0.78862137,-1,-1,-1
216,11706,209.52184,257.33444,77.04143,30.153687,0.4333715,-1,-1,-1
216,11768,396.7541,317.74677,72.428955,34.752228,0.8289446,-1,-1,-1
216,11752,495.64124,267.43753,66.925354,31.411713,0.8397098,-1,-1,-1
216,11758,553.07245,284.83673,64.55682,31.074585,0.67956007,-1,-1,-1
216,11728,556.9111,188.37247,47.566284,26.1902,0.8231794,-1,-1,-1
216,11777,395.09586,287.9218,72.01453,30.59671,0.80212086,-1,-1,-1
216,11791,817.1609,189.50331,46.407227,21.323303,0.81247604,-1,-1,-1
216,11802,897.34064,200.20238,53.132202,26.213837,0.8309359,-1,-1,-1
216,11789,779.58276,220.42755,55.8172,24.005798,0.844948,-1,-1,-1
216,11711,510.2664,70.6534,16.190216,16.781998,0.72761214,-1,-1,-1
216,11794,209.62616,278.8,74.96213,34.219147,0.79471225,-1,-1,-1
216,11732,721.5153,274.20764,59.02533,29.682068,0.83665806,-1,-1,-1
216,11757,593.42505,214.0379,63.59027,33.80246,0.5959186,-1,-1,-1
216,11828,924.68176,301.58984,53.324646,29.337433,0.5649224,-1,-1,-1
216,11825,645.77515,206.17822,53.10852,24.432648,0.3192479,-1,-1,-1
217,11669,483.2577,144.47025,24.043427,31.276733,0.81614906,-1,-1,-1
217,11677,808.8208,257.8265,55.91461,26.092865,0.8567003,-1,-1,-1
217,11712,378.96088,222.19023,61.473022,26.359528,0.8383486,-1,-1,-1
217,11713,802.4521,292.7468,65.501526,30.329224,0.8322714,-1,-1,-1
217,11714,304.9803,249.00903,63.595123,29.922241,0.8412209,-1,-1,-1
217,11674,475.40567,5.8475866,11.835541,13.64236,0.6430089,-1,-1,-1
217,11724,395.101,242.2703,59.217438,27.31311,0.8418884,-1,-1,-1
217,11685,482.66638,204.95705,55.953552,27.859283,0.83498704,-1,-1,-1
217,11683,272.85135,190.97473,56.855743,28.398102,0.7860944,-1,-1,-1
217,11759,770.1416,203.93292,49.20874,21.144775,0.7532296,-1,-1,-1
217,11706,212.45622,256.95523,72.47771,27.959015,0.42539755,-1,-1,-1
217,11768,401.2985,316.57376,74.24109,35.62091,0.7981084,-1,-1,-1
217,11752,499.32608,266.7665,67.12503,31.650208,0.83023393,-1,-1,-1
217,11758,558.1088,284.0907,65.00275,31.381805,0.532314,-1,-1,-1
217,11728,553.2977,187.739,48.46338,26.774872,0.82418466,-1,-1,-1
217,11777,400.69226,287.42282,70.71866,30.075378,0.80834097,-1,-1,-1
217,11791,814.478,188.99132,46.293823,21.224396,0.81391984,-1,-1,-1
217,11802,895.7501,199.60349,53.161438,26.211777,0.84307367,-1,-1,-1
217,11789,776.4688,220.33018,55.244812,23.729218,0.82196677,-1,-1,-1
217,11711,509.59814,68.939995,16.382141,17.031258,0.7565143,-1,-1,-1
217,11794,212.00417,278.0474,75.553055,34.463867,0.79898155,-1,-1,-1
217,11732,725.90784,273.6435,59.10016,29.639404,0.8423165,-1,-1,-1
217,11757,590.36444,214.50581,61.514282,32.82344,0.54254615,-1,-1,-1
217,11828,925.2954,301.9115,53.396667,29.38327,0.37334296,-1,-1,-1
217,11830,2.2546368,343.39825,19.6444,37.988525,0.66304153,-1,-1,-1
217,11825,644.48883,205.76987,51.527832,23.830475,0.25857583,-1,-1,-1
218,11669,482.9431,143.68747,24.240875,31.474472,0.81833845,-1,-1,-1
218,11677,812.959,256.85648,56.454407,26.413055,0.8331124,-1,-1,-1
218,11712,373.927,221.81621,63.82318,27.434143,0.8408987,-1,-1,-1
218,11713,807.2146,292.44055,64.78003,29.953583,0.82620656,-1,-1,-1
218,11714,304.54126,248.65392,63.570984,29.832352,0.83732295,-1,-1,-1
218,11674,475.13324,4.8368773,11.68866,13.459309,0.5994574,-1,-1,-1
218,11724,394.93527,241.91563,59.380432,27.35527,0.8429879,-1,-1,-1
218,11685,478.88446,204.55582,55.85962,27.821854,0.84154886,-1,-1,-1
218,11683,266.3238,190.0113,58.36319,29.205399,0.7134498,-1,-1,-1
218,11759,767.84314,203.70815,48.396057,20.616959,0.7733503,-1,-1,-1
218,11706,212.59029,256.8115,73.2065,28.084595,0.5992392,-1,-1,-1
218,11768,403.68564,314.08093,78.81082,38.1951,0.82649446,-1,-1,-1
218,11752,503.7463,266.21243,66.8649,31.557404,0.8336515,-1,-1,-1
218,11758,562.88666,283.5712,64.70917,31.418304,0.64500463,-1,-1,-1
218,11728,549.79144,186.9414,48.64862,26.936737,0.84050584,-1,-1,-1
218,11777,405.22626,286.6309,71.04364,30.235992,0.80903244,-1,-1,-1
218,11791,811.1316,188.27997,46.871643,21.419296,0.8193479,-1,-1,-1
218,11802,893.871,199.32526,52.729736,25.90712,0.82349676,-1,-1,-1
218,11789,772.717,219.74901,55.571777,23.800629,0.79915535,-1,-1,-1
218,11711,508.98682,67.565445,16.394226,17.077507,0.7957131,-1,-1,-1
218,11794,215.69872,277.8861,75.53081,34.481903,0.8244081,-1,-1,-1
218,11732,729.93646,273.13202,58.97174,29.51889,0.82879585,-1,-1,-1
218,11757,587.2129,215.49384,59.686096,31.912857,0.651417,-1,-1,-1
218,11828,926.23145,301.85568,53.159912,29.26709,0.48771974,-1,-1,-1
218,11830,4.310487,341.60892,21.312332,40.839294,0.7648287,-1,-1,-1
218,11825,641.26794,205.50993,50.564575,23.348083,0.43617663,-1,-1,-1
219,11669,482.70276,142.9111,24.395355,31.661621,0.81999075,-1,-1,-1
219,11677,816.8729,256.26907,56.736572,26.65335,0.85933733,-1,-1,-1
219,11712,369.25146,221.49022,65.27603,28.13504,0.8401122,-1,-1,-1
219,11713,810.87494,291.7648,65.6944,30.425842,0.8202286,-1,-1,-1
219,11714,303.98672,248.29161,63.71707,29.839462,0.83435696,-1,-1,-1
219,11674,475.06247,4.0877776,11.298248,12.966621,0.54001504,-1,-1,-1
219,11724,394.1415,241.2555,60.353516,27.821838,0.8541564,-1,-1,-1
219,11685,475.11304,204.18066,56.105225,27.972641,0.84531826,-1,-1,-1
219,11683,260.79282,189.74716,58.285034,29.110428,0.33975586,-1,-1,-1
219,11759,765.4407,203.58842,48.385315,20.464127,0.7368123,-1,-1,-1
219,11706,204.57574,256.29636,87.00763,33.812317,0.52686185,-1,-1,-1
219,11768,407.62015,313.2164,79.82367,39.004486,0.8247645,-1,-1,-1
219,11752,508.1273,265.80786,66.41928,31.35675,0.8332305,-1,-1,-1
219,11758,567.77637,282.91315,64.50568,31.414429,0.6566043,-1,-1,-1
219,11728,546.5515,186.28874,50.02307,27.568481,0.84410006,-1,-1,-1
219,11777,410.48367,285.7899,72.20657,30.87146,0.8326267,-1,-1,-1
219,11791,808.2386,187.82718,47.230347,21.533615,0.81861746,-1,-1,-1
219,11802,891.96356,198.62761,53.019714,25.986801,0.82645243,-1,-1,-1
219,11789,769.0348,219.34343,56.56653,24.106476,0.80852306,-1,-1,-1
219,11711,508.7239,66.26265,16.338226,17.0159,0.78067297,-1,-1,-1
219,11794,220.45088,278.39334,74.739365,34.1391,0.7946596,-1,-1,-1
219,11732,733.531,272.59225,59.711975,29.897308,0.8406882,-1,-1,-1
219,11757,584.90625,216.5038,57.920227,30.759155,0.77811414,-1,-1,-1
219,11828,926.9473,301.49515,53.255432,29.357819,0.5540101,-1,-1,-1
219,11830,6.271752,338.41235,23.906128,45.071716,0.7759246,-1,-1,-1
219,11825,637.55585,204.67233,50.934265,23.413681,0.5819612,-1,-1,-1
220,11669,482.44507,141.98106,24.551544,31.809387,0.83094794,-1,-1,-1
220,11677,820.41125,255.92375,56.39807,26.400345,0.83312035,-1,-1,-1
220,11712,364.3955,221.22781,65.60574,28.379776,0.86093515,-1,-1,-1
220,11713,815.4024,291.13052,65.40137,30.19168,0.8205727,-1,-1,-1
220,11714,303.21698,248.2539,63.628967,29.671356,0.86976576,-1,-1,-1
220,11674,474.9157,3.1898835,11.088318,12.662704,0.43497428,-1,-1,-1
220,11724,394.04617,241.0164,60.779114,27.924423,0.8923195,-1,-1,-1
220,11685,471.6036,203.71623,55.97525,27.905945,0.8412648,-1,-1,-1
220,11759,763.4744,203.19417,48.049194,20.214218,0.7255497,-1,-1,-1
220,11706,201.70049,256.0125,89.16371,34.808533,0.54048145,-1,-1,-1
220,11768,412.71643,313.12683,78.894714,38.76706,0.8134442,-1,-1,-1
220,11752,511.45956,265.3684,66.303925,31.401947,0.8319881,-1,-1,-1
220,11758,572.88824,282.3884,64.58679,31.439331,0.6965291,-1,-1,-1
220,11728,543.42975,185.79483,49.756958,27.232925,0.8131987,-1,-1,-1
220,11777,414.3255,285.13904,72.76495,31.29248,0.8299792,-1,-1,-1
220,11791,805.262,187.5322,46.8114,21.304901,0.8049475,-1,-1,-1
220,11802,889.57227,197.89195,53.086304,25.987915,0.831072,-1,-1,-1
220,11789,765.65393,219.11555,56.094788,23.88173,0.80692184,-1,-1,-1
220,11711,508.2203,64.626686,16.301788,16.972763,0.7197812,-1,-1,-1
220,11794,225.11974,277.87842,73.27324,33.52472,0.77381426,-1,-1,-1
220,11732,737.99744,272.02774,59.83441,29.986816,0.8409578,-1,-1,-1
220,11757,580.44293,216.34544,57.30713,30.42192,0.69225955,-1,-1,-1
220,11828,927.0406,300.8869,53.765564,29.718994,0.6106131,-1,-1,-1
220,11830,9.133805,337.02264,25.389053,46.405487,0.8370276,-1,-1,-1
220,11825,635.10876,204.4552,50.749878,23.22905,0.61603487,-1,-1,-1
220,11831,1007.67926,282.04105,16.32074,36.1994,0.40046564,-1,-1,-1
221,11669,482.47922,141.26573,24.745361,31.972458,0.82217896,-1,-1,-1
221,11677,824.76953,255.53825,56.099182,26.144272,0.8399835,-1,-1,-1
221,11712,359.43546,221.08398,65.87973,28.647903,0.8424741,-1,-1,-1
221,11713,820.19934,290.51324,64.68182,29.728546,0.8228316,-1,-1,-1
221,11714,302.82605,247.38081,65.10745,30.37822,0.8329978,-1,-1,-1
221,11674,474.71164,1.3544706,11.342316,12.931657,0.32486406,-1,-1,-1
221,11724,392.83774,240.52708,61.70294,28.394302,0.8468382,-1,-1,-1
221,11685,468.07193,203.198,56.357086,28.10315,0.84159464,-1,-1,-1
221,11759,761.01984,202.76802,48.731018,20.429794,0.7640447,-1,-1,-1
221,11706,200.26373,255.72722,92.391205,36.34059,0.6951247,-1,-1,-1
221,11768,419.2368,312.7617,77.070404,37.98935,0.7507048,-1,-1,-1
221,11752,515.44226,264.97073,66.78339,31.675507,0.83813894,-1,-1,-1
221,11758,578.4097,281.61032,65.38934,31.77301,0.7975294,-1,-1,-1
221,11728,538.2425,185.29813,49.654175,27.228851,0.82447064,-1,-1,-1
221,11777,419.23727,284.78662,73.51663,31.798065,0.8326804,-1,-1,-1
221,11791,802.213,187.07977,46.86554,21.283798,0.7939893,-1,-1,-1
221,11802,887.3357,196.82434,54.20642,26.566132,0.8266946,-1,-1,-1
221,11789,761.6465,219.08813,56.550842,24.0159,0.8084933,-1,-1,-1
221,11711,508.1701,63.00839,16.432617,17.09666,0.7825555,-1,-1,-1
221,11794,229.72643,277.2451,73.46495,33.749695,0.7690777,-1,-1,-1
221,11732,741.49255,271.5207,60.506958,30.373627,0.8285964,-1,-1,-1
221,11757,577.06726,216.97676,54.99414,29.061035,0.72680753,-1,-1,-1
221,11828,927.1456,300.45154,54.75659,30.37381,0.55114084,-1,-1,-1
221,11830,11.468824,335.7801,27.50648,48.242615,0.84351254,-1,-1,-1
221,11825,632.0009,203.91841,51.68982,23.59143,0.78166986,-1,-1,-1
221,11831,1007.91644,280.40207,16.083557,38.43759,0.27984905,-1,-1,-1
221,11683,249.64767,189.1088,58.659637,29.280853,0.4308055,-1,-1,-1
222,11669,482.52426,140.72078,24.686218,31.852264,0.8228543,-1,-1,-1
222,11677,829.21643,255.09035,56.49121,26.251724,0.8463256,-1,-1,-1
222,11712,354.74115,220.95381,65.87988,28.736069,0.8410699,-1,-1,-1
222,11713,823.984,289.731,65.34015,29.974426,0.82172614,-1,-1,-1
222,11714,302.62558,246.97713,65.45389,30.537674,0.83240193,-1,-1,-1
222,11674,474.72382,0.5000481,11.070251,12.527905,0.40650642,-1,-1,-1
222,11724,392.2516,240.08678,61.83606,28.497543,0.8512547,-1,-1,-1
222,11685,464.95197,203.20854,55.480835,27.628769,0.84157354,-1,-1,-1
222,11759,758.51776,202.63818,48.85089,20.361542,0.73343694,-1,-1,-1
222,11706,200.69115,255.75182,93.535385,36.984726,0.7663539,-1,-1,-1
222,11768,427.2285,312.6812,74.25055,36.933044,0.7762394,-1,-1,-1
222,11752,519.9485,264.6633,66.16864,31.455475,0.83782727,-1,-1,-1
222,11758,583.9532,280.89246,65.25256,31.54303,0.81676334,-1,-1,-1
222,11728,534.1367,184.62129,49.43579,27.213013,0.8336481,-1,-1,-1
222,11777,423.91156,284.39935,74.1944,32.275055,0.83634585,-1,-1,-1
222,11791,799.1978,186.72784,47.016663,21.304993,0.81992745,-1,-1,-1
222,11802,884.9328,196.20395,54.435852,26.714264,0.84693414,-1,-1,-1
222,11789,758.06744,218.33124,57.37805,24.343506,0.8171323,-1,-1,-1
222,11711,507.80896,61.7487,16.440735,17.149845,0.7694479,-1,-1,-1
222,11794,234.79791,276.7961,72.906586,33.604797,0.7640155,-1,-1,-1
222,11732,745.3972,271.04843,60.75293,30.506226,0.8321477,-1,-1,-1
222,11757,573.0993,216.8427,54.51239,28.64563,0.8218103,-1,-1,-1
222,11828,927.9315,300.53223,54.75116,30.477112,0.5008706,-1,-1,-1
222,11830,13.478648,335.75412,28.892494,47.9646,0.8135959,-1,-1,-1
222,11825,629.15765,203.21959,51.914978,23.591766,0.81670505,-1,-1,-1
223,11669,482.4222,140.24898,24.666565,31.81575,0.8248591,-1,-1,-1
223,11677,833.6463,254.92982,55.859375,25.91182,0.8351963,-1,-1,-1
223,11712,350.5839,220.84245,65.32602,28.633667,0.8358741,-1,-1,-1
223,11713,827.68805,289.3291,66.190796,30.405334,0.8223229,-1,-1,-1
223,11714,302.8674,246.89062,64.92688,30.272034,0.85306406,-1,-1,-1
223,11674,474.7662,0.027565096,10.592682,11.852651,0.49695474,-1,-1,-1
223,11724,391.61728,239.70044,62.57962,28.933655,0.85317713,-1,-1,-1
223,11685,460.90518,202.88554,56.503937,28.140228,0.8510744,-1,-1,-1
223,11759,755.7617,202.02145,50.294495,20.905685,0.6919903,-1,-1,-1
223,11706,201.65172,255.25014,91.74461,36.449936,0.7578892,-1,-1,-1
223,11768,432.38263,312.04404,73.92709,36.813446,0.81033075,-1,-1,-1
223,11752,523.54297,264.23315,65.89905,31.451202,0.841114,-1,-1,-1
223,11758,587.8238,280.47375,64.34064,31.013245,0.79787326,-1,-1,-1
223,11728,529.15173,183.90614,50.167114,27.753937,0.8566715,-1,-1,-1
223,11777,428.07697,284.00598,74.8418,32.71524,0.8339189,-1,-1,-1
223,11791,796.408,185.7824,48.017944,21.71907,0.8175499,-1,-1,-1
223,11802,883.2438,195.74387,54.386597,26.64653,0.8355565,-1,-1,-1
223,11789,754.65216,217.77672,57.929688,24.571365,0.80963564,-1,-1,-1
223,11711,507.17825,60.569942,16.659637,17.438694,0.7567296,-1,-1,-1
223,11794,240.33821,276.38095,72.19966,33.18335,0.8240422,-1,-1,-1
223,11732,749.013,270.16602,61.687134,31.104614,0.82651114,-1,-1,-1
223,11757,569.2338,216.55856,54.49933,28.37616,0.8038879,-1,-1,-1
223,11828,928.9509,300.39682,54.296387,30.311432,0.46047443,-1,-1,-1
223,11830,16.209106,335.9613,30.010864,46.23294,0.78111124,-1,-1,-1
223,11825,626.78357,203.02376,51.611816,23.468811,0.8326001,-1,-1,-1
223,11683,238.11923,188.64291,58.66275,29.198318,0.2839899,-1,-1,-1
224,11669,482.26627,139.90454,24.686981,31.867157,0.8232543,-1,-1,-1
224,11677,838.03564,254.72061,56.024902,25.967865,0.8454534,-1,-1,-1
224,11712,345.9974,220.77185,64.92401,28.531723,0.82335114,-1,-1,-1
224,11713,832.62836,289.26025,64.80249,29.668,0.82570755,-1,-1,-1
224,11714,303.02487,246.95782,64.84146,30.234344,0.84774226,-1,-1,-1
224,11674,474.52094,0.0,9.94223,10.6136265,0.4926667,-1,-1,-1
224,11724,391.0252,239.08542,63.546753,29.520905,0.8478004,-1,-1,-1
224,11685,457.24512,202.3766,56.181763,28.005737,0.8329083,-1,-1,-1
224,11759,753.17957,201.3192,51.68695,21.489426,0.6411014,-1,-1,-1
224,11706,200.8976,255.11295,89.98482,36.052185,0.79036206,-1,-1,-1
224,11768,434.71176,311.57806,75.02875,37.194336,0.8332377,-1,-1,-1
224,11752,527.78375,264.15457,65.50275,31.295776,0.83283836,-1,-1,-1
224,11758,591.3626,280.37997,62.091248,30.113983,0.7631667,-1,-1,-1
224,11728,525.2729,183.4619,50.482178,28.053314,0.8270226,-1,-1,-1
224,11777,431.5582,283.59116,75.105286,32.95056,0.81789345,-1,-1,-1
224,11791,792.9853,185.1512,48.82434,22.066818,0.8144737,-1,-1,-1
224,11802,881.24084,195.43758,54.379517,26.653534,0.8441834,-1,-1,-1
224,11789,751.14215,217.46455,58.23517,24.72377,0.80097157,-1,-1,-1
224,11711,506.5104,59.270054,17.068878,17.915035,0.7652661,-1,-1,-1
224,11794,245.40749,276.2495,71.69908,32.85208,0.79124135,-1,-1,-1
224,11732,753.3491,269.75513,61.34436,31.033142,0.8448428,-1,-1,-1
224,11757,565.2802,216.03735,55.65619,28.701752,0.8161912,-1,-1,-1
224,11828,929.72925,300.3617,53.739075,30.074554,0.52025235,-1,-1,-1
224,11830,17.951109,335.8966,32.181183,45.646637,0.8017408,-1,-1,-1
224,11825,623.2694,202.36043,52.666504,23.894531,0.826995,-1,-1,-1
224,11683,231.92813,188.26143,59.078217,29.382126,0.3613038,-1,-1,-1
225,11669,482.1635,139.52492,24.641815,31.854797,0.82708925,-1,-1,-1
225,11677,842.1652,254.4436,55.826538,25.876038,0.8510723,-1,-1,-1
225,11712,340.7315,220.62813,65.34024,28.810974,0.82399476,-1,-1,-1
225,11713,836.9383,289.1915,63.90735,29.147186,0.8285094,-1,-1,-1
225,11714,301.10837,246.66966,66.19565,30.781754,0.8286535,-1,-1,-1
225,11674,474.63907,0.0,9.243744,9.461439,0.37043464,-1,-1,-1
225,11724,390.2004,238.87181,64.38162,30.015915,0.85269624,-1,-1,-1
225,11685,453.78723,202.21198,56.543304,28.178482,0.84424776,-1,-1,-1
225,11759,750.4273,200.96193,51.595398,21.399307,0.7163471,-1,-1,-1
225,11706,200.5317,254.81078,87.75386,35.380905,0.8019807,-1,-1,-1
225,11768,437.539,311.5286,75.74567,37.22168,0.79338735,-1,-1,-1
225,11752,532.36304,263.80435,65.20935,31.201172,0.8377859,-1,-1,-1
225,11758,595.42285,279.83844,61.455322,29.99115,0.80699015,-1,-1,-1
225,11728,521.53613,182.98666,50.273132,28.074448,0.8284136,-1,-1,-1
225,11777,437.44168,283.10245,73.938446,32.58676,0.81516176,-1,-1,-1
225,11791,789.0797,184.5659,49.201965,22.252441,0.81710094,-1,-1,-1
225,11802,879.60986,195.02122,54.428772,26.676224,0.8341973,-1,-1,-1
225,11789,746.7746,216.94597,58.57379,24.87262,0.8125058,-1,-1,-1
225,11711,506.28653,57.940224,17.129791,17.96952,0.74945825,-1,-1,-1
225,11794,251.23898,276.20282,69.931366,31.857208,0.8063139,-1,-1,-1
225,11732,757.14594,269.35178,61.273132,31.084686,0.83955073,-1,-1,-1
225,11757,560.5288,215.04301,56.79065,29.11354,0.80863684,-1,-1,-1
225,11828,930.258,299.90048,53.95294,30.219757,0.63791347,-1,-1,-1
225,11830,17.953222,336.27118,34.686897,45.49707,0.8096076,-1,-1,-1
225,11825,620.0591,201.99838,53.298096,24.12239,0.83346015,-1,-1,-1
225,11683,226.7108,188.02101,59.305923,29.541748,0.48255152,-1,-1,-1
225,11835,1012.7649,188.98439,10.550964,15.596191,0.5945297,-1,-1,-1
226,11669,482.10922,139.05385,24.770203,32.059723,0.8344448,-1,-1,-1
226,11677,846.585,254.24464,55.816956,25.837814,0.8408177,-1,-1,-1
226,11712,335.2966,220.4941,65.33392,28.941742,0.82405216,-1,-1,-1
226,11713,840.4058,288.7086,65.0827,29.63147,0.8285972,-1,-1,-1
226,11714,300.1071,246.51486,66.35721,30.791626,0.82364804,-1,-1,-1
226,11674,474.87823,0.0,8.541229,8.532726,0.4677423,-1,-1,-1
226,11724,389.94073,238.6977,63.94455,29.90149,0.8489357,-1,-1,-1
226,11685,449.89566,202.04015,56.885773,28.34459,0.8404483,-1,-1,-1
226,11759,747.7977,200.44041,51.81891,21.402802,0.71092314,-1,-1,-1
226,11706,200.5882,254.73543,86.06525,34.848373,0.8201768,-1,-1,-1
226,11768,444.82315,311.25372,75.497345,37.18335,0.85926455,-1,-1,-1
226,11752,536.2405,263.61166,64.95117,31.111633,0.8338231,-1,-1,-1
226,11758,599.14606,279.39035,60.97473,29.978607,0.7309832,-1,-1,-1
226,11728,517.4406,182.65042,50.239014,28.189575,0.8690964,-1,-1,-1
226,11777,442.7647,282.62668,74.32855,32.94864,0.82816637,-1,-1,-1
226,11791,785.35046,184.3775,49.31012,22.24759,0.79849815,-1,-1,-1
226,11802,877.45013,194.77832,54.477783,26.65628,0.8421702,-1,-1,-1
226,11789,741.96704,215.97491,60.273743,25.627289,0.82755345,-1,-1,-1
226,11711,506.5153,56.69362,16.787811,17.630692,0.773723,-1,-1,-1
226,11794,255.73393,275.86023,70.593124,32.089355,0.82822603,-1,-1,-1
226,11732,760.8218,268.61142,62.141357,31.687775,0.83705175,-1,-1,-1
226,11757,555.8312,213.89584,59.035095,30.083725,0.8195218,-1,-1,-1
226,11828,930.5978,299.84055,53.99414,30.247314,0.6697313,-1,-1,-1
226,11830,17.635332,336.43707,37.96067,46.26346,0.78347707,-1,-1,-1
226,11825,616.8101,201.81845,54.009583,24.387238,0.8279216,-1,-1,-1
226,11683,219.9157,187.43611,60.92479,30.392715,0.50159967,-1,-1,-1
226,11835,1011.4513,187.91254,11.121765,16.3573,0.6390245,-1,-1,-1
226,11837,2.075993,301.81232,30.671597,39.741394,0.47832346,-1,-1,-1
227,11669,482.1029,138.6024,24.82904,32.269287,0.8378301,-1,-1,-1
227,11677,850.8657,253.87692,55.6864,25.774414,0.8521983,-1,-1,-1
227,11712,330.59036,220.43745,64.73859,28.80243,0.8403434,-1,-1,-1
227,11713,844.66095,288.2184,64.91022,29.48993,0.8134929,-1,-1,-1
227,11714,299.57507,246.42076,66.175964,30.62001,0.81599814,-1,-1,-1
227,11724,390.05154,238.46107,63.985565,30.01561,0.86373407,-1,-1,-1
227,11685,446.29642,201.659,57.053772,28.40805,0.84540886,-1,-1,-1
227,11759,745.3815,200.18245,50.478943,20.774033,0.63584715,-1,-1,-1
227,11706,200.58984,254.644,84.52829,34.30928,0.82433486,-1,-1,-1
227,11768,450.61713,311.07214,75.17395,37.050568,0.83964896,-1,-1,-1
227,11752,540.456,263.3228,64.23352,30.737488,0.85118276,-1,-1,-1
227,11758,605.22705,278.33,62.46808,30.657867,0.7149504,-1,-1,-1
227,11728,513.4822,182.339,50.007385,28.093185,0.83271104,-1,-1,-1
227,11777,447.73825,282.0606,75.64188,33.764313,0.8297721,-1,-1,-1
227,11791,782.6174,184.26794,49.308655,22.19934,0.7612016,-1,-1,-1
227,11802,874.66693,194.25111,55.191772,27.067917,0.8317342,-1,-1,-1
227,11789,738.3137,215.74881,60.29779,25.700806,0.82825655,-1,-1,-1
227,11711,506.1951,55.41365,16.944977,17.836792,0.7875198,-1,-1,-1
227,11794,260.48495,275.6307,72.03992,32.75403,0.82339996,-1,-1,-1
227,11732,764.9631,268.43594,61.589478,31.4346,0.83114624,-1,-1,-1
227,11757,551.50586,212.75581,61.168335,30.984863,0.8327314,-1,-1,-1
227,11828,931.04517,299.79108,53.919556,30.18573,0.4881453,-1,-1,-1
227,11830,18.253965,337.00113,40.476105,45.656616,0.75387156,-1,-1,-1
227,11825,613.01184,201.61093,53.73529,24.243912,0.8293287,-1,-1,-1
227,11835,1009.9529,186.49596,12.141541,17.70459,0.6805333,-1,-1,-1
227,11837,4.5543723,301.9697,31.772783,40.894226,0.64556867,-1,-1,-1
227,11838,1010.76556,228.84639,13.234436,24.426422,0.33862206,-1,-1,-1
228,11669,481.883,138.1695,24.882782,32.455353,0.84427243,-1,-1,-1
228,11677,855.4314,253.61855,55.495544,25.62004,0.853823,-1,-1,-1
228,11712,325.87164,220.1293,65.31317,29.168015,0.84349215,-1,-1,-1
228,11713,848.5088,287.2773,66.48743,30.252441,0.8596329,-1,-1,-1
228,11714,299.27124,246.1622,66.18228,30.54477,0.81614107,-1,-1,-1
228,11724,390.09256,238.19597,63.793854,30.00441,0.866652,-1,-1,-1
228,11685,442.45032,201.4285,56.953888,28.325378,0.85169595,-1,-1,-1
228,11759,742.8378,199.88356,50.61206,20.745499,0.60745174,-1,-1,-1
228,11706,199.8546,254.5487,85.19179,34.763245,0.82967186,-1,-1,-1
228,11768,455.9184,310.82916,74.8313,36.922363,0.8585044,-1,-1,-1
228,11752,543.9086,262.88904,63.87555,30.565552,0.84782964,-1,-1,-1
228,11758,609.05835,277.5365,63.87268,31.410095,0.81071585,-1,-1,-1
228,11728,509.58826,182.20996,49.903625,28.095276,0.8276606,-1,-1,-1
228,11777,452.40643,281.6889,75.39319,33.838654,0.79728645,-1,-1,-1
228,11791,779.8572,184.09245,49.35443,22.13086,0.7597585,-1,-1,-1
228,11802,873.0435,193.85847,55.03485,26.958405,0.8325961,-1,-1,-1
228,11789,734.5024,215.16353,60.711853,25.97139,0.81220865,-1,-1,-1
228,11711,505.44,54.51014,16.998474,17.913559,0.822177,-1,-1,-1
228,11794,265.1807,274.86978,72.12628,32.888,0.8122694,-1,-1,-1
228,11732,769.57996,268.47308,60.433594,30.77298,0.8221437,-1,-1,-1
228,11757,546.90906,211.37262,64.26892,32.53737,0.8167481,-1,-1,-1
228,11828,931.62006,299.79788,53.72058,30.028046,0.42782998,-1,-1,-1
228,11830,27.134855,337.19342,43.433342,43.71646,0.78907645,-1,-1,-1
228,11825,609.25433,201.54884,54.194336,24.453705,0.8307443,-1,-1,-1
228,11835,1008.72473,184.66573,13.246704,19.13739,0.664478,-1,-1,-1
228,11837,6.2638016,301.54007,34.57452,44.01648,0.6669746,-1,-1,-1
228,11838,1010.598,228.61209,13.401978,25.298355,0.41026196,-1,-1,-1
229,11669,481.80157,137.83076,24.844513,32.52765,0.8412521,-1,-1,-1
229,11677,859.8593,253.36743,55.255493,25.465027,0.8487038,-1,-1,-1
229,11712,321.77084,220.17781,64.79172,28.937546,0.83456206,-1,-1,-1
229,11713,852.55865,287.25122,66.1178,30.048798,0.8365874,-1,-1,-1
229,11714,299.7553,246.06891,64.77985,29.716553,0.8141828,-1,-1,-1
229,11724,389.95496,237.98091,63.78076,30.06099,0.86842906,-1,-1,-1
229,11685,438.54453,201.4177,56.812927,28.249908,0.83866143,-1,-1,-1
229,11759,740.236,199.61656,50.47534,20.640762,0.6909433,-1,-1,-1
229,11706,200.33261,254.30592,84.77518,34.72032,0.80646265,-1,-1,-1
229,11768,460.7999,310.5118,74.68198,36.8425,0.8557684,-1,-1,-1
229,11752,547.6803,262.35358,64.804565,31.048584,0.8359762,-1,-1,-1
229,11758,613.43066,277.0046,63.388794,31.199066,0.8102063,-1,-1,-1
229,11728,505.03632,181.99864,50.0766,28.261856,0.8672679,-1,-1,-1
229,11777,458.67407,281.37073,73.89813,33.20929,0.79905707,-1,-1,-1
229,11791,777.331,183.5726,50.12848,22.405502,0.61839324,-1,-1,-1
229,11802,871.1802,193.63084,55.351257,27.110794,0.8272279,-1,-1,-1
229,11789,730.8783,214.99535,60.713135,26.054855,0.8091304,-1,-1,-1
229,11711,505.11246,53.55832,16.996307,17.923225,0.8080564,-1,-1,-1
229,11794,269.14435,274.54388,72.073456,32.805542,0.80940366,-1,-1,-1
229,11732,773.68243,268.16714,60.690796,30.82611,0.8299879,-1,-1,-1
229,11757,541.1545,210.89763,64.26904,32.69725,0.80411404,-1,-1,-1
229,11828,932.2197,299.83746,53.256714,29.727966,0.38025475,-1,-1,-1
229,11830,31.657965,336.8355,48.577606,44.70395,0.7485008,-1,-1,-1
229,11825,606.70605,201.21,54.720276,24.65097,0.8254656,-1,-1,-1
229,11835,1007.6376,182.85495,14.398376,20.561829,0.5377659,-1,-1,-1
229,11837,9.941757,301.41415,34.44927,42.743073,0.7383339,-1,-1,-1
230,11669,481.6466,137.26138,24.633728,32.367554,0.833702,-1,-1,-1
230,11677,864.28345,253.16525,54.925232,25.22931,0.8437326,-1,-1,-1
230,11712,317.3297,220.48686,64.29468,28.652435,0.83596116,-1,-1,-1
230,11713,856.8606,286.34024,66.15747,30.105804,0.8379995,-1,-1,-1
230,11714,300.18457,246.21812,63.8797,29.090439,0.812247,-1,-1,-1
230,11724,389.79495,237.6415,64.12341,30.271622,0.8575516,-1,-1,-1
230,11685,434.29596,201.23221,57.438446,28.527603,0.83861315,-1,-1,-1
230,11759,737.0243,199.35065,51.091003,20.858307,0.6689174,-1,-1,-1
230,11706,199.2153,254.43771,84.40158,34.778107,0.8185802,-1,-1,-1
230,11768,465.787,310.39285,74.57367,36.752106,0.8574404,-1,-1,-1
230,11752,551.4652,262.00952,64.72821,31.058868,0.85995466,-1,-1,-1
230,11758,618.74097,276.77148,61.64795,30.219543,0.791745,-1,-1,-1
230,11728,501.5572,181.78351,49.56555,27.971573,0.82936925,-1,-1,-1
230,11777,463.5375,280.96454,73.35953,33.086395,0.8132129,-1,-1,-1
230,11791,773.586,182.87057,51.167664,22.876099,0.6736166,-1,-1,-1
230,11802,868.6388,193.37819,56.04297,27.539963,0.836759,-1,-1,-1
230,11789,726.53467,214.3665,61.78546,26.686646,0.8230115,-1,-1,-1
230,11711,504.87143,52.304066,16.94455,17.902943,0.79173636,-1,-1,-1
230,11794,273.22235,274.06943,72.79086,33.14624,0.77666044,-1,-1,-1
230,11732,777.1125,267.56213,61.62445,31.351227,0.82782507,-1,-1,-1
230,11757,536.92236,210.7781,64.30023,32.803253,0.82508576,-1,-1,-1
230,11830,36.222492,335.83585,52.770145,45.169525,0.82529277,-1,-1,-1
230,11825,605.62317,201.228,54.002075,24.422302,0.8128473,-1,-1,-1
230,11835,1006.6668,181.90022,15.067078,21.175552,0.5010401,-1,-1,-1
230,11837,11.323414,301.33826,36.88937,44.46814,0.7579683,-1,-1,-1
231,11669,481.51874,136.7993,24.593323,32.373215,0.8329045,-1,-1,-1
231,11677,868.13007,252.7369,55.99884,25.701859,0.8520165,-1,-1,-1
231,11712,312.94916,220.26595,64.07086,28.5383,0.8223745,-1,-1,-1
231,11713,861.1694,286.5553,65.39618,29.643585,0.8298567,-1,-1,-1
231,11714,299.80167,246.29346,62.67871,28.384064,0.81992686,-1,-1,-1
231,11724,389.36102,237.24164,64.71817,30.631165,0.8647593,-1,-1,-1
231,11685,430.7324,200.91096,56.723328,28.09311,0.8280673,-1,-1,-1
231,11759,734.1687,199.17851,51.442505,21.014832,0.69711035,-1,-1,-1
231,11706,198.56271,254.33946,84.32135,34.973557,0.8314215,-1,-1,-1
231,11768,471.36743,310.21103,74.19672,36.54294,0.850955,-1,-1,-1
231,11752,554.63916,261.4462,65.74701,31.575165,0.8343303,-1,-1,-1
231,11758,623.8935,276.80273,60.864258,29.649261,0.80007845,-1,-1,-1
231,11728,497.7256,181.67073,49.12323,27.689117,0.83001417,-1,-1,-1
231,11777,469.18945,281.07547,71.245056,32.137817,0.8094096,-1,-1,-1
231,11791,770.1928,182.51367,51.872253,23.211792,0.57229215,-1,-1,-1
231,11802,866.67395,192.87566,56.187378,27.683533,0.8314528,-1,-1,-1
231,11789,722.9736,214.27654,61.979614,26.832077,0.82434165,-1,-1,-1
231,11711,504.71277,51.16891,16.619629,17.481022,0.7131521,-1,-1,-1
231,11794,277.50287,273.66177,73.359985,33.49353,0.7704238,-1,-1,-1
231,11732,781.45795,267.3661,61.510803,31.24768,0.7951549,-1,-1,-1
231,11757,533.55066,211.20348,63.99005,32.60257,0.8175009,-1,-1,-1
231,11830,39.771927,334.56125,57.481194,46.406464,0.8061222,-1,-1,-1
231,11825,599.13904,200.7845,55.03723,24.57344,0.78573495,-1,-1,-1
231,11835,1005.43134,182.08992,14.987793,20.349258,0.5472334,-1,-1,-1
231,11837,10.974527,300.7444,39.457947,46.233765,0.70148927,-1,-1,-1
232,11669,481.3774,136.17267,24.629364,32.473724,0.8304763,-1,-1,-1
232,11677,872.17847,252.15799,56.45453,25.926483,0.84265894,-1,-1,-1
232,11712,308.27,220.13094,63.9964,28.503662,0.8177286,-1,-1,-1
232,11713,865.7963,286.06683,65.37207,29.59668,0.8034916,-1,-1,-1
232,11714,299.46863,246.04132,62.86911,28.378967,0.8228866,-1,-1,-1
232,11724,389.12067,237.03746,64.69876,30.7585,0.8685597,-1,-1,-1
232,11685,427.2236,200.69983,56.52722,27.925568,0.83598536,-1,-1,-1
232,11759,731.23816,198.76682,52.22107,21.307358,0.7021447,-1,-1,-1
232,11706,198.14143,254.30107,84.35811,35.175674,0.8380794,-1,-1,-1
232,11768,476.49203,310.1008,73.71353,36.23462,0.8528071,-1,-1,-1
232,11752,559.10144,261.49728,64.872314,31.097473,0.83244497,-1,-1,-1
232,11758,628.10016,276.65372,61.428528,29.678528,0.7897314,-1,-1,-1
232,11728,493.76004,181.63206,49.45645,27.873032,0.8234589,-1,-1,-1
232,11777,474.653,280.56018,71.477356,32.26007,0.8065463,-1,-1,-1
232,11791,766.5388,182.22644,52.609375,23.584198,0.40841708,-1,-1,-1
232,11802,864.46606,192.26917,56.727295,27.989548,0.82791626,-1,-1,-1
232,11789,719.52655,214.09558,62.505676,27.099854,0.8148676,-1,-1,-1
232,11711,504.63373,50.28776,16.402649,17.27071,0.77218705,-1,-1,-1
232,11794,283.41287,273.03174,71.464874,32.522247,0.7405018,-1,-1,-1
232,11732,785.41907,266.8356,62.151123,31.512726,0.8205388,-1,-1,-1
232,11757,529.0985,211.73265,63.1593,32.1705,0.82223374,-1,-1,-1
232,11830,44.45107,334.63882,60.147976,45.880524,0.8119077,-1,-1,-1
232,11825,595.3194,200.30817,56.585876,25.168854,0.7836711,-1,-1,-1
232,11835,1003.40704,181.24684,16.373596,21.495453,0.5556789,-1,-1,-1
232,11837,13.774889,300.6596,42.62729,47.838135,0.73958963,-1,-1,-1
233,11669,481.39948,135.64737,24.627075,32.49742,0.8299746,-1,-1,-1
233,11677,876.058,251.76288,56.850464,26.092102,0.84263945,-1,-1,-1
233,11712,303.43076,219.9147,64.01303,28.478516,0.8278599,-1,-1,-1
233,11713,870.0918,285.41382,66.206116,30.0271,0.8094146,-1,-1,-1
233,11714,300.7493,245.40977,63.49991,28.758804,0.83083725,-1,-1,-1
233,11724,388.85822,236.84035,64.73035,30.916733,0.8550658,-1,-1,-1
233,11685,423.23984,200.74666,56.67383,27.925537,0.8541649,-1,-1,-1
233,11759,728.7287,198.82753,52.214233,21.30484,0.7760261,-1,-1,-1
233,11706,198.01578,254.05458,84.60486,35.450943,0.8388684,-1,-1,-1
233,11768,482.1543,309.96243,73.356995,35.97751,0.8485025,-1,-1,-1
233,11752,562.53925,261.34842,64.68341,30.963196,0.84410083,-1,-1,-1
233,11758,633.55096,276.44675,62.212463,30.05072,0.7899302,-1,-1,-1
233,11728,489.83853,181.31714,49.467438,27.864899,0.83152705,-1,-1,-1
233,11777,479.47806,280.1311,70.7269,31.881805,0.7811797,-1,-1,-1
233,11791,763.2732,181.79254,52.3916,23.607681,0.5999705,-1,-1,-1
233,11802,862.2346,191.87192,56.83905,28.073685,0.82677597,-1,-1,-1
233,11789,715.727,214.14856,61.93866,26.930664,0.8196601,-1,-1,-1
233,11711,504.5004,49.28121,16.046173,16.916206,0.77588713,-1,-1,-1
233,11794,289.51593,272.6106,71.37027,32.603546,0.7831867,-1,-1,-1
233,11732,788.899,266.58188,61.90912,31.385681,0.8300828,-1,-1,-1
233,11757,524.9605,211.53534,63.43817,32.340652,0.8487722,-1,-1,-1
233,11830,49.285496,333.97293,62.96059,45.680298,0.85365874,-1,-1,-1
233,11825,593.15155,199.80215,56.8974,25.374146,0.79221886,-1,-1,-1
233,11835,1001.7043,180.58385,17.348022,21.891602,0.71075696,-1,-1,-1
233,11837,17.078508,300.92743,44.94925,47.564667,0.76325685,-1,-1,-1
234,11669,481.4803,135.17407,24.4505,32.27237,0.8271575,-1,-1,-1
234,11677,880.14374,251.52367,57.15686,26.253159,0.8539243,-1,-1,-1
234,11712,299.15158,220.07666,64.117096,28.433472,0.8228768,-1,-1,-1
234,11713,874.11664,284.98584,67.552246,30.607025,0.8000403,-1,-1,-1
234,11714,301.16705,245.06683,63.907135,29.05832,0.8341299,-1,-1,-1
234,11724,388.68494,236.81548,63.95807,30.626938,0.83164734,-1,-1,-1
234,11685,419.07452,200.76756,56.919647,27.965714,0.829127,-1,-1,-1
234,11759,726.941,198.71832,51.75586,21.132294,0.79267967,-1,-1,-1
234,11706,198.20119,254.10655,83.88771,35.289536,0.84290457,-1,-1,-1
234,11768,487.14697,309.88702,73.493774,35.9458,0.84657514,-1,-1,-1
234,11752,566.6463,261.11987,64.93396,31.025269,0.83538127,-1,-1,-1
234,11758,638.14166,276.40955,62.741577,30.208618,0.7712101,-1,-1,-1
234,11728,485.4233,180.94765,49.819855,28.07779,0.8317143,-1,-1,-1
234,11777,485.03793,280.367,69.320404,31.196991,0.7840815,-1,-1,-1
234,11791,759.03326,181.30453,52.68219,23.846725,0.7272347,-1,-1,-1
234,11802,860.47473,191.64592,56.39807,27.877213,0.8262503,-1,-1,-1
234,11789,712.39435,213.99036,62.185364,27.140274,0.82309663,-1,-1,-1
234,11711,503.9989,48.13565,16.160095,17.034431,0.80900675,-1,-1,-1
234,11794,294.41266,272.0253,71.04532,32.58606,0.8065288,-1,-1,-1
234,11732,794.07056,266.52847,61.12744,31.000305,0.83740556,-1,-1,-1
234,11757,520.6212,211.56819,63.73761,32.562286,0.83293796,-1,-1,-1
234,11830,54.19198,333.69376,66.39192,46.10144,0.8519595,-1,-1,-1
234,11825,590.5461,199.33847,58.12561,26.028885,0.81203556,-1,-1,-1
234,11835,999.67255,179.99455,18.318176,22.001205,0.72889477,-1,-1,-1
234,11837,20.609531,300.46295,47.80125,47.255127,0.8065173,-1,-1,-1
235,11669,481.29355,134.81598,24.306519,32.05226,0.81361717,-1,-1,-1
235,11677,884.8596,251.33989,56.60614,26.048386,0.8354025,-1,-1,-1
235,11712,293.23303,220.19832,66.13849,29.400635,0.81932557,-1,-1,-1
235,11713,878.89465,285.0406,67.55975,30.614075,0.6632957,-1,-1,-1
235,11714,299.77698,245.20055,64.73346,29.493088,0.8241763,-1,-1,-1
235,11724,388.5148,236.76282,64.25513,30.811096,0.84492713,-1,-1,-1
235,11685,415.02563,200.95744,56.77185,27.79132,0.8409513,-1,-1,-1
235,11759,724.12964,198.78778,51.547363,21.002258,0.7836554,-1,-1,-1
235,11706,198.281,254.10493,83.31506,35.166428,0.83573216,-1,-1,-1
235,11768,491.9843,309.92926,73.75757,36.02069,0.8318006,-1,-1,-1
235,11752,570.2539,260.99384,65.10272,31.09848,0.82951087,-1,-1,-1
235,11758,643.85516,276.40308,62.37201,29.95346,0.7593401,-1,-1,-1
235,11728,481.24408,180.77621,50.267822,28.36325,0.8210531,-1,-1,-1
235,11777,489.04227,279.83215,71.8049,32.377014,0.7217321,-1,-1,-1
235,11791,755.7737,180.7719,53.076233,24.213394,0.6867985,-1,-1,-1
235,11802,857.90045,191.12022,57.092773,28.286041,0.8244332,-1,-1,-1
235,11789,710.06573,214.25488,60.219727,26.184677,0.8293047,-1,-1,-1
235,11711,503.34036,47.014202,16.440033,17.367466,0.8211881,-1,-1,-1
235,11794,297.6358,272.74347,72.54263,33.467712,0.81015164,-1,-1,-1
235,11732,797.9731,266.15344,61.832825,31.37799,0.8271039,-1,-1,-1
235,11757,516.05035,211.62242,63.929443,32.715195,0.8286197,-1,-1,-1
235,11830,61.18893,333.3312,68.14853,45.696686,0.7805765,-1,-1,-1
235,11825,586.87317,198.83147,59.572815,26.885696,0.81459355,-1,-1,-1
235,11835,997.96906,179.34195,19.773193,22.730286,0.6754962,-1,-1,-1
235,11837,24.841698,299.95215,50.36763,46.904846,0.78607523,-1,-1,-1
236,11669,481.04642,134.60965,24.261383,31.962128,0.80758965,-1,-1,-1
236,11677,889.04895,251.14621,56.33551,25.921967,0.8365784,-1,-1,-1
236,11712,287.60757,220.24501,67.35196,29.9552,0.80616385,-1,-1,-1
236,11713,883.04486,285.21362,65.99365,29.95337,0.4338217,-1,-1,-1
236,11714,298.9777,245.09491,65.30237,29.780365,0.85021394,-1,-1,-1
236,11724,388.18228,236.67368,63.67798,30.551147,0.8294416,-1,-1,-1
236,11685,411.06018,200.76233,57.056152,27.850586,0.8308481,-1,-1,-1
236,11759,721.4637,198.56659,51.73755,21.08519,0.7783464,-1,-1,-1
236,11706,197.38051,254.21222,82.87636,35.14853,0.82895774,-1,-1,-1
236,11768,496.83542,309.99844,73.35831,35.783966,0.8368017,-1,-1,-1
236,11752,573.6951,260.83066,64.98035,31.096191,0.8344982,-1,-1,-1
236,11758,647.65564,276.1933,64.79736,31.206238,0.7406392,-1,-1,-1
236,11728,477.39227,180.7574,49.70819,28.032043,0.8314875,-1,-1,-1
236,11777,493.2105,279.52304,72.26874,32.54596,0.6758547,-1,-1,-1
236,11791,752.37823,180.0449,53.808167,24.74849,0.49742058,-1,-1,-1
236,11802,855.8826,190.94182,57.08258,28.342178,0.81311435,-1,-1,-1
236,11789,705.2901,214.03644,61.365723,26.802582,0.82404417,-1,-1,-1
236,11711,502.79373,45.93741,16.434174,17.429054,0.81043917,-1,-1,-1
236,11794,302.88416,272.92612,72.11047,33.38733,0.8258702,-1,-1,-1
236,11732,801.7251,266.0614,62.076843,31.5318,0.83557,-1,-1,-1
236,11757,511.8806,211.45024,63.830444,32.725876,0.84302855,-1,-1,-1
236,11830,68.139114,333.2074,69.71547,45.4411,0.777064,-1,-1,-1
236,11825,583.6597,198.35933,60.16974,27.367493,0.8230618,-1,-1,-1
236,11835,996.6367,179.43509,20.76831,22.791733,0.5836905,-1,-1,-1
236,11837,29.935802,299.4388,53.04864,46.702026,0.80232406,-1,-1,-1
236,11683,161.75104,186.08507,64.13951,31.842575,0.29632396,-1,-1,-1
237,11669,480.97073,134.50432,24.22229,31.886444,0.80865216,-1,-1,-1
237,11677,893.2177,251.00613,56.848328,26.184326,0.8297522,-1,-1,-1
237,11712,279.79306,219.95149,69.79352,30.984726,0.84116524,-1,-1,-1
237,11714,297.7006,245.4087,65.493286,29.812576,0.8218657,-1,-1,-1
237,11724,387.90823,236.67842,63.569305,30.528702,0.82754856,-1,-1,-1
237,11685,406.8807,200.62894,57.934174,28.249817,0.83739775,-1,-1,-1
237,11759,719.2477,198.39853,52.085632,21.292465,0.73924106,-1,-1,-1
237,11706,196.74911,254.40034,82.51355,35.09926,0.83167106,-1,-1,-1
237,11768,502.21133,309.935,72.85373,35.405914,0.8415476,-1,-1,-1
237,11752,578.2963,260.87927,63.978027,30.572601,0.8226966,-1,-1,-1
237,11758,653.2091,276.13223,64.28894,31.136292,0.75626653,-1,-1,-1
237,11728,473.10507,180.67033,49.60544,27.949371,0.8292574,-1,-1,-1
237,11777,497.40405,279.71143,71.056946,31.937592,0.6818017,-1,-1,-1
237,11791,749.0294,179.73843,54.00244,25.117523,0.42170092,-1,-1,-1
237,11802,854.52655,191.15422,55.87024,27.742722,0.78805274,-1,-1,-1
237,11789,701.1964,214.11319,61.332764,26.89505,0.83611625,-1,-1,-1
237,11711,502.5233,45.00055,16.195465,17.182941,0.8126604,-1,-1,-1
237,11794,307.9011,272.48553,71.66153,33.292664,0.8074583,-1,-1,-1
237,11732,806.1104,266.03577,62.206177,31.587952,0.82648903,-1,-1,-1
237,11757,507.83066,211.55096,63.456573,32.577118,0.8322561,-1,-1,-1
237,11830,72.82057,333.4191,71.51146,45.16382,0.81245065,-1,-1,-1
237,11825,579.4798,197.76158,61.386597,28.161407,0.8087051,-1,-1,-1
237,11835,995.3559,178.75401,22.349121,23.430557,0.33905163,-1,-1,-1
237,11837,36.24547,298.88135,54.580162,45.466156,0.77878803,-1,-1,-1
238,11669,480.92877,134.36246,24.27063,31.916458,0.8127045,-1,-1,-1
238,11677,897.5677,250.66086,56.747314,26.174377,0.8255485,-1,-1,-1
238,11712,273.0718,220.13292,70.42279,31.363815,0.8278881,-1,-1,-1
238,11714,296.89548,245.35545,66.93857,30.549515,0.841268,-1,-1,-1
238,11724,387.64862,236.67973,63.540253,30.525558,0.82689303,-1,-1,-1
238,11685,402.8598,200.84708,57.721283,28.054306,0.8333598,-1,-1,-1
238,11759,717.00433,198.18568,51.733765,21.173431,0.7452517,-1,-1,-1
238,11706,195.81651,254.60019,82.832504,35.280914,0.8432991,-1,-1,-1
238,11768,507.16083,309.72052,73.351685,35.605225,0.83182055,-1,-1,-1
238,11752,581.6358,260.2974,64.449036,30.831055,0.8414011,-1,-1,-1
238,11758,658.82666,275.85165,62.963867,30.622467,0.8212692,-1,-1,-1
238,11728,468.65152,180.63463,50.266266,28.302856,0.83058256,-1,-1,-1
238,11777,502.67172,279.46097,70.92056,31.857544,0.7202747,-1,-1,-1
238,11791,746.15393,179.71205,52.56958,24.550613,0.5866154,-1,-1,-1
238,11802,852.453,191.00185,55.67694,27.605621,0.80405515,-1,-1,-1
238,11789,697.5845,213.78787,61.739807,27.148819,0.8121421,-1,-1,-1
238,11711,502.37607,43.892338,16.269623,17.30058,0.8104218,-1,-1,-1
238,11794,311.63855,272.72052,71.77594,33.398865,0.8276243,-1,-1,-1
238,11732,810.83575,265.88165,61.886597,31.348694,0.8248457,-1,-1,-1
238,11757,503.72455,211.7676,63.178528,32.455566,0.85450023,-1,-1,-1
238,11830,77.97184,333.51,73.34434,45.061676,0.8440821,-1,-1,-1
238,11825,574.99854,197.01471,63.562256,29.399231,0.8310105,-1,-1,-1
238,11835,994.75555,179.28574,22.808655,22.595749,0.35833475,-1,-1,-1
238,11837,42.39243,298.50552,56.16657,44.436005,0.74650574,-1,-1,-1
239,11669,480.71512,134.16946,24.427643,32.106873,0.8105335,-1,-1,-1
239,11677,902.72076,250.77925,56.12549,25.953568,0.84228504,-1,-1,-1
239,11712,267.88425,220.31633,71.317505,31.89357,0.8188384,-1,-1,-1
239,11714,296.02444,245.64697,66.53137,30.327087,0.8348524,-1,-1,-1
239,11724,387.5502,236.75548,63.354584,30.434586,0.8246053,-1,-1,-1
239,11685,399.15002,201.0839,57.168335,27.701126,0.83961564,-1,-1,-1
239,11759,714.682,198.00848,51.643555,21.127457,0.7812769,-1,-1,-1
239,11706,195.25853,254.77713,82.78609,35.28784,0.8421028,-1,-1,-1
239,11768,512.2337,309.47678,73.6499,35.65985,0.83326393,-1,-1,-1
239,11752,585.4289,259.95715,64.11926,30.768463,0.8241998,-1,-1,-1
239,11758,662.1346,274.99518,63.924194,31.0766,0.83685935,-1,-1,-1
239,11728,463.97757,180.46051,50.44522,28.40207,0.8407905,-1,-1,-1
239,11777,507.20984,279.27078,70.90082,31.862793,0.6918073,-1,-1,-1
239,11791,743.1608,179.55453,51.832397,24.263199,0.44897544,-1,-1,-1
239,11802,850.2038,190.9634,55.721558,27.6073,0.80603284,-1,-1,-1
239,11789,694.09827,213.60732,61.295593,27.020248,0.8343661,-1,-1,-1
239,11711,502.02332,42.846386,16.287415,17.406631,0.7948105,-1,-1,-1
239,11794,315.3744,272.64282,72.539,33.815308,0.8007276,-1,-1,-1
239,11732,814.6204,265.57727,61.982544,31.38797,0.837677,-1,-1,-1
239,11757,499.4304,211.77226,63.027435,32.371017,0.84171677,-1,-1,-1
239,11830,83.132965,333.26123,75.06995,45.10611,0.8559903,-1,-1,-1
239,11825,571.3756,196.94984,64.09723,29.866379,0.8270726,-1,-1,-1
239,11835,993.53455,180.00471,23.344727,21.664246,0.6035622,-1,-1,-1
239,11837,48.88007,298.09396,58.11427,43.934296,0.73915005,-1,-1,-1
240,11669,480.3664,133.84204,24.472351,32.10559,0.8125397,-1,-1,-1
240,11677,906.57855,250.66322,56.807068,26.306198,0.8340664,-1,-1,-1
240,11712,263.55368,220.3525,70.14197,31.503326,0.8167061,-1,-1,-1
240,11714,295.16824,245.89384,66.678314,30.377213,0.8351219,-1,-1,-1
240,11724,387.1521,236.76323,63.41977,30.504135,0.826323,-1,-1,-1
240,11685,394.92923,201.1198,57.346893,27.693924,0.8378289,-1,-1,-1
240,11759,711.4088,197.74063,52.409058,21.462433,0.77547896,-1,-1,-1
240,11706,194.75432,255.02922,82.630356,35.22191,0.82956636,-1,-1,-1
240,11768,517.312,309.54175,73.16382,35.290985,0.83070517,-1,-1,-1
240,11752,589.2708,259.56564,64.53192,31.053467,0.84864664,-1,-1,-1
240,11758,666.00903,274.58392,63.74829,30.940735,0.83381665,-1,-1,-1
240,11728,459.69623,180.78062,49.86966,28.041367,0.82476175,-1,-1,-1
240,11777,511.0756,279.13763,71.05893,31.90332,0.7560579,-1,-1,-1
240,11791,739.8416,179.36359,51.328003,24.08197,0.63793445,-1,-1,-1
240,11802,847.706,190.35722,56.58252,28.086563,0.7973436,-1,-1,-1
240,11789,689.9785,213.56741,61.0166,27.029419,0.8301359,-1,-1,-1
240,11711,501.45697,41.700535,16.285583,17.447052,0.7806066,-1,-1,-1
240,11794,319.23248,272.16257,73.027985,34.020905,0.78842986,-1,-1,-1
240,11732,818.5368,265.44174,61.759094,31.214874,0.83094597,-1,-1,-1
240,11757,495.10458,211.65181,63.277557,32.50197,0.8349057,-1,-1,-1
240,11830,89.42266,333.07217,76.34264,44.94049,0.8570155,-1,-1,-1
240,11825,568.12463,196.80518,62.764587,29.446838,0.82467717,-1,-1,-1
240,11835,991.88544,179.99825,24.495972,21.310257,0.67688257,-1,-1,-1
240,11837,54.850697,297.8171,61.672077,45.242767,0.78479606,-1,-1,-1
240,11840,1016.21954,212.45897,6.5302734,20.6194,0.4988136,-1,-1,-1
241,11669,480.16306,133.53955,24.63684,32.277588,0.8187824,-1,-1,-1
241,11677,910.6302,250.20253,56.909668,26.408127,0.840244,-1,-1,-1
241,11712,258.168,220.4527,70.52536,31.875946,0.83032143,-1,-1,-1
241,11714,293.4575,245.70723,68.85245,31.433853,0.81586903,-1,-1,-1
241,11724,387.3025,236.7944,63.58365,30.594177,0.83103234,-1,-1,-1
241,11685,390.29153,201.22585,56.835236,27.330444,0.836474,-1,-1,-1
241,11759,709.3527,197.68141,51.760193,21.22084,0.78579825,-1,-1,-1
241,11706,194.35753,255.10414,83.19954,35.43608,0.83255196,-1,-1,-1
241,11768,521.82336,309.36426,74.11749,35.72403,0.8273318,-1,-1,-1
241,11752,593.1127,259.4999,64.47003,31.026611,0.79465497,-1,-1,-1
241,11758,670.1865,273.87543,64.505005,31.399414,0.83484995,-1,-1,-1
241,11728,454.6942,180.45998,50.59015,28.544144,0.8379414,-1,-1,-1
241,11777,514.8855,278.5855,73.4043,33.11377,0.7152288,-1,-1,-1
241,11791,736.71893,179.46712,51.083862,23.960632,0.6354361,-1,-1,-1
241,11802,845.0614,189.83754,57.486816,28.618103,0.8114312,-1,-1,-1
241,11789,686.42004,213.4721,61.235107,27.202545,0.829338,-1,-1,-1
241,11711,501.15274,40.923676,16.313202,17.556076,0.79293346,-1,-1,-1
241,11794,323.9063,271.83755,73.12195,34.04486,0.77957594,-1,-1,-1
241,11732,822.9897,265.14694,62.435303,31.741272,0.8464494,-1,-1,-1
241,11757,490.34915,211.36975,63.907867,32.845596,0.8452654,-1,-1,-1
241,11830,94.77934,332.85498,77.993835,45.15625,0.8581046,-1,-1,-1
241,11825,565.18726,196.68297,62.23047,29.370148,0.8191747,-1,-1,-1
241,11835,990.2287,179.92816,25.842773,21.155777,0.6835622,-1,-1,-1
241,11837,59.04322,297.78745,64.31687,45.974518,0.8169504,-1,-1,-1
241,11840,1014.85596,212.54045,6.7297363,20.906128,0.6562436,-1,-1,-1
242,11669,479.98068,133.3597,24.809326,32.479965,0.8178224,-1,-1,-1
242,11677,915.55273,250.21088,56.505188,26.297577,0.83634424,-1,-1,-1
242,11712,252.34555,220.65271,70.28702,31.918365,0.830221,-1,-1,-1
242,11714,292.6853,245.70065,69.78262,31.98407,0.8307807,-1,-1,-1
242,11724,386.56317,236.44797,64.77878,31.261658,0.8353039,-1,-1,-1
242,11685,386.48483,201.61014,56.4328,26.975128,0.8373275,-1,-1,-1
242,11759,707.2693,197.72336,52.416565,21.583694,0.7100681,-1,-1,-1
242,11706,193.90553,255.11417,83.17522,35.418304,0.8438221,-1,-1,-1
242,11768,527.1642,309.26862,74.43024,35.74298,0.8354281,-1,-1,-1
242,11752,596.8509,259.4515,64.13519,30.901123,0.7938148,-1,-1,-1
242,11758,674.8155,273.89716,64.437256,31.292206,0.8270305,-1,-1,-1
242,11728,449.8619,180.14006,50.831116,28.685501,0.8370969,-1,-1,-1
242,11777,520.1255,278.41174,73.25049,33.094513,0.81696874,-1,-1,-1
242,11791,732.9759,179.29518,51.912537,24.376617,0.38476652,-1,-1,-1
242,11802,842.8584,189.75833,58.14081,28.987656,0.81576955,-1,-1,-1
242,11789,682.5575,213.06618,61.872498,27.54216,0.8231103,-1,-1,-1
242,11711,500.67944,39.84838,16.467041,17.803555,0.78697383,-1,-1,-1
242,11794,328.93695,271.79507,73.104614,34.09897,0.7867672,-1,-1,-1
242,11732,826.5607,265.18793,62.613037,31.88971,0.8320643,-1,-1,-1
242,11757,485.5212,211.51157,63.89328,32.857803,0.8439166,-1,-1,-1
242,11830,101.60674,333.1098,78.14796,44.506134,0.8564717,-1,-1,-1
242,11825,562.12396,197.00252,60.889587,28.84665,0.8088197,-1,-1,-1
242,11835,988.5415,179.8684,27.454712,21.233597,0.7053262,-1,-1,-1
242,11837,64.90664,297.95184,66.04473,46.098083,0.8191799,-1,-1,-1
242,11840,1013.1595,211.42429,6.9282227,20.813034,0.692076,-1,-1,-1
242,11683,124.78229,187.25072,63.538544,31.378769,0.35640442,-1,-1,-1
243,11669,479.95532,133.20953,24.921509,32.5755,0.8152256,-1,-1,-1
243,11677,919.4682,250.20377,56.88965,26.47342,0.82551366,-1,-1,-1
243,11712,246.98404,220.64627,69.821045,31.876877,0.82152635,-1,-1,-1
243,11714,291.99942,245.56125,70.65933,32.504333,0.8356304,-1,-1,-1
243,11724,387.0447,236.63544,63.87506,30.79712,0.8313575,-1,-1,-1
243,11685,381.7522,201.47395,58.053955,27.725952,0.83467156,-1,-1,-1
243,11759,704.5291,197.6033,52.151123,21.500107,0.75915885,-1,-1,-1
243,11706,193.82301,255.15076,82.75661,35.218872,0.84151983,-1,-1,-1
243,11768,532.0845,309.21713,74.087524,35.513733,0.80782986,-1,-1,-1
243,11752,600.02795,259.54663,64.27655,31.027252,0.8007997,-1,-1,-1
243,11758,679.00665,273.32748,64.76062,31.53012,0.85525405,-1,-1,-1
243,11728,445.99258,180.11699,50.87445,28.732956,0.82939255,-1,-1,-1
243,11777,525.48816,278.2406,72.6391,32.8338,0.7533476,-1,-1,-1
243,11791,729.6399,179.23128,52.09552,24.454742,0.45576143,-1,-1,-1
243,11802,840.66003,189.64612,58.47229,29.231781,0.7873154,-1,-1,-1
243,11789,678.3008,213.00551,62.352478,27.876404,0.81187946,-1,-1,-1
243,11711,500.44748,38.819065,16.465057,17.8726,0.78322357,-1,-1,-1
243,11794,334.31088,271.80054,72.92285,34.051117,0.84700066,-1,-1,-1
243,11732,830.2539,265.10983,62.596924,31.946991,0.82630783,-1,-1,-1
243,11757,480.90225,211.5596,64.295074,33.07602,0.83415484,-1,-1,-1
243,11830,106.925415,333.09158,79.12869,44.478424,0.8611558,-1,-1,-1
243,11825,559.99756,196.9372,59.57776,28.213623,0.7976214,-1,-1,-1
243,11835,986.59235,179.66125,29.172913,21.435654,0.7777555,-1,-1,-1
243,11837,70.75227,297.91934,67.42027,46.034515,0.8435362,-1,-1,-1
243,11840,1011.4144,210.26352,7.918762,22.747894,0.6848645,-1,-1,-1
243,11683,118.362656,187.54114,63.725143,31.431122,0.51752555,-1,-1,-1
244,11669,480.21866,133.15863,24.854553,32.440094,0.8136431,-1,-1,-1
244,11677,923.3594,249.71918,57.402954,26.613068,0.83220094,-1,-1,-1
244,11712,241.56612,220.96584,68.86778,31.361526,0.83042467,-1,-1,-1
244,11714,291.34634,245.59479,70.795105,32.614563,0.8450856,-1,-1,-1
244,11724,387.31213,236.69266,63.323242,30.480103,0.83285844,-1,-1,-1
244,11685,377.64322,201.70857,57.57782,27.360596,0.8294251,-1,-1,-1
244,11759,701.35583,197.2291,53.03711,21.961166,0.721878,-1,-1,-1
244,11706,193.71608,255.25728,82.41289,35.0569,0.8367941,-1,-1,-1
244,11768,538.15564,308.93723,73.8208,35.284607,0.81576544,-1,-1,-1
244,11752,604.5418,259.74426,63.482666,30.660034,0.8110799,-1,-1,-1
244,11758,683.2486,273.108,65.28815,31.741821,0.826603,-1,-1,-1
244,11728,441.20068,179.94658,51.403748,29.116608,0.832069,-1,-1,-1
244,11777,530.05664,278.10223,71.79089,32.426056,0.7453793,-1,-1,-1
244,11791,725.7022,178.96272,52.565002,24.680832,0.32364193,-1,-1,-1
244,11802,838.071,189.396,58.804077,29.48462,0.8035659,-1,-1,-1
244,11789,674.1094,213.24283,62.084473,27.879837,0.8217316,-1,-1,-1
244,11711,500.4112,37.781124,16.114563,17.540615,0.78856635,-1,-1,-1
244,11794,339.77664,271.61826,71.70615,33.41046,0.81956553,-1,-1,-1
244,11732,834.32104,264.82108,62.736694,32.078094,0.82826024,-1,-1,-1
244,11757,476.4615,211.56891,64.19165,32.997086,0.82837254,-1,-1,-1
244,11830,113.61979,333.33667,79.076515,43.799194,0.85534346,-1,-1,-1
244,11825,556.3829,196.73888,59.270447,28.226288,0.80807835,-1,-1,-1
244,11835,984.7686,179.70341,30.324402,21.135239,0.7729584,-1,-1,-1
244,11837,76.75215,297.77612,69.00781,46.328857,0.83664286,-1,-1,-1
244,11840,1009.74524,208.68233,9.039856,24.618683,0.71538204,-1,-1,-1
245,11669,479.91498,132.73744,25.37619,33.072784,0.8105149,-1,-1,-1
245,11677,928.1412,249.68869,56.863342,26.393799,0.8242171,-1,-1,-1
245,11712,236.48679,221.49915,68.17755,31.007706,0.82709724,-1,-1,-1
245,11714,291.2884,245.84315,70.043365,32.253677,0.84675777,-1,-1,-1
245,11724,386.74207,236.58163,64.01532,30.821533,0.85514736,-1,-1,-1
245,11685,373.3649,202.02448,58.128296,27.515564,0.8304626,-1,-1,-1
245,11759,698.4728,197.1348,53.065857,22.066498,0.8097565,-1,-1,-1
245,11706,193.6663,255.72353,81.69127,34.71544,0.82354355,-1,-1,-1
245,11768,542.4125,308.6276,75.11401,35.795074,0.7660614,-1,-1,-1
245,11752,607.8489,259.15494,66.11017,31.97992,0.8200848,-1,-1,-1
245,11758,688.18317,272.8801,65.17627,31.697266,0.83387,-1,-1,-1
245,11728,436.50293,179.88968,51.668396,29.325577,0.8416658,-1,-1,-1
245,11777,534.69104,277.9282,72.997314,32.991608,0.7176641,-1,-1,-1
245,11791,722.4514,178.77644,52.37091,24.604843,0.6435297,-1,-1,-1
245,11802,835.6356,189.36203,58.638916,29.466568,0.77929133,-1,-1,-1
245,11789,670.348,212.9897,62.45764,28.093033,0.812491,-1,-1,-1
245,11711,500.00552,37.108047,16.185638,17.669025,0.79930174,-1,-1,-1
245,11794,344.05127,271.26636,72.17331,33.645294,0.818105,-1,-1,-1
245,11732,838.4762,264.7679,62.593994,32.049988,0.8220484,-1,-1,-1
245,11757,471.8308,211.61026,64.13562,32.99359,0.8476673,-1,-1,-1
245,11830,119.41043,333.51355,79.34456,43.42639,0.85707307,-1,-1,-1
245,11825,552.6998,196.3399,59.805847,28.634125,0.8267477,-1,-1,-1
245,11835,982.55634,179.19423,32.25653,21.500153,0.76376504,-1,-1,-1
245,11837,83.29963,297.75818,69.43151,45.738586,0.84558976,-1,-1,-1
245,11840,1008.1201,206.81265,10.276428,26.37416,0.7299366,-1,-1,-1
245,11713,926.54895,283.74112,64.64081,28.625427,0.46395198,-1,-1,-1
245,11683,105.410194,187.82077,64.15139,31.68657,0.40198672,-1,-1,-1
246,11669,479.8693,132.40569,25.57138,33.317276,0.8076441,-1,-1,-1
246,11677,931.9488,249.61978,56.96521,26.437836,0.8169144,-1,-1,-1
246,11712,230.62299,221.92668,67.05859,30.322586,0.84518576,-1,-1,-1
246,11714,291.29965,246.02948,68.99896,31.736298,0.8367655,-1,-1,-1
246,11724,386.9468,236.86397,62.713745,30.107376,0.8378716,-1,-1,-1
246,11685,368.80276,201.99591,59.44171,28.12114,0.8289494,-1,-1,-1
246,11759,696.3419,197.32593,51.80316,21.572617,0.83084875,-1,-1,-1
246,11706,193.45929,255.64432,81.47919,34.592773,0.83335,-1,-1,-1
246,11768,548.2033,308.58194,74.60547,35.437195,0.7495351,-1,-1,-1
246,11752,611.4503,259.0406,67.79132,32.901367,0.8287469,-1,-1,-1
246,11758,693.09344,272.6385,64.98407,31.6232,0.8496559,-1,-1,-1
246,11728,432.07446,179.76378,51.592377,29.355728,0.8381617,-1,-1,-1
246,11777,539.416,277.73254,73.09943,33.054962,0.69870925,-1,-1,-1
246,11791,718.8046,178.77103,51.798645,24.29544,0.7026711,-1,-1,-1
246,11802,833.4099,189.24365,58.58557,29.509186,0.8014165,-1,-1,-1
246,11789,666.4733,213.22505,62.098083,27.986633,0.8281583,-1,-1,-1
246,11711,499.75122,36.140934,16.128357,17.657856,0.788451,-1,-1,-1
246,11794,348.7621,271.09814,71.70334,33.468933,0.8147399,-1,-1,-1
246,11732,842.56226,264.70334,62.060608,31.788818,0.8259421,-1,-1,-1
246,11757,466.97458,211.43088,64.74936,33.32646,0.83970624,-1,-1,-1
246,11830,126.478584,333.74298,79.06124,42.788513,0.845718,-1,-1,-1
246,11825,548.8547,196.0082,59.871277,28.867035,0.8545927,-1,-1,-1
246,11835,980.1447,178.56989,34.41101,22.069641,0.7723104,-1,-1,-1
246,11837,90.35336,297.66055,70.72426,45.856354,0.839961,-1,-1,-1
246,11840,1006.09155,206.02884,11.40155,27.102661,0.6719286,-1,-1,-1
246,11713,928.7577,283.51776,66.76947,29.244812,0.52694845,-1,-1,-1
246,11683,100.580795,188.05965,64.65268,31.613373,0.65683025,-1,-1,-1
247,11669,479.8264,132.08542,25.41272,33.048904,0.8088566,-1,-1,-1
247,11677,935.77277,249.66306,57.01001,26.364471,0.8178357,-1,-1,-1
247,11712,224.6525,222.1562,67.36957,30.461807,0.84083784,-1,-1,-1
247,11714,291.98074,246.0995,68.19614,31.423386,0.8379764,-1,-1,-1
247,11724,387.03906,237.0452,61.764374,29.533783,0.8385216,-1,-1,-1
247,11685,364.35806,202.16986,58.868744,27.791122,0.8263607,-1,-1,-1
247,11759,693.5501,197.1967,52.13263,21.75145,0.8140184,-1,-1,-1
247,11706,191.41125,255.5348,83.37973,35.435837,0.8264577,-1,-1,-1
247,11768,553.38245,308.21976,75.30817,35.64456,0.8036776,-1,-1,-1
247,11752,615.4194,258.82162,67.47742,32.889313,0.8130224,-1,-1,-1
247,11758,697.42633,272.41757,65.122314,31.747375,0.8479911,-1,-1,-1
247,11728,427.52313,179.42041,52.23407,29.83493,0.8322874,-1,-1,-1
247,11777,543.4342,277.60037,73.10809,33.026978,0.75643927,-1,-1,-1
247,11791,714.58154,178.11357,53.07794,24.904587,0.6682968,-1,-1,-1
247,11802,830.84534,189.17325,58.957275,29.762756,0.8194812,-1,-1,-1
247,11789,662.7736,213.3238,62.198425,28.101883,0.8167115,-1,-1,-1
247,11711,499.25128,35.28024,16.399536,17.984642,0.7942356,-1,-1,-1
247,11794,353.36508,270.77008,70.99524,33.05545,0.8154018,-1,-1,-1
247,11732,846.2942,264.69406,62.581482,32.094055,0.8025366,-1,-1,-1
247,11757,462.82587,211.39653,64.39313,33.13269,0.8355497,-1,-1,-1
247,11830,131.83522,333.47568,80.13158,43.075012,0.8589561,-1,-1,-1
247,11825,545.376,195.95683,60.25934,29.235733,0.8301912,-1,-1,-1
247,11835,977.32336,178.95476,35.011475,21.596634,0.75987005,-1,-1,-1
247,11837,96.74625,297.71164,71.02017,45.30063,0.84229594,-1,-1,-1
247,11840,1004.2543,205.4606,12.758301,28.056168,0.6817775,-1,-1,-1
247,11713,932.59845,283.5741,67.38751,29.309845,0.41137317,-1,-1,-1
247,11683,93.91095,188.28058,65.21193,31.79425,0.6679453,-1,-1,-1
248,11669,479.73834,131.74751,25.489471,33.10161,0.816808,-1,-1,-1
248,11677,939.903,249.62059,57.644226,26.59468,0.7682271,-1,-1,-1
248,11712,219.10739,222.3327,67.6886,30.561096,0.8418759,-1,-1,-1
248,11714,291.94547,246.18555,68.05875,31.417084,0.83386976,-1,-1,-1
248,11724,387.0727,237.15874,60.98224,29.021225,0.8398425,-1,-1,-1
248,11685,360.07584,202.59834,59.393982,28.017197,0.81971127,-1,-1,-1
248,11759,690.4169,197.16762,51.96472,21.653763,0.8212158,-1,-1,-1
248,11706,191.47003,255.6825,83.598145,35.590515,0.8294753,-1,-1,-1
248,11768,558.07086,307.83545,75.90332,35.86914,0.7960449,-1,-1,-1
248,11752,619.8056,258.81924,66.463745,32.40988,0.79343593,-1,-1,-1
248,11758,702.20026,272.33746,65.06415,31.725525,0.8630414,-1,-1,-1
248,11728,422.83224,179.47519,52.081177,29.790543,0.85310423,-1,-1,-1
248,11777,547.7022,277.3912,73.52185,33.305054,0.78323,-1,-1,-1
248,11791,710.80884,177.71065,52.978333,24.936905,0.71131575,-1,-1,-1
248,11802,828.6145,189.05124,59.185974,29.953583,0.8053082,-1,-1,-1
248,11789,659.1762,213.19078,61.78125,27.962708,0.8102913,-1,-1,-1
248,11711,498.8433,34.384495,16.519196,18.091278,0.80291915,-1,-1,-1
248,11794,357.6474,270.57574,70.69455,32.808075,0.8335269,-1,-1,-1
248,11732,850.23615,264.6067,62.618835,32.09842,0.8073709,-1,-1,-1
248,11757,458.3233,211.22653,64.38129,33.158066,0.84484714,-1,-1,-1
248,11830,138.76515,333.4757,80.45773,42.968018,0.84580296,-1,-1,-1
248,11825,543.4145,196.22513,59.949524,29.200317,0.8351271,-1,-1,-1
248,11835,974.70496,178.92091,36.425293,21.797775,0.7127157,-1,-1,-1
248,11837,102.736084,297.27838,72.826645,45.99466,0.8247039,-1,-1,-1
248,11840,1002.46014,205.59645,13.960022,28.17035,0.68165636,-1,-1,-1
248,11683,87.19275,188.22629,65.806046,31.998505,0.5959321,-1,-1,-1
248,11844,417.8567,395.64383,30.872864,32.976105,0.4259959,-1,-1,-1
249,11669,479.5002,131.39685,25.635742,33.255966,0.82342464,-1,-1,-1
249,11677,944.04065,249.61705,57.762146,26.592117,0.7518918,-1,-1,-1
249,11712,213.4229,222.5396,67.95717,30.672958,0.8405124,-1,-1,-1
249,11714,290.6907,245.97075,69.224335,32.00734,0.8365746,-1,-1,-1
249,11724,386.95056,237.16171,60.456116,28.654694,0.8385682,-1,-1,-1
249,11685,355.85104,202.64333,59.740448,28.14856,0.8318698,-1,-1,-1
249,11759,687.16534,196.63394,52.889038,22.021408,0.8119283,-1,-1,-1
249,11706,189.80667,255.6398,84.602295,36.03174,0.8333876,-1,-1,-1
249,11768,563.7329,307.89008,74.63208,35.178802,0.7931601,-1,-1,-1
249,11752,624.33,258.72113,64.9729,31.675415,0.8099155,-1,-1,-1
249,11758,706.9141,272.12698,64.79584,31.6026,0.8506829,-1,-1,-1
249,11728,418.80164,179.37796,51.371338,29.409637,0.84911335,-1,-1,-1
249,11777,552.5969,277.20712,73.39807,33.32376,0.75343657,-1,-1,-1
249,11791,707.2361,177.51337,53.040405,25.015839,0.6851123,-1,-1,-1
249,11802,826.6469,188.86015,59.28717,30.039886,0.78585756,-1,-1,-1
249,11789,655.5136,213.123,61.515015,27.839935,0.8362654,-1,-1,-1
249,11711,498.54712,33.28314,16.67517,18.301971,0.8032911,-1,-1,-1
249,11794,362.9847,270.7806,70.84207,32.898438,0.8144682,-1,-1,-1
249,11732,854.4396,264.48505,62.389954,31.995117,0.79119706,-1,-1,-1
249,11757,453.61154,211.2978,64.3389,33.139343,0.8337813,-1,-1,-1
249,11830,144.6325,333.31372,81.02734,43.034973,0.8489663,-1,-1,-1
249,11825,540.49994,195.99231,60.760376,29.607056,0.8322412,-1,-1,-1
249,11835,972.0904,178.25887,38.10504,22.195572,0.59871596,-1,-1,-1
249,11837,108.81918,297.36472,72.987015,45.61194,0.8188798,-1,-1,-1
249,11840,1000.4892,205.88007,14.885498,27.102646,0.7495315,-1,-1,-1
249,11683,81.07463,188.25531,66.114944,32.091766,0.61907667,-1,-1,-1
249,11844,416.09274,396.3029,31.29013,33.412567,0.32902023,-1,-1,-1
250,11669,479.51108,131.13704,25.78061,33.46541,0.82347715,-1,-1,-1
250,11677,948.4879,249.68195,57.52722,26.363342,0.7448021,-1,-1,-1
250,11712,208.33702,222.66504,68.56047,30.897263,0.8562047,-1,-1,-1
250,11714,289.65137,245.78345,70.011475,32.40616,0.83827007,-1,-1,-1
250,11724,386.72162,237.18004,60.075226,28.368973,0.83869976,-1,-1,-1
250,11685,351.80984,202.90616,58.552643,27.498535,0.82955617,-1,-1,-1
250,11759,684.3503,196.8004,51.76422,21.515808,0.82683694,-1,-1,-1
250,11706,189.09276,255.51897,84.91652,36.183945,0.84497505,-1,-1,-1
250,11768,568.6169,307.75574,74.594055,35.102417,0.64741343,-1,-1,-1
250,11752,628.06683,258.74167,64.35504,31.251099,0.82598746,-1,-1,-1
250,11758,711.73755,271.8623,63.97705,31.3042,0.86020684,-1,-1,-1
250,11728,414.66226,179.2603,51.33194,29.437515,0.8432808,-1,-1,-1
250,11777,556.90186,277.17633,72.81171,33.057373,0.75433666,-1,-1,-1
250,11791,703.7465,177.55641,52.285034,24.711182,0.73673725,-1,-1,-1
250,11802,824.533,188.87108,59.185364,30.056763,0.78953606,-1,-1,-1
250,11789,650.7317,213.02647,62.25177,28.271103,0.8404927,-1,-1,-1
250,11711,498.26932,31.963543,16.632904,18.338707,0.8080089,-1,-1,-1
250,11794,368.21927,270.60355,70.61685,32.822266,0.82546103,-1,-1,-1
250,11732,858.56573,264.3141,62.318665,31.946442,0.7632895,-1,-1,-1
250,11757,449.09418,211.14609,64.36951,33.150085,0.84314966,-1,-1,-1
250,11830,151.3065,333.0289,81.45088,43.01599,0.8325996,-1,-1,-1
250,11825,537.8685,196.11375,61.236694,29.722244,0.8284536,-1,-1,-1
250,11835,970.0056,177.92944,39.071106,22.16446,0.50202477,-1,-1,-1
250,11837,115.7423,297.00214,74.082985,45.951965,0.84064984,-1,-1,-1
250,11840,998.3313,205.95065,16.139282,26.373734,0.7368879,-1,-1,-1
250,11683,75.166695,188.41364,65.95641,31.815094,0.75720924,-1,-1,-1
250,11844,413.77676,397.5038,31.23468,33.302338,0.34225693,-1,-1,-1
251,11669,479.57614,130.93988,25.827606,33.54422,0.8283022,-1,-1,-1
251,11677,953.19464,249.36421,57.810852,26.313583,0.57318014,-1,-1,-1
251,11712,202.69472,222.87144,68.794235,30.866028,0.8440481,-1,-1,-1
251,11714,288.8204,245.67862,70.67102,32.7464,0.83873,-1,-1,-1
251,11724,386.4217,237.29454,59.998566,28.161453,0.8556427,-1,-1,-1
251,11685,347.22827,203.04158,59.1044,27.678802,0.82172495,-1,-1,-1
251,11759,681.32074,196.4709,51.852783,21.485916,0.8168635,-1,-1,-1
251,11706,189.81561,255.70377,84.336945,35.9321,0.8325186,-1,-1,-1
251,11768,573.79504,307.68158,73.97632,34.78827,0.7115586,-1,-1,-1
251,11752,633.6053,258.7322,64.178955,31.272827,0.8259484,-1,-1,-1
251,11758,716.2084,271.71228,64.09668,31.397766,0.85521656,-1,-1,-1
251,11728,409.4822,179.26727,51.522552,29.610779,0.8459887,-1,-1,-1
251,11777,560.8767,277.22717,72.462524,32.97992,0.7421769,-1,-1,-1
251,11791,699.9826,177.57605,51.11792,24.149506,0.7520833,-1,-1,-1
251,11802,822.5646,188.90517,58.607788,29.804932,0.7937704,-1,-1,-1
251,11789,647.2202,212.789,62.259277,28.357132,0.846943,-1,-1,-1
251,11711,498.18018,31.017992,16.355957,18.110643,0.81002647,-1,-1,-1
251,11794,373.42184,270.55045,70.84149,32.989227,0.7991538,-1,-1,-1
251,11732,862.89056,264.1366,62.06421,31.760162,0.7908271,-1,-1,-1
251,11757,444.49,211.44662,64.32361,33.120422,0.83062285,-1,-1,-1
251,11830,157.24756,332.86188,81.66585,42.94153,0.84795296,-1,-1,-1
251,11825,534.98126,196.38272,61.249634,29.593445,0.8303065,-1,-1,-1
251,11835,968.5714,178.14212,38.83972,21.528778,0.37402248,-1,-1,-1
251,11837,122.45637,296.80356,74.790504,46.01761,0.8351671,-1,-1,-1
251,11840,996.2037,205.84036,17.817444,26.34166,0.67801267,-1,-1,-1
251,11683,69.387184,188.75421,66.17655,31.720627,0.7834956,-1,-1,-1
252,11669,479.61877,130.76042,25.938782,33.702957,0.828723,-1,-1,-1
252,11677,957.8599,249.30385,57.73816,26.147873,0.67357427,-1,-1,-1
252,11712,198.15233,223.0759,69.90019,31.118683,0.81508565,-1,-1,-1
252,11714,288.34207,245.76363,70.848206,32.827255,0.83604735,-1,-1,-1
252,11724,387.00217,237.49232,60.03061,27.946213,0.8288014,-1,-1,-1
252,11685,343.0827,203.22562,59.33078,27.688751,0.81939983,-1,-1,-1
252,11759,678.15015,196.1565,52.65503,21.835678,0.81209606,-1,-1,-1
252,11706,189.77744,255.68034,84.45465,35.90367,0.8380679,-1,-1,-1
252,11768,577.7837,307.01788,74.380066,35.173706,0.77591103,-1,-1,-1
252,11752,639.447,258.881,62.759766,30.698761,0.8269168,-1,-1,-1
252,11758,720.825,271.6167,64.197266,31.413208,0.8442473,-1,-1,-1
252,11728,404.758,179.48509,51.5932,29.707489,0.8449654,-1,-1,-1
252,11777,565.52765,277.08517,71.86017,32.778168,0.70434827,-1,-1,-1
252,11791,696.9165,177.7584,50.08069,23.604828,0.79556036,-1,-1,-1
252,11802,820.3488,188.54059,58.822998,29.918015,0.7905352,-1,-1,-1
252,11789,644.03546,212.83215,61.48352,27.979126,0.82902575,-1,-1,-1
252,11711,498.28122,30.224806,16.046234,17.87055,0.7995731,-1,-1,-1
252,11794,378.32394,270.24826,70.965515,33.15027,0.7998761,-1,-1,-1
252,11732,867.1825,264.01422,61.537354,31.442322,0.79321796,-1,-1,-1
252,11757,439.2629,211.53459,64.64435,33.301468,0.84192187,-1,-1,-1
252,11830,163.60504,332.7416,82.48523,43.222717,0.8481457,-1,-1,-1
252,11825,531.9265,196.80211,60.807312,29.230225,0.82739687,-1,-1,-1
252,11835,965.2563,177.44742,40.395203,21.93039,0.40068775,-1,-1,-1
252,11837,129.69644,296.8867,74.746506,45.640625,0.8467352,-1,-1,-1
252,11840,994.66876,206.33075,19.220825,25.71611,0.69952506,-1,-1,-1
252,11683,63.254402,189.05814,66.545845,31.755554,0.7391414,-1,-1,-1
252,11713,956.27637,284.24213,59.122925,25.008179,0.3410492,-1,-1,-1
253,11669,479.58524,130.49733,25.990356,33.823578,0.83089757,-1,-1,-1
253,11677,961.5063,249.20737,58.08185,26.25708,0.7102726,-1,-1,-1
253,11712,192.54259,223.41643,70.48534,31.18866,0.7733361,-1,-1,-1
253,11714,287.5433,245.75854,71.525604,33.219788,0.8375331,-1,-1,-1
253,11724,387.18237,237.392,61.30136,28.375305,0.83127975,-1,-1,-1
253,11685,338.482,203.09338,59.52527,27.71222,0.82497865,-1,-1,-1
253,11759,675.2968,196.0462,52.8891,21.938766,0.81155497,-1,-1,-1
253,11706,189.89284,255.86739,83.95613,35.64064,0.8369074,-1,-1,-1
253,11768,581.1966,306.8208,74.57898,35.66461,0.6929903,-1,-1,-1
253,11752,643.4973,258.7776,62.69336,30.815063,0.8372817,-1,-1,-1
253,11758,725.0353,271.3472,64.74957,31.748322,0.8424518,-1,-1,-1
253,11728,400.2388,179.46072,51.545227,29.691544,0.8551598,-1,-1,-1
253,11777,569.6776,277.042,70.41846,32.111053,0.6667977,-1,-1,-1
253,11791,693.107,177.8647,49.746704,23.328766,0.81022626,-1,-1,-1
253,11802,817.8761,188.42545,59.04895,30.044739,0.8092836,-1,-1,-1
253,11789,640.1936,212.53044,61.6532,28.103256,0.84477776,-1,-1,-1
253,11711,498.1888,29.410158,15.83139,17.73725,0.7969947,-1,-1,-1
253,11794,382.79593,269.9964,71.99634,33.780212,0.8215751,-1,-1,-1
253,11732,871.58527,263.88528,60.50287,30.845947,0.78248644,-1,-1,-1
253,11757,434.19897,211.70953,64.64621,33.240845,0.83354753,-1,-1,-1
253,11830,169.62949,332.6096,82.732086,43.25757,0.8477485,-1,-1,-1
253,11825,528.49884,196.82304,61.058838,29.302048,0.83397055,-1,-1,-1
253,11835,962.502,177.17363,41.846863,22.286942,0.44450566,-1,-1,-1
253,11837,135.7543,296.74432,75.51021,45.79236,0.81192344,-1,-1,-1
253,11840,992.9344,206.7073,20.832825,25.357986,0.692151,-1,-1,-1
253,11683,57.444107,189.18987,66.677574,31.772552,0.43548653,-1,-1,-1
253,11713,958.7459,283.14273,63.248657,26.864624,0.26414856,-1,-1,-1
253,11844,407.1827,401.28592,30.526276,32.423645,0.36142135,-1,-1,-1
254,11669,479.48657,130.37576,26.02591,33.904526,0.8323952,-1,-1,-1
254,11677,965.0444,248.92603,58.678955,26.49112,0.72078645,-1,-1,-1
254,11712,185.87305,223.69804,70.738556,31.21666,0.80915844,-1,-1,-1
254,11714,288.38278,245.86394,71.137634,33.09285,0.83741474,-1,-1,-1
254,11724,386.9778,237.57626,61.09201,28.132446,0.8335712,-1,-1,-1
254,11685,333.3907,202.84673,60.885376,28.356445,0.82646,-1,-1,-1
254,11759,671.79675,195.58725,54.54181,22.778229,0.80976754,-1,-1,-1
254,11706,189.82545,256.12918,83.10414,35.191315,0.8465275,-1,-1,-1
254,11768,585.3592,306.57288,74.40851,36.11664,0.7608763,-1,-1,-1
254,11752,647.00806,258.69452,62.707886,30.799438,0.8319355,-1,-1,-1
254,11758,729.3863,271.07764,64.91382,31.935303,0.8577987,-1,-1,-1
254,11728,395.33484,179.19487,52.071716,30.11731,0.84944564,-1,-1,-1
254,11777,574.03046,277.1218,71.270386,32.549774,0.74167436,-1,-1,-1
254,11791,689.5685,177.85938,49.203796,23.018173,0.7996363,-1,-1,-1
254,11802,815.5041,188.48035,58.805115,29.969162,0.80318445,-1,-1,-1
254,11789,635.80634,212.52222,61.974182,28.336624,0.8440295,-1,-1,-1
254,11711,497.89386,28.51346,15.795471,17.803545,0.79919577,-1,-1,-1
254,11794,387.1225,269.76874,73.26941,34.536865,0.8243421,-1,-1,-1
254,11732,875.58545,263.79343,60.650818,30.830505,0.81601274,-1,-1,-1
254,11757,429.14804,211.76741,64.846924,33.328842,0.8336814,-1,-1,-1
254,11830,176.51158,332.42007,83.01366,43.28717,0.852946,-1,-1,-1
254,11825,524.22546,197.07301,60.884644,29.208115,0.8342517,-1,-1,-1
254,11835,959.65466,176.99432,42.775085,22.432724,0.3876865,-1,-1,-1
254,11837,142.34053,296.67526,75.77115,45.769714,0.81246984,-1,-1,-1
254,11840,990.4577,206.59192,23.026123,25.642044,0.73258024,-1,-1,-1
254,11683,51.183186,189.27258,66.07248,31.399246,0.46348122,-1,-1,-1
254,11713,963.5736,282.58325,59.907593,25.40567,0.3976163,-1,-1,-1
254,11844,404.7083,402.37338,30.66571,32.43387,0.3794516,-1,-1,-1
255,11669,479.47437,130.32808,25.94629,33.83757,0.83446217,-1,-1,-1
255,11677,968.1853,248.94835,55.814697,26.41063,0.77454203,-1,-1,-1
255,11712,179.90504,224.25745,70.18756,30.814133,0.8293315,-1,-1,-1
255,11714,288.78555,245.81856,70.534,32.791824,0.83274096,-1,-1,-1
255,11724,386.7318,237.80284,61.175354,28.03453,0.8320087,-1,-1,-1
255,11685,328.373,202.69551,61.6308,28.7406,0.814851,-1,-1,-1
255,11759,669.3931,195.82294,52.986267,22.094238,0.80600387,-1,-1,-1
255,11706,189.53499,256.28366,82.216354,34.707733,0.8479985,-1,-1,-1
255,11768,591.9881,306.5948,72.45654,35.602844,0.50566876,-1,-1,-1
255,11752,649.53894,258.4878,63.67108,31.284668,0.82980794,-1,-1,-1
255,11758,733.4066,270.78253,65.848694,32.490143,0.84843165,-1,-1,-1
255,11728,390.894,179.56583,51.46399,29.769073,0.85902405,-1,-1,-1
255,11777,578.5789,276.87164,71.96619,32.888,0.60852975,-1,-1,-1
255,11791,685.862,177.87202,48.774048,22.741058,0.8194587,-1,-1,-1
255,11802,813.08563,188.66635,58.286987,29.746735,0.8168424,-1,-1,-1
255,11789,631.7341,212.53319,61.608276,28.229874,0.84165853,-1,-1,-1
255,11711,497.45703,27.489222,16.103638,18.272295,0.81743675,-1,-1,-1
255,11794,392.2224,269.5488,73.190216,34.623596,0.8347445,-1,-1,-1
255,11732,879.5001,263.6504,60.674316,30.845612,0.83020514,-1,-1,-1
255,11757,423.9295,211.7274,65.107666,33.379456,0.8303691,-1,-1,-1
255,11830,182.696,332.43704,82.07826,42.655,0.8478809,-1,-1,-1
255,11825,520.589,197.201,59.386353,28.510391,0.83585,-1,-1,-1
255,11835,957.05963,176.96628,42.655823,22.03926,0.54623353,-1,-1,-1
255,11837,148.34856,296.6926,76.66542,46.18622,0.79716015,-1,-1,-1
255,11840,988.0436,206.77701,24.921204,25.421799,0.7906388,-1,-1,-1
255,11683,44.3407,189.31494,66.61181,31.556519,0.74750614,-1,-1,-1
255,11713,966.6265,282.49655,57.33136,24.177246,0.5851523,-1,-1,-1
255,11844,401.9912,402.37027,31.53897,33.28061,0.52227736,-1,-1,-1
256,11669,479.3934,130.08372,25.985657,33.905396,0.8355593,-1,-1,-1
256,11677,970.8723,248.94936,53.127686,26.263382,0.78281105,-1,-1,-1
256,11712,174.12927,224.58069,70.063614,30.659729,0.80617493,-1,-1,-1
256,11714,288.625,245.7785,70.55585,32.7937,0.8328991,-1,-1,-1
256,11724,385.76105,237.42801,63.24652,28.943115,0.8457253,-1,-1,-1
256,11685,323.60934,202.34012,62.387238,29.143051,0.8284949,-1,-1,-1
256,11759,665.4682,195.5535,54.49408,22.81218,0.81674975,-1,-1,-1
256,11706,189.68288,256.4575,81.537094,34.371124,0.8461649,-1,-1,-1
256,11768,598.9832,306.6165,72.22681,35.52069,0.69230324,-1,-1,-1
256,11752,652.26575,258.60855,63.619324,31.2359,0.83243066,-1,-1,-1
256,11758,737.7323,270.49353,66.1062,32.75772,0.8446157,-1,-1,-1
256,11728,385.96988,179.82819,51.47339,29.83017,0.8555281,-1,-1,-1
256,11777,584.60236,276.66083,74.143616,33.523834,0.70646244,-1,-1,-1
256,11791,681.9478,178.00902,48.111084,22.288101,0.7988545,-1,-1,-1
256,11802,810.71826,188.54703,57.931458,29.586731,0.8204246,-1,-1,-1
256,11789,627.0963,212.67139,61.85852,28.268936,0.8369037,-1,-1,-1
256,11711,497.12387,26.555418,15.997345,18.243494,0.83048296,-1,-1,-1
256,11794,397.16092,269.14017,73.57385,34.927277,0.83798426,-1,-1,-1
256,11732,883.36554,263.44534,60.588135,30.796875,0.81031364,-1,-1,-1
256,11757,419.83072,211.65765,64.09427,32.694397,0.826903,-1,-1,-1
256,11830,188.86064,332.10855,83.328354,43.26407,0.85909945,-1,-1,-1
256,11825,516.86926,197.3361,58.843323,28.261856,0.8445853,-1,-1,-1
256,11835,954.8426,176.96976,42.612366,21.683624,0.49695238,-1,-1,-1
256,11837,154.81506,296.42453,76.20708,45.86438,0.82665205,-1,-1,-1
256,11840,985.5353,207.27045,26.80426,25.090668,0.8111207,-1,-1,-1
256,11683,37.347473,189.33096,67.84432,31.986984,0.7363384,-1,-1,-1
256,11713,969.6181,282.1742,54.381897,23.267517,0.6222215,-1,-1,-1
256,11844,399.99652,403.04865,31.611938,33.1156,0.41584376,-1,-1,-1
257,11669,479.13666,129.91745,25.929138,33.84816,0.8364102,-1,-1,-1
257,11677,973.734,248.76653,50.26599,26.363327,0.7686642,-1,-1,-1
257,11712,166.41104,224.67015,71.10855,30.971588,0.7904286,-1,-1,-1
257,11714,288.10318,245.76062,70.74637,32.8891,0.8330636,-1,-1,-1
257,11724,385.4366,237.76778,62.6709,28.579239,0.8470756,-1,-1,-1
257,11685,318.86798,202.41406,62.412872,29.245056,0.8273194,-1,-1,-1
257,11759,662.29443,195.55145,54.713684,22.981827,0.82365626,-1,-1,-1
257,11706,188.79613,256.54572,81.85863,34.51657,0.8435781,-1,-1,-1
257,11768,606.3126,306.89188,71.29553,34.916046,0.59818286,-1,-1,-1
257,11752,657.3194,258.28134,63.475525,31.328339,0.850423,-1,-1,-1
257,11758,742.3255,270.06473,66.13751,32.883606,0.8638632,-1,-1,-1
257,11728,381.58298,180.32016,50.59427,29.289948,0.85365874,-1,-1,-1
257,11777,587.2534,276.8104,73.87378,33.447754,0.74079525,-1,-1,-1
257,11791,678.555,178.07019,47.701965,21.936417,0.81658113,-1,-1,-1
257,11802,808.08527,188.46463,58.163025,29.75772,0.80779165,-1,-1,-1
257,11789,621.3068,212.75793,63.120544,28.685104,0.80936754,-1,-1,-1
257,11711,496.71857,25.711222,15.754761,17.940542,0.8253234,-1,-1,-1
257,11794,401.28308,268.93805,74.57187,35.505646,0.8290703,-1,-1,-1
257,11732,887.30255,263.06863,60.844604,30.952393,0.78116715,-1,-1,-1
257,11757,415.46164,211.83203,63.53488,32.14772,0.83465904,-1,-1,-1
257,11830,195.30904,332.0445,82.65889,42.813812,0.8464057,-1,-1,-1
257,11825,512.88306,197.3941,59.075928,28.420532,0.8400028,-1,-1,-1
257,11835,952.77563,176.01025,44.009155,22.14592,0.454911,-1,-1,-1
257,11837,161.74103,296.2656,76.28285,45.87738,0.79994905,-1,-1,-1
257,11840,983.28174,207.5011,28.709595,24.858078,0.8014005,-1,-1,-1
257,11683,30.639973,189.75049,68.286224,32.011124,0.65287495,-1,-1,-1
257,11713,971.43384,281.87878,52.566162,23.840027,0.61632013,-1,-1,-1
257,11844,396.82727,403.6617,31.515717,32.958344,0.32744017,-1,-1,-1
258,11669,479.08853,129.78293,25.918976,33.87982,0.83545524,-1,-1,-1
258,11677,977.5519,248.64319,46.44812,26.184723,0.7683491,-1,-1,-1
258,11712,161.15555,224.48082,71.848785,31.38588,0.76193416,-1,-1,-1
258,11714,287.68094,246.01756,70.87207,32.990616,0.8470668,-1,-1,-1
258,11724,384.4519,238.03796,63.319946,28.814026,0.8431127,-1,-1,-1
258,11685,314.40674,202.59538,62.80948,29.330322,0.8092275,-1,-1,-1
258,11759,658.8791,195.38635,55.571777,23.445145,0.81940556,-1,-1,-1
258,11706,189.04475,256.68076,81.78374,34.52707,0.84058356,-1,-1,-1
258,11768,613.9814,308.04498,68.48132,33.312805,0.77347696,-1,-1,-1
258,11752,660.33466,258.25653,63.728638,31.431305,0.83338994,-1,-1,-1
258,11758,746.98413,269.64966,66.24744,33.109314,0.8491256,-1,-1,-1
258,11728,376.86124,180.42488,50.71292,29.354828,0.84827435,-1,-1,-1
258,11777,590.1435,276.85266,72.883606,33.196747,0.73383445,-1,-1,-1
258,11791,674.31244,177.9637,47.291077,21.592712,0.83117026,-1,-1,-1
258,11802,806.0084,188.17432,58.4104,29.903915,0.8171224,-1,-1,-1
258,11789,614.5743,212.89093,64.80237,29.290344,0.815245,-1,-1,-1
258,11711,496.54697,24.534447,15.662689,17.825382,0.8154021,-1,-1,-1
258,11794,405.9631,268.68948,73.41617,35.058685,0.82967603,-1,-1,-1
258,11732,891.7861,262.884,60.432922,30.709076,0.80575955,-1,-1,-1
258,11757,411.60822,212.09746,62.482544,31.351135,0.8391836,-1,-1,-1
258,11830,201.48553,331.60306,83.60141,43.290222,0.85585624,-1,-1,-1
258,11825,509.44495,197.39996,59.466675,28.605743,0.84519273,-1,-1,-1
258,11835,950.58484,175.28699,44.79596,22.3508,0.45234632,-1,-1,-1
258,11837,168.70699,296.03003,75.57367,45.483612,0.81812644,-1,-1,-1
258,11840,979.9916,207.57153,30.46289,24.573456,0.80071115,-1,-1,-1
258,11683,23.551853,189.97397,68.75264,32.042007,0.633057,-1,-1,-1
258,11713,972.70557,281.12466,51.294434,25.292908,0.56008375,-1,-1,-1
259,11669,479.03668,129.62407,25.88321,33.86026,0.83178693,-1,-1,-1
259,11677,980.3902,248.47969,43.609802,26.049484,0.7538783,-1,-1,-1
259,11712,152.17012,224.31177,73.95592,32.27469,0.7601793,-1,-1,-1
259,11714,287.8934,246.27785,70.29932,32.74141,0.8501714,-1,-1,-1
259,11724,383.75842,238.18184,64.08557,29.11232,0.8374806,-1,-1,-1
259,11685,310.6453,202.75252,62.218323,28.991608,0.8253861,-1,-1,-1
259,11759,655.8525,195.31071,55.02069,23.240112,0.8191183,-1,-1,-1
259,11706,189.11673,256.77835,81.72586,34.573456,0.84732586,-1,-1,-1
259,11768,620.4776,308.31134,67.38745,32.50836,0.804539,-1,-1,-1
259,11752,663.8298,258.19598,64.04059,31.538635,0.831429,-1,-1,-1
259,11758,751.64667,269.43948,66.32507,33.25116,0.8464462,-1,-1,-1
259,11728,372.11884,180.5862,50.38269,29.121475,0.8449078,-1,-1,-1
259,11777,594.33356,276.82843,71.81525,32.814484,0.7543621,-1,-1,-1
259,11791,671.1103,177.96524,46.60211,21.146774,0.8285161,-1,-1,-1
259,11802,803.5685,187.95331,58.198303,29.825989,0.8183106,-1,-1,-1
259,11789,610.88776,212.86647,65.67944,29.586243,0.81462103,-1,-1,-1
259,11711,496.07452,23.47056,15.845764,18.012442,0.79370594,-1,-1,-1
259,11794,411.38083,268.61707,72.16763,34.499786,0.8399528,-1,-1,-1
259,11732,895.5043,262.71036,59.99109,30.47406,0.8104257,-1,-1,-1
259,11757,407.54517,212.04239,61.23636,30.432495,0.83092463,-1,-1,-1
259,11830,208.0597,331.34195,83.20087,43.15561,0.8399797,-1,-1,-1
259,11825,505.79843,197.4554,59.37393,28.58583,0.84036386,-1,-1,-1
259,11835,948.7452,175.63602,44.14514,21.739899,0.41337755,-1,-1,-1
259,11837,174.80978,295.76465,75.59677,45.62848,0.8401909,-1,-1,-1
259,11840,976.0425,207.56161,32.546814,24.716064,0.7677301,-1,-1,-1
259,11683,16.744497,190.26361,69.25876,32.09195,0.7513263,-1,-1,-1
259,11713,974.0854,281.07852,49.91461,26.998474,0.35523522,-1,-1,-1
260,11669,478.98065,129.46898,25.912537,33.91423,0.8311757,-1,-1,-1
260,11677,982.65,248.0796,41.349976,26.456345,0.77388394,-1,-1,-1
260,11712,143.65172,224.2638,76.561554,33.536133,0.6925636,-1,-1,-1
260,11714,287.74786,246.41309,70.19922,32.71344,0.8433635,-1,-1,-1
260,11724,383.62256,238.07832,64.5791,29.258804,0.8334612,-1,-1,-1
260,11685,305.97195,202.96696,61.637054,28.75505,0.8285945,-1,-1,-1
260,11759,652.8815,195.31848,55.50409,23.493958,0.82026505,-1,-1,-1
260,11706,189.08553,256.9499,81.869156,34.697235,0.8408485,-1,-1,-1
260,11768,625.15485,308.20746,67.68164,32.371735,0.8327586,-1,-1,-1
260,11752,667.52203,257.88467,64.31488,31.728577,0.83473015,-1,-1,-1
260,11758,756.4315,269.1764,66.39618,33.374725,0.86003524,-1,-1,-1
260,11728,367.57443,180.5501,50.569946,29.24794,0.8381436,-1,-1,-1
260,11777,598.3632,276.7625,71.30621,32.707703,0.8222204,-1,-1,-1
260,11791,667.3476,178.07819,46.72937,21.051025,0.8283422,-1,-1,-1
260,11802,799.9741,187.76183,58.86853,30.22168,0.84418136,-1,-1,-1
260,11789,608.146,212.54306,65.53253,29.609802,0.80946374,-1,-1,-1
260,11711,495.7511,22.314528,16.040955,18.263025,0.79116493,-1,-1,-1
260,11794,416.2367,268.70584,72.16519,34.57019,0.82513016,-1,-1,-1
260,11732,899.83563,262.57285,59.63324,30.276978,0.82390195,-1,-1,-1
260,11757,402.6681,212.01576,61.691254,30.41713,0.8427274,-1,-1,-1
260,11830,214.23566,331.20367,83.857544,43.467224,0.8555234,-1,-1,-1
260,11825,502.28857,197.46838,59.41693,28.632233,0.845702,-1,-1,-1
260,11835,945.99146,175.23479,45.434937,22.267548,0.60272974,-1,-1,-1
260,11837,181.66066,295.67822,75.3463,45.53354,0.79089266,-1,-1,-1
260,11840,972.42346,207.32985,34.555054,24.91542,0.7895746,-1,-1,-1
260,11683,9.481215,190.27151,70.037155,32.216293,0.69920146,-1,-1,-1
260,11713,976.09686,281.60242,47.903137,28.18686,0.50726104,-1,-1,-1
260,11846,2.4440482,321.78152,17.295216,29.378448,0.6115637,-1,-1,-1
261,11669,478.90903,129.23016,25.948242,33.97728,0.83245546,-1,-1,-1
261,11677,985.3294,247.95789,38.670593,26.57846,0.77020144,-1,-1,-1
261,11712,137.08594,224.646,77.33263,33.91919,0.8203244,-1,-1,-1
261,11714,286.83304,246.33827,70.72363,33.009842,0.8416281,-1,-1,-1
261,11724,383.90314,238.00803,65.190216,29.38379,0.821025,-1,-1,-1
261,11685,301.61475,202.9218,62.242065,29.06131,0.8124984,-1,-1,-1
261,11759,649.47534,195.00981,56.25287,23.911285,0.8232682,-1,-1,-1
261,11706,188.68015,256.98022,81.664215,34.699127,0.8442553,-1,-1,-1
261,11768,629.1034,307.67215,69.2724,32.960785,0.8313293,-1,-1,-1
261,11752,670.589,257.5494,65.26245,32.256653,0.8325685,-1,-1,-1
261,11758,760.2981,268.76123,66.487366,33.654358,0.84407544,-1,-1,-1
261,11728,362.11404,180.76205,50.890076,29.387146,0.8377481,-1,-1,-1
261,11777,601.58826,276.5698,70.50964,32.683014,0.7840753,-1,-1,-1
261,11791,663.2011,177.82704,46.781372,20.929901,0.8078648,-1,-1,-1
261,11802,797.91815,187.62163,58.896362,30.314056,0.8252217,-1,-1,-1
261,11789,604.73724,212.63878,65.666565,29.830002,0.8119051,-1,-1,-1
261,11711,495.20837,21.314545,16.167084,18.387161,0.7960641,-1,-1,-1
261,11794,420.58365,268.79562,71.52164,34.279022,0.84853244,-1,-1,-1
261,11732,903.6039,262.29745,60.094727,30.520294,0.8121121,-1,-1,-1
261,11757,398.4332,212.35464,59.43338,28.86792,0.8205703,-1,-1,-1
261,11830,220.33067,331.13425,83.562515,43.357452,0.8371701,-1,-1,-1
261,11825,498.24512,197.54732,60.02655,28.945251,0.83906806,-1,-1,-1
261,11835,943.5954,174.76457,46.70166,22.805435,0.5910411,-1,-1,-1
261,11837,188.57593,295.65967,74.39017,44.915314,0.852026,-1,-1,-1
261,11840,969.51495,207.40398,35.73236,24.666061,0.7623235,-1,-1,-1
261,11683,3.1877716,190.50664,70.34141,32.258682,0.7265967,-1,-1,-1
261,11713,978.74817,281.8718,45.25183,28.854584,0.6169374,-1,-1,-1
261,11846,2.1883588,319.81958,23.423662,39.660156,0.66182554,-1,-1,-1
262,11669,478.8068,128.88449,25.908722,33.89081,0.8283989,-1,-1,-1
262,11677,988.0321,247.6168,35.967896,26.774551,0.76654637,-1,-1,-1
262,11712,131.3009,225.12321,77.541626,34.017746,0.78255844,-1,-1,-1
262,11714,286.19055,246.17653,71.663666,33.4319,0.84095883,-1,-1,-1
262,11724,384.10672,237.83855,65.7363,29.484146,0.8051464,-1,-1,-1
262,11685,297.6426,202.36826,62.533936,29.151016,0.8208515,-1,-1,-1
262,11759,646.68756,194.90804,56.488647,24.094284,0.81027955,-1,-1,-1
262,11706,187.905,256.8076,82.06116,34.964264,0.8486317,-1,-1,-1
262,11768,632.53595,307.3517,71.85144,34.05664,0.8165361,-1,-1,-1
262,11752,674.26776,257.43335,65.44653,32.415436,0.831315,-1,-1,-1
262,11758,765.409,268.97427,65.34723,33.066193,0.84165746,-1,-1,-1
262,11728,357.38492,180.91873,50.412994,29.062393,0.83993435,-1,-1,-1
262,11777,605.3856,276.15292,68.58453,32.160156,0.78340876,-1,-1,-1
262,11791,659.5709,177.76826,47.380676,21.085236,0.815146,-1,-1,-1
262,11802,795.2145,187.36281,59.482788,30.778015,0.8085191,-1,-1,-1
262,11789,600.2959,212.63783,65.78693,29.93422,0.817517,-1,-1,-1
262,11711,494.79373,20.588223,16.316315,18.538227,0.79265976,-1,-1,-1
262,11794,424.976,268.69275,72.057526,34.627228,0.8414563,-1,-1,-1
262,11732,907.5885,262.51804,59.793457,30.324615,0.824636,-1,-1,-1
262,11757,393.47678,212.23578,59.578278,28.581848,0.83472675,-1,-1,-1
262,11830,227.2311,331.0731,83.70216,43.382965,0.8579988,-1,-1,-1
262,11825,495.1414,197.64192,59.874786,28.827377,0.8467092,-1,-1,-1
262,11835,940.4887,174.06664,48.726562,23.826569,0.6225895,-1,-1,-1
262,11837,195.42722,295.70932,73.73285,44.440582,0.84590083,-1,-1,-1
262,11840,966.2274,207.31586,37.340637,24.784576,0.71195847,-1,-1,-1
262,11683,0.0,190.58842,69.05177,32.287445,0.45530784,-1,-1,-1
262,11713,981.6777,281.13754,42.322327,29.563507,0.6806515,-1,-1,-1
262,11846,2.2812183,317.93192,30.457647,51.34439,0.43298215,-1,-1,-1
263,11669,478.67197,128.57198,25.935425,33.8618,0.8235117,-1,-1,-1
263,11677,990.9106,247.52034,33.089417,26.796707,0.7394586,-1,-1,-1
263,11712,125.47809,225.7314,77.742325,34.186234,0.83889973,-1,-1,-1
263,11714,285.59924,246.15004,71.66931,33.387955,0.8431858,-1,-1,-1
263,11724,383.83426,237.98726,66.31241,29.706131,0.81724554,-1,-1,-1
263,11685,293.38416,202.72197,62.099213,28.897675,0.8207203,-1,-1,-1
263,11759,642.9539,194.85829,56.91278,24.360168,0.80873847,-1,-1,-1
263,11706,185.92648,256.66934,82.65802,35.1817,0.85422987,-1,-1,-1
263,11768,636.2972,306.35068,72.68445,34.27243,0.7569149,-1,-1,-1
263,11752,677.997,257.3633,65.42511,32.459534,0.8361573,-1,-1,-1
263,11758,769.7056,268.31015,65.91791,33.340607,0.84336215,-1,-1,-1
263,11728,352.4948,181.02174,50.37845,28.995834,0.83281636,-1,-1,-1
263,11777,608.9928,276.13333,67.29114,32.000824,0.7280017,-1,-1,-1
263,11791,655.1042,177.7452,48.813416,21.641373,0.81618905,-1,-1,-1
263,11802,792.63104,187.03625,60.074524,31.10611,0.8082225,-1,-1,-1
263,11789,596.9093,212.72044,65.95007,30.159424,0.79024416,-1,-1,-1
263,11711,494.50125,19.654863,16.412659,18.652803,0.7786923,-1,-1,-1
263,11794,429.665,268.6849,72.83331,35.057312,0.83343875,-1,-1,-1
263,11732,911.9216,262.27374,59.43286,30.09787,0.82422,-1,-1,-1
263,11757,389.88266,212.71565,57.45117,27.079254,0.8020827,-1,-1,-1
263,11830,233.44891,330.74945,83.4169,43.318848,0.8503416,-1,-1,-1
263,11825,491.3342,197.42361,60.168243,28.968567,0.8369385,-1,-1,-1
263,11835,938.4887,174.51128,47.4032,23.132965,0.52018595,-1,-1,-1
263,11837,201.79297,295.2246,74.07413,44.706055,0.8455811,-1,-1,-1
263,11840,961.77734,207.25954,38.9859,25.047348,0.7886749,-1,-1,-1
263,11683,0.0,190.68842,64.87255,32.280457,0.47062635,-1,-1,-1
263,11713,985.87024,281.21017,38.12976,28.526947,0.713632,-1,-1,-1
263,11846,7.8168383,317.79425,27.326035,44.13788,0.5466363,-1,-1,-1
264,11669,478.3447,128.05772,26.224182,34.136124,0.8313961,-1,-1,-1
264,11677,994.3476,248.63438,29.652405,26.037186,0.71675926,-1,-1,-1
264,11712,119.323524,226.2657,77.38076,34.004105,0.772761,-1,-1,-1
264,11714,284.8983,246.06172,72.14444,33.607193,0.85284984,-1,-1,-1
264,11724,382.86453,237.95772,67.55298,30.257278,0.8160844,-1,-1,-1
264,11685,287.49768,202.00246,64.22208,29.921417,0.802775,-1,-1,-1
264,11759,639.8377,194.88823,57.379333,24.65889,0.81307197,-1,-1,-1
264,11706,184.15822,256.5791,83.72267,35.59781,0.8427362,-1,-1,-1
264,11768,641.9096,305.9604,73.112854,34.423706,0.6650807,-1,-1,-1
264,11752,681.89136,257.4593,65.26752,32.34027,0.84110063,-1,-1,-1
264,11758,774.1138,268.1474,65.515625,33.218475,0.84207875,-1,-1,-1
264,11728,347.31113,181.09467,50.35437,28.919724,0.82649004,-1,-1,-1
264,11777,614.91,276.1093,66.39038,31.6828,0.70444435,-1,-1,-1
264,11791,650.764,177.61807,49.56671,21.886719,0.80441403,-1,-1,-1
264,11802,790.22046,187.02762,59.480164,30.820602,0.8069064,-1,-1,-1
264,11789,591.17804,212.49652,66.65991,30.53743,0.81273323,-1,-1,-1
264,11711,494.19717,18.532333,16.505554,18.76751,0.77081645,-1,-1,-1
264,11794,433.82614,268.26004,73.77356,35.65573,0.85149807,-1,-1,-1
264,11732,916.06024,262.1132,59.505493,30.134338,0.8639694,-1,-1,-1
264,11757,383.3237,212.76039,59.954193,28.026733,0.81463313,-1,-1,-1
264,11830,239.64763,330.73026,83.98796,43.634857,0.86131495,-1,-1,-1
264,11825,487.56403,197.23318,61.39392,29.61406,0.8415733,-1,-1,-1
264,11835,936.7588,174.66278,46.51599,22.657013,0.57452667,-1,-1,-1
264,11837,207.64238,294.55713,75.0851,45.437927,0.8106643,-1,-1,-1
264,11840,958.50726,207.44707,39.92212,24.829529,0.8151759,-1,-1,-1
264,11683,0.0,190.76642,60.82862,32.278656,0.6524365,-1,-1,-1
264,11713,987.2191,281.32095,36.780884,31.03067,0.5747969,-1,-1,-1
264,11846,12.427527,317.87885,26.155426,39.84311,0.568048,-1,-1,-1
265,11669,478.04544,127.73996,26.349823,34.190964,0.83220047,-1,-1,-1
265,11712,112.754,226.4249,76.80057,33.718475,0.7392265,-1,-1,-1
265,11714,284.33618,246.0049,72.3891,33.75505,0.85314953,-1,-1,-1
265,11724,381.98703,238.55675,67.490265,30.33812,0.839389,-1,-1,-1
265,11685,282.35565,201.061,65.30835,30.44371,0.7827517,-1,-1,-1
265,11759,636.63306,194.7117,57.646667,24.845093,0.80976593,-1,-1,-1
265,11706,181.756,256.5868,86.2007,36.691833,0.83363074,-1,-1,-1
265,11768,645.81665,305.33093,75.06348,35.3367,0.7058274,-1,-1,-1
265,11752,685.53204,257.2386,66.15076,32.92148,0.84962523,-1,-1,-1
265,11758,779.1584,268.54843,64.191345,32.46118,0.8358827,-1,-1,-1
265,11728,341.44296,181.00005,50.628174,29.116272,0.8159797,-1,-1,-1
265,11777,619.87427,275.7379,67.30841,32.240356,0.75870794,-1,-1,-1
265,11791,646.90326,177.72005,49.385254,21.721268,0.8081178,-1,-1,-1
265,11802,788.0684,186.95485,59.174194,30.661469,0.7995518,-1,-1,-1
265,11789,585.8689,213.21117,67.16351,30.991089,0.81885713,-1,-1,-1
265,11711,494.14618,17.743341,16.271881,18.49158,0.7605155,-1,-1,-1
265,11794,438.3477,268.47116,74.09927,35.887573,0.8465155,-1,-1,-1
265,11732,919.9708,261.77734,59.350098,30.025665,0.8427714,-1,-1,-1
265,11757,376.52838,213.34023,62.323547,28.9991,0.8105091,-1,-1,-1
265,11830,245.75272,330.8662,83.438995,43.34958,0.8486274,-1,-1,-1
265,11825,483.518,196.98189,61.50232,29.673782,0.8435465,-1,-1,-1
265,11835,933.7232,174.43411,47.30774,23.01416,0.64690757,-1,-1,-1
265,11837,214.48523,294.14197,74.39392,45.020782,0.832598,-1,-1,-1
265,11840,954.8826,207.62296,40.82715,24.655136,0.81301916,-1,-1,-1
265,11683,0.0,191.07288,56.48159,31.945084,0.738125,-1,-1,-1
265,11846,16.297308,317.93933,25.881693,36.226166,0.731819,-1,-1,-1
266,11669,477.8462,127.59335,26.333954,34.084015,0.83220893,-1,-1,-1
266,11712,106.6941,226.7843,75.45977,33.02646,0.76820683,-1,-1,-1
266,11714,284.13467,246.11143,72.21985,33.70424,0.8512924,-1,-1,-1
266,11724,381.78244,238.6642,67.60742,30.448502,0.814745,-1,-1,-1
266,11685,277.50125,201.171,64.83264,30.386047,0.7903226,-1,-1,-1
266,11759,633.685,194.57329,58.29773,25.26857,0.80935425,-1,-1,-1
266,11706,180.87318,256.39523,87.610306,37.434753,0.8392453,-1,-1,-1
266,11768,651.7339,305.26822,74.195984,34.882263,0.6610871,-1,-1,-1
266,11752,689.4223,257.40143,65.32489,32.537506,0.8298227,-1,-1,-1
266,11758,783.50916,268.0937,63.83081,32.30133,0.8440723,-1,-1,-1
266,11728,335.89413,180.58005,52.031036,29.996521,0.8248831,-1,-1,-1
266,11777,625.74304,275.7717,68.82129,32.823242,0.38843033,-1,-1,-1
266,11791,642.81616,177.71515,49.810608,21.82956,0.8001179,-1,-1,-1
266,11802,785.8027,187.00572,59.015564,30.547684,0.814333,-1,-1,-1
266,11789,582.20276,214.27725,65.43866,30.22882,0.8164008,-1,-1,-1
266,11711,494.10715,17.187529,15.850586,17.970762,0.7632416,-1,-1,-1
266,11794,442.749,268.3847,73.92447,35.86383,0.8371206,-1,-1,-1
266,11732,924.33246,261.71237,59.143433,29.8768,0.8309505,-1,-1,-1
266,11757,369.5074,213.5501,65.428894,30.402695,0.8112629,-1,-1,-1
266,11830,252.69217,330.63608,83.23334,43.19214,0.8551908,-1,-1,-1
266,11825,479.91373,196.89197,60.83078,29.32631,0.8513368,-1,-1,-1
266,11835,932.0998,174.48035,47.052246,22.726776,0.6777036,-1,-1,-1
266,11837,220.54497,293.88306,73.933945,44.79718,0.778903,-1,-1,-1
266,11840,952.2359,207.68855,41.87097,24.71289,0.787985,-1,-1,-1
266,11683,0.0,191.51141,51.521824,30.94522,0.8207149,-1,-1,-1
266,11847,1009.04333,283.7486,14.956665,29.817444,0.5390354,-1,-1,-1
267,11669,477.77707,127.34274,26.394226,34.096924,0.8315231,-1,-1,-1
267,11712,100.102486,226.88046,76.663826,33.478455,0.7574368,-1,-1,-1
267,11714,283.79764,246.04984,72.2952,33.79825,0.84681064,-1,-1,-1
267,11724,381.98007,238.8868,67.14853,30.312088,0.81326824,-1,-1,-1
267,11685,272.90356,201.21327,65.24191,30.718246,0.7913684,-1,-1,-1
267,11759,630.4107,194.29912,59.117126,25.84967,0.8236515,-1,-1,-1
267,11706,180.14958,256.618,88.12535,37.7959,0.8383987,-1,-1,-1
267,11768,658.95026,305.69846,71.23413,33.33017,0.74596137,-1,-1,-1
267,11752,693.2757,257.48596,64.76758,32.194244,0.8464283,-1,-1,-1
267,11758,787.8727,267.643,63.884888,32.437073,0.83296055,-1,-1,-1
267,11728,330.7956,180.40813,52.251587,30.173752,0.8205486,-1,-1,-1
267,11791,638.1322,177.7415,50.66626,22.12442,0.8094793,-1,-1,-1
267,11802,783.4142,186.94482,59.34149,30.68393,0.7780817,-1,-1,-1
267,11789,578.65027,214.45578,64.89844,29.933136,0.83225393,-1,-1,-1
267,11711,494.03812,16.413116,15.679199,17.763596,0.76513916,-1,-1,-1
267,11794,448.01874,268.5958,72.604004,35.154846,0.8300828,-1,-1,-1
267,11732,928.41724,261.6662,59.16504,29.881561,0.80759716,-1,-1,-1
267,11757,362.70435,213.93726,68.024536,31.612305,0.8285122,-1,-1,-1
267,11830,258.55753,330.0218,82.805695,42.905304,0.8447129,-1,-1,-1
267,11825,476.34232,196.86421,61.408844,29.606873,0.8482951,-1,-1,-1
267,11835,929.87213,174.29463,47.05255,22.571793,0.69285595,-1,-1,-1
267,11837,227.56435,293.7017,73.224625,44.323486,0.79145724,-1,-1,-1
267,11840,948.5265,207.29202,43.621704,25.174881,0.7536413,-1,-1,-1
267,11683,0.0,191.36462,47.182606,31.30217,0.7611973,-1,-1,-1
267,11847,1011.7695,283.67844,12.23053,30.205353,0.4517625,-1,-1,-1
267,11850,0.09455236,318.31775,74.2982,38.91736,0.55893624,-1,-1,-1
268,11669,477.69107,127.08556,26.45105,34.102226,0.829329,-1,-1,-1
268,11712,92.66555,227.13734,78.42155,34.24916,0.7513217,-1,-1,-1
268,11714,283.36642,246.09114,72.638336,34.02098,0.843761,-1,-1,-1
268,11724,381.82623,238.91003,67.41968,30.485168,0.8122948,-1,-1,-1
268,11685,268.06802,201.51149,65.79822,31.105438,0.7506884,-1,-1,-1
268,11759,627.4788,194.43674,58.186584,25.554657,0.81615514,-1,-1,-1
268,11706,179.35594,257.14807,88.75209,38.18271,0.8290575,-1,-1,-1
268,11768,664.10394,305.81424,71.61499,33.49585,0.8071799,-1,-1,-1
268,11752,697.4504,257.6066,64.65271,32.11499,0.8346425,-1,-1,-1
268,11758,792.7467,267.72403,63.08368,31.931793,0.8256954,-1,-1,-1
268,11728,325.72125,180.61821,51.87506,29.893478,0.8291427,-1,-1,-1
268,11791,633.87134,177.7659,50.978455,22.2285,0.8133505,-1,-1,-1
268,11802,780.6318,186.89922,59.758057,30.845856,0.7981587,-1,-1,-1
268,11789,575.4293,214.81116,62.407837,28.695953,0.8183625,-1,-1,-1
268,11711,493.64502,15.480478,15.828918,17.875635,0.7678257,-1,-1,-1
268,11794,451.84048,268.50397,74.0748,35.97415,0.85037696,-1,-1,-1
268,11732,932.8544,262.09702,58.439697,29.344757,0.79599863,-1,-1,-1
268,11757,357.14407,214.13011,69.378876,32.22432,0.83116144,-1,-1,-1
268,11830,264.50974,329.65143,83.32953,43.127106,0.8538549,-1,-1,-1
268,11825,472.4234,197.0461,61.415833,29.61377,0.84563655,-1,-1,-1
268,11835,927.65533,174.0202,47.225708,22.416138,0.72438747,-1,-1,-1
268,11837,233.26656,293.3553,74.13158,44.98535,0.759568,-1,-1,-1
268,11840,944.757,206.78146,44.97809,25.533264,0.8161625,-1,-1,-1
268,11683,0.0,191.76985,42.017094,30.728226,0.6709846,-1,-1,-1
268,11850,0.0,318.7626,82.49913,44.7323,0.56307316,-1,-1,-1
269,11669,477.602,127.164,26.389069,34.03392,0.8287915,-1,-1,-1
269,11712,85.333305,227.47168,79.69764,34.90866,0.71939,-1,-1,-1
269,11714,283.07538,246.47372,72.57645,34.051178,0.8501807,-1,-1,-1
269,11724,381.11093,238.81363,67.0672,30.380249,0.8134125,-1,-1,-1
269,11685,264.34128,202.54918,64.22916,30.416779,0.7685732,-1,-1,-1
269,11759,625.10565,194.37978,57.368652,25.34404,0.8156708,-1,-1,-1
269,11706,178.30472,257.2928,89.7713,38.7695,0.83410376,-1,-1,-1
269,11768,669.6934,305.8407,72.01416,33.669006,0.8162085,-1,-1,-1
269,11752,701.61383,257.65,64.436646,32.014618,0.82767165,-1,-1,-1
269,11758,796.85657,267.15878,63.35022,32.171204,0.8435574,-1,-1,-1
269,11728,320.60358,180.63148,51.86667,29.861984,0.820955,-1,-1,-1
269,11791,630.0441,177.66669,50.39673,21.899048,0.8042652,-1,-1,-1
269,11802,777.7012,186.71776,59.900818,30.951874,0.7446812,-1,-1,-1
269,11789,571.42596,215.1637,60.36554,27.620438,0.8306328,-1,-1,-1
269,11711,493.29724,14.641528,16.105377,18.170723,0.7634569,-1,-1,-1
269,11794,456.48615,268.3886,73.62189,35.877716,0.8382785,-1,-1,-1
269,11732,936.85455,262.19183,58.322266,29.10019,0.7504665,-1,-1,-1
269,11757,351.43243,214.16832,70.330414,32.76857,0.84416723,-1,-1,-1
269,11830,270.8892,329.10397,82.96985,42.91559,0.84512895,-1,-1,-1
269,11825,468.91498,196.93057,61.608154,29.712051,0.84437627,-1,-1,-1
269,11835,925.5775,174.23895,47.28369,22.25766,0.7299841,-1,-1,-1
269,11837,240.58806,293.6494,72.32561,43.773376,0.785225,-1,-1,-1
269,11840,940.7948,206.62662,46.21393,25.795944,0.80815405,-1,-1,-1
269,11850,0.39227903,318.20645,87.72941,46.056305,0.5787895,-1,-1,-1
270,11669,477.36563,127.07944,26.357086,34.015427,0.8289684,-1,-1,-1
270,11712,78.14947,227.70842,80.104576,35.271744,0.6187051,-1,-1,-1
270,11714,283.0103,246.66216,72.46576,34.024857,0.885952,-1,-1,-1
270,11724,380.75046,238.71846,66.52994,30.207748,0.8568369,-1,-1,-1
270,11685,259.85178,202.91629,63.04001,29.874191,0.6173871,-1,-1,-1
270,11759,622.3775,194.40544,56.390076,25.01735,0.8183145,-1,-1,-1
270,11706,177.0586,257.07748,90.851715,39.46512,0.8418587,-1,-1,-1
270,11768,675.06866,305.15366,72.656555,34.094055,0.8349988,-1,-1,-1
270,11752,705.61487,257.61142,63.857544,31.615723,0.8459357,-1,-1,-1
270,11758,801.0714,266.96542,62.925903,31.976044,0.83837813,-1,-1,-1
270,11728,315.33124,180.58296,51.694763,29.776886,0.8029807,-1,-1,-1
270,11791,625.8327,177.73384,51.15271,22.205338,0.8081116,-1,-1,-1
270,11802,775.55725,186.70563,59.6615,30.81424,0.7870884,-1,-1,-1
270,11789,567.1358,214.81313,60.687744,27.654312,0.8394321,-1,-1,-1
270,11711,493.03598,13.491209,16.228668,18.330906,0.7711354,-1,-1,-1
270,11794,461.3322,268.19067,73.27179,35.768158,0.82833296,-1,-1,-1
270,11732,940.52856,261.97113,58.597412,29.078125,0.76782554,-1,-1,-1
270,11757,345.3681,213.97977,71.289734,33.373917,0.8609364,-1,-1,-1
270,11830,276.92267,329.1625,83.32306,43.105988,0.8504017,-1,-1,-1
270,11825,464.83047,196.84543,61.766327,29.811142,0.84503925,-1,-1,-1
270,11835,922.887,174.24142,47.979736,22.440323,0.73387206,-1,-1,-1
270,11837,247.29767,293.83276,71.47839,43.02133,0.7613081,-1,-1,-1
270,11840,936.67645,206.41765,47.16449,25.967117,0.83672166,-1,-1,-1
270,11850,14.132527,317.44165,74.58345,38.72284,0.65289825,-1,-1,-1
270,11777,647.14026,276.1787,65.652954,31.245758,0.28795335,-1,-1,-1
271,11669,476.9897,126.77633,26.45044,34.13114,0.83534425,-1,-1,-1
271,11712,71.72538,227.91261,80.11402,35.28926,0.52926385,-1,-1,-1
271,11714,282.9431,246.91348,71.99133,33.741608,0.8846736,-1,-1,-1
271,11724,380.51025,238.65306,66.744965,30.43132,0.8410662,-1,-1,-1
271,11685,254.97029,203.04509,62.961746,29.76352,0.6679249,-1,-1,-1
271,11759,618.8584,194.38028,55.82782,24.867981,0.8189111,-1,-1,-1
271,11706,176.02132,256.97943,91.31627,39.94745,0.84905463,-1,-1,-1
271,11768,680.44495,304.82053,72.13367,33.91629,0.83270514,-1,-1,-1
271,11752,708.8358,257.52145,64.15546,31.776215,0.8332494,-1,-1,-1
271,11758,805.40466,266.6462,62.92627,31.938477,0.8109528,-1,-1,-1
271,11728,309.42157,180.52977,52.379883,30.147324,0.7412879,-1,-1,-1
271,11791,622.30365,177.81445,49.545288,21.383102,0.8196786,-1,-1,-1
271,11802,772.67487,186.72304,59.56714,30.735138,0.8048317,-1,-1,-1
271,11789,562.25415,214.57481,60.51593,27.517197,0.8308658,-1,-1,-1
271,11711,492.5793,12.371379,15.949829,18.020279,0.766378,-1,-1,-1
271,11794,466.1972,268.27258,73.2193,35.77423,0.8246882,-1,-1,-1
271,11732,944.8655,261.62897,58.09149,28.759308,0.8004176,-1,-1,-1
271,11757,339.18127,214.19438,72.7832,34.262436,0.8518394,-1,-1,-1
271,11830,283.04297,329.05862,82.82211,42.82193,0.8431041,-1,-1,-1
271,11825,460.69452,196.99681,61.872498,29.89096,0.84276813,-1,-1,-1
271,11835,919.88995,174.07263,48.906555,22.826462,0.7283779,-1,-1,-1
271,11837,254.29886,293.76236,71.22,42.661133,0.80845326,-1,-1,-1
271,11840,933.25995,206.38995,47.80487,25.994156,0.8130657,-1,-1,-1
271,11850,13.402988,316.81583,84.56146,43.786194,0.6919925,-1,-1,-1
271,11777,651.68317,275.65903,66.47235,32.08426,0.46757084,-1,-1,-1
272,11669,476.88083,126.63652,26.46048,34.134644,0.83780175,-1,-1,-1
272,11712,65.86229,228.42613,80.08305,35.230392,0.31331176,-1,-1,-1
272,11714,282.92676,247.30936,71.59921,33.470245,0.8842718,-1,-1,-1
272,11724,380.568,238.50838,66.41208,30.344376,0.82325625,-1,-1,-1
272,11685,249.59734,202.97263,64.42793,30.466492,0.79390806,-1,-1,-1
272,11759,615.8033,194.44734,55.833923,24.972412,0.82271415,-1,-1,-1
272,11706,176.22177,257.0914,90.549255,39.852905,0.8476592,-1,-1,-1
272,11768,685.9017,304.74426,72.1084,33.98233,0.8404359,-1,-1,-1
272,11752,712.73083,257.39273,64.44519,31.995148,0.8416872,-1,-1,-1
272,11758,810.4022,266.36844,62.779236,31.792786,0.8254693,-1,-1,-1
272,11728,304.18753,180.61314,52.44815,30.134903,0.6951685,-1,-1,-1
272,11791,618.64136,177.68277,49.02295,21.036774,0.8147947,-1,-1,-1
272,11802,770.0029,186.72072,59.474426,30.65828,0.786393,-1,-1,-1
272,11789,557.74005,214.53647,60.188538,27.343796,0.8278583,-1,-1,-1
272,11711,492.26282,11.280227,16.036987,18.125572,0.7595178,-1,-1,-1
272,11794,470.7282,268.1796,72.58496,35.54773,0.83887994,-1,-1,-1
272,11732,948.4099,261.36774,58.58606,28.876617,0.7367322,-1,-1,-1
272,11757,333.65057,214.38756,73.22388,34.671158,0.8496826,-1,-1,-1
272,11830,289.4277,329.06985,82.855865,42.765686,0.84883213,-1,-1,-1
272,11825,456.94418,196.9151,61.758575,29.863129,0.8528333,-1,-1,-1
272,11835,918.32074,174.33417,48.777405,22.752533,0.7231052,-1,-1,-1
272,11837,260.76285,293.67133,71.985596,43.036926,0.8081391,-1,-1,-1
272,11840,929.9573,206.47806,48.03485,25.823227,0.8217491,-1,-1,-1
272,11850,14.147395,316.5936,90.87551,46.864258,0.7518735,-1,-1,-1
272,11777,655.7126,275.59525,65.92731,32.16913,0.58967924,-1,-1,-1
273,11669,476.804,126.63463,26.48642,34.227173,0.8345178,-1,-1,-1
273,11712,58.708065,228.93741,80.26689,35.131195,0.51150334,-1,-1,-1
273,11714,282.61414,247.61497,71.18201,33.181595,0.8477291,-1,-1,-1
273,11724,380.15353,238.2435,66.68002,30.565002,0.82645154,-1,-1,-1
273,11685,245.32668,203.80363,63.446793,29.929016,0.79875255,-1,-1,-1
273,11759,612.2393,194.29456,55.986572,25.156296,0.8173899,-1,-1,-1
273,11706,176.63058,257.29272,89.68262,39.636963,0.85075825,-1,-1,-1
273,11768,691.2022,304.32483,71.97638,33.989685,0.8355624,-1,-1,-1
273,11752,716.54205,257.34106,64.200806,31.848969,0.8440218,-1,-1,-1
273,11758,814.1506,265.933,63.141052,32.032837,0.8441571,-1,-1,-1
273,11728,298.15063,180.26678,53.164124,30.473557,0.6177752,-1,-1,-1
273,11791,614.0456,177.66606,50.0412,21.391129,0.77621406,-1,-1,-1
273,11802,766.74695,186.57607,59.975586,30.897156,0.8241678,-1,-1,-1
273,11789,553.95044,214.29442,62.09198,28.051575,0.8416862,-1,-1,-1
273,11711,492.03232,10.298927,15.901245,17.99167,0.7602448,-1,-1,-1
273,11794,475.1649,268.0363,72.42258,35.522644,0.832169,-1,-1,-1
273,11732,951.27,260.71384,60.55835,29.812042,0.71262527,-1,-1,-1
273,11757,328.03012,214.49571,73.50571,34.875153,0.8411548,-1,-1,-1
273,11830,295.51407,328.74463,82.78769,42.649445,0.8453369,-1,-1,-1
273,11825,453.39413,197.17775,61.445892,29.69072,0.8476316,-1,-1,-1
273,11835,915.17206,174.02838,48.962585,22.798676,0.654162,-1,-1,-1
273,11837,267.9368,293.50604,70.5462,42.026154,0.8419633,-1,-1,-1
273,11840,926.78174,206.49356,48.341736,25.66623,0.820824,-1,-1,-1
273,11850,18.06287,316.32864,93.87526,48.148712,0.7680898,-1,-1,-1
273,11777,659.71844,275.69736,66.54547,32.441345,0.40710133,-1,-1,-1
274,11669,476.64236,126.56441,26.436676,34.195526,0.83481336,-1,-1,-1
274,11712,51.976036,229.10843,81.138115,35.48587,0.38429412,-1,-1,-1
274,11714,282.27335,247.84671,70.66025,32.7872,0.84632576,-1,-1,-1
274,11724,380.30444,238.30887,66.14685,30.367981,0.82282495,-1,-1,-1
274,11685,239.18526,202.60033,66.231674,31.371246,0.8112278,-1,-1,-1
274,11759,608.63086,194.23383,56.278076,25.404922,0.8468956,-1,-1,-1
274,11706,176.9241,257.37723,89.09906,39.481537,0.85215545,-1,-1,-1
274,11768,696.65094,303.9422,72.16498,34.154297,0.83300835,-1,-1,-1
274,11752,720.3564,257.35977,63.633545,31.466278,0.8369987,-1,-1,-1
274,11758,818.4647,265.5839,63.06372,32.04532,0.8470441,-1,-1,-1
274,11728,292.3469,179.96632,53.705383,30.725906,0.6051038,-1,-1,-1
274,11791,608.5206,177.40628,51.502502,21.835205,0.73078525,-1,-1,-1
274,11802,763.2963,186.2938,60.822998,31.471634,0.7983698,-1,-1,-1
274,11789,550.04645,213.96332,64.641174,28.975601,0.8442459,-1,-1,-1
274,11711,491.63922,9.464365,15.756073,17.880342,0.765094,-1,-1,-1
274,11794,479.8837,268.06815,72.681305,35.6492,0.8263774,-1,-1,-1
274,11732,955.00696,260.40244,61.80426,30.44394,0.80564666,-1,-1,-1
274,11757,321.93686,214.48119,73.86038,35.24173,0.83655787,-1,-1,-1
274,11830,302.47626,328.61627,82.39746,42.39627,0.8364776,-1,-1,-1
274,11825,449.67035,197.05823,62.13678,30.067154,0.8561527,-1,-1,-1
274,11835,912.9542,174.38535,48.91931,22.786362,0.7996876,-1,-1,-1
274,11837,273.11197,292.70874,71.42929,42.66324,0.79564244,-1,-1,-1
274,11840,923.5498,206.55057,48.88623,25.695068,0.8306733,-1,-1,-1
274,11850,23.55067,316.11975,96.232346,49.197357,0.7976318,-1,-1,-1
274,11777,660.5079,275.3441,68.78259,33.646088,0.5815115,-1,-1,-1
275,11669,476.46823,126.277,26.350128,34.12957,0.8372845,-1,-1,-1
275,11714,281.8482,248.03,70.92154,32.863342,0.8461364,-1,-1,-1
275,11724,379.48944,238.16512,67.40427,31.059128,0.82102424,-1,-1,-1
275,11685,233.76813,202.1601,68.183685,32.37056,0.81543005,-1,-1,-1
275,11759,605.9818,194.24675,55.88141,25.379303,0.83246505,-1,-1,-1
275,11706,177.13257,257.41302,88.638336,39.361053,0.8509263,-1,-1,-1
275,11768,701.5708,303.49463,73.06195,34.73636,0.84397715,-1,-1,-1
275,11752,724.3644,257.18066,63.836304,31.520294,0.8347718,-1,-1,-1
275,11758,823.06946,265.12936,63.128174,32.1868,0.84235406,-1,-1,-1
275,11728,287.49603,179.94923,52.590454,30.057327,0.78901625,-1,-1,-1
275,11791,602.5621,177.11275,53.013245,22.36351,0.76700616,-1,-1,-1
275,11802,761.0148,186.21454,60.275574,31.19522,0.8101711,-1,-1,-1
275,11789,545.3714,213.56912,66.61383,29.64746,0.8377375,-1,-1,-1
275,11711,491.21106,8.3972845,15.755524,17.891506,0.7860891,-1,-1,-1
275,11794,484.0009,267.7638,72.41116,35.577576,0.85117733,-1,-1,-1
275,11732,958.6455,260.06064,62.299927,30.772858,0.7951463,-1,-1,-1
275,11757,316.4579,214.28484,73.33588,35.161392,0.834175,-1,-1,-1
275,11830,308.60876,328.1212,82.2294,42.24353,0.85260946,-1,-1,-1
275,11825,445.59512,197.16354,61.723755,29.838242,0.8487478,-1,-1,-1
275,11835,911.6738,175.11426,48.193665,22.401367,0.7598065,-1,-1,-1
275,11837,278.14502,291.80112,72.60864,43.60852,0.83132935,-1,-1,-1
275,11840,920.5533,206.33171,49.72943,25.89215,0.81921387,-1,-1,-1
275,11850,32.975853,315.79095,94.48827,48.02475,0.7726242,-1,-1,-1
275,11777,662.8138,275.24646,69.22919,33.995483,0.7148699,-1,-1,-1
276,11669,476.2423,125.843475,26.46875,34.31369,0.83271456,-1,-1,-1
276,11714,281.73315,248.08438,70.93054,32.822296,0.84434336,-1,-1,-1
276,11724,379.27225,237.99155,67.82608,31.380615,0.8160011,-1,-1,-1
276,11685,229.44337,202.81248,67.513504,32.004684,0.7995727,-1,-1,-1
276,11759,600.78595,193.52039,57.33789,26.020859,0.7679675,-1,-1,-1
276,11706,176.77757,257.41403,88.90282,39.58603,0.8494479,-1,-1,-1
276,11768,707.37036,302.8468,73.58624,35.03842,0.845953,-1,-1,-1
276,11752,727.8459,256.85995,64.276855,31.76355,0.8301137,-1,-1,-1
276,11758,827.78986,264.44867,63.645813,32.64148,0.84599364,-1,-1,-1
276,11728,282.17758,179.56967,53.75775,30.75673,0.6855261,-1,-1,-1
276,11791,597.0504,177.19891,54.05182,22.618713,0.77782553,-1,-1,-1
276,11802,758.42896,186.14316,60.138916,31.156128,0.8252679,-1,-1,-1
276,11789,539.4622,213.4845,67.19049,29.813751,0.8447212,-1,-1,-1
276,11711,490.70145,7.7216043,15.712189,17.803257,0.7956441,-1,-1,-1
276,11794,488.29352,267.58627,72.32733,35.555115,0.83863825,-1,-1,-1
276,11732,961.05817,259.04285,62.941833,31.699371,0.7838445,-1,-1,-1
276,11757,311.3614,214.48915,72.32266,34.806686,0.83624643,-1,-1,-1
276,11830,314.90955,327.95917,82.16025,42.144775,0.8677533,-1,-1,-1
276,11825,441.54626,197.04056,61.22162,29.589844,0.84756255,-1,-1,-1
276,11835,908.65173,174.36455,48.625427,22.569763,0.73014295,-1,-1,-1
276,11837,283.2764,291.21964,72.71274,44.00714,0.81180394,-1,-1,-1
276,11840,916.42096,205.8904,50.70746,26.190277,0.8494031,-1,-1,-1
276,11850,42.01551,315.3566,92.68917,46.831512,0.77851397,-1,-1,-1
276,11777,668.1773,274.75568,69.34473,34.05316,0.7822945,-1,-1,-1
277,11669,475.86157,125.48102,26.659668,34.55031,0.8400944,-1,-1,-1
277,11714,281.96295,248.05237,70.43225,32.569824,0.8443244,-1,-1,-1
277,11724,379.0696,237.81863,68.1575,31.653168,0.81245357,-1,-1,-1
277,11685,224.00287,201.9942,68.55405,32.575745,0.79950166,-1,-1,-1
277,11759,594.60187,192.95248,59.00049,26.634659,0.77947503,-1,-1,-1
277,11706,176.14153,257.32574,89.226395,39.800385,0.84650147,-1,-1,-1
277,11768,713.1203,302.63162,72.567444,34.65744,0.86178327,-1,-1,-1
277,11752,731.4223,256.59088,64.64154,31.926361,0.84299594,-1,-1,-1
277,11758,832.1838,264.156,63.501526,32.62851,0.85199344,-1,-1,-1
277,11728,276.66086,179.29764,55.29898,31.569336,0.6257079,-1,-1,-1
277,11791,591.0403,177.22372,57.55481,24.167847,0.7298482,-1,-1,-1
277,11802,755.9643,186.0817,59.82428,31.029938,0.8012815,-1,-1,-1
277,11789,534.5071,213.37657,67.93652,30.12062,0.8324303,-1,-1,-1
277,11711,490.26846,6.8156695,15.740051,17.824327,0.77908444,-1,-1,-1
277,11794,493.0693,267.5648,72.162384,35.419006,0.8229366,-1,-1,-1
277,11732,963.82104,258.5159,60.178955,32.315765,0.76453954,-1,-1,-1
277,11757,305.68622,214.50685,71.45029,34.45056,0.84063244,-1,-1,-1
277,11830,320.5195,327.42197,82.3775,42.214233,0.8529484,-1,-1,-1
277,11825,437.56186,196.85724,61.746918,29.859665,0.84815675,-1,-1,-1
277,11835,906.758,174.129,48.3125,22.412567,0.75954676,-1,-1,-1
277,11837,290.06836,291.15802,71.55301,43.424835,0.80280644,-1,-1,-1
277,11840,912.9024,205.7258,52.182007,26.77739,0.8217261,-1,-1,-1
277,11850,49.04918,315.0219,93.35939,47.007416,0.805821,-1,-1,-1
277,11777,671.66315,274.03485,69.901855,34.325348,0.8239255,-1,-1,-1
277,11853,583.71564,176.94727,75.69403,37.74176,0.4004519,-1,-1,-1
277,11712,33.447693,230.11414,80.45436,35.203156,0.346959,-1,-1,-1
278,11669,475.77615,125.16823,26.61502,34.496826,0.8389494,-1,-1,-1
278,11714,281.22894,247.55338,71.56683,33.154236,0.84547853,-1,-1,-1
278,11724,378.63107,237.42001,69.23172,32.253784,0.82013386,-1,-1,-1
278,11685,219.44017,201.82625,68.74577,32.73369,0.78356194,-1,-1,-1
278,11759,589.487,192.20297,61.098633,27.58104,0.75196844,-1,-1,-1
278,11706,175.38713,256.99536,89.78557,40.157898,0.83337563,-1,-1,-1
278,11768,718.6067,302.25793,72.17682,34.55002,0.84044266,-1,-1,-1
278,11752,735.2825,256.2997,64.39673,31.852661,0.84573936,-1,-1,-1
278,11758,836.6285,263.72675,63.78711,32.767,0.8396206,-1,-1,-1
278,11728,271.83804,178.96251,55.473175,31.603424,0.44359338,-1,-1,-1
278,11791,587.38586,176.91399,59.28192,24.844604,0.74047923,-1,-1,-1
278,11802,753.1926,185.78961,60.137817,31.197052,0.8186017,-1,-1,-1
278,11789,528.78546,213.28654,68.349976,30.40384,0.83756524,-1,-1,-1
278,11711,490.1095,5.778183,15.522461,17.600801,0.7202614,-1,-1,-1
278,11794,497.25635,267.11014,71.633484,35.171295,0.8233189,-1,-1,-1
278,11732,966.5714,258.17767,57.42859,32.09784,0.7392989,-1,-1,-1
278,11757,301.15604,215.06192,69.367615,33.419907,0.83205837,-1,-1,-1
278,11830,326.72577,327.19547,81.75992,41.82901,0.8488941,-1,-1,-1
278,11825,433.43405,196.92986,61.975037,29.961945,0.84184825,-1,-1,-1
278,11835,905.71686,173.97408,47.773926,22.157883,0.6940119,-1,-1,-1
278,11837,295.64178,290.93152,71.43005,43.63968,0.7760858,-1,-1,-1
278,11840,909.5907,205.54572,52.59436,26.781128,0.82198405,-1,-1,-1
278,11850,55.07274,314.50128,94.84425,47.58368,0.7878735,-1,-1,-1
278,11777,674.8577,273.52176,69.996826,34.449707,0.81804127,-1,-1,-1
278,11853,582.494,180.5863,74.421936,37.183548,0.6313375,-1,-1,-1
279,11669,475.60883,124.73266,26.480621,34.413567,0.8362411,-1,-1,-1
279,11714,280.4965,247.07745,72.46765,33.645508,0.8428626,-1,-1,-1
279,11724,378.71136,237.14484,69.34857,32.379974,0.8326628,-1,-1,-1
279,11685,214.98695,201.7608,68.61507,32.707993,0.7400929,-1,-1,-1
279,11759,586.44507,191.82654,61.36267,27.765549,0.773353,-1,-1,-1
279,11706,174.559,257.26352,88.933,39.839966,0.83017075,-1,-1,-1
279,11768,724.52075,302.03458,71.150635,34.071655,0.84381264,-1,-1,-1
279,11752,738.86084,255.86038,64.689575,32.10208,0.85390097,-1,-1,-1
279,11758,840.9471,263.28772,63.40216,32.705505,0.8489122,-1,-1,-1
279,11728,266.4038,179.03403,54.578888,31.013977,0.28195247,-1,-1,-1
279,11791,583.4132,176.72545,60.793213,25.566055,0.7676764,-1,-1,-1
279,11802,750.1581,185.42154,60.46344,31.498062,0.821459,-1,-1,-1
279,11789,524.0754,213.03261,68.12628,30.371338,0.83776414,-1,-1,-1
279,11711,489.81564,5.192233,15.142822,17.145626,0.7368058,-1,-1,-1
279,11794,501.44702,266.51962,71.82141,35.296997,0.8246981,-1,-1,-1
279,11732,968.9764,257.3239,55.02362,32.430786,0.71079695,-1,-1,-1
279,11757,296.1655,214.99136,68.83841,33.202667,0.83067703,-1,-1,-1
279,11830,334.9946,326.6009,82.51495,41.947662,0.8339809,-1,-1,-1
279,11825,429.7513,196.61931,62.028107,29.937653,0.839154,-1,-1,-1
279,11835,902.44684,173.28883,48.759155,22.582397,0.51100147,-1,-1,-1
279,11837,301.86746,290.67233,71.73834,44.144043,0.83266205,-1,-1,-1
279,11840,907.08716,205.13235,53.368347,26.956207,0.81426984,-1,-1,-1
279,11850,63.426723,313.97192,95.54085,47.808716,0.82673013,-1,-1,-1
279,11777,679.07635,273.05374,70.00818,34.369446,0.80598885,-1,-1,-1
279,11853,576.78217,177.95638,78.73242,39.607986,0.32266188,-1,-1,-1
279,11712,16.8663,229.58185,83.4664,36.61493,0.59183884,-1,-1,-1
280,11669,475.32568,124.17785,26.531372,34.58204,0.8368508,-1,-1,-1
280,11714,279.87738,246.72226,73.308044,34.114532,0.84009594,-1,-1,-1
280,11724,378.29465,236.90799,69.76431,32.67099,0.83647406,-1,-1,-1
280,11685,209.49399,201.62012,69.20892,33.0244,0.71655595,-1,-1,-1
280,11759,584.7456,192.11594,61.019653,27.667572,0.7576345,-1,-1,-1
280,11706,174.09001,257.44266,88.42622,39.613434,0.8312303,-1,-1,-1
280,11768,728.992,301.26196,71.90222,34.54117,0.87442136,-1,-1,-1
280,11752,742.87646,255.6584,63.738586,31.5598,0.84828085,-1,-1,-1
280,11758,845.33856,262.90518,62.93329,32.506927,0.84624344,-1,-1,-1
280,11791,580.6133,176.56018,58.724,24.666061,0.79110235,-1,-1,-1
280,11802,747.7271,185.05171,59.96399,31.232285,0.8109542,-1,-1,-1
280,11789,520.1125,212.81754,67.96716,30.329987,0.82414615,-1,-1,-1
280,11711,489.58807,4.142481,14.976715,16.975657,0.5799095,-1,-1,-1
280,11794,505.7286,266.0949,71.754486,35.347015,0.81292546,-1,-1,-1
280,11732,971.72473,256.99274,52.27527,32.506012,0.7043004,-1,-1,-1
280,11757,290.54413,214.83203,68.265564,32.786026,0.81525403,-1,-1,-1
280,11830,340.3536,325.9594,83.255646,42.223755,0.8398451,-1,-1,-1
280,11825,426.13425,196.34424,61.96161,29.799545,0.8400486,-1,-1,-1
280,11835,899.78577,172.73013,49.27063,22.811798,0.5955408,-1,-1,-1
280,11837,308.55933,290.49396,70.51965,43.54602,0.7861801,-1,-1,-1
280,11840,903.37354,204.68153,54.039795,27.181778,0.79654235,-1,-1,-1
280,11850,71.08242,313.74292,93.42812,46.47003,0.82343185,-1,-1,-1
280,11777,683.799,272.3414,69.72565,34.19452,0.81985277,-1,-1,-1
280,11853,577.14294,176.78232,70.305664,35.508408,0.5052471,-1,-1,-1
280,11712,7.7912583,229.39792,85.087654,37.243073,0.70616335,-1,-1,-1
281,11669,475.15634,123.50908,26.644257,34.904984,0.8342992,-1,-1,-1
281,11714,279.2526,246.8673,73.5376,34.28575,0.8529056,-1,-1,-1
281,11724,377.29965,236.43785,71.31726,33.583572,0.8380861,-1,-1,-1
281,11685,204.70607,201.77797,68.66966,32.744522,0.583016,-1,-1,-1
281,11759,582.83545,192.03194,59.745117,27.283295,0.76279336,-1,-1,-1
281,11706,173.78036,257.15933,88.859375,39.894073,0.816343,-1,-1,-1
281,11768,734.92236,300.52728,72.24512,34.6084,0.8387191,-1,-1,-1
281,11752,746.67816,255.0945,63.808228,31.667465,0.84095156,-1,-1,-1
281,11758,849.7334,262.26056,62.662598,32.419556,0.8419441,-1,-1,-1
281,11791,577.0258,176.23756,57.517517,24.137909,0.79104924,-1,-1,-1
281,11802,744.98584,184.66718,59.66974,31.142014,0.8131909,-1,-1,-1
281,11789,514.28186,212.63301,68.380554,30.62761,0.83436126,-1,-1,-1
281,11711,489.14853,2.7837775,15.13858,17.190971,0.4353277,-1,-1,-1
281,11794,510.4697,265.54526,70.303314,34.498566,0.81843895,-1,-1,-1
281,11732,974.32184,256.439,49.67816,32.78647,0.56984186,-1,-1,-1
281,11757,284.82333,214.78337,68.41809,32.692017,0.8075912,-1,-1,-1
281,11830,344.44717,325.32245,83.947235,42.69522,0.78652835,-1,-1,-1
281,11825,421.45596,196.05835,62.86325,30.185379,0.8318451,-1,-1,-1
281,11837,314.9925,290.2534,71.18152,44.038452,0.8389564,-1,-1,-1
281,11840,899.6101,204.263,54.508667,27.33963,0.77909905,-1,-1,-1
281,11850,78.31413,313.05606,93.86273,46.48584,0.827006,-1,-1,-1
281,11777,687.8765,272.13156,69.96167,34.213562,0.8304303,-1,-1,-1
281,11712,0.0,230.14648,86.796394,38.29724,0.7818825,-1,-1,-1
282,11669,475.42474,122.92108,26.769348,35.224686,0.8358207,-1,-1,-1
282,11714,278.46753,246.12112,74.620575,34.93216,0.8315709,-1,-1,-1
282,11724,377.2924,236.11307,71.2258,33.685364,0.84149384,-1,-1,-1
282,11685,200.02982,202.20268,68.052826,32.410507,0.3352622,-1,-1,-1
282,11759,579.71875,191.92024,58.79651,26.86795,0.7805968,-1,-1,-1
282,11706,173.64743,256.98944,88.8161,39.936066,0.84989136,-1,-1,-1
282,11768,739.44965,299.92548,72.36743,34.724823,0.85637116,-1,-1,-1
282,11752,750.2647,254.46277,64.18182,31.848206,0.8373786,-1,-1,-1
282,11758,854.2895,261.5755,62.210083,32.201508,0.82841146,-1,-1,-1
282,11791,573.402,175.31274,55.71826,23.338257,0.80170476,-1,-1,-1
282,11802,742.0512,184.44987,59.27716,30.978638,0.8098285,-1,-1,-1
282,11789,509.75717,212.24939,68.78677,30.872696,0.83843756,-1,-1,-1
282,11711,489.121,1.5565921,15.050659,17.058054,0.29316312,-1,-1,-1
282,11794,513.9807,264.82693,71.956726,35.343384,0.81599116,-1,-1,-1
282,11732,977.8646,255.83446,46.135376,32.814346,0.6429979,-1,-1,-1
282,11757,279.8108,214.6654,68.57056,32.582123,0.7976076,-1,-1,-1
282,11830,349.9389,324.51315,85.66379,43.901917,0.79441607,-1,-1,-1
282,11825,417.4533,195.71048,63.458527,30.437714,0.849557,-1,-1,-1
282,11837,322.81943,289.33945,69.635315,42.942627,0.80704933,-1,-1,-1
282,11840,895.8868,204.04846,54.177246,27.057861,0.8021521,-1,-1,-1
282,11850,85.1833,312.51364,93.98147,46.416504,0.80342585,-1,-1,-1
282,11777,691.4094,271.85327,69.27667,33.79712,0.8142756,-1,-1,-1
282,11712,0.0,229.933,82.443115,39.089066,0.7024216,-1,-1,-1
282,11835,893.8694,170.32613,50.84674,23.611069,0.74999726,-1,-1,-1
283,11669,475.48022,122.31862,26.764862,35.3181,0.8305818,-1,-1,-1
283,11714,278.07605,245.79517,74.7937,35.151917,0.828763,-1,-1,-1
283,11724,376.8883,235.58586,71.16882,33.775772,0.8403214,-1,-1,-1
283,11759,575.7397,191.37032,59.98413,27.425552,0.80999,-1,-1,-1
283,11706,173.4809,256.92108,88.02054,39.55716,0.7861159,-1,-1,-1
283,11768,744.7076,299.1353,72.970825,35.079865,0.8526333,-1,-1,-1
283,11752,753.76953,253.98393,64.09387,31.792526,0.84269047,-1,-1,-1
283,11758,859.35114,261.27826,61.268982,31.779755,0.8409642,-1,-1,-1
283,11791,569.9343,174.51218,55.992554,23.298416,0.80751383,-1,-1,-1
283,11802,739.22217,183.7864,59.226868,30.96962,0.80907094,-1,-1,-1
283,11789,505.17966,211.64874,69.39377,31.232544,0.83556265,-1,-1,-1
283,11711,489.16623,0.7768122,14.277008,16.150116,0.3641195,-1,-1,-1
283,11794,518.25934,264.36533,72.362305,35.477783,0.81124324,-1,-1,-1
283,11732,980.6708,255.5471,43.329224,32.96669,0.7265778,-1,-1,-1
283,11757,273.94748,214.74332,68.65872,32.4843,0.8084358,-1,-1,-1
283,11830,356.78082,324.60568,84.36029,43.445984,0.75779766,-1,-1,-1
283,11825,412.95618,195.34929,63.92035,30.645462,0.8407914,-1,-1,-1
283,11837,330.0049,288.6068,70.56186,43.33899,0.84854937,-1,-1,-1
283,11840,892.5848,203.83563,54.441833,27.083694,0.81022125,-1,-1,-1
283,11850,92.79495,312.47458,91.745346,45.051727,0.7555604,-1,-1,-1
283,11777,695.9467,271.53333,69.72479,34.024628,0.81328255,-1,-1,-1
283,11712,0.0,230.18066,76.292046,37.13388,0.6309919,-1,-1,-1
283,11835,891.41003,169.2986,51.58441,24.002548,0.71286565,-1,-1,-1
284,11669,475.7379,121.49431,26.748993,35.374207,0.83266187,-1,-1,-1
284,11714,278.03735,245.6936,73.71384,34.657227,0.834324,-1,-1,-1
284,11724,376.70044,235.03102,71.02774,33.81523,0.8465876,-1,-1,-1
284,11759,571.6062,190.62273,61.519592,28.28418,0.79770535,-1,-1,-1
284,11706,172.41556,256.53348,88.30844,39.680756,0.79655594,-1,-1,-1
284,11768,749.9568,298.70963,72.26355,34.819244,0.85449696,-1,-1,-1
284,11752,757.7123,253.58134,63.746582,31.666,0.84099466,-1,-1,-1
284,11758,864.16486,260.92316,60.004944,30.96225,0.8224038,-1,-1,-1
284,11791,564.4298,173.93063,56.381653,23.504211,0.8157815,-1,-1,-1
284,11802,736.06415,183.03154,59.63745,31.201935,0.8151107,-1,-1,-1
284,11789,500.23026,211.21661,70.10208,31.68689,0.8439563,-1,-1,-1
284,11711,489.3951,0.14250535,13.565216,15.24804,0.27149627,-1,-1,-1
284,11794,522.22955,264.04657,71.38605,34.947052,0.8102943,-1,-1,-1
284,11732,982.8978,254.95938,41.102173,33.413025,0.59590733,-1,-1,-1
284,11757,266.8866,214.51048,71.42752,33.822678,0.81193256,-1,-1,-1
284,11830,363.12378,323.64618,84.842224,43.913025,0.78591716,-1,-1,-1
284,11825,408.29556,195.23183,64.10315,30.700089,0.83375704,-1,-1,-1
284,11837,335.7579,287.9291,70.28555,42.96811,0.83557475,-1,-1,-1
284,11840,888.7169,203.5087,54.25482,26.87381,0.82741535,-1,-1,-1
284,11850,100.17051,311.45337,92.211494,45.139435,0.80338603,-1,-1,-1
284,11777,699.72955,270.94974,70.036255,34.266754,0.8382366,-1,-1,-1
284,11712,0.0,230.13023,71.667564,37.375046,0.64985514,-1,-1,-1
284,11835,887.9121,167.61969,53.314514,25.01062,0.7080725,-1,-1,-1
285,11669,475.85312,121.086624,26.10672,34.49832,0.84550893,-1,-1,-1
285,11714,278.00476,245.81308,73.75278,34.754333,0.8424618,-1,-1,-1
285,11724,376.54254,234.5559,71.13794,33.984634,0.8483912,-1,-1,-1
285,11759,567.58234,190.06622,61.97101,28.667603,0.7740127,-1,-1,-1
285,11706,171.20352,256.3149,88.62665,39.793,0.80223286,-1,-1,-1
285,11768,755.9115,298.1137,71.7522,34.678223,0.8591216,-1,-1,-1
285,11752,761.3041,253.00838,64.15326,31.912674,0.8324813,-1,-1,-1
285,11758,868.75256,260.26657,58.868896,30.365051,0.82962334,-1,-1,-1
285,11791,559.9675,173.49953,57.74707,24.071,0.8088017,-1,-1,-1
285,11802,733.12445,182.41063,59.935608,31.419907,0.8263634,-1,-1,-1
285,11789,495.26913,211.08646,70.56308,31.98552,0.8401245,-1,-1,-1
285,11711,489.93848,0.0,12.470978,13.540366,0.28079408,-1,-1,-1
285,11794,526.9228,263.7749,71.72363,35.124603,0.82029057,-1,-1,-1
285,11732,985.4348,254.79265,38.565186,34.43773,0.66289085,-1,-1,-1
285,11757,259.32065,214.55066,74.3461,35.270035,0.7792521,-1,-1,-1
285,11830,368.9152,322.22043,86.50488,45.04883,0.8280823,-1,-1,-1
285,11825,404.06897,194.89436,64.111084,30.702866,0.8503592,-1,-1,-1
285,11837,341.22183,287.392,70.878296,43.33185,0.79716295,-1,-1,-1
285,11840,886.0966,203.18863,54.625122,26.92421,0.84022313,-1,-1,-1
285,11850,106.89956,310.46103,93.12882,45.436523,0.79235315,-1,-1,-1
285,11777,703.69257,270.57413,69.25043,33.80063,0.8160273,-1,-1,-1
285,11712,0.0,230.36887,67.864174,37.76465,0.67151785,-1,-1,-1
285,11835,885.1483,167.01068,53.588867,25.387375,0.72081184,-1,-1,-1
286,11669,475.88672,120.405975,26.19989,34.630768,0.8347261,-1,-1,-1
286,11714,277.5602,245.85585,72.698364,34.205795,0.8426845,-1,-1,-1
286,11724,376.63812,234.17322,70.8981,33.96869,0.8516651,-1,-1,-1
286,11759,564.80273,189.82942,60.92047,28.294022,0.7841525,-1,-1,-1
286,11706,170.48674,255.80179,88.3329,39.557312,0.82964164,-1,-1,-1
286,11768,761.5202,297.7147,71.25549,34.529236,0.85774386,-1,-1,-1
286,11752,765.4368,252.68005,63.937378,31.728699,0.8397848,-1,-1,-1
286,11758,872.82825,259.74643,59.00598,30.312958,0.83899486,-1,-1,-1
286,11791,554.5059,172.7674,58.991028,24.705704,0.81892866,-1,-1,-1
286,11802,730.6594,182.05478,59.964783,31.447708,0.811748,-1,-1,-1
286,11789,491.42688,210.7511,70.38995,31.9169,0.8359643,-1,-1,-1
286,11711,490.5884,0.0,11.1892395,11.745043,0.31359938,-1,-1,-1
286,11794,530.43396,263.03488,73.294556,36.002167,0.817486,-1,-1,-1
286,11732,987.42847,254.57068,36.571533,36.011078,0.67823124,-1,-1,-1
286,11757,253.66997,214.67694,75.031906,35.693848,0.7705543,-1,-1,-1
286,11830,374.7043,320.88904,87.1644,45.77588,0.85922766,-1,-1,-1
286,11825,400.3113,194.5677,63.95691,30.577896,0.8453302,-1,-1,-1
286,11837,346.42056,286.8395,70.711426,43.291626,0.7337029,-1,-1,-1
286,11840,883.5492,202.96754,54.15088,26.545853,0.85008526,-1,-1,-1
286,11850,114.31756,309.5074,92.80332,45.167633,0.8019386,-1,-1,-1
286,11777,707.5897,270.29388,68.73108,33.54706,0.8129886,-1,-1,-1
286,11712,0.0,230.24513,62.028534,36.77043,0.37151808,-1,-1,-1
286,11835,883.578,166.69711,53.19928,25.41925,0.7385682,-1,-1,-1
287,11669,475.80988,119.9533,25.95221,34.288734,0.84291613,-1,-1,-1
287,11714,277.03342,245.41539,72.435974,33.973923,0.8315754,-1,-1,-1
287,11724,376.56583,233.81763,70.69,33.93643,0.8565911,-1,-1,-1
287,11759,562.1262,189.54488,59.42224,27.677994,0.7699248,-1,-1,-1
287,11706,170.41846,255.9156,88.356384,39.413406,0.8241238,-1,-1,-1
287,11768,766.5802,297.146,70.540405,34.171173,0.86235434,-1,-1,-1
287,11752,769.3059,252.07584,64.1546,31.74945,0.84914976,-1,-1,-1
287,11758,876.70746,259.05405,59.59149,30.537933,0.8260843,-1,-1,-1
287,11791,550.1146,172.40681,58.674194,24.720032,0.8145589,-1,-1,-1
287,11802,727.43164,181.69922,60.578186,31.872498,0.81392145,-1,-1,-1
287,11789,486.79065,210.28848,70.15979,31.805191,0.8406203,-1,-1,-1
287,11794,536.6719,263.03146,71.022644,34.743805,0.8094536,-1,-1,-1
287,11757,246.27676,214.98323,76.85037,36.732925,0.75933105,-1,-1,-1
287,11830,381.8818,320.6391,84.590546,44.400177,0.82955676,-1,-1,-1
287,11825,396.54782,194.43578,63.816925,30.430634,0.84117687,-1,-1,-1
287,11837,351.9367,285.98123,71.25418,43.730408,0.6827041,-1,-1,-1
287,11840,880.70264,202.25053,55.492554,27.130096,0.8516527,-1,-1,-1
287,11850,121.0394,308.95523,93.017456,45.222656,0.81739247,-1,-1,-1
287,11777,711.1921,269.78674,69.32312,33.853394,0.8126326,-1,-1,-1
287,11835,882.01465,166.6714,52.23419,24.980621,0.780195,-1,-1,-1
288,11669,475.88467,119.50681,25.970734,34.30683,0.8439866,-1,-1,-1
288,11714,276.7733,245.16487,72.78851,34.115067,0.8174874,-1,-1,-1
288,11724,376.66144,233.54738,70.17706,33.72557,0.8577524,-1,-1,-1
288,11759,558.8792,189.26697,58.87024,27.487701,0.7728067,-1,-1,-1
288,11706,171.04228,256.1201,87.45717,38.751923,0.8607532,-1,-1,-1
288,11768,772.29755,296.21622,71.56726,34.628998,0.8626509,-1,-1,-1
288,11752,772.485,251.59381,65.19568,32.234985,0.84835577,-1,-1,-1
288,11758,880.25476,258.38254,60.46466,30.989502,0.82986283,-1,-1,-1
288,11791,545.29095,171.70259,58.900208,24.9319,0.81277937,-1,-1,-1
288,11802,724.5982,181.43457,60.491394,31.913574,0.80338717,-1,-1,-1
288,11789,481.84,210.23985,69.79111,31.672012,0.82698506,-1,-1,-1
288,11794,540.497,262.3197,71.04797,34.748657,0.81472975,-1,-1,-1
288,11757,239.03075,214.79552,78.21605,37.620728,0.78501064,-1,-1,-1
288,11830,387.31882,319.69107,83.83243,44.033783,0.8377382,-1,-1,-1
288,11825,392.4987,194.41913,63.13568,30.038239,0.8525958,-1,-1,-1
288,11837,356.86667,285.33963,71.47031,44.216125,0.7226769,-1,-1,-1
288,11840,877.1252,201.84343,55.349,27.070328,0.85543287,-1,-1,-1
288,11850,128.6792,308.19052,92.495224,44.930847,0.82350504,-1,-1,-1
288,11777,714.7213,269.43558,70.13959,34.3302,0.8339764,-1,-1,-1
288,11835,880.33734,166.65834,51.403564,24.58429,0.7847653,-1,-1,-1
289,11669,475.7524,118.977974,26.087463,34.47233,0.84233534,-1,-1,-1
289,11714,276.22574,244.84413,73.5282,34.49492,0.82535464,-1,-1,-1
289,11724,376.75534,233.42375,69.47705,33.40181,0.8560076,-1,-1,-1
289,11759,555.45306,188.79591,59.28888,27.68074,0.78883743,-1,-1,-1
289,11706,171.16373,256.02875,86.87897,38.237366,0.85931796,-1,-1,-1
289,11768,777.4563,295.68796,71.38928,34.57144,0.8609875,-1,-1,-1
289,11752,775.9694,251.06807,65.786865,32.517715,0.8491416,-1,-1,-1
289,11758,884.4171,257.53183,60.678528,31.038544,0.8098546,-1,-1,-1
289,11791,540.3291,171.1087,59.381042,25.27327,0.8153643,-1,-1,-1
289,11802,721.7265,181.10037,59.91986,31.589874,0.8265125,-1,-1,-1
289,11789,477.16824,209.75034,70.164764,31.863068,0.8375922,-1,-1,-1
289,11794,544.78735,261.83813,71.30286,34.853027,0.81881136,-1,-1,-1
289,11757,232.28862,214.38956,79.25603,38.281036,0.819797,-1,-1,-1
289,11830,394.3608,319.80515,81.99704,42.92755,0.83942235,-1,-1,-1
289,11825,388.30753,194.12837,63.137787,29.971512,0.8657242,-1,-1,-1
289,11837,363.35718,284.74896,71.403564,44.20517,0.74511755,-1,-1,-1
289,11840,873.8146,201.40327,55.47931,27.045914,0.8529297,-1,-1,-1
289,11850,138.02852,307.69366,88.722534,42.824585,0.82981336,-1,-1,-1
289,11777,719.1743,269.37012,69.91571,34.161713,0.81262344,-1,-1,-1
289,11835,878.1489,166.31793,51.464905,24.650787,0.7651628,-1,-1,-1
289,11685,163.60107,199.98732,70.23674,33.542023,0.2609077,-1,-1,-1
290,11669,475.57288,118.30057,26.241302,34.652863,0.8416467,-1,-1,-1
290,11714,276.0581,244.48343,73.35892,34.385986,0.828194,-1,-1,-1
290,11724,376.78595,233.29568,68.72931,33.028717,0.86360586,-1,-1,-1
290,11759,552.13495,189.13605,58.068115,27.068329,0.8261175,-1,-1,-1
290,11706,170.50122,255.34183,87.058624,38.183044,0.8676685,-1,-1,-1
290,11768,783.10077,294.91507,71.09924,34.390015,0.8476913,-1,-1,-1
290,11752,779.91516,250.62651,65.15863,32.08992,0.8576452,-1,-1,-1
290,11758,888.9478,256.76166,61.067627,31.262573,0.7980091,-1,-1,-1
290,11791,535.65015,170.77441,59.507263,25.509354,0.82356256,-1,-1,-1
290,11802,718.83264,180.64705,59.98712,31.687897,0.8328968,-1,-1,-1
290,11789,471.76288,209.5422,70.237915,31.972473,0.84120774,-1,-1,-1
290,11794,549.4215,261.44757,70.89221,34.573822,0.8272989,-1,-1,-1
290,11757,226.31952,214.10944,78.40637,38.019287,0.83197725,-1,-1,-1
290,11830,399.95474,319.30386,81.00137,42.24832,0.82566875,-1,-1,-1
290,11825,384.18884,193.89304,63.140015,29.930038,0.8441982,-1,-1,-1
290,11837,369.83627,284.0195,71.389465,44.270905,0.8068655,-1,-1,-1
290,11840,870.31964,200.95491,55.59857,27.026657,0.8377902,-1,-1,-1
290,11850,146.10446,307.3438,87.367676,41.87433,0.82135606,-1,-1,-1
290,11777,722.16675,268.45178,71.459595,34.961,0.81718856,-1,-1,-1
290,11835,875.3678,165.79243,51.318726,24.63208,0.6686137,-1,-1,-1
290,11685,158.45103,199.76302,69.93866,33.486862,0.30830017,-1,-1,-1
291,11669,475.29962,117.69778,26.292328,34.676872,0.83746004,-1,-1,-1
291,11714,276.18445,244.03894,73.60867,34.536987,0.8254026,-1,-1,-1
291,11724,376.82303,233.00235,68.118835,32.730225,0.84590685,-1,-1,-1
291,11759,548.26215,188.73961,58.602234,27.348022,0.8239076,-1,-1,-1
291,11706,170.10028,255.03256,86.627075,37.750153,0.8450085,-1,-1,-1
291,11768,787.97125,294.1818,71.83356,34.746918,0.83891314,-1,-1,-1
291,11752,783.2286,249.92725,65.77893,32.44629,0.8615653,-1,-1,-1
291,11758,893.1346,255.85876,61.243225,31.36972,0.77882415,-1,-1,-1
291,11791,530.893,170.30899,59.436584,25.596878,0.8248702,-1,-1,-1
291,11802,715.298,180.02254,59.98889,31.709015,0.8333336,-1,-1,-1
291,11789,466.75604,209.15749,70.25366,31.96103,0.8396331,-1,-1,-1
291,11794,553.0533,260.66608,72.62671,35.511566,0.8232446,-1,-1,-1
291,11757,220.9044,213.92851,76.96971,37.371735,0.83087385,-1,-1,-1
291,11830,407.22287,318.71317,79.88495,41.5506,0.8333204,-1,-1,-1
291,11825,379.5462,193.64658,63.580475,30.086502,0.8450144,-1,-1,-1
291,11837,376.25024,283.56485,70.77246,43.813812,0.8030682,-1,-1,-1
291,11840,867.1335,200.70132,55.212524,26.781326,0.81370896,-1,-1,-1
291,11850,152.96861,307.40024,88.40971,42.3739,0.80573326,-1,-1,-1
291,11777,725.9116,268.1992,69.97174,34.24948,0.82446086,-1,-1,-1
291,11835,873.2058,165.51881,50.57538,24.162933,0.3394257,-1,-1,-1
292,11669,474.94348,117.016945,26.525238,34.941048,0.83868206,-1,-1,-1
292,11714,275.9503,243.54762,73.43497,34.428238,0.82825696,-1,-1,-1
292,11724,376.9689,232.71219,67.40106,32.438934,0.84531325,-1,-1,-1
292,11759,544.6391,188.48915,59.346313,27.599808,0.8327104,-1,-1,-1
292,11706,169.78522,254.84557,86.615845,37.59648,0.8505047,-1,-1,-1
292,11768,793.03186,293.39667,72.05841,34.860443,0.8535505,-1,-1,-1
292,11752,787.29987,249.59502,65.61908,32.320206,0.85434824,-1,-1,-1
292,11758,897.581,254.60973,61.44812,31.496994,0.7635443,-1,-1,-1
292,11791,526.1678,169.5921,60.343933,26.14917,0.82981485,-1,-1,-1
292,11802,712.2584,179.36386,60.772156,32.192215,0.8407826,-1,-1,-1
292,11789,462.27676,208.696,71.21628,32.412064,0.8584362,-1,-1,-1
292,11794,557.0882,260.08694,72.45685,35.38333,0.8119463,-1,-1,-1
292,11757,214.41136,213.7074,76.31944,37.1967,0.7906413,-1,-1,-1
292,11830,412.52655,318.2355,80.43265,41.71408,0.81151617,-1,-1,-1
292,11825,375.43066,192.88211,64.06293,30.196869,0.8435596,-1,-1,-1
292,11837,383.36676,282.6714,70.53851,43.489075,0.78408015,-1,-1,-1
292,11840,863.39124,200.3708,55.755188,27.01561,0.81830955,-1,-1,-1
292,11850,161.20003,306.44272,87.40933,41.809753,0.80639225,-1,-1,-1
292,11777,729.7269,267.2952,71.0105,34.827026,0.81736684,-1,-1,-1
292,11835,870.0613,164.02325,52.293457,25.06845,0.756344,-1,-1,-1
292,11856,0.70866865,272.63354,13.836257,35.185333,0.41500536,-1,-1,-1
292,11685,147.68211,199.43199,70.36345,33.989746,0.25323433,-1,-1,-1
293,11669,475.02682,116.43142,26.598236,35.11692,0.8333621,-1,-1,-1
293,11714,275.63107,243.04868,73.808624,34.61618,0.82629085,-1,-1,-1
293,11724,376.78098,232.34369,67.39258,32.51477,0.8449757,-1,-1,-1
293,11759,541.276,187.84073,60.785645,28.03688,0.8151553,-1,-1,-1
293,11706,169.37907,254.4705,87.22847,37.739456,0.8523531,-1,-1,-1
293,11768,799.3927,292.66266,71.40149,34.356964,0.87197345,-1,-1,-1
293,11752,791.16223,249.21912,64.94818,31.981781,0.83986855,-1,-1,-1
293,11758,901.64105,253.83022,61.92206,31.83168,0.7722606,-1,-1,-1
293,11791,521.18976,169.19937,61.464966,26.796844,0.81975687,-1,-1,-1
293,11802,709.23047,179.00427,60.467285,31.994583,0.8167095,-1,-1,-1
293,11789,457.2143,208.41151,71.34296,32.494537,0.84691393,-1,-1,-1
293,11794,560.84546,259.82056,73.84735,36.14377,0.79836553,-1,-1,-1
293,11757,209.291,214.16898,74.32576,36.1174,0.79921794,-1,-1,-1
293,11830,414.77756,318.24783,81.46472,41.632843,0.8344222,-1,-1,-1
293,11825,371.35028,192.86803,63.62668,29.920471,0.8505344,-1,-1,-1
293,11837,388.84836,282.18488,71.162415,43.647156,0.656783,-1,-1,-1
293,11840,860.0434,200.02649,56.197937,27.179459,0.8165313,-1,-1,-1
293,11850,168.14072,305.8192,87.906586,42.00229,0.8154949,-1,-1,-1
293,11777,733.85236,266.6091,71.645874,35.13852,0.8095606,-1,-1,-1
293,11835,868.1351,163.54073,52.281555,24.99762,0.7971671,-1,-1,-1
293,11856,0.99689263,270.10025,13.738704,34.831055,0.38373387,-1,-1,-1
293,11685,142.57066,199.27327,69.11667,33.49539,0.3665284,-1,-1,-1
294,11669,474.7895,115.60963,27.074524,35.773567,0.8290557,-1,-1,-1
294,11714,275.649,242.79079,73.69,34.602463,0.8228543,-1,-1,-1
294,11724,376.38266,231.94705,67.7887,32.80716,0.8393348,-1,-1,-1
294,11759,537.96704,187.0551,62.574524,28.650177,0.8183892,-1,-1,-1
294,11706,168.17055,253.87024,88.430984,38.14044,0.8566865,-1,-1,-1
294,11768,804.538,292.10257,71.384705,34.297516,0.8474246,-1,-1,-1
294,11752,794.6967,248.61478,64.96185,31.895966,0.86526567,-1,-1,-1
294,11758,905.284,253.06792,62.214172,32.06584,0.7997983,-1,-1,-1
294,11791,516.45557,168.60733,61.376892,26.857819,0.82852817,-1,-1,-1
294,11802,706.4051,178.55989,60.509766,32.025635,0.8383908,-1,-1,-1
294,11789,451.83655,207.94283,72.17407,32.852936,0.8440029,-1,-1,-1
294,11794,564.6499,258.83218,74.56897,36.648132,0.819238,-1,-1,-1
294,11757,203.2237,214.10208,73.999084,35.877792,0.80168337,-1,-1,-1
294,11830,417.094,317.7731,83.308716,41.9599,0.7546263,-1,-1,-1
294,11825,366.29932,192.70528,63.90506,30.026398,0.8415602,-1,-1,-1
294,11837,393.73523,281.81854,69.950195,42.7843,0.5992969,-1,-1,-1
294,11840,856.3812,199.69926,56.15094,27.146973,0.7847337,-1,-1,-1
294,11850,176.20023,305.0593,84.691956,40.19101,0.85231954,-1,-1,-1
294,11777,737.2106,265.92255,71.32007,35.112213,0.84199524,-1,-1,-1
294,11835,865.96326,163.0614,52.29297,24.902206,0.73943037,-1,-1,-1
294,11856,0.7346487,268.8361,14.726116,37.24164,0.2756804,-1,-1,-1
294,11685,136.956,199.17851,68.80203,33.204254,0.3895554,-1,-1,-1
295,11669,474.64575,114.973694,27.222229,35.944824,0.82805586,-1,-1,-1
295,11714,276.11584,242.53775,73.59079,34.65988,0.81296426,-1,-1,-1
295,11724,376.58838,231.79889,67.59042,32.68988,0.8349796,-1,-1,-1
295,11759,534.6879,186.72398,63.629272,28.87976,0.8163699,-1,-1,-1
295,11706,166.9461,253.46584,89.04259,38.26274,0.84735537,-1,-1,-1
295,11768,810.5364,291.73874,69.7937,33.334778,0.83335084,-1,-1,-1
295,11752,798.23004,247.93051,65.346436,32.145294,0.8489053,-1,-1,-1
295,11758,909.7966,252.33571,62.110657,32.069016,0.80399907,-1,-1,-1
295,11791,511.69803,168.46658,60.80899,26.726456,0.82637477,-1,-1,-1
295,11802,703.17017,178.21031,60.767395,32.182037,0.8270779,-1,-1,-1
295,11789,446.5866,207.8261,72.01337,32.83165,0.84283483,-1,-1,-1
295,11794,569.1917,258.56696,72.83124,35.728455,0.80775285,-1,-1,-1
295,11757,196.67035,213.14424,74.531006,36.086914,0.7750644,-1,-1,-1
295,11830,427.19852,317.28226,82.78851,41.71753,0.8416885,-1,-1,-1
295,11825,361.4294,192.59058,64.508026,30.255722,0.86347884,-1,-1,-1
295,11837,398.64557,280.9064,71.11911,43.48578,0.7772855,-1,-1,-1
295,11840,853.77496,199.38054,56.27942,27.125946,0.703768,-1,-1,-1
295,11850,182.87978,304.28622,84.62215,39.98813,0.83821446,-1,-1,-1
295,11777,740.6134,265.45416,70.22284,34.617737,0.83346033,-1,-1,-1
295,11835,863.351,162.85329,51.25885,24.3947,0.6529039,-1,-1,-1
295,11856,1.2789484,266.57288,15.157132,38.04181,0.27256474,-1,-1,-1
296,11669,474.7096,114.503296,27.030457,35.65155,0.82715255,-1,-1,-1
296,11714,275.93652,242.02673,74.08624,35.0354,0.82063305,-1,-1,-1
296,11724,375.9774,231.3463,68.17145,32.976242,0.8251665,-1,-1,-1
296,11759,529.44653,186.5406,63.880066,28.844193,0.81220347,-1,-1,-1
296,11706,165.88445,253.18413,89.6871,38.403397,0.8405578,-1,-1,-1
296,11768,815.3179,290.93228,70.515015,33.730682,0.84794724,-1,-1,-1
296,11752,802.0405,247.48991,64.82037,31.887283,0.8489622,-1,-1,-1
296,11758,914.0171,251.4629,62.561768,32.432053,0.82010293,-1,-1,-1
296,11791,506.84775,168.03316,60.894623,26.933487,0.82953435,-1,-1,-1
296,11802,699.83044,177.75967,61.338013,32.5455,0.8422667,-1,-1,-1
296,11789,441.72818,207.87642,71.870514,32.739273,0.84448755,-1,-1,-1
296,11794,573.06384,258.4184,72.46692,35.51465,0.7731179,-1,-1,-1
296,11757,190.24847,213.77493,74.356384,35.910553,0.71006846,-1,-1,-1
296,11830,434.89395,316.59293,82.37082,41.642456,0.8393377,-1,-1,-1
296,11825,356.09598,192.54495,65.081604,30.571625,0.8414221,-1,-1,-1
296,11837,405.1429,280.18027,70.4169,42.786316,0.7543319,-1,-1,-1
296,11840,850.50354,199.03247,56.262634,27.003357,0.7803709,-1,-1,-1
296,11850,188.86836,303.4957,86.41899,40.812103,0.8315522,-1,-1,-1
296,11777,745.4164,265.15283,70.00482,34.526215,0.82098734,-1,-1,-1
296,11835,860.8513,162.5761,51.282043,24.348953,0.32926807,-1,-1,-1
296,11856,1.781719,266.4305,14.713499,36.45163,0.37101233,-1,-1,-1
297,11669,474.87985,114.03755,26.441345,34.87912,0.83929044,-1,-1,-1
297,11714,275.4285,241.88077,74.35281,35.241302,0.8444397,-1,-1,-1
297,11724,375.9095,231.14465,68.08292,32.92691,0.8128084,-1,-1,-1
297,11759,524.3966,186.40695,63.259277,28.657913,0.81150585,-1,-1,-1
297,11706,165.52626,252.83868,91.34059,39.185333,0.83692926,-1,-1,-1
297,11768,820.7133,290.22314,70.03229,33.53296,0.84621346,-1,-1,-1
297,11752,806.08746,247.0042,64.45184,31.637283,0.8701574,-1,-1,-1
297,11758,918.73126,250.95525,62.471558,32.377945,0.8292662,-1,-1,-1
297,11791,502.2487,167.62991,60.904755,27.072983,0.82572824,-1,-1,-1
297,11802,696.5021,177.42104,61.157593,32.404465,0.8201236,-1,-1,-1
297,11789,436.73895,207.6547,71.76553,32.701645,0.84565675,-1,-1,-1
297,11794,577.93506,257.93292,72.394775,35.49759,0.8088972,-1,-1,-1
297,11757,185.56888,214.82576,72.30972,34.62024,0.50051236,-1,-1,-1
297,11830,442.10403,315.97525,81.71994,41.44211,0.8459634,-1,-1,-1
297,11825,352.3122,192.70566,64.490875,30.236725,0.83778644,-1,-1,-1
297,11837,410.7351,279.51617,70.63742,42.73874,0.79386765,-1,-1,-1
297,11840,847.4075,198.88953,55.917786,26.718033,0.7866401,-1,-1,-1
297,11850,195.11414,302.8126,87.80444,41.529755,0.84814453,-1,-1,-1
297,11777,749.0636,264.59555,70.31213,34.70407,0.83368033,-1,-1,-1
298,11669,474.62283,113.3255,26.965393,35.611206,0.8303869,-1,-1,-1
298,11714,274.3626,241.09355,75.33823,35.845413,0.82516193,-1,-1,-1
298,11724,375.99356,230.94287,68.46332,33.08719,0.8144991,-1,-1,-1
298,11759,519.8367,185.86443,63.62262,29.00882,0.81646484,-1,-1,-1
298,11706,165.01743,252.58119,91.46634,39.253006,0.8459524,-1,-1,-1
298,11768,826.2667,289.50922,70.33728,33.632935,0.8319673,-1,-1,-1
298,11752,809.88666,246.61322,64.48401,31.549255,0.8489428,-1,-1,-1
298,11758,923.13544,250.33348,62.663513,32.501907,0.8383613,-1,-1,-1
298,11791,497.87912,167.18005,61.137177,27.277985,0.80705553,-1,-1,-1
298,11802,693.4358,176.46191,62.08008,32.932953,0.83340937,-1,-1,-1
298,11789,431.45807,207.53697,71.05777,32.353394,0.8404537,-1,-1,-1
298,11794,581.6537,257.47168,72.4801,35.50943,0.8073691,-1,-1,-1
298,11757,178.52823,214.27219,74.64436,35.577454,0.6493652,-1,-1,-1
298,11830,448.02527,315.30002,81.354126,41.33258,0.8343568,-1,-1,-1
298,11825,348.00064,192.42465,64.65637,30.245987,0.8518024,-1,-1,-1
298,11837,415.6237,278.7508,70.76553,42.868225,0.800417,-1,-1,-1
298,11840,843.564,198.38635,56.510315,26.904251,0.7992156,-1,-1,-1
298,11850,202.45847,302.19147,86.79755,41.001465,0.828434,-1,-1,-1
298,11777,752.25775,264.00815,70.66272,34.997406,0.83608544,-1,-1,-1
298,11835,856.53107,161.9439,50.674683,23.93785,0.39837328,-1,-1,-1
298,11856,3.1834655,269.46616,13.55427,32.452637,0.41136613,-1,-1,-1
299,11669,474.45352,112.6611,27.158936,35.892746,0.82868826,-1,-1,-1
299,11714,273.20663,240.58635,76.7688,36.55455,0.8414161,-1,-1,-1
299,11724,375.91238,230.62215,68.83646,33.271744,0.81924355,-1,-1,-1
299,11759,515.7512,185.3102,62.477173,28.562561,0.8336978,-1,-1,-1
299,11706,165.24646,252.46423,91.75809,39.407867,0.8403534,-1,-1,-1
299,11768,831.7935,288.95163,69.91162,33.352783,0.84748864,-1,-1,-1
299,11752,814.12366,246.40128,64.59967,31.548767,0.83464766,-1,-1,-1
299,11758,926.9952,249.26561,63.61798,33.116714,0.8219123,-1,-1,-1
299,11791,493.2554,166.94075,61.21988,27.43483,0.81502765,-1,-1,-1
299,11802,690.12555,176.1554,61.812195,32.825287,0.83031374,-1,-1,-1
299,11789,426.2401,207.02254,71.70624,32.622513,0.8426471,-1,-1,-1
299,11794,587.8743,256.8538,71.96936,35.019257,0.80180734,-1,-1,-1
299,11757,171.48073,213.82755,76.974976,36.422287,0.4731166,-1,-1,-1
299,11830,454.67453,314.7962,80.8176,41.12741,0.8225071,-1,-1,-1
299,11825,343.03903,192.48773,64.45752,30.169937,0.83617634,-1,-1,-1
299,11837,420.1774,278.09283,71.291016,43.130737,0.7970868,-1,-1,-1
299,11840,841.32513,197.97723,56.60321,26.777252,0.7739624,-1,-1,-1
299,11850,208.93655,301.7021,88.38895,41.763275,0.8417855,-1,-1,-1
299,11777,756.20575,263.66922,70.65692,35.10617,0.8182098,-1,-1,-1
299,11835,855.3389,162.5982,49.32483,23.21283,0.56658536,-1,-1,-1
299,11856,3.5402262,270.21912,13.462955,31.006775,0.4760435,-1,-1,-1
300,11669,474.54602,111.927795,27.496155,36.363052,0.8288929,-1,-1,-1
300,11714,272.40616,239.96117,77.55728,37.143173,0.8285449,-1,-1,-1
300,11724,375.7429,230.26302,68.88547,33.30699,0.8286111,-1,-1,-1
300,11759,511.49524,184.71426,62.920837,28.897842,0.83471185,-1,-1,-1
300,11706,165.31038,252.33739,91.446365,39.32213,0.8393166,-1,-1,-1
300,11768,837.17114,288.38135,70.279785,33.48001,0.82829076,-1,-1,-1
300,11752,817.5586,246.0325,64.40454,31.377777,0.83314997,-1,-1,-1
300,11758,931.44885,248.86223,62.817688,32.70906,0.8193354,-1,-1,-1
300,11791,488.19812,166.4517,61.825623,27.865265,0.8207111,-1,-1,-1
300,11802,687.23236,175.2646,62.32782,33.15158,0.8224203,-1,-1,-1
300,11789,421.11105,206.75406,71.74515,32.623108,0.84074324,-1,-1,-1
300,11794,592.16534,255.8993,73.60217,35.64943,0.80100834,-1,-1,-1
300,11757,163.13522,214.02074,77.77669,36.844635,0.3435202,-1,-1,-1
300,11830,460.59302,314.1167,81.07214,41.346252,0.83314055,-1,-1,-1
300,11825,338.13367,192.27089,64.20508,30.04625,0.8292491,-1,-1,-1
300,11837,426.09006,277.3159,71.19342,43.059265,0.8000215,-1,-1,-1
300,11840,837.5231,197.33177,57.399475,27.02214,0.8215985,-1,-1,-1
300,11850,216.55342,301.09232,87.25429,41.195312,0.8281206,-1,-1,-1
300,11777,760.4359,263.10492,71.29974,35.52417,0.8270047,-1,-1,-1
300,11835,852.8723,161.61441,49.911865,23.351608,0.49201104,-1,-1,-1
300,11856,3.8095474,270.10568,13.848066,30.558838,0.5310992,-1,-1,-1
301,11669,474.71368,111.295006,27.58731,36.521065,0.8243346,-1,-1,-1
301,11714,271.39987,239.56609,77.9212,37.466812,0.82690084,-1,-1,-1
301,11724,375.51892,230.2959,68.512085,33.154022,0.82469064,-1,-1,-1
301,11759,507.8745,184.05241,63.711365,29.456955,0.82419926,-1,-1,-1
301,11706,164.89517,251.77153,91.76764,39.563522,0.8433013,-1,-1,-1
301,11768,842.13983,287.82645,70.039734,33.2937,0.8357582,-1,-1,-1
301,11752,821.4777,245.36713,64.48645,31.430054,0.85647357,-1,-1,-1
301,11758,935.4352,247.34741,63.601746,33.21576,0.8330585,-1,-1,-1
301,11791,483.1295,166.04176,62.46982,28.314972,0.80918735,-1,-1,-1
301,11802,683.97974,175.04477,61.763977,32.88434,0.827399,-1,-1,-1
301,11789,416.34525,206.64705,71.596436,32.52104,0.81489587,-1,-1,-1
301,11794,595.8505,255.53033,73.24658,35.4097,0.79542947,-1,-1,-1
301,11757,156.09293,214.24094,77.37161,36.735855,0.30970183,-1,-1,-1
301,11830,466.2295,313.36502,81.20984,41.47534,0.8297379,-1,-1,-1
301,11825,333.8566,192.11163,64.65405,30.23108,0.8451707,-1,-1,-1
301,11837,430.42807,276.8616,71.509735,43.334045,0.7889756,-1,-1,-1
301,11840,833.66144,197.0922,57.603394,27.06668,0.82800436,-1,-1,-1
301,11850,223.74081,300.04877,87.48343,41.292145,0.83097404,-1,-1,-1
301,11777,764.24396,262.67554,70.95392,35.406097,0.8433235,-1,-1,-1
301,11835,849.904,160.39766,50.991943,23.728867,0.32754645,-1,-1,-1
301,11856,3.6411839,269.87906,14.589121,30.984863,0.60268134,-1,-1,-1
302,11669,474.70578,110.58851,27.528137,36.513344,0.83555335,-1,-1,-1
302,11714,271.05692,239.24178,77.76596,37.53856,0.8273906,-1,-1,-1
302,11724,375.93912,230.27663,66.531006,32.109146,0.81818527,-1,-1,-1
302,11759,504.24963,183.5466,63.175842,29.337067,0.82424664,-1,-1,-1
302,11706,165.0866,251.52412,91.36513,39.41893,0.8368718,-1,-1,-1
302,11768,847.7699,287.10483,70.26752,33.281128,0.83677405,-1,-1,-1
302,11752,824.92114,244.71562,64.72266,31.547043,0.8243232,-1,-1,-1
302,11758,939.89514,246.81462,62.952515,32.921677,0.7779117,-1,-1,-1
302,11791,479.2864,165.77953,61.530914,27.964447,0.828602,-1,-1,-1
302,11802,681.32996,174.42287,61.946045,33.017426,0.81998074,-1,-1,-1
302,11789,411.23294,206.65894,70.866455,32.105515,0.8195362,-1,-1,-1
302,11794,599.2288,255.06802,72.05475,34.92755,0.7504203,-1,-1,-1
302,11757,149.89519,214.35136,77.45628,36.85176,0.4811179,-1,-1,-1
302,11830,472.57254,312.5302,81.76102,41.798584,0.8277879,-1,-1,-1
302,11825,328.7035,191.59187,65.1398,30.485641,0.83980846,-1,-1,-1
302,11837,435.671,276.45587,70.699615,42.98883,0.7950958,-1,-1,-1
302,11840,829.5672,196.33104,58.600525,27.556732,0.79394126,-1,-1,-1
302,11850,230.52933,299.56036,86.53418,40.73291,0.8234031,-1,-1,-1
302,11777,768.92975,262.64566,70.7937,35.20392,0.81555533,-1,-1,-1
302,11856,3.6134794,269.98416,15.212061,31.05423,0.616121,-1,-1,-1
303,11669,474.6988,109.895325,27.490936,36.617783,0.83698475,-1,-1,-1
303,11714,271.29947,238.85155,77.28943,37.449844,0.8304768,-1,-1,-1
303,11724,375.6073,230.27293,66.98227,32.396286,0.8446952,-1,-1,-1
303,11759,500.7168,183.16353,62.574036,29.174667,0.8266016,-1,-1,-1
303,11706,165.26428,251.287,90.51485,39.06755,0.8395655,-1,-1,-1
303,11768,852.85284,286.31918,71.1532,33.799805,0.83384216,-1,-1,-1
303,11752,827.9853,244.06833,65.987,32.238647,0.837554,-1,-1,-1
303,11758,944.1369,246.24205,62.431946,32.661453,0.79848355,-1,-1,-1
303,11791,475.1031,165.50941,60.483276,27.594086,0.8225423,-1,-1,-1
303,11802,678.0416,174.07362,61.895203,33.075043,0.82842433,-1,-1,-1
303,11789,406.22098,206.33862,70.16327,31.67569,0.8304068,-1,-1,-1
303,11794,602.48334,254.16113,73.81305,35.99997,0.77328354,-1,-1,-1
303,11830,478.3091,312.06107,81.296295,41.772552,0.81657356,-1,-1,-1
303,11825,323.36676,190.97444,65.388,30.552505,0.8437734,-1,-1,-1
303,11837,441.4074,276.25327,70.38437,42.610596,0.73306346,-1,-1,-1
303,11840,825.6188,195.93341,58.443237,27.513885,0.8393315,-1,-1,-1
303,11850,237.45026,298.82535,84.657135,39.66452,0.8108081,-1,-1,-1
303,11777,771.7135,261.50494,72.17914,35.9823,0.8170858,-1,-1,-1
303,11856,3.4822943,269.6307,16.52199,32.57843,0.5188002,-1,-1,-1
304,11669,474.58707,109.336296,27.54596,36.815132,0.836178,-1,-1,-1
304,11714,271.3374,238.42648,76.88388,37.35843,0.8324004,-1,-1,-1
304,11724,375.25543,230.13284,67.147644,32.556396,0.86812806,-1,-1,-1
304,11759,497.51495,183.01337,61.60486,28.80629,0.8201599,-1,-1,-1
304,11706,164.35735,251.19589,90.10301,38.91571,0.82922477,-1,-1,-1
304,11768,858.71136,285.56088,70.69568,33.491028,0.83666867,-1,-1,-1
304,11752,832.3989,243.66685,64.87439,31.685135,0.85136896,-1,-1,-1
304,11758,949.00433,245.76025,61.903442,32.292145,0.80728835,-1,-1,-1
304,11791,470.6085,164.9857,60.08206,27.442947,0.83142114,-1,-1,-1
304,11802,674.71765,173.66925,62.77832,33.59053,0.8261717,-1,-1,-1
304,11789,401.76727,206.12721,68.42673,30.649323,0.8348334,-1,-1,-1
304,11794,605.32294,253.61026,75.286804,36.978027,0.77364117,-1,-1,-1
304,11830,485.1047,311.47235,81.393524,41.838013,0.8450483,-1,-1,-1
304,11825,318.63394,190.41776,66.79825,31.126694,0.84885573,-1,-1,-1
304,11837,446.71405,275.8997,69.50067,42.043945,0.78098875,-1,-1,-1
304,11840,821.91486,195.40123,58.42328,27.550583,0.8440581,-1,-1,-1
304,11850,244.6154,298.0516,83.7838,39.06436,0.8356558,-1,-1,-1
304,11777,775.9478,261.09818,71.66174,35.78308,0.83087707,-1,-1,-1
304,11856,3.4742143,269.6506,16.915995,32.143494,0.43345636,-1,-1,-1
304,11835,842.4688,159.6533,50.07483,23.26239,0.4272819,-1,-1,-1
305,11669,474.7565,108.95173,27.180542,36.40455,0.82995725,-1,-1,-1
305,11714,271.34067,237.95018,76.488525,37.248825,0.83372355,-1,-1,-1
305,11724,375.75586,230.05879,66.03012,31.984726,0.8623249,-1,-1,-1
305,11759,492.56293,182.49559,62.34729,29.210068,0.8223056,-1,-1,-1
305,11706,163.45604,251.24307,90.081024,38.882935,0.81896585,-1,-1,-1
305,11768,863.8655,284.89728,71.735535,34.15393,0.84901863,-1,-1,-1
305,11752,836.4445,243.17863,65.02472,31.755264,0.8362091,-1,-1,-1
305,11758,953.63257,244.95187,61.918945,32.36664,0.81258583,-1,-1,-1
305,11791,465.16302,164.4314,60.597107,27.76381,0.84194297,-1,-1,-1
305,11802,671.38794,173.31888,63.244934,33.89772,0.83084893,-1,-1,-1
305,11789,397.71622,205.90247,66.96399,29.67302,0.8321847,-1,-1,-1
305,11794,606.4162,252.85663,80.395996,40.01425,0.75802517,-1,-1,-1
305,11830,491.34558,310.9174,80.30902,41.332703,0.8489559,-1,-1,-1
305,11825,313.70786,189.7733,67.83087,31.655151,0.84221685,-1,-1,-1
305,11837,452.46518,275.41437,69.4476,41.816956,0.7930745,-1,-1,-1
305,11840,817.9652,194.93689,58.41223,27.637527,0.83887684,-1,-1,-1
305,11850,251.7143,297.3183,84.39844,39.38788,0.83002007,-1,-1,-1
305,11777,779.48126,260.1305,72.3902,36.24054,0.8249271,-1,-1,-1
305,11856,3.2356074,269.2749,17.520958,32.221527,0.36769465,-1,-1,-1
305,11857,0.21753973,268.40375,23.473457,34.934113,0.32699403,-1,-1,-1
306,11669,474.52,108.22583,27.277039,36.561584,0.82861775,-1,-1,-1
306,11714,271.11844,237.65373,75.905426,36.867386,0.86227465,-1,-1,-1
306,11724,375.98395,229.24371,65.30005,31.446411,0.80717045,-1,-1,-1
306,11759,488.897,181.98534,62.253082,29.266205,0.82230455,-1,-1,-1
306,11706,162.95578,251.17473,90.30159,39.00096,0.82359123,-1,-1,-1
306,11768,868.8396,283.95883,71.79974,34.230286,0.84444153,-1,-1,-1
306,11752,840.5025,242.67738,64.982605,31.805008,0.8351511,-1,-1,-1
306,11758,958.1503,244.33162,61.884644,32.414474,0.8402447,-1,-1,-1
306,11791,460.4896,164.22731,59.819183,27.40036,0.82896477,-1,-1,-1
306,11802,668.33514,172.95084,63.400696,34.00003,0.81813794,-1,-1,-1
306,11789,392.37994,205.93867,66.74252,29.240005,0.82097095,-1,-1,-1
306,11794,608.3428,251.97061,83.121704,41.939667,0.7857347,-1,-1,-1
306,11830,497.47226,310.19858,80.24753,41.303833,0.84805346,-1,-1,-1
306,11825,308.7104,189.0128,68.4223,31.976257,0.8533279,-1,-1,-1
306,11837,457.22208,274.44128,70.83096,42.687805,0.815737,-1,-1,-1
306,11840,814.7764,194.46364,59.115417,28.041504,0.84825635,-1,-1,-1
306,11850,257.8381,296.10687,85.00162,39.661987,0.8294402,-1,-1,-1
306,11777,783.4241,259.47333,72.750244,36.513916,0.8257667,-1,-1,-1
306,11857,0.4665151,268.21796,23.33131,34.700012,0.38873518,-1,-1,-1
307,11669,474.4936,107.544685,27.168182,36.48243,0.8302018,-1,-1,-1
307,11714,271.239,237.48167,75.09509,36.34694,0.8397922,-1,-1,-1
307,11724,375.28687,227.98323,66.98044,32.235153,0.81436265,-1,-1,-1
307,11759,485.34967,181.79309,61.173157,28.806122,0.8730356,-1,-1,-1
307,11706,162.8588,250.79819,90.19307,38.966217,0.83139825,-1,-1,-1
307,11768,873.6879,283.13242,71.66669,34.18405,0.8385336,-1,-1,-1
307,11752,843.87616,241.68771,66.382324,32.624725,0.8293845,-1,-1,-1
307,11758,960.81744,243.10847,62.809753,33.04634,0.7841564,-1,-1,-1
307,11791,455.79645,163.76099,59.788208,27.439102,0.84847385,-1,-1,-1
307,11802,663.8506,172.21518,64.22357,34.488586,0.81875914,-1,-1,-1
307,11789,386.17496,205.72133,67.51294,29.278824,0.8116014,-1,-1,-1
307,11794,613.47955,251.51602,81.1535,41.25238,0.7350683,-1,-1,-1
307,11830,502.87515,309.30884,80.059296,41.2435,0.8484489,-1,-1,-1
307,11825,304.25238,189.00421,67.709625,31.606125,0.82624704,-1,-1,-1
307,11837,462.14896,273.74237,70.37137,42.41562,0.77897245,-1,-1,-1
307,11840,811.4096,194.21408,59.68695,28.39235,0.8043664,-1,-1,-1
307,11850,264.08865,295.34042,86.29898,40.43097,0.836163,-1,-1,-1
307,11777,787.2658,259.0671,72.53552,36.542053,0.8315098,-1,-1,-1
307,11857,0.8118411,267.35693,23.228329,34.46927,0.6182989,-1,-1,-1
308,11669,474.7494,106.82536,26.476105,35.505905,0.8438157,-1,-1,-1
308,11714,271.6451,237.08228,74.87457,36.2735,0.84058696,-1,-1,-1
308,11724,374.75052,226.75412,68.768585,33.188843,0.81507814,-1,-1,-1
308,11759,480.44412,181.38148,62.304474,29.385101,0.8255254,-1,-1,-1
308,11706,162.2901,250.54434,89.933914,38.823273,0.81983864,-1,-1,-1
308,11768,879.2141,282.58655,71.54047,34.19397,0.8243305,-1,-1,-1
308,11752,847.3706,240.65881,67.46979,33.373688,0.8260251,-1,-1,-1
308,11758,964.18536,242.474,59.814636,33.02829,0.70821214,-1,-1,-1
308,11791,450.57275,163.20123,60.10321,27.671951,0.84507316,-1,-1,-1
308,11802,660.96796,171.70268,64.13855,34.430664,0.82264286,-1,-1,-1
308,11789,381.22318,205.22601,66.99591,28.782959,0.78377986,-1,-1,-1
308,11794,618.0244,251.0173,81.47229,41.93106,0.7376248,-1,-1,-1
308,11830,508.46417,308.70175,80.16925,41.3685,0.85699445,-1,-1,-1
308,11825,299.29367,188.72325,68.513794,31.962372,0.83265173,-1,-1,-1
308,11837,466.7173,272.93643,70.6521,42.618805,0.7559837,-1,-1,-1
308,11840,807.6683,193.87082,59.976807,28.637512,0.8371145,-1,-1,-1
308,11850,270.82147,294.63477,86.26828,40.45813,0.822895,-1,-1,-1
308,11777,791.5158,258.7441,71.49103,36.00894,0.82690793,-1,-1,-1
308,11857,0.819264,266.70917,23.555937,34.868652,0.46066087,-1,-1,-1
308,11858,592.45764,142.47263,39.839844,27.04837,0.3339357,-1,-1,-1
309,11669,474.44778,106.08403,26.94632,36.19789,0.83772784,-1,-1,-1
309,11714,271.7731,236.64128,75.65552,36.632004,0.8414628,-1,-1,-1
309,11724,374.87234,226.37239,68.43533,33.104355,0.8137483,-1,-1,-1
309,11759,476.25977,180.88634,62.62567,29.627731,0.8347173,-1,-1,-1
309,11706,161.12697,250.19441,90.769104,39.19551,0.8252778,-1,-1,-1
309,11768,885.31104,282.20856,70.201965,33.460876,0.8353669,-1,-1,-1
309,11752,851.8273,240.177,67.272095,33.389923,0.8362635,-1,-1,-1
309,11758,967.54047,241.58017,56.459534,32.91989,0.70588124,-1,-1,-1
309,11791,445.14896,162.60942,60.52591,27.952744,0.8351841,-1,-1,-1
309,11802,657.4151,171.43901,63.976746,34.35829,0.8200689,-1,-1,-1
309,11789,375.18036,205.12064,67.81656,28.874954,0.7933242,-1,-1,-1
309,11794,623.2142,250.80121,80.31586,41.77237,0.7642968,-1,-1,-1
309,11830,514.6748,307.99652,79.52551,41.08365,0.8622528,-1,-1,-1
309,11825,294.4915,188.67908,68.5896,31.9198,0.85068,-1,-1,-1
309,11837,471.0738,272.18527,70.753235,42.81491,0.7930405,-1,-1,-1
309,11840,803.95215,193.47037,60.108826,28.813416,0.8442872,-1,-1,-1
309,11850,278.9161,293.97797,83.00348,38.79489,0.82661533,-1,-1,-1
309,11777,795.53845,258.07043,71.8291,36.197968,0.8229455,-1,-1,-1
309,11857,1.144745,266.25238,23.802628,35.062195,0.47127837,-1,-1,-1
309,11858,592.6737,142.01523,38.699158,26.251755,0.5257796,-1,-1,-1
309,11860,1011.5142,155.58914,11.493591,21.177338,0.5069896,-1,-1,-1
309,11835,827.3494,155.02841,55.482544,26.013092,0.49317855,-1,-1,-1
310,11669,474.40396,105.49633,27.002747,36.266655,0.838414,-1,-1,-1
310,11714,271.54922,236.27591,76.10016,36.83893,0.84366006,-1,-1,-1
310,11724,374.51773,226.59227,67.717865,32.73796,0.8269235,-1,-1,-1
310,11759,472.5401,180.48651,61.960693,29.349655,0.8426932,-1,-1,-1
310,11706,160.49776,250.22629,91.7932,39.711945,0.81601435,-1,-1,-1
310,11768,890.4477,281.58127,70.378784,33.56894,0.83903605,-1,-1,-1
310,11752,855.78326,239.28673,66.77783,33.235397,0.8309927,-1,-1,-1
310,11758,969.7737,240.87943,54.22632,32.85144,0.67745674,-1,-1,-1
310,11791,439.63266,162.25905,60.71405,28.115814,0.82963544,-1,-1,-1
310,11802,654.98346,171.18643,63.219177,33.92125,0.82092327,-1,-1,-1
310,11789,368.87912,205.18156,68.45682,28.899292,0.79380023,-1,-1,-1
310,11794,629.3171,250.40411,77.24774,40.312775,0.7487133,-1,-1,-1
310,11830,520.4816,307.3325,79.858765,41.354675,0.8547926,-1,-1,-1
310,11825,289.45947,188.04593,69.74933,32.523163,0.8292396,-1,-1,-1
310,11837,475.2139,271.6933,70.70438,42.9357,0.7966406,-1,-1,-1
310,11840,800.69763,192.93413,60.062134,28.874268,0.8344423,-1,-1,-1
310,11850,285.44693,293.05783,84.26199,39.361847,0.83126265,-1,-1,-1
310,11777,799.8448,257.52966,71.603455,36.252747,0.8395452,-1,-1,-1
310,11857,1.5950292,266.0513,24.312664,35.533478,0.44752723,-1,-1,-1
310,11860,1010.6267,154.598,11.526794,21.085373,0.5758668,-1,-1,-1
310,11835,824.2923,154.55135,54.77173,25.775543,0.69028515,-1,-1,-1
311,11669,474.29834,104.87969,27.14032,36.475105,0.8363253,-1,-1,-1
311,11714,271.2044,235.90776,76.49893,37.063553,0.8470772,-1,-1,-1
311,11724,374.2856,226.4477,67.8739,32.76178,0.82893074,-1,-1,-1
311,11759,467.62637,180.10223,62.992645,29.83548,0.8396531,-1,-1,-1
311,11706,160.66357,250.17949,92.167175,40.031906,0.8386356,-1,-1,-1
311,11768,895.46027,280.77264,70.42236,33.54886,0.85467225,-1,-1,-1
311,11752,859.64307,238.7883,66.935486,33.45627,0.8364051,-1,-1,-1
311,11758,972.9676,240.22508,51.03241,32.928818,0.67925394,-1,-1,-1
311,11791,434.18506,161.95776,60.55545,28.051956,0.8223854,-1,-1,-1
311,11802,651.8454,170.72176,63.526917,34.00496,0.8040729,-1,-1,-1
311,11789,362.34793,205.3506,68.580414,28.754486,0.81957346,-1,-1,-1
311,11794,633.55725,249.53781,77.8866,41.075592,0.8207421,-1,-1,-1
311,11830,526.4169,306.71494,80.06549,41.58676,0.8472643,-1,-1,-1
311,11825,284.7947,187.72694,70.1687,32.79518,0.82000834,-1,-1,-1
311,11837,480.4073,271.15808,71.143555,43.266968,0.78753865,-1,-1,-1
311,11840,797.00977,192.53415,59.363525,28.614426,0.84653795,-1,-1,-1
311,11850,292.49045,292.43533,83.947266,39.14624,0.8175827,-1,-1,-1
311,11777,803.59076,257.11697,70.73987,35.87561,0.83766204,-1,-1,-1
311,11857,2.00672,265.99976,24.684813,35.69101,0.43590245,-1,-1,-1
311,11860,1008.98804,152.7081,12.461182,22.513657,0.6552537,-1,-1,-1
311,11835,821.3259,154.10017,54.911804,25.92955,0.70392925,-1,-1,-1
312,11669,474.27213,104.371956,26.893585,36.10871,0.8404606,-1,-1,-1
312,11714,270.594,235.59192,76.66934,37.19467,0.8416623,-1,-1,-1
312,11724,374.15515,225.92546,68.7023,33.162155,0.8172666,-1,-1,-1
312,11759,463.2577,179.74889,63.28528,30.036728,0.8460881,-1,-1,-1
312,11706,160.39201,249.89294,91.83057,39.97513,0.8271447,-1,-1,-1
312,11768,900.706,280.2455,70.37616,33.55771,0.83681715,-1,-1,-1
312,11752,863.9156,238.42902,66.687195,33.42102,0.8180139,-1,-1,-1
312,11758,975.5816,239.32443,48.418396,33.27664,0.64786464,-1,-1,-1
312,11791,428.85812,161.55754,61.506866,28.610733,0.8392496,-1,-1,-1
312,11802,647.94666,170.44946,63.94641,34.289734,0.84552866,-1,-1,-1
312,11789,355.2029,205.40356,70.71411,29.60675,0.83844733,-1,-1,-1
312,11794,639.1406,249.10298,76.72534,40.762405,0.8210148,-1,-1,-1
312,11830,532.0779,306.09534,80.34253,41.841827,0.8541983,-1,-1,-1
312,11825,279.8789,187.54134,69.973694,32.739594,0.82672626,-1,-1,-1
312,11837,485.59753,270.74255,70.4613,42.87018,0.7738976,-1,-1,-1
312,11840,792.4874,192.00778,59.99182,29.00711,0.8445283,-1,-1,-1
312,11850,298.75748,291.61035,85.03772,39.59311,0.8382339,-1,-1,-1
312,11777,807.90094,256.77216,70.76807,35.842285,0.87496686,-1,-1,-1
312,11857,2.5882115,266.33197,24.602512,35.010468,0.39307946,-1,-1,-1
312,11860,1007.04987,149.01729,14.496155,25.906494,0.67001873,-1,-1,-1
312,11835,818.36523,153.2987,55.705994,26.455704,0.53711087,-1,-1,-1
313,11669,474.21527,103.70654,26.881714,36.10121,0.83722794,-1,-1,-1
313,11714,269.95233,235.0381,76.94769,37.450058,0.84694636,-1,-1,-1
313,11724,373.98444,225.68895,68.35428,32.965714,0.8226916,-1,-1,-1
313,11759,458.80725,179.41107,63.41028,30.125885,0.83157694,-1,-1,-1
313,11706,159.24348,249.28362,92.75043,40.509018,0.8379195,-1,-1,-1
313,11768,905.784,279.44373,70.70032,33.80591,0.8356268,-1,-1,-1
313,11752,867.8218,238.26245,65.677795,32.945557,0.8251819,-1,-1,-1
313,11758,978.0966,237.9355,45.90338,34.31642,0.61396825,-1,-1,-1
313,11791,424.2744,161.25867,60.731018,28.276764,0.83578694,-1,-1,-1
313,11802,644.10803,170.07655,63.88452,34.264145,0.8199221,-1,-1,-1
313,11789,348.30618,205.16545,73.33121,30.729279,0.8476859,-1,-1,-1
313,11794,645.4982,248.46555,73.154175,38.985962,0.84138656,-1,-1,-1
313,11830,537.5099,305.3968,80.8855,42.30487,0.8361071,-1,-1,-1
313,11825,275.2225,187.29979,69.90515,32.747818,0.8247058,-1,-1,-1
313,11837,491.11346,270.32425,69.8703,42.48413,0.8218548,-1,-1,-1
313,11840,789.5199,191.67749,59.200195,28.667679,0.8216795,-1,-1,-1
313,11850,305.19995,290.81854,84.84662,39.437256,0.83052266,-1,-1,-1
313,11777,811.4853,256.32593,71.13422,36.061096,0.85609984,-1,-1,-1
313,11857,2.7083347,266.02124,25.045757,35.07788,0.27648625,-1,-1,-1
313,11860,1004.83704,145.0435,16.691711,29.44992,0.5899494,-1,-1,-1
313,11835,815.432,152.72002,56.125916,26.800797,0.59035444,-1,-1,-1
313,11861,977.1865,297.5681,46.16028,34.945038,0.34410438,-1,-1,-1
314,11669,474.05566,103.028435,27.144257,36.46134,0.82683057,-1,-1,-1
314,11714,269.69485,234.60014,77.13446,37.658524,0.85433257,-1,-1,-1
314,11724,372.3569,225.01338,69.79553,33.792984,0.82044804,-1,-1,-1
314,11759,454.52435,178.99875,63.991516,30.414566,0.8391199,-1,-1,-1
314,11706,158.0097,248.65623,93.11818,40.792313,0.844404,-1,-1,-1
314,11768,911.00116,278.66287,70.72241,34.00525,0.84959525,-1,-1,-1
314,11752,871.56354,237.85172,65.41821,32.855408,0.8335852,-1,-1,-1
314,11758,980.6299,237.04521,43.370117,34.624283,0.6237563,-1,-1,-1
314,11791,418.83054,160.75078,61.195374,28.516586,0.83146566,-1,-1,-1
314,11802,640.80963,169.60118,63.866394,34.29953,0.826856,-1,-1,-1
314,11789,342.02597,204.70155,75.99155,31.924194,0.8663453,-1,-1,-1
314,11794,649.86346,247.74342,72.411316,38.762375,0.8251677,-1,-1,-1
314,11830,543.6658,304.7342,80.26373,42.102753,0.8528234,-1,-1,-1
314,11825,270.0256,186.78076,69.848785,32.794815,0.81989753,-1,-1,-1
314,11837,496.1488,269.7486,69.81317,42.422943,0.8250122,-1,-1,-1
314,11840,785.83984,191.19044,59.007874,28.58583,0.83865434,-1,-1,-1
314,11850,311.44885,289.7841,85.41672,39.70633,0.82959735,-1,-1,-1
314,11777,815.35986,255.65962,70.72858,35.927414,0.84695935,-1,-1,-1
314,11857,2.496649,265.261,25.824701,35.678986,0.34484622,-1,-1,-1
314,11860,1003.0724,142.91963,17.8974,30.93811,0.5241476,-1,-1,-1
314,11835,812.3416,152.05708,56.362915,27.020523,0.7748575,-1,-1,-1
315,11669,473.99756,102.531334,27.35379,36.71363,0.8299851,-1,-1,-1
315,11714,269.53613,234.27197,77.31235,37.82263,0.8574961,-1,-1,-1
315,11724,371.96732,224.61974,70.11221,33.922012,0.81485194,-1,-1,-1
315,11759,449.67358,178.49155,64.34497,30.708344,0.83982843,-1,-1,-1
315,11706,156.76886,247.90337,93.424576,41.012955,0.8491316,-1,-1,-1
315,11768,915.87946,277.58932,71.036194,34.247314,0.8408905,-1,-1,-1
315,11752,875.7879,237.34032,65.29205,32.861893,0.8365585,-1,-1,-1
315,11758,984.41095,236.64882,39.58905,34.145126,0.62501395,-1,-1,-1
315,11791,413.10532,160.24355,62.06195,28.99472,0.82458735,-1,-1,-1
315,11802,637.6663,169.02058,63.89435,34.304993,0.8131386,-1,-1,-1
315,11789,336.1704,204.61398,77.00928,32.417297,0.84738123,-1,-1,-1
315,11794,653.96204,246.9335,71.578735,38.312897,0.7995977,-1,-1,-1
315,11830,549.39435,303.9773,79.85895,41.874176,0.84991556,-1,-1,-1
315,11825,264.75903,186.14568,70.13788,33.081055,0.818149,-1,-1,-1
315,11837,500.48065,269.58334,69.80536,42.488617,0.82392746,-1,-1,-1
315,11840,781.7627,190.40465,59.557495,28.970673,0.8205221,-1,-1,-1
315,11850,318.04956,288.91028,85.25037,39.605316,0.82804185,-1,-1,-1
315,11777,819.80396,255.50612,70.78638,35.855392,0.8233213,-1,-1,-1
315,11857,2.4017713,264.01813,26.85507,36.61612,0.2529795,-1,-1,-1
315,11860,1001.725,142.67476,18.27594,30.609955,0.52316034,-1,-1,-1
315,11835,808.7288,150.99652,57.399048,27.66539,0.7712025,-1,-1,-1
316,11669,474.03766,101.80572,27.543304,36.917244,0.83331585,-1,-1,-1
316,11714,269.5619,234.04399,77.20389,37.813553,0.8581462,-1,-1,-1
316,11724,371.9011,224.26282,69.91876,33.77896,0.81761795,-1,-1,-1
316,11759,445.22833,177.87463,64.69473,30.982697,0.8402914,-1,-1,-1
316,11706,156.6626,247.66296,92.276794,40.556,0.85463834,-1,-1,-1
316,11768,921.53723,276.7106,70.53967,34.04135,0.8337659,-1,-1,-1
316,11752,879.8994,237.04085,64.217285,32.29686,0.8326251,-1,-1,-1
316,11758,986.00757,235.4253,37.99243,36.18982,0.49662882,-1,-1,-1
316,11791,408.12628,159.90118,62.084076,28.991867,0.83289206,-1,-1,-1
316,11802,634.25916,168.61047,63.941956,34.332947,0.8265889,-1,-1,-1
316,11789,329.7835,204.49063,77.66052,32.71942,0.8495843,-1,-1,-1
316,11794,656.5912,246.58128,71.74487,38.432693,0.75091183,-1,-1,-1
316,11830,554.7297,302.79526,79.91931,41.93933,0.86281765,-1,-1,-1
316,11825,260.70743,185.91785,70.294495,33.346222,0.80407864,-1,-1,-1
316,11837,504.35562,269.03525,70.10324,42.848328,0.7995945,-1,-1,-1
316,11840,778.35596,190.0228,59.155457,28.848633,0.81265557,-1,-1,-1
316,11850,325.21103,288.53748,84.39432,39.097687,0.83655506,-1,-1,-1
316,11777,824.73425,255.33739,69.95355,35.51448,0.8423456,-1,-1,-1
316,11860,1000.0099,142.06882,18.937561,30.470215,0.438189,-1,-1,-1
316,11835,806.579,151.01796,56.195007,27.142593,0.7737371,-1,-1,-1
317,11669,473.7024,100.97642,27.885681,37.346504,0.82503176,-1,-1,-1
317,11714,269.10535,233.76115,77.095184,37.797287,0.84748113,-1,-1,-1
317,11724,371.64462,224.06155,70.25171,33.972687,0.8764441,-1,-1,-1
317,11759,440.51022,177.35747,65.46207,31.496445,0.84443986,-1,-1,-1
317,11706,156.27812,247.41212,91.40851,40.166397,0.8554945,-1,-1,-1
317,11768,926.9912,276.05246,70.92993,34.242493,0.82210964,-1,-1,-1
317,11752,883.6533,236.4712,64.00989,32.148117,0.8484143,-1,-1,-1
317,11791,402.9099,159.51321,63.011566,29.532516,0.82822865,-1,-1,-1
317,11802,630.9444,168.17921,63.55255,34.126663,0.82104534,-1,-1,-1
317,11789,324.08383,204.71626,77.68216,32.844666,0.8244636,-1,-1,-1
317,11794,660.612,246.26944,71.67212,38.45215,0.81256795,-1,-1,-1
317,11830,560.30164,302.08438,80.127075,42.1167,0.8482206,-1,-1,-1
317,11825,255.63173,186.28831,69.060104,32.764023,0.79809463,-1,-1,-1
317,11837,508.04916,268.39752,71.10135,43.638336,0.81532586,-1,-1,-1
317,11840,775.32446,189.69824,59.365906,28.956116,0.78563607,-1,-1,-1
317,11850,331.0461,287.5167,86.97052,40.452545,0.82668847,-1,-1,-1
317,11777,828.69006,255.03714,69.25098,35.147156,0.8416542,-1,-1,-1
317,11860,998.1164,141.99095,19.70636,30.119171,0.4448728,-1,-1,-1
317,11835,804.4773,151.12503,55.804443,26.960846,0.8021991,-1,-1,-1
318,11669,473.4264,100.21175,27.921204,37.30989,0.8250937,-1,-1,-1
318,11714,268.66772,234.01656,75.94577,37.22603,0.8572198,-1,-1,-1
318,11724,371.62814,223.27768,70.17029,33.913605,0.8569517,-1,-1,-1
318,11759,436.01367,177.0087,65.15323,31.461792,0.8473445,-1,-1,-1
318,11706,156.2034,247.38814,90.52762,39.749374,0.8515347,-1,-1,-1
318,11768,931.9778,275.28134,72.32788,34.982605,0.8265229,-1,-1,-1
318,11752,887.9334,235.9127,64.28613,32.423325,0.8096502,-1,-1,-1
318,11791,397.24265,159.26271,63.363342,29.778091,0.83459014,-1,-1,-1
318,11802,627.5965,167.72295,63.616943,34.23004,0.8255859,-1,-1,-1
318,11789,317.77158,204.67287,77.94,33.09926,0.8155122,-1,-1,-1
318,11794,665.29047,245.99974,71.844604,38.619553,0.8138109,-1,-1,-1
318,11830,566.3793,301.50793,78.91156,41.5058,0.8592145,-1,-1,-1
318,11825,250.90381,186.77187,68.47162,32.439682,0.8003085,-1,-1,-1
318,11837,512.9756,267.57855,71.45874,43.984833,0.8131591,-1,-1,-1
318,11840,771.09717,189.35481,59.496033,29.088089,0.799912,-1,-1,-1
318,11850,337.1869,286.46707,87.98895,41.012238,0.81276536,-1,-1,-1
318,11777,832.20337,254.13333,70.65466,35.898926,0.8340513,-1,-1,-1
318,11835,803.1108,151.46483,54.098145,25.994293,0.7057585,-1,-1,-1
318,11857,4.4233494,263.47827,23.7937,31.102356,0.34987673,-1,-1,-1
319,11669,473.22174,99.15609,27.899902,37.220512,0.83086604,-1,-1,-1
319,11714,267.96487,234.1149,75.34677,36.88095,0.85583824,-1,-1,-1
319,11724,370.50577,222.68492,71.346466,34.545364,0.8379623,-1,-1,-1
319,11759,431.5824,176.5772,65.29315,31.64592,0.8396397,-1,-1,-1
319,11706,156.12668,247.02313,90.192,39.607025,0.85265046,-1,-1,-1
319,11768,936.8209,274.47812,73.51245,35.553772,0.8268984,-1,-1,-1
319,11752,891.37024,235.17352,64.99829,32.866577,0.8292161,-1,-1,-1
319,11791,392.18643,158.98506,63.38855,29.872437,0.8647052,-1,-1,-1
319,11802,624.30005,167.1622,63.642334,34.28708,0.8221305,-1,-1,-1
319,11789,311.24963,204.55702,77.345795,32.98149,0.8151315,-1,-1,-1
319,11794,670.35583,245.0657,70.75159,38.03073,0.8303195,-1,-1,-1
319,11830,572.81915,301.27554,78.63843,41.41095,0.8525143,-1,-1,-1
319,11825,245.00792,186.21602,69.566055,32.903564,0.8109086,-1,-1,-1
319,11837,517.6442,266.43738,71.88855,44.444427,0.8349291,-1,-1,-1
319,11840,767.067,188.9835,59.745483,29.288467,0.77398705,-1,-1,-1
319,11850,344.41495,285.78787,86.3143,40.179382,0.85263354,-1,-1,-1
319,11777,835.65063,253.55867,71.53711,36.4897,0.8378603,-1,-1,-1
319,11835,800.84595,151.21556,54.26819,26.053284,0.71674824,-1,-1,-1
319,11857,4.783593,263.52792,22.985062,28.68805,0.56516165,-1,-1,-1
320,11669,472.67303,98.484436,28.347595,37.752792,0.8265895,-1,-1,-1
320,11714,267.39618,234.22325,74.878204,36.558792,0.86472607,-1,-1,-1
320,11724,370.45142,222.29346,71.271515,34.573517,0.8345391,-1,-1,-1
320,11759,426.9634,176.29347,65.289,31.709732,0.83618075,-1,-1,-1
320,11706,155.36505,246.71202,90.70506,39.847305,0.8435825,-1,-1,-1
320,11768,942.1184,273.88647,73.24988,35.41339,0.82393366,-1,-1,-1
320,11752,894.63306,234.4978,65.10126,32.999695,0.80485374,-1,-1,-1
320,11791,386.83145,158.64464,62.760193,29.660156,0.83592993,-1,-1,-1
320,11802,620.7293,166.8007,63.656372,34.36133,0.82708883,-1,-1,-1
320,11789,304.924,204.7529,76.46097,32.666702,0.8345454,-1,-1,-1
320,11794,675.9069,244.51717,69.26306,37.158157,0.8378266,-1,-1,-1
320,11830,580.371,300.492,79.54474,41.706116,0.83834344,-1,-1,-1
320,11825,239.44423,185.79144,69.84456,32.991592,0.8017775,-1,-1,-1
320,11837,522.5157,265.6993,71.66431,44.39453,0.8390125,-1,-1,-1
320,11840,763.636,188.74588,59.48761,29.187393,0.7618446,-1,-1,-1
320,11850,348.96866,285.01065,90.99133,42.6528,0.82034606,-1,-1,-1
320,11777,839.9727,253.23279,70.623474,36.072815,0.8396184,-1,-1,-1
320,11835,798.1501,150.90518,54.38623,26.0932,0.4197894,-1,-1,-1
320,11857,4.8190594,263.10147,23.419077,28.00174,0.6030749,-1,-1,-1
320,11864,2.8546314,290.16122,28.19129,39.95288,0.66873664,-1,-1,-1
321,11669,472.70892,97.92261,28.31369,37.686935,0.82680184,-1,-1,-1
321,11714,266.93628,234.235,74.79001,36.462387,0.86628765,-1,-1,-1
321,11724,370.8214,221.84041,70.2952,34.184372,0.8294207,-1,-1,-1
321,11759,422.71198,176.0593,64.69183,31.481415,0.84765834,-1,-1,-1
321,11706,154.35771,246.61075,90.74242,39.870087,0.831978,-1,-1,-1
321,11768,947.3918,272.73697,73.22046,35.3804,0.8333794,-1,-1,-1
321,11752,898.4981,233.71887,65.463684,33.23178,0.82529706,-1,-1,-1
321,11791,380.8435,158.28899,63.323303,30.028992,0.83908683,-1,-1,-1
321,11802,617.351,166.30263,62.605713,33.83377,0.8242772,-1,-1,-1
321,11789,298.95633,204.71976,75.98993,32.4787,0.8164033,-1,-1,-1
321,11794,681.2675,244.19742,67.559326,36.052734,0.85574806,-1,-1,-1
321,11830,586.51086,299.66885,79.8465,41.697357,0.82322025,-1,-1,-1
321,11825,234.2125,185.91061,69.64163,32.794144,0.7766213,-1,-1,-1
321,11837,527.1211,265.12866,71.72052,44.59659,0.8279575,-1,-1,-1
321,11840,759.49524,188.50217,58.8443,28.925995,0.7514929,-1,-1,-1
321,11850,354.8464,284.29742,89.97107,42.440887,0.8236048,-1,-1,-1
321,11777,844.6532,252.8456,69.44519,35.459,0.8327342,-1,-1,-1
321,11835,795.45575,150.47855,54.078186,25.98317,0.5984426,-1,-1,-1
321,11857,5.130765,262.55283,24.011303,27.425018,0.4046092,-1,-1,-1
321,11864,6.2363653,289.45688,28.551422,40.06015,0.66266155,-1,-1,-1
322,11669,472.91733,97.31368,28.414673,37.879524,0.8218814,-1,-1,-1
322,11714,266.48013,234.09195,74.63635,36.320343,0.85439557,-1,-1,-1
322,11724,370.7232,221.6714,69.54883,33.78804,0.8560647,-1,-1,-1
322,11759,418.45297,175.63947,64.61386,31.479477,0.83263236,-1,-1,-1
322,11706,154.33357,246.53783,90.069244,39.578323,0.83158773,-1,-1,-1
322,11768,952.2044,272.0397,71.79559,35.16516,0.8101339,-1,-1,-1
322,11752,902.71594,233.27293,65.5332,33.372055,0.82163507,-1,-1,-1
322,11791,374.91046,158.03833,63.114136,30.046097,0.8494021,-1,-1,-1
322,11802,614.264,165.97195,62.235718,33.678543,0.81854725,-1,-1,-1
322,11789,293.3721,205.00894,74.84732,31.919098,0.85596406,-1,-1,-1
322,11794,685.56696,244.05463,66.62756,35.275085,0.81931084,-1,-1,-1
322,11830,590.3077,298.90952,79.98328,41.902527,0.8206543,-1,-1,-1
322,11825,229.08693,186.47987,68.997665,32.329544,0.82231873,-1,-1,-1
322,11837,531.6824,264.5872,71.17505,44.477295,0.8393253,-1,-1,-1
322,11840,756.6465,188.32341,58.4021,28.64238,0.8034396,-1,-1,-1
322,11850,362.80188,283.38293,87.78061,41.54361,0.8186281,-1,-1,-1
322,11777,848.82996,252.62712,69.07971,35.157913,0.81796515,-1,-1,-1
322,11835,792.8398,150.40486,52.84442,25.358063,0.399497,-1,-1,-1
322,11857,4.9545455,262.04672,25.360977,27.890442,0.40008265,-1,-1,-1
322,11864,8.752837,287.62762,30.813568,42.494965,0.7026747,-1,-1,-1
323,11669,473.18286,96.78011,28.124207,37.552803,0.82250816,-1,-1,-1
323,11714,265.85233,233.66461,74.74603,36.315613,0.8379646,-1,-1,-1
323,11724,370.35965,221.11642,69.770325,33.886673,0.83814484,-1,-1,-1
323,11759,413.9651,175.3992,64.435486,31.396729,0.8348465,-1,-1,-1
323,11706,154.29721,246.20934,90.205475,39.61104,0.82524914,-1,-1,-1
323,11768,956.41113,271.36557,67.58887,34.819244,0.8077712,-1,-1,-1
323,11752,906.27454,232.86699,64.91113,33.104355,0.81668025,-1,-1,-1
323,11791,368.83017,157.65755,63.56006,30.40178,0.8522326,-1,-1,-1
323,11802,610.9507,165.71165,61.79547,33.38086,0.8361843,-1,-1,-1
323,11789,287.8607,204.80516,74.985504,31.79448,0.82189393,-1,-1,-1
323,11794,690.59106,243.36377,66.14911,34.761353,0.8244692,-1,-1,-1
323,11830,595.01953,298.3339,78.97113,41.5766,0.79873186,-1,-1,-1
323,11825,224.33168,186.4527,69.0764,32.20787,0.8174466,-1,-1,-1
323,11837,536.99396,263.98016,70.29669,44.09726,0.8422919,-1,-1,-1
323,11840,753.3885,187.89783,58.342773,28.561874,0.7764422,-1,-1,-1
323,11850,368.7795,282.87485,86.64432,41.06067,0.82747334,-1,-1,-1
323,11777,853.2264,252.10873,69.7287,35.543793,0.83973616,-1,-1,-1
323,11835,789.7722,149.77145,52.733154,25.361694,0.2916838,-1,-1,-1
323,11864,10.632778,285.42215,33.27167,44.795563,0.73451024,-1,-1,-1
323,11860,989.0519,139.99625,21.297913,27.891174,0.58830816,-1,-1,-1
324,11669,473.3574,96.120094,27.9122,37.36582,0.8198691,-1,-1,-1
324,11714,264.82678,233.06917,75.40646,36.57347,0.8406061,-1,-1,-1
324,11724,370.8227,220.7024,69.19925,33.597336,0.8404445,-1,-1,-1
324,11759,409.2751,174.94135,64.73755,31.590042,0.8348916,-1,-1,-1
324,11706,153.8222,245.82318,90.839554,39.875183,0.8266133,-1,-1,-1
324,11768,959.7535,270.5081,64.24652,34.14795,0.6918575,-1,-1,-1
324,11752,910.47107,232.15822,65.07416,33.203323,0.7596727,-1,-1,-1
324,11791,363.91675,157.56026,63.217163,30.259369,0.8473587,-1,-1,-1
324,11802,606.73566,165.43764,61.842346,33.214874,0.83329123,-1,-1,-1
324,11789,281.6339,204.80641,75.189606,31.626678,0.83281136,-1,-1,-1
324,11794,694.7792,242.87868,66.47638,34.6353,0.82286626,-1,-1,-1
324,11830,599.3483,297.10577,79.557434,42.172394,0.7859497,-1,-1,-1
324,11825,218.25967,185.62592,70.00012,32.503708,0.8353556,-1,-1,-1
324,11837,541.56793,263.4914,69.3764,43.598022,0.83733183,-1,-1,-1
324,11840,750.00806,187.47972,58.29779,28.420685,0.82435477,-1,-1,-1
324,11850,374.93338,282.04172,85.4321,40.47528,0.8362874,-1,-1,-1
324,11777,857.1582,251.5472,69.91681,35.59999,0.83594036,-1,-1,-1
324,11835,786.4866,148.6423,52.6297,25.229462,0.47136936,-1,-1,-1
324,11864,12.731571,283.41064,35.541405,46.200836,0.67088753,-1,-1,-1
324,11860,986.3171,139.67897,23.930542,27.798492,0.64891106,-1,-1,-1
324,11857,6.166977,262.6358,23.380938,24.08078,0.3292011,-1,-1,-1
325,11669,473.4498,95.499596,27.912659,37.484596,0.8204067,-1,-1,-1
325,11714,264.82727,232.60144,75.2782,36.44406,0.83094686,-1,-1,-1
325,11724,370.40103,219.97346,69.88129,34.00844,0.8356726,-1,-1,-1
325,11759,405.4248,174.79666,64.066376,31.231613,0.8462948,-1,-1,-1
325,11706,153.17596,245.62343,90.788284,39.75148,0.8335129,-1,-1,-1
325,11768,963.29425,269.90402,60.70575,33.827423,0.5920474,-1,-1,-1
325,11752,914.1114,231.47847,65.5733,33.55983,0.79516864,-1,-1,-1
325,11791,359.2763,157.45914,62.006256,29.635101,0.8440113,-1,-1,-1
325,11802,599.1294,164.81952,64.30713,34.06906,0.84132236,-1,-1,-1
325,11789,275.085,204.51694,75.24609,31.45465,0.8223121,-1,-1,-1
325,11794,697.8604,242.25864,67.76343,35.12332,0.82292575,-1,-1,-1
325,11830,606.33765,296.4913,79.31421,42.076843,0.7421054,-1,-1,-1
325,11825,211.8427,184.57704,71.7679,33.270782,0.8124198,-1,-1,-1
325,11837,545.8439,262.89294,69.54614,43.823517,0.8338398,-1,-1,-1
325,11840,745.66516,187.13704,58.66278,28.5419,0.78590673,-1,-1,-1
325,11850,380.79523,281.37552,85.25131,40.448334,0.8333929,-1,-1,-1
325,11777,861.66705,251.50151,69.190796,35.20839,0.8154931,-1,-1,-1
325,11835,783.9213,148.18639,52.640198,25.116714,0.35308114,-1,-1,-1
325,11864,16.25026,282.39368,37.482944,46.478485,0.7493621,-1,-1,-1
325,11860,983.6011,139.62991,26.059082,27.400253,0.6202075,-1,-1,-1
326,11669,473.61478,94.87897,27.950714,37.632614,0.81674504,-1,-1,-1
326,11714,264.98904,232.86914,74.7316,36.080963,0.8421208,-1,-1,-1
326,11724,370.85315,219.69714,69.86075,34.000748,0.8354202,-1,-1,-1
326,11759,400.84814,174.44467,64.71701,31.502731,0.8557814,-1,-1,-1
326,11706,152.15317,245.14738,91.65239,40.08168,0.8387703,-1,-1,-1
326,11768,968.01434,269.4439,55.985657,32.24704,0.70213825,-1,-1,-1
326,11752,917.8597,231.11743,65.42407,33.574707,0.8261891,-1,-1,-1
326,11791,353.56882,157.09892,62.204376,29.792084,0.83944625,-1,-1,-1
326,11802,594.2287,164.48499,65.603516,34.496872,0.83723307,-1,-1,-1
326,11789,268.84854,204.28639,75.4035,31.31314,0.8377602,-1,-1,-1
326,11794,701.96844,241.5963,68.03992,35.111557,0.818964,-1,-1,-1
326,11830,611.8252,295.60056,81.313965,43.381622,0.80825585,-1,-1,-1
326,11825,205.8299,183.87706,72.3898,33.581177,0.74684775,-1,-1,-1
326,11837,551.0461,262.43948,69.26929,43.74356,0.8320982,-1,-1,-1
326,11840,741.6656,186.71072,59.157837,28.733597,0.8148944,-1,-1,-1
326,11850,387.19388,280.52768,83.89203,39.714996,0.80779207,-1,-1,-1
326,11777,865.4071,251.0248,69.64966,35.32744,0.8403611,-1,-1,-1
326,11835,780.77594,147.52628,52.892883,25.17978,0.42508402,-1,-1,-1
326,11864,18.463814,281.54565,40.034485,46.882538,0.74049246,-1,-1,-1
326,11860,981.75256,139.34598,28.470276,27.30545,0.7226908,-1,-1,-1
327,11669,473.4882,94.33865,27.76648,37.478317,0.8115978,-1,-1,-1
327,11714,264.5386,232.11456,75.36188,36.349792,0.84334654,-1,-1,-1
327,11724,370.70883,219.46243,69.845245,34.018387,0.83776,-1,-1,-1
327,11759,396.10352,174.34526,64.53464,31.338165,0.85420644,-1,-1,-1
327,11706,151.59079,244.72116,92.219925,40.352417,0.83030355,-1,-1,-1
327,11768,972.1495,268.93747,51.850525,31.712494,0.70056087,-1,-1,-1
327,11752,922.5557,230.62117,65.05939,33.39119,0.8400202,-1,-1,-1
327,11791,348.53003,157.08873,62.20276,29.74202,0.8406002,-1,-1,-1
327,11802,590.3685,163.91084,67.91016,35.81755,0.83121693,-1,-1,-1
327,11789,262.4721,204.20082,75.835175,31.260056,0.8261293,-1,-1,-1
327,11794,706.51654,241.08281,66.86737,34.17784,0.81302625,-1,-1,-1
327,11830,616.991,294.08694,82.838196,44.431335,0.8444864,-1,-1,-1
327,11825,199.46378,183.83159,74.075226,34.311615,0.80699795,-1,-1,-1
327,11837,556.192,262.0531,68.71362,43.359528,0.8271824,-1,-1,-1
327,11840,738.5285,186.51593,58.857117,28.490738,0.81349796,-1,-1,-1
327,11850,395.67813,279.81555,80.18616,37.665253,0.81595826,-1,-1,-1
327,11777,869.1624,250.46611,69.678345,35.3304,0.83815217,-1,-1,-1
327,11835,777.2481,147.08551,53.62787,25.585663,0.35278577,-1,-1,-1
327,11864,20.45473,281.5471,42.627296,46.582245,0.7710584,-1,-1,-1
327,11860,978.3213,139.29088,30.110596,26.877548,0.77430254,-1,-1,-1
328,11669,473.08948,93.62617,27.282959,36.85421,0.81944424,-1,-1,-1
328,11714,263.8645,231.78511,75.61865,36.38832,0.8409951,-1,-1,-1
328,11724,370.31818,219.13745,69.871704,34.060272,0.8456368,-1,-1,-1
328,11759,390.96442,173.99086,65.03812,31.54628,0.862446,-1,-1,-1
328,11706,151.44795,244.39223,91.87544,40.197678,0.82989496,-1,-1,-1
328,11768,975.80597,268.37326,48.19403,31.426392,0.73216957,-1,-1,-1
328,11752,926.49713,229.9424,65.5307,33.707413,0.8345972,-1,-1,-1
328,11791,341.98712,156.62631,62.180603,29.812317,0.8385713,-1,-1,-1
328,11802,588.71075,163.36713,66.506226,35.035843,0.81188744,-1,-1,-1
328,11789,255.43701,204.2655,76.77792,31.451416,0.8444385,-1,-1,-1
328,11794,709.7893,240.68207,67.418945,34.336365,0.801808,-1,-1,-1
328,11830,622.51245,293.9073,82.34125,44.27649,0.794642,-1,-1,-1
328,11825,193.62836,182.69746,75.35336,35.016296,0.80740863,-1,-1,-1
328,11837,560.04376,261.25345,69.85162,44.219727,0.81742626,-1,-1,-1
328,11840,733.22266,185.79335,59.444824,28.775848,0.8022852,-1,-1,-1
328,11850,401.4299,279.09186,79.728485,37.235413,0.81630784,-1,-1,-1
328,11777,873.6694,249.94116,70.08502,35.604156,0.8230983,-1,-1,-1
328,11835,773.93225,145.86717,53.994507,25.775574,0.3328686,-1,-1,-1
328,11864,22.452892,280.5896,45.771824,46.252136,0.8052507,-1,-1,-1
328,11860,975.1837,138.553,32.425537,27.3441,0.7561978,-1,-1,-1
328,11857,4.5388403,260.74237,26.445621,26.036194,0.55979115,-1,-1,-1
329,11669,472.9652,93.11707,26.7984,36.199226,0.8236392,-1,-1,-1
329,11714,262.66275,231.54662,76.26819,36.54445,0.8366187,-1,-1,-1
329,11724,370.02765,218.83313,70.18387,34.257324,0.84860957,-1,-1,-1
329,11759,386.27466,173.7116,65.20386,31.644852,0.86435777,-1,-1,-1
329,11706,150.99602,243.95001,91.93625,40.150787,0.85185,-1,-1,-1
329,11768,978.323,267.11392,45.677002,32.88553,0.7100754,-1,-1,-1
329,11752,931.06976,229.5986,64.79321,33.360046,0.82945937,-1,-1,-1
329,11791,336.32114,156.53734,61.53134,29.463516,0.84031504,-1,-1,-1
329,11802,585.1232,162.61227,67.43347,35.63112,0.8270336,-1,-1,-1
329,11789,248.49986,204.43338,77.982376,31.832123,0.8355365,-1,-1,-1
329,11794,713.3485,240.19409,68.78888,34.93683,0.8200623,-1,-1,-1
329,11830,629.98816,293.23212,79.76984,42.74942,0.8229676,-1,-1,-1
329,11825,187.96526,182.40007,75.00966,34.83989,0.6447008,-1,-1,-1
329,11837,564.47723,260.58914,70.64911,44.799652,0.8153435,-1,-1,-1
329,11840,729.23004,185.61603,59.53705,28.723969,0.83218634,-1,-1,-1
329,11850,406.50766,278.1246,81.78967,38.162354,0.8074249,-1,-1,-1
329,11777,878.05554,249.96793,70.08063,35.43167,0.82162607,-1,-1,-1
329,11835,770.21875,145.2066,54.50757,26.013046,0.44148818,-1,-1,-1
329,11864,24.529387,280.20694,49.258842,46.138184,0.8709872,-1,-1,-1
329,11860,972.61664,138.57698,33.54474,26.885132,0.7801276,-1,-1,-1
329,11871,5.112875,360.45593,15.300823,40.711945,0.6653515,-1,-1,-1
329,11857,3.7976265,260.15118,28.509876,27.128937,0.6158517,-1,-1,-1
330,11669,473.02023,92.36996,26.923645,36.41793,0.8276393,-1,-1,-1
330,11714,261.6331,231.19803,76.73645,36.61035,0.83503133,-1,-1,-1
330,11724,369.99792,218.7177,69.68964,34.007248,0.8741184,-1,-1,-1
330,11759,381.35587,173.5636,65.05005,31.50711,0.84393,-1,-1,-1
330,11706,150.37424,243.55989,92.48146,40.28392,0.85080767,-1,-1,-1
330,11768,981.4739,265.7557,42.526123,34.099945,0.63231033,-1,-1,-1
330,11752,935.263,228.87744,64.66565,33.287567,0.8482128,-1,-1,-1
330,11791,329.78378,156.16791,61.91571,29.709778,0.8381752,-1,-1,-1
330,11802,581.281,161.94458,68.24066,36.187637,0.8368162,-1,-1,-1
330,11789,240.57735,204.68817,80.62599,32.942657,0.8500096,-1,-1,-1
330,11794,717.95184,239.4981,67.77191,34.13478,0.82235456,-1,-1,-1
330,11830,635.5018,293.42264,77.459595,41.233185,0.81142646,-1,-1,-1
330,11825,182.08414,181.69023,76.499084,35.64026,0.7194273,-1,-1,-1
330,11837,569.0156,259.78436,71.124146,45.1315,0.81752825,-1,-1,-1
330,11840,725.02454,184.91953,60.561768,29.168655,0.8275662,-1,-1,-1
330,11850,410.82227,277.0715,84.29001,39.43875,0.83604014,-1,-1,-1
330,11777,881.654,249.24506,70.73523,35.7435,0.83723265,-1,-1,-1
330,11835,767.3085,144.99603,54.771667,26.145264,0.28722697,-1,-1,-1
330,11864,28.349243,279.13177,53.01796,46.069946,0.8315498,-1,-1,-1
330,11860,969.88544,138.5859,35.000244,26.743088,0.7751523,-1,-1,-1
330,11871,8.586774,358.8093,15.552485,40.401398,0.77232426,-1,-1,-1
330,11857,3.2751865,260.12085,29.596128,27.395905,0.6001014,-1,-1,-1
331,11669,473.05783,91.66497,26.975739,36.489586,0.8234498,-1,-1,-1
331,11714,261.39838,230.86557,76.241516,36.226257,0.81954294,-1,-1,-1
331,11724,370.25702,218.45865,68.99991,33.600143,0.87044275,-1,-1,-1
331,11759,376.39066,173.4084,65.23926,31.539703,0.8586713,-1,-1,-1
331,11706,149.96945,243.37317,92.59822,40.225983,0.84459025,-1,-1,-1
331,11768,985.9254,265.98203,38.074585,33.486176,0.6224656,-1,-1,-1
331,11752,939.50446,227.91441,65.058716,33.56688,0.8268022,-1,-1,-1
331,11791,324.2022,155.78491,62.381958,29.980576,0.85851294,-1,-1,-1
331,11802,576.85565,161.39587,69.17291,36.921127,0.83747053,-1,-1,-1
331,11789,233.14034,204.95,82.17091,33.575897,0.8566866,-1,-1,-1
331,11794,721.53644,238.5319,68.762085,34.503647,0.82558286,-1,-1,-1
331,11830,640.5537,292.42435,79.00903,42.206146,0.83322984,-1,-1,-1
331,11825,176.89821,181.46869,75.9854,35.413025,0.715733,-1,-1,-1
331,11837,573.38104,258.98398,71.41913,45.476624,0.8097849,-1,-1,-1
331,11840,720.6728,184.26913,61.866943,29.73204,0.8128307,-1,-1,-1
331,11850,416.51282,276.3777,85.03381,39.886566,0.8238838,-1,-1,-1
331,11777,886.33673,248.69633,71.553406,36.02159,0.8170519,-1,-1,-1
331,11864,33.247993,278.91623,55.975845,45.55414,0.8602454,-1,-1,-1
331,11860,967.8689,138.66327,35.810425,26.15503,0.7885393,-1,-1,-1
331,11871,12.210099,357.29584,17.236443,42.86557,0.82305783,-1,-1,-1
331,11857,2.0666404,259.5957,31.834818,29.150726,0.6561987,-1,-1,-1
332,11669,473.043,91.03744,27.04541,36.582413,0.8268314,-1,-1,-1
332,11714,260.7637,230.47527,76.518616,36.236374,0.8174241,-1,-1,-1
332,11724,369.64645,218.01366,69.761566,33.95549,0.861558,-1,-1,-1
332,11759,371.70145,173.17052,65.18234,31.417297,0.86771464,-1,-1,-1
332,11706,149.83626,243.12749,93.30046,40.386,0.83592427,-1,-1,-1
332,11752,943.8605,227.29044,64.50574,33.231476,0.8442932,-1,-1,-1
332,11791,317.12946,155.54387,62.537262,30.178574,0.8444629,-1,-1,-1
332,11802,573.81946,160.89522,68.68628,36.723206,0.85746163,-1,-1,-1
332,11789,226.32487,204.90247,82.188705,33.683212,0.85153675,-1,-1,-1
332,11794,724.9365,237.85332,70.22308,35.120224,0.8217755,-1,-1,-1
332,11830,645.9193,291.45782,80.62018,43.2381,0.80935526,-1,-1,-1
332,11825,171.15521,181.25447,76.43425,35.72609,0.6593413,-1,-1,-1
332,11837,577.8752,258.46075,71.63049,45.704437,0.8173903,-1,-1,-1
332,11840,715.3055,183.62646,63.240295,30.44629,0.8157657,-1,-1,-1
332,11850,421.56552,275.50497,86.24216,40.640533,0.8370063,-1,-1,-1
332,11777,889.9078,247.97346,71.560425,36.08409,0.8363204,-1,-1,-1
332,11864,38.9439,277.99615,59.49704,45.64746,0.83861786,-1,-1,-1
332,11860,965.0211,137.6421,37.558044,26.481598,0.7465737,-1,-1,-1
332,11871,15.726657,356.29776,19.250248,44.80414,0.8271566,-1,-1,-1
332,11857,1.1743842,259.2802,33.86073,30.86615,0.4529706,-1,-1,-1
332,11835,761.08624,144.2581,55.974182,26.866074,0.28398845,-1,-1,-1
333,11669,473.0052,90.34849,27.18634,36.844124,0.82676786,-1,-1,-1
333,11714,260.9398,230.33879,76.56613,36.11931,0.816611,-1,-1,-1
333,11724,369.23135,217.46844,69.898315,34.02246,0.84121156,-1,-1,-1
333,11759,366.44644,172.89174,65.7551,31.657898,0.8558852,-1,-1,-1
333,11706,149.06079,242.68361,94.496765,40.771255,0.8373962,-1,-1,-1
333,11752,947.7019,226.617,65.14514,33.525726,0.84299916,-1,-1,-1
333,11791,311.39227,155.55705,61.865845,29.800766,0.85675514,-1,-1,-1
333,11802,569.38403,160.49657,68.95929,37.099197,0.84935033,-1,-1,-1
333,11789,219.64154,204.89798,82.107086,33.720062,0.82980996,-1,-1,-1
333,11794,727.1661,236.80708,72.960266,36.58339,0.8207284,-1,-1,-1
333,11830,653.69946,290.57816,80.92969,43.739746,0.79358286,-1,-1,-1
333,11825,165.69223,181.01915,77.547745,36.07968,0.44599208,-1,-1,-1
333,11837,582.3373,258.02304,71.5517,45.776154,0.824109,-1,-1,-1
333,11840,711.9466,183.2661,63.08429,30.429337,0.8024862,-1,-1,-1
333,11850,427.04886,274.6099,87.71652,41.684357,0.83070856,-1,-1,-1
333,11777,893.4908,247.37941,71.54419,36.115433,0.83989036,-1,-1,-1
333,11864,43.83636,277.2408,63.30631,46.21704,0.85095525,-1,-1,-1
333,11860,961.5413,136.36423,39.19391,26.752151,0.7634715,-1,-1,-1
333,11871,18.719042,354.72775,21.64815,46.21576,0.8062802,-1,-1,-1
333,11857,0.610189,259.34143,35.2886,32.073883,0.64126796,-1,-1,-1
333,11872,1005.6847,262.19156,18.315308,33.260437,0.52872306,-1,-1,-1
334,11669,473.10226,89.84991,27.139648,36.86029,0.8278873,-1,-1,-1
334,11714,260.7837,229.86205,76.82205,36.19124,0.819534,-1,-1,-1
334,11724,368.54248,216.78471,70.7059,34.47815,0.8476053,-1,-1,-1
334,11759,361.3445,172.61044,66.25217,31.8741,0.8476763,-1,-1,-1
334,11706,147.90529,242.86707,94.727234,40.795593,0.84541386,-1,-1,-1
334,11752,952.7251,226.3121,64.533264,33.277435,0.829223,-1,-1,-1
334,11791,304.6239,155.06284,62.763824,30.366043,0.8376764,-1,-1,-1
334,11802,566.0386,160.37033,67.93683,36.72238,0.84015656,-1,-1,-1
334,11789,212.85976,205.05492,81.65999,33.60283,0.8415406,-1,-1,-1
334,11794,731.9642,236.6622,72.18085,36.16931,0.8324194,-1,-1,-1
334,11830,657.52563,290.14957,81.02753,43.70331,0.8103625,-1,-1,-1
334,11825,160.7151,181.40022,76.975174,35.505844,0.45826587,-1,-1,-1
334,11837,586.1107,257.84863,70.51099,45.256073,0.8187492,-1,-1,-1
334,11840,707.9026,182.84789,62.732544,30.264435,0.8020832,-1,-1,-1
334,11850,432.56943,273.9374,87.64212,41.91864,0.8217344,-1,-1,-1
334,11777,897.8982,246.92438,72.17255,36.397858,0.83085567,-1,-1,-1
334,11864,50.49318,276.47247,65.46173,45.525818,0.84622097,-1,-1,-1
334,11860,958.8926,136.54652,38.999695,25.684006,0.77493715,-1,-1,-1
334,11871,21.648592,353.63535,24.262838,46.63388,0.79555047,-1,-1,-1
334,11857,0.08683773,258.9369,36.848988,33.513275,0.6205906,-1,-1,-1
335,11669,473.1442,89.318634,27.25653,37.057457,0.82758045,-1,-1,-1
335,11714,260.117,229.1381,77.72415,36.61946,0.8376555,-1,-1,-1
335,11724,368.0335,216.21811,71.30441,34.84877,0.8573161,-1,-1,-1
335,11759,355.23462,172.17606,67.62195,32.563217,0.84400916,-1,-1,-1
335,11706,146.90779,242.87181,94.9507,40.82039,0.8436992,-1,-1,-1
335,11752,956.6329,225.83974,63.926025,32.936966,0.8331043,-1,-1,-1
335,11791,298.3483,154.7199,62.49704,30.248398,0.8565039,-1,-1,-1
335,11802,562.09607,160.03925,67.33447,36.53401,0.8419985,-1,-1,-1
335,11789,206.20528,205.32214,80.861404,33.269943,0.81559163,-1,-1,-1
335,11794,735.4641,235.9787,73.341064,36.732758,0.81541914,-1,-1,-1
335,11830,661.93634,289.41516,80.8194,43.346283,0.83246845,-1,-1,-1
335,11837,590.2981,257.57883,69.953064,44.9765,0.81177765,-1,-1,-1
335,11840,703.57733,182.48833,63.334534,30.57634,0.8095499,-1,-1,-1
335,11850,439.49423,273.66116,84.24521,40.234222,0.83099747,-1,-1,-1
335,11777,902.3967,246.53569,71.474,36.136368,0.8485617,-1,-1,-1
335,11864,56.61864,275.88144,67.42622,45.077393,0.8362054,-1,-1,-1
335,11860,957.18243,136.56151,38.87616,24.694824,0.813972,-1,-1,-1
335,11871,24.760504,352.81308,27.671919,47.08435,0.8281395,-1,-1,-1
335,11857,0.0,258.579,37.42414,34.60916,0.6710212,-1,-1,-1
335,11835,751.5684,141.88368,56.99353,27.492935,0.25847527,-1,-1,-1
336,11669,472.66635,88.859566,27.148804,36.95147,0.82647616,-1,-1,-1
336,11714,259.17764,228.7788,78.72278,37.080368,0.84514225,-1,-1,-1
336,11724,367.8015,215.84157,71.40814,34.96875,0.85727614,-1,-1,-1
336,11759,350.4959,171.79486,67.68765,32.61479,0.84171015,-1,-1,-1
336,11706,146.49376,242.9558,94.307236,40.419815,0.82901704,-1,-1,-1
336,11752,959.5681,225.25224,63.929688,32.9897,0.8259304,-1,-1,-1
336,11791,292.07462,154.72978,62.703583,30.313354,0.83943087,-1,-1,-1
336,11802,558.0265,159.87032,67.693726,36.80249,0.8360305,-1,-1,-1
336,11789,199.43849,205.04657,80.75728,33.224808,0.8210225,-1,-1,-1
336,11794,738.71924,235.21368,74.75049,37.49292,0.8349596,-1,-1,-1
336,11830,669.2548,288.55942,79.33356,42.41342,0.8346579,-1,-1,-1
336,11837,594.2469,257.12918,69.00934,44.529755,0.7823041,-1,-1,-1
336,11840,700.02136,182.20541,63.421875,30.61052,0.79507416,-1,-1,-1
336,11850,444.65732,272.92197,84.92099,40.60092,0.8211064,-1,-1,-1
336,11777,906.42163,246.31319,70.79291,35.795975,0.84352297,-1,-1,-1
336,11864,62.588356,275.26514,69.980415,45.24185,0.86270493,-1,-1,-1
336,11860,955.0581,136.25836,39.27777,24.139755,0.79882693,-1,-1,-1
336,11871,26.755735,351.78812,32.200653,48.557495,0.8285919,-1,-1,-1
336,11857,0.0,257.59027,38.330193,36.213135,0.6884263,-1,-1,-1
336,11835,748.57916,141.35637,56.516846,27.42807,0.3198398,-1,-1,-1
336,11825,146.94281,180.58199,79.19508,36.840225,0.27412266,-1,-1,-1
337,11669,472.34424,88.15611,27.304626,37.182404,0.82275665,-1,-1,-1
337,11714,258.3838,228.35349,79.31607,37.334045,0.83001256,-1,-1,-1
337,11724,367.4741,215.45293,71.52054,35.07527,0.84479576,-1,-1,-1
337,11759,345.36893,171.4103,68.04349,32.731735,0.8470097,-1,-1,-1
337,11706,145.50748,242.43275,94.66913,40.49092,0.8488853,-1,-1,-1
337,11752,962.25037,224.35121,61.749634,32.93019,0.80760163,-1,-1,-1
337,11791,285.8826,154.34251,62.96051,30.403732,0.8566522,-1,-1,-1
337,11802,554.10504,159.60368,67.43994,36.78459,0.8409298,-1,-1,-1
337,11789,191.63145,205.19633,81.06874,33.40233,0.7871461,-1,-1,-1
337,11794,742.8552,234.49829,74.3667,37.364532,0.8254537,-1,-1,-1
337,11830,675.8819,287.42358,79.00183,42.066498,0.825649,-1,-1,-1
337,11837,599.301,256.91953,68.82385,44.27014,0.59441584,-1,-1,-1
337,11840,695.0886,181.85657,63.635254,30.720947,0.79405296,-1,-1,-1
337,11850,449.622,272.11444,85.21039,40.884796,0.8267797,-1,-1,-1
337,11777,911.13043,245.76378,70.79614,35.7567,0.8275998,-1,-1,-1
337,11864,68.89552,274.63702,72.05574,45.21631,0.853207,-1,-1,-1
337,11860,952.4716,135.93137,40.4682,24.125366,0.79899096,-1,-1,-1
337,11871,28.440994,350.13034,37.13523,49.67151,0.83844423,-1,-1,-1
337,11857,0.0,257.1283,38.84101,36.88626,0.69431156,-1,-1,-1
338,11669,472.054,87.429726,27.46106,37.421722,0.82836056,-1,-1,-1
338,11714,258.92722,228.00827,79.29721,37.428925,0.82335585,-1,-1,-1
338,11724,366.83292,214.96812,72.560486,35.701416,0.8404286,-1,-1,-1
338,11759,340.12805,171.10397,69.52359,33.422623,0.840501,-1,-1,-1
338,11706,143.10666,241.86746,96.15207,40.998413,0.83388627,-1,-1,-1
338,11752,965.4111,223.89232,58.58893,32.545853,0.8208923,-1,-1,-1
338,11791,279.77295,154.22511,63.111145,30.484192,0.8509271,-1,-1,-1
338,11802,550.5984,159.32741,66.97345,36.679245,0.8378554,-1,-1,-1
338,11789,184.15247,204.41629,82.07059,33.857864,0.7903968,-1,-1,-1
338,11794,745.76575,233.47871,75.879456,38.242844,0.8164208,-1,-1,-1
338,11830,683.6952,286.93793,77.7619,41.467712,0.8203084,-1,-1,-1
338,11837,604.011,256.23203,68.90375,44.298462,0.41645178,-1,-1,-1
338,11840,690.544,181.50687,63.917908,30.929688,0.77318555,-1,-1,-1
338,11850,454.82196,271.37634,85.590515,41.22586,0.8330769,-1,-1,-1
338,11777,915.8325,245.40428,69.984314,35.412704,0.8441908,-1,-1,-1
338,11864,74.771095,273.87988,74.7898,45.73413,0.8525739,-1,-1,-1
338,11860,950.0158,135.4508,41.430786,24.121323,0.79837596,-1,-1,-1
338,11871,29.88408,349.10913,42.686302,50.86029,0.8392989,-1,-1,-1
338,11857,0.0,256.6831,39.252373,37.42383,0.66400695,-1,-1,-1
338,11876,1009.2609,172.98666,13.050903,25.9496,0.62444204,-1,-1,-1
339,11669,471.6318,86.59892,27.499756,37.430473,0.8288076,-1,-1,-1
339,11714,259.00906,227.6536,79.12723,37.368073,0.820492,-1,-1,-1
339,11724,366.66116,214.73535,72.54544,35.887375,0.87971336,-1,-1,-1
339,11759,334.62442,170.90439,69.771515,33.522156,0.8322442,-1,-1,-1
339,11706,141.00621,241.12971,98.07727,41.738083,0.83407325,-1,-1,-1
339,11752,967.62494,223.24225,56.37506,32.501007,0.8032989,-1,-1,-1
339,11791,273.24976,154.01999,62.675415,30.210297,0.86137456,-1,-1,-1
339,11802,546.2893,159.16066,67.190674,36.897614,0.8389869,-1,-1,-1
339,11789,177.09566,204.20981,82.43724,34.070175,0.788115,-1,-1,-1
339,11794,749.4926,232.7167,75.97223,38.462524,0.817223,-1,-1,-1
339,11830,689.911,285.93558,78.72089,42.02997,0.8239804,-1,-1,-1
339,11837,609.3259,255.48792,69.321045,44.246643,0.6092377,-1,-1,-1
339,11840,686.37933,181.0839,64.68793,31.377228,0.7563885,-1,-1,-1
339,11850,459.74203,270.6806,85.604095,41.400818,0.8447259,-1,-1,-1
339,11777,920.1726,245.0427,69.835144,35.22885,0.8373765,-1,-1,-1
339,11864,81.43274,273.33337,75.87656,45.34601,0.8435244,-1,-1,-1
339,11860,946.7084,134.92728,42.370605,24.077316,0.7769272,-1,-1,-1
339,11871,31.666853,348.34827,47.900063,51.001953,0.8475527,-1,-1,-1
339,11857,0.0,255.96596,39.575794,37.85341,0.693325,-1,-1,-1
339,11876,1007.8309,172.51407,13.141541,25.878311,0.7069058,-1,-1,-1
340,11669,471.21252,85.83428,27.682587,37.57086,0.8339143,-1,-1,-1
340,11714,258.7397,227.43266,79.39676,37.452225,0.8497726,-1,-1,-1
340,11724,366.73218,214.35025,71.91849,35.71866,0.83970124,-1,-1,-1
340,11759,329.0481,170.63979,70.028656,33.65474,0.83138293,-1,-1,-1
340,11706,141.2818,240.68945,96.74086,40.974243,0.85046023,-1,-1,-1
340,11752,970.2701,222.55077,53.72992,32.557877,0.7788048,-1,-1,-1
340,11791,266.6951,153.59558,62.952667,30.310074,0.84363383,-1,-1,-1
340,11802,542.58636,158.73926,67.831665,37.291443,0.84826326,-1,-1,-1
340,11789,170.72885,204.8431,80.37663,33.01056,0.7992996,-1,-1,-1
340,11794,754.6862,232.72801,74.06036,37.572433,0.83654046,-1,-1,-1
340,11830,695.37506,285.33047,78.477905,41.899353,0.83106375,-1,-1,-1
340,11837,612.95483,254.9959,69.37549,44.10988,0.48073685,-1,-1,-1
340,11840,682.817,180.90652,64.0824,31.026749,0.80491513,-1,-1,-1
340,11850,464.9546,270.19592,85.64752,41.562927,0.853303,-1,-1,-1
340,11777,924.8509,244.79272,69.35016,34.812927,0.8505811,-1,-1,-1
340,11864,87.26451,272.5306,78.07138,45.759705,0.8265782,-1,-1,-1
340,11860,943.5071,134.39403,43.446533,24.131332,0.7151432,-1,-1,-1
340,11871,35.95862,347.46902,52.94017,50.963837,0.84618586,-1,-1,-1
340,11857,0.0,255.64241,39.71125,37.94551,0.68096584,-1,-1,-1
340,11876,1006.20715,170.41745,13.767212,26.639877,0.6986723,-1,-1,-1
341,11669,471.08154,85.2759,27.687378,37.513893,0.83532995,-1,-1,-1
341,11714,258.12924,226.93059,79.38504,37.4373,0.82837564,-1,-1,-1
341,11724,366.32867,214.06805,72.00214,35.90683,0.8442789,-1,-1,-1
341,11759,324.2413,170.31255,69.828705,33.589996,0.8283847,-1,-1,-1
341,11706,142.18056,240.293,95.7189,40.331573,0.79382086,-1,-1,-1
341,11752,972.5408,222.06155,51.45923,32.60634,0.7772847,-1,-1,-1
341,11791,259.71243,153.21848,63.55304,30.577087,0.8497373,-1,-1,-1
341,11802,538.9958,158.31389,68.69415,37.78862,0.8455981,-1,-1,-1
341,11789,162.61586,204.58911,82.53462,33.948853,0.8180217,-1,-1,-1
341,11794,759.31165,232.06868,73.272156,37.093185,0.81211776,-1,-1,-1
341,11830,701.136,284.6776,78.6001,41.94818,0.830561,-1,-1,-1
341,11837,614.9062,254.54286,69.07129,44.161484,0.2949181,-1,-1,-1
341,11840,679.01624,180.83891,63.632324,30.816818,0.7972325,-1,-1,-1
341,11850,470.45963,269.9782,85.427155,41.613068,0.84661543,-1,-1,-1
341,11777,929.4031,244.7993,69.01337,34.58281,0.82808584,-1,-1,-1
341,11864,93.60503,271.42944,79.87111,46.032013,0.84362024,-1,-1,-1
341,11860,939.95355,134.05066,44.79315,24.443802,0.67404354,-1,-1,-1
341,11871,41.52495,346.63116,57.31112,50.775238,0.8750102,-1,-1,-1
341,11857,0.0,255.20456,40.134853,38.737457,0.6603271,-1,-1,-1
341,11876,1003.8532,168.34177,14.898499,28.028381,0.6982185,-1,-1,-1
342,11669,471.19016,84.80661,27.837921,37.701958,0.8315634,-1,-1,-1
342,11714,257.69037,226.45901,79.78598,37.642,0.8251917,-1,-1,-1
342,11724,366.33594,213.49194,70.89899,35.326523,0.85334295,-1,-1,-1
342,11759,318.47415,170.09286,70.40811,33.87529,0.8408905,-1,-1,-1
342,11706,143.42105,239.80539,94.381485,39.57065,0.7505949,-1,-1,-1
342,11752,975.36487,221.41727,48.63513,32.551712,0.73530024,-1,-1,-1
342,11791,253.60234,153.0416,63.912125,30.719696,0.8393059,-1,-1,-1
342,11802,534.945,157.80045,70.09338,38.50209,0.86589223,-1,-1,-1
342,11789,154.9064,204.37968,84.54967,34.82733,0.8049385,-1,-1,-1
342,11794,762.3228,231.22148,75.12756,38.215683,0.81728065,-1,-1,-1
342,11830,707.113,284.16922,77.91101,41.52115,0.8424011,-1,-1,-1
342,11840,674.19434,180.37054,63.995544,31.100418,0.7809986,-1,-1,-1
342,11850,475.84796,269.21503,85.06647,41.610474,0.8293597,-1,-1,-1
342,11777,933.3502,244.34488,69.64862,34.757904,0.8359096,-1,-1,-1
342,11864,100.173965,271.14203,81.21515,46.046967,0.8286216,-1,-1,-1
342,11860,936.6514,133.23668,47.08551,25.369583,0.638753,-1,-1,-1
342,11871,47.967297,345.978,61.81844,50.786987,0.86057156,-1,-1,-1
342,11857,0.0,255.05238,40.264885,39.235336,0.6543449,-1,-1,-1
342,11876,1001.4124,166.61125,16.368835,29.69873,0.71724516,-1,-1,-1
342,11825,111.336,181.05064,75.85733,35.176697,0.38407716,-1,-1,-1
343,11669,471.3205,84.287834,27.94345,37.77855,0.83589923,-1,-1,-1
343,11714,256.9717,226.11098,80.36215,37.89708,0.82445014,-1,-1,-1
343,11724,365.8309,213.33527,71.904144,35.955093,0.84457195,-1,-1,-1
343,11759,312.6742,170.03093,71.038666,34.21869,0.83105445,-1,-1,-1
343,11706,144.43555,239.67346,93.49161,38.958435,0.77566475,-1,-1,-1
343,11752,977.6515,220.60077,46.34851,33.268448,0.7474473,-1,-1,-1
343,11791,247.02495,152.68274,64.82356,31.125854,0.84546995,-1,-1,-1
343,11802,531.3286,157.49367,70.45093,38.611267,0.83984613,-1,-1,-1
343,11789,146.65587,204.30632,86.09961,35.43744,0.7789447,-1,-1,-1
343,11794,767.037,230.86113,74.76251,38.11531,0.8215616,-1,-1,-1
343,11830,712.4169,283.58508,78.349915,41.729553,0.8439436,-1,-1,-1
343,11840,670.3171,180.18465,63.709717,30.901886,0.8035902,-1,-1,-1
343,11850,481.34494,268.9609,84.56192,41.47522,0.81797665,-1,-1,-1
343,11777,937.2083,243.84961,70.635254,35.166077,0.81583047,-1,-1,-1
343,11864,107.72761,270.4134,81.50855,45.448425,0.85657007,-1,-1,-1
343,11860,933.42126,132.90718,47.544495,25.393478,0.7620381,-1,-1,-1
343,11871,54.261494,345.1197,65.81381,50.668304,0.85530007,-1,-1,-1
343,11857,0.0,254.96588,40.417038,39.65982,0.62199867,-1,-1,-1
343,11876,999.3077,166.28479,17.38086,30.023865,0.73823655,-1,-1,-1
343,11825,104.32522,180.89845,77.208,35.733124,0.610563,-1,-1,-1
343,11837,622.0987,253.64668,69.512085,44.853806,0.35673198,-1,-1,-1
344,11669,471.30783,83.86862,28.174652,38.08766,0.834947,-1,-1,-1
344,11714,256.68777,226.17099,81.15436,38.30081,0.8289877,-1,-1,-1
344,11724,366.39783,213.2632,71.09183,35.457153,0.85422486,-1,-1,-1
344,11759,307.56378,169.909,70.980774,34.15683,0.84857625,-1,-1,-1
344,11706,143.70464,239.38206,93.21408,38.509354,0.72332895,-1,-1,-1
344,11752,980.1766,219.58478,43.823425,34.151978,0.7281486,-1,-1,-1
344,11791,240.33607,152.39868,65.72209,31.622726,0.83790785,-1,-1,-1
344,11802,527.3364,157.2591,71.13068,38.91841,0.8483074,-1,-1,-1
344,11789,139.18683,204.91006,86.05702,35.413483,0.80465114,-1,-1,-1
344,11794,770.99347,230.7223,73.803955,37.62413,0.80487573,-1,-1,-1
344,11830,719.0447,283.37964,77.38989,41.145386,0.83520883,-1,-1,-1
344,11840,665.4242,180.20787,64.01764,31.058273,0.7794506,-1,-1,-1
344,11850,486.9269,268.41006,84.750275,41.818604,0.8211662,-1,-1,-1
344,11777,941.7768,243.5881,70.6922,35.102936,0.82217264,-1,-1,-1
344,11864,114.40415,269.95688,82.51797,45.447754,0.85421443,-1,-1,-1
344,11860,930.96783,132.49503,47.36499,25.035309,0.76399606,-1,-1,-1
344,11871,60.65939,344.30908,69.86011,51.070892,0.8719252,-1,-1,-1
344,11857,0.0,254.62155,40.51477,40.04712,0.64667857,-1,-1,-1
344,11876,997.33734,166.17053,18.285461,29.711594,0.79444724,-1,-1,-1
344,11825,98.393364,180.65108,78.10197,36.045532,0.64999247,-1,-1,-1
345,11669,471.28864,83.409485,28.524963,38.58989,0.8305767,-1,-1,-1
345,11714,256.0624,226.17342,81.78189,38.634323,0.8429251,-1,-1,-1
345,11724,366.34555,213.24388,70.94986,35.320816,0.8650331,-1,-1,-1
345,11759,301.22916,170.03677,72.70215,35.02098,0.84071535,-1,-1,-1
345,11706,141.71092,239.44685,91.48303,37.04387,0.72580105,-1,-1,-1
345,11752,983.55566,218.94273,40.444336,34.06465,0.6299896,-1,-1,-1
345,11791,233.05151,152.36842,65.83005,31.643326,0.84107757,-1,-1,-1
345,11802,522.1809,157.08398,71.44006,39.143234,0.8658564,-1,-1,-1
345,11789,130.34526,204.9931,87.5482,36.028427,0.8384671,-1,-1,-1
345,11794,774.46674,230.24593,74.82507,38.334763,0.80951285,-1,-1,-1
345,11830,724.41437,282.95285,78.137024,41.51294,0.8445896,-1,-1,-1
345,11840,660.91595,180.13927,64.51721,31.387115,0.77038604,-1,-1,-1
345,11850,491.66425,268.15018,84.29718,41.700134,0.82911164,-1,-1,-1
345,11777,945.78046,243.17455,71.509094,35.45073,0.83202165,-1,-1,-1
345,11864,121.0801,269.92456,83.48499,45.380615,0.8564996,-1,-1,-1
345,11860,928.31244,132.35332,47.183105,24.6819,0.78505766,-1,-1,-1
345,11871,67.85452,343.86865,72.8616,50.696472,0.8439589,-1,-1,-1
345,11857,0.0,254.56427,40.488934,40.123016,0.67089176,-1,-1,-1
345,11876,994.99225,166.44144,19.355957,29.239105,0.81762004,-1,-1,-1
345,11825,92.99401,181.1233,79.42812,36.624207,0.6407421,-1,-1,-1
345,11837,632.3425,252.17345,70.80481,45.882034,0.3529661,-1,-1,-1
346,11669,471.07925,83.14719,28.673248,38.852577,0.8306624,-1,-1,-1
346,11714,255.33519,226.27428,82.342636,38.949234,0.84459764,-1,-1,-1
346,11724,365.24814,213.16522,71.23761,35.44777,0.86238766,-1,-1,-1
346,11759,295.62808,170.61668,72.678986,35.029724,0.84161955,-1,-1,-1
346,11706,141.43753,239.97975,89.52411,35.57515,0.6752771,-1,-1,-1
346,11752,986.81714,218.00467,37.18286,34.3817,0.5676499,-1,-1,-1
346,11791,226.06027,152.60066,65.976654,31.682175,0.8355777,-1,-1,-1
346,11802,516.7137,157.08012,71.30646,39.170837,0.8492962,-1,-1,-1
346,11789,122.19712,205.64233,88.30294,36.420975,0.83352095,-1,-1,-1
346,11794,779.66144,230.4259,73.045044,37.43344,0.80990595,-1,-1,-1
346,11830,730.7052,282.9073,78.27527,41.563477,0.8485844,-1,-1,-1
346,11840,656.6427,180.21838,65.054016,31.648788,0.81921494,-1,-1,-1
346,11850,498.89023,268.08194,80.31467,39.609924,0.84688395,-1,-1,-1
346,11777,949.7921,242.56624,72.475464,35.993393,0.8163012,-1,-1,-1
346,11864,127.99001,270.02026,83.75628,45.13794,0.85149753,-1,-1,-1
346,11860,925.12103,132.0773,48.197266,25.034653,0.7759243,-1,-1,-1
346,11871,74.58792,343.57025,75.63579,50.467743,0.8485677,-1,-1,-1
346,11857,0.0,254.96019,40.298817,39.98253,0.6358394,-1,-1,-1
346,11876,992.8394,166.52284,20.82727,29.193436,0.82293344,-1,-1,-1
346,11825,87.45392,180.85931,80.410126,36.806396,0.80051935,-1,-1,-1
346,11837,637.96893,251.95627,70.66669,45.98694,0.55907303,-1,-1,-1
346,11835,715.4585,138.53957,57.911316,28.139572,0.28353325,-1,-1,-1
347,11669,470.78784,83.10261,28.687653,38.95037,0.8316476,-1,-1,-1
347,11714,255.06007,226.6842,82.37572,39.036255,0.85031015,-1,-1,-1
347,11724,364.50604,213.58626,72.51672,36.190475,0.8369687,-1,-1,-1
347,11759,290.91467,170.78038,72.52527,34.926895,0.84962684,-1,-1,-1
347,11706,141.87183,240.49342,87.54097,34.288864,0.6992201,-1,-1,-1
347,11791,218.81845,153.09503,66.279816,31.772156,0.82574207,-1,-1,-1
347,11802,513.05615,157.57076,71.098694,39.10411,0.847986,-1,-1,-1
347,11789,114.41543,206.46237,88.16192,36.437637,0.8290499,-1,-1,-1
347,11794,783.26404,230.61244,72.971375,37.47142,0.80462533,-1,-1,-1
347,11830,736.1922,283.08344,78.05493,41.433105,0.85388446,-1,-1,-1
347,11840,652.2563,180.50673,65.01196,31.743393,0.82910836,-1,-1,-1
347,11850,504.48303,267.8432,79.1604,38.901703,0.82378167,-1,-1,-1
347,11777,953.2803,242.96355,70.71973,35.852737,0.8172841,-1,-1,-1
347,11864,134.50563,269.44067,86.47427,46.32965,0.81843597,-1,-1,-1
347,11860,922.6144,131.95459,48.814026,25.200546,0.77344257,-1,-1,-1
347,11871,81.34768,342.8375,79.231926,51.167084,0.8551099,-1,-1,-1
347,11857,0.0,255.37115,39.965324,39.678467,0.7021026,-1,-1,-1
347,11876,989.8985,166.86139,22.71521,29.300568,0.79605967,-1,-1,-1
347,11825,81.218376,181.40022,82.261284,37.398376,0.37975085,-1,-1,-1
347,11837,641.8825,251.82773,73.13324,47.91632,0.49772,-1,-1,-1
348,11669,470.71906,83.28249,28.403381,38.613625,0.83177584,-1,-1,-1
348,11714,254.91411,227.21176,82.149734,38.981842,0.8540379,-1,-1,-1
348,11724,363.8301,213.91971,73.517395,36.795822,0.8397639,-1,-1,-1
348,11759,285.97342,171.47739,72.15222,34.733032,0.8481929,-1,-1,-1
348,11706,143.64328,240.94498,85.95009,33.20282,0.669952,-1,-1,-1
348,11791,211.9382,153.9889,66.03616,31.550552,0.79831487,-1,-1,-1
348,11802,508.56854,157.9375,70.57379,38.948563,0.86213624,-1,-1,-1
348,11789,104.990074,206.94006,90.39112,37.37883,0.8140898,-1,-1,-1
348,11794,786.9778,230.39133,74.19452,38.21515,0.80604076,-1,-1,-1
348,11830,742.1535,283.3135,77.717285,41.301605,0.86037374,-1,-1,-1
348,11840,648.11505,180.92477,64.757324,31.736847,0.82289976,-1,-1,-1
348,11850,509.7646,268.10794,78.78143,38.526825,0.8527487,-1,-1,-1
348,11777,956.1061,242.73293,67.89392,36.21733,0.82187134,-1,-1,-1
348,11864,141.24278,269.4539,85.90672,45.706543,0.82983214,-1,-1,-1
348,11860,919.5247,131.98691,49.846313,25.636063,0.7867742,-1,-1,-1
348,11871,88.622444,342.8791,81.39207,50.953796,0.8307933,-1,-1,-1
348,11857,0.0,255.35622,40.281517,39.927414,0.67680514,-1,-1,-1
348,11876,986.6572,166.96251,25.233093,29.932755,0.82394874,-1,-1,-1
348,11825,73.31094,180.9999,85.53075,38.78427,0.37477022,-1,-1,-1
348,11837,648.05786,252.6294,70.97595,46.561188,0.64942145,-1,-1,-1
348,11835,708.2982,138.95287,57.88678,28.27475,0.48048666,-1,-1,-1
349,11669,470.8499,83.54202,28.21048,38.404915,0.8344195,-1,-1,-1
349,11714,254.92735,227.78777,81.76964,38.83696,0.8512383,-1,-1,-1
349,11724,363.83383,214.40967,73.87991,36.910217,0.8562102,-1,-1,-1
349,11759,280.87338,172.40147,71.804016,34.452393,0.8525158,-1,-1,-1
349,11706,144.44617,241.18666,87.51872,33.46376,0.5618605,-1,-1,-1
349,11791,204.88336,154.48497,66.165375,31.514938,0.7795006,-1,-1,-1
349,11802,504.8955,158.22057,70.51483,38.981613,0.8519421,-1,-1,-1
349,11789,96.65666,208.09492,91.21532,37.76268,0.7223484,-1,-1,-1
349,11794,792.4847,230.95728,72.09515,37.030273,0.819072,-1,-1,-1
349,11830,747.2992,283.28372,77.63965,41.263092,0.86113185,-1,-1,-1
349,11840,643.5817,181.30945,64.08923,31.472855,0.83787,-1,-1,-1
349,11850,515.3589,268.29996,78.664,38.347107,0.8740672,-1,-1,-1
349,11777,958.2074,242.72282,65.7926,36.432907,0.8076838,-1,-1,-1
349,11864,148.02055,269.96805,85.122665,44.751587,0.81379974,-1,-1,-1
349,11860,916.6408,132.14127,50.604187,25.925201,0.7852967,-1,-1,-1
349,11871,95.46002,343.01392,83.920395,51.020508,0.8416467,-1,-1,-1
349,11857,0.0,256.55954,39.898323,39.238617,0.7010753,-1,-1,-1
349,11876,983.8068,167.53932,27.509216,29.98433,0.8107094,-1,-1,-1
349,11837,653.31866,253.16455,70.30914,46.21173,0.6614182,-1,-1,-1
349,11835,704.66583,139.25758,57.87805,28.385712,0.67204463,-1,-1,-1
350,11669,470.73126,83.82247,28.208435,38.440704,0.8326089,-1,-1,-1
350,11714,254.29355,228.01762,82.392944,39.211716,0.8480093,-1,-1,-1
350,11724,363.72302,214.87021,73.87286,37.042755,0.85012686,-1,-1,-1
350,11759,275.28812,173.0086,72.24817,34.68669,0.84432554,-1,-1,-1
350,11706,146.21443,241.68747,86.58986,32.7424,0.6745831,-1,-1,-1
350,11791,197.38853,154.31702,67.722244,32.305725,0.69439256,-1,-1,-1
350,11802,500.96036,158.40736,71.00632,39.347397,0.8645045,-1,-1,-1
350,11789,87.83732,208.4967,93.943016,38.980896,0.7663267,-1,-1,-1
350,11794,796.42175,231.17725,71.79443,36.851013,0.79889727,-1,-1,-1
350,11830,753.0691,283.36877,77.569336,41.27475,0.8449558,-1,-1,-1
350,11840,639.12915,181.70012,63.48578,31.262314,0.8244837,-1,-1,-1
350,11850,517.7462,268.2205,82.78558,40.523956,0.8309678,-1,-1,-1
350,11777,960.31726,242.49568,63.68274,36.996017,0.7236921,-1,-1,-1
350,11864,154.19313,270.2999,84.29799,43.886414,0.838394,-1,-1,-1
350,11860,912.8687,131.98956,51.999634,26.565704,0.78194284,-1,-1,-1
350,11871,103.63443,342.9363,85.40427,50.69394,0.84757704,-1,-1,-1
350,11857,0.0,257.10196,39.7998,39.05533,0.6572901,-1,-1,-1
350,11876,980.80383,167.86465,29.956177,30.168716,0.83559257,-1,-1,-1
350,11837,660.42694,253.62111,66.703125,43.701096,0.6237051,-1,-1,-1
350,11835,701.77966,139.66621,57.156677,28.064407,0.7622952,-1,-1,-1
351,11669,470.682,84.04194,28.070496,38.316063,0.8265982,-1,-1,-1
351,11714,252.76546,228.26868,82.488815,39.374756,0.84873044,-1,-1,-1
351,11724,363.4351,215.31259,74.209564,37.184998,0.88842523,-1,-1,-1
351,11759,269.58853,173.7832,72.44202,34.82744,0.8434215,-1,-1,-1
351,11706,137.49939,242.33481,100.04889,38.245422,0.7910372,-1,-1,-1
351,11791,189.44339,154.81981,68.00235,32.379974,0.5289671,-1,-1,-1
351,11802,496.59198,158.9574,70.47101,39.105988,0.8381164,-1,-1,-1
351,11789,78.19301,208.74991,95.95264,39.981506,0.7928481,-1,-1,-1
351,11794,800.31775,231.09798,73.3056,37.824112,0.83377284,-1,-1,-1
351,11830,758.69183,283.3474,77.42676,41.277008,0.85870177,-1,-1,-1
351,11840,635.3323,182.18283,63.376404,31.166,0.8330649,-1,-1,-1
351,11850,522.503,268.655,83.026245,40.738586,0.8208515,-1,-1,-1
351,11777,963.4227,242.91005,60.57727,36.952866,0.76305383,-1,-1,-1
351,11864,162.47298,270.8497,84.135956,43.496185,0.8251441,-1,-1,-1
351,11860,909.78174,132.30475,52.72345,26.870422,0.78189856,-1,-1,-1
351,11871,110.31076,342.7468,87.297165,50.798096,0.8373258,-1,-1,-1
351,11857,0.0,257.4352,39.73532,39.247284,0.61331505,-1,-1,-1
351,11876,977.34985,168.16075,32.702026,30.36998,0.83896065,-1,-1,-1
351,11837,664.82794,253.9215,65.39325,42.70833,0.5359526,-1,-1,-1
351,11835,698.3875,140.15387,56.97699,27.975006,0.7041267,-1,-1,-1
352,11669,470.5083,84.405594,27.923615,38.139465,0.8325406,-1,-1,-1
352,11714,251.9927,228.80771,82.86932,39.609985,0.8873951,-1,-1,-1
352,11724,363.1756,215.96063,74.53439,37.34587,0.84906244,-1,-1,-1
352,11759,264.01495,174.43207,73.29547,35.299026,0.8631074,-1,-1,-1
352,11706,133.82936,243.19086,104.19844,40.006836,0.7626351,-1,-1,-1
352,11791,182.35742,155.55212,68.36322,32.51436,0.54421246,-1,-1,-1
352,11802,492.2367,159.73639,69.99774,38.90349,0.84910405,-1,-1,-1
352,11789,70.508545,209.31665,95.45622,39.86508,0.7115315,-1,-1,-1
352,11794,805.10724,231.63669,72.4104,37.2854,0.81648135,-1,-1,-1
352,11830,764.4789,283.37387,77.42096,41.29419,0.84399873,-1,-1,-1
352,11840,630.87976,182.50404,63.093994,31.012894,0.8375312,-1,-1,-1
352,11850,528.75543,268.6072,80.82715,39.573975,0.82522607,-1,-1,-1
352,11777,966.27997,243.36826,57.72003,36.75586,0.7699625,-1,-1,-1
352,11864,168.45844,270.8762,84.50137,43.33255,0.8300311,-1,-1,-1
352,11860,908.05426,133.0292,52.01056,26.382431,0.78663087,-1,-1,-1
352,11871,117.759865,342.70517,88.840904,50.67395,0.8471049,-1,-1,-1
352,11857,0.0,258.38824,39.47151,38.833252,0.6182606,-1,-1,-1
352,11876,973.38654,168.80753,35.269104,30.443695,0.82833374,-1,-1,-1
352,11837,665.43335,253.51567,68.32202,44.207993,0.5851113,-1,-1,-1
352,11835,695.1579,140.41951,57.474365,28.242722,0.77289176,-1,-1,-1
353,11669,470.3218,84.898796,27.987701,38.218834,0.83652633,-1,-1,-1
353,11714,251.17343,229.23497,83.737946,40.08922,0.8432702,-1,-1,-1
353,11724,362.70602,216.45525,75.21716,37.718216,0.84911877,-1,-1,-1
353,11759,258.70474,175.11809,73.55026,35.435913,0.8404934,-1,-1,-1
353,11706,129.87555,243.41956,108.86601,42.121307,0.8023685,-1,-1,-1
353,11791,174.91426,156.15366,68.91455,32.6958,0.6862247,-1,-1,-1
353,11802,488.26474,160.4724,69.69211,38.76477,0.8780663,-1,-1,-1
353,11789,62.290005,210.48572,96.93535,40.61537,0.79966676,-1,-1,-1
353,11794,808.07983,231.67793,73.70581,38.096878,0.81631976,-1,-1,-1
353,11830,770.81836,283.73575,76.94446,41.08734,0.8415959,-1,-1,-1
353,11840,624.988,182.94447,64.047,31.440338,0.8230649,-1,-1,-1
353,11850,533.05884,268.8318,81.93439,40.10385,0.8066077,-1,-1,-1
353,11777,970.03546,244.02782,53.96454,36.327805,0.73069465,-1,-1,-1
353,11864,175.96335,270.66318,85.775604,43.972046,0.83284444,-1,-1,-1
353,11860,906.44305,134.09251,50.89142,25.637527,0.7739366,-1,-1,-1
353,11871,126.67403,342.51837,89.35181,50.115692,0.8440068,-1,-1,-1
353,11857,0.0,259.2218,39.208344,38.40323,0.46877545,-1,-1,-1
353,11876,969.4608,169.32831,37.243164,30.190323,0.8302834,-1,-1,-1
353,11837,669.24475,254.02235,69.04834,44.428055,0.72828525,-1,-1,-1
353,11835,691.73425,140.76219,56.92401,27.981888,0.80309296,-1,-1,-1
353,11886,1014.1441,151.8184,8.617493,23.856094,0.50064445,-1,-1,-1
354,11669,469.95764,85.21512,28.166168,38.396355,0.83913076,-1,-1,-1
354,11714,250.3793,229.81898,83.76138,40.167374,0.84662974,-1,-1,-1
354,11724,362.59897,216.9665,75.18594,37.689713,0.84510213,-1,-1,-1
354,11759,252.15097,175.33662,74.74603,36.088516,0.8602909,-1,-1,-1
354,11706,127.75848,244.08038,110.93618,43.43564,0.7826823,-1,-1,-1
354,11791,167.11742,156.34297,70.51492,33.47203,0.7457812,-1,-1,-1
354,11802,482.85828,161.12424,70.078125,39.075302,0.85136825,-1,-1,-1
354,11789,54.011433,211.99843,96.066376,40.291443,0.818923,-1,-1,-1
354,11794,812.32855,231.84532,73.82172,38.22966,0.8234306,-1,-1,-1
354,11830,776.8013,283.7856,76.920105,41.0195,0.85080993,-1,-1,-1
354,11840,620.505,183.82495,64.871155,31.7594,0.8057131,-1,-1,-1
354,11850,537.5909,268.7407,82.91046,40.830475,0.82371813,-1,-1,-1
354,11777,973.97144,244.56004,50.028564,35.93651,0.7258259,-1,-1,-1
354,11864,181.91432,269.97775,87.58827,44.854248,0.8438337,-1,-1,-1
354,11860,903.6083,134.22385,50.923218,25.567352,0.7524765,-1,-1,-1
354,11871,133.50691,342.51788,90.929794,50.315857,0.8449431,-1,-1,-1
354,11857,0.228572,260.4172,38.634876,37.730713,0.60505766,-1,-1,-1
354,11876,965.1588,169.69337,39.266052,30.13211,0.81616235,-1,-1,-1
354,11837,674.3956,254.70367,69.81543,45.084473,0.69246614,-1,-1,-1
354,11835,688.4376,141.10533,56.880127,27.93428,0.7844651,-1,-1,-1
354,11886,1013.5524,151.90126,8.517029,23.343857,0.5639045,-1,-1,-1
355,11669,469.6173,85.438416,28.30249,38.497322,0.840864,-1,-1,-1
355,11714,249.88298,230.27705,83.651566,40.177048,0.8485829,-1,-1,-1
355,11724,362.17877,217.26474,75.45453,37.817047,0.84117687,-1,-1,-1
355,11759,246.57516,175.44226,75.14548,36.476776,0.8383008,-1,-1,-1
355,11706,127.37573,245.61357,108.72681,43.193436,0.7970516,-1,-1,-1
355,11791,159.42014,157.06898,71.0553,33.775726,0.7158211,-1,-1,-1
355,11802,478.66833,161.86046,70.17377,39.141556,0.8459327,-1,-1,-1
355,11789,47.48829,214.46318,92.95945,38.947983,0.7807046,-1,-1,-1
355,11794,816.4435,232.18321,73.82123,38.25264,0.8324069,-1,-1,-1
355,11830,783.17664,284.0277,76.51666,40.730164,0.8430683,-1,-1,-1
355,11840,616.64307,184.51953,64.442444,31.59166,0.78677905,-1,-1,-1
355,11850,541.5397,269.00433,84.096375,41.617218,0.8319171,-1,-1,-1
355,11777,977.33026,245.14574,46.66974,35.96785,0.7449123,-1,-1,-1
355,11864,189.72621,270.15945,86.78786,44.26999,0.84748346,-1,-1,-1
355,11860,900.0627,134.33464,50.970642,25.551407,0.76670057,-1,-1,-1
355,11871,142.01775,342.70493,91.06773,49.629364,0.8476441,-1,-1,-1
355,11857,0.24800223,261.4092,38.096493,37.178192,0.56268156,-1,-1,-1
355,11876,960.90015,170.40514,40.76477,29.618408,0.8238926,-1,-1,-1
355,11837,679.62286,255.14839,70.07391,45.59474,0.77287,-1,-1,-1
355,11835,684.3582,141.5228,57.404114,28.23442,0.8044637,-1,-1,-1
355,11886,1012.0711,150.36198,9.454041,25.511261,0.5774316,-1,-1,-1
356,11669,469.46982,85.619255,28.335571,38.431595,0.84385365,-1,-1,-1
356,11714,250.00089,230.38107,83.60437,40.21985,0.84019715,-1,-1,-1
356,11724,362.14206,217.66795,74.89673,37.580566,0.84337974,-1,-1,-1
356,11759,241.15381,175.88086,74.54083,36.249924,0.8542579,-1,-1,-1
356,11706,127.63058,246.24405,108.4468,43.604065,0.80254436,-1,-1,-1
356,11791,151.85088,157.64383,72.818634,34.738968,0.6538117,-1,-1,-1
356,11802,474.55487,162.72005,69.606445,38.842728,0.850754,-1,-1,-1
356,11789,39.23524,215.94896,93.16586,39.12381,0.71151197,-1,-1,-1
356,11794,820.51965,232.58318,73.69934,38.283463,0.82767254,-1,-1,-1
356,11830,788.85144,284.18658,76.46228,40.67737,0.8561586,-1,-1,-1
356,11840,612.82776,185.32452,64.29358,31.603088,0.8072117,-1,-1,-1
356,11850,546.89075,269.5044,82.570496,40.891235,0.8097677,-1,-1,-1
356,11777,980.6196,244.89423,43.38037,36.792297,0.69703686,-1,-1,-1
356,11864,196.73909,270.40375,86.31758,43.798065,0.8596344,-1,-1,-1
356,11860,896.9656,134.47559,51.689087,25.881363,0.76998985,-1,-1,-1
356,11871,149.99847,342.76477,91.641235,49.40338,0.83893144,-1,-1,-1
356,11857,0.0,261.59897,38.353214,37.54538,0.46349567,-1,-1,-1
356,11876,956.0611,170.9822,42.787903,29.598343,0.8373952,-1,-1,-1
356,11837,684.35394,255.46654,69.48627,45.375626,0.8323216,-1,-1,-1
356,11835,680.74005,142.0946,57.24768,28.23616,0.82253224,-1,-1,-1
356,11886,1010.69257,150.13443,10.107422,26.57933,0.628893,-1,-1,-1
357,11669,469.38507,85.77451,28.521667,38.593094,0.8455233,-1,-1,-1
357,11714,249.88663,230.37976,83.77225,40.36212,0.84361947,-1,-1,-1
357,11724,361.62286,217.97281,75.194214,37.804153,0.8438979,-1,-1,-1
357,11759,235.46353,176.69911,74.401276,36.220062,0.8430928,-1,-1,-1
357,11706,129.60796,247.10533,106.63814,43.21544,0.82572013,-1,-1,-1
357,11791,144.68039,158.09146,73.02698,34.89897,0.5994986,-1,-1,-1
357,11802,469.79828,163.40059,69.09235,38.438812,0.84077954,-1,-1,-1
357,11789,31.274374,216.45734,93.89101,39.4003,0.7354857,-1,-1,-1
357,11794,824.2629,232.59007,74.410095,38.834427,0.8437514,-1,-1,-1
357,11830,795.0304,284.46133,76.49548,40.598145,0.8440045,-1,-1,-1
357,11840,608.75745,185.8842,65.14636,32.28299,0.80151606,-1,-1,-1
357,11850,551.6657,269.3085,83.49457,41.5394,0.80555093,-1,-1,-1
357,11777,983.55206,245.09418,40.447937,37.897705,0.61112523,-1,-1,-1
357,11864,203.29625,270.31567,86.98323,44.044098,0.85698915,-1,-1,-1
357,11860,893.6695,134.28577,52.68274,26.375168,0.7691998,-1,-1,-1
357,11871,156.84517,343.02313,92.82683,49.480927,0.84366053,-1,-1,-1
357,11857,0.0,261.77158,38.58394,37.93399,0.42205387,-1,-1,-1
357,11876,951.8441,171.30812,44.66632,29.684189,0.82123995,-1,-1,-1
357,11837,688.84155,255.75685,68.85321,44.96019,0.8302971,-1,-1,-1
357,11835,677.14935,142.52516,58.188293,28.803726,0.8295619,-1,-1,-1
357,11886,1009.85657,150.85475,10.451355,26.543732,0.669326,-1,-1,-1
358,11669,469.4734,86.059204,28.941742,38.989777,0.84388953,-1,-1,-1
358,11714,250.25665,231.07085,83.29309,40.139297,0.8585204,-1,-1,-1
358,11724,361.4204,218.2478,75.31323,37.956207,0.8435814,-1,-1,-1
358,11759,229.56148,177.5062,74.50844,36.274323,0.8555809,-1,-1,-1
358,11706,130.35924,247.85645,105.08063,42.950897,0.7981118,-1,-1,-1
358,11791,137.80818,158.79947,73.31534,35.065903,0.6607345,-1,-1,-1
358,11802,465.45233,163.74638,70.21161,39.006424,0.8505542,-1,-1,-1
358,11789,21.737595,217.16647,96.19589,40.499817,0.8084531,-1,-1,-1
358,11794,829.1869,232.94452,73.73663,38.482117,0.8375359,-1,-1,-1
358,11830,800.3779,284.28912,76.87537,40.75186,0.86010295,-1,-1,-1
358,11840,603.5584,186.26733,64.90387,32.16638,0.816886,-1,-1,-1
358,11850,556.55414,269.67245,82.66571,41.120544,0.8062059,-1,-1,-1
358,11864,209.734,270.21344,87.219376,43.955536,0.86943096,-1,-1,-1
358,11860,891.2559,134.5199,53.14966,26.57547,0.7580176,-1,-1,-1
358,11871,164.28192,342.6085,94.34766,49.875336,0.85375327,-1,-1,-1
358,11857,0.0,262.64,38.73562,38.123535,0.61692363,-1,-1,-1
358,11876,948.0285,171.47166,46.48291,29.812347,0.8236946,-1,-1,-1
358,11837,692.93536,256.2442,68.5155,44.6864,0.8428755,-1,-1,-1
358,11835,674.17224,143.02477,58.208923,28.840363,0.8254324,-1,-1,-1
358,11886,1008.84674,149.76962,11.347412,27.799667,0.67948514,-1,-1,-1
359,11669,469.45868,86.18112,29.065765,39.056984,0.84176356,-1,-1,-1
359,11714,250.35587,232.04948,81.7142,39.28804,0.8558136,-1,-1,-1
359,11724,361.08014,218.67264,75.87363,38.233795,0.84204096,-1,-1,-1
359,11759,224.13223,178.11981,74.40915,36.23378,0.853592,-1,-1,-1
359,11706,130.3095,248.72514,102.596725,42.15416,0.7943867,-1,-1,-1
359,11802,461.3088,164.46838,70.11008,38.829147,0.8563344,-1,-1,-1
359,11789,13.371849,217.44084,96.28117,40.7126,0.7764304,-1,-1,-1
359,11794,833.5084,233.24336,73.1026,38.167282,0.82756674,-1,-1,-1
359,11830,806.1465,284.30154,77.04016,40.821167,0.85767746,-1,-1,-1
359,11840,598.68036,186.50787,64.88464,32.15242,0.8255365,-1,-1,-1
359,11850,561.7752,270.0038,81.99133,40.84665,0.81227726,-1,-1,-1
359,11864,216.14359,269.8715,87.77344,44.110565,0.8645903,-1,-1,-1
359,11860,889.13715,134.98337,52.9787,26.409119,0.7374426,-1,-1,-1
359,11871,172.36578,342.41745,95.92816,50.274384,0.83581334,-1,-1,-1
359,11857,0.24527065,264.037,37.850243,37.10089,0.59469336,-1,-1,-1
359,11876,943.46436,171.87775,47.95404,29.799393,0.81295496,-1,-1,-1
359,11837,697.4878,256.4596,68.93402,44.897766,0.84549904,-1,-1,-1
359,11835,670.9435,143.44789,58.183716,28.816498,0.8185046,-1,-1,-1
359,11886,1007.0616,147.51335,12.715454,29.884369,0.71598226,-1,-1,-1
360,11669,469.3775,86.28333,29.136475,39.06897,0.8472279,-1,-1,-1
360,11714,250.51169,232.96013,79.979614,38.2856,0.8401682,-1,-1,-1
360,11724,361.1235,219.15489,75.23648,37.90901,0.8531174,-1,-1,-1
360,11759,218.2722,178.90907,75.13548,36.535233,0.83851683,-1,-1,-1
360,11706,130.5335,249.53214,100.845764,41.612885,0.80817443,-1,-1,-1
360,11802,456.79742,164.91986,70.020935,38.667328,0.8453757,-1,-1,-1
360,11789,5.968164,218.02853,97.82858,41.38434,0.62588483,-1,-1,-1
360,11794,837.53455,233.57602,72.49884,37.827057,0.85691035,-1,-1,-1
360,11830,811.60284,284.2675,77.03485,40.745087,0.8542534,-1,-1,-1
360,11840,592.7142,186.40785,66.39349,32.877045,0.82567966,-1,-1,-1
360,11850,567.1932,270.12576,81.254456,40.44583,0.8138428,-1,-1,-1
360,11864,224.36261,270.16678,87.632324,44.083405,0.85425735,-1,-1,-1
360,11860,886.017,135.37953,52.706482,26.163605,0.75586027,-1,-1,-1
360,11871,179.47548,342.43164,96.711624,50.320953,0.8469851,-1,-1,-1
360,11857,0.14783071,264.6743,37.822567,37.083405,0.59233314,-1,-1,-1
360,11876,939.6564,172.47133,48.941895,29.560654,0.8209119,-1,-1,-1
360,11837,701.8572,256.7492,69.37793,45.096405,0.84302425,-1,-1,-1
360,11835,667.2041,143.7036,58.45459,28.983963,0.8116848,-1,-1,-1
360,11886,1005.4842,146.9418,13.835205,30.969727,0.72033536,-1,-1,-1
360,11791,120.04375,158.84099,77.69748,37.27681,0.2548645,-1,-1,-1
361,11669,469.47546,86.42932,29.158142,39.033745,0.8527801,-1,-1,-1
361,11714,250.47449,233.6178,78.97073,37.616913,0.8318758,-1,-1,-1
361,11724,360.3277,219.73064,76.382904,38.522537,0.86204064,-1,-1,-1
361,11759,212.04309,179.51558,75.43967,36.603333,0.859345,-1,-1,-1
361,11706,129.90868,249.80542,101.22777,41.8985,0.8352769,-1,-1,-1
361,11802,451.7995,164.90646,71.55768,39.52867,0.8602146,-1,-1,-1
361,11789,0.0,219.23593,95.078224,40.747894,0.76562315,-1,-1,-1
361,11794,841.8122,233.65251,72.655334,37.92482,0.83065355,-1,-1,-1
361,11830,817.22516,284.40656,77.078064,40.746674,0.84633964,-1,-1,-1
361,11840,586.248,187.20377,67.982605,33.708023,0.8370682,-1,-1,-1
361,11850,571.5051,270.22015,81.817505,40.81073,0.8148295,-1,-1,-1
361,11864,231.39012,269.98602,86.46791,43.399567,0.84902686,-1,-1,-1
361,11860,882.90753,135.09258,53.85791,26.731888,0.7722124,-1,-1,-1
361,11871,187.70952,342.42886,97.04448,50.16159,0.853738,-1,-1,-1
361,11857,0.24534936,265.3225,37.16696,36.48169,0.5672063,-1,-1,-1
361,11876,935.373,172.79858,50.31665,29.597992,0.81617045,-1,-1,-1
361,11837,705.0796,257.08603,70.706726,45.968475,0.83899325,-1,-1,-1
361,11835,663.62616,144.17033,58.33142,28.911697,0.81789327,-1,-1,-1
361,11886,1003.776,145.80086,15.271484,32.54547,0.73845893,-1,-1,-1
361,11791,114.00152,160.1931,75.3693,36.10765,0.76099026,-1,-1,-1
362,11669,469.47696,86.63563,29.209198,39.08262,0.85046107,-1,-1,-1
362,11714,249.84706,233.87114,79.130844,37.47267,0.8277404,-1,-1,-1
362,11724,360.0963,220.21306,76.6478,38.682907,0.8660128,-1,-1,-1
362,11759,206.84299,180.15268,75.85553,36.73259,0.83729506,-1,-1,-1
362,11706,128.9275,249.78706,102.73573,42.65468,0.836502,-1,-1,-1
362,11802,446.98795,165.09238,72.65903,40.110657,0.8411339,-1,-1,-1
362,11789,0.0,220.23756,87.84351,40.755722,0.7241408,-1,-1,-1
362,11794,846.748,234.17278,72.10254,37.56407,0.82555,-1,-1,-1
362,11830,822.77045,284.5357,77.03528,40.667877,0.8395802,-1,-1,-1
362,11840,580.37476,187.42871,68.5506,34.122757,0.836883,-1,-1,-1
362,11850,575.06,270.19962,83.629395,41.992065,0.83179414,-1,-1,-1
362,11864,238.95027,270.11252,86.462234,43.384064,0.8474817,-1,-1,-1
362,11860,880.30176,135.57793,54.048035,26.851196,0.7506886,-1,-1,-1
362,11871,195.38539,342.641,96.577896,49.74652,0.85495585,-1,-1,-1
362,11857,0.27329162,266.00763,36.83577,36.19232,0.50692147,-1,-1,-1
362,11876,930.72314,173.53647,50.524597,29.115585,0.8019295,-1,-1,-1
362,11837,710.02423,257.32132,70.783875,46.00296,0.8358349,-1,-1,-1
362,11835,660.32526,144.48561,58.904175,29.191452,0.82231027,-1,-1,-1
362,11886,1002.4403,145.7077,16.359009,33.086334,0.7523997,-1,-1,-1
362,11791,107.01019,160.83646,74.8755,35.85614,0.7124954,-1,-1,-1
362,11888,966.1286,299.62924,57.8714,80.34024,0.31250122,-1,-1,-1
363,11669,469.34686,86.86738,29.220825,39.08886,0.84908575,-1,-1,-1
363,11714,249.45668,234.25679,79.10008,37.297287,0.82914317,-1,-1,-1
363,11724,359.78146,220.58266,76.63504,38.71437,0.8641881,-1,-1,-1
363,11759,200.76161,180.8658,75.843155,36.625,0.86774564,-1,-1,-1
363,11706,128.71999,250.07936,103.74657,43.208237,0.8400674,-1,-1,-1
363,11802,442.3116,165.72517,72.46231,39.912354,0.86088634,-1,-1,-1
363,11789,0.0,221.45276,82.684235,41.814545,0.6225906,-1,-1,-1
363,11794,851.1413,234.38098,71.88306,37.343536,0.8143558,-1,-1,-1
363,11830,828.29297,284.60812,77.08539,40.64145,0.84262997,-1,-1,-1
363,11840,576.0502,187.9954,68.370605,34.09543,0.84762937,-1,-1,-1
363,11850,579.77704,270.24442,82.38849,41.501343,0.8095404,-1,-1,-1
363,11864,244.8559,269.87808,86.9881,43.65094,0.8439544,-1,-1,-1
363,11860,877.03424,135.76767,54.6781,27.24405,0.7868663,-1,-1,-1
363,11871,202.8022,342.39383,97.16426,49.82901,0.86577606,-1,-1,-1
363,11857,0.2592846,266.74457,36.656303,36.04651,0.5578594,-1,-1,-1
363,11876,925.2821,173.79645,52.07788,29.424911,0.8192237,-1,-1,-1
363,11837,714.52405,257.75192,70.26935,45.655243,0.82821196,-1,-1,-1
363,11835,656.9084,145.22621,58.092285,28.706558,0.81041634,-1,-1,-1
363,11886,1001.3653,146.78249,16.927185,32.188156,0.76109296,-1,-1,-1
363,11791,99.98517,162.21829,72.896774,34.882843,0.6224427,-1,-1,-1
363,11888,966.5672,301.55652,57.4328,79.285736,0.3892123,-1,-1,-1
364,11669,469.1056,87.126656,29.258179,39.09887,0.8453257,-1,-1,-1
364,11714,248.77988,234.7792,79.72525,37.41812,0.8339959,-1,-1,-1
364,11724,359.655,221.00034,76.48804,38.68985,0.8610472,-1,-1,-1
364,11759,194.88414,181.40884,75.819565,36.509384,0.8396931,-1,-1,-1
364,11706,128.19807,250.4328,104.496704,43.657043,0.8540587,-1,-1,-1
364,11802,436.4015,166.36671,73.95026,40.861816,0.8926711,-1,-1,-1
364,11789,0.0,222.87209,76.026726,41.304245,0.63664126,-1,-1,-1
364,11794,855.50757,234.7269,71.86194,37.30197,0.825492,-1,-1,-1
364,11830,834.42944,284.7084,76.9032,40.4794,0.83303934,-1,-1,-1
364,11840,571.89954,188.26906,68.2547,34.072098,0.82587534,-1,-1,-1
364,11850,584.19275,270.1792,82.89276,41.983704,0.80084777,-1,-1,-1
364,11864,252.11758,270.09378,88.27228,44.4375,0.83708954,-1,-1,-1
364,11860,875.1753,136.52373,53.6427,26.776962,0.7899187,-1,-1,-1
364,11871,211.51346,342.58737,96.58182,49.22815,0.82587516,-1,-1,-1
364,11857,0.1277776,267.496,36.557915,36.015076,0.538441,-1,-1,-1
364,11876,921.10596,173.88077,53.62317,29.791107,0.8264172,-1,-1,-1
364,11837,718.50024,257.97903,71.65149,46.551727,0.82215285,-1,-1,-1
364,11835,653.2126,145.88603,57.6532,28.449875,0.8202311,-1,-1,-1
364,11886,1000.16034,148.29785,17.42688,30.816422,0.80569893,-1,-1,-1
364,11791,93.13249,164.23192,71.26756,33.995834,0.59288436,-1,-1,-1
364,11888,967.2821,304.36023,56.467224,77.455414,0.36173347,-1,-1,-1
365,11669,469.12238,87.343925,29.356964,39.22602,0.83844167,-1,-1,-1
365,11714,248.68045,235.70908,79.29538,37.004272,0.8308063,-1,-1,-1
365,11724,359.4215,221.384,76.42804,38.71991,0.8577344,-1,-1,-1
365,11759,188.44223,181.73634,76.36984,36.720474,0.8429877,-1,-1,-1
365,11706,127.7535,250.88872,104.38885,43.795395,0.85942566,-1,-1,-1
365,11802,432.08655,166.81349,74.01553,40.878403,0.85485095,-1,-1,-1
365,11789,0.0,223.1852,71.44691,43.07158,0.5443482,-1,-1,-1
365,11794,860.31067,235.42664,70.58038,36.493958,0.8257779,-1,-1,-1
365,11830,839.85657,284.66922,77.36597,40.730225,0.8429806,-1,-1,-1
365,11840,566.40173,188.11668,69.23114,34.746857,0.83367246,-1,-1,-1
365,11850,589.0074,270.36996,81.05701,41.278595,0.8010744,-1,-1,-1
365,11864,258.47958,270.58206,87.806274,44.201813,0.83921874,-1,-1,-1
365,11860,872.97253,137.25748,52.744507,26.307693,0.7860229,-1,-1,-1
365,11871,218.22356,342.67148,98.00444,49.84073,0.8374286,-1,-1,-1
365,11857,0.0,267.85837,36.699753,36.53961,0.5648344,-1,-1,-1
365,11876,917.2641,174.26541,54.84912,29.93332,0.8356548,-1,-1,-1
365,11837,723.14197,257.79172,72.26398,47.093903,0.82663774,-1,-1,-1
365,11835,649.833,146.25287,57.506042,28.35225,0.816477,-1,-1,-1
365,11886,998.9804,149.49277,18.165527,29.827698,0.8186059,-1,-1,-1
365,11791,85.0309,164.96779,71.30023,33.904495,0.6952006,-1,-1,-1
365,11888,967.3014,303.99844,56.69861,78.6521,0.42724723,-1,-1,-1
366,11669,468.84485,87.531395,29.654144,39.6817,0.8385861,-1,-1,-1
366,11714,247.40804,235.76118,82.13161,38.309708,0.8369172,-1,-1,-1
366,11724,359.43774,221.97594,76.45645,38.778824,0.8508237,-1,-1,-1
366,11759,182.47765,182.54361,77.0786,37.067642,0.82631534,-1,-1,-1
366,11706,128.02429,251.69434,103.88791,43.748566,0.85174084,-1,-1,-1
366,11802,427.57938,167.46584,73.79758,40.744827,0.84581715,-1,-1,-1
366,11789,0.0,224.36116,64.98685,42.407333,0.5151712,-1,-1,-1
366,11794,864.01105,235.20175,71.55438,36.927185,0.8063725,-1,-1,-1
366,11830,845.5738,284.8237,77.6781,40.86618,0.8441534,-1,-1,-1
366,11840,561.8194,189.47284,67.687195,34.02614,0.82125056,-1,-1,-1
366,11850,593.82574,270.65717,79.50464,40.52533,0.7995944,-1,-1,-1
366,11864,266.70636,270.64508,85.93005,43.17737,0.83915776,-1,-1,-1
366,11860,870.149,137.57353,53.239075,26.514725,0.6674786,-1,-1,-1
366,11871,226.05023,341.89456,98.67755,50.15689,0.8439077,-1,-1,-1
366,11857,0.0,268.376,36.74494,37.046387,0.4752007,-1,-1,-1
366,11876,912.96735,174.8329,55.788574,30.155792,0.8406372,-1,-1,-1
366,11837,726.8143,258.2531,72.26428,47.079987,0.8285085,-1,-1,-1
366,11835,646.0272,146.736,57.736206,28.404877,0.81985587,-1,-1,-1
366,11886,997.425,150.12715,19.443115,29.699692,0.82179314,-1,-1,-1
366,11791,75.84857,165.30226,72.50214,34.30258,0.66174823,-1,-1,-1
366,11888,967.9894,305.82303,56.01062,77.57178,0.5430209,-1,-1,-1
367,11669,468.8124,87.94296,29.588501,39.609222,0.8377198,-1,-1,-1
367,11714,246.34605,236.01714,84.33327,39.424515,0.8417918,-1,-1,-1
367,11724,359.92612,222.71263,75.048065,37.998825,0.85268295,-1,-1,-1
367,11759,176.36826,183.65134,76.7737,36.89241,0.84145147,-1,-1,-1
367,11706,127.12054,252.46901,103.858284,43.929764,0.8637822,-1,-1,-1
367,11802,422.3915,168.20851,73.18863,40.429474,0.8454042,-1,-1,-1
367,11789,0.0,226.3312,55.533436,38.7323,0.5333675,-1,-1,-1
367,11794,868.2566,235.304,71.98517,37.0493,0.8267235,-1,-1,-1
367,11830,850.6545,284.89963,77.31018,40.669495,0.8418417,-1,-1,-1
367,11840,557.8876,190.47186,67.02423,33.686707,0.8321206,-1,-1,-1
367,11850,600.4452,270.11804,82.674866,41.91104,0.7710987,-1,-1,-1
367,11864,273.5425,270.81326,85.13251,42.713074,0.831256,-1,-1,-1
367,11860,866.63074,137.28558,53.93805,26.913712,0.59930676,-1,-1,-1
367,11871,233.3419,342.32895,98.10182,49.904877,0.8327294,-1,-1,-1
367,11857,0.0,269.24942,36.406803,36.913116,0.43739563,-1,-1,-1
367,11876,909.57434,175.42363,56.016296,29.9133,0.8273937,-1,-1,-1
367,11837,730.48785,258.83276,72.49243,47.15262,0.83322054,-1,-1,-1
367,11835,642.12885,147.24466,57.672546,28.29628,0.82195514,-1,-1,-1
367,11886,996.1913,151.21068,20.382141,28.892792,0.84425634,-1,-1,-1
367,11791,68.120445,165.92047,73.2192,34.52437,0.5909902,-1,-1,-1
367,11888,969.16736,306.65646,54.83264,76.835205,0.35688683,-1,-1,-1
367,11892,68.20795,488.06726,51.524437,39.82794,0.6156045,-1,-1,-1
367,11893,0.0,196.98201,44.985157,30.574081,0.466915,-1,-1,-1
368,11669,468.78152,88.3327,29.37259,39.308342,0.840707,-1,-1,-1
368,11714,245.68584,237.00743,85.463486,40.14229,0.8510602,-1,-1,-1
368,11724,360.5201,223.47583,74.081726,37.417755,0.8584342,-1,-1,-1
368,11759,170.81288,184.48701,76.24954,36.58516,0.81995165,-1,-1,-1
368,11706,126.46491,253.03174,103.997765,44.193512,0.86426455,-1,-1,-1
368,11802,418.45096,169.08862,72.51062,39.94908,0.86238194,-1,-1,-1
368,11789,0.0,227.18025,47.23327,35.839493,0.6114649,-1,-1,-1
368,11794,873.5945,235.9912,70.0954,35.853897,0.8295303,-1,-1,-1
368,11830,856.3924,284.95554,77.13501,40.616577,0.84020835,-1,-1,-1
368,11840,552.80524,190.88278,67.31372,33.893204,0.83488756,-1,-1,-1
368,11850,605.881,269.98083,83.61139,42.19635,0.7722235,-1,-1,-1
368,11864,280.16287,270.7847,85.81851,43.046875,0.83874893,-1,-1,-1
368,11860,863.39874,137.43257,54.119385,27.091797,0.5989616,-1,-1,-1
368,11871,242.00551,342.1254,98.352005,49.980408,0.84351516,-1,-1,-1
368,11857,0.0,269.9715,35.643974,36.224,0.64231616,-1,-1,-1
368,11876,904.9685,175.95316,56.572327,29.899033,0.8406661,-1,-1,-1
368,11837,735.3616,259.24542,71.87695,46.79431,0.847236,-1,-1,-1
368,11835,638.9614,148.03719,56.431213,27.57637,0.80767465,-1,-1,-1
368,11886,994.5469,151.68806,21.541138,28.373184,0.81554455,-1,-1,-1
368,11791,59.51753,166.5905,72.95532,34.17421,0.66703093,-1,-1,-1
368,11888,971.201,306.5258,52.79901,77.11664,0.3581967,-1,-1,-1
368,11892,64.65585,489.76324,51.344467,39.680786,0.47188818,-1,-1,-1
369,11669,468.75235,88.51319,29.311249,39.2303,0.8399383,-1,-1,-1
369,11714,245.28033,237.2747,85.80228,40.475113,0.836398,-1,-1,-1
369,11724,360.52316,223.93604,73.75198,37.12207,0.85722953,-1,-1,-1
369,11759,164.68169,185.2248,76.695694,36.756012,0.8146138,-1,-1,-1
369,11706,126.14678,253.41957,104.60604,44.70723,0.855306,-1,-1,-1
369,11802,413.84946,169.81013,72.31653,39.78308,0.8550465,-1,-1,-1
369,11794,878.3744,236.55612,68.83374,34.954895,0.81652915,-1,-1,-1
369,11830,862.1488,284.9719,76.96838,40.517517,0.8430263,-1,-1,-1
369,11840,548.0549,191.3912,67.381165,33.921112,0.82766646,-1,-1,-1
369,11850,608.44275,270.149,82.64453,41.644257,0.7382114,-1,-1,-1
369,11864,287.24298,270.58878,85.87213,43.130676,0.8497426,-1,-1,-1
369,11860,860.3893,137.94319,53.63562,26.85048,0.7408376,-1,-1,-1
369,11871,250.20888,342.2562,98.046005,49.737396,0.84671366,-1,-1,-1
369,11857,0.0,270.58612,35.442352,36.423004,0.58863884,-1,-1,-1
369,11876,900.5926,176.5092,56.909607,29.775177,0.8332337,-1,-1,-1
369,11837,739.23035,259.61447,71.87683,46.840973,0.83832645,-1,-1,-1
369,11835,635.4828,148.59264,56.061584,27.27208,0.7974185,-1,-1,-1
369,11886,992.8185,151.99837,23.131714,28.446121,0.8139494,-1,-1,-1
369,11791,51.636887,167.77065,73.73051,34.38893,0.70556694,-1,-1,-1
369,11888,971.7796,305.8585,52.220398,78.56073,0.3840947,-1,-1,-1
369,11892,60.159706,492.01868,51.294212,39.629456,0.36879104,-1,-1,-1
369,11894,0.0,181.58165,36.662376,40.913162,0.35896268,-1,-1,-1
370,11669,468.91904,88.6769,29.17926,39.102577,0.84303534,-1,-1,-1
370,11714,245.30254,237.95961,85.00716,40.27449,0.8321879,-1,-1,-1
370,11724,360.2984,224.42973,73.25717,36.752182,0.8676829,-1,-1,-1
370,11759,158.60838,185.91327,77.20238,37.107666,0.72350353,-1,-1,-1
370,11706,125.56903,253.71935,104.37253,44.796158,0.8571723,-1,-1,-1
370,11802,408.574,169.9335,72.80109,39.937607,0.85361487,-1,-1,-1
370,11794,882.922,236.88011,68.9527,34.735245,0.82620037,-1,-1,-1
370,11830,867.7403,285.00632,76.57251,40.277313,0.8402733,-1,-1,-1
370,11840,542.07794,191.99524,68.039856,34.36821,0.8251724,-1,-1,-1
370,11850,612.3243,270.47833,81.72235,41.261322,0.69015324,-1,-1,-1
370,11864,293.55655,270.11362,86.93143,43.729614,0.8417126,-1,-1,-1
370,11860,857.90106,138.57121,53.35852,26.682251,0.7629224,-1,-1,-1
370,11871,257.3646,342.6307,97.63959,49.483337,0.8533861,-1,-1,-1
370,11857,0.0,271.2478,35.202896,36.70456,0.54251516,-1,-1,-1
370,11876,896.2108,176.95697,57.77423,29.993439,0.84171015,-1,-1,-1
370,11837,743.20575,259.88583,72.01196,46.92215,0.8389395,-1,-1,-1
370,11835,632.0136,149.48125,55.715576,26.961563,0.8028413,-1,-1,-1
370,11886,991.2206,152.20432,24.711426,28.484741,0.8168973,-1,-1,-1
370,11791,43.05098,168.28773,74.68109,34.814697,0.7118153,-1,-1,-1
370,11888,970.13306,305.77206,53.866943,79.4021,0.403549,-1,-1,-1
371,11669,468.80334,88.9861,28.982513,38.93187,0.8396948,-1,-1,-1
371,11714,245.28056,238.619,84.08891,39.953568,0.84047467,-1,-1,-1
371,11724,359.8791,224.83861,73.33734,36.693954,0.8745089,-1,-1,-1
371,11759,152.94144,186.92537,77.65596,37.22513,0.79415494,-1,-1,-1
371,11706,126.1349,254.33818,103.36888,44.550705,0.85078585,-1,-1,-1
371,11802,403.5796,170.67752,72.8598,39.874924,0.8465468,-1,-1,-1
371,11794,887.0921,236.99217,69.20557,34.688126,0.83207786,-1,-1,-1
371,11830,873.3271,285.2796,76.28265,40.1362,0.831907,-1,-1,-1
371,11840,536.588,192.64796,67.78833,34.41931,0.8031419,-1,-1,-1
371,11850,616.64966,270.54517,83.61096,42.261475,0.7131968,-1,-1,-1
371,11864,300.85608,269.9967,87.4646,44.138763,0.84454805,-1,-1,-1
371,11860,855.40656,139.27722,53.483093,26.656113,0.7327833,-1,-1,-1
371,11871,265.59647,342.55664,96.892,48.913177,0.8399972,-1,-1,-1
371,11857,0.0,271.9892,34.849197,36.978058,0.6840748,-1,-1,-1
371,11876,892.6564,177.60405,57.78247,29.76509,0.8645704,-1,-1,-1
371,11837,747.5686,260.015,72.62903,47.394806,0.8610781,-1,-1,-1
371,11835,628.3613,150.2927,55.62854,26.840012,0.80370545,-1,-1,-1
371,11886,989.44855,152.67911,26.230042,28.359924,0.813545,-1,-1,-1
371,11791,34.757347,168.9913,74.80235,34.73436,0.7116182,-1,-1,-1
371,11888,970.653,305.97,53.346985,79.17343,0.29015735,-1,-1,-1
372,11669,468.92004,89.177284,28.819855,38.79548,0.84113866,-1,-1,-1
372,11714,245.18698,239.21973,83.44122,39.758636,0.8465474,-1,-1,-1
372,11724,359.59116,225.21037,73.183014,36.48912,0.8679689,-1,-1,-1
372,11759,146.49072,187.2773,78.74957,37.689865,0.80684,-1,-1,-1
372,11706,125.86527,254.7756,103.10003,44.602753,0.85375756,-1,-1,-1
372,11802,398.4435,171.03752,73.698975,40.335938,0.8502035,-1,-1,-1
372,11794,890.87006,237.1202,69.76727,34.817734,0.8128151,-1,-1,-1
372,11830,879.29095,285.37943,76.380615,40.17285,0.8340725,-1,-1,-1
372,11840,532.93567,193.63281,67.04895,34.0645,0.816859,-1,-1,-1
372,11850,620.3857,270.73206,83.93085,42.507965,0.7562317,-1,-1,-1
372,11864,306.56213,269.83136,87.213135,43.99411,0.84961206,-1,-1,-1
372,11860,851.6467,140.26941,53.542236,26.402649,0.7471089,-1,-1,-1
372,11871,273.1129,342.5576,96.3324,48.504517,0.84324163,-1,-1,-1
372,11857,0.0,272.39838,34.637207,37.229828,0.71626353,-1,-1,-1
372,11876,888.238,178.3642,58.555725,29.867432,0.85243833,-1,-1,-1
372,11837,752.3299,260.52817,72.03265,47.040527,0.84962666,-1,-1,-1
372,11835,625.0591,150.92058,54.82135,26.278717,0.78551865,-1,-1,-1
372,11886,987.542,153.05362,27.98761,28.468765,0.81857806,-1,-1,-1
372,11791,25.821602,170.658,75.30754,34.754227,0.8138356,-1,-1,-1
372,11888,972.31586,313.15363,51.315247,72.36603,0.34282225,-1,-1,-1
373,11669,469.15506,89.28587,28.724182,38.76924,0.84588844,-1,-1,-1
373,11714,245.20491,239.63069,82.50664,39.410202,0.84908843,-1,-1,-1
373,11724,359.6003,225.39854,72.884735,36.24553,0.8692732,-1,-1,-1
373,11759,138.94594,187.71854,79.46498,38.149597,0.82811314,-1,-1,-1
373,11706,125.61317,255.16808,102.375786,44.45253,0.8521937,-1,-1,-1
373,11802,393.94885,171.46655,73.12558,39.928757,0.88600945,-1,-1,-1
373,11794,894.27625,236.68404,71.93689,35.835617,0.82482064,-1,-1,-1
373,11830,885.3017,285.67856,76.40936,40.130463,0.8369426,-1,-1,-1
373,11840,528.2962,194.26666,67.29767,34.201096,0.8477973,-1,-1,-1
373,11850,624.78033,270.23303,83.64642,42.523956,0.7641166,-1,-1,-1
373,11864,314.06757,269.87265,87.08533,44.066986,0.85107327,-1,-1,-1
373,11860,848.6336,140.82867,53.522766,26.191208,0.77578497,-1,-1,-1
373,11871,280.94193,342.52576,95.36737,47.79068,0.8529328,-1,-1,-1
373,11857,0.0,272.6809,34.51426,37.769623,0.74788845,-1,-1,-1
373,11876,883.8625,179.15176,58.835022,29.781708,0.84256804,-1,-1,-1
373,11837,756.84314,260.933,71.62518,46.74408,0.84475625,-1,-1,-1
373,11835,620.27734,151.18869,55.24469,26.316544,0.7722964,-1,-1,-1
373,11886,985.95294,153.4648,29.4281,28.195969,0.8281631,-1,-1,-1
373,11791,17.320625,171.39738,76.36065,35.01648,0.8127495,-1,-1,-1
373,11888,974.71277,320.96765,46.585266,64.70438,0.32909012,-1,-1,-1
374,11669,469.16248,89.41033,28.644257,38.726585,0.84803075,-1,-1,-1
374,11714,245.25441,240.08432,81.51738,38.99582,0.84614325,-1,-1,-1
374,11724,359.76028,225.82864,72.631165,36.024384,0.89080656,-1,-1,-1
374,11759,133.15523,188.71819,78.97948,38.001938,0.8121623,-1,-1,-1
374,11706,125.9331,256.0731,100.503685,43.75705,0.8661457,-1,-1,-1
374,11802,388.6613,171.9128,74.25595,40.5307,0.84580845,-1,-1,-1
374,11794,898.8875,237.13307,70.949585,35.222885,0.822639,-1,-1,-1
374,11830,890.0924,285.66208,76.62439,40.26178,0.83797085,-1,-1,-1
374,11840,523.2162,194.9079,67.75342,34.43405,0.8451733,-1,-1,-1
374,11850,627.2981,268.94843,87.83472,45.023254,0.8110481,-1,-1,-1
374,11864,320.542,269.98712,86.26239,43.650513,0.84419036,-1,-1,-1
374,11860,847.0609,141.32866,52.995483,25.88713,0.81569546,-1,-1,-1
374,11871,288.07675,342.33966,95.09738,47.53943,0.84941626,-1,-1,-1
374,11857,0.0,273.13495,34.515846,38.544098,0.71724695,-1,-1,-1
374,11876,879.67926,179.55197,59.253845,29.83722,0.8453196,-1,-1,-1
374,11837,760.8997,261.3757,71.90289,46.902557,0.85398036,-1,-1,-1
374,11835,614.7873,151.56325,56.08264,26.466278,0.7992355,-1,-1,-1
374,11886,983.81793,153.72795,31.476685,28.540848,0.82413596,-1,-1,-1
374,11791,7.802156,171.20042,79.00484,36.119858,0.80652684,-1,-1,-1
374,11888,974.315,321.85925,47.184753,64.96805,0.27024338,-1,-1,-1
375,11669,469.0898,89.53254,28.657837,38.791985,0.8448605,-1,-1,-1
375,11714,244.46812,240.46802,82.50954,39.55713,0.8449393,-1,-1,-1
375,11724,359.11453,226.56723,73.240906,36.248627,0.8410988,-1,-1,-1
375,11759,127.44573,189.88232,77.88949,37.56357,0.81738275,-1,-1,-1
375,11706,125.32886,256.83054,100.32674,43.72165,0.8503876,-1,-1,-1
375,11802,383.51535,172.65155,73.8775,40.233093,0.86724716,-1,-1,-1
375,11794,903.2312,237.33034,70.77496,34.99376,0.80082285,-1,-1,-1
375,11830,895.76025,285.57684,76.81012,40.351257,0.8478059,-1,-1,-1
375,11840,517.8746,195.18228,68.88751,35.073624,0.8440677,-1,-1,-1
375,11850,632.1689,268.53253,86.94183,44.733276,0.774346,-1,-1,-1
375,11864,328.3805,270.52414,86.28085,43.80374,0.840642,-1,-1,-1
375,11860,844.6601,141.73451,53.11084,25.882538,0.8101803,-1,-1,-1
375,11871,297.39688,342.2696,95.12192,47.293945,0.84809256,-1,-1,-1
375,11857,0.0,273.16605,34.480217,39.574524,0.71670663,-1,-1,-1
375,11876,875.28375,179.96875,59.732178,29.898605,0.8509625,-1,-1,-1
375,11837,765.2932,262.17313,70.953186,46.19226,0.8500159,-1,-1,-1
375,11835,609.63654,152.17033,56.28723,26.197372,0.7242972,-1,-1,-1
375,11886,982.08655,154.0251,33.21936,28.510101,0.82468706,-1,-1,-1
375,11791,0.29695356,171.79662,80.06366,36.657654,0.7969241,-1,-1,-1
375,11888,975.1256,324.91666,45.978027,62.530365,0.2862614,-1,-1,-1
376,11669,468.88037,89.64396,28.619995,38.82026,0.8407907,-1,-1,-1
376,11714,243.6658,241.01491,83.62668,40.22145,0.8408758,-1,-1,-1
376,11724,359.40073,227.1765,72.70038,35.837357,0.8380494,-1,-1,-1
376,11759,121.27658,191.06808,77.09392,37.276855,0.81947255,-1,-1,-1
376,11706,125.029366,257.2274,100.14756,43.673553,0.85484797,-1,-1,-1
376,11802,377.6207,173.38458,74.17749,40.38852,0.8863594,-1,-1,-1
376,11794,906.47833,236.80133,73.12512,36.243835,0.8183439,-1,-1,-1
376,11830,900.77484,285.60358,76.759094,40.3732,0.8276946,-1,-1,-1
376,11840,513.01355,195.42969,69.30139,35.309677,0.8400927,-1,-1,-1
376,11850,639.24414,269.5621,83.093506,42.74359,0.8072689,-1,-1,-1
376,11864,334.96063,270.56747,86.30713,43.93045,0.8451296,-1,-1,-1
376,11860,842.5041,142.26967,52.76367,25.60704,0.8101584,-1,-1,-1
376,11871,305.21524,341.8434,95.25552,47.111755,0.84358454,-1,-1,-1
376,11857,0.0,273.8781,33.983997,39.714935,0.7101596,-1,-1,-1
376,11876,870.27527,180.46852,60.284912,30.075287,0.8425274,-1,-1,-1
376,11837,769.5373,262.6297,70.80798,45.98108,0.8495576,-1,-1,-1
376,11835,602.84973,151.04607,60.158325,27.857971,0.745385,-1,-1,-1
376,11886,980.09094,154.30066,35.05847,28.642319,0.85038865,-1,-1,-1
376,11791,0.0,172.41612,74.45744,36.26825,0.7669325,-1,-1,-1
376,11888,974.7451,324.9884,46.696716,62.924408,0.2624741,-1,-1,-1
376,11900,598.3112,138.44914,70.796265,40.615524,0.59314746,-1,-1,-1
377,11669,468.84436,89.87376,28.547241,38.777245,0.84812677,-1,-1,-1
377,11714,243.42467,241.71887,83.88661,40.488007,0.86300826,-1,-1,-1
377,11724,359.5042,227.82913,72.438324,35.56308,0.8362916,-1,-1,-1
377,11759,115.417244,191.9643,76.567924,37.075012,0.8276987,-1,-1,-1
377,11706,124.56422,257.5261,100.78861,44.091003,0.8549019,-1,-1,-1
377,11802,372.98596,174.43016,73.94061,40.232758,0.84281945,-1,-1,-1
377,11794,911.05524,237.1086,72.86383,36.11479,0.81921935,-1,-1,-1
377,11830,906.42163,285.5488,77.61029,40.88553,0.83499944,-1,-1,-1
377,11840,507.56476,195.92773,69.23688,35.34172,0.8379315,-1,-1,-1
377,11850,643.86597,270.28473,82.012085,42.10843,0.8264562,-1,-1,-1
377,11864,342.06567,270.5834,86.13202,43.998383,0.83439904,-1,-1,-1
377,11860,839.66595,142.48859,53.757324,26.068527,0.83447015,-1,-1,-1
377,11871,311.42035,341.86386,94.27109,46.70581,0.85188806,-1,-1,-1
377,11857,0.0,274.83408,33.459896,39.428497,0.74139327,-1,-1,-1
377,11876,865.6651,180.7357,61.203064,30.441864,0.8504948,-1,-1,-1
377,11837,773.3832,263.05286,71.00836,46.031403,0.85934746,-1,-1,-1
377,11835,597.52094,150.19913,63.043213,29.207184,0.7594464,-1,-1,-1
377,11886,977.97375,154.4869,37.15381,29.029617,0.8331826,-1,-1,-1
377,11791,0.0,173.24626,68.036865,36.120102,0.76066136,-1,-1,-1
377,11900,594.05865,137.19307,72.9043,41.91826,0.7380768,-1,-1,-1
378,11669,468.57446,90.08065,28.596222,38.879982,0.847648,-1,-1,-1
378,11714,243.33292,242.27914,84.14755,40.71454,0.8401297,-1,-1,-1
378,11724,360.419,228.34317,70.930145,34.595184,0.8344402,-1,-1,-1
378,11759,109.13291,192.47467,76.8131,37.28868,0.7613265,-1,-1,-1
378,11706,123.97109,257.88632,101.378456,44.407013,0.83737665,-1,-1,-1
378,11802,368.94296,175.55867,72.90338,39.522736,0.8533123,-1,-1,-1
378,11794,914.5143,237.08987,74.78497,37.13034,0.80759805,-1,-1,-1
378,11830,911.74316,285.6212,77.85504,41.00415,0.8220843,-1,-1,-1
378,11840,502.942,196.86938,68.70822,35.081314,0.84717286,-1,-1,-1
378,11850,650.3654,270.40564,80.326416,41.18213,0.8047217,-1,-1,-1
378,11864,348.54022,270.27322,86.03424,44.082428,0.8383819,-1,-1,-1
378,11860,835.7144,142.6191,54.656433,26.527908,0.8229305,-1,-1,-1
378,11871,318.71436,342.0223,95.340454,47.122192,0.8282156,-1,-1,-1
378,11857,0.0,275.23248,33.2681,39.54666,0.72845143,-1,-1,-1
378,11876,861.49335,181.0639,61.836975,30.683487,0.8620075,-1,-1,-1
378,11837,778.91296,263.47577,70.07117,45.306396,0.8478881,-1,-1,-1
378,11835,592.6732,149.843,64.86255,30.14267,0.7497413,-1,-1,-1
378,11886,975.81604,154.77634,39.276184,29.44159,0.84287155,-1,-1,-1
378,11791,0.0,173.48032,63.420696,37.197144,0.72798324,-1,-1,-1
378,11900,584.12714,131.99767,81.91229,47.4413,0.38763666,-1,-1,-1
379,11669,468.38324,90.20759,28.839233,39.217247,0.8342529,-1,-1,-1
379,11714,243.67836,242.87285,83.48512,40.47493,0.8549162,-1,-1,-1
379,11724,360.2471,228.82086,70.76483,34.387665,0.83784753,-1,-1,-1
379,11759,101.60539,192.98323,77.72998,37.715256,0.8423172,-1,-1,-1
379,11706,122.86844,258.54193,102.01892,44.858307,0.8329326,-1,-1,-1
379,11802,362.69794,176.19647,73.29611,39.61458,0.8537366,-1,-1,-1
379,11794,919.18005,237.29938,74.409485,36.93463,0.8123996,-1,-1,-1
379,11830,917.8948,285.57715,77.76367,40.880524,0.8312074,-1,-1,-1
379,11840,498.16724,197.59688,68.78912,35.117813,0.8592312,-1,-1,-1
379,11850,655.19147,270.58795,79.00366,40.529694,0.8117335,-1,-1,-1
379,11864,355.54004,270.14905,86.58725,44.578613,0.8281913,-1,-1,-1
379,11860,832.5757,142.8393,54.987,26.66861,0.8274125,-1,-1,-1
379,11871,326.6172,341.88138,95.59042,47.26538,0.85502714,-1,-1,-1
379,11857,0.0,276.156,32.855568,39.295288,0.72911197,-1,-1,-1
379,11876,856.56396,181.30653,63.03766,31.295792,0.8552946,-1,-1,-1
379,11837,783.0548,263.94022,70.285034,45.3992,0.8472566,-1,-1,-1
379,11835,590.4651,151.65662,62.415405,29.049484,0.7802479,-1,-1,-1
379,11886,973.7199,155.25232,41.124756,29.539276,0.82835764,-1,-1,-1
379,11791,0.0,173.80234,57.752834,36.95752,0.74733967,-1,-1,-1
380,11669,468.33084,90.38054,28.869263,39.21924,0.8338201,-1,-1,-1
380,11714,243.45372,243.4835,83.40645,40.47261,0.8465133,-1,-1,-1
380,11724,358.93167,229.2111,72.79489,35.30406,0.84711635,-1,-1,-1
380,11759,94.752365,193.36905,78.20351,37.86972,0.88673455,-1,-1,-1
380,11706,122.59207,259.34058,101.21802,44.535034,0.8261402,-1,-1,-1
380,11802,357.15018,176.78409,74.45328,40.172546,0.8502232,-1,-1,-1
380,11794,924.166,237.79591,72.80377,36.031235,0.8019408,-1,-1,-1
380,11830,923.70605,285.58893,77.4845,40.68634,0.8226781,-1,-1,-1
380,11840,492.94318,198.39233,69.380066,35.487747,0.8462573,-1,-1,-1
380,11850,662.0383,270.98883,76.74481,39.44516,0.80070037,-1,-1,-1
380,11864,363.21994,269.8678,84.49573,43.50116,0.84593993,-1,-1,-1
380,11860,830.01746,143.2814,54.52234,26.350128,0.82486516,-1,-1,-1
380,11871,333.83356,341.4902,97.060455,48.073395,0.82233703,-1,-1,-1
380,11857,0.0,276.7317,32.55854,39.327515,0.73325866,-1,-1,-1
380,11876,852.48413,181.71959,63.253235,31.383316,0.8413904,-1,-1,-1
380,11837,786.8218,264.54996,70.80542,45.62442,0.8864661,-1,-1,-1
380,11835,587.0175,152.37888,61.885437,28.845795,0.7929417,-1,-1,-1
380,11886,971.4708,155.64977,42.310547,29.240463,0.8357475,-1,-1,-1
380,11894,2.92186,175.2894,33.05407,35.47928,0.46806705,-1,-1,-1
380,11888,973.0361,325.27158,50.96393,71.22708,0.2773036,-1,-1,-1
381,11669,468.33215,90.619865,28.826782,39.073814,0.8323445,-1,-1,-1
381,11714,243.68466,243.98795,83.54996,40.618286,0.86060023,-1,-1,-1
381,11724,358.1846,229.5334,73.92169,35.855698,0.8501081,-1,-1,-1
381,11759,87.23205,194.0919,79.60328,38.44426,0.8659019,-1,-1,-1
381,11706,122.32022,260.16467,100.38829,44.172882,0.86205775,-1,-1,-1
381,11802,353.1103,177.37384,74.29547,40.007217,0.85879886,-1,-1,-1
381,11794,928.14795,237.64867,74.11389,36.68605,0.79766315,-1,-1,-1
381,11830,928.43207,285.6656,77.36926,40.65439,0.8252437,-1,-1,-1
381,11840,487.9883,199.01538,69.46835,35.5394,0.85154706,-1,-1,-1
381,11850,667.55566,271.23065,76.391785,39.256256,0.7679116,-1,-1,-1
381,11864,370.6358,269.87656,83.06174,42.70938,0.8399731,-1,-1,-1
381,11860,827.0705,143.39569,55.039734,26.554337,0.8319542,-1,-1,-1
381,11871,341.41223,341.03745,96.40701,47.86615,0.84115565,-1,-1,-1
381,11857,0.0,277.5001,32.113426,39.33249,0.70484805,-1,-1,-1
381,11876,848.4298,182.07881,63.219116,31.315598,0.85549015,-1,-1,-1
381,11837,791.3938,264.57895,70.97833,45.743866,0.8426779,-1,-1,-1
381,11835,583.2337,152.784,61.588135,28.75,0.78983873,-1,-1,-1
381,11886,969.17706,156.20616,43.403748,28.933014,0.83309895,-1,-1,-1
381,11894,0.0,173.44035,33.9167,37.52478,0.49684477,-1,-1,-1
381,11888,973.83606,330.4638,50.16394,70.260254,0.32109004,-1,-1,-1
382,11669,468.38824,90.98599,28.786987,38.945877,0.8338693,-1,-1,-1
382,11714,243.44044,244.48973,83.92836,40.871872,0.8518787,-1,-1,-1
382,11724,357.99524,229.79262,74.26886,36.01219,0.8390173,-1,-1,-1
382,11759,80.01599,194.28084,81.45828,39.357376,0.85594994,-1,-1,-1
382,11706,122.024284,261.00037,99.93287,43.922546,0.8421274,-1,-1,-1
382,11802,347.97623,177.95605,75.1882,40.475082,0.8496635,-1,-1,-1
382,11794,932.80756,237.87645,74.31677,36.800186,0.79632246,-1,-1,-1
382,11830,934.413,285.8101,77.150635,40.48535,0.8330278,-1,-1,-1
382,11840,482.70352,199.6819,69.00723,35.31047,0.83828014,-1,-1,-1
382,11850,670.69745,271.3696,77.062256,39.694366,0.7301208,-1,-1,-1
382,11864,377.5583,269.74667,82.95044,42.695343,0.8545077,-1,-1,-1
382,11860,823.9094,143.76295,55.611877,26.818436,0.83666354,-1,-1,-1
382,11871,349.35477,341.08987,95.008484,47.191864,0.84869975,-1,-1,-1
382,11857,0.0,277.49786,31.593605,39.3461,0.66038245,-1,-1,-1
382,11876,843.3927,182.70201,63.739075,31.54773,0.84654516,-1,-1,-1
382,11837,795.6222,264.76062,71.204834,45.783295,0.83993256,-1,-1,-1
382,11835,578.85645,153.02138,61.663208,28.870544,0.7780949,-1,-1,-1
382,11886,966.6741,156.273,45.121033,29.300827,0.82650536,-1,-1,-1
382,11888,974.3417,332.3226,49.658325,71.05643,0.33498818,-1,-1,-1
383,11669,468.4174,91.31811,28.632233,38.660393,0.8337666,-1,-1,-1
383,11714,242.98294,245.05904,83.99585,41.000656,0.8512792,-1,-1,-1
383,11724,357.963,230.38982,73.98462,35.8087,0.84056157,-1,-1,-1
383,11759,72.89286,195.04317,82.17486,39.73442,0.8607312,-1,-1,-1
383,11706,121.436134,261.32346,100.0077,43.8743,0.84231937,-1,-1,-1
383,11802,342.95184,178.5204,75.66397,40.710846,0.85748214,-1,-1,-1
383,11794,937.1532,238.59183,72.84961,36.020996,0.78366506,-1,-1,-1
383,11830,938.51587,285.6597,77.77014,40.90146,0.81670433,-1,-1,-1
383,11840,477.45026,200.28008,68.58508,35.070114,0.82420915,-1,-1,-1
383,11850,674.7079,271.50607,76.42474,39.38257,0.7681555,-1,-1,-1
383,11864,384.15674,269.60934,82.8118,42.671448,0.84175444,-1,-1,-1
383,11860,820.799,143.90367,56.561646,27.234665,0.82917047,-1,-1,-1
383,11871,357.33432,340.94495,93.131134,46.17688,0.82298934,-1,-1,-1
383,11857,0.0,278.4291,30.734055,38.270935,0.63349265,-1,-1,-1
383,11876,839.00854,182.9038,64.30145,31.74704,0.84554577,-1,-1,-1
383,11837,799.55304,265.2828,71.30286,45.747406,0.8689828,-1,-1,-1
383,11835,574.7373,153.30124,61.44763,28.820938,0.8073619,-1,-1,-1
383,11886,963.62585,156.3237,46.71582,29.633392,0.82972765,-1,-1,-1
383,11888,974.994,333.00513,49.00598,71.08493,0.35573402,-1,-1,-1
384,11669,468.2176,91.696236,28.539246,38.516685,0.8523419,-1,-1,-1
384,11714,242.71028,245.74345,83.90102,41.046616,0.8505981,-1,-1,-1
384,11724,357.48724,230.80356,74.8367,36.231262,0.84696156,-1,-1,-1
384,11759,67.804375,196.22713,81.21479,39.21855,0.8502713,-1,-1,-1
384,11706,120.55735,261.7893,101.165794,44.392914,0.8423135,-1,-1,-1
384,11802,336.73682,179.0684,75.84683,40.728287,0.8304569,-1,-1,-1
384,11794,941.21246,238.71588,73.89838,36.555206,0.7997608,-1,-1,-1
384,11830,943.57227,285.537,78.00647,41.182983,0.82753575,-1,-1,-1
384,11840,472.65332,200.6055,69.13556,35.288757,0.85368264,-1,-1,-1
384,11850,679.33435,271.4651,77.578735,40.05356,0.6946671,-1,-1,-1
384,11864,390.5859,269.37613,83.28137,43.051544,0.8542263,-1,-1,-1
384,11860,817.8969,144.0513,57.618225,27.740631,0.8361335,-1,-1,-1
384,11871,363.28348,341.07138,94.46359,46.865234,0.83565986,-1,-1,-1
384,11857,0.0,279.35938,30.603825,38.450684,0.6131587,-1,-1,-1
384,11876,834.77435,183.6311,64.098694,31.600204,0.84409976,-1,-1,-1
384,11837,803.5539,265.33243,71.921326,46.142242,0.84439766,-1,-1,-1
384,11835,569.684,153.62997,63.273438,29.92981,0.8436507,-1,-1,-1
384,11886,961.72986,156.63916,47.50049,29.487015,0.83622885,-1,-1,-1
384,11888,975.9503,333.66016,48.049683,70.312195,0.3310828,-1,-1,-1
385,11669,467.9045,91.82051,28.868011,39.006454,0.8334296,-1,-1,-1
385,11714,242.5802,246.3312,83.42215,40.849518,0.8462332,-1,-1,-1
385,11724,356.7308,231.29134,75.7009,36.70073,0.8488816,-1,-1,-1
385,11759,61.23599,196.88661,82.04483,39.39882,0.8347705,-1,-1,-1
385,11706,119.573074,262.06186,102.08435,44.81253,0.84177333,-1,-1,-1
385,11802,331.63736,180.08377,75.93704,40.714752,0.8698173,-1,-1,-1
385,11794,945.3205,238.95602,73.46124,36.30484,0.79190034,-1,-1,-1
385,11830,947.648,285.59866,76.35199,41.437286,0.821277,-1,-1,-1
385,11840,467.63934,201.18831,69.31409,35.375397,0.8722798,-1,-1,-1
385,11850,682.131,271.42184,79.05145,40.954956,0.77954733,-1,-1,-1
385,11864,397.05856,269.42487,83.565094,43.329285,0.84368247,-1,-1,-1
385,11860,814.9546,144.36235,57.41028,27.645996,0.8335543,-1,-1,-1
385,11871,370.0491,340.71884,94.57263,46.897156,0.8494576,-1,-1,-1
385,11857,0.0,280.57663,30.291094,38.71643,0.57376194,-1,-1,-1
385,11876,829.96124,184.41202,63.927185,31.471237,0.83110285,-1,-1,-1
385,11837,807.37976,265.3854,72.0423,46.14673,0.8495508,-1,-1,-1
385,11835,565.81006,154.32646,62.693237,29.759232,0.8156259,-1,-1,-1
385,11886,959.9898,157.24954,47.68158,28.947433,0.8190258,-1,-1,-1
385,11888,976.65753,333.17734,47.34247,70.17267,0.28125954,-1,-1,-1
386,11669,467.76044,91.98308,28.969604,39.19986,0.83563817,-1,-1,-1
386,11714,242.28123,246.83856,83.476974,40.872894,0.8426048,-1,-1,-1
386,11724,356.52966,231.67677,76.04364,36.936295,0.8437673,-1,-1,-1
386,11759,54.833595,197.58984,82.77541,39.576492,0.8190345,-1,-1,-1
386,11706,118.93705,262.65604,102.44999,45.01776,0.84689367,-1,-1,-1
386,11802,326.85648,180.65845,75.937744,40.597458,0.8570632,-1,-1,-1
386,11794,948.99927,239.29832,73.42987,36.36812,0.79825926,-1,-1,-1
386,11830,952.0704,285.80008,71.92963,41.01349,0.8134697,-1,-1,-1
386,11840,462.51096,201.88307,69.04941,35.208893,0.85201377,-1,-1,-1
386,11850,686.83014,271.44238,79.212585,41.22876,0.8236756,-1,-1,-1
386,11864,403.36047,269.4786,83.524414,43.440216,0.85142475,-1,-1,-1
386,11860,811.25836,144.48058,58.067505,28.034973,0.81911707,-1,-1,-1
386,11871,377.03067,340.44232,94.789154,47.093292,0.846732,-1,-1,-1
386,11857,0.0,281.2242,29.965153,39.175903,0.57009107,-1,-1,-1
386,11876,825.9889,184.80914,64.26483,31.57434,0.84192485,-1,-1,-1
386,11837,811.3216,265.8937,71.92938,46.02356,0.8337318,-1,-1,-1
386,11835,561.44037,154.56924,63.28241,30.251587,0.81741655,-1,-1,-1
386,11886,957.23114,157.60283,48.843628,29.036545,0.81301755,-1,-1,-1
386,11888,977.4845,333.13403,46.515503,69.69141,0.28878117,-1,-1,-1
387,11669,467.88712,92.004265,29.281342,39.701607,0.8505022,-1,-1,-1
387,11714,241.49484,247.09685,84.282166,41.282944,0.8353542,-1,-1,-1
387,11724,356.70474,232.11217,75.646576,36.790665,0.8502875,-1,-1,-1
387,11759,48.059612,198.53523,82.80997,39.447296,0.8211171,-1,-1,-1
387,11706,118.47099,263.0073,102.88483,45.279816,0.8444277,-1,-1,-1
387,11802,321.4989,181.27753,75.9686,40.595276,0.8565559,-1,-1,-1
387,11794,952.14124,238.95665,71.858765,36.912613,0.8046548,-1,-1,-1
387,11830,955.628,285.58487,68.37201,41.32892,0.7835775,-1,-1,-1
387,11840,456.99863,202.44347,68.93417,35.183838,0.84447485,-1,-1,-1
387,11850,692.8649,271.41907,77.521545,40.293427,0.83854735,-1,-1,-1
387,11864,409.2498,269.2862,83.63522,43.528717,0.8442585,-1,-1,-1
387,11860,807.6283,144.45758,58.777954,28.488937,0.81836724,-1,-1,-1
387,11871,385.3113,339.66748,94.84213,47.230255,0.84325534,-1,-1,-1
387,11857,0.0,281.66367,29.622084,39.676575,0.57010674,-1,-1,-1
387,11876,821.6225,185.17725,64.33081,31.579208,0.85163385,-1,-1,-1
387,11837,815.6646,266.449,71.51648,45.74414,0.84966093,-1,-1,-1
387,11835,556.9424,154.8135,63.474182,30.592575,0.8119278,-1,-1,-1
387,11886,954.4869,158.15086,49.166626,28.692932,0.82383704,-1,-1,-1
387,11888,977.7837,333.49268,46.21631,69.790436,0.29924396,-1,-1,-1
387,11905,1015.34094,137.5843,7.7956543,24.224045,0.53300416,-1,-1,-1
388,11669,467.86203,92.213455,29.22403,39.72032,0.85232633,-1,-1,-1
388,11714,240.72298,247.11552,85.31569,41.82469,0.8308918,-1,-1,-1
388,11724,355.06937,232.46124,77.55832,37.92514,0.8423515,-1,-1,-1
388,11759,41.32242,199.30934,82.66918,39.190643,0.7619969,-1,-1,-1
388,11706,117.57726,263.4481,103.6459,45.688232,0.8463885,-1,-1,-1
388,11802,314.9809,181.46356,76.6286,40.898422,0.8587271,-1,-1,-1
388,11794,955.4329,238.99855,68.56708,36.053177,0.8042766,-1,-1,-1
388,11830,958.4889,285.1585,65.51111,41.701996,0.785534,-1,-1,-1
388,11840,451.88788,203.40549,68.88263,35.09407,0.85866165,-1,-1,-1
388,11850,697.8996,271.61594,76.77557,39.789825,0.85207486,-1,-1,-1
388,11864,415.68262,269.47238,83.5744,43.519745,0.84954906,-1,-1,-1
388,11860,804.40564,144.534,59.123108,28.781174,0.81043583,-1,-1,-1
388,11871,392.11343,339.7366,94.61627,46.937897,0.84872776,-1,-1,-1
388,11857,0.0,282.24573,28.882456,39.711334,0.5581447,-1,-1,-1
388,11876,816.4963,185.57578,65.01593,31.95787,0.84508663,-1,-1,-1
388,11837,820.141,266.91895,71.74017,45.782074,0.8559858,-1,-1,-1
388,11835,553.4188,155.54063,62.176514,30.012085,0.8292719,-1,-1,-1
388,11886,952.60767,158.64133,49.396484,28.397552,0.82124,-1,-1,-1
388,11888,978.2585,334.11185,45.741516,69.70694,0.28733066,-1,-1,-1
388,11905,1014.35175,140.3061,7.5689697,23.219513,0.59913063,-1,-1,-1
389,11669,468.14716,92.584755,29.013458,39.56559,0.83374727,-1,-1,-1
389,11714,240.0314,247.47115,84.967804,41.672745,0.85069764,-1,-1,-1
389,11724,354.3099,232.74272,78.40277,38.510788,0.8360871,-1,-1,-1
389,11759,34.43121,200.1849,82.34566,38.97986,0.7504203,-1,-1,-1
389,11706,116.852455,263.8024,104.64234,46.25479,0.8521792,-1,-1,-1
389,11802,309.79425,181.83504,77.19693,41.204712,0.85157084,-1,-1,-1
389,11794,958.4051,239.04337,65.59491,35.89789,0.7836066,-1,-1,-1
389,11830,962.0821,284.82184,61.917908,41.88617,0.78963697,-1,-1,-1
389,11840,447.29355,204.33008,68.391754,34.775192,0.85667187,-1,-1,-1
389,11850,702.0493,271.6512,77.22186,40.081726,0.83469766,-1,-1,-1
389,11864,422.2161,269.4559,83.24994,43.331177,0.84090656,-1,-1,-1
389,11860,802.0072,144.78835,58.76239,28.655914,0.78811485,-1,-1,-1
389,11871,397.87653,339.67194,95.5159,47.193237,0.8575034,-1,-1,-1
389,11857,0.0,282.23987,27.482815,37.764557,0.57159895,-1,-1,-1
389,11876,812.36975,185.8391,65.17047,31.981506,0.8482304,-1,-1,-1
389,11837,824.7292,267.60474,71.032166,45.30017,0.8523402,-1,-1,-1
389,11835,549.09973,155.99684,62.24878,30.130035,0.8113675,-1,-1,-1
389,11886,950.4849,158.86356,50.27533,28.473358,0.8382182,-1,-1,-1
389,11888,979.5048,335.0128,44.49518,68.17264,0.3155207,-1,-1,-1
389,11905,1012.7528,139.08972,8.266357,24.814804,0.62866795,-1,-1,-1
390,11669,468.04724,92.98348,28.96878,39.569756,0.8347207,-1,-1,-1
390,11714,239.64659,248.01869,84.99193,41.733627,0.8553782,-1,-1,-1
390,11724,354.10883,233.44736,78.64111,38.744537,0.8495748,-1,-1,-1
390,11759,28.281422,201.24861,81.7731,38.61081,0.75179124,-1,-1,-1
390,11706,116.916855,264.6287,103.851654,45.943787,0.8454293,-1,-1,-1
390,11802,304.26154,182.44133,77.19879,41.2054,0.8547769,-1,-1,-1
390,11794,961.87006,239.03717,62.129944,35.151764,0.7728923,-1,-1,-1
390,11830,965.3965,284.1183,58.603516,42.284363,0.7596641,-1,-1,-1
390,11840,441.76825,205.10156,68.65936,34.79091,0.8476769,-1,-1,-1
390,11850,706.96136,271.48322,76.56555,39.6698,0.8397987,-1,-1,-1
390,11864,428.50906,269.2924,83.53116,43.52072,0.8401809,-1,-1,-1
390,11860,799.1159,145.22368,58.249207,28.445663,0.7877723,-1,-1,-1
390,11871,405.21957,339.75095,95.53601,47.113373,0.8447377,-1,-1,-1
390,11857,0.0,283.68182,26.868258,37.64093,0.6294526,-1,-1,-1
390,11876,808.4235,186.42465,64.598206,31.659653,0.8522165,-1,-1,-1
390,11837,828.8773,267.976,71.31836,45.475586,0.83887583,-1,-1,-1
390,11835,544.7701,156.7895,62.287354,30.150772,0.82024556,-1,-1,-1
390,11886,947.95215,159.131,51.12433,28.551666,0.81912667,-1,-1,-1
390,11888,980.7907,337.32294,43.20929,65.62036,0.3315493,-1,-1,-1
390,11905,1011.1076,139.47408,8.790955,25.39798,0.6954433,-1,-1,-1
391,11669,467.96182,93.289444,28.883179,39.53212,0.8357987,-1,-1,-1
391,11714,239.50687,248.27507,85.61603,42.08345,0.82928145,-1,-1,-1
391,11724,353.8356,233.94412,78.74234,38.89972,0.84922004,-1,-1,-1
391,11759,19.867506,201.72238,83.723145,39.445923,0.8604606,-1,-1,-1
391,11706,116.31338,264.9607,104.23182,46.152588,0.85173345,-1,-1,-1
391,11802,298.73648,183.20375,77.5853,41.438507,0.8283983,-1,-1,-1
391,11794,964.47363,238.5899,59.526367,35.622467,0.76027787,-1,-1,-1
391,11830,969.9121,284.22272,54.08789,42.24185,0.75419486,-1,-1,-1
391,11840,436.6569,205.70512,69.02933,34.898438,0.84876144,-1,-1,-1
391,11850,710.80914,271.3536,77.26337,39.90573,0.8503183,-1,-1,-1
391,11864,435.03323,268.66888,83.98404,43.847626,0.842935,-1,-1,-1
391,11860,796.2431,146.1916,57.2381,27.977219,0.8043036,-1,-1,-1
391,11871,413.87692,339.90952,94.98691,47.04718,0.8594091,-1,-1,-1
391,11857,0.0,284.34375,26.221838,37.44522,0.6101146,-1,-1,-1
391,11876,803.68286,186.87476,64.70569,31.733322,0.84524256,-1,-1,-1
391,11837,833.35236,268.3538,70.949585,45.136963,0.83548695,-1,-1,-1
391,11835,540.53864,157.10724,62.92975,30.550446,0.8334814,-1,-1,-1
391,11886,945.8813,159.39825,51.557556,28.392899,0.81797916,-1,-1,-1
391,11888,982.1484,338.4849,41.851624,64.34332,0.284968,-1,-1,-1
391,11905,1009.4559,139.06795,9.466858,25.936325,0.7357166,-1,-1,-1
392,11669,468.02927,93.50341,28.809082,39.554283,0.83482957,-1,-1,-1
392,11714,240.06589,249.16692,84.529816,41.59221,0.85690475,-1,-1,-1
392,11724,353.76398,234.39845,78.37158,38.828842,0.84415627,-1,-1,-1
392,11759,13.762249,202.8443,83.56525,39.31839,0.84396774,-1,-1,-1
392,11706,116.07722,265.48767,103.59765,45.912323,0.8397159,-1,-1,-1
392,11802,292.394,183.82191,78.082,41.802704,0.8419919,-1,-1,-1
392,11794,967.0707,238.44722,56.92932,35.772476,0.7587128,-1,-1,-1
392,11830,974.19104,284.3562,49.80896,42.292725,0.71926737,-1,-1,-1
392,11840,431.55658,206.32541,68.54901,34.5793,0.8467667,-1,-1,-1
392,11850,714.6754,271.3762,77.98901,40.292114,0.8329941,-1,-1,-1
392,11864,441.4319,268.4147,84.64166,44.296967,0.8423575,-1,-1,-1
392,11860,793.492,146.98619,56.099854,27.49765,0.79636365,-1,-1,-1
392,11871,421.99872,339.67563,93.84308,46.59369,0.8593214,-1,-1,-1
392,11857,0.0,285.30215,25.392242,36.6745,0.6500357,-1,-1,-1
392,11876,799.0993,187.11351,65.409,32.057327,0.84949565,-1,-1,-1
392,11837,836.8808,268.73636,71.39783,45.368195,0.83228004,-1,-1,-1
392,11835,536.2876,157.43362,62.19751,30.313812,0.8351109,-1,-1,-1
392,11886,943.51184,159.79501,52.232605,28.362045,0.81390405,-1,-1,-1
392,11905,1007.30426,137.16306,10.835449,27.96959,0.72960824,-1,-1,-1
392,11906,942.8784,403.314,39.433105,30.146515,0.47437578,-1,-1,-1
393,11669,467.7663,93.60215,28.917023,39.827065,0.8333129,-1,-1,-1
393,11714,239.5961,249.25723,85.09125,41.882324,0.83761543,-1,-1,-1
393,11724,354.34613,235.12439,77.01248,38.20935,0.8577725,-1,-1,-1
393,11759,7.295906,203.79086,83.89324,39.179337,0.85962415,-1,-1,-1
393,11706,115.20405,266.05426,103.76121,45.912933,0.8354828,-1,-1,-1
393,11802,287.286,184.53021,78.20114,41.937653,0.87911695,-1,-1,-1
393,11794,970.7588,238.10211,53.24121,35.79312,0.6979315,-1,-1,-1
393,11830,978.31085,284.2897,45.689148,42.526703,0.69518,-1,-1,-1
393,11840,426.2095,207.00044,68.128845,34.213455,0.85063833,-1,-1,-1
393,11850,719.26135,271.38882,78.19922,40.403107,0.834327,-1,-1,-1
393,11864,448.06473,268.51373,84.089325,44.12207,0.8543949,-1,-1,-1
393,11860,790.85077,147.2847,55.79779,27.424576,0.7830208,-1,-1,-1
393,11871,429.68005,339.5008,92.992615,46.27704,0.8598194,-1,-1,-1
393,11857,0.0,285.85938,24.829395,36.451538,0.63106453,-1,-1,-1
393,11876,794.37463,187.47487,66.01526,32.411575,0.8446286,-1,-1,-1
393,11837,841.11804,269.1735,71.25342,45.16156,0.82754636,-1,-1,-1
393,11835,530.87555,157.5826,62.950623,30.810638,0.82057464,-1,-1,-1
393,11886,941.22595,159.91792,53.2771,28.687042,0.82129776,-1,-1,-1
393,11905,1005.4141,137.41924,11.750427,28.079605,0.7189181,-1,-1,-1
393,11906,944.2881,403.7445,39.006348,29.76236,0.653709,-1,-1,-1
394,11669,467.8031,94.05051,28.976013,39.926926,0.8326744,-1,-1,-1
394,11714,239.47752,249.67648,84.94252,41.77246,0.8428417,-1,-1,-1
394,11724,355.1137,235.66776,76.51938,37.92517,0.8408343,-1,-1,-1
394,11759,0.898587,204.65651,84.277596,39.262848,0.8288306,-1,-1,-1
394,11706,114.62659,266.6205,104.09326,46.029083,0.82411623,-1,-1,-1
394,11802,281.5087,184.84874,79.15976,42.51436,0.8509589,-1,-1,-1
394,11794,973.4529,237.9782,50.54712,36.644516,0.589679,-1,-1,-1
394,11830,981.3345,285.323,42.665527,44.463745,0.71152306,-1,-1,-1
394,11840,420.47,207.68312,67.84769,33.887253,0.8448521,-1,-1,-1
394,11850,723.2913,271.60098,77.75568,40.092163,0.8456282,-1,-1,-1
394,11864,455.15985,268.85098,83.805664,44.11258,0.85892254,-1,-1,-1
394,11860,787.4192,147.50069,56.152588,27.678162,0.80038625,-1,-1,-1
394,11871,436.48672,339.54153,92.88223,46.33554,0.87064755,-1,-1,-1
394,11857,0.0,286.79013,24.80007,37.54724,0.63966393,-1,-1,-1
394,11876,789.037,187.88185,66.52838,32.81404,0.8417711,-1,-1,-1
394,11837,845.59076,269.56757,70.82141,44.681274,0.84744227,-1,-1,-1
394,11835,526.2639,158.00687,63.49231,31.215683,0.83899176,-1,-1,-1
394,11886,938.7153,160.27356,53.888306,28.807816,0.81255364,-1,-1,-1
394,11905,1002.9785,135.6588,13.567932,30.034637,0.74100286,-1,-1,-1
394,11906,945.4095,404.60214,39.615112,30.150818,0.57730407,-1,-1,-1
394,11907,5.6617894,398.11005,13.823626,51.44507,0.6870746,-1,-1,-1
395,11669,467.85977,94.32875,29.098572,40.084183,0.8340313,-1,-1,-1
395,11714,239.35948,250.28421,84.76112,41.635315,0.8425828,-1,-1,-1
395,11724,355.01807,236.20778,76.688385,37.984177,0.84335023,-1,-1,-1
395,11759,0.0,205.4712,79.95379,39.14914,0.82162684,-1,-1,-1
395,11706,114.93311,267.58725,103.17333,45.599976,0.82770336,-1,-1,-1
395,11802,276.19144,185.67339,78.99072,42.460663,0.8570327,-1,-1,-1
395,11794,976.06116,237.6086,47.938843,37.694443,0.56508785,-1,-1,-1
395,11830,985.8975,285.3447,38.102478,43.837067,0.7005592,-1,-1,-1
395,11840,414.50455,208.27168,68.25125,33.881058,0.8349927,-1,-1,-1
395,11850,727.6234,271.61566,77.72742,40.071533,0.83240765,-1,-1,-1
395,11864,461.74127,268.7795,83.01471,43.761993,0.8523318,-1,-1,-1
395,11860,784.0612,147.70435,55.911438,27.585358,0.8082603,-1,-1,-1
395,11871,442.9916,339.43127,93.14865,46.60846,0.8564983,-1,-1,-1
395,11857,0.0,287.63037,24.470734,37.587067,0.63589483,-1,-1,-1
395,11876,784.4023,188.25096,66.693054,32.95279,0.8457584,-1,-1,-1
395,11837,849.61066,269.77997,71.30646,44.968445,0.84852827,-1,-1,-1
395,11835,521.63354,158.44536,63.096252,31.144135,0.8408443,-1,-1,-1
395,11886,936.6207,160.73473,54.16388,28.72432,0.8175012,-1,-1,-1
395,11905,1000.84375,135.07993,15.07074,30.670547,0.7675626,-1,-1,-1
395,11906,946.1314,404.46295,40.071594,30.364502,0.66827375,-1,-1,-1
395,11907,9.77979,397.61047,14.538224,52.53952,0.74748135,-1,-1,-1
396,11669,467.84592,94.54236,28.926514,39.809097,0.83211815,-1,-1,-1
396,11714,239.36932,250.9251,84.40469,41.399338,0.8401826,-1,-1,-1
396,11724,354.9134,236.7866,76.24237,37.762497,0.8464424,-1,-1,-1
396,11759,0.0,206.6135,74.68779,38.95491,0.5857525,-1,-1,-1
396,11706,114.11808,268.2285,103.70429,45.830566,0.8404557,-1,-1,-1
396,11802,271.04047,186.75061,78.43393,42.166656,0.8510839,-1,-1,-1
396,11794,978.6172,237.90517,45.382812,38.622726,0.5234439,-1,-1,-1
396,11840,408.1564,208.87273,68.87836,34.063232,0.8540852,-1,-1,-1
396,11850,731.50073,271.57626,79.100586,40.94742,0.83498657,-1,-1,-1
396,11864,468.50165,268.61438,83.37372,44.08441,0.8356764,-1,-1,-1
396,11860,781.2657,147.9986,55.810608,27.60405,0.7977672,-1,-1,-1
396,11871,449.75317,339.29858,93.341736,46.872986,0.8663336,-1,-1,-1
396,11857,0.0,287.98047,24.03574,37.68921,0.63397294,-1,-1,-1
396,11876,780.0897,189.23416,66.11304,32.6933,0.86834025,-1,-1,-1
396,11837,853.4589,269.85596,72.27405,45.593323,0.8249567,-1,-1,-1
396,11835,516.99255,158.77457,63.41974,31.378494,0.8210748,-1,-1,-1
396,11886,934.50745,161.23772,54.257812,28.498123,0.8196656,-1,-1,-1
396,11905,998.9684,136.01338,16.161255,29.85881,0.77828646,-1,-1,-1
396,11906,946.7174,404.17007,41.408264,31.23645,0.55060244,-1,-1,-1
396,11907,13.93613,395.8205,16.420574,56.31366,0.8107941,-1,-1,-1
397,11669,467.83774,94.86771,28.77481,39.562485,0.8337688,-1,-1,-1
397,11714,238.41399,251.58235,84.60155,41.47377,0.84645724,-1,-1,-1
397,11724,354.39996,237.29774,76.74066,38.089462,0.84766257,-1,-1,-1
397,11759,0.0,207.26616,71.2122,40.068542,0.52772796,-1,-1,-1
397,11706,114.212814,268.85156,103.41896,45.741333,0.8357924,-1,-1,-1
397,11802,266.14078,187.8929,76.85959,41.24002,0.891947,-1,-1,-1
397,11794,982.5904,239.38213,41.409607,38.354507,0.5327766,-1,-1,-1
397,11840,402.67072,209.32544,68.532776,33.70482,0.8310376,-1,-1,-1
397,11850,736.3724,271.54034,77.78406,40.13025,0.84643626,-1,-1,-1
397,11864,475.17587,268.48444,82.786835,43.878876,0.84486365,-1,-1,-1
397,11860,778.2478,147.92665,56.07489,27.75174,0.76809186,-1,-1,-1
397,11871,457.02115,339.05188,92.612885,46.59378,0.86030316,-1,-1,-1
397,11857,0.0,288.4076,23.837976,38.033325,0.6163826,-1,-1,-1
397,11876,776.1654,189.86537,65.415405,32.337845,0.8504822,-1,-1,-1
397,11837,857.4955,270.1452,72.17236,45.441406,0.84268475,-1,-1,-1
397,11835,512.36664,159.52858,62.926636,31.187698,0.820385,-1,-1,-1
397,11886,932.4036,161.78564,54.261353,28.271896,0.814261,-1,-1,-1
397,11905,997.27057,136.83084,17.364807,29.113922,0.7832809,-1,-1,-1
397,11906,947.5756,404.77383,42.338013,31.784119,0.39650372,-1,-1,-1
397,11907,17.212872,394.4514,18.859684,60.11966,0.8109665,-1,-1,-1
398,11669,467.7155,95.00265,28.893768,39.741524,0.8325068,-1,-1,-1
398,11714,237.74214,252.08145,84.942856,41.6521,0.8561078,-1,-1,-1
398,11724,354.9001,237.63078,76.03256,37.69728,0.84037197,-1,-1,-1
398,11759,0.0,207.67522,66.456924,40.269363,0.42542022,-1,-1,-1
398,11706,114.15284,269.36548,103.05106,45.54657,0.83723146,-1,-1,-1
398,11802,259.279,188.62473,76.91583,41.208252,0.84251827,-1,-1,-1
398,11840,397.36264,210.11925,67.76141,33.00859,0.8302989,-1,-1,-1
398,11850,740.57526,271.41217,78.05603,40.212006,0.83570325,-1,-1,-1
398,11864,481.32394,268.38608,83.61734,44.528656,0.85066736,-1,-1,-1
398,11860,773.7691,147.31529,57.447937,28.645874,0.7923469,-1,-1,-1
398,11871,463.82614,338.84988,92.60379,46.759064,0.86226857,-1,-1,-1
398,11857,0.0,289.06137,23.187843,37.796936,0.64147633,-1,-1,-1
398,11876,771.8501,190.11751,65.39795,32.284286,0.84221333,-1,-1,-1
398,11837,861.5435,270.23322,72.07886,45.48462,0.84012866,-1,-1,-1
398,11835,508.2751,160.32193,62.231567,30.833572,0.82302827,-1,-1,-1
398,11886,930.3321,162.17972,54.27655,28.054672,0.8176463,-1,-1,-1
398,11905,995.17596,137.46288,18.831116,28.621445,0.78188914,-1,-1,-1
398,11906,947.98083,404.74448,43.594055,32.63507,0.6281237,-1,-1,-1
398,11907,19.941988,394.39297,20.87478,60.45642,0.79883504,-1,-1,-1
399,11669,467.64334,95.10291,29.043396,39.998848,0.8358725,-1,-1,-1
399,11714,236.80324,252.57294,85.548294,41.94995,0.8577377,-1,-1,-1
399,11724,354.41083,238.1911,76.087585,37.82248,0.8452134,-1,-1,-1
399,11759,0.0,208.17123,61.59072,39.299698,0.6522293,-1,-1,-1
399,11706,114.128204,269.9084,103.41536,45.753326,0.8309004,-1,-1,-1
399,11802,253.09502,188.9675,78.44835,42.049835,0.84099424,-1,-1,-1
399,11840,392.2988,210.91939,66.72479,32.190155,0.82198125,-1,-1,-1
399,11850,744.8098,271.39206,78.684875,40.64969,0.8349816,-1,-1,-1
399,11864,487.45596,267.96967,83.361176,44.530853,0.8565866,-1,-1,-1
399,11860,769.8839,147.29593,57.88684,29.02539,0.7813485,-1,-1,-1
399,11871,471.51175,338.69427,92.15671,46.600647,0.8688893,-1,-1,-1
399,11857,0.0,289.7055,22.36772,37.168823,0.67859113,-1,-1,-1
399,11876,767.174,190.63692,65.671326,32.440125,0.88491255,-1,-1,-1
399,11837,865.85297,270.4397,72.21887,45.64264,0.8428668,-1,-1,-1
399,11835,503.359,160.37524,62.838074,31.269135,0.81395984,-1,-1,-1
399,11886,928.1989,162.4868,54.672913,28.046219,0.82715786,-1,-1,-1
399,11905,992.753,137.3639,20.84143,28.925278,0.78455734,-1,-1,-1
399,11906,949.71173,406.4777,42.51587,31.630798,0.47982287,-1,-1,-1
399,11907,22.385433,394.86862,23.379604,60.502228,0.778721,-1,-1,-1
400,11669,467.57712,95.32695,28.965332,39.94832,0.8395653,-1,-1,-1
400,11714,236.45789,252.97977,85.704865,42.012726,0.8598434,-1,-1,-1
400,11724,354.4423,238.65753,75.91226,37.83481,0.83972704,-1,-1,-1
400,11759,0.0,208.63065,58.16237,38.366623,0.5271564,-1,-1,-1
400,11706,114.03297,270.55948,104.10232,46.13275,0.825599,-1,-1,-1
400,11802,246.58536,189.44682,80.43939,43.25917,0.8728479,-1,-1,-1
400,11840,386.64105,211.61972,66.54541,31.773315,0.8460356,-1,-1,-1
400,11850,749.35736,271.59427,77.90546,40.122772,0.84498304,-1,-1,-1
400,11864,493.7859,267.42963,83.92786,45.0101,0.83864546,-1,-1,-1
400,11860,766.01276,147.14238,59.72589,30.143066,0.7542976,-1,-1,-1
400,11871,478.11917,338.34436,92.55936,46.944702,0.83903104,-1,-1,-1
400,11857,0.0,290.39444,21.691023,36.73578,0.6922949,-1,-1,-1
400,11876,762.7803,191.07664,65.43024,32.28322,0.8487285,-1,-1,-1
400,11837,869.82477,270.5705,72.973755,46.11487,0.83370847,-1,-1,-1
400,11835,499.46164,161.25569,62.400116,31.001068,0.8257964,-1,-1,-1
400,11886,925.73474,162.83115,55.25,28.217789,0.8234808,-1,-1,-1
400,11905,990.4868,137.73453,22.841858,29.025848,0.7807195,-1,-1,-1
400,11906,950.135,407.15585,42.580994,31.510162,0.40168768,-1,-1,-1
400,11907,25.94284,394.40286,26.800838,60.63797,0.7831028,-1,-1,-1
401,11669,467.39703,95.43684,29.08258,40.181725,0.8413911,-1,-1,-1
401,11714,235.88766,253.33394,86.26672,42.299088,0.85866743,-1,-1,-1
401,11724,355.56015,239.24641,74.55914,36.982773,0.8516789,-1,-1,-1
401,11759,0.0,209.41599,53.368427,37.057114,0.5191797,-1,-1,-1
401,11706,114.61977,271.20404,103.53813,45.99655,0.81656194,-1,-1,-1
401,11802,239.91315,189.94037,81.81732,44.12686,0.8898345,-1,-1,-1
401,11840,381.40005,212.30193,66.51846,31.343567,0.841298,-1,-1,-1
401,11850,753.7998,271.59818,77.52075,39.828766,0.8318019,-1,-1,-1
401,11864,500.28986,267.14496,83.38904,44.841858,0.8422292,-1,-1,-1
401,11860,763.5497,147.77063,59.12976,29.92015,0.6502051,-1,-1,-1
401,11871,485.35568,338.12625,92.04306,46.7489,0.85593057,-1,-1,-1
401,11857,0.0,291.06985,21.175072,36.35028,0.68624127,-1,-1,-1
401,11876,758.30835,191.65663,64.9931,32.02588,0.8539004,-1,-1,-1
401,11837,873.4059,270.52914,73.66626,46.69702,0.83627737,-1,-1,-1
401,11835,494.62543,161.61485,62.35559,30.94191,0.82831955,-1,-1,-1
401,11886,922.98505,163.11212,56.087646,28.566635,0.8231493,-1,-1,-1
401,11905,987.91455,137.74559,25.134644,29.334106,0.7720161,-1,-1,-1
401,11907,27.902039,394.30322,30.611118,60.465515,0.8078673,-1,-1,-1
402,11669,467.20264,95.52157,29.31549,40.587395,0.84437484,-1,-1,-1
402,11714,235.83452,253.51636,86.22679,42.250244,0.857396,-1,-1,-1
402,11724,355.2588,239.56204,76.01187,37.662445,0.83489233,-1,-1,-1
402,11759,0.0,210.59705,49.011837,37.063477,0.6269199,-1,-1,-1
402,11706,113.7049,271.42172,103.72224,46.193237,0.8174223,-1,-1,-1
402,11802,234.49738,190.22269,82.017395,44.467285,0.8631047,-1,-1,-1
402,11840,376.64517,212.98099,65.14743,30.25447,0.8260789,-1,-1,-1
402,11850,757.6162,271.2365,78.52246,40.426636,0.8526653,-1,-1,-1
402,11864,506.14127,266.53903,84.88449,45.86499,0.8380482,-1,-1,-1
402,11860,760.4915,148.49533,58.609924,29.797714,0.66757107,-1,-1,-1
402,11871,492.02957,337.89252,91.50583,46.585327,0.8334061,-1,-1,-1
402,11857,0.0,291.17957,20.76443,36.676758,0.683858,-1,-1,-1
402,11876,753.3008,192.08214,65.63562,32.34163,0.8466264,-1,-1,-1
402,11837,877.85535,270.75275,73.16986,46.48761,0.836575,-1,-1,-1
402,11835,489.76834,161.91974,62.295807,30.876572,0.8222401,-1,-1,-1
402,11886,920.8432,163.26605,56.338135,28.58104,0.8283237,-1,-1,-1
402,11905,984.9207,137.48033,27.800842,29.962692,0.79366153,-1,-1,-1
402,11907,29.654108,394.18765,35.013718,60.342834,0.80485207,-1,-1,-1
403,11669,467.04437,95.672195,29.41629,40.826584,0.8364449,-1,-1,-1
403,11714,234.80244,253.68889,87.28703,42.835037,0.8584935,-1,-1,-1
403,11724,354.4512,239.70886,77.69089,38.52054,0.8269438,-1,-1,-1
403,11706,113.6782,272.0205,102.747154,45.78238,0.81001425,-1,-1,-1
403,11802,229.54094,190.74283,81.09404,44.11508,0.85896283,-1,-1,-1
403,11840,371.1521,213.66287,64.82004,29.694168,0.81710434,-1,-1,-1
403,11850,762.0786,271.40747,77.97839,40.00302,0.8392858,-1,-1,-1
403,11864,512.49854,266.2902,84.300354,45.695404,0.8332397,-1,-1,-1
403,11860,757.4627,148.86923,58.123596,29.594467,0.67442185,-1,-1,-1
403,11871,498.6149,337.48032,92.013885,46.910065,0.8530025,-1,-1,-1
403,11857,0.0,291.64978,20.535093,37.25757,0.6681029,-1,-1,-1
403,11876,748.6739,192.65869,66.15021,32.54341,0.84885764,-1,-1,-1
403,11837,882.4675,270.79324,73.787964,46.82605,0.834917,-1,-1,-1
403,11835,484.51114,162.40747,63.40152,31.412155,0.82178885,-1,-1,-1
403,11886,918.6935,163.56084,56.650024,28.668411,0.8249737,-1,-1,-1
403,11905,982.73224,137.84038,30.016418,30.047775,0.80990726,-1,-1,-1
403,11907,31.746397,393.10605,40.669693,61.32251,0.8019919,-1,-1,-1
404,11669,466.70956,95.68838,29.742462,41.278755,0.8294199,-1,-1,-1
404,11714,235.33353,253.9921,87.691315,43.10501,0.8593952,-1,-1,-1
404,11724,353.91275,240.5758,77.85431,38.627045,0.83676594,-1,-1,-1
404,11706,113.73824,272.36823,102.37032,45.669495,0.8183479,-1,-1,-1
404,11802,223.28062,191.14236,80.9594,43.91533,0.86445755,-1,-1,-1
404,11840,364.42496,214.26312,65.70688,29.778625,0.7813938,-1,-1,-1
404,11850,766.86707,271.46646,77.22168,39.46237,0.829295,-1,-1,-1
404,11864,518.4997,265.9514,84.99896,46.308197,0.82862455,-1,-1,-1
404,11860,754.3111,149.04883,57.895813,29.543182,0.5726546,-1,-1,-1
404,11871,504.02917,337.233,93.08081,47.698822,0.83739597,-1,-1,-1
404,11857,0.0,292.32248,19.868532,36.003906,0.6888081,-1,-1,-1
404,11876,743.5316,193.05435,66.788635,32.86853,0.8172355,-1,-1,-1
404,11837,886.6424,271.16415,73.6142,46.717804,0.8391548,-1,-1,-1
404,11835,479.89243,162.79004,63.88669,31.60759,0.82324094,-1,-1,-1
404,11886,916.8619,163.86232,56.617798,28.539825,0.82283914,-1,-1,-1
404,11905,980.8339,138.56604,31.79773,29.54358,0.81631,-1,-1,-1
404,11907,32.624252,392.87244,46.888847,62.560944,0.7748725,-1,-1,-1
405,11669,466.4708,95.92135,29.82013,41.350945,0.8335986,-1,-1,-1
405,11714,235.03143,254.4235,88.122314,43.408356,0.85086733,-1,-1,-1
405,11724,353.2011,240.73082,78.35925,38.968796,0.8341619,-1,-1,-1
405,11706,112.933655,272.52383,103.303116,46.21158,0.8264486,-1,-1,-1
405,11802,217.07254,191.76765,80.62445,43.633575,0.8492098,-1,-1,-1
405,11840,357.4288,214.69302,67.49335,30.449036,0.81633747,-1,-1,-1
405,11850,770.4142,271.62375,78.33252,40.10196,0.85096693,-1,-1,-1
405,11864,524.7672,265.58997,83.960266,45.93106,0.82448184,-1,-1,-1
405,11860,751.2343,149.76256,57.54492,29.388412,0.6118867,-1,-1,-1
405,11871,511.09366,336.90228,92.26944,47.365967,0.87096584,-1,-1,-1
405,11857,0.0,292.661,19.657383,36.04837,0.6808463,-1,-1,-1
405,11876,738.4907,193.38026,68.04242,33.54042,0.82290244,-1,-1,-1
405,11837,890.4116,271.67072,73.02295,46.302704,0.82963663,-1,-1,-1
405,11835,474.9,163.4067,64.04855,31.633606,0.8339296,-1,-1,-1
405,11886,914.2822,164.03937,57.24176,28.768967,0.82010365,-1,-1,-1
405,11905,977.84314,138.76796,34.303345,29.7491,0.8160749,-1,-1,-1
405,11907,34.39733,392.3158,53.1671,62.931732,0.8490015,-1,-1,-1
405,11912,1010.12775,184.51302,12.8967285,29.777832,0.5674558,-1,-1,-1
406,11669,466.47107,96.15855,29.596008,41.00756,0.83939093,-1,-1,-1
406,11714,235.20908,255.28835,87.1712,42.996475,0.85878295,-1,-1,-1
406,11724,352.78952,240.9042,78.891266,39.411896,0.83845156,-1,-1,-1
406,11706,112.31747,272.975,103.89562,46.6026,0.83335555,-1,-1,-1
406,11802,210.44107,192.12587,80.80432,43.573105,0.8531261,-1,-1,-1
406,11840,350.6116,215.12885,68.92377,31.006485,0.80556095,-1,-1,-1
406,11850,775.266,271.75,77.34515,39.445007,0.84203154,-1,-1,-1
406,11864,531.3906,265.4136,82.75073,45.346954,0.8308495,-1,-1,-1
406,11860,748.1795,150.27548,57.24878,29.251083,0.5466524,-1,-1,-1
406,11871,517.3654,336.9548,91.51245,47.037506,0.84276456,-1,-1,-1
406,11857,0.0,293.6499,19.229,35.642303,0.6562948,-1,-1,-1
406,11876,733.72894,193.74821,68.088745,33.57054,0.86745757,-1,-1,-1
406,11837,894.6457,272.20364,73.03766,46.18213,0.8401171,-1,-1,-1
406,11835,469.9737,164.07437,63.753296,31.446777,0.830965,-1,-1,-1
406,11886,912.06866,164.26439,57.355713,28.761475,0.8272805,-1,-1,-1
406,11905,974.8688,139.33417,36.312744,29.487976,0.8299815,-1,-1,-1
406,11907,39.32404,392.04965,58.30292,62.08542,0.8487759,-1,-1,-1
406,11912,1008.5462,183.53499,13.359802,30.623306,0.65020794,-1,-1,-1
407,11669,466.4531,96.39197,29.573944,40.951996,0.8569922,-1,-1,-1
407,11714,234.85884,255.98853,87.11641,43.01419,0.8574953,-1,-1,-1
407,11724,352.5971,241.06116,79.04285,39.55533,0.8318775,-1,-1,-1
407,11706,111.27451,273.2192,104.52192,46.983704,0.832407,-1,-1,-1
407,11802,204.85957,193.07532,80.08241,43.07039,0.8501572,-1,-1,-1
407,11840,343.56918,216.17854,70.53418,31.704758,0.8301538,-1,-1,-1
407,11850,779.79816,271.64847,77.2901,39.325104,0.83649075,-1,-1,-1
407,11864,537.838,265.564,81.2417,44.581726,0.8320475,-1,-1,-1
407,11860,744.8117,150.75684,56.4339,28.8181,0.6865133,-1,-1,-1
407,11871,523.92194,336.82254,90.96057,46.787994,0.8304939,-1,-1,-1
407,11857,0.0,294.1313,18.971111,35.79602,0.6244847,-1,-1,-1
407,11876,729.28186,194.29774,67.23297,33.040665,0.83250743,-1,-1,-1
407,11837,898.62146,272.19824,73.42352,46.425385,0.8342743,-1,-1,-1
407,11835,464.50693,164.58273,64.6514,31.847763,0.8398651,-1,-1,-1
407,11886,909.34827,164.67625,57.592346,28.80365,0.8274079,-1,-1,-1
407,11905,971.10187,139.5875,38.596252,29.694275,0.829168,-1,-1,-1
407,11907,44.5494,391.2849,64.04585,62.275482,0.79231304,-1,-1,-1
407,11912,1005.80334,181.07199,14.486267,32.662872,0.69762504,-1,-1,-1
408,11669,466.42,96.65709,29.571716,40.854843,0.86189187,-1,-1,-1
408,11714,235.37706,256.72183,86.43654,42.74939,0.8629195,-1,-1,-1
408,11724,353.11038,241.73372,78.0401,39.06978,0.8215838,-1,-1,-1
408,11706,110.562386,273.5656,104.99285,47.305206,0.83044326,-1,-1,-1
408,11802,198.74042,193.96434,80.10077,42.93463,0.85890085,-1,-1,-1
408,11840,336.89014,217.28412,73.9682,33.213303,0.83909404,-1,-1,-1
408,11850,784.22034,271.53897,77.05121,39.152466,0.82878673,-1,-1,-1
408,11864,544.4396,265.26205,80.69348,44.272064,0.83997846,-1,-1,-1
408,11860,741.48956,151.34952,56.310608,28.72725,0.7207504,-1,-1,-1
408,11871,530.3942,336.74423,91.0199,46.943573,0.8479836,-1,-1,-1
408,11857,0.0,294.65652,18.408262,35.66867,0.5909284,-1,-1,-1
408,11876,724.585,194.71342,66.90222,32.89937,0.83856595,-1,-1,-1
408,11837,902.1741,271.93402,74.40509,47.1257,0.8377424,-1,-1,-1
408,11835,459.60828,165.09482,65.221924,32.06743,0.840323,-1,-1,-1
408,11886,907.38806,165.21106,57.921753,28.85025,0.8377927,-1,-1,-1
408,11905,968.18976,140.13124,40.379883,29.57483,0.8250478,-1,-1,-1
408,11907,51.86406,391.08014,68.785194,61.98764,0.8265972,-1,-1,-1
408,11912,1002.9216,180.27692,15.606873,34.19049,0.68751407,-1,-1,-1
409,11669,466.07236,96.895035,30.02124,41.383118,0.84217864,-1,-1,-1
409,11714,235.57837,257.36023,85.80823,42.51706,0.8614032,-1,-1,-1
409,11724,353.01398,242.28842,77.53763,38.784546,0.8254441,-1,-1,-1
409,11706,110.77037,274.59836,103.6711,46.675232,0.83362085,-1,-1,-1
409,11802,193.5213,194.85011,80.203705,42.931366,0.8466004,-1,-1,-1
409,11840,330.15564,218.16472,77.00537,34.57846,0.8438541,-1,-1,-1
409,11850,788.23944,271.46652,77.60907,39.36194,0.84015,-1,-1,-1
409,11864,550.90717,265.34802,80.06995,43.99237,0.8222753,-1,-1,-1
409,11860,737.60284,151.96979,56.64026,28.868286,0.5568046,-1,-1,-1
409,11871,537.0878,336.65662,89.98364,46.413452,0.8261755,-1,-1,-1
409,11857,0.0,295.3626,18.079803,36.033356,0.52756685,-1,-1,-1
409,11876,719.5539,195.03989,67.37097,33.166718,0.8590919,-1,-1,-1
409,11837,906.5221,272.565,73.58246,46.49887,0.83877623,-1,-1,-1
409,11835,454.49545,165.64008,66.07602,32.45749,0.8352334,-1,-1,-1
409,11886,905.8753,165.57939,58.023254,28.775803,0.83728737,-1,-1,-1
409,11905,965.1037,140.39742,41.601135,29.230164,0.83194965,-1,-1,-1
409,11907,59.473633,390.9221,72.90614,61.563538,0.8508508,-1,-1,-1
409,11912,1000.2079,180.01944,16.653564,34.94133,0.6597991,-1,-1,-1
410,11669,465.8597,97.22098,30.129852,41.48593,0.8422737,-1,-1,-1
410,11714,236.05484,257.88492,84.898346,42.12491,0.8624344,-1,-1,-1
410,11724,353.22394,242.97675,76.13751,38.008423,0.83052945,-1,-1,-1
410,11706,110.635605,275.09882,103.397964,46.5365,0.8387609,-1,-1,-1
410,11802,188.08574,195.89525,79.41939,42.339005,0.83768845,-1,-1,-1
410,11840,323.86423,218.74634,78.8851,35.50377,0.8384952,-1,-1,-1
410,11850,792.5527,271.24252,78.02844,39.555878,0.83108443,-1,-1,-1
410,11864,557.4069,264.6188,79.82971,43.90515,0.82946694,-1,-1,-1
410,11860,733.8476,152.37346,57.006165,29.063095,0.55604434,-1,-1,-1
410,11871,543.6793,336.58716,89.93176,46.434326,0.8482789,-1,-1,-1
410,11857,0.0,295.99072,17.999537,36.475464,0.50733995,-1,-1,-1
410,11876,715.00726,195.69865,67.26288,33.061966,0.8308135,-1,-1,-1
410,11837,910.9625,272.95123,73.08887,46.01956,0.83421016,-1,-1,-1
410,11835,449.34476,165.97664,66.285614,32.64833,0.84468794,-1,-1,-1
410,11886,903.5818,165.74013,58.263306,28.798965,0.85315305,-1,-1,-1
410,11905,962.04663,140.74377,42.619873,28.844543,0.8094601,-1,-1,-1
410,11907,66.54206,390.69885,76.61518,61.184265,0.8304327,-1,-1,-1
410,11912,997.98035,181.26088,17.14087,33.772568,0.72144455,-1,-1,-1
411,11669,465.67,97.349304,30.226257,41.579224,0.8410928,-1,-1,-1
411,11714,236.06224,258.39185,84.44374,41.934906,0.86131704,-1,-1,-1
411,11724,352.19357,243.21541,75.95874,37.789017,0.8308457,-1,-1,-1
411,11706,110.20094,275.46118,103.1568,46.41037,0.8508717,-1,-1,-1
411,11802,182.54921,195.81387,81.08562,43.229767,0.8377602,-1,-1,-1
411,11840,317.45706,219.3744,79.69232,35.949997,0.8830335,-1,-1,-1
411,11850,797.1261,271.34277,77.79822,39.43637,0.82730025,-1,-1,-1
411,11864,563.08356,264.21033,80.837524,44.51523,0.83224624,-1,-1,-1
411,11860,729.8828,152.89949,57.071167,29.118408,0.5680087,-1,-1,-1
411,11871,550.21045,336.4915,89.221924,46.040802,0.83347464,-1,-1,-1
411,11857,0.0,296.42667,18.136547,38.237732,0.48624182,-1,-1,-1
411,11876,709.7481,196.12817,67.6416,33.22612,0.8401708,-1,-1,-1
411,11837,915.4798,273.43484,72.199646,45.31433,0.8411406,-1,-1,-1
411,11835,444.60657,166.57616,66.52481,32.84305,0.84885275,-1,-1,-1
411,11886,900.54425,165.60184,59.13324,29.168716,0.8434458,-1,-1,-1
411,11905,957.76843,141.04453,44.02771,28.7706,0.8176326,-1,-1,-1
411,11907,74.270386,390.6624,79.71919,60.446655,0.8440958,-1,-1,-1
411,11912,995.4603,182.18787,18.05304,32.95018,0.80708677,-1,-1,-1
412,11669,465.62445,97.514465,30.282227,41.542267,0.8358014,-1,-1,-1
412,11714,235.6982,258.81845,84.686935,42.05887,0.8625937,-1,-1,-1
412,11724,351.21545,243.72675,77.84503,38.739105,0.8304788,-1,-1,-1
412,11706,109.80214,275.92374,103.5325,46.589966,0.8502379,-1,-1,-1
412,11802,175.97151,196.7301,81.13521,43.23004,0.87742,-1,-1,-1
412,11840,310.7538,220.05548,81.64044,37.02954,0.8525235,-1,-1,-1
412,11850,801.3048,271.22073,78.26257,39.66272,0.8309629,-1,-1,-1
412,11864,569.45874,263.88605,79.66193,43.932373,0.81962985,-1,-1,-1
412,11860,727.3044,153.52757,56.229248,28.64421,0.41306555,-1,-1,-1
412,11871,556.3328,336.09598,89.32324,46.154236,0.8494506,-1,-1,-1
412,11857,0.0,297.01376,17.881775,39.043335,0.45755577,-1,-1,-1
412,11876,704.9001,196.48766,68.12384,33.451004,0.8398742,-1,-1,-1
412,11837,919.55963,273.62085,72.3111,45.219025,0.83566487,-1,-1,-1
412,11835,439.51102,167.03944,66.54599,32.78923,0.83543885,-1,-1,-1
412,11886,898.6822,165.93233,58.81018,29.01767,0.82743543,-1,-1,-1
412,11905,954.2999,141.34099,45.111267,28.58046,0.8111203,-1,-1,-1
412,11907,81.758804,390.16785,83.493515,60.591705,0.8471417,-1,-1,-1
412,11912,992.89404,182.96341,19.455383,32.662384,0.80783993,-1,-1,-1
413,11669,465.66382,97.676834,30.225098,41.372894,0.8359842,-1,-1,-1
413,11714,235.64171,259.17163,84.62819,41.99704,0.86278826,-1,-1,-1
413,11724,351.12265,243.86765,78.479126,39.103912,0.8351202,-1,-1,-1
413,11706,109.79701,276.57767,102.97386,46.31015,0.85154647,-1,-1,-1
413,11802,169.64677,197.3508,81.46011,43.41159,0.8325431,-1,-1,-1
413,11840,303.43,220.54063,81.832886,37.386246,0.85408634,-1,-1,-1
413,11850,806.00415,271.0011,78.79108,40.006653,0.82225996,-1,-1,-1
413,11864,575.2063,263.84454,79.22101,43.71216,0.825156,-1,-1,-1
413,11860,723.5845,153.49188,57.05475,29.043518,0.5177614,-1,-1,-1
413,11871,562.14984,335.80087,89.334595,46.190643,0.8226258,-1,-1,-1
413,11857,0.0,297.71863,17.566656,39.93216,0.45331025,-1,-1,-1
413,11876,700.0566,197.18347,68.329956,33.537506,0.83058125,-1,-1,-1
413,11837,923.329,273.79065,72.451355,45.186157,0.82444507,-1,-1,-1
413,11835,434.50058,167.30019,66.98367,33.042053,0.8684409,-1,-1,-1
413,11886,895.98553,165.98526,59.20862,29.222488,0.82572454,-1,-1,-1
413,11905,950.9407,141.44542,46.330994,28.541214,0.82929677,-1,-1,-1
413,11907,89.53768,389.97888,86.352776,60.393555,0.8719838,-1,-1,-1
413,11912,990.1707,183.6541,20.885681,31.814697,0.80092907,-1,-1,-1
414,11669,465.6737,97.87692,30.231873,41.283905,0.8330224,-1,-1,-1
414,11714,235.97478,259.74576,83.93117,41.528503,0.8609406,-1,-1,-1
414,11724,352.0223,243.88853,77.4267,38.585342,0.843928,-1,-1,-1
414,11706,109.578,276.93137,102.70122,46.16394,0.8519376,-1,-1,-1
414,11802,163.82117,197.69652,82.20526,43.84227,0.8438275,-1,-1,-1
414,11840,296.84488,220.95401,82.09616,37.829926,0.8424723,-1,-1,-1
414,11850,810.8235,271.13895,77.964905,39.551636,0.83512837,-1,-1,-1
414,11864,581.03577,262.72275,80.81909,44.69156,0.81146806,-1,-1,-1
414,11860,719.5619,153.8646,57.255737,29.171982,0.69750816,-1,-1,-1
414,11871,568.6451,335.60114,88.85071,45.91632,0.83696914,-1,-1,-1
414,11857,0.0,297.42307,17.354391,41.408447,0.3488275,-1,-1,-1
414,11876,695.28674,197.84749,68.6875,33.692627,0.8390895,-1,-1,-1
414,11837,927.893,274.35815,71.69617,44.60092,0.83785087,-1,-1,-1
414,11835,429.69757,167.85826,66.556915,32.842163,0.8351489,-1,-1,-1
414,11886,894.2777,166.68364,58.417114,28.773636,0.83019626,-1,-1,-1
414,11905,948.0973,141.90407,46.962402,28.153595,0.82689315,-1,-1,-1
414,11907,97.32314,389.54846,88.82479,59.91397,0.851048,-1,-1,-1
414,11912,987.2919,184.46187,22.736938,31.183365,0.8036954,-1,-1,-1
415,11669,465.7324,98.02791,30.27185,41.266525,0.8293018,-1,-1,-1
415,11714,235.95311,260.1746,83.75581,41.322357,0.86258084,-1,-1,-1
415,11724,352.33826,244.02318,76.87854,38.289383,0.8602863,-1,-1,-1
415,11706,108.62107,276.9213,103.29714,46.368286,0.8518028,-1,-1,-1
415,11802,157.22722,198.719,81.78798,43.570816,0.86121136,-1,-1,-1
415,11840,290.15732,221.44464,82.11911,38.07199,0.84185916,-1,-1,-1
415,11850,815.25134,271.00858,77.744446,39.429413,0.8276921,-1,-1,-1
415,11864,588.06116,262.41724,80.392395,44.30545,0.812369,-1,-1,-1
415,11860,715.0848,153.94359,58.633667,29.965515,0.66203916,-1,-1,-1
415,11871,574.0627,335.08105,89.331726,46.27484,0.82005113,-1,-1,-1
415,11876,689.6145,198.05098,69.95715,34.41745,0.8393715,-1,-1,-1
415,11837,932.0875,274.55945,71.309875,44.210663,0.84484875,-1,-1,-1
415,11835,424.2456,167.66763,67.92819,33.65985,0.8474403,-1,-1,-1
415,11886,892.3,167.11372,58.24121,28.652588,0.83267254,-1,-1,-1
415,11905,944.78033,141.91364,48.199524,28.185196,0.8197048,-1,-1,-1
415,11907,105.8198,389.51923,90.846565,59.464264,0.85211545,-1,-1,-1
415,11912,984.2104,185.12982,25.015625,30.970596,0.80644786,-1,-1,-1
416,11669,465.96906,98.36387,30.205536,41.02471,0.8385092,-1,-1,-1
416,11714,235.76741,260.61487,83.57689,41.13434,0.84479856,-1,-1,-1
416,11724,352.05664,244.19467,76.61133,38.119232,0.8855535,-1,-1,-1
416,11706,108.34046,277.37494,103.32426,46.30139,0.84651875,-1,-1,-1
416,11802,150.77878,199.16245,82.62161,44.007034,0.8235785,-1,-1,-1
416,11840,283.66916,221.91154,81.33136,38.05626,0.8334315,-1,-1,-1
416,11850,819.674,270.76196,78.11377,39.62439,0.8291032,-1,-1,-1
416,11864,593.51373,262.3328,80.45691,44.37387,0.80291224,-1,-1,-1
416,11860,711.60834,154.05717,59.435852,30.390152,0.66360486,-1,-1,-1
416,11871,579.7818,334.28915,90.32367,46.912903,0.83170193,-1,-1,-1
416,11876,684.83685,198.61903,69.77173,34.406082,0.80917454,-1,-1,-1
416,11837,936.37366,274.68173,71.07733,44.02191,0.8344684,-1,-1,-1
416,11835,419.29938,168.11992,67.46735,33.456802,0.8458079,-1,-1,-1
416,11886,889.8188,167.37213,58.27997,28.64711,0.8299119,-1,-1,-1
416,11905,940.9799,141.92824,49.741516,28.600677,0.82018286,-1,-1,-1
416,11907,113.48716,388.59036,94.30384,60.40976,0.8745667,-1,-1,-1
416,11912,980.6256,185.48836,27.69635,31.029709,0.8219051,-1,-1,-1
417,11669,465.79105,98.53286,30.328613,41.045647,0.8335154,-1,-1,-1
417,11714,234.97386,261.06573,84.232285,41.422974,0.83920807,-1,-1,-1
417,11724,351.84058,244.22786,76.93805,38.24315,0.85057783,-1,-1,-1
417,11706,108.280785,277.87076,103.25068,46.21283,0.84879804,-1,-1,-1
417,11802,144.59277,200.23111,82.809784,44.07959,0.8446691,-1,-1,-1
417,11840,277.22238,222.68556,80.85596,38.05452,0.8526371,-1,-1,-1
417,11850,823.8374,270.48898,78.44684,39.823364,0.83769023,-1,-1,-1
417,11864,599.22626,261.9477,80.40259,44.369446,0.8099804,-1,-1,-1
417,11860,707.75684,153.8176,60.354614,30.980484,0.7914207,-1,-1,-1
417,11871,587.38336,333.96387,90.43677,46.894684,0.8114193,-1,-1,-1
417,11876,679.9968,198.9838,69.305664,34.20125,0.8439319,-1,-1,-1
417,11837,940.1178,274.9964,71.41608,44.145905,0.8373375,-1,-1,-1
417,11835,414.30707,168.66486,67.21979,33.391617,0.83707017,-1,-1,-1
417,11886,887.469,167.63998,58.58441,28.721802,0.8192002,-1,-1,-1
417,11905,937.5147,142.05162,51.00464,28.874146,0.81700385,-1,-1,-1
417,11907,121.65328,387.8494,96.26237,60.508606,0.85678613,-1,-1,-1
417,11912,977.4603,185.9297,30.658691,31.300049,0.8308104,-1,-1,-1
418,11669,465.8677,98.77563,30.264893,40.828835,0.82924855,-1,-1,-1
418,11714,234.51187,261.5649,84.5188,41.585297,0.84547776,-1,-1,-1
418,11724,350.51144,244.40166,79.57596,39.716354,0.8554928,-1,-1,-1
418,11706,107.39249,278.00705,103.89392,46.461945,0.8388864,-1,-1,-1
418,11802,138.56757,201.08405,83.21268,44.294937,0.8258911,-1,-1,-1
418,11840,272.08157,223.73141,79.4108,37.537292,0.84963304,-1,-1,-1
418,11850,828.5763,270.75504,77.8667,39.636536,0.8441604,-1,-1,-1
418,11864,604.6532,260.91675,82.07593,45.366364,0.8216456,-1,-1,-1
418,11860,704.2217,154.57066,59.744995,30.69101,0.81001616,-1,-1,-1
418,11871,593.14996,333.42438,90.318115,46.897095,0.84842134,-1,-1,-1
418,11876,674.85425,199.45497,69.46222,34.32921,0.83158123,-1,-1,-1
418,11837,944.17926,275.4391,70.9975,43.7547,0.8307769,-1,-1,-1
418,11835,409.32846,169.06815,66.760254,33.26831,0.84546393,-1,-1,-1
418,11886,885.28564,167.95769,58.51886,28.680222,0.83625144,-1,-1,-1
418,11905,934.6926,142.09622,51.738586,28.902283,0.8273137,-1,-1,-1
418,11907,129.51857,387.05728,97.80563,60.37497,0.85763466,-1,-1,-1
418,11912,973.26184,186.40024,33.396606,31.27594,0.80979896,-1,-1,-1
419,11669,465.84763,98.84648,30.30957,40.779068,0.82384014,-1,-1,-1
419,11714,234.58554,261.83197,84.39307,41.518555,0.8399309,-1,-1,-1
419,11724,350.11453,244.58437,80.67087,40.380478,0.84641814,-1,-1,-1
419,11706,107.13553,277.8674,104.101,46.510956,0.8477623,-1,-1,-1
419,11802,133.37843,201.8391,82.13147,43.450867,0.8499985,-1,-1,-1
419,11840,266.7714,224.61104,78.27667,37.05623,0.8709397,-1,-1,-1
419,11850,832.9671,270.23343,78.66492,40.18576,0.8269054,-1,-1,-1
419,11864,608.28754,259.39206,84.182556,46.746796,0.8173417,-1,-1,-1
419,11860,701.1213,155.20557,58.711426,30.1689,0.8145355,-1,-1,-1
419,11871,597.7179,333.26837,89.683105,46.882294,0.8231824,-1,-1,-1
419,11876,669.0625,199.79231,69.67816,34.532944,0.8306915,-1,-1,-1
419,11837,948.11554,275.7076,71.25128,43.80783,0.82180846,-1,-1,-1
419,11835,404.04715,169.60634,66.66855,33.29895,0.8493434,-1,-1,-1
419,11886,882.74664,168.07053,59.235962,29.006287,0.808579,-1,-1,-1
419,11905,930.8219,142.15466,53.0307,29.311752,0.81366736,-1,-1,-1
419,11907,137.58827,386.25497,100.23628,61.13611,0.8644861,-1,-1,-1
419,11912,968.4689,187.0032,36.477966,31.6053,0.829596,-1,-1,-1
420,11669,465.9864,98.91571,30.426605,40.878723,0.813899,-1,-1,-1
420,11714,233.81816,261.67764,85.13594,41.872223,0.8571732,-1,-1,-1
420,11724,349.94824,244.77013,81.339935,40.828842,0.84827095,-1,-1,-1
420,11706,105.98548,277.6718,105.6937,47.295746,0.83905655,-1,-1,-1
420,11802,125.64477,202.12592,84.567955,44.763535,0.8586143,-1,-1,-1
420,11840,261.13663,225.31113,77.82312,36.77533,0.84518176,-1,-1,-1
420,11850,837.15045,270.02017,78.655334,40.209442,0.8342294,-1,-1,-1
420,11864,613.23224,258.44427,86.244995,47.999237,0.8075841,-1,-1,-1
420,11860,697.8863,155.57123,58.24756,29.931442,0.8199961,-1,-1,-1
420,11871,602.76825,332.95322,89.46948,47.07187,0.8066134,-1,-1,-1
420,11876,663.569,199.78085,70.80475,35.18405,0.80380833,-1,-1,-1
420,11837,951.42755,276.14005,71.346436,43.852966,0.83099186,-1,-1,-1
420,11835,399.2325,169.97081,66.71451,33.432617,0.84084874,-1,-1,-1
420,11886,880.25934,168.48291,59.165833,28.966507,0.8244255,-1,-1,-1
420,11905,927.6133,142.20145,53.662537,29.418762,0.81833965,-1,-1,-1
420,11907,146.23528,385.70883,101.160416,60.960754,0.8509591,-1,-1,-1
420,11912,963.90533,187.44551,39.077454,31.513535,0.8256751,-1,-1,-1
421,11669,465.69266,98.835014,30.43814,41.005867,0.8087793,-1,-1,-1
421,11714,233.66928,262.0089,84.72711,41.60202,0.84092075,-1,-1,-1
421,11724,350.00488,244.9568,81.34015,40.954422,0.8502325,-1,-1,-1
421,11706,104.704636,278.12808,107.389084,48.208588,0.8304477,-1,-1,-1
421,11802,118.7357,202.71619,84.30203,44.571686,0.85885054,-1,-1,-1
421,11840,254.43797,226.32228,76.87825,36.339615,0.8476978,-1,-1,-1
421,11850,841.9348,269.94766,77.729004,39.7222,0.82674044,-1,-1,-1
421,11864,620.23193,258.38083,84.23126,46.759308,0.8575732,-1,-1,-1
421,11860,694.32,155.86612,58.49115,30.095749,0.81393266,-1,-1,-1
421,11871,608.46906,332.6156,88.76892,47.0791,0.80907243,-1,-1,-1
421,11876,659.2569,200.12958,70.73309,35.22905,0.79969585,-1,-1,-1
421,11837,954.70825,276.0961,69.29175,43.826385,0.8317852,-1,-1,-1
421,11835,394.268,170.81294,65.94998,33.041245,0.85305244,-1,-1,-1
421,11886,877.8394,168.93513,59.267944,28.94371,0.8180381,-1,-1,-1
421,11905,923.5169,142.43019,54.620422,29.724411,0.8066704,-1,-1,-1
421,11907,154.53183,385.3538,102.092865,60.84198,0.85323215,-1,-1,-1
421,11912,958.7273,188.16127,41.549072,31.393341,0.8192106,-1,-1,-1
422,11669,465.6675,98.85219,30.552856,41.29088,0.80772877,-1,-1,-1
422,11714,234.09846,262.37698,84.442215,41.47116,0.85352004,-1,-1,-1
422,11724,349.9964,245.35144,81.11212,40.96698,0.8543632,-1,-1,-1
422,11706,104.986534,278.3606,106.87888,47.993927,0.827506,-1,-1,-1
422,11802,112.56989,203.26582,84.80225,44.81456,0.85377824,-1,-1,-1
422,11840,248.32959,226.82791,76.97888,36.333313,0.85654247,-1,-1,-1
422,11850,846.41046,269.72403,78.23163,40.030365,0.8231706,-1,-1,-1
422,11864,629.596,259.0488,78.98175,43.62552,0.84616977,-1,-1,-1
422,11860,690.9166,156.15892,58.373108,30.033157,0.80936706,-1,-1,-1
422,11871,614.56195,332.0896,88.67224,47.336884,0.79562354,-1,-1,-1
422,11876,654.9305,200.50972,70.49127,35.201065,0.84131247,-1,-1,-1
422,11837,957.00476,276.07242,66.99524,44.191986,0.8273407,-1,-1,-1
422,11835,388.9884,171.52922,66.589905,33.32686,0.8357478,-1,-1,-1
422,11886,875.67,169.19176,59.65869,29.012405,0.83290654,-1,-1,-1
422,11905,920.3292,142.61787,55.18097,29.786392,0.81951755,-1,-1,-1
422,11907,163.18973,385.31702,102.56976,60.442688,0.84704125,-1,-1,-1
422,11912,953.1598,188.71762,43.522705,31.119278,0.8251616,-1,-1,-1
423,11669,465.6084,98.917915,30.583893,41.469215,0.8087926,-1,-1,-1
423,11714,234.12122,262.83084,83.94861,41.20114,0.8437157,-1,-1,-1
423,11724,349.9645,245.36754,81.408356,41.266403,0.8564217,-1,-1,-1
423,11706,105.2948,278.9669,106.94095,48.051666,0.83211213,-1,-1,-1
423,11802,106.53166,204.02266,84.30417,44.420105,0.8768252,-1,-1,-1
423,11840,241.40868,227.29807,77.5645,36.562775,0.8666046,-1,-1,-1
423,11850,850.92554,269.45605,78.32214,40.081665,0.85467666,-1,-1,-1
423,11864,637.2998,259.4006,75.52954,41.383636,0.8349601,-1,-1,-1
423,11860,687.0073,156.1747,59.03009,30.432129,0.8137399,-1,-1,-1
423,11871,620.27814,332.24435,85.92084,46.174957,0.7626729,-1,-1,-1
423,11876,649.9995,201.10268,69.916626,34.917175,0.82516724,-1,-1,-1
423,11837,959.4671,276.02435,64.5329,44.138367,0.8078914,-1,-1,-1
423,11835,383.86285,172.00806,66.178345,33.129517,0.84448516,-1,-1,-1
423,11886,872.8119,169.28212,60.20996,29.26091,0.8251135,-1,-1,-1
423,11905,917.28,142.72295,55.38324,29.743301,0.8062023,-1,-1,-1
423,11907,171.45595,384.96655,103.59706,60.487823,0.88480014,-1,-1,-1
423,11912,946.5203,189.27116,45.166443,30.758636,0.83614,-1,-1,-1
424,11669,465.4221,99.02068,30.589691,41.603996,0.80798906,-1,-1,-1
424,11714,234.0064,263.1506,83.66997,40.981995,0.8454627,-1,-1,-1
424,11724,349.7987,245.50703,81.64319,41.52861,0.8532,-1,-1,-1
424,11706,105.60981,279.52286,106.55015,47.901306,0.8367386,-1,-1,-1
424,11802,99.84162,204.7956,83.915306,44.09842,0.8638892,-1,-1,-1
424,11840,234.63242,227.84026,78.24313,36.85591,0.8582475,-1,-1,-1
424,11850,855.4732,269.41785,77.607666,39.764862,0.8372979,-1,-1,-1
424,11864,643.67395,259.7646,72.89819,39.362305,0.83915114,-1,-1,-1
424,11860,683.6196,156.46703,59.191467,30.537506,0.8068999,-1,-1,-1
424,11871,626.4296,330.95648,89.386536,48.289154,0.8087921,-1,-1,-1
424,11876,645.03973,201.75563,69.39624,34.632645,0.83344376,-1,-1,-1
424,11837,962.0419,276.10535,61.95813,43.919342,0.7456596,-1,-1,-1
424,11835,377.98788,172.25888,67.03601,33.72766,0.8455293,-1,-1,-1
424,11886,870.6225,169.72273,59.49292,28.889206,0.8279571,-1,-1,-1
424,11905,915.2141,143.03238,54.63037,29.145706,0.8106508,-1,-1,-1
424,11907,180.68102,384.60883,103.85234,60.094116,0.86114085,-1,-1,-1
424,11912,941.2287,189.88081,46.876648,30.553238,0.8369412,-1,-1,-1
424,11914,1016.78546,160.89914,6.100464,31.862595,0.45853862,-1,-1,-1
425,11669,465.48926,99.12196,30.432953,41.53676,0.8090414,-1,-1,-1
425,11714,234.66168,263.64935,82.94025,40.51602,0.84656525,-1,-1,-1
425,11724,350.0565,245.85971,80.9209,41.214935,0.85191554,-1,-1,-1
425,11706,105.70067,279.9122,106.434616,47.881927,0.8357932,-1,-1,-1
425,11802,92.72312,205.26865,84.26504,44.151337,0.8617893,-1,-1,-1
425,11840,228.83856,228.77393,78.381134,36.90735,0.8640741,-1,-1,-1
425,11850,860.81744,269.25003,76.60498,39.181915,0.8424833,-1,-1,-1
425,11864,649.45734,259.42615,73.26178,39.152832,0.84586424,-1,-1,-1
425,11860,680.4021,156.92476,58.41205,30.127762,0.81866753,-1,-1,-1
425,11871,630.6625,331.10913,95.1947,51.798553,0.7186983,-1,-1,-1
425,11876,640.5124,202.37718,68.50983,34.142212,0.8369063,-1,-1,-1
425,11837,964.68225,276.12247,59.31775,44.100586,0.76517546,-1,-1,-1
425,11835,372.59808,172.53757,67.32492,33.98192,0.85106146,-1,-1,-1
425,11886,868.77045,170.2427,58.938965,28.590363,0.8212494,-1,-1,-1
425,11905,911.5069,143.04605,55.019104,29.143127,0.79819447,-1,-1,-1
425,11907,189.35135,384.31842,103.905365,59.545624,0.8641522,-1,-1,-1
425,11912,936.99963,190.37018,48.634766,30.50563,0.8472287,-1,-1,-1
426,11669,465.46106,99.323166,30.319763,41.51619,0.80907094,-1,-1,-1
426,11714,234.59315,264.00388,82.699905,40.237183,0.8480623,-1,-1,-1
426,11724,350.0392,246.20142,80.643555,41.132416,0.8526334,-1,-1,-1
426,11706,105.46907,280.46875,106.611145,48.023285,0.8392155,-1,-1,-1
426,11802,84.87786,205.50755,85.43394,44.720505,0.8309182,-1,-1,-1
426,11840,221.89699,229.90306,78.98039,37.308395,0.8636434,-1,-1,-1
426,11850,865.1376,268.78094,76.35321,39.065796,0.83183795,-1,-1,-1
426,11864,655.1852,259.08386,74.62311,39.67752,0.82544714,-1,-1,-1
426,11860,677.46954,156.90112,59.23181,30.581146,0.816102,-1,-1,-1
426,11871,636.98694,331.1859,93.83978,51.10498,0.7691392,-1,-1,-1
426,11876,635.46063,203.01859,68.22815,34.06328,0.827115,-1,-1,-1
426,11837,966.66974,276.22562,57.33026,44.39334,0.7347449,-1,-1,-1
426,11835,367.2564,172.94766,67.57327,34.23297,0.84472215,-1,-1,-1
426,11886,866.48193,170.73938,58.441467,28.300934,0.8242238,-1,-1,-1
426,11905,907.98193,143.32057,55.346375,29.096695,0.8129352,-1,-1,-1
426,11907,197.67584,383.5399,104.582275,59.51291,0.87507826,-1,-1,-1
426,11912,932.22705,191.14828,49.867676,30.090546,0.840234,-1,-1,-1
426,11916,1012.8448,169.31128,10.221008,37.155563,0.40346837,-1,-1,-1
426,11914,1014.48346,164.27786,6.475586,32.83612,0.5240329,-1,-1,-1
427,11669,465.58972,99.5182,30.146301,41.38887,0.8077791,-1,-1,-1
427,11714,234.2252,264.21646,83.36345,40.452698,0.8495248,-1,-1,-1
427,11724,350.1493,246.48822,80.27307,40.97647,0.8535429,-1,-1,-1
427,11706,105.91269,281.12698,105.59242,47.589935,0.8437972,-1,-1,-1
427,11802,78.147255,205.87926,86.599754,45.299698,0.8379391,-1,-1,-1
427,11840,213.81808,230.72331,80.311066,37.84471,0.8550959,-1,-1,-1
427,11850,871.0755,268.66986,74.66138,38.10132,0.8513924,-1,-1,-1
427,11864,662.336,258.47516,75.93744,40.55783,0.8175851,-1,-1,-1
427,11860,673.52856,156.83228,59.727722,30.976044,0.8321495,-1,-1,-1
427,11871,644.92053,330.3868,87.27777,47.30493,0.7838755,-1,-1,-1
427,11876,630.58685,203.31621,68.42346,34.159515,0.8458631,-1,-1,-1
427,11837,969.74524,276.61166,54.25476,44.910126,0.72509384,-1,-1,-1
427,11835,361.72836,173.3628,67.88986,34.509094,0.8435166,-1,-1,-1
427,11886,863.64294,171.10635,58.146545,28.05162,0.84908104,-1,-1,-1
427,11905,904.9379,143.54797,55.533447,29.003479,0.80413705,-1,-1,-1
427,11907,206.26555,383.29663,104.01036,58.812195,0.84961164,-1,-1,-1
427,11912,926.40314,191.22903,51.732178,30.34842,0.8334487,-1,-1,-1
427,11916,1011.35706,169.98837,10.627869,38.30269,0.44891274,-1,-1,-1
427,11914,1013.1519,166.69778,6.7526245,32.541183,0.55499977,-1,-1,-1
428,11669,465.7916,99.786674,29.995728,41.278175,0.8093431,-1,-1,-1
428,11714,233.5765,264.34467,84.02908,40.661865,0.8492665,-1,-1,-1
428,11724,350.38113,246.75752,79.8327,40.742294,0.8528704,-1,-1,-1
428,11706,106.17999,281.58273,104.919495,47.241302,0.84179276,-1,-1,-1
428,11802,70.67318,206.65666,86.89507,45.29544,0.82658744,-1,-1,-1
428,11840,205.41335,231.0173,83.181625,39.214172,0.8547461,-1,-1,-1
428,11850,875.8453,268.4093,74.42706,37.865997,0.84812975,-1,-1,-1
428,11864,668.2541,258.17496,76.54126,40.940063,0.830065,-1,-1,-1
428,11860,670.0105,157.3594,59.408936,30.79834,0.82828575,-1,-1,-1
428,11871,651.2338,330.84338,85.90027,46.46631,0.7756581,-1,-1,-1
428,11876,625.71936,203.74759,68.14758,34.04236,0.8325329,-1,-1,-1
428,11837,972.5112,276.6272,51.48877,45.268127,0.74508095,-1,-1,-1
428,11835,356.29504,174.04826,67.4483,34.40335,0.8469086,-1,-1,-1
428,11886,861.1233,171.25064,58.366943,28.103577,0.81863767,-1,-1,-1
428,11905,902.0592,143.61792,55.691162,28.883057,0.81112057,-1,-1,-1
428,11907,214.95676,382.86554,104.20419,58.659943,0.8543456,-1,-1,-1
428,11912,920.80786,191.53645,53.25464,30.437561,0.82809305,-1,-1,-1
428,11916,1010.6375,168.2124,9.670471,33.943787,0.5954443,-1,-1,-1
429,11669,466.18607,100.069695,29.739075,40.994713,0.813731,-1,-1,-1
429,11714,232.75862,264.6144,84.54921,40.78882,0.8520301,-1,-1,-1
429,11724,350.76505,247.11484,79.20053,40.38913,0.84863436,-1,-1,-1
429,11706,106.064926,281.79636,104.68082,47.101135,0.847859,-1,-1,-1
429,11802,65.14139,207.54951,86.336914,44.932922,0.84255916,-1,-1,-1
429,11840,199.7029,231.8327,82.973526,39.28177,0.84997904,-1,-1,-1
429,11850,880.8323,268.6408,73.348816,37.16263,0.85674185,-1,-1,-1
429,11864,673.987,258.2298,76.00763,40.69333,0.8424467,-1,-1,-1
429,11860,666.53326,158.01376,59.00061,30.61177,0.81916326,-1,-1,-1
429,11871,655.2137,330.0975,91.2558,49.808685,0.8344704,-1,-1,-1
429,11876,621.9029,204.40233,67.155334,33.602173,0.80380654,-1,-1,-1
429,11837,975.71173,276.59277,48.28827,45.005005,0.7364635,-1,-1,-1
429,11835,351.77072,174.49107,66.29428,33.789185,0.84081453,-1,-1,-1
429,11886,858.59094,171.5038,58.58496,28.196701,0.8272639,-1,-1,-1
429,11905,898.5022,143.61703,56.043396,28.948166,0.80628455,-1,-1,-1
429,11907,223.20262,381.7525,105.40471,59.175903,0.8468013,-1,-1,-1
429,11912,915.71844,192.24493,54.112,30.221207,0.83982486,-1,-1,-1
429,11916,1009.45184,169.22433,9.967651,33.752686,0.60693765,-1,-1,-1
430,11669,466.4848,100.38591,29.39563,40.57686,0.8155865,-1,-1,-1
430,11714,231.68657,264.54745,85.743576,41.315887,0.8589689,-1,-1,-1
430,11724,350.86322,247.38918,78.776855,40.132492,0.8491317,-1,-1,-1
430,11706,106.35071,282.24213,103.75517,46.594086,0.8465964,-1,-1,-1
430,11802,58.47344,208.13002,86.5784,44.91591,0.84050775,-1,-1,-1
430,11840,193.67885,232.54971,81.62096,38.789825,0.84692943,-1,-1,-1
430,11850,885.80566,268.6063,72.994934,36.932465,0.82857555,-1,-1,-1
430,11864,679.25665,257.49915,76.501465,40.980713,0.8325851,-1,-1,-1
430,11860,663.411,158.65666,58.084717,30.11296,0.8303145,-1,-1,-1
430,11871,660.93115,329.36377,90.354126,49.47159,0.79612195,-1,-1,-1
430,11876,615.6978,205.02768,67.98468,34.09265,0.8049285,-1,-1,-1
430,11837,979.9724,276.5849,44.027588,43.8273,0.65659076,-1,-1,-1
430,11835,347.03488,175.58029,65.31119,33.14543,0.8458813,-1,-1,-1
430,11886,856.4522,171.85968,57.9162,27.766785,0.86690956,-1,-1,-1
430,11905,894.5708,143.7712,56.21344,28.845154,0.8143849,-1,-1,-1
430,11907,231.39017,380.8606,105.72995,59.27249,0.84459585,-1,-1,-1
430,11912,910.5392,193.00903,54.69098,29.973236,0.8275499,-1,-1,-1
430,11916,1008.5458,168.4435,9.651672,30.752975,0.6516918,-1,-1,-1
430,11906,975.5108,414.99005,48.489197,40.770447,0.28629872,-1,-1,-1
431,11669,466.607,100.601906,29.269592,40.461403,0.81443447,-1,-1,-1
431,11714,231.13931,264.5196,86.95239,41.941803,0.8555471,-1,-1,-1
431,11724,350.9249,247.62105,78.567535,39.966354,0.84880924,-1,-1,-1
431,11706,106.36085,282.41934,104.1937,46.69583,0.8466505,-1,-1,-1
431,11802,52.453064,208.32399,87.15527,45.175644,0.8534106,-1,-1,-1
431,11840,185.04837,232.85774,82.713745,39.49614,0.8615423,-1,-1,-1
431,11850,889.65985,268.35773,73.457825,37.13559,0.81974036,-1,-1,-1
431,11864,685.5146,257.3141,75.151855,40.13492,0.8422095,-1,-1,-1
431,11860,659.68646,159.19742,57.752563,29.831543,0.8211276,-1,-1,-1
431,11871,667.81726,328.98288,86.16022,46.95233,0.80456704,-1,-1,-1
431,11876,609.7986,205.49554,69.12024,34.891434,0.8117063,-1,-1,-1
431,11837,984.19257,276.4208,39.807434,42.717163,0.72936374,-1,-1,-1
431,11835,341.42603,175.90935,65.6875,33.31111,0.8458359,-1,-1,-1
431,11886,854.7266,172.14946,57.7099,27.583115,0.830262,-1,-1,-1
431,11905,891.16,143.6672,56.73584,29.002106,0.81646025,-1,-1,-1
431,11907,240.04858,379.9581,105.67026,59.18573,0.8396287,-1,-1,-1
431,11912,905.71967,193.45766,55.17041,29.664597,0.82170844,-1,-1,-1
431,11916,1007.0844,168.14865,9.855469,28.881836,0.7185562,-1,-1,-1
431,11906,977.1168,414.7997,46.88318,41.317413,0.3171296,-1,-1,-1
432,11669,466.38165,100.766174,29.326996,40.59291,0.81455463,-1,-1,-1
432,11714,230.74687,264.63193,87.57271,42.316772,0.8532219,-1,-1,-1
432,11724,351.0631,247.88983,78.40994,39.805145,0.85314804,-1,-1,-1
432,11706,106.02144,282.64212,104.28485,46.654785,0.8407969,-1,-1,-1
432,11802,46.146866,209.08507,86.3091,44.566925,0.8514945,-1,-1,-1
432,11840,177.65239,233.45238,83.149796,39.902634,0.8625347,-1,-1,-1
432,11850,895.1172,268.6562,71.40576,35.85385,0.8249158,-1,-1,-1
432,11864,690.9998,256.68195,76.53247,40.853302,0.8274992,-1,-1,-1
432,11860,655.91595,159.72433,57.231934,29.504623,0.82036036,-1,-1,-1
432,11871,673.31055,329.04745,86.128296,46.995758,0.7914764,-1,-1,-1
432,11876,603.6423,205.81862,70.135315,35.425446,0.8447799,-1,-1,-1
432,11837,986.6377,277.04312,37.362305,44.185577,0.6958699,-1,-1,-1
432,11835,335.8955,176.8507,65.960846,33.382507,0.84205776,-1,-1,-1
432,11886,852.2332,172.32277,58.611816,27.9422,0.8228155,-1,-1,-1
432,11905,888.2216,143.74391,56.831116,28.913864,0.82285255,-1,-1,-1
432,11907,248.94551,379.37048,104.713425,58.43036,0.83879405,-1,-1,-1
432,11912,900.5322,194.04568,56.344482,29.73671,0.8062964,-1,-1,-1
432,11916,1005.46576,167.53479,10.769226,28.822311,0.67425597,-1,-1,-1
432,11906,978.54315,415.1824,45.45685,40.782562,0.34250152,-1,-1,-1
433,11669,466.31375,100.834724,29.322876,40.622612,0.8139607,-1,-1,-1
433,11714,230.34131,265.01904,87.9187,42.562134,0.8546449,-1,-1,-1
433,11724,350.88614,248.00154,78.69992,39.899704,0.8531915,-1,-1,-1
433,11706,105.37938,282.875,104.64267,46.745758,0.84532374,-1,-1,-1
433,11802,38.309055,209.11586,88.40169,45.48764,0.8406168,-1,-1,-1
433,11840,170.74884,234.12012,82.3423,39.697723,0.8721664,-1,-1,-1
433,11850,899.04785,268.1469,72.71924,36.506348,0.8200507,-1,-1,-1
433,11864,697.07855,256.26068,76.08978,40.586304,0.8457873,-1,-1,-1
433,11860,652.5803,159.95099,57.996582,29.798553,0.8252182,-1,-1,-1
433,11871,680.47894,329.04297,84.15509,45.924835,0.8016979,-1,-1,-1
433,11876,596.9261,205.6756,73.51239,37.333496,0.8407215,-1,-1,-1
433,11835,330.82202,177.34174,66.14334,33.40097,0.8479739,-1,-1,-1
433,11886,850.08777,172.44214,59.31201,28.1801,0.83902955,-1,-1,-1
433,11905,885.05646,143.86331,57.439087,29.14476,0.8192827,-1,-1,-1
433,11907,257.28247,379.02325,104.11243,57.888916,0.8454686,-1,-1,-1
433,11912,895.3212,194.42242,57.330933,29.827972,0.7872189,-1,-1,-1
433,11916,1003.9988,166.71199,11.9418335,29.186707,0.7060634,-1,-1,-1
433,11906,978.13226,413.6004,45.867737,42.31909,0.32846043,-1,-1,-1
434,11669,466.32547,100.93927,29.356201,40.718704,0.81122136,-1,-1,-1
434,11714,229.74908,265.25165,88.382416,42.849762,0.8559137,-1,-1,-1
434,11724,350.68713,248.13066,79.003815,40.01561,0.85564315,-1,-1,-1
434,11706,105.194855,283.26938,104.55737,46.647003,0.84151137,-1,-1,-1
434,11802,30.265257,209.45801,90.5862,46.503326,0.84824896,-1,-1,-1
434,11840,163.51115,235.04214,81.37401,39.432617,0.8637397,-1,-1,-1
434,11850,903.45966,267.96918,73.098206,36.665527,0.8226579,-1,-1,-1
434,11864,702.3172,255.91481,76.07349,40.603683,0.82069254,-1,-1,-1
434,11860,647.709,159.8311,59.79608,30.75026,0.83686805,-1,-1,-1
434,11871,683.8164,328.9943,83.583984,45.089966,0.82286793,-1,-1,-1
434,11876,590.5236,205.75539,74.63263,38.034943,0.87115574,-1,-1,-1
434,11835,325.3949,177.9883,66.05057,33.218872,0.83460164,-1,-1,-1
434,11886,847.36536,172.71484,59.281982,28.045364,0.8748818,-1,-1,-1
434,11905,882.24384,144.02507,57.400818,28.998962,0.8180043,-1,-1,-1
434,11907,265.85077,378.91318,103.397,57.186768,0.84888655,-1,-1,-1
434,11912,889.7011,194.63823,58.25238,29.919998,0.82384896,-1,-1,-1
434,11916,1002.15735,166.40436,13.412781,29.878632,0.68882215,-1,-1,-1
434,11906,978.31085,413.29535,45.689148,42.9617,0.25765416,-1,-1,-1
434,11918,1005.63525,272.52435,18.364746,44.705353,0.4581044,-1,-1,-1
435,11669,466.44528,101.125374,29.301147,40.67295,0.8135467,-1,-1,-1
435,11714,229.46985,265.42944,89.00568,43.242615,0.84457153,-1,-1,-1
435,11724,350.45792,248.55736,78.88217,39.907547,0.8652129,-1,-1,-1
435,11706,105.92522,284.194,103.51126,46.05139,0.8481204,-1,-1,-1
435,11802,24.726366,210.46759,90.273094,46.236176,0.8310943,-1,-1,-1
435,11840,156.47894,235.89137,80.906204,39.39882,0.84694403,-1,-1,-1
435,11850,907.7328,267.87354,73.41614,36.762512,0.823568,-1,-1,-1
435,11864,707.7106,255.62506,76.877014,40.994843,0.8456769,-1,-1,-1
435,11860,643.9165,160.56273,59.427917,30.498016,0.8274611,-1,-1,-1
435,11871,691.3425,328.8042,82.3797,44.275665,0.8289453,-1,-1,-1
435,11876,584.87286,206.37433,73.86139,37.504166,0.8670881,-1,-1,-1
435,11835,319.89844,178.77188,65.6821,32.87184,0.835267,-1,-1,-1
435,11886,844.4072,172.69702,60.83026,28.74199,0.84346324,-1,-1,-1
435,11905,879.3345,143.99358,57.658936,29.033829,0.8324766,-1,-1,-1
435,11907,274.6506,378.28867,103.84885,57.134644,0.8651975,-1,-1,-1
435,11912,884.4234,194.98372,59.73291,30.31871,0.8092898,-1,-1,-1
435,11916,1000.5354,166.91556,14.72699,29.869263,0.68696487,-1,-1,-1
436,11669,466.62537,101.16518,29.267365,40.692047,0.8146626,-1,-1,-1
436,11714,229.93283,265.56302,88.60812,43.167236,0.8389788,-1,-1,-1
436,11724,350.2254,248.75732,79.094055,39.996338,0.8768729,-1,-1,-1
436,11706,104.99626,284.23138,104.646515,46.555542,0.84343195,-1,-1,-1
436,11802,17.281475,210.97258,91.01593,46.508926,0.84897375,-1,-1,-1
436,11840,150.94307,236.63332,80.50577,39.199203,0.84539604,-1,-1,-1
436,11850,912.1173,267.4523,73.91815,36.981873,0.8233996,-1,-1,-1
436,11864,714.1654,255.21144,75.260376,40.077103,0.8257042,-1,-1,-1
436,11860,640.4785,160.78061,59.586365,30.585007,0.80002123,-1,-1,-1
436,11871,698.1115,328.2841,82.74603,44.49716,0.8486383,-1,-1,-1
436,11876,578.97656,206.1381,74.11664,37.670654,0.8731098,-1,-1,-1
436,11835,313.78265,179.40941,65.509796,32.700058,0.83836937,-1,-1,-1
436,11886,840.944,172.74701,60.872498,28.848572,0.8457237,-1,-1,-1
436,11905,876.108,143.89197,57.87317,29.055939,0.8222906,-1,-1,-1
436,11907,284.39474,377.61465,103.26727,56.52118,0.83405197,-1,-1,-1
436,11912,879.13965,195.06421,61.042175,30.635605,0.82261354,-1,-1,-1
436,11916,998.6329,167.21896,16.15503,29.76204,0.72397506,-1,-1,-1
437,11669,466.60992,101.2869,29.209442,40.700386,0.81227124,-1,-1,-1
437,11714,230.09389,265.84402,88.52199,43.247955,0.85758275,-1,-1,-1
437,11724,350.05228,248.89145,79.18884,40.038116,0.87449515,-1,-1,-1
437,11706,104.45827,284.40738,104.691956,46.571686,0.8391631,-1,-1,-1
437,11802,10.669442,212.03004,90.80701,46.188766,0.85376066,-1,-1,-1
437,11840,144.08948,237.40694,81.34296,39.606094,0.86550665,-1,-1,-1
437,11850,916.6468,267.11392,74.1189,37.039856,0.834331,-1,-1,-1
437,11864,719.65875,254.84108,75.32745,40.19307,0.8309931,-1,-1,-1
437,11860,637.0971,161.65118,58.36615,29.885498,0.81301033,-1,-1,-1
437,11871,704.486,327.94247,82.06604,44.227234,0.8572943,-1,-1,-1
437,11876,573.3612,205.86504,75.04108,38.257935,0.8393918,-1,-1,-1
437,11835,308.37497,179.71788,66.099915,32.94571,0.85179174,-1,-1,-1
437,11886,838.22345,172.81837,60.84491,28.89769,0.8387885,-1,-1,-1
437,11905,872.77264,143.98604,58.087708,29.04779,0.83378524,-1,-1,-1
437,11907,291.7203,376.72244,104.11871,56.859863,0.8300844,-1,-1,-1
437,11912,874.12177,195.04253,62.364502,30.976913,0.8342466,-1,-1,-1
437,11916,996.3426,167.36206,17.903442,30.009552,0.7433573,-1,-1,-1
438,11669,466.6217,101.31613,29.398254,41.00197,0.8125105,-1,-1,-1
438,11714,230.25517,265.97345,88.303085,43.280487,0.8702862,-1,-1,-1
438,11724,349.94284,248.91603,79.24136,40.081284,0.87788564,-1,-1,-1
438,11706,103.87985,284.7206,104.807434,46.62625,0.8383966,-1,-1,-1
438,11802,4.122283,212.95082,90.20098,45.730453,0.8674383,-1,-1,-1
438,11840,137.16101,238.03589,81.033585,39.382782,0.85263705,-1,-1,-1
438,11850,920.94653,266.93085,74.41254,37.152344,0.82958037,-1,-1,-1
438,11864,725.24835,254.13918,75.0661,40.092422,0.83815306,-1,-1,-1
438,11860,632.8323,161.51355,59.806763,30.622177,0.83008105,-1,-1,-1
438,11871,708.83545,327.2494,83.069214,44.81781,0.84219724,-1,-1,-1
438,11876,567.4499,206.31432,74.87891,38.40558,0.82637364,-1,-1,-1
438,11835,302.89087,180.20189,65.956116,32.98799,0.83685476,-1,-1,-1
438,11886,835.80853,172.75279,61.259888,29.107986,0.84810054,-1,-1,-1
438,11905,869.1925,144.27075,58.230835,28.982422,0.8244566,-1,-1,-1
438,11907,298.49692,376.60117,103.67108,56.59674,0.81850356,-1,-1,-1
438,11912,868.208,195.3618,62.95349,31.153656,0.8281585,-1,-1,-1
438,11916,993.9082,167.36937,19.847961,30.344482,0.71911556,-1,-1,-1
438,11906,982.11426,415.0573,41.885742,41.779724,0.27903506,-1,-1,-1
439,11669,466.58652,101.45953,29.247437,40.877518,0.8167178,-1,-1,-1
439,11714,230.40298,266.04956,88.1886,43.356415,0.8745359,-1,-1,-1
439,11724,350.04523,249.0746,79.216095,40.081894,0.90990096,-1,-1,-1
439,11706,103.80786,284.92105,104.87265,46.68811,0.8360105,-1,-1,-1
439,11802,0.0,213.8404,88.875275,45.65811,0.85171425,-1,-1,-1
439,11840,129.83102,238.67078,82.170456,39.90686,0.8331323,-1,-1,-1
439,11850,925.2815,266.52097,75.01422,37.421173,0.82418764,-1,-1,-1
439,11864,730.408,253.7513,75.503845,40.362778,0.83272314,-1,-1,-1
439,11860,629.4697,162.05458,59.13385,30.220627,0.8020709,-1,-1,-1
439,11871,714.35297,326.9147,82.90851,44.792725,0.8545405,-1,-1,-1
439,11876,561.9785,206.7827,73.703735,38.074738,0.815268,-1,-1,-1
439,11835,297.0573,180.69046,66.2713,33.11885,0.8415668,-1,-1,-1
439,11886,833.33185,172.78362,61.183533,29.061203,0.8658765,-1,-1,-1
439,11905,866.4717,144.46956,57.724304,28.611115,0.8342739,-1,-1,-1
439,11907,307.52576,375.76672,104.405,56.985077,0.8453945,-1,-1,-1
439,11912,863.9614,196.02168,62.659546,30.667816,0.83200353,-1,-1,-1
439,11916,991.9077,167.9036,21.523499,30.053482,0.76373714,-1,-1,-1
440,11669,466.64615,101.509926,29.170868,40.876137,0.81468856,-1,-1,-1
440,11714,230.48688,266.19485,87.81479,43.27478,0.85863584,-1,-1,-1
440,11724,349.80347,249.11342,79.53061,40.280228,0.912569,-1,-1,-1
440,11706,103.9712,285.3357,104.68386,46.596924,0.8414292,-1,-1,-1
440,11802,0.0,214.35028,84.277,45.669373,0.8418132,-1,-1,-1
440,11840,122.02125,239.29541,82.44491,39.92096,0.8320068,-1,-1,-1
440,11850,929.67584,266.21924,74.93628,37.35141,0.82117075,-1,-1,-1
440,11864,736.14264,253.2883,74.63922,39.91455,0.84437245,-1,-1,-1
440,11860,626.09125,162.62827,58.745544,29.863235,0.79381377,-1,-1,-1
440,11871,719.9427,326.68857,81.495605,44.00238,0.8526409,-1,-1,-1
440,11876,556.694,206.963,74.00812,38.380783,0.8389811,-1,-1,-1
440,11835,290.24997,180.72733,68.15875,34.135727,0.8448993,-1,-1,-1
440,11886,831.09045,172.98396,61.247864,29.048004,0.8509508,-1,-1,-1
440,11905,863.37915,144.5542,57.10785,28.1577,0.8302984,-1,-1,-1
440,11907,314.85287,374.5046,105.11044,57.57788,0.83642364,-1,-1,-1
440,11912,858.92194,196.75513,62.71234,30.45401,0.8291355,-1,-1,-1
440,11916,989.4452,167.804,23.664734,30.268524,0.72864234,-1,-1,-1
441,11669,466.76706,101.53274,29.201355,41.01763,0.81869096,-1,-1,-1
441,11714,230.40251,266.79483,87.46602,43.15207,0.846731,-1,-1,-1
441,11724,349.8587,249.32275,78.98593,39.956787,0.85765415,-1,-1,-1
441,11706,103.8233,285.34207,104.99452,46.736053,0.8484586,-1,-1,-1
441,11802,0.0,214.63089,80.296265,45.72824,0.8421223,-1,-1,-1
441,11840,113.39089,239.72578,82.823006,40.13701,0.84904224,-1,-1,-1
441,11850,933.721,266.07874,74.84503,37.306732,0.8130385,-1,-1,-1
441,11864,741.2085,252.81868,74.87695,40.02623,0.8481274,-1,-1,-1
441,11860,620.7394,162.67625,59.045105,29.863861,0.74835676,-1,-1,-1
441,11871,725.3297,326.57422,80.896484,43.605194,0.85866314,-1,-1,-1
441,11876,552.3714,207.22144,74.37891,38.62509,0.84317386,-1,-1,-1
441,11835,284.50494,180.97807,67.995544,34.05574,0.83673596,-1,-1,-1
441,11886,828.19995,173.03342,61.171936,29.042862,0.8474847,-1,-1,-1
441,11905,860.4436,145.08736,56.880676,27.773026,0.82899165,-1,-1,-1
441,11907,323.01868,373.65955,104.91324,57.563904,0.78664446,-1,-1,-1
441,11912,853.0955,197.07834,63.92096,30.866577,0.8368268,-1,-1,-1
441,11916,987.38873,168.25383,25.060974,29.254288,0.7057331,-1,-1,-1
442,11669,466.89163,101.50362,29.247559,41.11815,0.8166595,-1,-1,-1
442,11714,230.24258,267.06567,87.41345,43.162415,0.8476547,-1,-1,-1
442,11724,349.68323,249.56195,79.20102,40.030365,0.8870889,-1,-1,-1
442,11706,103.54184,285.5088,105.46037,46.92169,0.8524358,-1,-1,-1
442,11802,0.0,215.50665,75.56872,45.227844,0.6963065,-1,-1,-1
442,11840,105.008965,240.51953,83.66686,40.556732,0.8386519,-1,-1,-1
442,11850,939.1094,265.94464,73.89545,36.6882,0.8069054,-1,-1,-1
442,11864,746.82855,252.21483,75.06244,40.126266,0.85169566,-1,-1,-1
442,11860,615.8138,162.72125,59.961975,30.240036,0.7787026,-1,-1,-1
442,11871,729.4723,325.6906,81.99176,44.247925,0.86384296,-1,-1,-1
442,11876,547.12897,207.83348,74.64044,38.729324,0.8380594,-1,-1,-1
442,11835,278.9139,181.22034,67.81726,33.956955,0.8260247,-1,-1,-1
442,11886,825.9945,173.3731,60.593384,28.681625,0.8329486,-1,-1,-1
442,11905,856.15564,145.11485,57.792725,28.156128,0.8260385,-1,-1,-1
442,11907,329.82938,372.45758,106.91034,58.87863,0.80955786,-1,-1,-1
442,11912,847.87756,197.49652,63.947327,30.6772,0.84506094,-1,-1,-1
442,11916,985.05554,168.3382,27.280945,29.334885,0.7596046,-1,-1,-1
442,11906,985.06573,415.04434,38.934265,39.0401,0.3846453,-1,-1,-1
443,11669,467.02194,101.51321,29.248322,41.164803,0.8144719,-1,-1,-1
443,11714,230.0739,267.312,87.62218,43.2883,0.84992665,-1,-1,-1
443,11724,348.68414,249.84224,81.62955,41.4261,0.8513041,-1,-1,-1
443,11706,103.429276,285.85077,105.638016,46.935028,0.8520607,-1,-1,-1
443,11802,0.0,216.2233,70.78425,45.18445,0.62222975,-1,-1,-1
443,11840,97.651306,241.90105,84.27324,40.74788,0.8613797,-1,-1,-1
443,11850,943.19464,265.16806,74.765076,37.13159,0.82069373,-1,-1,-1
443,11864,752.16815,251.69981,75.495605,40.390366,0.84386826,-1,-1,-1
443,11860,611.74457,164.22318,59.255432,29.618118,0.7740779,-1,-1,-1
443,11871,734.66376,325.34854,82.46802,44.469208,0.848558,-1,-1,-1
443,11876,542.26587,209.08746,73.872314,38.24469,0.81598157,-1,-1,-1
443,11835,272.47845,181.34515,68.49429,34.381317,0.83107775,-1,-1,-1
443,11886,823.2409,173.74757,59.95697,28.355377,0.84693694,-1,-1,-1
443,11905,852.8821,145.14832,58.27057,28.311157,0.8320602,-1,-1,-1
443,11907,338.57507,371.69446,107.46802,59.541077,0.86770076,-1,-1,-1
443,11912,842.33466,197.91962,64.54108,30.811783,0.8444815,-1,-1,-1
443,11916,982.7026,168.37123,29.636963,29.533783,0.7681342,-1,-1,-1
443,11906,985.5397,414.7741,38.460327,39.418365,0.42378077,-1,-1,-1
444,11669,467.1001,101.59965,29.212341,41.149345,0.81370336,-1,-1,-1
444,11714,229.93887,267.45947,87.98041,43.529022,0.84900594,-1,-1,-1
444,11724,348.47046,250.39484,82.386536,41.924805,0.8558022,-1,-1,-1
444,11706,103.189896,286.1794,105.76193,46.92105,0.8413358,-1,-1,-1
444,11802,0.0,216.82631,66.24424,45.147934,0.68806535,-1,-1,-1
444,11840,90.33358,242.88889,84.02799,40.578644,0.84708667,-1,-1,-1
444,11850,946.52374,264.4772,76.34387,38.05365,0.8298731,-1,-1,-1
444,11864,757.7148,251.05174,76.15369,40.68474,0.8398584,-1,-1,-1
444,11860,604.69714,162.74223,63.033203,31.440613,0.7556025,-1,-1,-1
444,11871,740.7915,325.12668,82.02136,44.16809,0.85204035,-1,-1,-1
444,11876,536.19696,210.03453,73.20184,37.888107,0.84128976,-1,-1,-1
444,11835,266.57245,181.72292,68.87665,34.714478,0.8287778,-1,-1,-1
444,11886,820.7417,174.08641,59.31079,27.969162,0.84664077,-1,-1,-1
444,11905,849.34283,144.75085,58.4729,28.325607,0.8391837,-1,-1,-1
444,11907,346.33154,370.134,108.00156,60.137024,0.8557546,-1,-1,-1
444,11912,836.832,197.86673,65.0661,30.94667,0.83928806,-1,-1,-1
444,11916,980.2326,168.60121,32.16864,29.781738,0.7710737,-1,-1,-1
444,11906,986.2808,414.85458,37.719177,39.249695,0.45469135,-1,-1,-1
445,11669,467.07892,101.65906,29.23291,41.226456,0.8128421,-1,-1,-1
445,11714,229.67654,267.5917,88.34738,43.776886,0.8520764,-1,-1,-1
445,11724,348.522,250.58376,81.96591,41.850906,0.8543819,-1,-1,-1
445,11706,103.15054,286.28012,106.07567,47.061005,0.8399809,-1,-1,-1
445,11802,0.0,216.78601,62.82513,45.970367,0.7991452,-1,-1,-1
445,11840,82.698074,243.773,84.40277,40.629715,0.866491,-1,-1,-1
445,11850,950.13654,264.20444,73.863464,38.18521,0.81016904,-1,-1,-1
445,11864,763.0682,250.40378,75.78845,40.45883,0.8394222,-1,-1,-1
445,11860,599.75305,162.02168,64.81781,32.301483,0.7620102,-1,-1,-1
445,11871,746.08466,324.8775,82.36859,44.325226,0.84784997,-1,-1,-1
445,11876,529.95416,210.56458,73.388916,38.064148,0.8115019,-1,-1,-1
445,11835,259.95206,182.31116,68.83066,34.738525,0.8414848,-1,-1,-1
445,11886,818.56067,174.33661,58.988342,27.72937,0.8474666,-1,-1,-1
445,11905,845.4206,144.28069,59.43927,28.77266,0.81985146,-1,-1,-1
445,11907,355.63556,370.31683,105.464874,58.684814,0.86099494,-1,-1,-1
445,11912,832.15533,198.09758,64.737976,30.629486,0.85378695,-1,-1,-1
445,11916,978.33856,169.02075,34.34497,29.724884,0.7973045,-1,-1,-1
445,11906,986.8684,415.4679,37.13159,38.48828,0.4775275,-1,-1,-1
445,11922,597.3811,145.16077,68.921265,49.086945,0.5625262,-1,-1,-1
