2,368,156.19485,230.62279,68.94612,98.95564,0.8351196,-1,-1,-1
2,369,528.7722,142.85422,88.82745,64.63481,0.8553701,-1,-1,-1
2,370,740.38855,296.82227,172.54181,129.73978,0.85213554,-1,-1,-1
2,371,598.5733,106.227,81.98718,56.09606,0.86265004,-1,-1,-1
2,372,349.35657,118.70833,79.69891,66.93695,0.8402777,-1,-1,-1
2,373,297.8955,50.22215,37.148956,39.04266,0.82030594,-1,-1,-1
2,374,267.233,209.98174,71.24719,96.27574,0.7927831,-1,-1,-1
2,375,478.5804,238.41145,140.7338,73.978195,0.8167573,-1,-1,-1
2,376,246.21921,86.03351,44.652374,53.41815,0.79478246,-1,-1,-1
2,377,175.98914,112.485825,49.95372,63.229355,0.7833144,-1,-1,-1
2,378,311.60638,85.20947,62.383667,51.163177,0.7642257,-1,-1,-1
2,379,189.18372,50.525322,36.112274,37.793823,0.7627866,-1,-1,-1
2,380,280.77533,7.2586193,39.896088,49.183617,0.740552,-1,-1,-1
2,381,0.0,131.12582,25.32766,33.219833,0.5288611,-1,-1,-1
2,382,441.49472,155.34125,103.236115,87.7032,0.5870216,-1,-1,-1
2,383,920.64716,95.395004,101.30206,44.976166,0.38331008,-1,-1,-1
3,368,154.93446,234.35666,69.12967,100.17468,0.8352039,-1,-1,-1
3,369,526.1217,139.78908,85.25067,63.61125,0.8575871,-1,-1,-1
3,370,733.7472,292.148,170.74603,123.03375,0.8446359,-1,-1,-1
3,371,593.4197,102.455414,80.39874,56.01581,0.85601604,-1,-1,-1
3,372,347.8011,119.16607,81.22525,66.91009,0.8272235,-1,-1,-1
3,373,296.49985,50.623917,37.154266,38.75492,0.81802434,-1,-1,-1
3,374,267.0903,215.12674,71.308014,97.37491,0.8163114,-1,-1,-1
3,375,478.9956,238.8054,139.82764,73.9651,0.8304378,-1,-1,-1
3,376,244.38963,87.60468,45.927933,53.893562,0.7952893,-1,-1,-1
3,377,174.54628,113.73077,49.84659,63.705223,0.7862576,-1,-1,-1
3,378,310.20935,85.135155,62.092896,51.817543,0.80494106,-1,-1,-1
3,379,188.13794,51.617294,36.53772,37.48905,0.7642877,-1,-1,-1
3,380,279.60846,7.4476147,41.42221,50.71605,0.70158374,-1,-1,-1
3,381,0.0,118.36162,25.041027,46.281006,0.60358363,-1,-1,-1
3,382,440.65576,154.94899,100.87085,88.62933,0.3338233,-1,-1,-1
4,368,152.59225,237.85349,71.34375,100.77936,0.84964347,-1,-1,-1
4,369,521.74634,135.86917,85.80145,64.46535,0.8647658,-1,-1,-1
4,370,723.8032,283.2516,165.42834,121.033264,0.87566453,-1,-1,-1
4,371,587.32526,99.313446,79.258484,55.221024,0.8487963,-1,-1,-1
4,372,347.18546,119.57198,81.83057,66.750145,0.81486595,-1,-1,-1
4,373,295.7414,50.90932,37.43683,38.384205,0.8014288,-1,-1,-1
4,374,265.6523,219.94159,73.293915,98.813354,0.80729866,-1,-1,-1
4,375,478.83646,239.0497,139.81577,73.83183,0.8248034,-1,-1,-1
4,376,243.44908,88.62604,45.995895,55.010147,0.79370594,-1,-1,-1
4,377,172.59445,115.496254,51.027252,62.916206,0.7844686,-1,-1,-1
4,378,309.11765,85.38759,60.70233,52.376022,0.8097392,-1,-1,-1
4,379,186.0696,52.78916,37.345535,38.059586,0.7563642,-1,-1,-1
4,380,278.4208,7.4250274,41.310913,50.678795,0.7234074,-1,-1,-1
4,381,0.0,112.912895,23.807713,51.911827,0.6365809,-1,-1,-1
4,387,909.2965,93.3793,114.240906,76.119,0.38709125,-1,-1,-1
5,368,151.56325,241.31969,71.69873,101.629776,0.832488,-1,-1,-1
5,369,516.8834,133.4613,84.65753,62.477737,0.86211693,-1,-1,-1
5,370,714.132,278.7694,163.91565,114.354675,0.8391793,-1,-1,-1
5,371,582.4494,96.395325,78.44049,54.48384,0.85370725,-1,-1,-1
5,372,347.08862,120.74849,82.70767,65.92645,0.80408275,-1,-1,-1
5,373,294.92374,51.14914,37.556458,37.79135,0.81270874,-1,-1,-1
5,374,265.7045,223.09702,73.91147,99.96008,0.8067792,-1,-1,-1
5,375,477.63452,238.30052,140.86914,75.29988,0.81337917,-1,-1,-1
5,376,241.82808,90.454994,47.49022,56.002876,0.79350704,-1,-1,-1
5,377,170.7005,116.266205,52.377716,64.43793,0.77001995,-1,-1,-1
5,378,307.4072,85.87552,61.431946,52.124557,0.80656797,-1,-1,-1
5,379,184.57309,53.921085,37.676895,38.460896,0.75177544,-1,-1,-1
5,380,277.07477,7.1788483,40.436096,49.597103,0.5777495,-1,-1,-1
5,381,0.0,116.88182,23.175245,48.237762,0.62815756,-1,-1,-1
5,387,908.4376,93.23101,113.07898,73.35059,0.4334601,-1,-1,-1
5,389,740.6966,338.46338,254.89172,201.32489,0.5046283,-1,-1,-1
5,383,908.8569,95.33069,109.69531,47.99356,0.54099965,-1,-1,-1
5,382,438.83606,166.75168,108.07654,76.55499,0.27604112,-1,-1,-1
6,368,149.7252,245.13011,72.48869,102.14162,0.8511016,-1,-1,-1
6,369,513.83777,130.7655,81.79266,61.171448,0.8479018,-1,-1,-1
6,370,708.13495,270.34738,158.09393,112.840454,0.8790261,-1,-1,-1
6,371,577.6347,92.807144,78.119934,53.802795,0.8542418,-1,-1,-1
6,372,345.42432,119.84154,82.40311,67.145935,0.8512283,-1,-1,-1
6,373,293.9653,51.277466,37.647766,37.442734,0.8114467,-1,-1,-1
6,374,265.28723,227.65437,74.62857,101.518234,0.8234492,-1,-1,-1
6,375,477.02734,237.86746,141.53802,75.77988,0.80293745,-1,-1,-1
6,376,240.3287,92.57114,48.050964,56.853424,0.7342986,-1,-1,-1
6,377,169.60394,117.63746,52.46245,66.639854,0.7308808,-1,-1,-1
6,378,305.765,86.21334,60.945557,52.20565,0.8113095,-1,-1,-1
6,379,183.59508,55.09732,37.44435,38.738213,0.76381665,-1,-1,-1
6,380,276.0798,7.040197,39.764313,49.34693,0.5423082,-1,-1,-1
6,381,0.0,122.14001,23.05042,44.14541,0.639958,-1,-1,-1
6,387,907.2732,94.7574,112.57477,68.34035,0.5143853,-1,-1,-1
6,389,740.97345,325.51138,251.5592,214.20993,0.5383879,-1,-1,-1
6,383,908.5576,95.69795,108.65253,47.81508,0.3009193,-1,-1,-1
6,382,439.0871,169.53247,108.71649,73.901276,0.43045408,-1,-1,-1
7,368,147.89694,246.48828,73.77571,105.338776,0.8392037,-1,-1,-1
7,369,509.6781,127.73711,81.87903,60.819885,0.85086703,-1,-1,-1
7,370,701.2342,266.0008,154.5498,108.526855,0.852755,-1,-1,-1
7,371,571.43494,88.70603,77.76239,53.940422,0.8761664,-1,-1,-1
7,372,343.96634,119.18966,82.93787,68.15676,0.8516115,-1,-1,-1
7,373,293.25302,51.4599,37.258698,37.394897,0.81489664,-1,-1,-1
7,374,265.3803,230.9281,75.12854,103.907196,0.8005724,-1,-1,-1
7,375,476.66,237.59169,141.9573,76.81386,0.8200054,-1,-1,-1
7,376,240.18683,94.02215,47.614838,57.37815,0.75740945,-1,-1,-1
7,377,168.92105,119.59167,51.080505,67.02589,0.7426185,-1,-1,-1
7,378,304.91217,86.15194,60.81369,52.67196,0.80591655,-1,-1,-1
7,379,182.04591,55.966278,37.636475,38.680794,0.7497677,-1,-1,-1
7,380,275.38434,7.0183554,39.874878,50.919487,0.6041707,-1,-1,-1
7,381,0.0,122.26023,21.920464,44.043526,0.63248146,-1,-1,-1
7,387,905.6949,95.089775,112.356445,66.37133,0.60927963,-1,-1,-1
7,389,740.71313,324.3709,249.27771,215.38263,0.6198533,-1,-1,-1
7,382,439.13965,170.43611,109.65912,72.67024,0.27224103,-1,-1,-1
8,368,146.94646,248.61588,73.53932,107.34094,0.824925,-1,-1,-1
8,369,505.93552,124.09683,81.053375,61.982315,0.8866833,-1,-1,-1
8,370,696.5746,262.02408,147.60846,104.54617,0.90096647,-1,-1,-1
8,371,566.1743,85.73408,76.22272,53.904366,0.8529341,-1,-1,-1
8,372,342.5165,119.494965,83.58017,68.691696,0.8416814,-1,-1,-1
8,373,291.931,52.140816,37.642883,36.579956,0.7925383,-1,-1,-1
8,374,265.33624,234.46432,75.717926,106.341705,0.8158712,-1,-1,-1
8,375,476.1872,236.61943,145.26971,77.29384,0.7872115,-1,-1,-1
8,376,240.07288,95.63052,47.552917,57.43074,0.7562467,-1,-1,-1
8,377,168.50687,122.24279,50.37578,67.549736,0.7435759,-1,-1,-1
8,378,303.94147,86.283646,59.911926,52.994934,0.8021554,-1,-1,-1
8,379,181.08817,57.063576,37.28636,38.782654,0.7537059,-1,-1,-1
8,380,274.62805,6.983081,40.158875,52.507904,0.65428364,-1,-1,-1
8,381,0.0,123.5956,20.39011,41.55847,0.5237281,-1,-1,-1
8,387,904.7647,94.95877,111.32477,64.76965,0.508659,-1,-1,-1
8,389,739.7267,335.4728,249.2644,204.24911,0.4523493,-1,-1,-1
8,382,438.54382,170.48071,109.4361,72.194916,0.27175024,-1,-1,-1
9,368,145.77092,252.80537,74.09242,107.44383,0.86920565,-1,-1,-1
9,369,502.5084,121.82876,78.42966,59.422768,0.85379523,-1,-1,-1
9,370,689.0048,256.3925,144.42761,103.21881,0.8461627,-1,-1,-1
9,371,560.9727,83.093575,76.316345,52.758125,0.86787796,-1,-1,-1
9,372,341.63077,120.6867,83.35715,68.478645,0.81754744,-1,-1,-1
9,373,291.16382,52.39555,37.29886,36.64062,0.78780687,-1,-1,-1
9,374,264.73578,238.683,76.89972,107.9279,0.80228794,-1,-1,-1
9,375,475.98547,235.74466,146.44348,78.39221,0.79120696,-1,-1,-1
9,376,238.8902,97.19161,48.01172,57.929756,0.76406467,-1,-1,-1
9,377,167.06747,124.79064,51.308792,67.36323,0.74552304,-1,-1,-1
9,378,302.19424,86.01361,60.95346,53.3797,0.8065293,-1,-1,-1
9,379,179.6102,57.427322,37.716064,39.66681,0.7548022,-1,-1,-1
9,380,273.1327,6.5578766,40.95462,53.74065,0.66905785,-1,-1,-1
9,381,0.0,123.87903,18.514551,41.26143,0.527176,-1,-1,-1
9,387,903.58746,94.89811,110.15088,62.847984,0.5839058,-1,-1,-1
9,389,739.953,348.09232,247.94458,191.82083,0.47391123,-1,-1,-1
9,394,636.1876,398.3242,178.4049,140.06796,0.3491881,-1,-1,-1
9,383,904.8284,95.99633,105.322876,44.81228,0.44071206,-1,-1,-1
10,368,144.94528,255.47858,73.89661,109.19495,0.84131646,-1,-1,-1
10,369,498.45938,119.63801,78.506744,58.598686,0.8612066,-1,-1,-1
10,370,683.81683,251.31618,139.40674,99.37465,0.8164991,-1,-1,-1
10,371,556.6667,80.35936,74.720276,51.922165,0.84417766,-1,-1,-1
10,372,341.36847,120.84092,83.03824,68.32702,0.8414482,-1,-1,-1
10,373,290.08865,52.439594,37.1185,36.37447,0.79220843,-1,-1,-1
10,374,264.64893,242.51828,77.77603,110.12143,0.8268138,-1,-1,-1
10,375,475.50723,236.21544,146.52933,78.17757,0.7961271,-1,-1,-1
10,376,237.95749,98.9972,48.36792,58.259514,0.74005735,-1,-1,-1
10,377,165.26176,126.982,52.314804,66.88465,0.76706403,-1,-1,-1
10,378,302.20978,86.204216,59.952576,53.213997,0.81806636,-1,-1,-1
10,379,178.1567,58.243694,38.01468,40.3653,0.77278376,-1,-1,-1
10,380,271.74338,6.744948,41.00122,52.942623,0.6778294,-1,-1,-1
10,381,0.0,124.39289,16.234848,40.512093,0.44238105,-1,-1,-1
10,389,740.0105,354.46378,249.41077,185.4661,0.40404338,-1,-1,-1
10,383,905.25916,95.33974,104.4115,45.832138,0.5459558,-1,-1,-1
10,382,437.5726,168.37846,111.00369,79.20261,0.3540173,-1,-1,-1
11,368,142.82181,257.31418,74.719696,111.17413,0.84416765,-1,-1,-1
11,369,494.8817,116.704216,76.677246,58.71232,0.8541765,-1,-1,-1
11,370,676.4044,244.78825,138.89087,99.3109,0.81938565,-1,-1,-1
11,371,552.3655,77.08296,73.77136,52.110703,0.86112535,-1,-1,-1
11,372,340.73502,120.68996,82.83319,68.47464,0.8307369,-1,-1,-1
11,373,288.609,52.283676,37.222565,36.78579,0.791722,-1,-1,-1
11,374,264.61484,246.10884,78.45532,112.80711,0.8069926,-1,-1,-1
11,375,474.93033,236.44875,146.7056,78.48204,0.80368495,-1,-1,-1
11,376,236.69049,100.87316,48.960266,58.386436,0.81187695,-1,-1,-1
11,377,163.46541,128.34093,52.591034,67.50043,0.78403544,-1,-1,-1
11,378,300.61502,85.85279,60.583588,54.001915,0.7953934,-1,-1,-1
11,379,176.82225,60.72726,37.783813,38.917355,0.76663953,-1,-1,-1
11,380,270.08194,6.896207,41.567444,52.75152,0.65753627,-1,-1,-1
11,381,0.0,124.59614,14.197111,39.288307,0.3727128,-1,-1,-1
11,389,739.7963,356.55096,250.8305,183.35748,0.36585817,-1,-1,-1
11,383,903.47766,95.3614,103.40625,44.45957,0.48043525,-1,-1,-1
11,395,0.0,12.531947,25.998732,37.280643,0.42314118,-1,-1,-1
11,382,436.75983,167.15898,110.05304,82.1882,0.2720577,-1,-1,-1
11,387,901.4806,94.367226,109.16022,65.433846,0.67616147,-1,-1,-1
12,368,141.44543,262.80447,75.96556,110.34479,0.8288479,-1,-1,-1
12,369,491.3514,113.50251,75.23636,59.202156,0.8554215,-1,-1,-1
12,370,669.0564,239.69093,134.61993,96.267685,0.7941889,-1,-1,-1
12,371,547.2852,74.82499,73.559875,50.94388,0.8476116,-1,-1,-1
12,372,340.66354,121.40519,81.05603,67.686455,0.8508113,-1,-1,-1
12,373,287.37006,52.204212,37.134155,37.25902,0.7884964,-1,-1,-1
12,374,264.0665,251.57886,80.835205,113.92685,0.83368987,-1,-1,-1
12,375,475.06854,236.98817,147.00348,78.00874,0.7908371,-1,-1,-1
12,376,235.86305,102.88432,48.83513,59.552185,0.7442834,-1,-1,-1
12,377,161.79485,129.57463,53.813934,68.741,0.7631152,-1,-1,-1
12,378,298.94513,85.81253,62.678436,54.367935,0.8040116,-1,-1,-1
12,379,176.35777,62.0825,36.914032,38.95886,0.7717968,-1,-1,-1
12,380,268.70578,7.3962207,41.97339,51.71644,0.5761917,-1,-1,-1
12,381,0.0,124.86773,12.879565,37.765816,0.4671227,-1,-1,-1
12,389,740.5487,355.9628,248.8158,183.95663,0.36783326,-1,-1,-1
12,383,901.9344,94.92912,104.57721,46.339813,0.4404278,-1,-1,-1
12,395,0.0,12.528086,24.315374,37.074776,0.35935274,-1,-1,-1
12,382,436.039,172.1891,111.097534,76.465195,0.2784707,-1,-1,-1
12,387,900.4891,94.15922,109.2912,67.78266,0.5089855,-1,-1,-1
12,394,625.23456,398.87558,179.11853,139.6926,0.26779106,-1,-1,-1
13,368,139.68695,264.07767,76.66646,114.28461,0.8275386,-1,-1,-1
13,369,488.05887,111.20093,73.94589,57.575256,0.8565959,-1,-1,-1
13,370,663.63617,234.29103,131.966,93.83528,0.83840054,-1,-1,-1
13,371,543.0089,72.56392,72.56293,49.245346,0.8539894,-1,-1,-1
13,372,340.21793,122.03503,80.90369,67.167854,0.8332873,-1,-1,-1
13,373,285.8596,52.29799,37.167297,37.489426,0.7946096,-1,-1,-1
13,374,265.48587,254.71945,79.63623,116.293915,0.8475728,-1,-1,-1
13,375,474.8087,237.52885,146.74838,76.98741,0.79722166,-1,-1,-1
13,376,235.05931,104.92255,47.778763,59.52501,0.724984,-1,-1,-1
13,377,161.27664,131.72731,53.462524,69.42374,0.7190056,-1,-1,-1
13,378,298.0681,86.769844,61.350647,54.417686,0.80354714,-1,-1,-1
13,379,175.2301,62.901676,36.656006,39.18205,0.7692661,-1,-1,-1
13,380,267.8448,7.518614,42.492126,51.615555,0.53692997,-1,-1,-1
13,381,0.0,127.44835,12.108658,35.25963,0.46251008,-1,-1,-1
13,389,740.75275,354.67767,247.39832,185.2862,0.41450894,-1,-1,-1
13,383,899.43,94.57134,106.09686,48.46427,0.57644165,-1,-1,-1
13,395,0.0,11.61615,22.419634,38.01746,0.40405405,-1,-1,-1
13,382,434.69043,173.3617,113.01727,75.10434,0.38182378,-1,-1,-1
13,387,898.65814,93.87503,109.655396,69.389145,0.56965625,-1,-1,-1
13,394,624.52405,399.1721,178.55286,139.41751,0.26309693,-1,-1,-1
14,368,138.23712,266.4945,76.45108,115.6116,0.82518744,-1,-1,-1
14,369,484.2518,108.91523,72.288605,56.86579,0.87467927,-1,-1,-1
14,370,657.79285,228.66011,127.72992,93.373215,0.8324278,-1,-1,-1
14,371,538.52386,70.20096,71.14545,48.962753,0.86942816,-1,-1,-1
14,372,339.4051,122.28172,81.48883,67.30032,0.8331019,-1,-1,-1
14,373,283.98587,52.197662,37.507904,38.047012,0.8063256,-1,-1,-1
14,374,265.85315,257.60046,80.392395,120.04297,0.82720196,-1,-1,-1
14,375,474.66904,236.594,147.40323,78.80377,0.7924187,-1,-1,-1
14,376,235.3742,106.827736,48.53128,59.50924,0.7290913,-1,-1,-1
14,377,159.90367,134.07867,54.88034,69.53227,0.7053258,-1,-1,-1
14,378,297.24915,87.267654,60.332306,54.063217,0.8204402,-1,-1,-1
14,379,173.67278,63.961952,37.969986,39.73049,0.7657386,-1,-1,-1
14,380,266.98776,7.8564625,42.239594,49.99066,0.5587754,-1,-1,-1
14,381,0.0,128.82874,10.653253,35.309128,0.3029126,-1,-1,-1
14,389,741.9619,354.1322,245.38538,185.71942,0.32336047,-1,-1,-1
14,383,898.346,94.27816,106.45221,49.272408,0.43963265,-1,-1,-1
14,395,0.0,9.327948,21.21314,40.028572,0.42025942,-1,-1,-1
14,382,434.3906,168.2824,111.5264,80.192215,0.3677449,-1,-1,-1
14,387,897.8088,93.89087,110.47687,69.392105,0.42687902,-1,-1,-1
15,368,136.84763,269.91452,77.34729,117.33014,0.8462105,-1,-1,-1
15,369,480.69934,106.47332,71.95453,56.196724,0.843925,-1,-1,-1
15,370,651.3983,222.50224,122.219604,94.16249,0.8812026,-1,-1,-1
15,371,533.6455,67.571396,70.333496,48.67343,0.8639082,-1,-1,-1
15,372,338.70462,121.99364,81.79642,68.18245,0.83286804,-1,-1,-1
15,373,282.8858,52.425858,37.59143,37.77085,0.8203121,-1,-1,-1
15,374,268.41998,262.8227,79.62189,121.253784,0.8372233,-1,-1,-1
15,375,474.3356,236.72882,147.4979,78.95218,0.79274285,-1,-1,-1
15,376,234.48788,108.910706,49.163605,59.630325,0.7551531,-1,-1,-1
15,377,158.27527,136.10733,55.631775,69.94423,0.70879656,-1,-1,-1
15,378,296.89456,87.48294,60.77173,54.16101,0.81992507,-1,-1,-1
15,379,172.41278,64.46351,38.680374,41.410522,0.7554131,-1,-1,-1
15,380,265.8806,8.458544,41.922028,48.432053,0.5706314,-1,-1,-1
15,389,742.1124,353.6816,246.08655,186.27719,0.36340117,-1,-1,-1
15,383,897.3195,94.75747,104.58594,45.68154,0.50689214,-1,-1,-1
15,395,0.0,7.8533278,19.965263,41.5589,0.5330985,-1,-1,-1
15,382,433.7094,173.91286,111.8692,74.105225,0.5033819,-1,-1,-1
15,387,896.9138,93.98985,109.885315,69.44002,0.5562393,-1,-1,-1
15,394,623.83936,399.36362,178.8363,139.09213,0.35528082,-1,-1,-1
16,368,135.6886,273.9941,78.239685,118.68582,0.8288931,-1,-1,-1
16,369,476.9123,104.85091,71.7359,55.03331,0.8747322,-1,-1,-1
16,370,644.60565,216.65314,119.305786,93.594574,0.83270186,-1,-1,-1
16,371,528.02386,63.11433,70.758484,50.355778,0.83389735,-1,-1,-1
16,372,338.56876,121.67102,81.36737,68.81273,0.84608084,-1,-1,-1
16,373,281.86508,52.6841,37.748474,37.02631,0.8111268,-1,-1,-1
16,374,268.9202,265.7564,80.482635,125.75491,0.83085847,-1,-1,-1
16,375,474.43283,236.14305,146.50064,79.09947,0.78657156,-1,-1,-1
16,376,233.12648,110.730354,50.002182,59.844566,0.7474066,-1,-1,-1
16,377,157.18268,138.7308,55.63997,69.23334,0.76459783,-1,-1,-1
16,378,295.90054,87.30458,61.48578,54.369827,0.82087463,-1,-1,-1
16,379,171.39178,64.6637,38.606277,42.00206,0.7490932,-1,-1,-1
16,380,264.94577,8.837244,41.848816,48.486572,0.5399665,-1,-1,-1
16,389,733.4268,354.74533,245.30237,185.22318,0.28734443,-1,-1,-1
16,383,895.5789,94.07073,105.43341,50.646736,0.34731796,-1,-1,-1
16,395,0.0068465616,5.943767,18.84583,43.3266,0.4253024,-1,-1,-1
16,382,433.5176,173.0774,109.239105,74.94493,0.33700714,-1,-1,-1
16,387,895.1818,93.580025,110.45288,72.110756,0.46089405,-1,-1,-1
17,368,134.37132,276.39426,77.87625,121.70026,0.8252921,-1,-1,-1
17,369,472.1423,102.28876,72.64194,54.949707,0.8618923,-1,-1,-1
17,370,637.7214,212.62688,119.58185,91.21486,0.84437406,-1,-1,-1
17,371,524.6429,61.510918,69.911194,48.41768,0.84219545,-1,-1,-1
17,372,338.12012,121.984955,81.70148,69.19351,0.8526394,-1,-1,-1
17,373,280.95328,53.173527,37.91385,36.904232,0.8179642,-1,-1,-1
17,374,267.50803,273.51468,83.35455,123.29181,0.81667906,-1,-1,-1
17,375,474.7553,236.22939,146.83441,80.04918,0.78044015,-1,-1,-1
17,376,233.29324,112.77997,48.92859,60.264053,0.76741624,-1,-1,-1
17,377,156.31067,139.78676,55.592773,70.26927,0.7995102,-1,-1,-1
17,378,295.05176,87.59253,62.519318,54.257065,0.82542926,-1,-1,-1
17,379,170.6079,66.99947,38.672684,41.079742,0.7524237,-1,-1,-1
17,380,264.3008,9.4664345,40.908966,48.10676,0.45736298,-1,-1,-1
17,389,738.40106,352.07617,247.78992,187.03387,0.34201223,-1,-1,-1
17,383,895.49646,94.21221,103.61737,45.33059,0.50138974,-1,-1,-1
17,395,0.0037667078,4.0508723,17.488585,45.515907,0.43000245,-1,-1,-1
17,382,434.16394,170.94104,107.345825,77.65633,0.56265104,-1,-1,-1
17,387,893.92126,93.25894,110.256165,74.65828,0.5747799,-1,-1,-1
17,394,621.9556,399.91302,174.96362,138.08234,0.32281402,-1,-1,-1
18,368,132.27368,278.86395,79.40474,124.99249,0.807643,-1,-1,-1
18,369,467.7939,99.507706,72.864044,55.640625,0.85834724,-1,-1,-1
18,370,630.90265,208.16162,116.07898,90.07272,0.87030673,-1,-1,-1
18,371,520.8031,59.7366,68.799255,47.321186,0.8426918,-1,-1,-1
18,372,337.25616,122.7512,82.26471,68.85174,0.85058373,-1,-1,-1
18,373,280.4526,53.574837,37.314117,37.060234,0.81441545,-1,-1,-1
18,374,267.6226,277.66507,84.75345,126.739105,0.8445283,-1,-1,-1
18,375,474.952,236.30515,147.03586,80.5405,0.78136235,-1,-1,-1
18,376,231.64684,114.93316,49.8394,60.95449,0.65953153,-1,-1,-1
18,377,155.52399,140.97743,54.676666,72.33626,0.7596317,-1,-1,-1
18,378,294.2897,87.626465,63.019257,54.75705,0.8153913,-1,-1,-1
18,379,169.73523,67.97725,38.74922,41.775574,0.7540681,-1,-1,-1
18,380,262.58984,9.199029,41.56012,48.942802,0.63350946,-1,-1,-1
18,383,897.1052,93.42345,102.53418,49.424057,0.4319486,-1,-1,-1
18,382,435.93738,170.83258,105.58185,78.589676,0.6133777,-1,-1,-1
18,387,894.55927,92.664635,108.8725,74.91926,0.47691464,-1,-1,-1
18,394,620.84576,399.5403,174.54999,139.00912,0.43306905,-1,-1,-1
19,368,131.87572,282.65427,80.25801,126.305725,0.82159346,-1,-1,-1
19,369,464.3932,97.82867,71.92493,54.209328,0.8559468,-1,-1,-1
19,370,624.6725,203.08583,113.915344,89.22856,0.8668144,-1,-1,-1
19,371,516.3923,57.97165,67.35431,46.813652,0.8312806,-1,-1,-1
19,372,336.61664,123.07128,82.00244,68.920815,0.86407894,-1,-1,-1
19,373,279.78836,53.641888,37.22293,37.11739,0.80229264,-1,-1,-1
19,374,268.4566,280.02682,85.4075,132.55353,0.84666306,-1,-1,-1
19,375,474.92853,235.40028,148.33362,81.04689,0.770264,-1,-1,-1
19,376,230.54787,117.41526,49.584366,60.553307,0.7391519,-1,-1,-1
19,377,154.36664,143.22214,53.46202,72.88988,0.7644315,-1,-1,-1
19,378,293.33813,87.71167,63.33252,54.698853,0.8169813,-1,-1,-1
19,379,167.97281,68.035835,39.048264,43.09102,0.7766454,-1,-1,-1
19,380,261.28186,8.244232,42.10724,49.366764,0.47787857,-1,-1,-1
19,383,900.226,93.54467,95.84558,43.64138,0.52745724,-1,-1,-1
19,382,433.73422,171.20175,107.68375,78.7079,0.5488135,-1,-1,-1
19,387,894.8237,92.530655,106.3526,67.91789,0.37408796,-1,-1,-1
19,394,619.4401,399.82022,175.99805,138.3118,0.35375035,-1,-1,-1
20,368,130.43604,285.51785,81.19333,127.78769,0.8468679,-1,-1,-1
20,369,460.88086,95.72424,70.48358,53.37236,0.8463455,-1,-1,-1
20,370,619.2592,199.4538,113.394104,86.27161,0.8590088,-1,-1,-1
20,371,512.10345,56.31871,65.38971,45.946716,0.8691085,-1,-1,-1
20,372,336.20364,122.92547,82.33469,69.86323,0.8556547,-1,-1,-1
20,373,278.94858,54.106304,36.97516,36.483776,0.7977775,-1,-1,-1
20,374,266.08243,285.7134,88.42505,134.02957,0.8778397,-1,-1,-1
20,375,475.44684,235.67676,147.17346,80.58667,0.75880766,-1,-1,-1
20,376,229.96167,119.21517,50.46579,61.08056,0.75006783,-1,-1,-1
20,377,152.81587,144.6953,54.85257,74.379105,0.68117446,-1,-1,-1
20,378,292.4504,87.96006,62.40912,54.562035,0.8218453,-1,-1,-1
20,379,166.44049,69.35303,39.285355,43.188004,0.7672577,-1,-1,-1
20,380,259.68506,7.9667,41.950653,49.98687,0.69692665,-1,-1,-1
20,383,902.8264,93.44088,91.707825,40.74061,0.32663694,-1,-1,-1
20,382,433.39514,172.64783,106.64673,77.37724,0.43828058,-1,-1,-1
20,394,619.0765,399.52713,175.56476,138.15909,0.4781833,-1,-1,-1
21,368,128.14223,288.9577,83.72522,129.40463,0.8375722,-1,-1,-1
21,369,458.04233,93.48124,68.66397,52.98667,0.83141285,-1,-1,-1
21,370,614.5624,196.46938,112.82886,83.37956,0.85539156,-1,-1,-1
21,371,507.50287,53.580807,64.82141,45.73824,0.84027356,-1,-1,-1
21,372,335.85812,122.95155,82.58838,70.22577,0.85513175,-1,-1,-1
21,373,279.08878,54.47793,35.643738,36.232338,0.7919845,-1,-1,-1
21,374,265.27634,289.05823,90.27063,139.15585,0.83812803,-1,-1,-1
21,375,476.1426,235.73581,147.27109,80.663605,0.75046986,-1,-1,-1
21,376,229.33124,121.55166,50.953644,61.494423,0.76117164,-1,-1,-1
21,377,151.64835,146.66666,55.323196,75.15936,0.7206746,-1,-1,-1
21,378,291.48953,88.24946,62.866425,54.76316,0.8169027,-1,-1,-1
21,379,165.37112,69.597015,39.66017,43.998177,0.769274,-1,-1,-1
21,380,258.22696,8.042718,42.122437,50.59748,0.6401958,-1,-1,-1
21,383,904.4557,93.24143,89.60907,39.594444,0.31800666,-1,-1,-1
21,382,433.4987,169.78941,105.88425,81.87344,0.35348728,-1,-1,-1
21,394,619.44666,398.98743,175.14526,138.6438,0.39041135,-1,-1,-1
21,387,891.14624,92.605316,105.74884,55.46663,0.30513975,-1,-1,-1
22,368,125.919754,293.33838,86.39789,130.39932,0.78260213,-1,-1,-1
22,369,454.41614,91.66565,68.62482,52.229385,0.87012076,-1,-1,-1
22,370,609.61743,193.16074,111.289795,80.423645,0.8575101,-1,-1,-1
22,371,503.09186,51.07827,65.38287,45.89769,0.8375094,-1,-1,-1
22,372,335.10452,123.37659,82.18585,70.752655,0.85544324,-1,-1,-1
22,373,278.27658,54.917744,35.46231,35.97214,0.79923034,-1,-1,-1
22,374,266.00662,294.52927,91.236664,141.60352,0.8773149,-1,-1,-1
22,375,476.29117,234.9147,147.13101,82.00708,0.73014015,-1,-1,-1
22,376,229.101,124.51781,50.967117,60.978256,0.78293276,-1,-1,-1
22,377,150.0293,149.04155,56.369003,75.03259,0.793882,-1,-1,-1
22,378,290.82678,88.8357,63.09732,54.50567,0.80647635,-1,-1,-1
22,379,164.7101,71.77236,39.004074,43.83171,0.75529736,-1,-1,-1
22,380,256.6412,8.228817,42.160187,51.06824,0.6439593,-1,-1,-1
22,383,903.30914,93.20385,89.58319,39.86001,0.30590788,-1,-1,-1
22,382,431.82153,169.3757,108.50287,82.19287,0.3930605,-1,-1,-1
22,394,619.65576,398.46826,174.29901,139.06458,0.4488967,-1,-1,-1
22,387,890.4581,92.618385,104.973145,56.486214,0.4259293,-1,-1,-1
23,368,125.19326,297.08472,85.49354,131.83221,0.852547,-1,-1,-1
23,369,451.00247,89.12046,67.15732,51.46447,0.8477987,-1,-1,-1
23,370,604.25256,189.39854,107.86615,78.78029,0.8761929,-1,-1,-1
23,371,498.8449,49.40145,64.51721,45.020584,0.8522314,-1,-1,-1
23,372,334.14026,123.72148,82.94089,70.583206,0.85107183,-1,-1,-1
23,373,276.06796,55.143417,36.56723,36.592247,0.79131633,-1,-1,-1
23,374,263.97336,300.23224,93.28616,144.57718,0.86293423,-1,-1,-1
23,375,477.89044,235.69072,141.76062,79.63161,0.743795,-1,-1,-1
23,376,227.76321,125.74037,51.770874,62.960358,0.7607913,-1,-1,-1
23,377,149.19011,150.12926,56.737717,77.106964,0.769543,-1,-1,-1
23,378,290.14505,89.16275,63.180206,54.565506,0.80974585,-1,-1,-1
23,379,163.79253,72.82837,39.42061,44.20031,0.7638224,-1,-1,-1
23,380,255.20665,8.44079,42.610123,50.925583,0.6692802,-1,-1,-1
23,383,899.70355,93.204834,92.98956,40.24527,0.28584063,-1,-1,-1
23,382,432.33206,176.68787,107.62253,75.31529,0.35716638,-1,-1,-1
23,394,619.8316,398.39255,174.6872,139.8356,0.42326292,-1,-1,-1
23,387,888.5271,92.64284,106.40674,55.48056,0.3807097,-1,-1,-1
24,368,123.5259,300.74188,86.43525,133.20657,0.8009305,-1,-1,-1
24,369,447.60077,86.58989,66.645996,51.266052,0.8365886,-1,-1,-1
24,370,599.03937,184.9849,106.04254,77.05121,0.88019204,-1,-1,-1
24,371,494.82224,47.32056,64.41019,44.349552,0.8353487,-1,-1,-1
24,372,332.7055,123.96681,83.723816,70.483,0.84729195,-1,-1,-1
24,373,274.68155,55.24281,36.327362,37.250965,0.78637695,-1,-1,-1
24,374,258.46823,306.01056,100.04544,144.17719,0.82374144,-1,-1,-1
24,375,477.98798,236.392,140.01538,78.66327,0.76119614,-1,-1,-1
24,376,227.45891,127.337906,52.12996,63.748444,0.7502627,-1,-1,-1
24,377,147.93929,152.97708,56.393097,76.3047,0.7517699,-1,-1,-1
24,378,289.58347,88.99302,63.67169,54.95855,0.8142453,-1,-1,-1
24,379,162.0463,73.38135,40.12561,45.231094,0.7608426,-1,-1,-1
24,380,253.66747,8.4033375,43.017746,50.715034,0.6840178,-1,-1,-1
24,383,899.4601,92.88771,90.545044,39.156754,0.499974,-1,-1,-1
24,382,431.0472,179.21251,109.49252,71.49884,0.50100195,-1,-1,-1
24,394,617.881,398.18756,176.72412,139.96869,0.5125678,-1,-1,-1
24,387,887.707,92.29966,104.91052,53.32395,0.5190707,-1,-1,-1
25,368,122.08851,304.9964,85.37075,134.96872,0.8107381,-1,-1,-1
25,369,444.9379,84.90964,66.40805,50.97963,0.84703237,-1,-1,-1
25,370,592.45496,180.86969,106.19983,76.64966,0.8631773,-1,-1,-1
25,371,490.62305,45.578434,62.613342,43.65024,0.8266676,-1,-1,-1
25,372,331.71442,124.39896,84.25171,70.939926,0.8783202,-1,-1,-1
25,373,273.0726,55.38745,36.935028,37.5617,0.77624613,-1,-1,-1
25,374,255.54735,311.2952,103.41722,144.78741,0.8289831,-1,-1,-1
25,375,478.67093,237.06224,139.54294,78.10869,0.7307524,-1,-1,-1
25,376,226.31573,129.5914,52.81418,64.43811,0.7581133,-1,-1,-1
25,377,146.18509,157.04784,58.074677,75.83975,0.7069744,-1,-1,-1
25,378,287.66187,89.34714,63.42578,54.554733,0.79503065,-1,-1,-1
25,379,160.64247,73.02022,40.014053,46.956596,0.7619598,-1,-1,-1
25,380,253.03297,8.585855,42.558517,50.63757,0.6524504,-1,-1,-1
25,382,430.24918,181.2693,111.26779,70.31485,0.54411715,-1,-1,-1
25,394,613.9412,398.9805,178.41394,138.7847,0.41972044,-1,-1,-1
25,387,884.6065,92.13988,107.13843,51.644867,0.43066004,-1,-1,-1
26,368,120.95769,310.38586,86.07036,134.88708,0.7729908,-1,-1,-1
26,369,440.3793,83.18061,66.00638,49.651436,0.8424148,-1,-1,-1
26,370,586.80646,176.95584,104.4942,75.75638,0.8717664,-1,-1,-1
26,371,486.37204,44.173702,61.356476,42.17494,0.8250654,-1,-1,-1
26,372,331.12732,124.87376,84.151245,70.48023,0.86823833,-1,-1,-1
26,373,271.9804,55.287006,36.77124,37.980648,0.7618686,-1,-1,-1
26,374,259.1001,317.26675,101.43063,145.17459,0.71623623,-1,-1,-1
26,375,478.52008,236.74979,146.0033,79.252625,0.7246587,-1,-1,-1
26,376,225.77496,131.43198,52.598602,65.83058,0.7361059,-1,-1,-1
26,377,144.38593,159.09024,58.585907,76.25037,0.7560182,-1,-1,-1
26,378,285.97278,89.27267,64.43375,55.28666,0.80442226,-1,-1,-1
26,379,159.50029,73.865654,39.757492,47.348,0.75295913,-1,-1,-1
26,380,252.32715,9.272236,41.683563,50.376484,0.6071724,-1,-1,-1
26,382,429.82022,185.85562,111.60959,65.842316,0.6811616,-1,-1,-1
26,394,611.2973,399.006,180.20178,138.24149,0.5256637,-1,-1,-1
26,387,883.3299,91.96223,108.79901,64.66706,0.54126346,-1,-1,-1
26,383,888.7362,93.18909,99.57086,42.440598,0.45219642,-1,-1,-1
27,368,119.023636,313.73196,86.41368,136.13812,0.7870748,-1,-1,-1
27,369,437.1216,82.26992,63.714996,48.05105,0.88594925,-1,-1,-1
27,370,582.34436,173.23563,102.26526,73.97876,0.8763698,-1,-1,-1
27,371,482.73193,41.809635,61.00995,42.23601,0.8492865,-1,-1,-1
27,372,329.95837,125.37451,85.37085,70.48207,0.87223715,-1,-1,-1
27,373,270.41626,55.57149,37.16205,38.38882,0.76246536,-1,-1,-1
27,374,257.25757,324.28012,105.62247,145.10776,0.77082783,-1,-1,-1
27,375,479.8948,236.8328,147.91806,80.34421,0.74424106,-1,-1,-1
27,376,225.5314,134.30157,52.974274,66.2731,0.79560244,-1,-1,-1
27,377,142.63298,161.54343,59.33934,76.877014,0.79582316,-1,-1,-1
27,378,285.08395,90.11993,64.49176,55.00225,0.81108516,-1,-1,-1
27,379,158.16072,75.99905,40.126465,46.780922,0.73985034,-1,-1,-1
27,380,251.60414,10.042887,40.96196,50.571236,0.5841887,-1,-1,-1
27,382,429.90045,188.51102,111.40985,63.396225,0.75608575,-1,-1,-1
27,394,610.53986,398.8752,181.16656,139.36496,0.5877241,-1,-1,-1
27,387,880.805,91.91035,110.36774,69.649605,0.6406181,-1,-1,-1
27,383,884.04785,93.324326,103.120056,43.496704,0.6309543,-1,-1,-1
28,368,118.39862,318.113,85.566635,138.3634,0.78787124,-1,-1,-1
28,369,434.50568,80.61162,62.44049,47.417038,0.87090725,-1,-1,-1
28,370,577.1295,170.16158,101.12366,72.21771,0.86178577,-1,-1,-1
28,371,478.42227,39.73605,59.65628,41.628414,0.8202342,-1,-1,-1
28,372,329.47952,126.14454,84.95151,69.551994,0.8667325,-1,-1,-1
28,373,269.30078,55.621685,37.65753,38.69251,0.78961164,-1,-1,-1
28,374,255.56055,329.76892,111.01782,149.3247,0.78294235,-1,-1,-1
28,375,481.4553,237.07063,148.05716,80.63045,0.7781387,-1,-1,-1
28,376,225.16525,135.81897,53.402527,67.685394,0.6741766,-1,-1,-1
28,377,141.61566,164.1623,59.63652,77.14844,0.74747914,-1,-1,-1
28,378,283.97003,89.998085,64.96057,55.121803,0.7882179,-1,-1,-1
28,379,156.57202,78.18456,40.718964,45.815414,0.7527187,-1,-1,-1
28,380,250.38661,10.101424,40.906082,50.10217,0.56303,-1,-1,-1
28,382,430.10266,189.96925,110.53882,62.448517,0.7187205,-1,-1,-1
28,394,609.9346,398.2242,181.47601,140.27463,0.54612035,-1,-1,-1
28,383,882.5844,93.0492,102.52869,44.642204,0.70865774,-1,-1,-1
29,368,116.765,322.09332,86.40564,138.69702,0.81761247,-1,-1,-1
29,369,430.31335,78.25146,64.505646,47.691925,0.8501582,-1,-1,-1
29,370,572.60187,166.81691,98.8064,70.928925,0.8779206,-1,-1,-1
29,371,474.11865,38.28939,60.416687,41.20115,0.84308535,-1,-1,-1
29,372,329.15027,126.89513,84.439606,68.82892,0.86566556,-1,-1,-1
29,373,268.61118,55.647205,37.30252,39.202404,0.79546857,-1,-1,-1
29,374,256.31116,336.8432,112.11459,147.94412,0.66001487,-1,-1,-1
29,375,483.38806,239.03453,146.93103,78.6129,0.7947996,-1,-1,-1
29,376,224.11688,137.74849,53.755463,68.95799,0.7602231,-1,-1,-1
29,377,139.28445,165.96321,60.86882,78.06912,0.774958,-1,-1,-1
29,378,283.08292,89.53291,65.67981,55.728058,0.7932297,-1,-1,-1
29,379,155.03473,79.25501,41.518524,46.431854,0.75466996,-1,-1,-1
29,380,249.66203,8.651346,40.55034,50.0381,0.48649234,-1,-1,-1
29,382,429.65283,189.36673,110.2453,63.978714,0.7506658,-1,-1,-1
29,394,609.16986,398.2793,181.42871,140.58691,0.5590331,-1,-1,-1
29,383,880.00696,92.80991,103.179565,45.199898,0.6937454,-1,-1,-1
30,368,115.453575,326.92676,88.07679,140.40717,0.8380437,-1,-1,-1
30,369,426.30417,75.36176,64.06,48.309998,0.839962,-1,-1,-1
30,370,569.04987,164.41756,96.0954,68.8569,0.87823564,-1,-1,-1
30,371,470.13474,36.968964,59.91861,40.355247,0.8404455,-1,-1,-1
30,372,328.85294,127.39045,84.329315,68.99564,0.8630375,-1,-1,-1
30,373,267.90277,56.15188,36.56433,39.24122,0.8094237,-1,-1,-1
30,374,263.0147,372.9162,108.28113,128.45013,0.714343,-1,-1,-1
30,375,484.88992,240.23764,145.54935,77.32654,0.79440206,-1,-1,-1
30,376,223.17247,141.16716,54.495102,68.60765,0.76597655,-1,-1,-1
30,377,137.77962,168.39313,61.106705,78.87608,0.72909635,-1,-1,-1
30,378,281.35422,90.382034,65.44162,55.570404,0.7873132,-1,-1,-1
30,379,154.00105,81.50112,41.350067,45.667168,0.773069,-1,-1,-1
30,380,248.22026,8.896342,41.61635,51.98543,0.47784325,-1,-1,-1
30,382,429.11505,187.68127,110.710144,66.368286,0.7675286,-1,-1,-1
30,394,608.78955,397.8759,181.81512,141.64316,0.35476568,-1,-1,-1
30,383,878.23096,92.50936,103.258484,45.751335,0.74316496,-1,-1,-1
31,368,113.37967,330.7485,89.76196,141.47583,0.8474435,-1,-1,-1
31,369,423.16507,73.94359,63.8891,47.713783,0.8502699,-1,-1,-1
31,370,564.5824,160.65118,94.27588,68.37337,0.8763788,-1,-1,-1
31,371,466.3622,35.420723,58.892914,39.613564,0.86237884,-1,-1,-1
31,372,328.64645,127.35382,84.03699,69.30374,0.86082447,-1,-1,-1
31,373,267.06885,56.357105,36.91269,39.562603,0.79855317,-1,-1,-1
31,374,266.04108,391.36765,107.58896,123.41745,0.67852753,-1,-1,-1
31,375,485.709,241.2325,145.90903,76.14314,0.7981336,-1,-1,-1
31,376,221.18457,143.47818,56.334076,69.981,0.7777669,-1,-1,-1
31,377,136.40982,170.03535,60.764175,79.02669,0.7175663,-1,-1,-1
31,378,280.10532,90.70958,65.87857,55.344315,0.77445096,-1,-1,-1
31,379,152.48827,82.45989,41.872314,46.25408,0.76801115,-1,-1,-1
31,380,246.94193,9.295425,41.70862,53.38041,0.39794496,-1,-1,-1
31,382,428.71207,189.22867,110.76926,65.56784,0.7480772,-1,-1,-1
31,394,609.0867,397.84048,182.14862,142.15952,0.38628086,-1,-1,-1
31,383,877.2626,92.43313,102.44049,45.959663,0.7757242,-1,-1,-1
31,399,137.68095,169.10068,55.92946,79.36931,0.5734839,-1,-1,-1
32,368,113.17648,335.58853,90.23622,143.08838,0.7629335,-1,-1,-1
32,369,420.0726,72.36241,62.631012,46.90911,0.85254985,-1,-1,-1
32,370,559.07745,156.68472,93.11841,66.57802,0.8633227,-1,-1,-1
32,371,461.74805,33.358032,58.89331,39.453796,0.8391548,-1,-1,-1
32,372,328.4873,127.14204,84.637085,69.61344,0.8616631,-1,-1,-1
32,373,266.54648,56.38008,36.490936,39.559914,0.79817086,-1,-1,-1
32,374,267.1377,406.05154,106.263,115.8353,0.64076054,-1,-1,-1
32,375,486.263,240.91272,146.67676,76.0061,0.79070175,-1,-1,-1
32,376,220.19087,146.16112,57.132065,70.783646,0.7285633,-1,-1,-1
32,377,135.52557,172.21802,61.01378,78.97394,0.6603328,-1,-1,-1
32,378,279.57562,90.938156,66.08627,55.237564,0.79825515,-1,-1,-1
32,379,152.25021,84.534386,40.97377,45.736763,0.7759164,-1,-1,-1
32,380,245.71143,9.387267,41.983704,54.238758,0.36037454,-1,-1,-1
32,382,427.59708,189.07529,111.73172,65.21864,0.77857494,-1,-1,-1
32,394,608.5382,396.7729,182.65082,143.05719,0.3329844,-1,-1,-1
32,383,876.07605,92.74252,101.5932,45.330795,0.74602604,-1,-1,-1
32,399,136.82117,171.80798,55.83281,80.13849,0.5067702,-1,-1,-1
33,368,111.76904,338.37985,89.974045,145.01205,0.71660143,-1,-1,-1
33,369,416.56375,70.56292,62.331116,45.857452,0.85564244,-1,-1,-1
33,370,553.5924,153.95894,92.46295,64.991776,0.8857965,-1,-1,-1
33,371,458.10638,32.015366,57.594055,38.812454,0.8329853,-1,-1,-1
33,372,327.53558,127.383896,86.12802,69.13231,0.86024964,-1,-1,-1
33,373,265.02536,56.01098,37.042603,39.377014,0.7986154,-1,-1,-1
33,375,486.72745,238.76805,148.06186,77.715805,0.7699495,-1,-1,-1
33,376,217.56256,147.49796,60.23578,71.5979,0.78158844,-1,-1,-1
33,377,134.35329,174.619,61.010284,79.69121,0.7056559,-1,-1,-1
33,378,278.6166,91.17277,66.458435,55.40667,0.79907,-1,-1,-1
33,379,150.72203,85.03576,40.966064,46.607353,0.77351856,-1,-1,-1
33,380,244.22855,9.800296,43.34201,53.579823,0.3845855,-1,-1,-1
33,382,427.4346,190.6282,110.70975,64.02617,0.73588955,-1,-1,-1
33,394,604.52814,397.06372,181.82031,140.92737,0.37169325,-1,-1,-1
33,383,874.2961,92.52928,101.916016,44.57611,0.72317016,-1,-1,-1
33,399,135.0135,174.09682,55.715546,81.343796,0.28122187,-1,-1,-1
33,387,872.9757,90.89904,108.99225,66.60586,0.61701113,-1,-1,-1
34,368,110.09636,342.66064,91.11444,147.97052,0.7007488,-1,-1,-1
34,369,413.68515,68.83505,60.008484,46.090813,0.860121,-1,-1,-1
34,370,550.2582,150.41359,90.882935,64.66365,0.8770089,-1,-1,-1
34,371,454.1868,29.650234,57.19034,38.99026,0.8239064,-1,-1,-1
34,372,326.78366,127.10117,86.44818,71.055336,0.85654694,-1,-1,-1
34,373,263.05994,56.31871,37.993347,39.198486,0.7767007,-1,-1,-1
34,375,488.0216,238.22368,149.29407,77.87456,0.7566098,-1,-1,-1
34,376,216.42685,150.16818,61.321014,71.88747,0.78649986,-1,-1,-1
34,377,133.07646,178.16077,60.706604,79.441284,0.63075554,-1,-1,-1
34,378,277.36703,91.52446,66.86694,55.0972,0.80525005,-1,-1,-1
34,379,149.71866,86.01154,40.818314,47.383675,0.7687312,-1,-1,-1
34,380,242.61343,10.231936,44.51642,54.203518,0.30652198,-1,-1,-1
34,382,427.51746,192.04851,110.09863,62.9124,0.76795083,-1,-1,-1
34,394,604.4593,397.53705,181.54163,140.61108,0.31049618,-1,-1,-1
34,383,872.79626,92.127464,103.19031,44.53768,0.7134172,-1,-1,-1
34,399,133.54662,177.80524,56.8555,81.64517,0.5305375,-1,-1,-1
34,387,871.6048,91.01046,108.59003,63.334175,0.4956843,-1,-1,-1
35,368,109.660034,348.66653,90.50934,147.86215,0.67868394,-1,-1,-1
35,369,410.22433,67.07331,59.86972,45.772697,0.8489223,-1,-1,-1
35,370,545.86035,148.20503,88.63269,61.340958,0.8613629,-1,-1,-1
35,371,450.96738,28.175009,55.216766,38.21041,0.8593964,-1,-1,-1
35,372,325.89252,127.06994,87.38034,71.905785,0.8510837,-1,-1,-1
35,373,261.11142,56.423965,38.83499,39.662247,0.79186356,-1,-1,-1
35,375,488.80142,238.47307,147.83432,78.46529,0.7735308,-1,-1,-1
35,376,216.44475,152.80392,61.803757,73.01547,0.7718445,-1,-1,-1
35,377,130.8063,179.98845,62.23079,80.78917,0.59690845,-1,-1,-1
35,378,275.29718,91.35263,68.20355,55.49965,0.78854597,-1,-1,-1
35,379,148.4486,86.186806,41.025208,48.455956,0.7859142,-1,-1,-1
35,380,242.33835,10.759957,43.99994,53.743553,0.2753776,-1,-1,-1
35,382,427.28885,191.61252,111.06894,63.204132,0.77843046,-1,-1,-1
35,394,603.12006,397.54065,181.85577,140.57812,0.43323445,-1,-1,-1
35,383,870.82745,92.0344,102.68677,45.100914,0.7616182,-1,-1,-1
35,399,131.70155,179.3746,57.71837,82.617645,0.3936513,-1,-1,-1
35,387,869.78284,90.74181,107.86206,63.625053,0.5040861,-1,-1,-1
35,403,264.08435,378.24542,107.89859,106.59338,0.46313977,-1,-1,-1
36,369,407.41434,65.36376,59.269745,46.08098,0.84163636,-1,-1,-1
36,370,540.9831,145.84998,87.940735,60.59326,0.86699283,-1,-1,-1
36,371,447.56348,26.395977,54.471283,38.316692,0.82579833,-1,-1,-1
36,372,325.05777,127.33073,87.95068,73.05149,0.8526791,-1,-1,-1
36,373,259.62134,56.63576,38.83481,39.61301,0.79929996,-1,-1,-1
36,375,489.7566,239.71661,147.18329,76.9628,0.77923995,-1,-1,-1
36,376,215.86604,156.85849,62.497513,73.274734,0.7877676,-1,-1,-1
36,377,129.02507,183.53386,62.685593,80.43489,0.6986006,-1,-1,-1
36,378,274.32864,91.80929,65.124054,55.2844,0.782223,-1,-1,-1
36,379,147.95319,87.837456,41.034058,47.794792,0.7844468,-1,-1,-1
36,380,240.71819,11.4517765,44.01619,52.73159,0.38310653,-1,-1,-1
36,382,425.9683,189.0738,112.62778,66.23085,0.78741795,-1,-1,-1
36,394,602.40247,397.04404,182.33942,141.27524,0.33535615,-1,-1,-1
36,383,869.14996,91.854744,102.90552,46.064842,0.7463438,-1,-1,-1
36,399,129.67802,183.54709,59.709915,81.54489,0.4402194,-1,-1,-1
36,387,868.1054,90.45236,107.984924,65.927185,0.62459195,-1,-1,-1
36,403,264.67233,384.79962,106.334625,101.81241,0.58851945,-1,-1,-1
37,369,404.12228,62.986763,59.50009,45.97959,0.8339508,-1,-1,-1
37,370,535.83624,143.76445,87.0484,59.40265,0.864599,-1,-1,-1
37,371,444.0503,24.749897,54.013428,38.095074,0.8266569,-1,-1,-1
37,372,324.71768,128.04156,87.88849,72.859436,0.85622764,-1,-1,-1
37,373,257.95575,56.77097,38.892303,39.79833,0.8013077,-1,-1,-1
37,375,491.16934,241.07097,147.52713,75.405136,0.7890249,-1,-1,-1
37,376,214.66043,159.0901,64.41211,73.862885,0.76433665,-1,-1,-1
37,377,127.66574,186.55855,63.369293,81.38832,0.7618432,-1,-1,-1
37,378,272.79312,91.17495,66.24524,56.445152,0.7879933,-1,-1,-1
37,379,146.31894,87.977684,41.584305,49.958748,0.7922135,-1,-1,-1
37,382,425.01337,190.1142,114.39459,66.01181,0.79299104,-1,-1,-1
37,394,601.48395,396.7514,182.62091,140.97711,0.45877564,-1,-1,-1
37,383,867.43567,91.47429,102.46533,45.934265,0.7808672,-1,-1,-1
37,403,265.17908,392.528,104.92462,99.66559,0.5960544,-1,-1,-1
37,368,107.468666,357.45764,90.554695,151.66928,0.51227146,-1,-1,-1
38,369,400.83344,61.92876,58.105286,44.72881,0.83812207,-1,-1,-1
38,370,531.7828,141.33246,86.28021,56.55516,0.88719034,-1,-1,-1
38,371,439.70175,23.425566,53.79904,37.421555,0.8394227,-1,-1,-1
38,372,324.1696,129.24332,88.305145,72.099976,0.85731494,-1,-1,-1
38,373,257.23715,57.37155,37.89389,39.670685,0.7862671,-1,-1,-1
38,375,492.46024,242.15694,147.24521,74.28526,0.80241996,-1,-1,-1
38,376,213.58417,161.2919,65.537445,75.28984,0.82070446,-1,-1,-1
38,377,126.05392,189.98811,64.329994,82.01756,0.77992254,-1,-1,-1
38,378,271.80914,91.896935,66.520294,55.932487,0.79747623,-1,-1,-1
38,379,144.41484,89.53536,42.28714,49.930367,0.7852727,-1,-1,-1
38,382,424.63797,191.62007,115.45114,63.42343,0.8092268,-1,-1,-1
38,394,609.6266,393.18463,185.62695,143.08185,0.25307143,-1,-1,-1
38,383,866.7216,91.234474,102.251526,44.09925,0.64369726,-1,-1,-1
38,403,266.44772,401.49442,99.83481,101.411255,0.6479979,-1,-1,-1
38,368,104.78766,362.93903,92.79964,152.39136,0.5074386,-1,-1,-1
38,380,238.19719,12.063876,44.34404,56.87473,0.2515543,-1,-1,-1
38,387,864.2226,89.61092,109.862854,78.02277,0.4362925,-1,-1,-1
39,369,396.73303,60.32864,58.588196,44.106564,0.84024966,-1,-1,-1
39,370,528.5363,139.14607,83.87897,55.041992,0.8696232,-1,-1,-1
39,371,436.16385,21.90081,53.187775,36.699894,0.8759446,-1,-1,-1
39,372,323.8314,129.82948,88.00064,71.54405,0.8725819,-1,-1,-1
39,373,255.99352,57.30565,38.329605,39.576294,0.78283954,-1,-1,-1
39,375,493.6267,243.38066,148.13708,72.533676,0.8173552,-1,-1,-1
39,376,214.59485,163.40639,63.78302,76.76915,0.7753292,-1,-1,-1
39,377,124.85239,191.77823,64.17131,82.40088,0.73839104,-1,-1,-1
39,378,271.029,91.692566,66.806244,56.151947,0.78780913,-1,-1,-1
39,379,143.42705,90.16815,42.690033,50.6705,0.78861403,-1,-1,-1
39,382,423.94193,191.12325,116.493866,63.612473,0.8040008,-1,-1,-1
39,394,612.31067,391.40646,186.81952,143.78409,0.3116476,-1,-1,-1
39,383,865.5336,91.56084,101.47522,43.204346,0.66308695,-1,-1,-1
39,403,265.68073,408.16672,97.17407,115.51065,0.8042536,-1,-1,-1
39,368,104.51961,368.0067,91.7619,153.30566,0.43942502,-1,-1,-1
39,387,863.044,89.95764,108.70746,77.237305,0.58162266,-1,-1,-1
40,369,393.12973,59.1003,58.690216,43.19575,0.84408516,-1,-1,-1
40,370,524.8149,136.45833,82.167175,53.99359,0.861258,-1,-1,-1
40,371,432.44226,20.463501,52.90277,36.521267,0.8044878,-1,-1,-1
40,372,323.38086,130.79568,87.74829,71.14581,0.8694938,-1,-1,-1
40,373,254.59271,57.434883,38.74286,39.87963,0.7800735,-1,-1,-1
40,375,494.54498,244.83817,148.55756,70.48462,0.8243705,-1,-1,-1
40,376,214.9644,167.97548,63.51445,75.87669,0.8193226,-1,-1,-1
40,377,123.71325,194.67038,64.22959,81.291016,0.7445014,-1,-1,-1
40,378,270.53595,93.11846,64.9646,56.001564,0.80344623,-1,-1,-1
40,379,142.26646,92.30904,42.84305,50.38443,0.79475373,-1,-1,-1
40,382,423.77783,191.68141,117.02954,63.39792,0.8259863,-1,-1,-1
40,394,613.2716,391.05792,187.5921,143.41107,0.2681988,-1,-1,-1
40,383,865.67096,91.14141,100.140564,44.294014,0.60119987,-1,-1,-1
40,403,267.2071,417.04913,90.62747,114.22986,0.77852106,-1,-1,-1
40,387,862.3568,89.20952,108.20599,75.6561,0.29250836,-1,-1,-1
40,405,123.889854,194.0127,62.330605,83.16214,0.5636097,-1,-1,-1
40,380,234.52597,11.856846,44.975098,54.793842,0.28939357,-1,-1,-1
41,369,390.7055,57.375023,56.59561,42.477158,0.85582453,-1,-1,-1
41,370,519.634,132.5256,83.118774,54.77072,0.88721323,-1,-1,-1
41,371,428.9835,18.464891,52.236572,36.303856,0.8253937,-1,-1,-1
41,372,323.41946,130.93434,87.187775,71.38411,0.8697034,-1,-1,-1
41,373,254.08957,57.881916,38.26535,39.655964,0.7999559,-1,-1,-1
41,375,495.75076,245.52911,148.63742,69.124695,0.8280965,-1,-1,-1
41,376,213.81418,170.50174,64.900604,76.51488,0.81043786,-1,-1,-1
41,377,121.87809,197.18889,65.594536,82.65495,0.7237437,-1,-1,-1
41,378,270.04227,94.10095,63.506165,54.819077,0.8030691,-1,-1,-1
41,379,141.37836,93.387146,42.66513,50.92383,0.7879297,-1,-1,-1
41,382,424.66156,192.17767,116.09979,63.65181,0.81330925,-1,-1,-1
41,394,613.5406,390.5098,187.48553,144.47726,0.28006265,-1,-1,-1
41,383,863.8447,91.17365,99.780334,43.395897,0.6377961,-1,-1,-1
41,403,269.18204,425.98938,85.40115,108.60266,0.77828515,-1,-1,-1
41,405,122.7305,196.78392,63.177917,83.87996,0.5547927,-1,-1,-1
41,380,233.43655,12.468804,47.184326,54.72561,0.34079844,-1,-1,-1
42,369,387.66287,55.651314,55.432343,42.355392,0.8415634,-1,-1,-1
42,370,516.3553,129.85422,80.300476,53.43701,0.88523173,-1,-1,-1
42,371,424.87833,16.98762,51.501038,35.771133,0.85202664,-1,-1,-1
42,372,322.9005,131.14102,87.295044,72.17818,0.859995,-1,-1,-1
42,373,253.65128,58.490376,37.983246,39.463673,0.78990537,-1,-1,-1
42,375,496.81573,244.28488,153.39435,70.4693,0.8398712,-1,-1,-1
42,376,213.51765,172.74036,65.25093,78.313354,0.8201898,-1,-1,-1
42,377,121.706276,200.17819,64.668205,82.47897,0.7603166,-1,-1,-1
42,378,269.22696,94.10663,63.62091,55.489746,0.80466133,-1,-1,-1
42,379,140.22531,95.54953,42.264328,50.46501,0.7755749,-1,-1,-1
42,382,424.28867,190.80061,116.773346,65.42403,0.8000157,-1,-1,-1
42,383,861.7715,91.245766,101.13696,44.103844,0.6169514,-1,-1,-1
42,403,270.75967,434.81592,83.122314,104.41321,0.8332488,-1,-1,-1
42,405,122.303604,199.1414,61.08281,84.92607,0.4182773,-1,-1,-1
42,380,232.53362,12.546018,45.40779,53.96509,0.5207998,-1,-1,-1
42,387,859.99054,89.06117,108.16785,67.19527,0.25473648,-1,-1,-1
43,369,384.257,53.843994,55.240692,42.95263,0.850982,-1,-1,-1
43,370,513.60834,127.28046,78.1402,52.55397,0.8500627,-1,-1,-1
43,371,421.65784,15.364182,50.79904,35.738747,0.8357449,-1,-1,-1
43,372,322.28485,131.61696,87.175446,72.0361,0.8595952,-1,-1,-1
43,373,253.08205,58.43739,37.39412,39.821278,0.77845997,-1,-1,-1
43,375,498.59015,244.49806,155.17627,70.44472,0.8224948,-1,-1,-1
43,376,214.27579,175.46207,63.543915,79.81711,0.7892794,-1,-1,-1
43,377,120.122246,203.06915,65.70202,82.73645,0.7758898,-1,-1,-1
43,378,268.381,94.36204,63.835114,56.00956,0.8097657,-1,-1,-1
43,379,138.12016,95.93868,43.244675,51.63836,0.7622495,-1,-1,-1
43,382,424.5661,191.17822,116.60553,65.82761,0.7887811,-1,-1,-1
43,383,859.6596,91.318634,102.39807,46.666153,0.66219157,-1,-1,-1
43,403,272.80408,443.80737,79.483765,96.19263,0.79734176,-1,-1,-1
43,405,120.65491,201.90047,60.93454,84.580795,0.6012616,-1,-1,-1
43,380,230.86304,12.3574915,45.72336,55.32247,0.31269312,-1,-1,-1
43,387,858.68933,89.15925,108.25903,65.81428,0.38262242,-1,-1,-1
43,394,599.8065,395.40567,185.36597,142.44333,0.46544576,-1,-1,-1
44,369,381.32642,52.363266,54.819885,42.766037,0.8347666,-1,-1,-1
44,370,508.90622,124.012596,77.93393,53.51145,0.883713,-1,-1,-1
44,371,418.19736,14.154943,50.38739,35.37037,0.81835777,-1,-1,-1
44,372,320.9556,131.86575,86.47241,72.362305,0.8486018,-1,-1,-1
44,373,252.0727,58.865406,37.073486,39.222683,0.7698537,-1,-1,-1
44,375,500.22012,243.40779,156.14883,71.52467,0.801877,-1,-1,-1
44,376,214.72209,179.82338,62.643723,79.184616,0.8382928,-1,-1,-1
44,377,117.65532,205.11613,67.128845,86.54686,0.77975845,-1,-1,-1
44,378,266.7049,94.67476,65.445526,56.980103,0.81151766,-1,-1,-1
44,379,137.4229,97.16761,42.975403,52.29493,0.77302915,-1,-1,-1
44,382,424.67886,192.50386,116.94809,65.127884,0.8096891,-1,-1,-1
44,383,858.9501,91.14288,101.234314,43.46953,0.6032235,-1,-1,-1
44,403,275.73965,452.40903,74.56015,87.59097,0.7453102,-1,-1,-1
44,405,117.95105,203.83044,62.57724,87.58746,0.2797568,-1,-1,-1
44,380,229.24077,12.810496,45.669174,56.203457,0.4630494,-1,-1,-1
45,369,377.81717,50.591995,54.137573,42.246826,0.85672987,-1,-1,-1
45,370,505.23206,120.93704,75.77356,52.29918,0.857397,-1,-1,-1
45,371,414.0622,12.922647,50.133514,34.800064,0.82960933,-1,-1,-1
45,372,319.15625,132.07509,88.0676,72.293655,0.84234124,-1,-1,-1
45,373,249.84084,58.546688,37.48909,39.561787,0.78646433,-1,-1,-1
45,375,499.64267,243.53122,155.89896,71.53909,0.7936442,-1,-1,-1
45,376,213.4189,183.70877,63.406143,79.61838,0.8121997,-1,-1,-1
45,377,114.455826,208.4476,68.89171,87.98303,0.7884245,-1,-1,-1
45,378,265.34384,94.901115,66.77286,56.961082,0.822903,-1,-1,-1
45,379,135.7948,97.92203,43.886658,53.60788,0.7867499,-1,-1,-1
45,382,424.7081,190.85193,117.98489,67.60019,0.81213075,-1,-1,-1
45,383,857.30206,90.37691,102.0141,45.040756,0.6874929,-1,-1,-1
45,380,228.34288,12.867526,45.010635,56.134426,0.46264455,-1,-1,-1
45,394,595.5913,396.22736,185.05426,143.35901,0.28528893,-1,-1,-1
46,369,375.03864,49.081203,53.977203,41.72002,0.8347387,-1,-1,-1
46,370,500.40585,118.40152,76.071075,51.641953,0.8700725,-1,-1,-1
46,371,410.00604,11.561994,50.149384,34.343296,0.8220704,-1,-1,-1
46,372,318.74973,132.11885,88.63626,72.616196,0.8457293,-1,-1,-1
46,373,248.91974,58.868,37.222168,39.443043,0.7868276,-1,-1,-1
46,375,500.89645,243.81256,155.21152,71.03616,0.79959625,-1,-1,-1
46,376,212.76294,187.10101,64.11154,80.442535,0.76083434,-1,-1,-1
46,377,112.90316,209.91898,69.16378,89.04755,0.8136958,-1,-1,-1
46,378,264.5063,94.68192,66.963715,57.48562,0.8175527,-1,-1,-1
46,379,134.82632,99.45759,44.14203,53.030388,0.7900736,-1,-1,-1
46,382,425.24753,193.11072,117.73123,65.63623,0.79355395,-1,-1,-1
46,383,856.043,90.57589,101.239075,45.836113,0.64322424,-1,-1,-1
46,380,228.20331,13.618508,43.50592,56.153015,0.63526505,-1,-1,-1
47,369,371.46045,47.558704,54.428192,41.044857,0.82730126,-1,-1,-1
47,370,495.12592,115.41016,76.18817,52.2052,0.87131476,-1,-1,-1
47,371,406.62424,9.696,49.528564,34.74351,0.80964833,-1,-1,-1
47,372,318.36575,132.06914,89.343445,72.90648,0.8532175,-1,-1,-1
47,373,247.53415,59.209187,37.61197,39.660526,0.7862899,-1,-1,-1
47,375,501.81824,244.13947,156.04224,70.62344,0.7932161,-1,-1,-1
47,376,212.83078,190.92288,65.188385,80.32974,0.82540774,-1,-1,-1
47,377,111.31469,213.1423,69.81182,88.45618,0.79767007,-1,-1,-1
47,378,262.78915,94.78975,67.94455,57.938065,0.8086892,-1,-1,-1
47,379,133.0888,100.8376,44.873795,53.91432,0.80500424,-1,-1,-1
47,382,426.0436,194.49573,117.67984,63.77655,0.79603595,-1,-1,-1
47,383,854.1734,90.519684,100.96881,45.267044,0.7324033,-1,-1,-1
47,380,227.39479,13.937713,43.58339,56.65174,0.69224006,-1,-1,-1
48,369,368.53952,46.49049,53.486694,40.312725,0.8222067,-1,-1,-1
48,370,491.23553,113.31884,75.13782,50.746773,0.8554049,-1,-1,-1
48,371,403.36023,7.9138856,48.8006,34.898262,0.8170405,-1,-1,-1
48,372,318.2722,132.32523,89.445496,72.97885,0.85759366,-1,-1,-1
48,373,245.8422,59.399693,38.023254,39.746326,0.7882022,-1,-1,-1
48,375,504.56085,244.40921,155.84656,70.15497,0.81059474,-1,-1,-1
48,376,212.54623,194.165,64.433105,80.96031,0.83924717,-1,-1,-1
48,377,109.33924,215.597,70.970055,91.14824,0.82145274,-1,-1,-1
48,378,261.46222,95.76747,66.96655,57.022552,0.8098884,-1,-1,-1
48,379,131.40076,102.39306,45.109238,54.51606,0.8142986,-1,-1,-1
48,382,426.19067,191.51057,118.20123,66.884384,0.80530643,-1,-1,-1
48,383,853.0819,90.61582,100.18976,43.127632,0.68598396,-1,-1,-1
48,380,226.44432,14.212095,43.626846,56.63823,0.6394072,-1,-1,-1
49,369,366.36453,45.391125,52.24344,39.91486,0.8208626,-1,-1,-1
49,370,487.43976,110.25051,73.27258,50.7817,0.8598525,-1,-1,-1
49,371,400.1196,6.210721,47.931915,34.871796,0.77459353,-1,-1,-1
49,372,317.5762,132.60654,90.02432,73.18034,0.8601338,-1,-1,-1
49,373,244.8319,60.13834,37.76863,39.907284,0.8247172,-1,-1,-1
49,375,507.42,242.51093,156.80905,72.21655,0.7994203,-1,-1,-1
49,376,212.00725,197.2517,66.803665,82.7343,0.827819,-1,-1,-1
49,377,107.630394,217.20818,71.482124,92.5385,0.80930185,-1,-1,-1
49,378,260.34714,96.49768,65.51169,56.268326,0.8306376,-1,-1,-1
49,379,130.36331,103.74536,44.878693,54.903152,0.8155081,-1,-1,-1
49,382,426.6896,193.08272,118.666046,65.68071,0.81624264,-1,-1,-1
49,383,851.894,90.46406,100.00665,45.660454,0.7571097,-1,-1,-1
49,380,224.90384,13.239274,43.95044,56.59857,0.39959195,-1,-1,-1
50,369,363.15768,43.984936,51.320557,40.662395,0.8308993,-1,-1,-1
50,370,483.61465,107.709915,72.62698,50.020615,0.861342,-1,-1,-1
50,371,396.48474,5.015809,48.35907,34.80903,0.7549949,-1,-1,-1
50,372,317.30716,132.97684,89.90637,73.31351,0.86059153,-1,-1,-1
50,373,243.95396,60.46638,37.559036,39.904476,0.81051505,-1,-1,-1
50,375,509.97684,241.85606,158.4678,73.215256,0.81485784,-1,-1,-1
50,376,211.59093,201.31853,68.19212,82.89604,0.8249164,-1,-1,-1
50,377,106.761665,219.60638,70.64916,93.239044,0.7995766,-1,-1,-1
50,378,258.9261,96.78747,65.50183,56.406273,0.80159533,-1,-1,-1
50,379,129.59276,106.22715,44.992096,54.425896,0.7976132,-1,-1,-1
50,382,426.2535,193.68512,119.92685,65.084595,0.80253017,-1,-1,-1
50,383,850.83826,90.37543,99.6579,46.7045,0.7638308,-1,-1,-1
50,380,223.63446,12.752387,43.544037,57.638588,0.6382925,-1,-1,-1
51,369,359.5035,42.30416,51.893616,40.462173,0.8252027,-1,-1,-1
51,370,479.97504,105.29134,71.590454,49.886086,0.8574158,-1,-1,-1
51,371,393.5596,3.224871,47.799255,35.35885,0.6716021,-1,-1,-1
51,372,316.806,133.68115,90.66797,73.5773,0.8571348,-1,-1,-1
51,373,242.97798,61.315216,38.06624,39.748146,0.8251408,-1,-1,-1
51,375,513.22064,241.8981,159.23773,72.84033,0.8066698,-1,-1,-1
51,376,211.30775,204.5618,67.82045,84.58652,0.81999415,-1,-1,-1
51,377,105.6268,224.53888,71.04393,92.49631,0.70040715,-1,-1,-1
51,378,257.58783,96.667076,66.16855,57.240196,0.8139431,-1,-1,-1
51,379,128.08507,107.13666,45.401688,55.29799,0.7858586,-1,-1,-1
51,382,428.31583,194.80127,118.87302,64.035065,0.8159491,-1,-1,-1
51,383,849.8743,90.38277,99.660034,45.435318,0.75661933,-1,-1,-1
51,380,222.4193,13.517662,42.753555,56.427826,0.6337603,-1,-1,-1
52,369,356.56564,41.377,50.349396,39.890762,0.82258475,-1,-1,-1
52,370,475.9913,102.18734,70.2847,49.97004,0.8461382,-1,-1,-1
52,371,389.62012,2.1098554,47.80414,34.976627,0.6716925,-1,-1,-1
52,372,316.39944,134.31139,89.90485,73.60884,0.85895944,-1,-1,-1
52,373,241.97281,62.00498,38.72455,39.37739,0.83673596,-1,-1,-1
52,375,511.91806,242.12827,160.08054,71.76398,0.7907068,-1,-1,-1
52,376,210.91672,207.2598,68.64322,87.03342,0.8452936,-1,-1,-1
52,377,104.390976,227.94481,71.942245,93.4272,0.80658644,-1,-1,-1
52,378,256.70316,97.02975,67.4693,57.145058,0.82739997,-1,-1,-1
52,379,127.31467,108.68853,45.45627,55.400597,0.774089,-1,-1,-1
52,382,429.98215,195.15097,117.51529,63.6196,0.80252445,-1,-1,-1
52,383,848.14105,90.75989,100.14288,44.386734,0.74380636,-1,-1,-1
52,380,221.05815,14.1027975,42.47136,55.86281,0.7206963,-1,-1,-1
52,387,847.5184,89.05389,103.92334,65.10915,0.5836484,-1,-1,-1
53,369,353.74515,39.705574,50.43811,39.539635,0.7782616,-1,-1,-1
53,370,472.13657,100.224976,69.453705,48.355682,0.8660375,-1,-1,-1
53,371,386.44916,1.1023877,47.601288,34.838097,0.5379392,-1,-1,-1
53,372,315.8611,134.85922,91.227325,73.4001,0.84739965,-1,-1,-1
53,373,241.12154,62.08115,38.691635,39.61289,0.8125153,-1,-1,-1
53,375,515.8184,243.08379,153.63031,71.30003,0.7751356,-1,-1,-1
53,376,210.87416,210.22697,69.1324,88.09511,0.85382754,-1,-1,-1
53,377,102.570244,229.05533,72.56008,95.46219,0.7961835,-1,-1,-1
53,378,255.55287,97.25849,66.90288,56.73638,0.8215539,-1,-1,-1
53,379,126.02043,109.5151,45.252182,55.36785,0.78900707,-1,-1,-1
53,382,430.6651,195.0738,117.00488,63.448013,0.79714197,-1,-1,-1
53,383,846.18835,90.86113,100.96295,44.350372,0.74821866,-1,-1,-1
53,380,220.09938,14.106382,42.380905,56.44397,0.4657415,-1,-1,-1
54,369,350.5224,38.78339,50.255432,38.987583,0.8222577,-1,-1,-1
54,370,469.43137,98.04697,67.35434,47.640244,0.8593884,-1,-1,-1
54,371,383.20737,0.08076608,47.41153,34.56904,0.5751036,-1,-1,-1
54,372,315.26834,135.45488,91.48242,73.42186,0.84443855,-1,-1,-1
54,373,239.9225,62.05502,38.32344,39.903942,0.81183136,-1,-1,-1
54,375,518.0586,242.88643,151.84686,71.415695,0.78559154,-1,-1,-1
54,376,210.23225,214.55504,70.23427,88.90834,0.85535693,-1,-1,-1
54,377,100.52612,232.28589,74.08629,97.412994,0.815802,-1,-1,-1
54,378,253.62654,96.35305,69.326096,58.146248,0.8132358,-1,-1,-1
54,379,124.57893,112.086464,45.160934,54.555687,0.7910147,-1,-1,-1
54,382,431.191,195.47911,116.98892,63.505722,0.79461515,-1,-1,-1
54,383,844.21356,90.54089,101.37567,45.464676,0.77697283,-1,-1,-1
54,380,218.25925,14.879185,43.348663,56.29224,0.48312518,-1,-1,-1
55,369,347.14825,36.591248,50.376465,39.278923,0.77869385,-1,-1,-1
55,370,465.06592,95.825714,67.65234,47.378387,0.835505,-1,-1,-1
55,371,380.00876,0.0,46.411377,32.42316,0.67592275,-1,-1,-1
55,372,314.95764,136.84962,92.10864,72.34732,0.8464185,-1,-1,-1
55,373,238.0628,62.039093,38.93448,40.210854,0.8109424,-1,-1,-1
55,375,519.0777,242.05713,153.9992,72.38287,0.80717605,-1,-1,-1
55,376,209.70676,217.31137,71.46512,91.990845,0.8537339,-1,-1,-1
55,377,97.181274,235.74309,76.18454,99.07353,0.84727305,-1,-1,-1
55,378,253.76167,97.78199,67.303116,56.712105,0.84788704,-1,-1,-1
55,379,122.52772,113.234146,45.80462,55.846863,0.8178875,-1,-1,-1
55,382,432.49448,195.99864,116.174286,63.788742,0.8009883,-1,-1,-1
55,383,842.7706,90.098274,100.56537,44.57514,0.77223605,-1,-1,-1
55,380,217.42606,15.445617,43.229706,55.042534,0.4322628,-1,-1,-1
55,394,602.06165,390.04373,184.60162,145.05179,0.2849978,-1,-1,-1
55,387,842.34106,88.67747,103.466736,61.923027,0.71257293,-1,-1,-1
56,369,344.15576,34.849663,49.80899,39.262497,0.81277055,-1,-1,-1
56,370,461.8186,93.17836,66.90015,46.639084,0.83038473,-1,-1,-1
56,371,376.712,0.0,46.227783,31.416977,0.663249,-1,-1,-1
56,372,314.83746,138.2929,92.4559,70.97246,0.846308,-1,-1,-1
56,373,236.41528,62.290207,39.58484,39.76303,0.80818576,-1,-1,-1
56,375,520.32367,241.56451,155.73694,72.704254,0.8052795,-1,-1,-1
56,376,209.54124,220.6273,71.625046,92.465256,0.85631037,-1,-1,-1
56,377,96.84586,239.59106,76.59507,97.93552,0.8381384,-1,-1,-1
56,378,253.39091,98.621956,66.83736,56.09826,0.8441067,-1,-1,-1
56,379,121.460464,114.7858,46.215652,55.998978,0.82999265,-1,-1,-1
56,382,432.78244,194.8222,116.239655,65.28964,0.8015617,-1,-1,-1
56,383,841.3322,89.961006,100.43201,44.204643,0.7734436,-1,-1,-1
56,380,216.5631,15.919349,43.135452,54.61003,0.5257041,-1,-1,-1
57,369,341.35678,33.06639,49.81842,39.545624,0.791008,-1,-1,-1
57,370,458.0132,91.43405,66.10867,45.837402,0.8372996,-1,-1,-1
57,371,372.9749,0.0,46.845825,30.564608,0.5907356,-1,-1,-1
57,372,313.9077,139.0461,93.552795,70.616165,0.85038245,-1,-1,-1
57,373,234.80156,62.347034,39.310196,39.902584,0.81452924,-1,-1,-1
57,375,524.49066,241.50922,154.44269,72.590515,0.786935,-1,-1,-1
57,376,209.37346,226.47028,72.719315,92.120605,0.85933435,-1,-1,-1
57,377,95.93704,242.95618,76.22531,96.94891,0.7594666,-1,-1,-1
57,378,251.85353,99.31026,66.679794,55.576797,0.8260136,-1,-1,-1
57,379,119.91047,115.78232,46.39556,56.2688,0.8369155,-1,-1,-1
57,382,431.52814,193.77603,118.017334,66.86783,0.8094611,-1,-1,-1
57,383,840.5421,90.0193,100.15039,44.06819,0.77272445,-1,-1,-1
57,380,215.20734,16.075718,42.733032,53.737484,0.4212557,-1,-1,-1
58,369,339.43155,31.665,48.596344,40.65042,0.8159932,-1,-1,-1
58,370,453.98578,89.554054,66.54254,44.868248,0.84056604,-1,-1,-1
58,371,369.47498,0.0,46.588684,28.960354,0.4773808,-1,-1,-1
58,372,313.10162,139.87822,95.317535,70.24013,0.84400994,-1,-1,-1
58,373,233.15988,62.24321,39.399017,40.169373,0.8142797,-1,-1,-1
58,375,527.08167,241.2148,155.02802,72.25105,0.77727437,-1,-1,-1
58,376,209.4214,230.42892,73.91734,93.40881,0.8852326,-1,-1,-1
58,377,94.150665,245.46259,76.61815,100.28845,0.7957922,-1,-1,-1
58,378,250.28714,98.92017,68.44101,56.228096,0.81934077,-1,-1,-1
58,379,118.5153,116.81081,46.33207,57.29828,0.8107682,-1,-1,-1
58,382,431.4486,194.93712,118.565125,66.47429,0.81931674,-1,-1,-1
58,383,840.002,89.946846,99.93591,43.86149,0.71995693,-1,-1,-1
59,369,336.03134,30.496666,48.653046,40.218086,0.78979474,-1,-1,-1
59,370,450.99207,86.890854,65.30353,45.02713,0.8303973,-1,-1,-1
59,371,366.07227,0.0,47.306305,28.585548,0.46015882,-1,-1,-1
59,372,312.5493,140.73737,96.47385,69.68727,0.85042953,-1,-1,-1
59,373,231.59355,62.4626,39.879074,40.28473,0.8237281,-1,-1,-1
59,375,529.10626,239.60963,158.0813,73.55904,0.7748016,-1,-1,-1
59,376,209.39232,234.54973,74.4875,94.87822,0.83725554,-1,-1,-1
59,377,93.00336,248.61815,76.580734,102.43318,0.7817242,-1,-1,-1
59,378,248.91223,98.5443,69.35196,57.113495,0.8213333,-1,-1,-1
59,379,117.7469,118.37989,46.306183,58.332573,0.7980775,-1,-1,-1
59,382,432.81085,195.46759,118.315,66.32422,0.82177913,-1,-1,-1
59,383,838.3695,89.94622,99.89722,42.99491,0.69312334,-1,-1,-1
59,387,836.85583,88.58614,102.86865,68.18452,0.51833844,-1,-1,-1
59,380,213.02934,16.617002,41.92624,53.916916,0.48816636,-1,-1,-1
60,369,332.59662,29.465302,49.151825,39.88315,0.73590344,-1,-1,-1
60,370,447.06805,85.003395,64.818756,45.362648,0.84227896,-1,-1,-1
60,372,311.60944,141.22687,97.96924,70.089874,0.85317886,-1,-1,-1
60,373,230.74118,63.025887,39.559326,39.51986,0.81880736,-1,-1,-1
60,375,531.7834,239.38542,154.58331,73.4189,0.7812951,-1,-1,-1
60,376,209.09367,238.88634,76.00258,97.336624,0.8480134,-1,-1,-1
60,377,92.43698,251.6293,75.58673,101.90643,0.8097974,-1,-1,-1
60,378,247.47998,98.98589,70.25769,57.191948,0.8245402,-1,-1,-1
60,379,116.926216,120.16568,46.23838,58.52452,0.7979455,-1,-1,-1
60,382,432.74524,197.23535,119.92255,65.23007,0.8199091,-1,-1,-1
60,383,836.7594,89.94821,100.27826,41.67099,0.5803553,-1,-1,-1
60,387,835.5959,88.80988,103.91528,66.452156,0.64426816,-1,-1,-1
60,380,210.99257,16.37915,42.213486,54.167404,0.6530791,-1,-1,-1
61,369,330.2006,28.409115,48.95407,38.868107,0.8129703,-1,-1,-1
61,370,444.46378,83.591705,62.179626,44.28869,0.8616045,-1,-1,-1
61,372,311.10455,141.63272,99.431335,70.53439,0.8568227,-1,-1,-1
61,373,229.7111,63.336193,39.799454,39.49148,0.82516634,-1,-1,-1
61,375,532.7426,238.97656,155.55292,73.20413,0.7843499,-1,-1,-1
61,376,209.33961,242.34332,76.475815,99.2262,0.8368017,-1,-1,-1
61,377,89.54894,254.61636,76.08131,104.99585,0.8117069,-1,-1,-1
61,378,246.99417,99.811,68.532684,56.56391,0.8320648,-1,-1,-1
61,379,115.46472,121.01362,46.641754,59.263283,0.8219051,-1,-1,-1
61,382,434.43704,198.73676,120.28262,63.63141,0.81611663,-1,-1,-1
61,383,835.604,90.102356,100.47302,41.96486,0.69665974,-1,-1,-1
61,387,834.7839,88.92342,103.91901,64.11216,0.65067565,-1,-1,-1
61,380,209.07143,15.950298,42.431534,54.675106,0.38826483,-1,-1,-1
62,369,327.60004,27.71832,47.991028,38.4009,0.80834943,-1,-1,-1
62,370,439.53632,80.59451,63.22354,45.570084,0.8419284,-1,-1,-1
62,372,310.57803,142.34439,100.35187,70.60077,0.8530221,-1,-1,-1
62,373,228.9793,63.652664,39.98195,39.608208,0.81936747,-1,-1,-1
62,375,538.12964,238.00272,157.38965,74.554565,0.79814684,-1,-1,-1
62,376,208.63005,245.65802,78.992966,102.27667,0.8300785,-1,-1,-1
62,377,88.037506,258.67355,77.67209,105.379,0.8183881,-1,-1,-1
62,378,245.76184,100.11225,68.468475,56.569633,0.82631236,-1,-1,-1
62,379,114.329506,121.996666,46.63874,60.26214,0.807466,-1,-1,-1
62,382,437.22226,200.537,118.87021,62.355972,0.80644834,-1,-1,-1
62,383,834.6283,89.63721,100.48633,43.674423,0.5621997,-1,-1,-1
62,387,834.1062,88.86756,103.58496,64.23121,0.4350845,-1,-1,-1
62,380,207.26048,16.230282,43.743713,55.467342,0.613365,-1,-1,-1
63,369,324.27356,26.112494,48.146942,38.48551,0.8323961,-1,-1,-1
63,370,436.96884,78.70184,62.093323,45.259735,0.83630544,-1,-1,-1
63,372,310.38788,142.51653,101.180084,71.23906,0.853947,-1,-1,-1
63,373,227.45494,63.87484,40.490585,39.782516,0.81729144,-1,-1,-1
63,375,540.4963,239.56505,154.80487,72.61098,0.8041174,-1,-1,-1
63,376,208.76761,251.04681,80.80704,101.848755,0.8434059,-1,-1,-1
63,377,86.87567,260.0762,77.40079,107.25479,0.8401935,-1,-1,-1
63,378,245.22359,99.66909,68.33443,57.623512,0.82494843,-1,-1,-1
63,379,113.34046,123.90906,46.68972,60.576385,0.8138886,-1,-1,-1
63,382,439.97385,200.94154,117.17435,62.30754,0.82858217,-1,-1,-1
63,383,833.05365,89.7611,99.84363,43.21427,0.68065643,-1,-1,-1
63,387,832.6101,88.61701,102.847534,62.99308,0.5500806,-1,-1,-1
63,380,206.33768,16.754894,43.72319,55.188206,0.6299229,-1,-1,-1
64,369,321.59842,24.770658,48.05591,37.986153,0.8010037,-1,-1,-1
64,370,434.6378,77.492065,61.168213,43.48133,0.8238195,-1,-1,-1
64,372,310.35895,143.42653,101.430664,70.882,0.8585561,-1,-1,-1
64,373,226.57288,64.22346,40.060394,39.83867,0.7977335,-1,-1,-1
64,375,544.3936,240.16849,153.11389,71.583405,0.8219562,-1,-1,-1
64,376,209.08592,254.54523,81.831375,104.096344,0.8760027,-1,-1,-1
64,377,85.18386,264.82126,78.99595,108.33191,0.8651921,-1,-1,-1
64,378,244.55142,99.94092,67.794464,57.598694,0.8505605,-1,-1,-1
64,379,112.3791,125.87474,46.53118,60.970535,0.80669475,-1,-1,-1
64,382,439.8251,198.69514,118.44101,64.6122,0.80615175,-1,-1,-1
64,383,832.4344,89.878746,99.11731,42.46868,0.5346782,-1,-1,-1
64,380,205.10045,17.301567,44.18219,55.858276,0.7916166,-1,-1,-1
65,369,319.03027,23.904356,47.25241,36.89154,0.82784665,-1,-1,-1
65,370,431.4373,75.18794,60.428223,43.27118,0.83139694,-1,-1,-1
65,372,310.2426,144.29666,101.68393,70.473145,0.8616967,-1,-1,-1
65,373,225.86154,64.686325,39.907867,39.40062,0.7880634,-1,-1,-1
65,375,547.9836,239.74492,152.35876,71.70973,0.8206596,-1,-1,-1
65,376,209.80293,259.7235,82.51619,105.40338,0.8357932,-1,-1,-1
65,377,82.893654,267.6019,79.92716,109.98041,0.83308786,-1,-1,-1
65,378,243.49619,100.01031,67.76285,57.65754,0.8110535,-1,-1,-1
65,379,110.86142,127.87083,46.87674,61.381096,0.7938527,-1,-1,-1
65,382,441.51584,200.22652,117.69986,63.37114,0.83139026,-1,-1,-1
65,383,830.0753,89.49669,100.45209,43.98326,0.6657383,-1,-1,-1
65,380,204.00426,17.546566,43.661835,56.37176,0.69939756,-1,-1,-1
65,394,577.6953,394.9602,177.1997,143.75037,0.33105087,-1,-1,-1
65,387,828.9959,88.29908,104.57745,64.40078,0.5584836,-1,-1,-1
66,369,317.04517,22.52443,45.949554,37.00365,0.81696165,-1,-1,-1
66,370,428.55988,73.5798,59.929443,43.108192,0.83309394,-1,-1,-1
66,372,310.09134,144.63373,102.07193,70.67531,0.85962486,-1,-1,-1
66,373,225.31674,64.84321,38.42447,39.003105,0.7772239,-1,-1,-1
66,375,549.92926,239.18326,153.4419,72.04599,0.8168665,-1,-1,-1
66,376,210.07219,264.7166,83.2726,106.65445,0.8296991,-1,-1,-1
66,377,81.49369,269.7189,80.4468,111.02719,0.8390741,-1,-1,-1
66,378,242.5907,100.347595,67.62332,57.323303,0.8164001,-1,-1,-1
66,379,109.19822,129.30576,47.604256,61.815567,0.79241157,-1,-1,-1
66,382,442.3225,198.45164,117.16437,66.13341,0.82267857,-1,-1,-1
66,383,829.10455,89.68266,99.753845,45.338654,0.6223638,-1,-1,-1
66,380,203.2506,18.180113,42.85547,56.030754,0.6509307,-1,-1,-1
66,387,828.2039,88.57525,104.086365,64.59878,0.45057282,-1,-1,-1
67,369,314.88397,21.320383,45.213654,37.8235,0.8223023,-1,-1,-1
67,370,424.78604,71.95535,59.529205,42.985977,0.8351122,-1,-1,-1
67,372,309.9273,145.23895,102.589325,70.84166,0.86008483,-1,-1,-1
67,373,223.25833,64.64407,39.007202,39.679695,0.76382077,-1,-1,-1
67,375,550.5062,238.72713,153.16205,71.78023,0.8089198,-1,-1,-1
67,376,211.18614,268.48026,83.8011,109.702545,0.82898265,-1,-1,-1
67,377,80.62054,273.1056,79.70745,112.21414,0.8323092,-1,-1,-1
67,378,242.61409,101.14501,66.64574,56.54824,0.82391757,-1,-1,-1
67,379,108.06911,131.2395,47.526382,62.2527,0.8266332,-1,-1,-1
67,382,443.28302,199.57248,117.10974,65.04111,0.8277587,-1,-1,-1
67,383,827.9939,89.02678,99.65204,47.08911,0.6079085,-1,-1,-1
67,380,202.59128,18.598467,42.089935,54.843956,0.65628016,-1,-1,-1
67,394,575.46326,394.7957,179.03479,143.40182,0.43257594,-1,-1,-1
68,369,312.26447,20.252546,45.11728,37.922783,0.81385636,-1,-1,-1
68,370,421.58984,70.3322,58.551758,41.9097,0.83295405,-1,-1,-1
68,372,309.64005,145.82024,102.16208,71.3506,0.8719588,-1,-1,-1
68,373,220.98717,64.856995,40.123703,39.416466,0.7804789,-1,-1,-1
68,375,553.88336,238.44604,150.8172,72.06079,0.82113624,-1,-1,-1
68,376,212.01546,272.66907,84.03932,111.846344,0.83188254,-1,-1,-1
68,377,81.318085,277.96375,80.01807,112.67111,0.81101304,-1,-1,-1
68,378,241.5728,101.310585,67.2021,57.13436,0.8262761,-1,-1,-1
68,379,106.43813,133.25122,48.23864,62.89595,0.80139893,-1,-1,-1
68,382,443.42563,200.4319,117.57828,63.981796,0.8239936,-1,-1,-1
68,383,827.27423,89.30788,98.3869,44.909637,0.54447925,-1,-1,-1
68,380,201.12508,18.910551,43.081497,54.63372,0.60937506,-1,-1,-1
69,369,309.22366,19.369316,45.36685,37.62668,0.81090134,-1,-1,-1
69,370,417.44156,68.398254,58.680298,41.65149,0.8169889,-1,-1,-1
69,372,309.3486,146.7105,102.40671,71.0302,0.87787765,-1,-1,-1
69,373,218.5593,64.39365,41.322113,40.232513,0.7948012,-1,-1,-1
69,375,557.4011,237.91556,151.49164,71.477264,0.80740076,-1,-1,-1
69,376,213.38205,277.79385,84.109375,114.42963,0.84877163,-1,-1,-1
69,377,79.249985,280.5903,81.343765,114.56375,0.83065987,-1,-1,-1
69,378,240.16212,101.64023,66.80971,57.673798,0.85580444,-1,-1,-1
69,379,105.21934,135.12517,48.330116,62.99095,0.80005324,-1,-1,-1
69,382,444.30383,199.83786,117.53906,64.18884,0.821574,-1,-1,-1
69,383,825.82227,89.20366,99.49585,43.898468,0.62286085,-1,-1,-1
69,380,200.23729,19.158388,42.525543,55.976624,0.27339795,-1,-1,-1
69,387,824.3901,88.19173,103.56287,61.779327,0.57738227,-1,-1,-1
70,369,307.0197,18.41574,44.714874,37.34899,0.8255988,-1,-1,-1
70,370,413.6712,66.369125,59.859955,42.488853,0.81884354,-1,-1,-1
70,372,309.09387,146.9758,101.956024,70.92679,0.8600548,-1,-1,-1
70,373,217.74739,65.07495,40.85765,39.512,0.78782445,-1,-1,-1
70,375,561.066,236.72015,150.70172,72.03934,0.8145725,-1,-1,-1
70,376,213.2904,282.29218,85.42505,116.63092,0.84579974,-1,-1,-1
70,377,77.13688,284.59537,82.280754,115.70505,0.8268673,-1,-1,-1
70,378,238.68509,101.57926,68.797485,58.163643,0.8378501,-1,-1,-1
70,379,104.239494,136.96487,47.91456,63.1689,0.81481093,-1,-1,-1
70,382,446.52078,200.4995,116.272064,63.513382,0.8226716,-1,-1,-1
70,383,825.7042,89.195465,97.66821,43.176712,0.6750447,-1,-1,-1
70,380,198.73994,19.327066,42.256958,54.43164,0.5392645,-1,-1,-1
70,387,824.63727,88.20262,100.43359,60.87355,0.49208936,-1,-1,-1
71,369,304.73553,17.440893,44.219055,36.747826,0.81478,-1,-1,-1
71,370,410.51382,65.277306,59.16269,41.504837,0.81172466,-1,-1,-1
71,372,308.4375,147.66505,103.61432,70.69139,0.8577427,-1,-1,-1
71,373,216.8667,65.91772,40.32556,39.462257,0.8112132,-1,-1,-1
71,375,563.9613,236.06438,151.0575,72.6534,0.8025368,-1,-1,-1
71,376,213.46358,289.59378,86.8065,116.282196,0.8508706,-1,-1,-1
71,377,75.51715,290.66553,83.28175,114.327484,0.78683984,-1,-1,-1
71,378,236.93199,101.50976,70.19908,58.44982,0.8384028,-1,-1,-1
71,379,103.24604,138.34912,48.005836,63.76999,0.79613346,-1,-1,-1
71,382,447.70334,200.73631,116.87265,63.482864,0.8323396,-1,-1,-1
71,383,823.99884,89.14778,97.47156,43.389526,0.7353885,-1,-1,-1
71,380,197.59601,19.030466,42.308395,54.974205,0.54450667,-1,-1,-1
71,387,823.2936,88.29843,100.26605,60.852524,0.6849919,-1,-1,-1
72,369,301.78397,16.34382,44.179108,37.08577,0.8177565,-1,-1,-1
72,370,407.84912,63.241673,57.62143,40.223812,0.83384466,-1,-1,-1
72,372,308.1647,148.21913,104.36542,70.64993,0.8542067,-1,-1,-1
72,373,216.45708,66.01271,39.941483,40.195244,0.803462,-1,-1,-1
72,375,565.6076,234.76588,150.46991,73.294785,0.7900255,-1,-1,-1
72,376,213.36398,293.26453,89.68646,120.49838,0.8499011,-1,-1,-1
72,377,73.637856,292.6845,83.066765,116.876434,0.8185779,-1,-1,-1
72,378,235.93698,101.6714,70.427826,58.829437,0.83677065,-1,-1,-1
72,379,101.86876,139.96413,48.39621,64.328186,0.7838333,-1,-1,-1
72,382,449.88364,201.64464,116.799286,63.066147,0.8151204,-1,-1,-1
72,383,822.59015,88.8795,97.11188,43.279846,0.64303845,-1,-1,-1
72,380,195.61597,19.319983,42.87108,55.921654,0.624644,-1,-1,-1
72,387,821.51483,88.11532,101.45654,62.755074,0.45208457,-1,-1,-1
73,369,298.69464,15.314104,44.540436,35.76761,0.812093,-1,-1,-1
73,370,404.615,61.35339,56.960022,40.61352,0.81121814,-1,-1,-1
73,372,308.18475,148.8963,103.82526,70.202194,0.85961676,-1,-1,-1
73,373,215.40967,66.42775,40.27562,40.517296,0.801283,-1,-1,-1
73,375,568.4519,234.87286,151.89703,73.40979,0.7894462,-1,-1,-1
73,376,213.68518,299.11624,91.39685,123.07553,0.85153514,-1,-1,-1
73,377,71.12995,296.10934,83.26292,119.72931,0.83096606,-1,-1,-1
73,378,234.9439,102.30973,70.35585,58.844643,0.84400195,-1,-1,-1
73,379,100.35726,142.0219,49.123405,64.71364,0.819612,-1,-1,-1
73,382,448.61877,201.1547,120.11383,64.29855,0.81558603,-1,-1,-1
73,383,820.50507,88.58131,98.11206,43.46154,0.68248695,-1,-1,-1
73,380,193.38231,19.369953,44.00569,56.07947,0.64604443,-1,-1,-1
73,387,819.63513,87.809006,102.91461,66.26396,0.40352187,-1,-1,-1
74,369,296.10336,13.998012,44.660492,35.645157,0.81701255,-1,-1,-1
74,370,401.13794,59.598515,56.221313,39.843426,0.8239169,-1,-1,-1
74,372,308.1063,150.0169,103.83804,69.38681,0.8614153,-1,-1,-1
74,373,214.72992,66.85884,40.109375,40.39817,0.7954512,-1,-1,-1
74,375,571.6268,234.60883,151.71033,73.45636,0.80124134,-1,-1,-1
74,376,214.15663,304.20657,92.61461,125.611786,0.84999007,-1,-1,-1
74,377,69.32615,302.3513,86.21723,117.987946,0.7880016,-1,-1,-1
74,378,233.73337,102.2905,70.57861,59.432846,0.8305377,-1,-1,-1
74,379,99.74837,143.95297,49.78244,65.188934,0.8010755,-1,-1,-1
74,382,448.8951,201.53477,121.46445,64.11754,0.81773,-1,-1,-1
74,383,819.0725,88.50595,97.726074,42.87584,0.71856666,-1,-1,-1
74,380,192.23148,19.813913,43.799377,55.48191,0.8254991,-1,-1,-1
74,387,818.3141,88.05519,101.88513,66.42532,0.48784524,-1,-1,-1
75,369,293.21146,13.204775,44.772614,34.730392,0.8090738,-1,-1,-1
75,370,397.9644,57.644173,55.281555,40.151413,0.81370866,-1,-1,-1
75,372,308.00183,151.44504,104.50836,68.41948,0.8616064,-1,-1,-1
75,373,213.66904,67.23028,40.85771,40.786217,0.77092797,-1,-1,-1
75,375,575.0256,233.81528,148.61957,73.601685,0.8183437,-1,-1,-1
75,376,214.01086,310.41458,94.03021,126.57794,0.8511719,-1,-1,-1
75,377,68.09186,304.15424,85.787766,121.681274,0.8279013,-1,-1,-1
75,378,232.68951,102.47449,69.82007,59.452118,0.81774163,-1,-1,-1
75,379,98.432625,145.78763,50.370598,65.5509,0.79411066,-1,-1,-1
75,382,451.2081,203.3388,120.66684,62.537994,0.8125035,-1,-1,-1
75,383,817.6202,88.405945,98.09253,43.2899,0.69120574,-1,-1,-1
75,380,191.5387,20.348936,44.05075,54.66954,0.7789903,-1,-1,-1
75,387,816.91284,88.24862,100.92609,63.29055,0.54205614,-1,-1,-1
76,369,290.75793,12.235918,44.125732,34.411385,0.825562,-1,-1,-1
76,370,395.45175,56.5836,54.909515,40.535046,0.80925715,-1,-1,-1
76,372,307.7031,152.30162,105.57562,68.234146,0.86192715,-1,-1,-1
76,373,212.86443,67.9633,40.360504,40.648582,0.79866713,-1,-1,-1
76,375,579.1762,233.79202,146.30035,73.17044,0.8236227,-1,-1,-1
76,376,215.18362,316.26392,94.39743,129.04227,0.86222434,-1,-1,-1
76,377,67.97606,308.413,86.243866,122.790955,0.8259495,-1,-1,-1
76,378,231.4605,102.90893,69.697586,59.934593,0.8213764,-1,-1,-1
76,379,96.74185,147.85562,51.945557,65.805084,0.78332216,-1,-1,-1
76,382,453.59686,203.94489,119.22522,61.857513,0.7866699,-1,-1,-1
76,383,816.309,88.2243,97.102844,42.826973,0.68721807,-1,-1,-1
76,380,190.12779,21.057993,44.062317,54.755478,0.75174034,-1,-1,-1
76,387,815.6687,88.37559,100.756165,61.37011,0.4296261,-1,-1,-1
77,369,288.81235,11.1663265,43.270203,34.482773,0.81283873,-1,-1,-1
77,370,392.01654,54.533623,54.749695,41.217766,0.79785186,-1,-1,-1
77,372,307.94525,152.6172,105.64688,68.42508,0.8528332,-1,-1,-1
77,373,210.57774,67.863686,41.11885,41.060394,0.7963123,-1,-1,-1
77,375,581.88934,232.95262,146.85309,73.76457,0.8177565,-1,-1,-1
77,376,214.73718,321.58942,96.57864,131.35098,0.8707652,-1,-1,-1
77,377,67.29206,313.23914,86.77953,122.85141,0.7894746,-1,-1,-1
77,378,229.90929,102.53424,70.50221,60.546036,0.83318216,-1,-1,-1
77,379,95.67615,149.40182,52.033035,66.57997,0.7769867,-1,-1,-1
77,382,457.28528,205.5338,116.6264,59.4254,0.8093537,-1,-1,-1
77,383,814.91095,87.61294,96.65588,43.170387,0.6956656,-1,-1,-1
77,380,188.90596,21.422165,43.621307,53.586784,0.5948772,-1,-1,-1
78,369,286.2721,9.935475,43.22827,34.148895,0.82205534,-1,-1,-1
78,370,387.70547,52.549843,54.64688,40.775734,0.81286615,-1,-1,-1
78,372,307.95535,153.07538,106.53995,68.12132,0.84510785,-1,-1,-1
78,373,208.70891,68.05451,41.746094,40.99649,0.79201186,-1,-1,-1
78,375,585.05914,232.29567,147.19464,74.07619,0.8105305,-1,-1,-1
78,376,216.54915,327.8286,97.00261,134.88922,0.8560492,-1,-1,-1
78,377,64.273285,318.43097,89.75815,124.22507,0.7839676,-1,-1,-1
78,378,229.31236,103.48218,70.66661,60.1429,0.82556295,-1,-1,-1
78,379,94.1985,151.5852,52.30478,67.28946,0.8126788,-1,-1,-1
78,382,456.0753,205.59758,119.12448,59.951767,0.8177128,-1,-1,-1
78,383,813.8231,87.378876,96.37695,43.453323,0.72819316,-1,-1,-1
78,380,187.468,21.649527,43.52539,53.174835,0.43648854,-1,-1,-1
79,369,283.60318,8.584116,42.91449,34.690277,0.82212913,-1,-1,-1
79,370,384.86383,51.7978,53.981903,39.421585,0.7973442,-1,-1,-1
79,372,307.7032,153.43976,106.64267,68.55658,0.8453394,-1,-1,-1
79,373,206.71709,68.07125,42.156876,41.0952,0.7890776,-1,-1,-1
79,375,586.4777,231.336,149.49072,74.72763,0.81445366,-1,-1,-1
79,376,217.5872,333.565,99.046036,137.09146,0.86083484,-1,-1,-1
79,377,62.650524,321.80746,90.71028,127.82944,0.77233416,-1,-1,-1
79,378,228.80318,104.74543,69.16005,59.105858,0.86211216,-1,-1,-1
79,379,92.51561,152.57889,53.18582,68.418396,0.8176126,-1,-1,-1
79,382,458.4256,206.25496,117.55072,59.656357,0.8282326,-1,-1,-1
79,383,812.9293,87.43897,96.71698,43.54534,0.7064425,-1,-1,-1
79,380,185.59558,21.601734,45.011032,53.766514,0.27480745,-1,-1,-1
79,387,812.3723,87.84633,98.322266,62.160233,0.6483688,-1,-1,-1
80,369,282.10135,7.529941,41.945892,34.6719,0.8018894,-1,-1,-1
80,370,382.32666,50.623993,53.87491,39.57052,0.72911346,-1,-1,-1
80,372,307.72327,153.95374,107.0737,68.58421,0.8478278,-1,-1,-1
80,373,205.80092,68.5384,41.644714,41.19954,0.8215893,-1,-1,-1
80,375,589.58936,230.49274,147.12787,74.49408,0.822045,-1,-1,-1
80,376,218.05887,340.91513,101.510376,137.33008,0.8821698,-1,-1,-1
80,377,61.683125,328.22168,91.01511,126.52396,0.79145896,-1,-1,-1
80,378,227.9698,105.185524,69.30232,59.240974,0.8403063,-1,-1,-1
80,379,91.647,153.21431,53.48932,69.992386,0.7994786,-1,-1,-1
80,382,460.4007,205.45242,117.24719,60.956604,0.7993019,-1,-1,-1
80,383,811.73193,87.49273,96.71802,43.188133,0.68365777,-1,-1,-1
80,380,184.031,21.975248,45.441177,53.782562,0.65829784,-1,-1,-1
80,387,811.35986,87.82109,98.03143,63.06682,0.61537457,-1,-1,-1
81,369,279.98605,6.605622,40.905457,34.578724,0.783755,-1,-1,-1
81,370,379.14368,48.942387,53.391327,38.795055,0.64474756,-1,-1,-1
81,372,307.4343,154.61784,108.23547,68.26047,0.8490949,-1,-1,-1
81,373,204.5706,68.43051,41.461166,41.98642,0.8143106,-1,-1,-1
81,375,592.2162,229.79904,146.19678,74.691925,0.83141243,-1,-1,-1
81,376,217.07246,348.38522,104.4572,138.39111,0.8861725,-1,-1,-1
81,377,61.62335,330.13,90.46878,130.97241,0.7951365,-1,-1,-1
81,378,226.7524,105.78595,69.613815,58.91745,0.8363154,-1,-1,-1
81,379,90.087776,155.63023,53.29235,70.276535,0.7910433,-1,-1,-1
81,382,462.4763,205.9682,117.79739,60.0571,0.78322893,-1,-1,-1
81,383,810.21796,87.25634,96.996216,42.99685,0.679939,-1,-1,-1
81,380,182.72855,22.14963,44.904465,54.825455,0.534883,-1,-1,-1
81,387,809.7574,87.332634,98.49072,61.41401,0.5696142,-1,-1,-1
82,369,277.5885,5.2495995,41.16809,34.838383,0.7853771,-1,-1,-1
82,370,375.91022,47.14231,53.007233,38.97027,0.7337326,-1,-1,-1
82,372,307.76926,154.83882,108.42047,69.03087,0.859507,-1,-1,-1
82,373,204.00967,68.89933,40.92668,41.597565,0.8160406,-1,-1,-1
82,375,594.0798,228.57826,147.01648,75.33601,0.8291356,-1,-1,-1
82,376,218.47322,354.78418,104.475845,140.58997,0.8812186,-1,-1,-1
82,377,60.39431,334.03473,90.468315,132.34732,0.79741836,-1,-1,-1
82,378,225.3308,106.26619,70.49101,58.45012,0.84174234,-1,-1,-1
82,379,89.39946,158.50703,51.930206,69.67851,0.81667614,-1,-1,-1
82,382,464.86884,206.5073,117.50873,59.575928,0.7975932,-1,-1,-1
82,383,808.95404,87.2097,97.123535,42.10829,0.5736994,-1,-1,-1
82,380,181.16829,22.55717,44.527756,54.717106,0.7080703,-1,-1,-1
82,387,808.55646,87.055016,98.45282,61.225914,0.36911052,-1,-1,-1
83,369,275.07834,4.661263,41.38141,34.271427,0.7987235,-1,-1,-1
83,370,372.65024,46.138447,52.87088,38.92278,0.7427752,-1,-1,-1
83,372,308.0273,155.28067,108.72647,69.6942,0.8627227,-1,-1,-1
83,373,202.9845,69.88996,41.56874,41.092827,0.8156883,-1,-1,-1
83,375,598.1772,228.55302,145.13776,75.86952,0.82991874,-1,-1,-1
83,376,220.00652,361.1637,105.600235,143.91147,0.8793213,-1,-1,-1
83,377,58.378765,338.41058,91.586105,134.26343,0.7707114,-1,-1,-1
83,378,223.58913,107.042885,71.05342,58.142036,0.8575548,-1,-1,-1
83,379,87.46931,161.71788,52.11181,69.311935,0.8015491,-1,-1,-1
83,382,467.32532,206.86249,116.56897,59.29132,0.8038363,-1,-1,-1
83,383,807.2061,86.6257,97.787476,43.184875,0.59849966,-1,-1,-1
83,380,179.39514,22.796347,45.05728,55.128334,0.70779145,-1,-1,-1
83,387,806.9166,86.45759,98.81354,62.894188,0.47556183,-1,-1,-1
84,369,272.77353,3.8453648,41.193848,33.80916,0.6578923,-1,-1,-1
84,370,370.34116,45.46644,52.073883,38.12104,0.6625703,-1,-1,-1
84,372,308.32388,155.63821,108.939026,70.269196,0.8652269,-1,-1,-1
84,373,201.9917,70.6202,41.64583,41.136894,0.80574733,-1,-1,-1
84,375,601.64777,228.00536,144.28467,76.38698,0.8535554,-1,-1,-1
84,376,220.29134,366.67703,108.78572,148.77072,0.8487446,-1,-1,-1
84,377,56.65801,343.18936,92.57272,135.39636,0.7917896,-1,-1,-1
84,378,222.63342,107.990654,71.81308,57.81858,0.85439575,-1,-1,-1
84,379,86.22933,164.44934,52.79162,69.55568,0.81778103,-1,-1,-1
84,382,467.00305,207.52269,117.799866,58.79146,0.8132407,-1,-1,-1
84,383,806.1146,86.733505,97.41058,43.64949,0.35167387,-1,-1,-1
84,380,178.58331,23.059488,43.7536,54.654778,0.7725327,-1,-1,-1
85,369,270.7814,3.5815012,40.37085,32.043026,0.6221821,-1,-1,-1
85,370,367.0876,44.217964,51.131653,37.530266,0.7043155,-1,-1,-1
85,372,308.61288,156.73293,109.38873,70.27199,0.86185986,-1,-1,-1
85,373,201.16412,70.81868,41.42076,41.286774,0.7888937,-1,-1,-1
85,375,604.6456,227.75409,142.53033,75.86081,0.87680423,-1,-1,-1
85,376,221.29741,374.38544,111.35805,150.85748,0.8928961,-1,-1,-1
85,377,54.622566,347.09665,94.37829,138.02048,0.7507612,-1,-1,-1
85,378,221.49911,108.46158,71.80286,57.782883,0.85403675,-1,-1,-1
85,379,85.0491,166.78265,53.379105,69.95465,0.8098698,-1,-1,-1
85,382,469.44904,207.58461,116.65546,58.390152,0.82630706,-1,-1,-1
85,380,177.6333,23.317137,43.355362,56.078773,0.7579331,-1,-1,-1
85,409,569.98425,365.08893,268.65686,174.8443,0.30553147,-1,-1,-1
85,387,803.69525,85.874,100.43036,61.661964,0.44109133,-1,-1,-1
86,369,269.3875,2.5047016,39.300903,31.759985,0.7524159,-1,-1,-1
86,370,364.28,43.060616,51.28607,37.50483,0.7560073,-1,-1,-1
86,372,308.7316,157.58066,109.78345,68.96324,0.8697791,-1,-1,-1
86,373,200.45828,70.82455,41.15796,41.45552,0.79980046,-1,-1,-1
86,375,608.4495,226.92491,142.06079,75.823044,0.85021025,-1,-1,-1
86,376,221.8236,381.56418,112.69435,151.50485,0.767888,-1,-1,-1
86,377,54.543854,352.23492,93.620285,139.01828,0.74542695,-1,-1,-1
86,378,220.67967,108.950676,70.9633,57.559517,0.8556317,-1,-1,-1
86,379,82.61739,168.5734,55.282524,70.84665,0.8001469,-1,-1,-1
86,382,469.5832,207.98834,117.594604,57.774567,0.81795096,-1,-1,-1
86,380,176.84119,23.296082,42.445145,56.352097,0.78338414,-1,-1,-1
86,409,570.1793,363.95905,266.93,175.25037,0.32490838,-1,-1,-1
86,383,803.4974,85.84577,97.51318,42.659874,0.32707915,-1,-1,-1
87,369,269.9337,2.1356082,36.15164,31.232594,0.6433903,-1,-1,-1
87,370,359.79166,41.0998,51.73175,37.521812,0.69942325,-1,-1,-1
87,372,308.85388,158.23958,109.708984,69.27692,0.87211573,-1,-1,-1
87,373,199.45813,70.947754,40.476334,41.876587,0.7650295,-1,-1,-1
87,375,611.13965,226.30815,142.03308,74.58974,0.85430276,-1,-1,-1
87,376,223.21631,390.58032,115.33252,149.41968,0.77687865,-1,-1,-1
87,377,51.71532,357.25824,93.703354,139.5051,0.7049859,-1,-1,-1
87,378,219.3519,109.75548,70.96268,57.075455,0.87930167,-1,-1,-1
87,379,81.37511,171.39407,55.02832,70.90007,0.79687595,-1,-1,-1
87,382,469.77148,208.01363,118.44525,57.759293,0.82568663,-1,-1,-1
87,380,175.41614,23.76839,42.705795,56.38489,0.7031901,-1,-1,-1
87,409,564.27094,369.81265,259.0675,169.22739,0.32163498,-1,-1,-1
87,383,802.1506,85.256645,97.02026,43.934258,0.46446028,-1,-1,-1
88,369,266.67084,1.305528,36.869537,30.589384,0.7078293,-1,-1,-1
88,370,358.02258,40.23315,50.26544,36.656322,0.76612693,-1,-1,-1
88,372,308.8092,158.88481,110.653046,68.9377,0.87120986,-1,-1,-1
88,373,197.27791,71.458244,40.9438,42.02105,0.7965182,-1,-1,-1
88,375,613.9564,225.61905,141.66058,74.42316,0.857265,-1,-1,-1
88,376,221.9545,398.29578,115.35074,141.70422,0.79707855,-1,-1,-1
88,377,50.22833,361.61356,94.692245,142.44064,0.60366124,-1,-1,-1
88,378,218.54662,110.125114,70.41182,57.1202,0.85300386,-1,-1,-1
88,379,80.18597,173.57692,55.328102,71.031265,0.8123978,-1,-1,-1
88,382,470.88135,208.34372,118.64307,57.54413,0.8243475,-1,-1,-1
88,380,173.70576,23.79088,43.678284,57.962112,0.7311639,-1,-1,-1
88,409,562.24097,369.2369,256.72974,169.92258,0.2998941,-1,-1,-1
88,383,800.5644,85.30259,97.00464,45.29014,0.3178435,-1,-1,-1
89,369,265.64914,0.17616327,35.04962,30.82621,0.6409445,-1,-1,-1
89,370,355.12842,38.808323,49.817963,36.33962,0.55548185,-1,-1,-1
89,372,309.18457,159.51811,111.69769,68.905106,0.87681925,-1,-1,-1
89,373,195.4323,71.94822,41.46837,41.544525,0.7951304,-1,-1,-1
89,375,616.37305,224.95216,141.8432,74.34099,0.86545,-1,-1,-1
89,376,224.7386,404.88437,115.00539,135.11563,0.83765393,-1,-1,-1
89,377,48.516758,366.91977,95.18161,143.78995,0.57514066,-1,-1,-1
89,378,217.29561,110.03566,71.72157,57.525406,0.852842,-1,-1,-1
89,379,78.87049,176.0505,56.05932,70.99748,0.8134004,-1,-1,-1
89,382,471.66498,208.07501,119.46826,57.827698,0.8177295,-1,-1,-1
89,380,172.42142,24.190403,42.623352,55.942158,0.6455681,-1,-1,-1
89,409,560.8093,368.79147,258.40796,170.30057,0.29296112,-1,-1,-1
89,383,799.24963,85.39865,96.66254,49.271744,0.58135134,-1,-1,-1
89,387,799.087,85.15959,101.16705,73.45087,0.55639184,-1,-1,-1
90,369,261.9893,0.0,36.30359,30.380709,0.25510427,-1,-1,-1
90,370,352.53128,37.036663,48.26712,36.857464,0.701761,-1,-1,-1
90,372,309.2194,160.32593,112.7583,68.74588,0.8795347,-1,-1,-1
90,373,193.79424,72.80105,42.22815,40.931244,0.7979332,-1,-1,-1
90,375,618.5631,223.0409,141.19025,74.93048,0.8601661,-1,-1,-1
90,376,226.04163,409.8629,115.23682,128.1319,0.8726149,-1,-1,-1
90,377,47.155815,373.51566,95.91782,143.87766,0.5091442,-1,-1,-1
90,378,216.36638,110.29584,71.79823,57.974976,0.84792745,-1,-1,-1
90,379,77.39116,177.38669,57.303574,72.876465,0.81149834,-1,-1,-1
90,382,472.15363,208.5626,120.138,57.174454,0.80281657,-1,-1,-1
90,380,171.29239,24.37503,42.983032,55.17865,0.76199126,-1,-1,-1
90,409,560.6537,366.56216,259.18585,173.04745,0.27762598,-1,-1,-1
90,383,798.36456,85.11601,96.22595,48.67552,0.55345815,-1,-1,-1
90,387,798.0017,84.803825,99.22638,70.00698,0.60284597,-1,-1,-1
91,370,349.0945,35.73045,48.73474,36.86347,0.739843,-1,-1,-1
91,372,309.4364,160.78824,113.472015,68.935196,0.8822905,-1,-1,-1
91,373,192.7221,73.11558,41.793076,41.417633,0.8038204,-1,-1,-1
91,375,621.69086,222.99567,141.58643,74.60364,0.8551877,-1,-1,-1
91,376,228.26865,419.58292,117.48959,118.65335,0.83760417,-1,-1,-1
91,377,45.76276,377.74408,96.17749,144.9657,0.56294066,-1,-1,-1
91,378,215.69406,110.59271,71.71988,58.349503,0.84182024,-1,-1,-1
91,379,76.434166,179.85976,56.82743,73.67543,0.8040821,-1,-1,-1
91,382,472.38403,208.62172,121.694336,57.27861,0.7961199,-1,-1,-1
91,380,170.10954,24.70213,42.079056,53.88222,0.52507555,-1,-1,-1
91,409,560.54254,370.99023,260.6128,168.32697,0.26145583,-1,-1,-1
91,383,796.92096,85.242645,96.17047,46.558243,0.59243613,-1,-1,-1
91,387,796.7361,84.914215,97.96503,70.695786,0.4903177,-1,-1,-1
92,370,346.36993,34.34906,49.093445,36.996864,0.48215216,-1,-1,-1
92,372,309.93604,160.60316,113.2966,69.15796,0.8835601,-1,-1,-1
92,373,191.85344,73.94225,41.143616,41.49563,0.8242913,-1,-1,-1
92,375,625.5313,222.50676,140.3393,74.22322,0.8642083,-1,-1,-1
92,376,231.10455,426.88245,115.83246,112.788025,0.78541756,-1,-1,-1
92,377,44.554535,382.49905,96.874176,146.55637,0.3861018,-1,-1,-1
92,378,214.5288,111.22171,72.13814,58.169266,0.8365947,-1,-1,-1
92,379,74.35596,182.5309,57.778244,74.5367,0.80287015,-1,-1,-1
92,382,473.48315,209.3591,122.08472,56.917755,0.801929,-1,-1,-1
92,380,169.10742,25.595966,42.346115,53.971004,0.61406636,-1,-1,-1
92,409,559.56976,366.37726,262.9505,173.284,0.26492396,-1,-1,-1
92,383,795.63684,85.35648,95.46655,49.142876,0.5103325,-1,-1,-1
92,387,795.385,84.96906,97.55316,70.71436,0.5511786,-1,-1,-1
93,370,343.99527,33.46189,48.018097,35.75097,0.55541617,-1,-1,-1
93,372,310.82922,161.59563,112.53119,68.676315,0.88348657,-1,-1,-1
93,373,190.71088,74.30167,41.411804,41.788742,0.81112564,-1,-1,-1
93,375,628.12524,222.2733,139.65753,74.109604,0.87998503,-1,-1,-1
93,376,233.35863,436.03104,115.03822,103.96896,0.79440147,-1,-1,-1
93,378,213.31093,111.09911,72.87126,58.695366,0.8333125,-1,-1,-1
93,379,73.307915,184.622,57.83445,75.01256,0.7893025,-1,-1,-1
93,382,475.79333,209.12257,121.277405,57.158005,0.8112776,-1,-1,-1
93,380,167.75189,25.892368,43.009018,54.06587,0.53318465,-1,-1,-1
93,409,558.5177,363.60617,264.80884,176.07486,0.28400707,-1,-1,-1
93,383,793.7931,85.490234,95.602905,46.515427,0.59903073,-1,-1,-1
93,387,793.29364,85.1482,97.715515,71.1885,0.6506326,-1,-1,-1
94,370,341.9336,32.058445,47.03827,36.09609,0.5997651,-1,-1,-1
94,372,311.17627,162.48749,112.86389,67.79349,0.8813741,-1,-1,-1
94,373,189.73853,75.089584,41.42769,41.046654,0.81158537,-1,-1,-1
94,375,632.09375,221.56915,139.1781,73.1582,0.8597502,-1,-1,-1
94,376,235.05655,443.17725,107.74591,96.822754,0.67315227,-1,-1,-1
94,378,211.35858,111.56797,74.348694,58.12066,0.8850247,-1,-1,-1
94,379,72.45429,186.65965,57.54879,75.860825,0.8065306,-1,-1,-1
94,382,475.16623,208.87569,123.188446,57.241196,0.8097943,-1,-1,-1
94,380,166.29115,26.02506,42.07042,53.705795,0.62705374,-1,-1,-1
94,383,792.7407,85.299774,94.74786,45.86177,0.46736285,-1,-1,-1
94,387,792.21497,85.01972,98.0556,69.01821,0.52650625,-1,-1,-1
95,370,338.04764,30.738924,47.16159,35.80641,0.63657004,-1,-1,-1
95,372,311.6259,163.35213,113.32431,66.8721,0.8784137,-1,-1,-1
95,373,188.13614,75.44742,42.5708,41.4347,0.81565815,-1,-1,-1
95,375,634.6341,220.31128,138.0586,72.81726,0.86489373,-1,-1,-1
95,378,210.4313,111.83094,74.65579,58.14408,0.868705,-1,-1,-1
95,379,72.835915,190.42722,56.838066,75.78873,0.79938793,-1,-1,-1
95,382,476.67007,209.06487,122.92764,57.197525,0.836009,-1,-1,-1
95,380,164.91525,26.3171,42.28076,53.99964,0.51788783,-1,-1,-1
95,383,791.4029,85.556854,94.98065,43.80214,0.66909057,-1,-1,-1
95,387,790.72034,84.28928,97.09003,66.77494,0.73014235,-1,-1,-1
95,409,557.22455,360.76505,267.922,179.08633,0.2981022,-1,-1,-1
96,370,335.08023,29.915411,47.610535,35.348083,0.69301116,-1,-1,-1
96,372,311.60654,163.48108,114.05383,67.69194,0.888448,-1,-1,-1
96,373,187.04065,76.193054,42.929672,41.439835,0.813857,-1,-1,-1
96,375,636.6854,218.83032,136.87372,73.56369,0.8746986,-1,-1,-1
96,378,209.80508,112.01761,74.53287,58.289505,0.86050206,-1,-1,-1
96,379,70.15574,192.31024,59.09359,77.44507,0.8387321,-1,-1,-1
96,382,476.99747,209.23106,124.403046,56.873245,0.8371938,-1,-1,-1
96,380,163.52303,27.737926,42.31398,53.53639,0.7190177,-1,-1,-1
96,383,789.997,85.06702,94.66766,44.919006,0.5764805,-1,-1,-1
96,387,789.5763,84.04518,96.831055,67.83208,0.63127536,-1,-1,-1
96,409,556.8573,360.36224,268.9707,179.46954,0.25177848,-1,-1,-1
97,370,332.71454,28.566349,47.43286,36.029163,0.6494471,-1,-1,-1
97,372,313.0833,164.39949,114.477875,66.87303,0.87550515,-1,-1,-1
97,373,185.09827,76.41974,44.30014,41.466064,0.79496634,-1,-1,-1
97,375,639.3479,217.77414,135.3266,74.238525,0.8853352,-1,-1,-1
97,378,209.29047,112.530266,74.84601,58.27279,0.85669315,-1,-1,-1
97,379,68.30886,195.44302,60.495445,77.11713,0.80417836,-1,-1,-1
97,382,479.25714,208.78247,123.69696,57.149536,0.8347635,-1,-1,-1
97,380,161.69841,27.882305,43.22673,53.823788,0.7436079,-1,-1,-1
97,383,788.82355,84.90013,94.118286,46.013245,0.58723915,-1,-1,-1
97,387,788.32275,83.86926,96.695435,69.32277,0.59469515,-1,-1,-1
97,409,556.4597,360.5698,269.58008,179.22818,0.25922826,-1,-1,-1
98,370,330.27502,27.320826,45.582306,36.17421,0.64060026,-1,-1,-1
98,372,313.6848,164.73146,114.24518,67.32985,0.8839332,-1,-1,-1
98,373,183.57217,76.769516,44.251404,41.758026,0.80259997,-1,-1,-1
98,375,642.51636,217.18149,134.30109,74.31604,0.89449906,-1,-1,-1
98,378,208.27084,112.62627,75.84442,58.81967,0.8576197,-1,-1,-1
98,379,66.76041,198.85243,60.866432,76.438675,0.8128286,-1,-1,-1
98,382,482.12305,208.89127,121.973206,56.9823,0.82447696,-1,-1,-1
98,380,160.11974,28.11931,43.421036,52.800423,0.7803426,-1,-1,-1
98,383,787.81165,84.79398,94.3656,47.373116,0.36844343,-1,-1,-1
98,387,787.2604,83.75742,97.34656,71.867805,0.4231854,-1,-1,-1
98,409,555.9215,358.93982,270.36163,180.91302,0.2747797,-1,-1,-1
99,370,326.82413,25.634537,46.588776,35.73095,0.7143685,-1,-1,-1
99,372,314.47345,165.31699,114.70636,67.52217,0.88071764,-1,-1,-1
99,373,182.43652,76.97693,44.302963,42.554,0.7973322,-1,-1,-1
99,375,643.90686,216.10118,134.44537,73.80846,0.8898733,-1,-1,-1
99,378,207.9126,113.49376,76.033844,58.542145,0.8611303,-1,-1,-1
99,379,66.56167,201.55386,60.56743,77.91147,0.80467933,-1,-1,-1
99,382,483.81848,208.64552,122.2511,57.38533,0.81464136,-1,-1,-1
99,380,159.10922,28.29934,43.707123,52.49653,0.5551305,-1,-1,-1
99,383,787.3729,85.10031,93.01227,43.790314,0.5423132,-1,-1,-1
99,387,786.8528,83.69892,96.22174,71.75968,0.5012877,-1,-1,-1
100,370,323.9669,24.287687,46.392883,36.310745,0.64538735,-1,-1,-1
100,372,314.36206,165.83112,115.58057,66.8566,0.86650187,-1,-1,-1
100,373,181.6448,77.35571,44.15648,42.695953,0.79272014,-1,-1,-1
100,375,645.52515,215.14929,134.61237,73.717285,0.87207216,-1,-1,-1
100,378,207.15053,113.52467,76.65648,58.868835,0.8459885,-1,-1,-1
100,379,65.2436,203.90883,60.84365,78.54802,0.79879874,-1,-1,-1
100,382,485.54175,209.3346,122.557434,56.37854,0.8155652,-1,-1,-1
100,380,157.66992,27.569376,44.83432,53.892876,0.7056137,-1,-1,-1
100,383,786.12506,84.52927,93.07788,47.678696,0.43298823,-1,-1,-1
100,387,785.77454,83.782616,96.06146,71.22285,0.50810885,-1,-1,-1
100,409,548.34607,364.46808,264.85315,175.16254,0.27013353,-1,-1,-1
101,370,320.46216,23.126923,46.700073,36.28678,0.4530437,-1,-1,-1
101,372,315.58737,166.27124,115.47653,66.19496,0.87501794,-1,-1,-1
101,373,179.91557,77.70979,45.31894,42.586464,0.78843,-1,-1,-1
101,375,648.4705,213.98524,133.80377,73.1133,0.8594678,-1,-1,-1
101,378,206.49895,114.197624,76.677536,58.930473,0.8493914,-1,-1,-1
101,379,63.616493,206.26006,61.197014,78.43135,0.83062226,-1,-1,-1
101,382,488.2643,209.63115,121.3035,55.746628,0.8204406,-1,-1,-1
101,380,156.5496,28.938301,43.846176,52.92906,0.73157686,-1,-1,-1
101,383,784.41364,84.537834,95.14154,45.911263,0.5732858,-1,-1,-1
101,387,784.19904,83.419205,96.90387,70.40007,0.61550254,-1,-1,-1
101,409,546.8596,365.04205,263.64703,174.59229,0.31042433,-1,-1,-1
102,370,318.28198,21.908941,45.535522,35.94435,0.68420345,-1,-1,-1
102,372,316.8006,166.59114,115.336914,65.925934,0.87916887,-1,-1,-1
102,373,178.55045,78.096146,45.841934,43.0483,0.7957016,-1,-1,-1
102,375,651.29614,213.0134,132.45245,73.15787,0.87599367,-1,-1,-1
102,378,205.05374,114.30858,76.230286,59.419846,0.84218675,-1,-1,-1
102,379,61.795643,209.19751,63.00143,80.24716,0.8329493,-1,-1,-1
102,382,490.34012,210.05873,120.60654,55.082535,0.8362688,-1,-1,-1
102,380,154.23854,27.843372,45.166992,55.03378,0.69615304,-1,-1,-1
102,383,783.3706,84.5703,95.473145,44.13762,0.40594885,-1,-1,-1
102,387,783.0062,83.4193,97.175415,72.006454,0.55728936,-1,-1,-1
103,370,314.89832,20.96452,45.378143,35.810913,0.5708636,-1,-1,-1
103,372,317.44766,166.9447,116.02005,66.3703,0.8735225,-1,-1,-1
103,373,177.19498,78.733055,45.585068,43.393784,0.80003005,-1,-1,-1
103,375,652.9355,211.7154,132.68188,73.84842,0.877459,-1,-1,-1
103,378,204.0577,115.653534,75.88222,59.136032,0.85552883,-1,-1,-1
103,379,59.963406,211.9968,65.514984,81.510895,0.83205,-1,-1,-1
103,382,491.99707,210.00784,120.68939,55.177612,0.8523544,-1,-1,-1
103,380,152.88445,28.1906,45.370773,54.822273,0.7108356,-1,-1,-1
103,383,782.346,84.0955,95.59979,43.6812,0.5662111,-1,-1,-1
103,387,781.76733,83.046616,97.4884,73.204666,0.57549435,-1,-1,-1
103,409,545.7383,363.8857,263.83588,175.85043,0.32634157,-1,-1,-1
104,370,312.058,19.918695,45.435547,34.721977,0.7211297,-1,-1,-1
104,372,318.20578,167.25992,116.52518,66.46391,0.87834805,-1,-1,-1
104,373,176.33221,79.50108,45.346924,43.819534,0.8167198,-1,-1,-1
104,375,654.94336,210.69804,132.85571,73.4875,0.8774787,-1,-1,-1
104,378,202.94284,116.2673,76.20624,59.21045,0.85708797,-1,-1,-1
104,379,59.72434,214.52998,64.484406,81.99898,0.86121273,-1,-1,-1
104,382,494.28894,209.91241,119.357056,55.186035,0.8534319,-1,-1,-1
104,380,151.96051,28.474226,45.37561,54.41278,0.8161695,-1,-1,-1
104,383,781.736,83.71419,94.54175,44.262535,0.50107276,-1,-1,-1
104,387,781.0021,83.16831,97.577576,71.231316,0.47313422,-1,-1,-1
104,409,545.3965,362.0236,264.4463,177.75937,0.2801264,-1,-1,-1
105,370,308.65378,18.6448,46.43051,35.364014,0.6469156,-1,-1,-1
105,372,319.37698,167.5983,116.664734,66.40164,0.8681604,-1,-1,-1
105,373,175.68143,79.97745,44.57863,43.858994,0.81821334,-1,-1,-1
105,375,657.99225,210.24591,131.63757,72.43936,0.87386525,-1,-1,-1
105,378,202.10327,116.79226,76.85983,59.14762,0.8573269,-1,-1,-1
105,379,58.999462,217.53136,64.84412,82.19234,0.83896476,-1,-1,-1
105,382,495.03354,209.99841,121.45102,54.747345,0.84124917,-1,-1,-1
105,380,151.24963,29.322395,44.991898,53.845573,0.7466074,-1,-1,-1
105,383,781.6107,83.35053,91.39227,42.559875,0.55221945,-1,-1,-1
105,387,780.62177,82.8176,96.99982,67.43883,0.5843314,-1,-1,-1
105,409,546.6059,367.81024,262.59216,171.28705,0.31371453,-1,-1,-1
106,370,306.92722,18.075693,45.019073,34.08699,0.7418419,-1,-1,-1
106,372,320.7745,168.641,116.04852,66.35043,0.8607018,-1,-1,-1
106,373,175.30342,80.18753,44.340836,44.318054,0.81821424,-1,-1,-1
106,375,660.1272,209.96028,131.25458,71.182785,0.87516254,-1,-1,-1
106,378,201.21873,117.14143,77.37306,59.473663,0.84408516,-1,-1,-1
106,379,57.906452,219.98566,64.74101,83.4512,0.8206971,-1,-1,-1
106,382,494.0125,208.37137,123.30884,56.99707,0.8239556,-1,-1,-1
106,380,150.0429,29.498922,44.11911,52.91726,0.7594896,-1,-1,-1
106,383,782.4111,83.05551,88.61871,40.977844,0.43803203,-1,-1,-1
106,387,779.9511,82.110466,95.46838,71.67986,0.2780896,-1,-1,-1
106,409,546.1697,368.59094,263.6087,170.73315,0.3134398,-1,-1,-1
107,370,304.20102,16.687408,43.97113,34.560127,0.3857242,-1,-1,-1
107,372,321.28146,168.4323,117.806854,67.179825,0.8596046,-1,-1,-1
107,373,174.29726,80.5487,44.761093,44.234825,0.81597656,-1,-1,-1
107,375,662.4887,208.8268,130.0263,70.83522,0.8634363,-1,-1,-1
107,378,200.04773,117.446434,77.793335,59.815132,0.8443867,-1,-1,-1
107,379,56.7482,224.43372,64.80798,82.260345,0.8084066,-1,-1,-1
107,382,496.12274,207.7992,123.05011,57.82132,0.8091274,-1,-1,-1
107,380,148.69838,29.323215,44.26364,53.043713,0.66728085,-1,-1,-1
107,383,781.07056,82.85502,88.33246,41.025505,0.41529834,-1,-1,-1
107,387,779.02515,81.78538,94.651245,73.013176,0.35377327,-1,-1,-1
107,409,546.6533,368.80713,263.2785,170.67346,0.29479644,-1,-1,-1
108,370,302.1599,15.555082,43.402283,32.72284,0.5167665,-1,-1,-1
108,372,322.32098,168.77545,118.71399,67.28529,0.8648674,-1,-1,-1
108,373,173.46518,80.82809,44.95842,44.40609,0.81564784,-1,-1,-1
108,375,665.95435,207.37993,128.526,71.17677,0.86220396,-1,-1,-1
108,378,199.47983,117.38481,77.69336,59.98932,0.84055984,-1,-1,-1
108,379,54.461224,226.08466,65.9211,84.81406,0.7938333,-1,-1,-1
108,382,497.45813,207.81445,124.42731,56.480103,0.8055275,-1,-1,-1
108,380,147.68549,28.968113,42.63051,53.374798,0.34247905,-1,-1,-1
108,409,547.0336,367.85605,263.0348,171.57236,0.34430486,-1,-1,-1
109,370,299.19724,14.682649,44.01172,32.700294,0.6457508,-1,-1,-1
109,372,322.95157,169.39377,120.05817,67.21184,0.8615202,-1,-1,-1
109,373,172.21591,81.08256,45.345413,44.30722,0.8138671,-1,-1,-1
109,375,668.82336,206.36592,128.07562,70.89867,0.87823343,-1,-1,-1
109,378,198.9307,117.589096,78.65375,60.24031,0.8435769,-1,-1,-1
109,379,54.278847,228.0873,64.07958,85.81413,0.81576556,-1,-1,-1
109,382,501.1466,209.3749,122.748535,54.371902,0.8589406,-1,-1,-1
109,380,146.68314,29.497204,41.969696,53.594036,0.67523634,-1,-1,-1
109,409,541.58435,373.91403,259.1723,165.54367,0.30943185,-1,-1,-1
109,383,775.93225,82.26081,92.029175,45.84069,0.4111739,-1,-1,-1
109,387,775.2515,81.49881,95.869934,73.89908,0.48552856,-1,-1,-1
110,372,323.0999,170.52672,120.826324,66.40547,0.86266375,-1,-1,-1
110,373,170.25522,81.633385,45.190384,43.838196,0.8014881,-1,-1,-1
110,375,671.40796,205.08621,127.63318,70.51959,0.8775681,-1,-1,-1
110,378,199.63467,118.02906,77.41507,59.253716,0.8656706,-1,-1,-1
110,379,53.869976,231.0537,63.601,87.37761,0.8139617,-1,-1,-1
110,382,504.0195,208.79532,121.70535,54.686005,0.8294491,-1,-1,-1
110,380,145.46898,29.525457,42.000916,53.596375,0.7833634,-1,-1,-1
110,409,538.9322,374.0917,258.7848,165.3287,0.29296765,-1,-1,-1
110,383,774.32434,82.25573,92.91162,49.178246,0.4169493,-1,-1,-1
110,387,773.8471,81.65675,95.86621,73.72157,0.492843,-1,-1,-1
111,372,323.7531,171.80968,121.701416,66.15016,0.8564804,-1,-1,-1
111,373,168.79167,81.98543,44.980637,44.693512,0.80009097,-1,-1,-1
111,375,673.63635,203.96227,127.05426,69.964005,0.884336,-1,-1,-1
111,378,199.12099,118.506775,77.65889,59.32109,0.85058594,-1,-1,-1
111,379,50.13213,234.57672,67.27742,89.24429,0.79304755,-1,-1,-1
111,382,506.09174,208.75479,121.16962,54.793823,0.8243957,-1,-1,-1
111,380,144.0042,29.857767,41.838318,53.932343,0.80930555,-1,-1,-1
111,409,543.4066,368.5393,261.82135,169.66675,0.29143932,-1,-1,-1
111,383,774.0643,82.58453,91.03351,46.394226,0.3735673,-1,-1,-1
111,387,773.22253,81.9584,94.863464,73.25469,0.5463883,-1,-1,-1
111,417,635.59094,336.30255,254.51294,202.89551,0.36654568,-1,-1,-1
111,370,293.33292,12.527663,43.776733,33.511143,0.279598,-1,-1,-1
112,372,324.94965,172.60162,121.8078,66.468124,0.85394454,-1,-1,-1
112,373,167.45374,82.26775,45.170837,44.951767,0.7896509,-1,-1,-1
112,375,675.231,203.27315,127.14465,69.48015,0.8736744,-1,-1,-1
112,378,198.11047,118.26965,78.4267,60.135956,0.85264,-1,-1,-1
112,379,48.941307,238.10497,67.644844,88.66527,0.81035244,-1,-1,-1
112,382,507.12387,207.71288,122.21323,55.90898,0.8072736,-1,-1,-1
112,380,142.56851,29.752428,42.34523,54.74362,0.7705002,-1,-1,-1
112,409,539.1217,371.3315,260.86475,167.63046,0.35000005,-1,-1,-1
112,383,772.4015,82.58914,91.16931,44.018837,0.4590734,-1,-1,-1
112,387,771.3286,81.923645,96.024475,74.35162,0.59311754,-1,-1,-1
112,417,636.384,336.0548,252.68451,201.37592,0.38304624,-1,-1,-1
112,370,290.0108,11.072634,43.484894,33.269173,0.5206334,-1,-1,-1
113,372,326.1452,173.25853,121.95575,66.7018,0.8579163,-1,-1,-1
113,373,166.5515,82.66365,45.609573,45.69113,0.78941226,-1,-1,-1
113,375,677.2802,201.83495,127.36725,69.738815,0.86807895,-1,-1,-1
113,378,196.93794,119.14776,79.83348,59.99749,0.86121976,-1,-1,-1
113,379,48.15232,241.13403,68.13526,89.26059,0.8093509,-1,-1,-1
113,382,510.79428,207.15964,120.89743,56.48224,0.7980337,-1,-1,-1
113,380,141.0615,30.129805,43.096466,54.552208,0.7803012,-1,-1,-1
113,409,537.50586,372.57132,259.55957,166.40005,0.3726277,-1,-1,-1
113,383,770.50635,82.747635,91.788635,43.990013,0.52869016,-1,-1,-1
113,387,769.42377,82.087944,96.55542,72.832466,0.6517649,-1,-1,-1
113,417,636.8724,335.56693,251.20026,201.08218,0.40884644,-1,-1,-1
113,370,288.14258,9.7023735,42.158356,33.008286,0.274302,-1,-1,-1
114,372,327.01718,173.00536,121.24277,66.10579,0.8603608,-1,-1,-1
114,373,165.75874,82.65121,45.719696,45.78608,0.7894092,-1,-1,-1
114,375,679.58655,200.6358,126.6134,69.26593,0.8847806,-1,-1,-1
114,378,195.84518,119.337074,81.46484,60.297142,0.8657707,-1,-1,-1
114,379,47.052917,242.68205,68.10784,91.33302,0.7834732,-1,-1,-1
114,382,512.5447,206.52058,121.871216,56.54146,0.80712014,-1,-1,-1
114,380,139.77327,30.217545,44.218063,55.294052,0.83218724,-1,-1,-1
114,409,536.922,371.8763,259.7171,167.28653,0.38653973,-1,-1,-1
114,383,769.95874,82.56385,90.009094,43.316612,0.6290145,-1,-1,-1
114,387,768.79645,81.80867,95.178345,73.13211,0.594457,-1,-1,-1
114,417,637.58295,335.63928,249.71185,200.73206,0.4494414,-1,-1,-1
114,370,285.81,7.971478,41.8266,33.664127,0.3896139,-1,-1,-1
115,372,328.14722,173.66432,121.840515,66.58449,0.86114687,-1,-1,-1
115,373,164.6533,83.46589,45.788376,46.00701,0.7896553,-1,-1,-1
115,375,682.1487,199.34424,125.88629,69.028534,0.9000003,-1,-1,-1
115,378,194.97243,120.237816,82.80699,60.155373,0.8611842,-1,-1,-1
115,379,46.051243,246.70494,67.35745,90.7339,0.7825448,-1,-1,-1
115,382,515.8393,205.79599,121.12964,57.46585,0.82457316,-1,-1,-1
115,380,138.46648,30.908598,43.882263,54.47319,0.76048535,-1,-1,-1
115,409,535.4496,366.66754,261.7417,172.20154,0.3293339,-1,-1,-1
115,383,769.3402,82.13532,88.709656,43.8608,0.7034044,-1,-1,-1
115,387,767.808,81.33107,94.15808,71.78299,0.5942156,-1,-1,-1
115,417,637.6911,331.966,251.68091,204.57361,0.34248045,-1,-1,-1
115,370,282.50735,7.1713033,42.922577,34.403152,0.41683003,-1,-1,-1
116,372,329.13763,173.39374,121.08087,66.546234,0.85480225,-1,-1,-1
116,373,164.01474,83.86268,45.483444,46.27102,0.7938626,-1,-1,-1
116,375,684.4092,197.94124,125.93628,69.5298,0.8912142,-1,-1,-1
116,378,194.52963,120.26974,83.47806,60.90603,0.86124253,-1,-1,-1
116,379,46.60689,249.88225,66.58658,92.7224,0.78980565,-1,-1,-1
116,382,517.58795,205.72797,120.88617,57.302704,0.81967807,-1,-1,-1
116,380,136.9562,30.777754,44.142014,55.253456,0.7308757,-1,-1,-1
116,409,535.3591,368.3145,261.9765,171.25519,0.26895997,-1,-1,-1
116,383,769.085,82.19204,87.37091,42.864113,0.6159231,-1,-1,-1
116,387,766.7399,81.56329,93.75287,69.8882,0.49995923,-1,-1,-1
116,417,638.3547,332.60306,249.1618,203.28842,0.3831665,-1,-1,-1
117,372,330.56363,173.67825,122.45154,67.22586,0.84715515,-1,-1,-1
117,373,162.81868,84.71697,45.282715,46.70585,0.8002222,-1,-1,-1
117,375,687.06396,196.93114,124.955505,69.28743,0.8928617,-1,-1,-1
117,378,194.10316,120.79411,84.04729,61.355927,0.84789616,-1,-1,-1
117,379,45.207108,253.32062,67.97113,95.08069,0.7934633,-1,-1,-1
117,382,519.53406,205.91594,120.76575,57.07051,0.8136698,-1,-1,-1
117,380,135.30229,30.481512,45.20877,56.78897,0.696441,-1,-1,-1
117,409,534.60846,364.9441,262.68872,174.51776,0.25713363,-1,-1,-1
117,383,766.5638,82.596405,88.78076,42.707924,0.71996194,-1,-1,-1
117,387,764.8827,81.73562,93.92627,65.983696,0.6702391,-1,-1,-1
117,417,639.09436,328.86023,247.28491,207.38702,0.3355711,-1,-1,-1
118,372,331.70264,173.69447,123.63394,67.337326,0.84409475,-1,-1,-1
118,373,161.86859,85.416595,45.69629,46.745667,0.79766303,-1,-1,-1
118,375,689.79047,195.70738,123.812805,69.33513,0.8907148,-1,-1,-1
118,378,193.48676,121.548195,85.15921,61.92968,0.84654003,-1,-1,-1
118,379,44.67311,257.31345,67.56353,94.20477,0.79728365,-1,-1,-1
118,382,522.2056,205.04874,119.16284,58.030396,0.81485206,-1,-1,-1
118,380,133.62106,31.017014,46.168106,56.58155,0.762058,-1,-1,-1
118,409,533.9722,363.38876,263.10614,176.40671,0.33385584,-1,-1,-1
118,383,765.45685,82.59554,88.90527,42.47612,0.67083323,-1,-1,-1
118,387,764.08405,81.37712,92.48407,69.751526,0.5658564,-1,-1,-1
118,417,629.17676,332.51526,252.19434,204.44629,0.28825396,-1,-1,-1
119,372,332.8498,174.00969,124.19156,67.20596,0.85527176,-1,-1,-1
119,373,160.55328,86.32253,46.406967,46.03521,0.7928843,-1,-1,-1
119,375,693.20996,194.01605,123.270874,69.348206,0.9028134,-1,-1,-1
119,378,192.08054,122.18131,86.194305,61.814583,0.86741203,-1,-1,-1
119,379,44.207127,262.77637,67.85979,94.65378,0.8001229,-1,-1,-1
119,382,522.12384,204.35469,121.78577,58.45427,0.8219063,-1,-1,-1
119,380,132.53609,31.452381,46.299576,56.16267,0.774491,-1,-1,-1
119,409,533.76416,362.5468,262.3647,177.37549,0.36914763,-1,-1,-1
119,383,764.20593,82.19069,89.505615,43.221832,0.75679857,-1,-1,-1
119,387,763.034,81.42337,92.46387,67.222565,0.67543894,-1,-1,-1
120,372,333.93823,174.26407,124.06613,66.79631,0.8479481,-1,-1,-1
120,373,159.16046,86.89631,46.577133,45.687492,0.78416127,-1,-1,-1
120,375,695.57715,192.73633,120.83081,68.63959,0.87740105,-1,-1,-1
120,378,191.05446,122.69353,86.5157,61.047104,0.8473406,-1,-1,-1
120,379,43.279404,265.29416,68.555984,96.84509,0.7650495,-1,-1,-1
120,382,524.40735,203.3689,121.99365,58.820404,0.80318934,-1,-1,-1
120,380,131.1515,32.313442,45.65988,55.080936,0.75544906,-1,-1,-1
120,409,533.5492,360.85843,262.01544,178.87863,0.33853015,-1,-1,-1
120,383,763.6001,81.90837,89.37988,43.408043,0.7138337,-1,-1,-1
120,387,762.1385,81.38843,93.21564,63.567703,0.6379771,-1,-1,-1
121,372,334.88644,174.59273,123.92728,66.32367,0.858658,-1,-1,-1
121,373,157.31232,87.834015,46.846848,45.29953,0.7882867,-1,-1,-1
121,375,697.30725,191.50844,120.01257,68.52852,0.8829521,-1,-1,-1
121,378,189.75374,122.639725,87.906906,61.81775,0.84955657,-1,-1,-1
121,379,40.85841,268.35483,69.80167,97.37692,0.7556808,-1,-1,-1
121,382,527.2377,203.28682,122.89154,57.36647,0.82088375,-1,-1,-1
121,380,129.37817,32.228188,45.265747,55.457703,0.78908086,-1,-1,-1
121,409,533.387,359.39124,263.02954,179.5893,0.30579612,-1,-1,-1
121,383,761.64716,81.31363,90.18561,43.892128,0.7512485,-1,-1,-1
121,387,760.46045,80.7877,92.74243,70.129906,0.7198893,-1,-1,-1
122,372,335.65228,174.59326,123.91278,66.85643,0.86815244,-1,-1,-1
122,373,156.16345,88.038284,46.412537,46.11389,0.7920599,-1,-1,-1
122,375,698.97656,190.18846,119.66016,68.544815,0.8856747,-1,-1,-1
122,378,189.70653,122.635994,87.10109,62.917656,0.85331607,-1,-1,-1
122,379,39.722866,272.07584,70.39273,100.019775,0.7372276,-1,-1,-1
122,382,529.59204,203.34886,122.40082,56.68013,0.8247593,-1,-1,-1
122,380,127.793625,32.45699,45.554977,55.436466,0.8292828,-1,-1,-1
122,409,533.1867,358.74045,263.56024,180.10269,0.3194489,-1,-1,-1
122,383,759.6264,80.97252,92.329285,45.98295,0.7425233,-1,-1,-1
122,387,758.6854,81.037315,94.690125,70.632744,0.6721848,-1,-1,-1
123,372,336.94116,174.8849,123.3425,66.679,0.8720702,-1,-1,-1
123,373,154.9678,88.37555,46.774963,46.778473,0.78948885,-1,-1,-1
123,375,700.76056,188.90953,119.13464,68.739426,0.89341563,-1,-1,-1
123,378,189.31146,122.5112,88.30167,63.841217,0.8427511,-1,-1,-1
123,379,37.367374,278.59824,72.04538,97.107025,0.7427768,-1,-1,-1
123,382,532.33075,203.47711,120.92633,55.57852,0.85812205,-1,-1,-1
123,380,127.07444,34.131218,45.40319,53.478966,0.8114145,-1,-1,-1
123,409,535.56006,363.72424,261.21667,175.41113,0.38554645,-1,-1,-1
123,383,757.6118,80.9049,91.36957,45.460464,0.7559665,-1,-1,-1
123,387,756.7516,80.493645,94.10388,72.04919,0.72939783,-1,-1,-1
124,372,338.6726,175.11964,122.634796,66.58588,0.87414986,-1,-1,-1
124,373,153.64304,88.61177,47.120377,47.14717,0.78372216,-1,-1,-1
124,375,703.76276,187.2155,118.85797,69.453995,0.88139445,-1,-1,-1
124,378,188.74258,122.87973,89.15274,64.27501,0.8402064,-1,-1,-1
124,379,36.477623,283.78287,73.076256,97.86377,0.66662586,-1,-1,-1
124,382,532.3027,202.98798,122.9801,55.878998,0.8580246,-1,-1,-1
124,380,125.715,34.49672,45.53546,53.65278,0.81450045,-1,-1,-1
124,409,535.92706,364.00754,260.33728,175.71542,0.37068424,-1,-1,-1
124,383,756.9089,81.158844,91.03638,43.67919,0.6287752,-1,-1,-1
124,387,755.3817,80.49481,95.26831,75.61131,0.6235405,-1,-1,-1
125,372,339.7332,175.97157,123.274475,66.1579,0.87036306,-1,-1,-1
125,373,152.93799,89.27575,46.81253,47.128212,0.78013915,-1,-1,-1
125,375,706.55273,185.79813,119.184814,69.48645,0.8706138,-1,-1,-1
125,378,188.79973,124.05428,89.031845,63.533424,0.84048927,-1,-1,-1
125,379,35.565277,285.97546,73.91688,101.00156,0.7270417,-1,-1,-1
125,382,533.27423,200.816,123.26849,57.771774,0.8255235,-1,-1,-1
125,380,124.05838,34.064495,45.041687,54.447758,0.8265641,-1,-1,-1
125,409,550.1582,353.4356,261.5844,186.47485,0.35341913,-1,-1,-1
125,383,755.25116,80.84255,91.65613,44.226875,0.57252085,-1,-1,-1
125,387,753.5206,79.94758,96.420105,77.57836,0.6218742,-1,-1,-1
126,372,341.12274,176.5853,123.61359,65.57466,0.8628391,-1,-1,-1
126,373,151.64186,89.66869,46.458176,47.194023,0.7685841,-1,-1,-1
126,375,709.11066,184.91388,117.69446,68.748505,0.8701146,-1,-1,-1
126,378,188.5803,125.369255,88.96257,62.636177,0.8373705,-1,-1,-1
126,379,35.079494,291.4649,73.64374,99.45169,0.70279586,-1,-1,-1
126,382,536.622,199.92642,121.56427,58.224823,0.80781657,-1,-1,-1
126,380,122.97857,34.186604,44.768837,54.62238,0.7992329,-1,-1,-1
126,409,539.8359,359.92325,262.46497,179.82645,0.26920223,-1,-1,-1
126,383,756.56244,80.30017,88.61035,44.834282,0.57172877,-1,-1,-1
126,387,754.8618,79.35883,92.475464,71.72878,0.4770675,-1,-1,-1
127,372,342.52203,177.13438,123.71063,65.088715,0.86461526,-1,-1,-1
127,373,151.19495,90.29982,45.685806,47.64258,0.7769193,-1,-1,-1
127,375,710.838,183.47826,117.5459,68.45683,0.8730825,-1,-1,-1
127,378,188.51192,126.63956,88.62001,61.920547,0.8410836,-1,-1,-1
127,379,32.3129,290.58307,76.83089,105.03223,0.6638344,-1,-1,-1
127,382,536.965,198.59071,124.770935,58.88124,0.8020153,-1,-1,-1
127,380,121.41588,33.67685,45.35733,55.10488,0.7150876,-1,-1,-1
127,409,536.3079,361.92566,261.914,177.46289,0.36530632,-1,-1,-1
127,387,753.1408,79.64741,92.39667,63.444954,0.53908485,-1,-1,-1
128,372,343.84036,177.55203,123.85312,65.147064,0.8572891,-1,-1,-1
128,373,150.43108,90.7975,45.872406,48.14496,0.76728857,-1,-1,-1
128,375,712.1625,181.8842,117.64752,67.96222,0.88297707,-1,-1,-1
128,378,187.97148,128.40672,89.288895,61.67775,0.82557297,-1,-1,-1
128,379,31.858608,296.15012,75.744995,107.029205,0.580904,-1,-1,-1
128,382,539.5466,197.91463,123.494385,59.340652,0.8052605,-1,-1,-1
128,380,120.20594,33.742035,45.34704,55.162956,0.7605305,-1,-1,-1
128,409,535.46515,362.02512,260.70813,176.89737,0.4094793,-1,-1,-1
128,387,751.0303,79.296585,92.93219,68.4386,0.3185719,-1,-1,-1
128,383,751.1476,80.59845,91.65057,45.161713,0.41398886,-1,-1,-1
129,372,345.16272,177.94128,124.83597,64.55231,0.8333193,-1,-1,-1
129,373,148.58682,91.679726,46.615112,47.503807,0.78156245,-1,-1,-1
129,375,714.8032,180.32925,116.44806,67.54382,0.8838839,-1,-1,-1
129,378,187.64877,129.27306,90.58499,62.231277,0.825761,-1,-1,-1
129,379,31.096155,304.64883,76.32269,103.111084,0.6287864,-1,-1,-1
129,382,541.65814,197.45177,122.82263,59.933548,0.81033796,-1,-1,-1
129,380,118.70278,33.678226,45.12162,56.046528,0.7839844,-1,-1,-1
129,409,534.9519,361.01096,261.6292,177.4725,0.37230268,-1,-1,-1
129,387,748.5926,79.10627,95.51221,72.40031,0.66032046,-1,-1,-1
129,383,749.12384,80.231735,92.76807,46.934563,0.5395344,-1,-1,-1
130,372,346.58438,178.40349,124.9491,63.767593,0.8321963,-1,-1,-1
130,373,146.52792,92.15297,47.67865,47.11316,0.7931506,-1,-1,-1
130,375,718.313,179.09311,113.921326,67.36966,0.8724919,-1,-1,-1
130,378,187.5935,130.88287,90.24921,61.674194,0.8371017,-1,-1,-1
130,379,31.385553,302.69937,77.310234,110.96277,0.47952795,-1,-1,-1
130,382,544.8337,196.79655,121.82959,60.06465,0.8226916,-1,-1,-1
130,380,116.67361,33.614697,45.35325,56.687176,0.8200133,-1,-1,-1
130,409,534.3889,359.52606,262.5692,178.98761,0.3347986,-1,-1,-1
130,387,746.434,78.651436,97.15393,75.42338,0.4633994,-1,-1,-1
130,383,747.27576,80.072876,93.575745,47.6156,0.4459084,-1,-1,-1
131,372,347.66504,178.84102,125.60608,63.392563,0.83806324,-1,-1,-1
131,373,144.89934,92.832954,47.899414,46.369896,0.7962008,-1,-1,-1
131,375,721.2114,178.48381,112.367004,66.27562,0.88237774,-1,-1,-1
131,378,187.22433,132.36795,90.085785,60.790527,0.8387597,-1,-1,-1
131,379,29.322882,304.91925,78.567696,115.92224,0.65166944,-1,-1,-1
131,382,546.88055,196.4628,124.021484,59.614105,0.7937334,-1,-1,-1
131,380,114.89448,34.405552,46.20858,56.669292,0.8245296,-1,-1,-1
131,409,533.727,358.22208,263.1411,180.0922,0.33830222,-1,-1,-1
131,387,745.9314,78.488914,93.865234,72.92518,0.38933316,-1,-1,-1
131,383,746.40955,79.75999,92.44092,47.304558,0.50285006,-1,-1,-1
132,372,348.95135,178.82591,126.13922,63.537766,0.84094834,-1,-1,-1
132,373,144.05577,93.361916,47.74498,47.470436,0.78927827,-1,-1,-1
132,375,723.1582,177.54147,112.34674,65.52289,0.88288265,-1,-1,-1
132,378,186.85068,132.67381,90.55026,61.337112,0.8391137,-1,-1,-1
132,379,28.331858,308.0316,78.37122,116.59839,0.40374663,-1,-1,-1
132,382,549.2281,195.2917,124.46039,59.769043,0.8310939,-1,-1,-1
132,380,113.40057,34.787743,46.50653,56.58162,0.8098262,-1,-1,-1
132,409,533.03204,356.85684,263.77234,181.38663,0.36331835,-1,-1,-1
132,387,744.4586,78.78061,95.12933,73.506516,0.44499293,-1,-1,-1
132,383,745.51715,80.04267,91.50922,45.50377,0.45489135,-1,-1,-1
133,372,350.8554,179.21243,124.71695,63.93535,0.8507627,-1,-1,-1
133,373,142.50125,93.91788,48.08435,47.75879,0.7884329,-1,-1,-1
133,375,724.53375,176.33926,113.55786,65.421585,0.8726052,-1,-1,-1
133,378,184.48746,133.92055,93.80795,60.966614,0.83218765,-1,-1,-1
133,379,24.598625,312.32407,82.04624,122.12503,0.5738846,-1,-1,-1
133,382,551.7678,194.47823,123.46124,60.15471,0.82197183,-1,-1,-1
133,380,111.92442,34.595,46.827896,57.067627,0.79899055,-1,-1,-1
133,409,532.1667,356.3437,264.75153,182.16632,0.37059313,-1,-1,-1
133,387,742.7167,78.69568,93.80829,72.037735,0.4390123,-1,-1,-1
133,383,743.4956,79.45293,91.42737,48.63571,0.4586778,-1,-1,-1
134,372,353.57712,179.54245,123.263245,63.27768,0.8491379,-1,-1,-1
134,373,141.02391,94.455574,48.05388,48.037315,0.75807536,-1,-1,-1
134,375,726.73804,174.65288,114.28375,65.969025,0.8838783,-1,-1,-1
134,378,183.07303,134.61026,95.430176,61.684418,0.81984067,-1,-1,-1
134,379,23.928276,317.22055,82.33671,121.59277,0.5581231,-1,-1,-1
134,382,553.7646,194.03316,123.40741,60.298218,0.83571994,-1,-1,-1
134,380,110.44721,34.897842,46.521416,57.104034,0.8045799,-1,-1,-1
134,409,525.29895,360.38962,264.10675,179.04807,0.3333136,-1,-1,-1
134,383,742.42694,79.166824,90.68024,45.088432,0.45891708,-1,-1,-1
135,372,354.9088,179.5311,124.18265,63.68759,0.84464866,-1,-1,-1
135,373,139.36526,94.76513,48.247986,48.12757,0.7585218,-1,-1,-1
135,375,729.366,173.3691,113.634766,65.86331,0.88138866,-1,-1,-1
135,378,182.05876,135.48485,97.64241,61.515915,0.8279165,-1,-1,-1
135,379,22.68905,321.76056,82.47938,115.22153,0.48399717,-1,-1,-1
135,382,555.70325,193.1148,122.45056,60.866226,0.84240234,-1,-1,-1
135,380,108.5852,35.25681,47.00077,56.567684,0.8107493,-1,-1,-1
135,409,521.8663,360.98196,263.6897,178.71732,0.3856287,-1,-1,-1
135,383,741.41174,79.24362,91.31897,44.6018,0.51234186,-1,-1,-1
135,387,740.3394,78.606316,94.08453,68.57456,0.30067438,-1,-1,-1
136,372,356.51242,179.83916,124.023346,63.42784,0.8459879,-1,-1,-1
136,373,138.59113,95.29303,47.08,48.540146,0.7536912,-1,-1,-1
136,375,731.87604,171.982,113.12921,64.538956,0.875244,-1,-1,-1
136,378,181.07675,136.2661,99.289764,62.091522,0.85978335,-1,-1,-1
136,379,21.711058,326.4207,83.189674,120.70624,0.45306456,-1,-1,-1
136,382,557.2552,191.70291,122.530334,62.038452,0.8494468,-1,-1,-1
136,380,107.330666,36.23206,47.537483,55.550686,0.81401,-1,-1,-1
136,409,520.50006,360.47818,263.60693,179.47372,0.33608854,-1,-1,-1
136,383,740.3258,79.86508,90.17749,43.672432,0.66943127,-1,-1,-1
136,387,739.1981,78.71874,92.37482,71.97808,0.5094777,-1,-1,-1
137,372,357.73996,180.00587,124.44168,63.321365,0.8494679,-1,-1,-1
137,373,137.81831,95.60691,46.519516,48.817223,0.7657805,-1,-1,-1
137,375,734.0159,171.20844,112.16504,63.508682,0.8542893,-1,-1,-1
137,378,180.13487,135.9632,100.91048,62.312286,0.8108007,-1,-1,-1
137,379,21.649727,331.22134,81.46691,101.99988,0.504171,-1,-1,-1
137,382,559.70026,190.23405,122.5564,62.759018,0.8413507,-1,-1,-1
137,380,105.412964,36.012363,48.493454,56.133076,0.766602,-1,-1,-1
137,409,520.415,361.5574,262.3554,178.31241,0.3826908,-1,-1,-1
137,383,739.28577,79.82286,89.65265,42.993202,0.51556706,-1,-1,-1
137,387,737.68085,78.445015,92.473755,65.872215,0.43590972,-1,-1,-1
138,372,359.33514,179.9722,124.84802,63.567657,0.83751667,-1,-1,-1
138,373,136.564,96.05436,46.80417,48.827217,0.8002213,-1,-1,-1
138,375,736.7684,169.6162,110.49518,63.602173,0.86802983,-1,-1,-1
138,378,179.48354,136.02597,103.00813,63.01117,0.82479125,-1,-1,-1
138,379,21.04595,335.25046,82.84156,100.90115,0.46816015,-1,-1,-1
138,382,562.14417,189.57529,123.28247,62.07402,0.82051826,-1,-1,-1
138,380,103.37302,36.16058,48.540497,56.32529,0.78610945,-1,-1,-1
138,409,520.2217,360.2695,262.58038,179.64413,0.3848705,-1,-1,-1
138,383,737.95526,79.64171,89.86499,42.646736,0.50345725,-1,-1,-1
138,387,736.36163,77.88961,92.256714,71.21615,0.40137994,-1,-1,-1
139,372,361.13324,180.07355,124.80084,63.828476,0.84673697,-1,-1,-1
139,373,135.95769,96.67027,47.303284,48.807816,0.77950335,-1,-1,-1
139,375,739.5045,167.9266,109.46472,63.576904,0.86525005,-1,-1,-1
139,378,178.68549,136.45111,105.07123,63.31691,0.8243217,-1,-1,-1
139,379,20.581577,341.34344,83.813156,115.92508,0.63114995,-1,-1,-1
139,382,564.47894,189.82028,122.73889,60.479446,0.83126265,-1,-1,-1
139,380,102.070076,36.106808,47.954247,56.48177,0.8034559,-1,-1,-1
139,409,519.6832,358.2487,262.74512,181.72086,0.36979514,-1,-1,-1
139,383,736.2846,79.25199,90.83197,42.809433,0.54572976,-1,-1,-1
139,387,734.50604,77.79867,92.546326,73.99352,0.34822696,-1,-1,-1
140,372,362.98856,180.06505,124.36972,64.06445,0.8509372,-1,-1,-1
140,373,134.33488,96.88686,48.370636,48.50695,0.7831203,-1,-1,-1
140,375,742.06976,166.25255,109.03052,63.67485,0.8748939,-1,-1,-1
140,378,178.69525,137.33434,105.72781,62.170364,0.81445074,-1,-1,-1
140,379,19.734669,344.93872,84.72299,120.047485,0.49463814,-1,-1,-1
140,382,567.4183,189.33745,122.04309,59.809113,0.85083306,-1,-1,-1
140,380,101.03028,36.46009,47.95147,56.42498,0.7954395,-1,-1,-1
140,409,519.0928,357.23242,263.55457,182.73059,0.35675976,-1,-1,-1
140,383,735.2452,78.92663,90.63501,43.139694,0.469883,-1,-1,-1
140,387,733.72015,77.454926,92.01178,75.83911,0.26696545,-1,-1,-1
141,372,364.3225,180.2491,125.0065,64.29103,0.842641,-1,-1,-1
141,373,132.78262,97.856766,49.22284,49.027206,0.78478295,-1,-1,-1
141,375,744.9017,165.02336,108.75574,63.32692,0.8678311,-1,-1,-1
141,378,179.7081,138.24919,105.16678,62.085953,0.82213616,-1,-1,-1
141,379,18.73684,350.4628,85.3284,125.84781,0.66577524,-1,-1,-1
141,382,569.3412,189.45085,122.70093,58.42888,0.87404853,-1,-1,-1
141,380,100.07354,36.764606,48.075798,57.232487,0.81061774,-1,-1,-1
141,409,519.0704,355.41202,264.3932,184.58798,0.36361873,-1,-1,-1
141,383,734.1599,78.720345,90.68329,43.392937,0.5823964,-1,-1,-1
141,387,732.9281,77.18214,91.84259,75.09351,0.43692654,-1,-1,-1
142,372,365.54657,180.34341,125.75418,64.731674,0.8500834,-1,-1,-1
142,373,131.37798,98.744995,50.003143,49.114487,0.798608,-1,-1,-1
142,375,747.58997,163.67479,108.26099,63.077072,0.87367,-1,-1,-1
142,378,179.48067,139.44843,106.43303,62.40297,0.8249652,-1,-1,-1
142,379,17.085514,356.28036,87.67792,123.9595,0.51540315,-1,-1,-1
142,382,571.9226,186.50635,122.09778,60.303116,0.83028674,-1,-1,-1
142,380,99.19723,37.469345,47.671974,56.969994,0.80263126,-1,-1,-1
142,409,517.9924,355.49774,266.23785,184.50226,0.3231574,-1,-1,-1
142,383,733.52625,78.522964,90.1192,43.435493,0.6179261,-1,-1,-1
142,387,732.29846,77.10007,91.54181,74.96359,0.34436893,-1,-1,-1
143,372,367.05103,180.67392,126.70187,64.84122,0.86165166,-1,-1,-1
143,373,130.20464,99.81477,50.766205,49.20105,0.80006987,-1,-1,-1
143,375,749.6294,162.45668,107.77191,62.192215,0.8773029,-1,-1,-1
143,378,178.95299,140.07735,107.38023,62.810104,0.8311632,-1,-1,-1
143,379,16.376364,361.99802,87.96643,119.84909,0.64015794,-1,-1,-1
143,382,574.93524,184.37209,121.465454,61.384567,0.8219267,-1,-1,-1
143,380,97.991455,38.16303,47.41736,56.70328,0.79712874,-1,-1,-1
143,409,517.3157,354.72955,266.4566,185.27045,0.37939492,-1,-1,-1
143,383,731.8827,78.33575,89.079285,42.21801,0.56651956,-1,-1,-1
143,387,730.9009,77.25084,91.41235,73.780624,0.29528993,-1,-1,-1
144,372,369.08945,180.7059,127.19104,64.59497,0.82534665,-1,-1,-1
144,373,129.27534,100.133446,51.213715,49.67121,0.8013004,-1,-1,-1
144,375,752.09924,161.08304,107.53253,62.04016,0.8646307,-1,-1,-1
144,378,179.87776,141.02422,107.24132,62.663116,0.84128267,-1,-1,-1
144,382,577.8289,184.30219,120.99774,60.04538,0.82655585,-1,-1,-1
144,380,96.91702,38.57472,47.20395,56.586674,0.78246874,-1,-1,-1
144,409,516.8487,353.83664,266.88318,186.16336,0.32109308,-1,-1,-1
144,383,730.5456,78.85699,89.11072,42.522316,0.61870664,-1,-1,-1
144,387,728.8886,77.4636,91.59094,74.3128,0.31975043,-1,-1,-1
145,372,372.11267,181.06805,125.79999,64.32587,0.8365621,-1,-1,-1
145,373,128.3652,100.711494,51.40822,49.6547,0.79111123,-1,-1,-1
145,375,754.9628,160.44208,105.64905,61.00479,0.8641792,-1,-1,-1
145,378,180.5979,141.45445,107.48065,62.515076,0.8519076,-1,-1,-1
145,382,581.614,184.39813,119.626526,58.90323,0.83037657,-1,-1,-1
145,380,95.592896,38.376034,47.18863,57.181644,0.7884532,-1,-1,-1
145,409,517.0519,351.2608,266.69226,188.7392,0.26439157,-1,-1,-1
145,383,729.9827,79.27354,88.41644,41.92375,0.5618091,-1,-1,-1
145,387,728.14777,77.71757,91.56299,74.67666,0.31448284,-1,-1,-1
145,379,15.934239,371.32367,89.45175,109.67862,0.28843802,-1,-1,-1
146,372,373.33615,181.15799,125.99164,64.99664,0.84667957,-1,-1,-1
146,373,127.79094,101.49216,51.2955,50.327118,0.78568906,-1,-1,-1
146,375,757.9876,158.65117,104.609436,60.489548,0.86139774,-1,-1,-1
146,378,180.87302,142.21869,107.964386,62.240143,0.81230557,-1,-1,-1
146,382,584.4629,183.42473,118.11627,59.647003,0.8331608,-1,-1,-1
146,380,94.45204,39.145527,46.423294,56.899143,0.73512495,-1,-1,-1
146,409,517.27905,349.99472,266.39813,190.00528,0.34342182,-1,-1,-1
146,383,729.6804,78.752556,87.20654,39.91491,0.45766622,-1,-1,-1
146,379,15.975425,379.3676,89.25576,104.43851,0.25985736,-1,-1,-1
147,372,375.47803,181.26624,125.581024,65.29457,0.8490152,-1,-1,-1
147,373,126.7959,102.52994,50.60254,49.210632,0.7939717,-1,-1,-1
147,375,760.36523,156.4858,104.70532,60.56845,0.8680292,-1,-1,-1
147,378,182.68079,143.2298,106.89386,62.263794,0.8175483,-1,-1,-1
147,382,586.766,183.00085,118.75867,59.18138,0.8386684,-1,-1,-1
147,380,92.327545,39.437874,47.561737,57.118164,0.7778966,-1,-1,-1
147,409,517.9181,348.7421,265.56354,191.2579,0.32019624,-1,-1,-1
147,383,728.1192,78.75997,88.632935,40.908615,0.5786846,-1,-1,-1
148,372,377.23563,181.1178,125.797424,65.498276,0.84600097,-1,-1,-1
148,373,125.85891,102.673004,50.703285,48.482315,0.79225963,-1,-1,-1
148,375,762.7145,154.81903,103.3855,60.77777,0.85608107,-1,-1,-1
148,378,182.15506,143.07643,108.3233,62.07263,0.81757843,-1,-1,-1
148,382,590.79553,182.04138,117.07776,59.662262,0.837476,-1,-1,-1
148,380,90.50147,38.981632,47.621956,57.391605,0.7652779,-1,-1,-1
148,409,517.9683,347.62622,264.98486,192.37378,0.28575116,-1,-1,-1
148,383,726.5758,78.638916,89.440735,41.75685,0.4627545,-1,-1,-1
149,372,379.1339,181.22285,126.349396,65.75069,0.8579845,-1,-1,-1
149,373,125.07406,103.816154,50.853386,48.009834,0.789502,-1,-1,-1
149,375,765.38153,153.40897,102.586,60.442505,0.86286795,-1,-1,-1
149,378,182.64145,144.02301,108.313385,61.760178,0.8036979,-1,-1,-1
149,382,593.3323,181.89911,116.02118,59.14366,0.840553,-1,-1,-1
149,380,88.65989,39.45941,47.594246,57.45185,0.75006247,-1,-1,-1
149,409,512.5701,353.14288,262.98505,186.85712,0.29346094,-1,-1,-1
149,383,724.1842,78.212906,91.1994,43.26738,0.4220149,-1,-1,-1
149,387,722.67615,77.09056,95.06134,70.18761,0.28063658,-1,-1,-1
150,372,381.69907,181.46428,125.41293,65.66806,0.8371524,-1,-1,-1
150,373,123.55325,104.00569,51.876038,50.456406,0.79039276,-1,-1,-1
150,375,767.9193,151.93083,102.80475,59.6454,0.8596392,-1,-1,-1
150,378,183.95952,143.97787,108.33647,62.70999,0.81143874,-1,-1,-1
150,382,595.76404,180.58365,115.590576,59.796265,0.8521329,-1,-1,-1
150,380,87.46159,39.29559,48.57625,57.77039,0.64619404,-1,-1,-1
150,409,510.93784,356.57623,262.17477,183.42377,0.27390194,-1,-1,-1
150,383,722.45807,78.10131,93.10632,44.298798,0.39768118,-1,-1,-1
151,372,383.97137,181.58656,125.95166,65.317,0.84477895,-1,-1,-1
151,373,122.180405,105.01468,52.70143,50.655045,0.79184633,-1,-1,-1
151,375,769.9681,150.32349,103.26117,59.642227,0.8694162,-1,-1,-1
151,378,185.04295,144.58989,107.90236,62.710114,0.81907314,-1,-1,-1
151,382,597.9491,178.49374,115.90973,61.049194,0.85104746,-1,-1,-1
151,380,85.89573,39.753075,48.878044,57.72888,0.75209224,-1,-1,-1
151,409,509.55716,355.1804,261.95468,184.81961,0.2859696,-1,-1,-1
151,383,722.8782,78.27982,90.09216,43.565895,0.25568727,-1,-1,-1
152,372,386.64835,181.44899,125.28516,65.776764,0.855285,-1,-1,-1
152,373,121.21283,105.29695,52.850296,50.801727,0.7966483,-1,-1,-1
152,375,772.1633,149.4114,103.56244,59.29329,0.8707991,-1,-1,-1
152,378,186.45122,145.08942,107.87752,62.856323,0.8098946,-1,-1,-1
152,382,599.3143,178.28105,116.5105,59.88887,0.85622376,-1,-1,-1
152,380,85.0934,39.701538,49.271973,57.907722,0.7130312,-1,-1,-1
152,383,722.7344,79.138016,87.16431,42.437096,0.5197775,-1,-1,-1
152,379,10.222066,413.34793,98.46637,110.06918,0.26194462,-1,-1,-1
153,372,388.90668,181.40251,124.9693,65.889404,0.8559089,-1,-1,-1
153,373,120.49988,105.30276,53.107666,51.798058,0.8056288,-1,-1,-1
153,375,774.90137,148.49055,103.29889,58.88336,0.84894943,-1,-1,-1
153,378,187.60732,145.87744,108.16179,63.22699,0.8114452,-1,-1,-1
153,382,603.2123,177.26923,115.7959,59.781616,0.8520507,-1,-1,-1
153,380,83.73903,40.156624,49.84027,57.63542,0.8145954,-1,-1,-1
153,383,721.7862,79.44318,86.6474,42.286926,0.41553056,-1,-1,-1
154,372,390.8389,181.39832,125.052216,65.841125,0.8520257,-1,-1,-1
154,373,118.918236,105.27788,53.28768,52.238235,0.8194422,-1,-1,-1
154,375,778.054,146.61186,101.5755,58.487473,0.86167735,-1,-1,-1
154,378,187.79172,146.35722,109.239716,63.539566,0.8189835,-1,-1,-1
154,382,605.04565,177.08577,116.461975,58.329178,0.8355551,-1,-1,-1
154,380,82.19913,40.726234,49.632706,57.571815,0.82415885,-1,-1,-1
154,383,719.6835,78.63828,87.78308,41.694443,0.52657956,-1,-1,-1
155,372,392.95987,181.34608,125.92667,66.00992,0.86296046,-1,-1,-1
155,373,117.80221,105.93715,54.007393,52.161545,0.8250714,-1,-1,-1
155,375,779.92316,144.74023,101.010925,58.63057,0.8628836,-1,-1,-1
155,378,187.82677,147.13554,110.682205,63.900116,0.8258185,-1,-1,-1
155,382,608.4353,175.5843,115.44391,58.85794,0.8498911,-1,-1,-1
155,380,80.501564,40.857166,50.14884,58.109646,0.81866163,-1,-1,-1
155,383,718.80927,78.3177,87.7323,42.17611,0.56890845,-1,-1,-1
155,387,717.5143,77.27925,92.82703,64.89154,0.25243056,-1,-1,-1
156,372,395.86652,181.42307,125.773254,65.97986,0.8327026,-1,-1,-1
156,373,115.71122,106.64513,54.938988,52.090927,0.82246757,-1,-1,-1
156,375,782.1763,142.57567,100.37598,59.319275,0.8567343,-1,-1,-1
156,378,187.85448,147.91858,112.24629,64.60239,0.8201032,-1,-1,-1
156,382,611.66034,175.03154,115.06604,57.949265,0.8500836,-1,-1,-1
156,380,78.8052,41.090214,50.8496,58.38927,0.81375325,-1,-1,-1
156,383,717.8389,78.70383,87.14075,41.158974,0.7247653,-1,-1,-1
157,372,398.28384,181.27847,125.23471,66.02573,0.847813,-1,-1,-1
157,373,114.37132,107.32536,55.192078,50.824768,0.8218076,-1,-1,-1
157,375,784.0396,141.08401,100.16235,58.42575,0.8480717,-1,-1,-1
157,378,188.65002,148.16531,113.31018,65.17531,0.82477725,-1,-1,-1
157,382,614.6924,173.85403,114.5979,58.075943,0.8366679,-1,-1,-1
157,380,77.16133,41.49643,51.001938,58.308395,0.8032371,-1,-1,-1
157,383,716.39154,78.594055,86.91193,41.14058,0.795134,-1,-1,-1
157,409,482.448,381.03714,247.47278,158.81467,0.30192316,-1,-1,-1
158,372,400.28812,181.3278,124.7211,66.14023,0.85565585,-1,-1,-1
158,373,113.72841,107.7586,54.023514,51.801155,0.82153386,-1,-1,-1
158,375,786.2937,139.39536,99.74597,58.00757,0.8473172,-1,-1,-1
158,378,189.19553,148.37662,113.99777,65.1956,0.841518,-1,-1,-1
158,382,617.84515,172.48405,113.83728,58.15468,0.8273595,-1,-1,-1
158,380,75.7781,41.811993,51.64836,58.652477,0.79822487,-1,-1,-1
158,383,714.52606,78.0761,88.145325,41.666374,0.79502165,-1,-1,-1
158,409,480.91672,382.82764,246.7756,157.05957,0.31913587,-1,-1,-1
159,372,402.49045,181.40254,124.82187,66.25821,0.8681714,-1,-1,-1
159,373,112.15769,108.906296,55.194374,50.254654,0.8143892,-1,-1,-1
159,375,789.19714,138.39519,98.6084,57.611237,0.8601995,-1,-1,-1
159,378,190.14894,148.87383,114.13991,64.7932,0.83257186,-1,-1,-1
159,382,621.6933,170.99304,112.0647,59.36133,0.83685505,-1,-1,-1
159,380,74.52351,42.426605,51.016937,58.14521,0.810336,-1,-1,-1
159,383,712.62476,77.899574,88.54596,41.7155,0.76447856,-1,-1,-1
159,409,479.21835,382.97247,247.88785,156.92639,0.32076767,-1,-1,-1
159,387,711.14185,77.25536,92.27954,58.95916,0.6197853,-1,-1,-1
160,372,404.7137,181.29384,125.1857,66.42624,0.8596557,-1,-1,-1
160,373,110.964516,109.80549,55.381737,51.579506,0.8024793,-1,-1,-1
160,375,791.129,137.58945,98.97986,57.195618,0.86436003,-1,-1,-1
160,378,190.20683,149.67754,114.57771,63.895844,0.82083845,-1,-1,-1
160,382,623.7306,170.42189,111.51276,58.80864,0.85601795,-1,-1,-1
160,380,73.12264,43.15136,50.701645,57.812386,0.8058179,-1,-1,-1
160,383,711.1368,77.981064,88.9104,41.564087,0.7854793,-1,-1,-1
160,409,477.88284,383.14728,249.16647,156.76178,0.34929654,-1,-1,-1
161,372,407.02377,181.21863,125.04593,66.37254,0.85905796,-1,-1,-1
161,373,110.33292,110.39079,54.588913,52.324814,0.82451546,-1,-1,-1
161,375,793.5671,135.88123,97.906494,57.3499,0.8631202,-1,-1,-1
161,378,191.2445,150.16995,114.78693,64.534424,0.8403766,-1,-1,-1
161,382,626.9918,168.06363,110.29486,60.29828,0.86373097,-1,-1,-1
161,380,71.93244,43.639565,50.865486,57.754707,0.7903995,-1,-1,-1
161,383,710.69464,77.67887,89.1861,41.981087,0.8047506,-1,-1,-1
161,409,476.05548,382.9585,250.5982,156.92651,0.4282426,-1,-1,-1
162,372,410.19788,181.2278,125.392456,66.17752,0.844297,-1,-1,-1
162,373,108.33285,111.45094,55.434532,52.15164,0.80415356,-1,-1,-1
162,375,796.08374,133.47078,96.39307,57.276764,0.8495076,-1,-1,-1
162,378,191.43549,151.30287,115.8132,64.71413,0.8372408,-1,-1,-1
162,382,630.2295,166.31462,109.49762,60.92447,0.8612685,-1,-1,-1
162,380,70.66628,44.527145,50.90046,57.370125,0.770714,-1,-1,-1
162,383,710.05286,77.79259,88.0838,41.98806,0.80044216,-1,-1,-1
162,409,473.7593,382.99887,252.64609,156.92252,0.33652014,-1,-1,-1
163,372,412.8608,181.2812,124.67844,65.8857,0.863076,-1,-1,-1
163,373,107.96506,112.14224,55.582596,52.25992,0.8245972,-1,-1,-1
163,375,797.8131,132.26305,95.30682,56.494736,0.8563486,-1,-1,-1
163,378,190.8672,152.29568,117.554794,64.77641,0.84319365,-1,-1,-1
163,382,633.46356,166.30746,107.47992,59.12068,0.8480867,-1,-1,-1
163,380,69.028984,44.085987,51.286774,58.290295,0.81503344,-1,-1,-1
163,383,709.15717,77.29867,88.06348,42.393578,0.7950433,-1,-1,-1
163,409,472.27222,381.23865,254.55585,158.69781,0.32512987,-1,-1,-1
164,372,414.97495,181.26962,124.11563,65.74985,0.870789,-1,-1,-1
164,373,106.293564,112.89403,55.901352,51.72223,0.81292146,-1,-1,-1
164,375,800.52405,130.29109,93.19464,56.866882,0.84507346,-1,-1,-1
164,378,191.3449,152.83379,117.692276,64.57503,0.85835993,-1,-1,-1
164,382,635.5577,164.89072,107.08392,59.32022,0.84271324,-1,-1,-1
164,380,67.140495,44.13653,51.378876,58.912556,0.819472,-1,-1,-1
164,383,707.81354,77.09656,87.70325,42.385826,0.7811556,-1,-1,-1
164,409,471.5862,380.6327,254.4841,159.2785,0.2718012,-1,-1,-1
164,432,1009.823,0.64497477,13.96759,32.3286,0.61762434,-1,-1,-1
165,372,416.68765,180.92717,124.77927,66.209,0.8710757,-1,-1,-1
165,373,104.99671,113.938896,56.542854,50.843773,0.8131126,-1,-1,-1
165,375,802.4188,127.454315,91.90808,57.60086,0.8469058,-1,-1,-1
165,378,191.19675,153.55019,118.93207,64.49745,0.847203,-1,-1,-1
165,382,637.59265,163.35652,108.05859,59.557037,0.8414695,-1,-1,-1
165,380,64.786354,44.48369,52.48478,58.95569,0.8006935,-1,-1,-1
165,383,706.32513,77.0452,87.078735,42.461235,0.7840776,-1,-1,-1
165,409,471.2376,381.06314,253.7417,158.832,0.2884357,-1,-1,-1
165,432,1008.4032,1.4190768,15.255371,32.013096,0.67456007,-1,-1,-1
166,372,418.535,180.74817,124.35623,66.58902,0.87023294,-1,-1,-1
166,373,102.63843,114.78143,57.338654,50.70372,0.8187215,-1,-1,-1
166,375,803.3242,126.01442,91.702576,57.316696,0.8585155,-1,-1,-1
166,378,192.41939,154.0239,118.49385,64.465,0.8417346,-1,-1,-1
166,382,640.75104,161.40405,107.22174,59.974655,0.8511604,-1,-1,-1
166,380,62.605423,44.677574,52.952675,59.402237,0.8004846,-1,-1,-1
166,383,704.6148,77.18136,86.25763,42.093437,0.7810748,-1,-1,-1
166,409,471.27368,380.59177,252.55469,159.27768,0.28727862,-1,-1,-1
166,432,1006.6758,2.7829185,16.967285,29.985415,0.618836,-1,-1,-1
167,372,421.318,180.51854,124.62976,66.43999,0.85408837,-1,-1,-1
167,373,101.35906,115.92718,56.849297,51.32232,0.8096849,-1,-1,-1
167,375,804.58405,124.87956,91.24115,56.857666,0.8546398,-1,-1,-1
167,378,193.14201,154.61452,118.66609,64.34073,0.84324574,-1,-1,-1
167,382,643.00824,160.03386,107.29901,59.95108,0.86027527,-1,-1,-1
167,380,60.45132,45.51931,53.102093,59.625465,0.79581803,-1,-1,-1
167,383,701.8907,76.69818,88.02551,41.614037,0.75534964,-1,-1,-1
167,409,469.1644,382.71805,245.11667,157.17935,0.36458874,-1,-1,-1
167,432,1003.7522,2.9249198,19.892822,28.284575,0.614347,-1,-1,-1
168,372,423.92505,180.6195,124.58618,66.41785,0.85334784,-1,-1,-1
168,373,99.51129,116.497284,56.776154,52.035706,0.80911106,-1,-1,-1
168,375,805.5512,123.31375,91.29523,56.890427,0.8451289,-1,-1,-1
168,378,193.61276,155.62422,118.64639,63.694992,0.8377315,-1,-1,-1
168,382,644.98236,158.30818,105.90265,60.145386,0.85439926,-1,-1,-1
168,380,58.457085,46.24619,52.99592,59.652393,0.79513824,-1,-1,-1
168,383,699.7627,76.359146,88.69116,41.07592,0.72755414,-1,-1,-1
168,409,468.5302,384.115,239.77399,155.802,0.34996513,-1,-1,-1
168,432,1000.8702,3.34406,22.73767,27.526192,0.535305,-1,-1,-1
168,387,697.94104,75.36091,92.590454,61.657036,0.5338232,-1,-1,-1
169,372,425.6782,180.42215,124.017975,66.021545,0.86403996,-1,-1,-1
169,373,98.567,117.14569,56.011307,52.745163,0.8167697,-1,-1,-1
169,375,806.56647,121.81503,91.44922,56.305145,0.87319344,-1,-1,-1
169,378,193.74974,156.57327,119.63234,63.52397,0.84182084,-1,-1,-1
169,382,647.8429,157.19739,104.68988,59.414673,0.84775937,-1,-1,-1
169,380,55.6008,46.679707,54.04284,59.87012,0.78844434,-1,-1,-1
169,383,698.32043,76.160904,87.50195,41.194473,0.7158467,-1,-1,-1
169,409,468.23788,383.27225,238.25955,156.65378,0.40320826,-1,-1,-1
169,432,997.36066,2.8769338,26.184631,27.505245,0.6134164,-1,-1,-1
169,387,696.84064,75.52151,91.703735,65.38915,0.46791938,-1,-1,-1
170,372,427.00787,179.8986,124.24243,66.32898,0.8748832,-1,-1,-1
170,373,95.47953,117.685196,57.816017,53.318832,0.81339103,-1,-1,-1
170,375,807.71045,120.34465,91.40747,55.448395,0.84673184,-1,-1,-1
170,378,193.76628,157.21982,120.51036,63.086807,0.78861403,-1,-1,-1
170,382,649.90375,157.49594,102.481995,57.92462,0.8567786,-1,-1,-1
170,380,52.665627,47.1248,54.247375,60.12461,0.7920981,-1,-1,-1
170,383,697.27435,75.27645,86.560425,42.565285,0.6671525,-1,-1,-1
170,409,466.12665,381.7183,245.85931,158.18008,0.4924158,-1,-1,-1
170,432,994.4582,2.5025,29.065002,28.220196,0.67766863,-1,-1,-1
171,372,428.19785,179.24496,124.79343,66.5468,0.87713385,-1,-1,-1
171,373,93.92919,118.74111,58.613182,53.1672,0.81584704,-1,-1,-1
171,375,808.69635,118.70122,91.040344,54.540253,0.84296197,-1,-1,-1
171,378,193.90237,157.72107,121.863495,63.424164,0.82014596,-1,-1,-1
171,382,652.3998,156.82022,100.47015,56.842407,0.8513658,-1,-1,-1
171,380,49.874104,47.91036,54.84936,60.99744,0.7811093,-1,-1,-1
171,383,695.5,74.67714,86.36621,43.777573,0.55553126,-1,-1,-1
171,409,466.99365,380.34558,246.37372,159.51349,0.54476875,-1,-1,-1
171,432,991.4806,2.2480154,32.04077,29.381176,0.73491883,-1,-1,-1
172,372,429.22363,178.93242,125.020935,66.784775,0.8701111,-1,-1,-1
172,373,90.63607,119.15437,60.777046,54.1669,0.8124253,-1,-1,-1
172,375,809.5763,116.94637,90.38214,53.77897,0.84130496,-1,-1,-1
172,378,194.36073,158.35588,122.534134,63.59427,0.8256442,-1,-1,-1
172,382,654.0183,155.63051,99.73517,56.397614,0.8381539,-1,-1,-1
172,380,47.2304,48.17503,54.63005,61.50783,0.80449563,-1,-1,-1
172,383,692.87805,75.03601,86.135864,42.770485,0.673504,-1,-1,-1
172,409,462.0357,379.187,255.94153,160.56519,0.528407,-1,-1,-1
172,432,988.1787,2.3097332,35.04962,28.743252,0.729881,-1,-1,-1
173,372,430.91776,178.68657,124.82742,67.03842,0.86223805,-1,-1,-1
173,373,88.3556,120.14116,60.042885,53.939224,0.8374077,-1,-1,-1
173,375,810.14685,115.24972,90.01001,53.538933,0.85693294,-1,-1,-1
173,378,193.4952,159.55106,123.2802,63.721252,0.8205265,-1,-1,-1
173,382,655.11414,154.40843,99.331604,56.18219,0.8313055,-1,-1,-1
173,380,44.789394,49.26955,54.584995,61.38149,0.80212784,-1,-1,-1
173,383,689.8745,74.496414,87.38098,42.70114,0.7301929,-1,-1,-1
173,409,458.76556,378.06082,263.18494,161.78445,0.3963166,-1,-1,-1
173,432,984.35156,1.1782793,38.791016,28.990967,0.7295418,-1,-1,-1
173,436,492.9519,343.03415,262.143,196.77951,0.38212588,-1,-1,-1
174,372,432.93915,178.66919,123.99164,67.04805,0.8530905,-1,-1,-1
174,373,86.50499,122.418236,62.446625,52.612892,0.8086337,-1,-1,-1
174,375,810.74927,113.81827,89.114136,53.312546,0.8628762,-1,-1,-1
174,378,193.66084,160.43593,122.881546,64.408936,0.8174787,-1,-1,-1
174,382,655.83105,152.84398,99.55054,55.822006,0.84343976,-1,-1,-1
174,380,42.34761,51.038822,54.867645,60.39787,0.7993888,-1,-1,-1
174,383,686.5978,73.738464,88.53534,43.715935,0.634242,-1,-1,-1
174,409,456.37482,377.3245,266.45123,162.42526,0.48365566,-1,-1,-1
174,432,980.28394,0.4006048,42.672974,30.212957,0.65074277,-1,-1,-1
174,436,512.3145,339.97925,262.08124,199.37817,0.45944947,-1,-1,-1
175,372,435.83093,178.5988,123.328064,66.70549,0.8439177,-1,-1,-1
175,373,84.554405,124.124016,61.92463,52.54525,0.8027136,-1,-1,-1
175,375,811.51044,112.75993,88.516235,52.80008,0.8565115,-1,-1,-1
175,378,193.87833,161.41057,122.421844,64.04471,0.8184382,-1,-1,-1
175,382,656.9109,151.63661,100.45715,55.379883,0.85012877,-1,-1,-1
175,380,38.745083,51.959423,54.681217,60.867496,0.7852209,-1,-1,-1
175,383,684.1156,72.73838,90.11279,46.61886,0.65547734,-1,-1,-1
175,409,456.1616,377.96014,266.65842,161.9776,0.47613394,-1,-1,-1
175,432,976.9019,0.03783834,46.196472,29.347689,0.66091824,-1,-1,-1
175,436,520.4827,336.25772,256.951,202.50912,0.35630262,-1,-1,-1
176,372,437.99567,178.53528,123.16162,66.38617,0.85045093,-1,-1,-1
176,373,81.43516,125.11869,63.055397,52.615593,0.8085953,-1,-1,-1
176,375,812.0558,110.47381,87.88513,52.841667,0.854259,-1,-1,-1
176,378,193.48456,163.24174,123.10501,63.34404,0.7940438,-1,-1,-1
176,382,658.00745,151.10733,99.66168,54.252747,0.8527892,-1,-1,-1
176,380,35.222008,52.026115,55.015762,62.071182,0.7350618,-1,-1,-1
176,383,682.4585,72.65196,87.30658,44.180603,0.7318712,-1,-1,-1
176,409,455.79453,374.4697,264.96408,165.4443,0.6091555,-1,-1,-1
176,432,974.2369,0.0,48.878174,28.816013,0.6127934,-1,-1,-1
176,436,511.48724,339.55377,259.23932,198.22058,0.52895755,-1,-1,-1
177,372,439.80243,178.16612,123.50183,66.28792,0.8609519,-1,-1,-1
177,373,79.5992,126.72103,63.619644,51.464867,0.80947495,-1,-1,-1
177,375,812.4326,108.335686,86.906494,53.057594,0.8511985,-1,-1,-1
177,378,193.44423,162.95087,124.950455,63.86583,0.791421,-1,-1,-1
177,382,659.669,149.29507,97.73535,54.43741,0.8543548,-1,-1,-1
177,380,31.886066,54.067154,55.63165,60.372955,0.7926312,-1,-1,-1
177,383,679.8628,72.105034,87.66742,45.934875,0.73593897,-1,-1,-1
177,409,456.33148,369.2481,262.52032,170.59381,0.70082283,-1,-1,-1
177,432,970.712,0.0,52.2453,29.258162,0.5038561,-1,-1,-1
177,436,499.50034,341.88144,260.2156,194.00735,0.58771944,-1,-1,-1
178,372,441.2838,177.86841,122.82599,65.830795,0.8675724,-1,-1,-1
178,373,76.754486,127.49927,64.751175,51.575333,0.8074522,-1,-1,-1
178,375,812.97504,106.78359,86.019104,52.29081,0.84668493,-1,-1,-1
178,378,195.26923,164.18524,122.917114,63.201355,0.7900298,-1,-1,-1
178,382,661.75183,148.24063,95.44183,53.880234,0.8405642,-1,-1,-1
178,380,29.86323,55.10018,55.377777,60.403442,0.77131224,-1,-1,-1
178,383,677.1824,71.74046,88.49933,45.547173,0.7247805,-1,-1,-1
178,409,456.28015,367.59647,261.46204,170.84,0.7054257,-1,-1,-1
178,432,967.47534,0.0,54.70819,28.292202,0.5444194,-1,-1,-1
178,436,495.65024,342.09302,258.18735,192.28809,0.5182993,-1,-1,-1
179,372,442.88638,177.86482,122.40579,65.86287,0.8731657,-1,-1,-1
179,373,74.58186,128.58469,65.22423,51.69835,0.7990059,-1,-1,-1
179,375,813.15924,104.724686,85.48291,52.000168,0.8426722,-1,-1,-1
179,378,194.6525,164.15843,124.11908,64.35202,0.79591507,-1,-1,-1
179,382,662.8159,146.47324,94.983154,54.193558,0.8801831,-1,-1,-1
179,380,26.928303,55.53418,55.1001,60.83017,0.7934161,-1,-1,-1
179,383,674.3878,71.40921,87.23035,44.206734,0.7638248,-1,-1,-1
179,409,457.52884,374.3378,248.39456,164.99222,0.742705,-1,-1,-1
179,432,963.7787,0.0,58.691284,28.386053,0.37833863,-1,-1,-1
179,436,485.19952,344.22058,260.22485,190.57648,0.51787454,-1,-1,-1
180,372,444.158,177.65816,122.35318,66.08923,0.87858564,-1,-1,-1
180,373,72.13021,130.13649,65.66598,52.05208,0.80779976,-1,-1,-1
180,375,813.7321,102.66083,84.9256,52.21408,0.84789383,-1,-1,-1
180,378,194.30484,165.12915,124.94525,64.29431,0.7918522,-1,-1,-1
180,382,663.4422,144.89711,95.76056,54.497314,0.8502469,-1,-1,-1
180,380,23.684874,55.366035,55.162277,62.480606,0.74474716,-1,-1,-1
180,383,672.7466,71.04127,86.04016,43.66355,0.7322117,-1,-1,-1
180,409,456.96805,375.3666,244.18515,162.67715,0.7738205,-1,-1,-1
180,432,961.5877,0.0,60.704285,27.928272,0.50934374,-1,-1,-1
180,436,482.0196,345.82672,258.5697,188.39014,0.5415398,-1,-1,-1
181,372,445.30896,177.17206,122.06659,66.06836,0.8756273,-1,-1,-1
181,373,69.45931,130.36009,65.65391,53.542343,0.8079798,-1,-1,-1
181,375,814.0748,100.97551,83.61322,51.7948,0.84917265,-1,-1,-1
181,378,194.39189,165.50522,125.6263,64.63071,0.79855317,-1,-1,-1
181,382,664.4273,143.15054,96.9126,54.967087,0.8485254,-1,-1,-1
181,380,20.418232,56.403343,56.30296,62.20742,0.79607874,-1,-1,-1
181,383,670.5277,70.999725,84.984314,43.398094,0.75529224,-1,-1,-1
181,409,455.64658,375.9729,243.17783,160.91681,0.784936,-1,-1,-1
181,432,957.0519,0.0,64.34235,27.914791,0.5864058,-1,-1,-1
182,372,447.0609,177.03622,121.31555,66.19212,0.8624947,-1,-1,-1
182,373,66.74556,130.54497,68.21745,54.95726,0.8116225,-1,-1,-1
182,375,814.3653,99.802284,83.31732,50.29499,0.8558794,-1,-1,-1
182,378,194.49994,166.10965,126.176025,66.12077,0.79761183,-1,-1,-1
182,382,665.37616,140.52306,95.38458,55.723343,0.8491433,-1,-1,-1
182,380,17.645826,58.002506,56.50834,61.80958,0.76655054,-1,-1,-1
182,383,668.4226,70.72426,83.93292,43.782486,0.7802499,-1,-1,-1
182,409,450.30786,374.11255,252.7171,161.48004,0.6053683,-1,-1,-1
182,432,953.973,0.0,67.64856,27.635149,0.47162426,-1,-1,-1
183,372,448.59457,176.51866,121.611176,66.10466,0.85990703,-1,-1,-1
183,373,64.603836,132.01233,69.65141,54.695953,0.82170486,-1,-1,-1
183,375,814.82635,97.70581,82.38739,50.354523,0.8375246,-1,-1,-1
183,378,195.21611,166.74278,126.49147,65.39061,0.8108655,-1,-1,-1
183,382,666.53064,138.20647,95.17609,56.241837,0.8555495,-1,-1,-1
183,380,14.436272,59.438366,57.718407,61.854206,0.77255297,-1,-1,-1
183,383,666.56616,70.65529,83.37958,44.015068,0.80951536,-1,-1,-1
183,409,449.48175,378.34897,241.69055,157.4332,0.6226108,-1,-1,-1
183,432,950.2796,0.038210377,71.41193,28.291586,0.38445842,-1,-1,-1
184,372,450.42075,176.03804,121.51114,66.41591,0.85662585,-1,-1,-1
184,373,60.918015,132.65628,72.6741,55.11908,0.8266601,-1,-1,-1
184,375,815.49274,95.14926,81.65613,50.532547,0.83484626,-1,-1,-1
184,378,194.8799,167.49094,128.18889,64.402115,0.8195205,-1,-1,-1
184,382,667.951,137.21405,94.078,55.642242,0.85936666,-1,-1,-1
184,380,11.245189,59.804024,58.459972,62.48472,0.7542071,-1,-1,-1
184,383,663.6488,70.38447,84.12317,43.766525,0.8059101,-1,-1,-1
184,409,445.3148,377.1778,246.90323,158.26605,0.55429894,-1,-1,-1
184,437,619.9105,435.27002,146.06903,102.420044,0.35011038,-1,-1,-1
185,372,452.47943,175.42415,121.79993,66.32681,0.85611904,-1,-1,-1
185,373,58.54686,134.94652,73.85925,53.77034,0.83181655,-1,-1,-1
185,375,815.8752,94.228325,80.29877,49.73478,0.85035115,-1,-1,-1
185,378,195.1772,168.38496,129.43779,64.24663,0.7806566,-1,-1,-1
185,382,669.0086,136.1742,92.95099,55.09706,0.85622966,-1,-1,-1
185,380,7.7349834,60.265633,58.975502,63.18454,0.76887417,-1,-1,-1
185,383,661.1385,70.26762,84.39075,43.48831,0.8084262,-1,-1,-1
185,409,441.6851,374.63196,253.38382,161.83118,0.6229198,-1,-1,-1
185,437,612.91833,434.1336,152.87372,103.942505,0.6429274,-1,-1,-1
186,372,454.1798,174.82724,121.81372,66.74742,0.8669592,-1,-1,-1
186,373,56.695232,135.91933,75.01851,53.808594,0.82475585,-1,-1,-1
186,375,815.59705,91.761055,80.34241,50.808357,0.8393174,-1,-1,-1
186,378,195.72557,169.16647,130.91484,63.544968,0.763053,-1,-1,-1
186,382,669.76855,133.6788,91.65173,56.693695,0.85432744,-1,-1,-1
186,380,5.319023,61.251152,58.630047,63.376762,0.7521646,-1,-1,-1
186,383,658.98804,69.622,84.380066,44.10131,0.8141841,-1,-1,-1
186,409,439.87454,363.1528,265.80392,175.50577,0.53797615,-1,-1,-1
186,437,605.09644,432.0587,166.93329,106.03122,0.69004345,-1,-1,-1
187,372,455.98,173.88928,121.12369,67.54762,0.86524916,-1,-1,-1
187,373,54.195793,136.91934,76.71249,53.880493,0.82092273,-1,-1,-1
187,375,815.4336,90.09582,80.433655,50.364067,0.84751856,-1,-1,-1
187,378,197.75385,169.92398,128.78192,65.724396,0.7722032,-1,-1,-1
187,382,671.4156,132.57285,89.59009,56.296448,0.8505023,-1,-1,-1
187,380,3.4001024,64.97134,58.251534,60.493645,0.75894463,-1,-1,-1
187,383,656.3769,68.9293,85.461426,44.994972,0.79875,-1,-1,-1
187,409,438.78513,359.3976,268.94528,180.08841,0.4919152,-1,-1,-1
187,438,1004.1089,0.9678087,19.358826,35.705154,0.5329016,-1,-1,-1
188,372,457.15234,172.34177,121.62909,68.67993,0.8814498,-1,-1,-1
188,373,51.792774,138.3189,77.981186,53.677063,0.80759966,-1,-1,-1
188,375,815.6428,88.6656,79.31641,49.657013,0.85328126,-1,-1,-1
188,378,197.16946,170.3816,130.89066,65.584305,0.7941437,-1,-1,-1
188,382,672.58954,132.45923,88.99579,54.72661,0.84360564,-1,-1,-1
188,380,2.3798537,67.45875,56.42716,58.841568,0.7570837,-1,-1,-1
188,383,654.5669,69.016785,85.06232,44.706146,0.798776,-1,-1,-1
188,409,433.11288,360.923,269.80997,178.88657,0.43846485,-1,-1,-1
188,438,1000.49176,1.3922381,22.60736,35.05597,0.3672058,-1,-1,-1
188,437,604.71814,429.29715,166.82751,109.72775,0.5621021,-1,-1,-1
189,372,458.81946,172.50778,121.88953,68.6839,0.83506674,-1,-1,-1
189,373,49.285095,139.76791,77.74885,53.652054,0.8142769,-1,-1,-1
189,375,815.64325,87.323586,78.41638,49.19474,0.8609249,-1,-1,-1
189,378,196.08147,170.9901,133.38051,66.49951,0.7988206,-1,-1,-1
189,382,673.6413,132.1982,89.92688,53.588623,0.8498972,-1,-1,-1
189,380,1.4130036,73.029816,54.142254,54.576836,0.7164318,-1,-1,-1
189,383,651.8144,68.60815,87.01807,45.438667,0.7802502,-1,-1,-1
189,409,434.25558,360.92548,266.51163,179.05438,0.39945078,-1,-1,-1
189,438,997.6249,2.2450666,25.676636,34.317173,0.47979835,-1,-1,-1
190,372,460.26334,172.09628,121.55185,68.343796,0.8282359,-1,-1,-1
190,373,46.720367,140.33098,78.19014,54.719894,0.8372138,-1,-1,-1
190,375,816.10486,85.611115,77.77881,48.82332,0.8629561,-1,-1,-1
190,378,199.25179,170.81656,130.50655,69.43938,0.7800227,-1,-1,-1
190,382,673.6047,128.88983,89.91943,55.41542,0.8608404,-1,-1,-1
190,380,0.07474447,72.80658,53.234486,55.849396,0.74915177,-1,-1,-1
190,383,650.08984,68.61947,85.27063,44.75582,0.7359229,-1,-1,-1
190,409,431.57184,360.79153,266.6714,179.20847,0.333605,-1,-1,-1
190,437,584.9084,422.27875,171.7185,114.32568,0.28670958,-1,-1,-1
191,372,461.9963,171.71762,121.33707,68.138214,0.8196411,-1,-1,-1
191,373,44.26432,141.61974,78.987236,55.132233,0.8419193,-1,-1,-1
191,375,816.4571,84.13972,76.749084,48.455666,0.867915,-1,-1,-1
191,378,200.817,171.58876,130.10146,68.26865,0.7460203,-1,-1,-1
191,382,674.47797,126.94224,89.66791,55.61315,0.861854,-1,-1,-1
191,380,0.0,74.454735,50.77901,55.398567,0.7279779,-1,-1,-1
191,383,648.7208,67.44837,85.022705,45.450127,0.7100825,-1,-1,-1
192,372,462.5445,171.26341,122.76196,67.07805,0.82662475,-1,-1,-1
192,373,42.426636,142.41994,80.69038,55.193222,0.83875316,-1,-1,-1
192,375,816.48193,82.776955,75.778625,47.82415,0.85833794,-1,-1,-1
192,378,199.03122,171.45537,131.69476,67.844086,0.75049675,-1,-1,-1
192,382,674.9518,125.82125,88.933716,54.98884,0.85456455,-1,-1,-1
192,380,0.0,76.22342,48.30002,54.315292,0.66003585,-1,-1,-1
192,383,645.7535,66.97685,86.37695,46.552246,0.7676477,-1,-1,-1
192,437,566.7223,416.157,183.58246,117.00534,0.4741787,-1,-1,-1
193,372,464.69058,170.7728,121.954254,66.18164,0.8349753,-1,-1,-1
193,373,40.421425,142.97351,81.993454,55.419525,0.8256059,-1,-1,-1
193,375,816.03925,81.304245,75.54352,47.181854,0.8571604,-1,-1,-1
193,378,199.01833,172.69719,131.67622,67.24016,0.7935472,-1,-1,-1
193,382,675.36505,124.46028,88.548645,54.66002,0.853627,-1,-1,-1
193,380,0.0,76.31487,45.61161,55.556633,0.70566124,-1,-1,-1
193,383,642.1913,66.98836,86.84906,53.038864,0.7596744,-1,-1,-1
193,437,561.97723,412.68527,185.62695,117.91501,0.3899122,-1,-1,-1
194,372,466.70694,169.80363,121.18454,65.39067,0.8218675,-1,-1,-1
194,373,38.37697,143.48773,84.03979,55.957855,0.82950234,-1,-1,-1
194,375,816.0126,79.24494,75.68829,47.511513,0.8464212,-1,-1,-1
194,378,199.01178,173.57327,133.47055,66.59294,0.7891133,-1,-1,-1
194,382,675.67883,123.22126,89.67645,54.61492,0.84881127,-1,-1,-1
194,380,0.0,71.44524,42.8631,61.45105,0.5853734,-1,-1,-1
194,383,639.40283,67.34959,87.76593,56.736473,0.69323653,-1,-1,-1
194,437,556.8166,408.60147,187.20477,120.312775,0.47890604,-1,-1,-1
194,438,980.18,0.98196954,43.188965,35.882446,0.40352094,-1,-1,-1
195,372,468.7155,168.79575,121.030334,65.445724,0.8209439,-1,-1,-1
195,373,37.301487,145.63158,85.41849,55.856003,0.8201562,-1,-1,-1
195,375,816.513,77.46551,74.64435,47.48253,0.86421335,-1,-1,-1
195,378,200.02374,174.3278,134.44669,66.11754,0.787071,-1,-1,-1
195,382,677.9328,123.09072,88.31012,53.053123,0.8460041,-1,-1,-1
195,380,0.0,75.02757,40.510925,55.905457,0.46295574,-1,-1,-1
195,383,637.5638,67.50533,87.68683,59.83248,0.67385685,-1,-1,-1
195,437,551.6023,405.8936,182.98053,124.16379,0.30129808,-1,-1,-1
195,441,0.17582276,106.63802,42.35056,29.822487,0.5330466,-1,-1,-1
196,372,470.67026,168.13051,121.267914,65.681595,0.82597584,-1,-1,-1
196,373,36.201958,146.92499,85.420586,55.303314,0.8308163,-1,-1,-1
196,375,816.3865,75.57133,74.69464,48.35366,0.8526365,-1,-1,-1
196,378,200.1518,175.03218,136.53433,65.86194,0.79151213,-1,-1,-1
196,382,679.2836,121.043785,87.16089,54.055748,0.8458562,-1,-1,-1
196,380,0.0,76.724335,39.181942,56.341446,0.5879288,-1,-1,-1
196,383,634.9713,67.27344,86.87659,57.637505,0.6789031,-1,-1,-1
196,437,548.2237,404.4642,184.60602,118.41147,0.30916047,-1,-1,-1
196,441,0.0,105.41475,40.51553,31.392365,0.32704723,-1,-1,-1
196,438,972.238,0.27279186,49.204712,35.9349,0.3065382,-1,-1,-1
197,372,472.89938,167.50392,121.29288,65.45256,0.84646904,-1,-1,-1
197,373,35.397243,148.08244,85.48045,55.0748,0.8337333,-1,-1,-1
197,375,816.3444,74.11726,74.253235,47.476196,0.84883523,-1,-1,-1
197,378,199.80301,175.3359,138.87027,65.91913,0.77747136,-1,-1,-1
197,382,680.89404,119.707756,86.08545,53.85035,0.8484345,-1,-1,-1
197,380,0.0,82.43014,36.307762,50.279564,0.59469146,-1,-1,-1
197,383,633.32556,67.39003,86.23523,57.51935,0.65113956,-1,-1,-1
197,437,540.20825,400.94415,186.26477,121.58478,0.31465587,-1,-1,-1
198,372,475.1177,166.9011,120.97305,65.09897,0.8393553,-1,-1,-1
198,373,34.095913,149.40755,86.3945,54.87497,0.8280398,-1,-1,-1
198,375,816.8708,72.3702,74.13245,47.392624,0.855259,-1,-1,-1
198,378,200.36676,175.75572,141.85422,65.821014,0.75220954,-1,-1,-1
198,382,682.03534,117.144646,85.65741,54.51719,0.85803,-1,-1,-1
198,380,0.0,85.17471,33.48626,51.370438,0.59747213,-1,-1,-1
198,383,632.0851,67.37705,84.90808,59.219704,0.7090589,-1,-1,-1
198,437,537.20624,398.88092,185.20782,120.04718,0.48093364,-1,-1,-1
199,372,476.7204,166.0928,120.69006,65.256256,0.8421097,-1,-1,-1
199,373,32.80356,150.26158,86.227264,54.340424,0.818411,-1,-1,-1
199,375,816.993,70.97752,73.135864,47.107704,0.86599934,-1,-1,-1
199,378,201.3107,175.90486,142.62961,65.30379,0.7721643,-1,-1,-1
199,382,682.81635,114.50233,85.009766,55.281532,0.8684372,-1,-1,-1
199,380,0.0,91.50689,31.686989,47.21723,0.6539688,-1,-1,-1
199,383,628.7802,66.65834,87.54608,61.00889,0.7418377,-1,-1,-1
199,437,530.4148,395.71457,183.79077,127.85605,0.5322302,-1,-1,-1
200,372,478.36508,164.93558,121.11209,65.93446,0.8557819,-1,-1,-1
200,373,30.19245,151.33777,88.001564,53.77292,0.81772846,-1,-1,-1
200,375,816.79364,69.69861,73.12042,46.813873,0.85098046,-1,-1,-1
200,378,205.17796,175.9502,140.80714,65.31572,0.7667944,-1,-1,-1
200,382,683.5492,112.71416,85.45642,55.323364,0.85658914,-1,-1,-1
200,380,0.0,93.033585,30.139297,47.516586,0.61303794,-1,-1,-1
200,383,626.1983,66.844574,89.77167,63.80934,0.72443926,-1,-1,-1
200,437,527.12885,392.60223,179.14899,134.06757,0.37186942,-1,-1,-1
200,387,629.1563,67.36642,82.46069,45.829483,0.5638412,-1,-1,-1
201,372,479.90015,163.9844,121.90033,66.11984,0.8544454,-1,-1,-1
201,373,28.031412,152.30797,89.806725,54.258667,0.82093817,-1,-1,-1
201,375,817.8037,67.91949,72.75885,47.31259,0.842476,-1,-1,-1
201,378,207.00789,176.87404,143.04384,64.597595,0.735919,-1,-1,-1
201,382,684.76135,110.97287,84.960815,55.368576,0.8576469,-1,-1,-1
201,380,0.0,95.45392,29.346367,48.4942,0.5172588,-1,-1,-1
201,383,625.194,66.640724,87.5694,63.843468,0.71117276,-1,-1,-1
201,437,522.475,389.63208,181.26654,125.87622,0.50405943,-1,-1,-1
201,387,627.74005,67.09656,81.03674,45.365524,0.53648746,-1,-1,-1
201,438,958.18115,0.16500211,49.246277,33.01869,0.49551085,-1,-1,-1
202,372,482.7,163.18477,120.6734,65.97354,0.8521225,-1,-1,-1
202,373,26.962362,153.24593,90.443924,53.656784,0.8154235,-1,-1,-1
202,375,818.8297,66.9492,71.37811,46.13807,0.8729301,-1,-1,-1
202,378,205.9879,177.5694,143.6793,63.34305,0.7370262,-1,-1,-1
202,382,685.88983,109.45688,83.63898,55.142883,0.8494039,-1,-1,-1
202,380,0.011289983,96.12678,26.393787,46.394524,0.53971535,-1,-1,-1
202,383,623.29175,66.22743,86.85602,64.11093,0.68481946,-1,-1,-1
202,437,519.57086,386.14886,177.34143,124.56564,0.5424997,-1,-1,-1
202,387,625.41516,66.90596,81.65222,44.345734,0.5905927,-1,-1,-1
202,446,0.050804008,94.14373,20.120623,36.020485,0.44545874,-1,-1,-1
202,438,956.00446,0.33092985,48.513306,32.31378,0.3031835,-1,-1,-1
202,441,0.0,105.768585,28.912142,43.762665,0.5511208,-1,-1,-1
203,372,485.586,162.06827,119.60785,66.560074,0.8453555,-1,-1,-1
203,373,25.13443,154.33336,92.455,53.61847,0.8108185,-1,-1,-1
203,375,819.51917,65.041046,70.3703,45.827423,0.86158246,-1,-1,-1
203,378,207.60756,177.16391,144.07182,64.02347,0.77367526,-1,-1,-1
203,382,687.0594,109.0108,83.32379,54.440933,0.8583831,-1,-1,-1
203,380,0.0726939,96.82022,23.492342,44.385223,0.6965696,-1,-1,-1
203,383,620.97406,65.74338,86.30377,68.56685,0.6925149,-1,-1,-1
203,437,514.54193,383.3821,176.54248,130.92459,0.5997514,-1,-1,-1
203,387,623.17615,66.4602,81.93231,44.20273,0.61541677,-1,-1,-1
203,446,0.0,94.71309,18.030365,37.197098,0.40441003,-1,-1,-1
203,438,952.8948,0.20400985,49.240356,32.26116,0.42263368,-1,-1,-1
204,372,488.1187,160.2994,119.41443,67.41937,0.8581609,-1,-1,-1
204,373,25.047337,155.30295,92.81903,53.650543,0.8092121,-1,-1,-1
204,375,819.9098,63.3532,69.878784,45.5013,0.84078825,-1,-1,-1
204,378,207.88162,178.03139,146.51395,63.76654,0.73680246,-1,-1,-1
204,382,688.1924,107.35811,82.336914,54.611572,0.8476542,-1,-1,-1
204,380,0.042118374,96.844666,21.125284,44.537674,0.71469945,-1,-1,-1
204,383,620.2311,65.24249,85.01141,67.24097,0.7019294,-1,-1,-1
204,437,511.06906,379.7126,176.04251,136.25647,0.6144846,-1,-1,-1
204,387,621.53076,65.88877,81.891785,44.876213,0.7067497,-1,-1,-1
204,438,950.73456,0.4130576,48.60211,31.58504,0.26417524,-1,-1,-1
205,372,490.48364,159.8257,118.93353,66.8419,0.8311294,-1,-1,-1
205,373,24.922344,155.93495,92.901794,53.651306,0.8037717,-1,-1,-1
205,375,820.5385,62.02349,68.664,44.912537,0.84212387,-1,-1,-1
205,378,209.71407,177.5394,148.08192,64.91934,0.7360572,-1,-1,-1
205,382,689.4937,106.394104,81.48639,54.456146,0.8436935,-1,-1,-1
205,380,0.001626644,99.40288,18.730072,41.98192,0.65289074,-1,-1,-1
205,383,618.44104,65.284744,84.82141,68.20148,0.7058658,-1,-1,-1
205,437,507.0775,375.26907,174.24829,143.39572,0.55762774,-1,-1,-1
205,387,619.6814,65.65652,82.41589,45.90219,0.74591064,-1,-1,-1
205,438,948.7201,0.9369947,47.3526,30.628042,0.27234742,-1,-1,-1
206,372,492.4289,159.09422,118.3667,65.617966,0.83702487,-1,-1,-1
206,373,25.071993,156.67676,93.01183,53.850708,0.81050205,-1,-1,-1
206,375,821.405,60.25018,67.76074,44.888065,0.8590698,-1,-1,-1
206,378,213.26768,178.20296,148.07799,63.800797,0.73279035,-1,-1,-1
206,382,691.26733,104.45072,81.03949,54.987083,0.8483513,-1,-1,-1
206,380,0.074860334,102.03444,17.942774,42.69539,0.45276055,-1,-1,-1
206,383,616.4613,64.899704,85.59619,69.851425,0.7129302,-1,-1,-1
206,437,505.67368,369.29614,167.42038,139.1034,0.28253165,-1,-1,-1
206,387,617.35156,65.09536,83.96631,46.559708,0.6897266,-1,-1,-1
206,438,946.2791,1.4002093,47.16272,29.81534,0.34793004,-1,-1,-1
206,446,0.0,94.48116,16.003235,47.43,0.3122555,-1,-1,-1
207,372,494.681,158.58342,118.05325,64.492035,0.8487299,-1,-1,-1
207,373,24.631954,157.67195,93.33919,54.205933,0.8248947,-1,-1,-1
207,375,821.85114,58.600273,67.83118,44.93258,0.86346036,-1,-1,-1
207,378,215.84206,178.733,150.30116,62.08777,0.7275876,-1,-1,-1
207,382,692.3945,103.29143,81.64795,54.59323,0.84357774,-1,-1,-1
207,383,615.799,65.15971,84.47418,70.003555,0.7073378,-1,-1,-1
207,437,500.65134,367.18433,167.25021,140.73996,0.6295195,-1,-1,-1
207,387,616.4006,65.00305,82.72998,46.622887,0.6300263,-1,-1,-1
207,449,1011.3651,10.098729,12.223755,25.555992,0.45649683,-1,-1,-1
208,372,496.87256,157.74309,117.60901,63.66432,0.84588075,-1,-1,-1
208,373,24.618216,158.48912,93.2036,54.039215,0.8213305,-1,-1,-1
208,375,821.7164,57.261524,68.3479,44.886326,0.84637296,-1,-1,-1
208,378,217.69821,178.54143,150.17484,63.16005,0.7308697,-1,-1,-1
208,382,694.385,100.67279,80.04956,55.47055,0.8650345,-1,-1,-1
208,383,614.31464,65.350845,84.43994,70.35719,0.63075733,-1,-1,-1
208,437,495.94934,365.20987,163.08142,142.8917,0.6634501,-1,-1,-1
208,387,614.4967,64.80135,83.51666,48.50618,0.52830005,-1,-1,-1
208,449,1009.63776,11.122371,13.666443,24.183075,0.5157814,-1,-1,-1
209,372,499.7378,156.68636,117.05304,63.581177,0.84860927,-1,-1,-1
209,373,25.425299,159.26537,92.60727,54.381912,0.82784396,-1,-1,-1
209,375,821.81775,55.61217,69.06879,45.122524,0.8649388,-1,-1,-1
209,378,216.84216,178.84555,150.69577,63.53714,0.728287,-1,-1,-1
209,382,695.5168,99.69304,79.752075,54.899567,0.8478523,-1,-1,-1
209,383,613.45874,64.72107,83.13733,72.88057,0.45107028,-1,-1,-1
209,437,489.81815,360.0957,167.00961,145.39438,0.6443471,-1,-1,-1
209,449,1007.6522,11.018289,15.795654,24.72808,0.42474902,-1,-1,-1
209,438,940.5302,0.9961304,45.31305,28.826443,0.33312386,-1,-1,-1
210,372,502.54364,156.14732,116.377625,63.186996,0.864067,-1,-1,-1
210,373,24.89033,160.13263,93.713234,54.056274,0.819185,-1,-1,-1
210,375,823.5083,54.23949,67.47217,44.42818,0.8399497,-1,-1,-1
210,378,217.02145,179.06482,151.92929,64.066315,0.7257629,-1,-1,-1
210,382,697.0175,97.88887,79.65723,54.738174,0.8505872,-1,-1,-1
210,383,610.21796,64.84645,84.63263,72.810684,0.44922805,-1,-1,-1
210,437,483.74377,356.35788,168.8493,147.7121,0.6058974,-1,-1,-1
210,449,1005.5672,10.400722,18.192932,24.275898,0.3396599,-1,-1,-1
210,438,939.08997,0.86399883,44.37622,28.484776,0.30878043,-1,-1,-1
210,387,612.19824,66.477036,79.835144,43.208344,0.30044562,-1,-1,-1
211,372,505.03598,155.43237,115.05704,62.372192,0.85873723,-1,-1,-1
211,373,24.332792,160.93413,94.35597,53.75618,0.81919354,-1,-1,-1
211,375,823.92377,52.764774,67.953186,43.88557,0.84397197,-1,-1,-1
211,378,219.92473,179.12497,151.94756,62.671158,0.7016073,-1,-1,-1
211,382,698.9247,96.38842,78.43475,54.71421,0.8519887,-1,-1,-1
211,383,610.1164,65.03881,83.10199,66.544685,0.3319768,-1,-1,-1
211,437,479.99966,355.6598,167.11697,141.7669,0.7903474,-1,-1,-1
211,449,1003.23553,9.043912,20.669556,25.391708,0.28523174,-1,-1,-1
211,387,612.0301,66.1349,78.87512,41.614822,0.30086952,-1,-1,-1
212,372,507.44635,154.02246,114.14789,62.825058,0.86272323,-1,-1,-1
212,373,24.625582,161.09535,94.90911,54.29103,0.81954324,-1,-1,-1
212,375,824.3431,51.586006,67.78363,43.613464,0.83595246,-1,-1,-1
212,378,224.28058,178.86092,151.61362,62.212875,0.7329911,-1,-1,-1
212,382,701.01416,95.16362,76.917175,54.18947,0.85333097,-1,-1,-1
212,383,609.9569,65.23243,81.75018,63.861443,0.47804493,-1,-1,-1
212,437,479.65112,354.621,159.90399,139.41019,0.84579486,-1,-1,-1
212,449,1001.8081,9.226201,22.020325,25.623749,0.29421696,-1,-1,-1
212,387,611.85785,66.2221,77.539246,40.96035,0.41717142,-1,-1,-1
212,438,935.6219,0.52803624,45.0166,28.055325,0.507502,-1,-1,-1
213,372,509.0613,153.21544,114.64804,62.972458,0.8755311,-1,-1,-1
213,373,23.659033,161.92451,96.16493,54.38745,0.8212745,-1,-1,-1
213,375,824.8861,49.97103,67.3949,43.57888,0.83845574,-1,-1,-1
213,378,228.04297,179.09508,152.34244,61.460953,0.6966869,-1,-1,-1
213,382,701.955,94.777725,76.80487,53.170868,0.8710463,-1,-1,-1
213,383,608.5288,65.217964,82.33856,65.697655,0.50077176,-1,-1,-1
213,437,475.80634,353.8569,157.76154,138.59576,0.8444463,-1,-1,-1
213,449,999.47174,8.48102,24.473816,26.216398,0.4668891,-1,-1,-1
213,387,610.6918,66.17368,77.87506,40.630775,0.40349284,-1,-1,-1
213,438,933.38495,0.18916307,45.126587,27.830648,0.38648254,-1,-1,-1
214,372,512.11194,152.23302,113.647156,63.34601,0.87075996,-1,-1,-1
214,373,23.132002,161.96034,96.69908,55.626984,0.8332075,-1,-1,-1
214,375,825.50287,48.50432,66.74744,43.55107,0.8353487,-1,-1,-1
214,378,232.78365,178.59189,151.60793,62.687393,0.7238971,-1,-1,-1
214,382,702.9215,94.28783,77.1134,51.882553,0.86753553,-1,-1,-1
214,383,606.2062,65.419106,83.795105,68.57131,0.5489913,-1,-1,-1
214,437,472.07437,352.7756,155.9432,132.79724,0.8642409,-1,-1,-1
214,449,996.46436,8.035196,27.364624,26.868452,0.51547545,-1,-1,-1
214,387,608.64624,66.10602,78.46985,40.825554,0.43897498,-1,-1,-1
214,438,931.73035,0.058337897,45.119507,28.046865,0.30823892,-1,-1,-1
215,372,514.3954,150.99373,113.91528,63.587708,0.8693893,-1,-1,-1
215,373,22.205185,162.1901,98.35795,56.691284,0.8498151,-1,-1,-1
215,375,825.83527,47.036842,66.566956,43.57823,0.8543512,-1,-1,-1
215,378,234.11916,178.7002,150.02174,62.183426,0.7212026,-1,-1,-1
215,382,703.7117,93.201775,77.43262,51.163124,0.8574639,-1,-1,-1
215,383,604.323,65.25385,84.476135,69.67275,0.5366615,-1,-1,-1
215,437,467.8599,351.26016,155.67197,130.10779,0.8332249,-1,-1,-1
215,449,994.3837,9.346415,29.34491,25.896692,0.60521084,-1,-1,-1
215,387,606.1791,65.896255,79.69818,41.19786,0.35900658,-1,-1,-1
215,438,928.77924,0.022184415,45.987854,27.788786,0.4110439,-1,-1,-1
216,372,516.9844,149.558,113.75745,63.30365,0.85486525,-1,-1,-1
216,373,22.461136,162.6334,98.578995,57.387802,0.85326934,-1,-1,-1
216,375,826.3097,45.679146,66.41943,43.144264,0.8568091,-1,-1,-1
216,378,237.24052,179.15883,147.88258,61.946167,0.7500468,-1,-1,-1
216,382,705.26086,91.2009,76.21893,51.200027,0.8429634,-1,-1,-1
216,383,603.1625,65.51399,84.61676,70.27191,0.4813212,-1,-1,-1
216,437,464.04575,348.74515,155.8865,128.08478,0.8493157,-1,-1,-1
216,449,992.33594,10.026597,31.417114,25.114609,0.7011019,-1,-1,-1
216,438,927.138,0.0,44.89978,27.464954,0.49227348,-1,-1,-1
217,372,519.70953,148.1329,112.234924,63.099854,0.8539307,-1,-1,-1
217,373,21.79215,163.58542,100.11067,57.124268,0.8581746,-1,-1,-1
217,375,827.1608,44.1196,66.05676,43.145546,0.8491307,-1,-1,-1
217,378,239.65958,178.79628,147.4097,61.473297,0.7716069,-1,-1,-1
217,382,707.1934,89.8477,75.81091,51.396988,0.8433148,-1,-1,-1
217,383,601.52136,65.24244,84.275024,66.877525,0.33326522,-1,-1,-1
217,437,460.12494,346.74832,155.72437,127.928894,0.8684413,-1,-1,-1
217,449,990.2139,10.139241,33.61487,24.588478,0.75508255,-1,-1,-1
217,438,925.0762,0.0,44.5896,27.406794,0.5697077,-1,-1,-1
217,387,602.7575,65.66469,80.74359,42.152374,0.40023762,-1,-1,-1
218,372,522.40515,147.56728,109.206665,62.208496,0.84955484,-1,-1,-1
218,373,20.812405,164.30534,102.41054,57.33635,0.85619134,-1,-1,-1
218,375,828.18506,42.96205,64.99902,42.614204,0.83908,-1,-1,-1
218,378,242.13815,178.73648,148.41135,61.26625,0.7793425,-1,-1,-1
218,382,708.35736,87.903,75.65271,51.794617,0.8529357,-1,-1,-1
218,383,599.03467,65.380035,84.10907,67.27988,0.3678205,-1,-1,-1
218,437,456.68652,346.12573,154.35126,129.22424,0.86533684,-1,-1,-1
218,449,988.1106,9.178012,35.61145,25.903942,0.7166263,-1,-1,-1
218,438,922.21826,0.0,45.510315,27.421629,0.4654399,-1,-1,-1
218,387,601.2698,65.718765,79.93915,42.308197,0.364894,-1,-1,-1
219,372,524.57227,146.57141,107.945435,61.688416,0.85923237,-1,-1,-1
219,373,20.242268,164.72429,104.015015,57.30197,0.85132945,-1,-1,-1
219,375,828.79175,41.615917,64.53168,42.343586,0.84885514,-1,-1,-1
219,378,243.99432,179.23682,149.07584,60.55771,0.7378225,-1,-1,-1
219,382,708.9874,86.57943,75.98816,51.777596,0.85653245,-1,-1,-1
219,437,450.29187,345.22894,155.89624,131.05463,0.8582448,-1,-1,-1
219,449,985.74963,8.728733,37.932617,26.535633,0.7719805,-1,-1,-1
219,438,919.8837,0.0,45.91388,27.176085,0.4126085,-1,-1,-1
219,387,599.6702,66.373924,78.695435,41.8826,0.45698595,-1,-1,-1
220,372,526.94904,145.2312,107.1629,61.033615,0.8544844,-1,-1,-1
220,373,20.068295,165.5012,105.486084,57.441544,0.8469986,-1,-1,-1
220,375,828.80945,40.127728,64.47626,42.087177,0.84602594,-1,-1,-1
220,378,245.60365,179.07333,148.98909,61.465958,0.74520344,-1,-1,-1
220,382,710.4094,85.31902,75.20776,51.40148,0.850955,-1,-1,-1
220,437,446.85098,344.34738,155.582,124.25964,0.85015106,-1,-1,-1
220,449,984.0041,8.33907,39.649597,27.549961,0.78070164,-1,-1,-1
220,438,918.1234,0.0,45.918762,27.054396,0.27639443,-1,-1,-1
220,387,597.9878,65.97762,79.18274,42.291237,0.45495155,-1,-1,-1
220,383,596.24695,65.26927,83.14508,71.151886,0.6435389,-1,-1,-1
221,372,528.8882,144.08618,106.6485,60.27417,0.8794375,-1,-1,-1
221,373,20.59749,166.70444,105.97374,56.46501,0.85463107,-1,-1,-1
221,375,828.6293,38.784733,64.064026,42.085308,0.8430466,-1,-1,-1
221,378,248.91281,178.89755,147.04968,61.760086,0.76662636,-1,-1,-1
221,382,710.84485,82.509,75.04944,53.159103,0.84716564,-1,-1,-1
221,437,443.76974,343.39426,154.13773,121.54004,0.8524521,-1,-1,-1
221,449,982.0247,8.322512,41.622375,27.527468,0.79337335,-1,-1,-1
221,438,915.7572,0.0,45.08728,26.832092,0.27926254,-1,-1,-1
221,387,595.66724,65.68889,79.57587,42.42472,0.6942749,-1,-1,-1
221,383,594.1714,65.10558,83.24719,70.36556,0.6689508,-1,-1,-1
222,372,530.51385,142.72253,105.80304,60.184677,0.8825207,-1,-1,-1
222,373,21.157778,167.59575,106.00319,56.221924,0.84267426,-1,-1,-1
222,375,828.5054,37.298,63.713318,41.858044,0.8212413,-1,-1,-1
222,378,254.57437,178.90364,143.24872,61.07541,0.77154374,-1,-1,-1
222,382,712.1643,81.110756,74.59082,52.83819,0.8658917,-1,-1,-1
222,437,439.95837,341.8009,155.52539,120.219604,0.8438793,-1,-1,-1
222,449,979.28174,7.902897,44.364136,27.917122,0.7932119,-1,-1,-1
222,387,593.9674,65.114296,79.24835,42.965065,0.68521494,-1,-1,-1
222,383,592.12476,64.60484,83.81329,71.13904,0.67790544,-1,-1,-1
223,372,532.28375,141.52219,104.59033,60.58998,0.8676259,-1,-1,-1
223,373,21.75281,167.974,106.089325,57.49817,0.84522545,-1,-1,-1
223,375,828.3951,35.805088,63.530457,41.51118,0.83027774,-1,-1,-1
223,378,258.1822,178.32942,141.97751,62.248123,0.7656969,-1,-1,-1
223,382,712.4631,80.04408,74.698975,51.946503,0.8633885,-1,-1,-1
223,437,434.67758,339.4957,154.88718,119.88815,0.8560256,-1,-1,-1
223,449,976.02344,7.1008973,47.614014,28.829767,0.773213,-1,-1,-1
223,387,591.84125,65.14663,79.49817,43.084694,0.67103475,-1,-1,-1
223,383,589.89374,64.88687,84.33295,70.32329,0.70169795,-1,-1,-1
223,438,911.5435,0.0,44.932983,26.534584,0.3912249,-1,-1,-1
224,372,534.9701,140.21642,103.70978,60.009735,0.8573271,-1,-1,-1
224,373,23.284262,169.27649,106.128105,57.72229,0.8516557,-1,-1,-1
224,375,828.4462,34.642128,62.97235,40.789894,0.84290797,-1,-1,-1
224,378,257.95593,179.05891,145.29819,60.243454,0.7325502,-1,-1,-1
224,382,712.8394,78.22435,75.21857,51.743774,0.85332173,-1,-1,-1
224,437,433.1737,337.97394,151.34027,119.79108,0.7934336,-1,-1,-1
224,449,973.56757,6.5619173,50.05963,29.77584,0.7680944,-1,-1,-1
224,387,589.95966,64.766815,79.90961,43.82003,0.6923528,-1,-1,-1
224,383,587.99664,64.465454,84.76996,66.09303,0.6674125,-1,-1,-1
224,438,908.69275,0.0,45.354248,25.981256,0.44693762,-1,-1,-1
225,372,537.5086,138.95033,102.694214,59.218704,0.8540545,-1,-1,-1
225,373,23.843813,170.38493,106.94289,57.396927,0.843441,-1,-1,-1
225,375,828.6412,33.41734,62.178223,40.32929,0.839064,-1,-1,-1
225,378,259.24158,179.02563,146.72925,59.3611,0.7445167,-1,-1,-1
225,382,713.41833,75.67162,75.771484,52.260178,0.8568603,-1,-1,-1
225,437,426.82452,337.19116,154.97015,117.885376,0.81303525,-1,-1,-1
225,449,970.61255,5.682482,53.013733,31.248045,0.8015229,-1,-1,-1
225,387,587.4728,64.40686,80.37109,44.084175,0.6254591,-1,-1,-1
225,383,585.47015,64.14261,84.827576,62.979485,0.6110293,-1,-1,-1
225,438,906.70825,0.0,45.151917,25.612316,0.37824127,-1,-1,-1
226,372,539.24036,137.81433,102.37622,58.521027,0.85795546,-1,-1,-1
226,373,24.05388,171.51295,107.9648,57.13797,0.82885617,-1,-1,-1
226,375,829.18713,31.987747,61.25244,40.229347,0.82486045,-1,-1,-1
226,378,263.4935,179.27821,144.13034,58.791397,0.7565751,-1,-1,-1
226,382,714.8795,75.28855,73.86719,51.12525,0.8594127,-1,-1,-1
226,437,419.45697,336.06598,158.2215,117.3786,0.7411213,-1,-1,-1
226,449,968.59735,5.38019,54.759155,31.422468,0.8002044,-1,-1,-1
226,387,585.4509,64.17189,80.412415,44.44863,0.7603312,-1,-1,-1
226,438,903.97894,0.0,44.872986,25.1405,0.30518204,-1,-1,-1
227,372,540.8147,136.37456,100.03436,58.835693,0.85435444,-1,-1,-1
227,373,24.44002,172.44855,108.97249,56.44742,0.8240521,-1,-1,-1
227,375,829.03174,30.65585,60.572388,40.221844,0.81157994,-1,-1,-1
227,378,265.06027,178.72699,143.47382,60.879578,0.7709004,-1,-1,-1
227,382,714.8117,73.133255,74.170166,52.042366,0.8680918,-1,-1,-1
227,437,418.05045,334.4568,156.01273,115.38397,0.8146114,-1,-1,-1
227,449,965.5195,4.8137465,56.915405,31.857212,0.7893704,-1,-1,-1
227,387,583.7096,63.929176,79.152954,44.969467,0.7870671,-1,-1,-1
228,372,542.5135,135.04077,98.96893,58.404343,0.84069985,-1,-1,-1
228,373,24.29733,173.72865,110.66576,55.758347,0.8279351,-1,-1,-1
228,375,829.066,29.636475,59.63147,39.712532,0.81471443,-1,-1,-1
228,378,270.31738,178.31276,141.4833,60.947037,0.7743525,-1,-1,-1
228,382,715.48785,70.5551,73.715454,52.787506,0.8659289,-1,-1,-1
228,437,414.127,332.19128,154.98651,114.38602,0.8304964,-1,-1,-1
228,449,962.61,4.4566455,59.21167,32.353497,0.7901384,-1,-1,-1
228,387,582.3511,64.1758,78.269226,44.12722,0.7328288,-1,-1,-1
229,372,544.4266,133.53276,98.13739,57.50583,0.84197724,-1,-1,-1
229,373,24.251823,174.5115,112.72332,55.743317,0.8464671,-1,-1,-1
229,375,828.65607,28.204502,59.643555,39.95664,0.81903875,-1,-1,-1
229,378,273.71936,177.57631,142.42853,63.427185,0.8073936,-1,-1,-1
229,382,714.69006,69.037575,74.45422,53.996964,0.85601383,-1,-1,-1
229,437,409.73383,332.32953,152.98529,112.526306,0.81729144,-1,-1,-1
229,449,960.4535,4.1101594,59.785706,32.34786,0.8045559,-1,-1,-1
229,387,581.2818,63.921192,77.75311,44.040073,0.7383326,-1,-1,-1
230,372,546.1833,132.33826,96.81995,57.36946,0.85857224,-1,-1,-1
230,373,24.000065,174.8949,113.76672,56.459656,0.8546419,-1,-1,-1
230,375,828.4918,26.58994,59.17389,40.01881,0.8097821,-1,-1,-1
230,378,272.46588,178.05971,146.47482,62.196762,0.74967754,-1,-1,-1
230,382,715.7317,67.77587,73.69116,52.771706,0.86741436,-1,-1,-1
230,437,407.34833,330.79745,150.96649,112.052704,0.81219155,-1,-1,-1
230,449,957.55164,3.919354,60.071106,31.305397,0.80025727,-1,-1,-1
230,387,578.52026,63.806454,79.01959,45.893658,0.7286482,-1,-1,-1
231,372,547.6763,130.51596,95.43823,57.964767,0.8577766,-1,-1,-1
231,373,24.295273,175.2151,114.05359,57.006454,0.8629558,-1,-1,-1
231,375,828.1309,24.762764,59.067627,40.228737,0.80286187,-1,-1,-1
231,378,274.9576,177.82591,146.182,62.587265,0.7564517,-1,-1,-1
231,382,716.9985,67.6782,72.25104,50.762184,0.8611806,-1,-1,-1
231,437,404.2608,329.76358,150.36108,110.83029,0.79315805,-1,-1,-1
231,449,954.9664,3.456432,59.180847,31.459011,0.7937185,-1,-1,-1
231,387,576.89197,63.60839,78.810486,46.421623,0.661352,-1,-1,-1
231,383,574.8481,62.98446,83.650085,63.674774,0.33523545,-1,-1,-1
232,372,549.4659,129.06493,94.83777,57.824707,0.85239184,-1,-1,-1
232,373,24.888655,175.66895,114.65474,56.530853,0.8687154,-1,-1,-1
232,375,828.0279,23.256073,58.50525,40.31563,0.81407106,-1,-1,-1
232,378,279.41156,177.81392,142.93661,60.832535,0.7723592,-1,-1,-1
232,382,717.8376,67.211784,71.61218,49.04689,0.84087265,-1,-1,-1
232,437,400.05453,328.42316,148.62076,110.55258,0.80547637,-1,-1,-1
232,449,952.0493,2.8070955,59.49762,31.508224,0.8007027,-1,-1,-1
232,387,575.3834,63.233448,79.45386,47.568195,0.6651829,-1,-1,-1
232,451,468.64896,298.96292,324.28104,240.76627,0.6170625,-1,-1,-1
232,383,572.40137,62.39329,84.37091,64.35829,0.6786991,-1,-1,-1
233,372,551.54346,127.28405,93.53558,57.418556,0.8771924,-1,-1,-1
233,373,25.20498,176.15392,115.74035,57.747833,0.85916257,-1,-1,-1
233,375,828.1151,21.751282,57.833008,39.864033,0.8083888,-1,-1,-1
233,378,283.0809,176.93077,139.63116,62.687607,0.78537834,-1,-1,-1
233,382,717.9398,60.852795,71.73096,53.774075,0.8432084,-1,-1,-1
233,437,396.5711,325.36264,147.41382,110.894135,0.8168572,-1,-1,-1
233,449,949.5748,2.3875215,59.551453,31.57625,0.801643,-1,-1,-1
233,387,574.04,62.878323,78.724365,47.171185,0.7150231,-1,-1,-1
233,451,468.47104,300.30927,321.981,239.32709,0.65394205,-1,-1,-1
233,452,446.44635,331.87787,252.4436,207.87341,0.41018304,-1,-1,-1
234,372,552.57623,125.74662,92.77142,57.382195,0.8757751,-1,-1,-1
234,373,25.687956,176.72298,116.66373,58.438263,0.85961175,-1,-1,-1
234,375,828.31744,20.59895,57.20453,39.195118,0.8165356,-1,-1,-1
234,378,287.60678,176.08344,135.8493,63.868774,0.78517723,-1,-1,-1
234,382,719.57214,61.085293,69.90137,52.028416,0.84179705,-1,-1,-1
234,437,393.8916,323.74307,144.97247,109.62225,0.84131753,-1,-1,-1
234,449,947.1264,2.0846765,59.810913,31.438528,0.8029729,-1,-1,-1
234,387,572.9906,62.466682,77.56494,48.21733,0.81095713,-1,-1,-1
234,451,470.75262,302.58902,318.36926,237.1849,0.73042846,-1,-1,-1
234,452,443.8146,330.53043,256.52896,209.1445,0.37845618,-1,-1,-1
234,453,0.062440433,147.6753,29.924448,45.447037,0.421573,-1,-1,-1
235,372,553.3558,124.03026,91.49872,57.73575,0.8589115,-1,-1,-1
235,373,26.535934,177.55913,117.19037,58.20613,0.85908073,-1,-1,-1
235,375,828.0454,19.256336,56.634277,38.634155,0.8074476,-1,-1,-1
235,378,285.89035,176.02087,140.32565,62.951538,0.7444967,-1,-1,-1
235,382,719.598,59.90167,70.19122,51.640087,0.84465367,-1,-1,-1
235,437,390.68723,322.27423,142.18124,108.714966,0.83342427,-1,-1,-1
235,449,944.73157,2.008248,59.007446,30.760452,0.8011095,-1,-1,-1
235,387,571.45184,62.586075,77.38568,49.36055,0.7164426,-1,-1,-1
235,451,472.56494,302.2074,314.43286,237.64154,0.75263894,-1,-1,-1
235,452,460.72107,322.83368,243.5528,216.93787,0.30881768,-1,-1,-1
235,453,0.037660133,147.85829,27.450624,46.47458,0.5334634,-1,-1,-1
236,372,554.34973,121.936714,91.3949,58.008614,0.85398954,-1,-1,-1
236,373,27.855291,178.03319,118.01673,57.68454,0.8428646,-1,-1,-1
236,375,827.57697,17.93208,56.144775,37.924465,0.7971925,-1,-1,-1
236,378,289.82242,175.64714,138.52762,62.750565,0.7678031,-1,-1,-1
236,382,719.9548,58.659206,69.551025,51.04611,0.8443047,-1,-1,-1
236,437,386.57257,320.38855,141.0625,109.015076,0.8109813,-1,-1,-1
236,449,941.9688,1.9648321,57.565796,30.35168,0.80497605,-1,-1,-1
236,387,568.9211,62.44201,78.85126,48.87446,0.7754743,-1,-1,-1
236,451,462.16534,306.56952,309.98694,233.2652,0.66466606,-1,-1,-1
236,452,449.12732,324.45944,251.76642,215.30472,0.47112307,-1,-1,-1
236,453,0.03442651,151.89273,24.365894,42.20999,0.5965194,-1,-1,-1
237,372,555.1894,120.09082,91.15167,58.099503,0.85918313,-1,-1,-1
237,373,29.038586,178.76189,118.43811,57.430603,0.8554472,-1,-1,-1
237,375,826.87384,16.489555,56.62555,37.590027,0.81324124,-1,-1,-1
237,378,292.70575,175.34787,136.7327,63.407547,0.7418212,-1,-1,-1
237,382,719.95795,58.396057,69.737305,49.551376,0.8391796,-1,-1,-1
237,437,383.61035,319.36142,139.8999,108.07556,0.8159545,-1,-1,-1
237,449,939.36,1.681377,56.98163,30.295866,0.80548024,-1,-1,-1
237,387,566.2409,62.51828,79.64856,48.72444,0.79234123,-1,-1,-1
237,451,460.28943,308.7006,306.50537,231.17831,0.57092637,-1,-1,-1
237,452,449.22473,322.76346,252.10345,217.06503,0.3991469,-1,-1,-1
237,453,0.0,158.4953,21.65775,36.293106,0.5883492,-1,-1,-1
238,372,556.92065,118.2125,90.32892,58.441322,0.8568838,-1,-1,-1
238,373,30.355026,179.47289,117.837585,56.260788,0.85405946,-1,-1,-1
238,375,826.156,15.3595495,56.99414,37.19222,0.8202878,-1,-1,-1
238,378,294.61685,174.88611,135.19775,62.830383,0.75497234,-1,-1,-1
238,382,720.25214,56.649555,69.30444,49.691944,0.8521086,-1,-1,-1
238,437,379.7317,318.13654,138.11542,106.81952,0.8080129,-1,-1,-1
238,449,936.42554,1.581328,56.66931,30.424547,0.7975333,-1,-1,-1
238,387,564.29083,62.633217,80.0495,48.3459,0.7265992,-1,-1,-1
238,451,458.93793,308.28943,306.88385,231.57532,0.53591955,-1,-1,-1
238,452,451.84177,321.46524,249.66666,218.35587,0.3941717,-1,-1,-1
238,453,0.031425186,159.36029,19.839632,36.47705,0.49977148,-1,-1,-1
239,372,559.045,116.98608,88.46179,57.838066,0.85858035,-1,-1,-1
239,373,31.675253,179.88489,117.77192,56.690506,0.82779026,-1,-1,-1
239,375,825.7816,14.327443,55.988342,36.667915,0.8217548,-1,-1,-1
239,378,297.25165,173.49292,137.71082,64.40791,0.77464634,-1,-1,-1
239,382,720.90283,55.686043,69.101135,48.623314,0.8430993,-1,-1,-1
239,437,375.17828,314.98505,138.42365,107.87198,0.7510411,-1,-1,-1
239,449,933.80835,1.215997,56.34027,30.73604,0.78778565,-1,-1,-1
239,387,562.90063,62.468624,79.27374,48.718716,0.7795717,-1,-1,-1
239,451,470.35815,297.4056,299.40173,242.50851,0.28422198,-1,-1,-1
239,452,458.25156,318.49353,244.51834,221.35986,0.39908823,-1,-1,-1
239,453,0.0,155.79034,17.139568,40.41086,0.45527738,-1,-1,-1
240,372,560.4744,116.22348,88.48584,57.007675,0.85818946,-1,-1,-1
240,373,32.672726,181.06892,118.66116,57.04361,0.82792366,-1,-1,-1
240,375,825.379,13.362253,56.080383,36.15605,0.802816,-1,-1,-1
240,378,298.91016,173.23529,139.12827,63.05977,0.79078823,-1,-1,-1
240,382,721.2702,53.68009,68.70526,49.148346,0.8363595,-1,-1,-1
240,437,372.04843,315.32928,138.768,105.432526,0.7942028,-1,-1,-1
240,449,931.3613,0.8940932,55.267273,30.109697,0.7951857,-1,-1,-1
240,387,560.8685,62.401073,79.4751,49.36099,0.8192192,-1,-1,-1
240,452,454.8271,318.64804,247.25415,221.32834,0.39836743,-1,-1,-1
240,453,0.0,154.5792,14.46328,43.535202,0.33316422,-1,-1,-1
241,372,562.20917,114.75511,87.59662,56.862137,0.850882,-1,-1,-1
241,373,33.821003,181.67493,119.13034,57.06169,0.8237929,-1,-1,-1
241,375,824.73694,11.751276,56.23114,36.535995,0.80891067,-1,-1,-1
241,378,298.79193,173.70168,141.0859,61.86882,0.76413757,-1,-1,-1
241,382,721.956,53.896137,67.87164,47.33431,0.82680875,-1,-1,-1
241,437,368.3095,313.21527,137.25952,105.452576,0.77847505,-1,-1,-1
241,449,928.32336,0.27374908,56.108643,31.154938,0.7752916,-1,-1,-1
241,387,559.88586,62.011482,78.15527,50.340424,0.8263139,-1,-1,-1
241,452,453.13922,319.8325,249.30914,220.05301,0.3990565,-1,-1,-1
242,372,564.2357,113.59991,85.84003,56.247276,0.86130273,-1,-1,-1
242,373,34.60194,182.31577,120.630264,56.473465,0.84648305,-1,-1,-1
242,375,824.393,10.537093,56.406494,36.541267,0.80679166,-1,-1,-1
242,378,299.099,172.91968,143.2727,64.127686,0.76871896,-1,-1,-1
242,382,722.373,51.673317,67.64557,48.134117,0.8367144,-1,-1,-1
242,437,362.99133,311.9516,139.05734,104.994415,0.76270586,-1,-1,-1
242,449,926.0211,0.06980465,55.652283,30.787807,0.7922055,-1,-1,-1
242,387,557.6889,62.088726,79.00574,50.70731,0.80976635,-1,-1,-1
242,452,450.49777,318.7018,251.75131,221.17453,0.4124296,-1,-1,-1
243,372,565.4051,112.36585,84.987305,55.73487,0.85109866,-1,-1,-1
243,373,34.938328,182.67686,121.91725,55.90457,0.841101,-1,-1,-1
243,375,824.1183,9.224244,56.239807,36.429867,0.7820595,-1,-1,-1
243,378,302.9806,172.40292,140.55731,64.94342,0.7789877,-1,-1,-1
243,382,723.45074,47.651745,67.16547,50.797665,0.8369303,-1,-1,-1
243,437,359.13834,311.5932,139.47263,104.04874,0.8078817,-1,-1,-1
243,449,923.37146,0.0,56.237305,31.020557,0.7717629,-1,-1,-1
243,387,555.11487,61.902992,81.20441,52.645576,0.8261614,-1,-1,-1
243,452,451.53677,316.32312,250.01816,223.51868,0.5159791,-1,-1,-1
244,372,566.7559,110.84086,84.54852,55.273567,0.85292953,-1,-1,-1
244,373,35.841583,183.18925,122.39592,55.478348,0.81735194,-1,-1,-1
244,375,823.6921,8.272487,55.917664,35.68517,0.76059246,-1,-1,-1
244,378,303.6151,171.92938,141.34366,64.93921,0.7779905,-1,-1,-1
244,382,723.4406,44.6883,67.32593,51.95655,0.8520634,-1,-1,-1
244,437,355.4408,311.1543,136.76831,103.28546,0.8014936,-1,-1,-1
244,449,921.69,0.0,55.79956,30.868774,0.6264983,-1,-1,-1
244,387,553.5768,61.860558,81.06433,51.530212,0.80302525,-1,-1,-1
244,452,451.251,316.04126,251.63138,223.91254,0.60407853,-1,-1,-1
244,451,391.2416,329.59955,311.94156,210.13965,0.41130185,-1,-1,-1
245,372,567.4698,108.86636,83.94501,55.353867,0.8460099,-1,-1,-1
245,373,37.107944,184.25935,123.72615,54.855423,0.84204185,-1,-1,-1
245,375,823.3344,6.8454885,56.176758,35.65968,0.618923,-1,-1,-1
245,378,306.99133,171.49588,140.8895,63.581573,0.73913807,-1,-1,-1
245,382,723.65967,44.569267,67.69977,50.217377,0.84386694,-1,-1,-1
245,437,351.92776,310.01727,137.07803,103.13281,0.7894238,-1,-1,-1
245,449,918.6728,0.0,55.63971,30.57822,0.46137613,-1,-1,-1
245,387,550.7788,61.968903,82.78021,51.079758,0.7767868,-1,-1,-1
245,452,454.1754,316.45422,244.48071,223.4383,0.7011273,-1,-1,-1
245,451,385.0362,332.59818,312.3817,207.16476,0.43846792,-1,-1,-1
246,372,568.55646,107.44001,83.8512,55.36228,0.8509604,-1,-1,-1
246,373,38.47667,184.03235,124.34866,55.4673,0.846864,-1,-1,-1
246,375,823.0019,2.97611,57.93225,38.43415,0.36247912,-1,-1,-1
246,378,323.12372,171.77617,128.43341,59.922165,0.7204991,-1,-1,-1
246,382,723.94336,43.495796,67.77496,49.902565,0.8327606,-1,-1,-1
246,437,347.5078,308.0215,139.30301,103.54343,0.7850709,-1,-1,-1
246,449,915.97626,0.0,54.97516,30.19425,0.35252148,-1,-1,-1
246,387,549.4458,61.60556,81.60797,50.376167,0.82694966,-1,-1,-1
246,452,462.0389,316.48355,240.52939,223.39975,0.77605313,-1,-1,-1
246,451,363.5975,349.35233,314.87833,190.40231,0.37720916,-1,-1,-1
247,372,569.1862,106.51608,84.37506,54.6846,0.8565304,-1,-1,-1
247,373,38.937553,184.81938,125.36866,55.484467,0.8087318,-1,-1,-1
247,375,822.43945,0.68807787,59.31964,39.59108,0.5983984,-1,-1,-1
247,378,331.53842,171.64326,121.849945,58.148834,0.71541524,-1,-1,-1
247,382,724.7791,42.051525,67.06787,49.749622,0.8609906,-1,-1,-1
247,437,344.4873,306.83978,137.17514,102.83942,0.8222426,-1,-1,-1
247,449,913.393,0.0,54.77417,29.372557,0.7250471,-1,-1,-1
247,387,547.524,61.514088,80.70056,49.627262,0.8130645,-1,-1,-1
247,452,456.50735,317.01184,238.27835,222.84814,0.7308048,-1,-1,-1
248,372,570.1905,105.341225,83.46069,53.970924,0.8564104,-1,-1,-1
248,373,40.026592,184.95139,126.56366,55.642242,0.8073236,-1,-1,-1
248,375,822.2717,0.0,60.552856,38.84223,0.66700786,-1,-1,-1
248,378,318.3974,170.8383,136.22025,61.343735,0.73089695,-1,-1,-1
248,382,725.2605,41.8443,66.03461,48.211906,0.8567078,-1,-1,-1
248,437,341.25644,305.5613,136.0846,102.421326,0.799777,-1,-1,-1
248,449,911.0252,0.0,55.0744,29.077864,0.7418227,-1,-1,-1
248,387,546.285,61.446655,78.260315,49.84391,0.81589735,-1,-1,-1
248,452,451.80368,315.91388,242.87527,223.98187,0.66452396,-1,-1,-1
248,451,363.1306,349.94583,325.5064,190.05417,0.26960787,-1,-1,-1
249,372,571.72546,103.430695,81.67023,53.885574,0.85033953,-1,-1,-1
249,373,42.865524,185.43236,124.71797,55.789017,0.82273513,-1,-1,-1
249,375,821.64954,0.0,59.88922,37.459267,0.6587791,-1,-1,-1
249,378,317.83282,170.06303,137.69858,62.509674,0.6946489,-1,-1,-1
249,382,726.3709,41.038696,65.30774,47.297356,0.8589244,-1,-1,-1
249,437,336.92047,304.57654,137.39108,100.47153,0.80998224,-1,-1,-1
249,449,908.8628,0.0,55.50763,28.873352,0.73546576,-1,-1,-1
249,387,544.7429,61.36545,79.00244,50.79157,0.82619065,-1,-1,-1
249,452,449.58868,315.13306,243.75104,224.7862,0.6414678,-1,-1,-1
249,455,641.8272,457.74094,143.49823,81.95004,0.47124365,-1,-1,-1
250,372,573.13324,101.60266,80.43982,54.05629,0.8538658,-1,-1,-1
250,373,44.91056,186.90005,124.01876,54.938858,0.8263262,-1,-1,-1
250,375,819.9157,0.0,58.761597,36.5291,0.6794438,-1,-1,-1
250,378,318.9076,169.73625,138.85028,62.95349,0.7147824,-1,-1,-1
250,382,726.27484,41.620403,65.670105,45.368587,0.8500834,-1,-1,-1
250,437,333.1593,302.92917,136.823,101.18591,0.82546735,-1,-1,-1
250,449,906.049,0.0,56.046265,28.641699,0.7123088,-1,-1,-1
250,387,542.63,61.63818,80.277954,50.961124,0.82856363,-1,-1,-1
250,452,445.90857,312.52527,246.33307,227.35852,0.49825764,-1,-1,-1
250,455,632.9825,451.8598,143.89612,87.677,0.5476793,-1,-1,-1
250,456,353.75626,170.22897,104.97922,58.457703,0.5213234,-1,-1,-1
251,372,574.6011,99.254456,79.955505,55.03305,0.86069626,-1,-1,-1
251,373,46.423763,187.614,123.72368,54.745087,0.82701635,-1,-1,-1
251,375,819.1088,0.0,59.007996,35.091747,0.7265937,-1,-1,-1
251,382,727.13715,40.384766,64.8103,45.04283,0.8436943,-1,-1,-1
251,437,329.9587,301.83957,135.24918,101.019775,0.8190385,-1,-1,-1
251,449,903.06805,0.039379083,55.703674,28.636896,0.6790405,-1,-1,-1
251,387,540.40765,61.62718,80.1994,52.1039,0.8201622,-1,-1,-1
251,452,442.56656,311.16165,247.16434,228.6912,0.44008592,-1,-1,-1
251,455,629.0861,447.45428,139.70319,92.156494,0.53985137,-1,-1,-1
251,456,346.66617,169.69795,112.59714,60.605087,0.6178887,-1,-1,-1
252,372,575.92804,97.26704,79.770386,55.495415,0.85002977,-1,-1,-1
252,373,47.58366,187.76808,125.00568,55.545593,0.8203295,-1,-1,-1
252,375,817.97986,0.0,60.118103,33.822556,0.7589061,-1,-1,-1
252,382,727.5235,38.45776,65.06958,45.209713,0.85447115,-1,-1,-1
252,437,325.63712,300.97958,136.17996,100.45755,0.7919169,-1,-1,-1
252,449,900.4292,0.016196933,55.39087,27.874813,0.74609345,-1,-1,-1
252,387,537.44806,61.49556,80.90204,51.802124,0.8228204,-1,-1,-1
252,452,429.78622,311.1719,251.89212,228.68442,0.35972387,-1,-1,-1
252,455,619.19904,444.57147,141.1474,94.89014,0.6425107,-1,-1,-1
252,378,320.77762,168.08105,143.98813,63.766754,0.68714225,-1,-1,-1
253,372,577.1344,96.31425,78.71124,54.88688,0.8459238,-1,-1,-1
253,373,48.337452,188.04468,125.93872,55.49324,0.79179645,-1,-1,-1
253,375,817.6744,0.0,59.759583,32.464184,0.78468907,-1,-1,-1
253,382,727.58014,36.594536,65.18451,45.33104,0.85069466,-1,-1,-1
253,437,321.38974,300.39194,136.38947,99.97742,0.8178846,-1,-1,-1
253,449,897.6693,0.0,55.579407,27.349173,0.76753175,-1,-1,-1
253,387,535.19727,61.742012,80.6734,49.78589,0.8149772,-1,-1,-1
253,455,610.4528,443.2139,145.02124,95.98068,0.6619826,-1,-1,-1
253,378,326.90353,167.22856,138.90564,63.047302,0.78419524,-1,-1,-1
254,372,578.3945,95.11305,79.1568,54.697754,0.84718347,-1,-1,-1
254,373,48.368908,187.47662,128.26547,56.607468,0.83421797,-1,-1,-1
254,375,817.2297,0.0,58.2677,31.24744,0.7756348,-1,-1,-1
254,382,727.6056,33.709637,65.736206,47.005825,0.82240593,-1,-1,-1
254,437,317.809,299.79022,135.51315,99.01282,0.8298516,-1,-1,-1
254,449,895.2367,0.0022032121,55.72406,27.047699,0.7242715,-1,-1,-1
254,387,534.07764,61.909172,78.78363,48.423576,0.8093373,-1,-1,-1
254,455,602.8808,441.57465,151.81,95.95227,0.7183195,-1,-1,-1
254,378,330.23038,166.801,137.35355,62.492737,0.7782141,-1,-1,-1
255,372,579.18774,93.64464,78.84247,53.965546,0.8593832,-1,-1,-1
255,373,51.45325,189.61424,126.30809,54.035904,0.80289006,-1,-1,-1
255,375,817.1354,0.0,56.04315,29.974699,0.7491731,-1,-1,-1
255,382,727.789,32.340946,65.68085,46.94817,0.8340418,-1,-1,-1
255,437,314.17923,299.26434,135.53403,97.66159,0.8199459,-1,-1,-1
255,449,892.7778,0.060909815,54.977478,26.67895,0.67668414,-1,-1,-1
255,387,533.83673,61.506203,77.35382,50.683853,0.78213525,-1,-1,-1
255,455,594.1079,438.7778,157.83783,97.7897,0.55964166,-1,-1,-1
255,378,334.93054,166.35466,133.59775,61.932632,0.8323392,-1,-1,-1
256,372,580.43756,92.01229,78.548035,53.483665,0.8534553,-1,-1,-1
256,373,54.38542,190.48718,124.60806,53.560013,0.8611848,-1,-1,-1
256,375,817.0317,0.0,53.811096,28.453821,0.69894266,-1,-1,-1
256,382,728.20337,32.289886,65.169495,45.211586,0.8595249,-1,-1,-1
256,437,310.1789,297.999,135.974,97.97586,0.80426484,-1,-1,-1
256,449,890.2676,0.035332393,54.37433,25.997503,0.7283371,-1,-1,-1
256,387,532.22925,61.675766,77.66095,50.67301,0.8105477,-1,-1,-1
256,455,585.4904,434.05536,165.2232,102.385254,0.5266209,-1,-1,-1
256,378,338.20297,166.21516,132.56702,61.610153,0.7794091,-1,-1,-1
257,372,581.124,89.54307,78.5542,54.2116,0.84881127,-1,-1,-1
257,373,55.40407,190.5776,125.6436,53.119354,0.86776716,-1,-1,-1
257,375,816.10376,0.0,52.27472,27.21717,0.7136527,-1,-1,-1
257,382,728.50415,33.609463,63.42328,42.260433,0.8582302,-1,-1,-1
257,437,306.9333,297.1187,134.48526,97.5921,0.82185096,-1,-1,-1
257,449,887.9474,0.06509665,54.724304,25.765776,0.7168876,-1,-1,-1
257,387,529.8254,61.79803,78.43677,50.891422,0.7757936,-1,-1,-1
257,455,579.5106,431.58234,169.22113,103.11542,0.532229,-1,-1,-1
257,378,339.24588,165.40286,135.53552,62.116684,0.77768886,-1,-1,-1
258,372,582.0332,87.32853,77.795654,54.452797,0.846032,-1,-1,-1
258,373,57.339394,191.085,125.616646,52.6716,0.87078637,-1,-1,-1
258,375,815.50543,0.0,51.119812,25.96316,0.7018408,-1,-1,-1
258,382,727.5408,31.67313,65.10748,43.11768,0.83006084,-1,-1,-1
258,437,303.8486,295.8425,132.72128,97.76056,0.8069991,-1,-1,-1
258,449,885.7529,0.03364302,54.98761,24.702316,0.7495006,-1,-1,-1
258,387,527.8273,61.47272,78.84454,49.811802,0.7939675,-1,-1,-1
258,455,572.06305,428.14578,172.13269,106.12601,0.6677031,-1,-1,-1
258,378,341.53983,165.13559,134.66055,62.381516,0.8209583,-1,-1,-1
259,372,583.3019,85.47282,76.17096,54.513252,0.85224766,-1,-1,-1
259,373,58.662956,191.35106,125.41735,53.472992,0.8611383,-1,-1,-1
259,375,814.9312,0.0,49.754517,24.89135,0.67718136,-1,-1,-1
259,382,727.49945,32.305077,64.76819,40.888733,0.81761605,-1,-1,-1
259,437,299.79688,295.36795,133.50009,96.31592,0.81294495,-1,-1,-1
259,449,883.6354,0.036935948,55.32544,24.59495,0.6199837,-1,-1,-1
259,387,525.98566,61.69053,78.34558,48.583626,0.7786848,-1,-1,-1
259,455,564.14655,425.0454,174.0069,110.08411,0.6841342,-1,-1,-1
259,378,343.9048,164.68164,134.45145,61.911728,0.8243093,-1,-1,-1
260,372,585.0091,84.205826,74.10278,53.95482,0.8437247,-1,-1,-1
260,373,59.166817,190.54251,126.63477,54.780716,0.84844834,-1,-1,-1
260,375,814.2837,0.0,48.770874,23.935383,0.65486413,-1,-1,-1
260,382,728.4499,28.469713,64.54468,43.40409,0.84448177,-1,-1,-1
260,437,296.29886,294.4657,133.35095,95.57425,0.84567595,-1,-1,-1
260,449,880.90204,0.0,55.720093,24.184118,0.63788885,-1,-1,-1
260,387,523.11847,61.594856,79.88367,49.111496,0.7866321,-1,-1,-1
260,455,554.03156,422.28116,178.83112,113.93088,0.42328504,-1,-1,-1
260,378,347.2636,163.85684,132.14355,62.387817,0.8100223,-1,-1,-1
261,372,586.12897,83.477585,73.36084,53.11075,0.8467327,-1,-1,-1
261,373,59.54965,190.33522,128.22362,55.453552,0.82366484,-1,-1,-1
261,375,813.05457,0.0,47.117737,22.562614,0.5829604,-1,-1,-1
261,382,729.0352,26.234787,64.29114,43.76426,0.82638586,-1,-1,-1
261,437,293.59528,294.08234,132.17587,94.64734,0.8335929,-1,-1,-1
261,449,878.9659,0.012920044,54.15692,23.275734,0.58215654,-1,-1,-1
261,387,522.2569,61.97698,78.38367,47.694065,0.7858708,-1,-1,-1
261,455,544.6917,420.3502,183.63141,116.01828,0.46310785,-1,-1,-1
261,378,351.3202,163.17746,128.31686,62.559387,0.8057433,-1,-1,-1
262,372,586.7935,81.40236,73.05182,53.06523,0.85106933,-1,-1,-1
262,373,60.99665,190.3301,129.0047,56.137054,0.82562864,-1,-1,-1
262,375,811.815,0.0,48.216675,22.111898,0.48732466,-1,-1,-1
262,382,729.4437,24.160831,64.19232,44.158314,0.8169039,-1,-1,-1
262,437,289.54828,293.50064,133.99796,94.38315,0.815959,-1,-1,-1
262,449,876.8479,0.017809428,54.395325,23.506184,0.5021957,-1,-1,-1
262,387,521.08057,61.382175,78.24396,49.597927,0.7494561,-1,-1,-1
262,455,533.29767,415.68488,185.02014,120.4256,0.62167346,-1,-1,-1
262,378,353.28253,161.79796,130.22778,62.433945,0.79423475,-1,-1,-1
263,372,587.7866,79.46052,72.81476,53.09469,0.8711784,-1,-1,-1
263,373,65.13356,190.81638,126.44946,55.816467,0.8341884,-1,-1,-1
263,382,729.41504,23.998926,64.18652,42.594955,0.83663154,-1,-1,-1
263,437,285.25223,292.11047,134.98871,95.00668,0.8256304,-1,-1,-1
263,449,874.7137,0.058334887,54.51709,23.187677,0.42586973,-1,-1,-1
263,387,519.4969,61.42757,77.65192,52.68703,0.76476055,-1,-1,-1
263,455,525.62634,412.55954,185.05298,122.93814,0.49487108,-1,-1,-1
263,378,355.6832,160.52928,130.4143,62.541855,0.81170154,-1,-1,-1
264,372,588.7337,78.18629,72.40454,52.621117,0.8630013,-1,-1,-1
264,373,67.67162,190.9883,127.47065,55.56772,0.8410268,-1,-1,-1
264,382,729.2465,24.952427,64.021484,39.711666,0.8121761,-1,-1,-1
264,437,281.35025,291.20685,133.40448,95.14249,0.8319847,-1,-1,-1
264,387,518.0711,61.448742,77.12335,49.041195,0.6786078,-1,-1,-1
264,455,523.38226,411.2037,183.94525,125.1597,0.3019762,-1,-1,-1
264,378,357.5387,159.68529,131.48276,62.05075,0.83145624,-1,-1,-1
264,383,515.6835,60.686302,80.45404,66.42484,0.7841461,-1,-1,-1
265,372,590.0285,76.415215,71.20636,52.66883,0.87185764,-1,-1,-1
265,373,69.7013,191.14482,126.48109,55.947617,0.84499335,-1,-1,-1
265,382,730.06146,22.669737,63.084656,40.684723,0.8060804,-1,-1,-1
265,437,278.09497,291.82693,133.61655,93.62509,0.8491892,-1,-1,-1
265,387,516.289,61.734497,76.801636,47.350624,0.7788844,-1,-1,-1
265,378,359.90506,159.12868,130.57861,61.433914,0.838868,-1,-1,-1
266,372,591.1699,74.829994,70.29883,52.389297,0.8677404,-1,-1,-1
266,373,71.949844,190.9482,126.32532,56.49626,0.8351296,-1,-1,-1
266,382,729.88727,19.93392,63.27655,41.833267,0.8186027,-1,-1,-1
266,437,273.76422,291.00677,134.39328,92.89758,0.8189127,-1,-1,-1
266,387,514.3308,61.8492,76.73157,46.3987,0.7738427,-1,-1,-1
266,378,363.70877,158.6965,127.41406,61.045837,0.8410681,-1,-1,-1
266,455,505.76965,401.4016,186.60791,133.28918,0.40536827,-1,-1,-1
267,372,592.05066,71.90674,69.49664,53.371864,0.8668002,-1,-1,-1
267,373,74.30948,190.85057,126.98428,56.519196,0.8044278,-1,-1,-1
267,382,730.11456,19.75999,63.07953,40.65167,0.8211385,-1,-1,-1
267,437,270.6706,289.2599,133.84732,93.46332,0.84196717,-1,-1,-1
267,387,512.9203,61.92115,76.07526,46.520927,0.75397116,-1,-1,-1
267,378,367.35297,158.36128,126.003265,59.826736,0.8478185,-1,-1,-1
267,455,503.30493,400.14786,185.01166,133.8779,0.29710734,-1,-1,-1
268,372,594.22906,71.18879,68.35687,52.490974,0.84645057,-1,-1,-1
268,373,78.8085,191.09796,125.26845,55.64528,0.8139806,-1,-1,-1
268,382,731.2831,18.219967,62.69275,40.950188,0.8208652,-1,-1,-1
268,437,267.80612,287.69473,132.46762,93.568634,0.8315542,-1,-1,-1
268,387,510.99686,61.246292,77.082794,48.32644,0.75915843,-1,-1,-1
268,378,371.0653,157.76544,124.780945,59.237457,0.8201264,-1,-1,-1
269,372,595.5837,69.868576,67.881714,51.97785,0.84815675,-1,-1,-1
269,373,81.23773,190.79231,125.84038,55.783997,0.849047,-1,-1,-1
269,382,732.55896,16.5093,61.501343,41.687267,0.8237454,-1,-1,-1
269,437,264.9165,286.88184,132.50647,92.72012,0.8201588,-1,-1,-1
269,387,510.1392,61.310337,75.71591,47.109386,0.74705464,-1,-1,-1
269,378,372.78372,156.12239,127.06299,60.15294,0.83990026,-1,-1,-1
269,462,926.5873,423.54742,96.93005,99.61694,0.50140655,-1,-1,-1
269,455,478.71588,399.3045,196.44714,132.14203,0.36195192,-1,-1,-1
270,372,597.0651,68.883415,67.99756,50.85914,0.8473409,-1,-1,-1
270,373,84.447266,191.35542,125.16809,55.62358,0.85041195,-1,-1,-1
270,382,733.1126,13.932778,61.84857,42.738705,0.81382495,-1,-1,-1
270,437,261.80435,285.2315,132.73831,92.36923,0.8150309,-1,-1,-1
270,387,509.27383,61.07776,74.190765,46.704155,0.7692596,-1,-1,-1
270,378,376.22028,154.63396,127.13266,61.106857,0.8294747,-1,-1,-1
270,462,914.8633,417.30795,108.34863,100.938385,0.44570246,-1,-1,-1
270,455,469.34906,395.84973,189.5354,128.54437,0.41435304,-1,-1,-1
271,372,598.62604,67.64025,67.87616,50.619682,0.853737,-1,-1,-1
271,373,86.64957,191.03603,126.00369,55.929,0.82446414,-1,-1,-1
271,382,734.8191,12.716492,61.44995,42.71481,0.8264462,-1,-1,-1
271,437,259.33618,284.0356,131.65057,92.336945,0.8446389,-1,-1,-1
271,387,508.85306,60.719902,73.821075,47.401184,0.7643348,-1,-1,-1
271,378,380.3208,153.44116,128.61234,61.101685,0.8011053,-1,-1,-1
271,462,901.3495,411.61954,122.01788,103.75241,0.35655934,-1,-1,-1
271,455,466.36996,397.24173,194.22049,129.25461,0.43718538,-1,-1,-1
272,372,600.4054,66.62802,67.42267,50.413673,0.8421472,-1,-1,-1
272,373,92.530815,191.07123,123.55216,55.473724,0.82280844,-1,-1,-1
272,382,736.9642,10.430154,60.00836,43.625862,0.8261703,-1,-1,-1
272,437,257.36533,283.8763,130.03632,91.213104,0.84053904,-1,-1,-1
272,387,507.31018,60.766735,75.453064,47.888493,0.6768815,-1,-1,-1
272,378,384.20215,153.03406,127.509155,57.821457,0.79009444,-1,-1,-1
272,462,887.2936,412.64008,136.20319,101.1391,0.4995103,-1,-1,-1
272,455,463.88,395.92947,193.40692,129.73788,0.45241898,-1,-1,-1
273,372,602.76025,64.84393,66.55505,50.55136,0.8527108,-1,-1,-1
273,373,95.09833,190.63179,124.09927,55.119247,0.834661,-1,-1,-1
273,382,738.8213,10.577681,58.88733,41.915565,0.83184016,-1,-1,-1
273,437,254.5046,283.02325,130.82448,91.13449,0.83811486,-1,-1,-1
273,387,507.47574,60.902378,74.37961,46.985966,0.59901905,-1,-1,-1
273,378,387.58444,152.34872,126.68356,57.13011,0.793329,-1,-1,-1
273,462,869.3724,404.32547,154.27533,106.71765,0.26166868,-1,-1,-1
273,455,460.72083,395.0376,192.85077,129.66345,0.461257,-1,-1,-1
273,468,507.07803,60.94867,76.39798,66.531364,0.72237116,-1,-1,-1
274,372,605.26996,63.176125,65.56317,50.364403,0.8633941,-1,-1,-1
274,373,98.79019,190.56519,123.96222,55.447357,0.81626993,-1,-1,-1
274,382,739.4125,11.306165,57.81201,39.70022,0.81653446,-1,-1,-1
274,437,252.10287,280.865,128.56375,92.248474,0.8325677,-1,-1,-1
274,378,392.47073,150.76717,123.80295,57.798172,0.78938305,-1,-1,-1
274,462,858.9907,401.22687,164.94403,110.100494,0.40463126,-1,-1,-1
274,455,456.14285,392.49356,193.1647,129.85757,0.35897946,-1,-1,-1
274,468,506.4458,60.56179,78.40161,66.02694,0.7621624,-1,-1,-1
275,372,606.7615,61.881157,65.361084,50.45118,0.8679104,-1,-1,-1
275,373,102.809586,190.6845,123.94835,54.314713,0.803426,-1,-1,-1
275,382,741.33374,10.614646,56.240845,39.181187,0.8207182,-1,-1,-1
275,437,248.70312,280.95422,129.18823,91.176575,0.84036523,-1,-1,-1
275,378,395.12024,149.62782,126.117004,58.992004,0.77574134,-1,-1,-1
275,462,849.6944,396.0494,174.22028,112.33438,0.4078899,-1,-1,-1
275,455,452.3346,390.77997,193.93445,129.80157,0.4261173,-1,-1,-1
275,468,507.04132,60.790417,78.480774,70.584595,0.7111789,-1,-1,-1
275,470,850.28326,394.9572,172.27295,109.904144,0.37364167,-1,-1,-1
275,387,507.93286,60.928806,73.474365,51.026165,0.3966121,-1,-1,-1
276,372,608.2288,60.98719,64.815,50.301224,0.86170626,-1,-1,-1
276,373,108.44422,190.83345,122.19497,53.77986,0.8419643,-1,-1,-1
276,382,742.17505,8.901869,56.966125,39.576653,0.8492481,-1,-1,-1
276,437,245.9528,281.22247,128.92091,89.82608,0.846429,-1,-1,-1
276,378,398.94287,148.29182,123.963135,59.302628,0.7942774,-1,-1,-1
276,462,838.11914,393.20728,185.78857,109.1824,0.2847698,-1,-1,-1
276,455,447.4175,390.5085,195.92929,128.8378,0.3281124,-1,-1,-1
276,468,506.02048,61.10667,77.88974,70.40132,0.71490645,-1,-1,-1
276,470,838.0196,393.25555,179.01831,109.22354,0.3990632,-1,-1,-1
277,372,609.54846,59.39285,64.44617,50.404255,0.8549836,-1,-1,-1
277,373,111.45855,190.98476,122.588646,53.092957,0.84426934,-1,-1,-1
277,382,743.3966,7.4579067,58.151794,39.789436,0.846037,-1,-1,-1
277,437,242.00859,281.5698,131.03065,87.9819,0.84781045,-1,-1,-1
277,378,403.5829,147.70973,121.68793,57.820526,0.80831707,-1,-1,-1
277,462,824.58966,390.07727,199.33429,110.69031,0.27884054,-1,-1,-1
277,455,443.00348,388.14044,196.6341,130.6867,0.37941623,-1,-1,-1
277,470,823.92035,387.61258,183.66156,109.49783,0.57730526,-1,-1,-1
277,387,506.72687,61.427147,73.97821,58.684334,0.74292946,-1,-1,-1
278,372,610.6109,57.462593,65.17572,49.87294,0.84298813,-1,-1,-1
278,373,114.79465,190.57945,121.954834,52.500046,0.79542637,-1,-1,-1
278,382,744.6305,6.9650307,57.695312,39.17708,0.81635034,-1,-1,-1
278,437,239.22128,278.44565,130.89008,89.52884,0.82964545,-1,-1,-1
278,378,408.07938,146.74564,119.77109,59.549118,0.82360506,-1,-1,-1
278,462,810.5521,383.42508,213.39459,114.58649,0.33737865,-1,-1,-1
278,455,440.3125,386.9529,195.20386,132.98459,0.4146941,-1,-1,-1
278,470,811.18225,381.40146,181.08868,109.48895,0.3734541,-1,-1,-1
278,387,506.67273,61.335976,73.56317,60.139175,0.7122756,-1,-1,-1
279,372,613.2545,56.408436,64.17407,48.490086,0.8530117,-1,-1,-1
279,373,117.72039,190.95056,122.37742,51.758453,0.8247006,-1,-1,-1
279,382,746.4342,6.9213495,56.742065,38.036983,0.8151486,-1,-1,-1
279,437,235.80418,275.6306,130.26616,90.00586,0.831625,-1,-1,-1
279,378,411.5716,145.7402,120.23181,59.574432,0.8336381,-1,-1,-1
279,455,437.10464,385.4441,194.6774,133.88959,0.41412303,-1,-1,-1
279,470,800.4825,375.40363,185.09637,111.77423,0.7359713,-1,-1,-1
279,387,506.1687,61.307632,72.92682,61.193024,0.66266644,-1,-1,-1
280,372,614.65845,54.419144,64.9906,48.224915,0.8491548,-1,-1,-1
280,373,118.41975,189.00932,124.48307,53.356094,0.8020955,-1,-1,-1
280,382,747.8835,5.9525332,55.779236,37.576233,0.8261253,-1,-1,-1
280,437,233.58081,274.4627,128.04709,89.217255,0.8328844,-1,-1,-1
280,378,415.861,144.92569,118.804474,59.669556,0.84223944,-1,-1,-1
280,455,434.1335,385.88065,192.56436,130.76303,0.39828324,-1,-1,-1
280,470,789.83307,369.6633,185.48853,113.21747,0.70445186,-1,-1,-1
280,387,504.83972,61.510708,73.27954,60.282124,0.7004856,-1,-1,-1
281,372,616.56635,53.439186,64.28259,46.479965,0.821753,-1,-1,-1
281,373,122.72828,187.95811,123.12034,54.349518,0.8005973,-1,-1,-1
281,382,749.2364,5.0429,55.63556,36.79283,0.8214249,-1,-1,-1
281,437,230.21428,273.47073,128.86958,89.15823,0.8343337,-1,-1,-1
281,378,418.74255,143.77835,119.70001,59.97293,0.85751784,-1,-1,-1
281,455,429.89853,378.6502,193.35861,137.05914,0.26890805,-1,-1,-1
281,470,777.7999,365.0561,185.0813,111.673584,0.66728616,-1,-1,-1
281,387,504.29056,61.30689,72.353,60.18202,0.5649795,-1,-1,-1
282,372,618.0859,51.854717,64.74579,46.250973,0.8340899,-1,-1,-1
282,373,123.904526,187.20638,127.20656,54.68576,0.7895776,-1,-1,-1
282,382,749.87427,3.4619358,57.163025,36.687477,0.84135634,-1,-1,-1
282,437,227.49329,272.87875,129.48999,88.42081,0.83883715,-1,-1,-1
282,378,422.34534,142.56128,118.77771,59.735504,0.84197086,-1,-1,-1
282,455,425.7014,375.01013,195.15701,137.10687,0.3240386,-1,-1,-1
282,470,768.2008,361.68118,185.72815,113.539276,0.5929564,-1,-1,-1
282,387,504.69125,61.121773,71.73801,59.415802,0.64056623,-1,-1,-1
283,372,619.87897,50.67355,64.333435,46.42587,0.8407042,-1,-1,-1
283,373,127.807884,186.74257,126.15565,56.66487,0.8161997,-1,-1,-1
283,382,751.2332,3.4546704,56.06006,35.15534,0.8524637,-1,-1,-1
283,437,225.24649,271.3424,127.167786,89.13446,0.8297331,-1,-1,-1
283,378,425.43616,141.43004,118.05768,57.92221,0.8220767,-1,-1,-1
283,455,418.02402,370.94177,190.04092,120.776245,0.388773,-1,-1,-1
283,470,755.73846,357.54486,187.40814,113.947235,0.55902535,-1,-1,-1
283,387,502.8088,60.808743,73.60605,58.338673,0.61164343,-1,-1,-1
284,372,621.43463,49.925507,64.51526,45.8684,0.8332292,-1,-1,-1
284,373,132.16814,187.80438,125.97734,55.31491,0.83585316,-1,-1,-1
284,382,752.50415,2.3992634,55.21582,34.89804,0.83227104,-1,-1,-1
284,437,222.62686,271.20142,126.0654,88.04706,0.8439245,-1,-1,-1
284,378,428.92337,140.03455,117.209015,57.53871,0.83109635,-1,-1,-1
284,455,415.9556,370.37112,193.01187,127.475006,0.2889281,-1,-1,-1
284,470,741.05853,354.1814,183.7782,110.60635,0.2526175,-1,-1,-1
284,387,499.9218,61.434814,78.7251,61.894997,0.7295085,-1,-1,-1
284,462,773.7952,358.5416,191.01898,115.01987,0.27996698,-1,-1,-1
285,372,622.68195,48.903076,65.199585,45.545456,0.82961124,-1,-1,-1
285,373,135.71294,187.44406,126.66914,55.880478,0.825856,-1,-1,-1
285,382,753.782,1.6013898,54.612854,34.776844,0.82104075,-1,-1,-1
285,437,219.64488,270.72943,126.324814,86.97357,0.85270137,-1,-1,-1
285,378,432.6963,138.77058,115.148315,57.50737,0.84386617,-1,-1,-1
285,455,413.1333,366.73114,192.04407,132.84335,0.31663418,-1,-1,-1
285,470,729.4002,350.67828,186.07922,109.40106,0.4004329,-1,-1,-1
285,387,498.0573,61.52777,80.140015,65.615715,0.6867165,-1,-1,-1
285,462,767.2535,355.86807,185.8858,110.96643,0.564589,-1,-1,-1
286,372,624.63025,46.337177,63.997253,46.42358,0.8304704,-1,-1,-1
286,373,137.26689,186.3173,129.06606,56.786255,0.80964416,-1,-1,-1
286,382,755.452,0.9186447,53.54126,34.194824,0.7701379,-1,-1,-1
286,437,216.05222,268.39627,126.97009,86.97537,0.83705217,-1,-1,-1
286,378,435.56677,137.78038,116.93671,57.239914,0.83940834,-1,-1,-1
286,470,719.9225,350.03726,182.95526,101.251526,0.6410922,-1,-1,-1
286,387,496.2768,61.55317,81.11615,64.07408,0.75716245,-1,-1,-1
286,462,751.4319,350.45688,187.94897,111.334625,0.5731715,-1,-1,-1
287,372,626.91956,45.82178,63.123352,45.2214,0.82997787,-1,-1,-1
287,373,141.74442,185.78844,127.082886,57.2518,0.84029484,-1,-1,-1
287,382,757.53046,0.28660935,52.131226,33.75699,0.7345378,-1,-1,-1
287,437,211.64314,265.68405,127.09227,87.32379,0.8302463,-1,-1,-1
287,378,437.78394,136.35274,117.727234,57.554092,0.8247115,-1,-1,-1
287,470,710.78754,343.2087,185.19073,104.242065,0.34455025,-1,-1,-1
287,387,494.5558,61.705524,83.10278,65.17479,0.72221714,-1,-1,-1
288,372,627.8622,43.153942,65.11981,46.670444,0.83777195,-1,-1,-1
288,373,146.60109,185.22198,125.81496,57.906265,0.8491713,-1,-1,-1
288,382,758.7293,0.0,52.730286,33.113567,0.7325376,-1,-1,-1
288,437,208.8411,264.35208,125.69357,86.573364,0.83773404,-1,-1,-1
288,378,441.35443,134.87523,117.187805,58.171844,0.81651825,-1,-1,-1
288,387,495.26035,61.488754,80.12485,63.06839,0.71496654,-1,-1,-1
288,462,724.38385,344.07596,189.17322,106.845184,0.5349921,-1,-1,-1
289,372,630.0793,42.275143,64.51788,46.499363,0.8243646,-1,-1,-1
289,373,149.37305,184.92015,127.07834,57.85782,0.83131564,-1,-1,-1
289,382,759.843,0.0,52.161865,32.149155,0.7461572,-1,-1,-1
289,437,206.17354,263.40942,126.12523,86.38611,0.8471918,-1,-1,-1
289,378,444.73694,133.8794,116.56885,57.690826,0.8194605,-1,-1,-1
289,387,495.50967,61.29373,78.486176,64.253944,0.67953914,-1,-1,-1
289,462,714.8091,341.32462,188.94098,105.62399,0.5988945,-1,-1,-1
289,455,397.53702,357.51755,186.04153,121.668396,0.31067783,-1,-1,-1
289,470,696.0827,342.135,172.23633,95.680115,0.26531014,-1,-1,-1
290,372,632.8084,41.603546,63.122437,45.680214,0.8090399,-1,-1,-1
290,373,153.7798,184.33168,126.11903,57.153595,0.8470713,-1,-1,-1
290,382,761.4172,0.0,51.76056,31.28168,0.75315243,-1,-1,-1
290,437,203.5337,262.40176,125.56081,86.095276,0.83502704,-1,-1,-1
290,378,448.0044,132.92561,115.15747,57.507812,0.83947426,-1,-1,-1
290,387,495.12244,60.909313,78.49219,62.64857,0.64925224,-1,-1,-1
290,462,699.09326,339.77484,189.59125,100.74585,0.5825755,-1,-1,-1
290,468,492.88382,61.597244,123.20639,63.883186,0.6734245,-1,-1,-1
291,372,635.2043,40.74712,62.58954,45.08282,0.80766606,-1,-1,-1
291,373,158.37737,183.53076,125.93651,56.732376,0.85392773,-1,-1,-1
291,382,763.5839,0.0,50.700012,30.377369,0.76377344,-1,-1,-1
291,437,201.56224,260.63525,123.07384,86.52402,0.8403264,-1,-1,-1
291,378,451.1132,131.73535,115.12271,57.851364,0.84026337,-1,-1,-1
291,387,495.53748,61.04302,77.82349,60.8128,0.6612535,-1,-1,-1
291,462,694.58453,337.2895,186.41803,98.59161,0.77069676,-1,-1,-1
291,468,492.94656,61.99268,121.372284,60.500965,0.6298862,-1,-1,-1
291,455,394.1054,356.25153,187.789,124.959656,0.28727394,-1,-1,-1
292,372,637.6154,39.41729,62.250732,44.41323,0.8268174,-1,-1,-1
292,373,162.48528,182.81384,125.0692,57.29892,0.83445585,-1,-1,-1
292,382,765.8946,0.0,49.50177,29.0543,0.69624645,-1,-1,-1
292,437,199.44046,260.70166,122.291595,85.07965,0.8536113,-1,-1,-1
292,378,455.41705,130.89096,114.57239,56.371338,0.82966554,-1,-1,-1
292,387,496.05795,60.770325,82.10654,60.32376,0.71544087,-1,-1,-1
292,462,685.4164,334.01617,185.15576,97.77597,0.75083905,-1,-1,-1
292,468,494.44223,60.20339,125.52817,60.34438,0.3261155,-1,-1,-1
292,455,391.8699,354.65652,183.30716,126.6861,0.28382382,-1,-1,-1
293,372,638.89294,36.602154,63.341125,45.79427,0.81767195,-1,-1,-1
293,373,166.15584,181.92969,125.666306,56.795532,0.83422905,-1,-1,-1
293,382,767.4954,0.0,48.085083,27.814688,0.6815635,-1,-1,-1
293,437,196.98521,260.0581,122.90993,84.49335,0.84782803,-1,-1,-1
293,378,458.56882,128.9997,113.022125,56.27356,0.83350414,-1,-1,-1
293,387,496.59064,60.699783,84.0058,60.28028,0.74704474,-1,-1,-1
293,462,680.3846,333.84354,178.15826,94.50687,0.62769735,-1,-1,-1
293,468,495.41315,59.39574,126.50214,60.874813,0.40847954,-1,-1,-1
294,372,640.5268,34.89266,63.396423,46.668514,0.84205866,-1,-1,-1
294,373,172.00583,181.99359,123.92786,55.75482,0.89093536,-1,-1,-1
294,382,769.4551,0.0,47.929565,26.81528,0.6103682,-1,-1,-1
294,437,193.76683,258.6662,123.481705,83.41321,0.8420058,-1,-1,-1
294,378,462.82727,127.34933,111.67761,56.920555,0.8589253,-1,-1,-1
294,387,496.49402,60.63838,84.26843,60.29672,0.7435381,-1,-1,-1
294,462,667.875,326.7652,181.91858,98.07391,0.73710346,-1,-1,-1
295,372,643.4354,35.347343,62.18866,45.20907,0.8252231,-1,-1,-1
295,373,175.99261,181.02489,124.028564,55.72377,0.8371738,-1,-1,-1
295,382,771.52563,0.0,48.324158,26.00049,0.69569063,-1,-1,-1
295,437,190.06027,256.65903,123.77637,82.81552,0.84083676,-1,-1,-1
295,378,465.94467,126.78892,111.43155,55.289345,0.84842896,-1,-1,-1
295,387,497.312,60.80616,78.67096,60.16764,0.68702275,-1,-1,-1
295,462,654.89996,321.83533,184.06744,99.092804,0.4426537,-1,-1,-1
295,455,385.51892,350.33252,177.74213,128.534,0.3305452,-1,-1,-1
295,468,497.39215,58.929707,128.08478,60.939518,0.2890199,-1,-1,-1
296,372,645.4077,33.95335,62.5589,45.2681,0.8271656,-1,-1,-1
296,373,179.91312,180.16309,124.829865,55.838547,0.84260875,-1,-1,-1
296,382,773.39136,0.0,48.143433,25.144617,0.74737746,-1,-1,-1
296,437,186.7601,254.7798,122.596924,82.58797,0.85189754,-1,-1,-1
296,378,468.3278,125.79654,113.00638,55.896713,0.8315111,-1,-1,-1
296,387,498.4737,60.67019,78.54291,60.17047,0.73357433,-1,-1,-1
296,462,645.48566,318.09695,183.47894,100.64276,0.34427032,-1,-1,-1
296,468,498.28802,59.04036,122.25928,60.356033,0.2725198,-1,-1,-1
297,372,647.927,33.750465,61.892517,43.980156,0.8298672,-1,-1,-1
297,373,184.27188,179.86313,123.96146,55.92305,0.8498832,-1,-1,-1
297,382,774.8754,0.0,47.190674,24.279076,0.72525847,-1,-1,-1
297,437,184.09918,253.81157,123.04596,82.48018,0.8481253,-1,-1,-1
297,378,472.87628,124.56329,111.84656,55.974182,0.8435364,-1,-1,-1
297,387,500.60922,61.024487,74.536224,59.239582,0.64833766,-1,-1,-1
297,462,634.5891,313.13113,185.43573,102.37628,0.4019396,-1,-1,-1
298,372,650.07837,32.689037,62.37372,43.355213,0.8237687,-1,-1,-1
298,373,188.18059,179.41922,124.097244,56.096405,0.83520377,-1,-1,-1
298,382,776.5853,0.009258676,46.50482,23.336031,0.67165905,-1,-1,-1
298,437,182.42085,252.0317,121.83867,82.83678,0.8429665,-1,-1,-1
298,378,477.1363,123.23597,109.756226,55.09716,0.8405409,-1,-1,-1
298,387,499.96643,61.11967,75.24994,57.905804,0.65357834,-1,-1,-1
298,462,626.0416,311.43878,182.68213,100.81229,0.62016344,-1,-1,-1
298,455,379.02594,344.74283,174.13379,124.510284,0.25578582,-1,-1,-1
298,468,498.405,59.057804,124.982025,59.72218,0.2953758,-1,-1,-1
299,372,652.4392,29.818243,61.84857,44.25889,0.8139647,-1,-1,-1
299,373,193.19339,179.06421,123.58557,55.75273,0.8488114,-1,-1,-1
299,382,779.0326,0.0,44.982727,22.346169,0.6772452,-1,-1,-1
299,437,179.72218,251.31107,121.05348,82.30765,0.8349282,-1,-1,-1
299,378,479.1872,122.11257,109.84363,54.494133,0.83495,-1,-1,-1
299,387,499.23734,61.02257,77.14017,57.999035,0.52230996,-1,-1,-1
299,462,614.3922,307.40543,185.49982,100.07059,0.57144946,-1,-1,-1
299,455,372.5082,345.294,176.67258,122.44595,0.25622815,-1,-1,-1
300,372,655.8412,29.602417,60.58142,43.017075,0.82186335,-1,-1,-1
300,373,197.33427,179.084,122.930466,55.473267,0.8449398,-1,-1,-1
300,382,780.81854,0.0,43.650085,21.31443,0.649672,-1,-1,-1
300,437,177.39586,250.9139,119.710464,81.32625,0.8547634,-1,-1,-1
300,378,482.86688,121.08705,109.142456,53.730362,0.83097273,-1,-1,-1
300,387,498.68243,61.13161,76.43475,56.994854,0.58946323,-1,-1,-1
300,462,606.11755,304.36542,186.07227,100.02167,0.48525685,-1,-1,-1
300,455,371.43347,345.9533,172.86285,120.49869,0.30224907,-1,-1,-1
301,372,657.7098,26.524807,61.837646,45.159847,0.823947,-1,-1,-1
301,373,202.10266,179.4254,121.33026,54.893616,0.8610062,-1,-1,-1
301,382,782.41284,0.0,43.704712,20.600103,0.55548704,-1,-1,-1
301,437,174.37764,250.33902,120.47911,79.93237,0.8521537,-1,-1,-1
301,378,485.77545,120.05514,109.20056,53.450356,0.8295327,-1,-1,-1
301,387,500.32138,61.267353,74.68143,57.36172,0.62013197,-1,-1,-1
301,462,596.88824,300.7912,185.39532,98.53146,0.60499734,-1,-1,-1
301,455,362.46326,345.67825,181.62299,119.55969,0.40956128,-1,-1,-1
302,372,659.60504,26.581161,62.23633,43.767838,0.8173093,-1,-1,-1
302,373,206.8359,179.05624,121.76059,54.30429,0.8378932,-1,-1,-1
302,382,784.3786,0.0,41.422607,19.411686,0.46050423,-1,-1,-1
302,437,171.90907,249.27008,120.5182,78.706665,0.84129745,-1,-1,-1
302,378,490.12964,118.701256,108.39075,53.045097,0.8294387,-1,-1,-1
302,387,499.48123,61.437042,75.72159,56.84825,0.67697936,-1,-1,-1
302,462,588.9699,298.31882,181.98297,98.09564,0.63299006,-1,-1,-1
302,455,361.90146,344.80133,178.07785,121.71341,0.5590667,-1,-1,-1
303,372,661.3652,25.929972,63.74475,43.141068,0.81992584,-1,-1,-1
303,373,211.24913,179.18427,121.291885,53.743607,0.8507186,-1,-1,-1
303,382,786.5503,0.0,41.329468,18.160856,0.43300405,-1,-1,-1
303,437,169.55634,247.06783,119.4198,78.34532,0.8467558,-1,-1,-1
303,378,494.83362,117.069855,107.192566,53.03354,0.8520898,-1,-1,-1
303,387,499.86465,61.592903,75.77414,56.166794,0.7194316,-1,-1,-1
303,462,580.4472,294.70654,180.26208,97.76349,0.7314883,-1,-1,-1
303,455,359.6252,344.53854,178.79257,119.582825,0.8409171,-1,-1,-1
304,372,663.8171,24.187775,63.67694,43.551003,0.8135844,-1,-1,-1
304,373,215.31778,177.43938,121.806274,54.751175,0.8358679,-1,-1,-1
304,437,167.07632,245.40987,117.057434,77.793594,0.85498965,-1,-1,-1
304,378,498.56744,115.740685,106.47974,52.970085,0.83993053,-1,-1,-1
304,387,499.7405,61.40401,76.35031,55.904537,0.6950853,-1,-1,-1
304,462,574.66095,292.55457,176.8136,97.17291,0.74715286,-1,-1,-1
304,455,355.79514,344.38287,180.48172,117.88547,0.759783,-1,-1,-1
305,372,665.44946,22.454306,63.868164,44.223885,0.8193474,-1,-1,-1
305,373,219.58182,176.05486,121.99585,55.56311,0.8359192,-1,-1,-1
305,437,164.50122,243.80975,116.933044,78.45227,0.85687006,-1,-1,-1
305,378,501.84338,114.819115,106.26337,52.74685,0.8394672,-1,-1,-1
305,387,499.78152,61.458755,76.67667,55.7163,0.5237018,-1,-1,-1
305,462,565.3727,289.61804,177.24066,96.03461,0.79369205,-1,-1,-1
305,455,354.51544,343.18903,173.43286,116.226105,0.78005314,-1,-1,-1
306,372,668.331,21.911467,63.168213,43.110107,0.8018901,-1,-1,-1
306,373,223.28885,174.54196,122.361786,56.63272,0.85388273,-1,-1,-1
306,437,161.68266,241.9236,117.56468,79.05138,0.8418705,-1,-1,-1
306,378,504.8882,113.87043,105.03659,51.702736,0.84306836,-1,-1,-1
306,387,499.80792,61.34672,76.35834,55.237408,0.38656417,-1,-1,-1
306,462,559.1523,288.7537,174.5108,93.4581,0.7955251,-1,-1,-1
306,455,352.59103,341.99854,172.08505,115.50787,0.7606118,-1,-1,-1
307,372,671.53064,22.308369,60.951843,41.27856,0.78335404,-1,-1,-1
307,373,227.36726,173.05772,123.26851,57.25383,0.82277733,-1,-1,-1
307,437,158.54503,240.5589,116.90758,78.45096,0.851643,-1,-1,-1
307,378,508.17548,113.124214,103.86426,52.330986,0.83676153,-1,-1,-1
307,387,499.65466,61.329224,76.63257,54.2799,0.29905462,-1,-1,-1
307,462,555.2222,287.01794,170.46729,93.15347,0.819587,-1,-1,-1
307,455,349.50107,340.7168,174.03348,115.35507,0.63407075,-1,-1,-1
308,372,673.6194,19.42289,60.610718,42.91778,0.7817754,-1,-1,-1
308,373,231.85464,171.88412,122.92108,57.806458,0.8365548,-1,-1,-1
308,437,156.17943,239.32472,114.27663,77.694595,0.85446894,-1,-1,-1
308,378,513.1914,111.891884,101.9491,52.327293,0.8312178,-1,-1,-1
308,387,499.01755,61.514595,77.31064,53.377457,0.34993073,-1,-1,-1
308,462,544.0735,284.5448,173.6673,92.545654,0.6220112,-1,-1,-1
308,455,347.22333,338.15225,176.7005,116.51337,0.4670768,-1,-1,-1
308,474,352.71625,339.15723,163.30823,115.24481,0.46241483,-1,-1,-1
309,372,675.7432,18.6066,60.6239,41.79976,0.7409571,-1,-1,-1
309,373,235.90977,171.08481,122.78456,57.850906,0.83617866,-1,-1,-1
309,437,153.56516,237.70161,114.3833,77.58592,0.85479707,-1,-1,-1
309,378,517.09717,110.68705,100.94006,52.137047,0.83236384,-1,-1,-1
309,387,498.41013,61.534355,77.61087,54.01696,0.29120204,-1,-1,-1
309,462,540.0599,282.29276,166.38232,91.83679,0.47556892,-1,-1,-1
309,455,345.342,337.62604,168.18954,115.198456,0.5692312,-1,-1,-1
309,474,349.98853,338.46652,164.70648,114.918304,0.33190024,-1,-1,-1
310,372,677.7062,15.852705,61.080017,43.084267,0.75724155,-1,-1,-1
310,373,240.73225,169.79865,120.469955,59.370087,0.8347277,-1,-1,-1
310,437,149.43872,235.10179,115.889465,77.528915,0.85921097,-1,-1,-1
310,378,518.95557,108.9021,101.5047,52.304077,0.8431897,-1,-1,-1
310,387,498.1671,61.59862,77.7572,56.016438,0.43160948,-1,-1,-1
310,462,530.6803,279.5283,170.38428,91.132996,0.5344871,-1,-1,-1
310,455,343.309,336.16824,167.93317,114.469055,0.55796856,-1,-1,-1
310,474,347.2999,336.10983,163.93915,116.32016,0.33715153,-1,-1,-1
311,372,680.00024,14.04464,60.954834,43.672634,0.7632984,-1,-1,-1
311,373,246.06866,169.40477,120.50159,58.848434,0.83987767,-1,-1,-1
311,437,147.07141,232.87746,115.06586,77.8907,0.8576773,-1,-1,-1
311,378,523.3594,107.54695,100.33826,52.44989,0.85626525,-1,-1,-1
311,387,498.0601,61.852154,78.34842,55.425694,0.4574036,-1,-1,-1
311,462,527.56445,276.98434,168.02496,88.431305,0.6534151,-1,-1,-1
311,455,341.51434,335.47,169.08127,113.45584,0.87807477,-1,-1,-1
312,372,682.1789,12.953281,61.37329,43.39544,0.7973263,-1,-1,-1
312,373,250.65656,168.19846,120.514404,59.814987,0.8557693,-1,-1,-1
312,437,145.4729,232.24228,112.08536,77.536835,0.8724214,-1,-1,-1
312,378,526.45306,105.50213,99.65173,53.104973,0.8345391,-1,-1,-1
312,387,497.05505,62.036743,79.95471,55.127968,0.5865203,-1,-1,-1
312,462,523.619,273.71164,161.15613,88.04846,0.62714654,-1,-1,-1
312,455,338.4812,334.98547,169.8468,112.218475,0.8819278,-1,-1,-1
313,372,684.31744,11.562373,60.971497,43.483437,0.81281155,-1,-1,-1
313,373,255.19092,167.1233,119.950714,60.257477,0.8593784,-1,-1,-1
313,437,143.10767,230.75905,111.71187,78.07103,0.87451524,-1,-1,-1
313,378,530.3444,102.97161,98.38312,53.89434,0.8393207,-1,-1,-1
313,387,495.91806,62.03411,81.15854,56.613914,0.634833,-1,-1,-1
313,462,515.14,270.9302,167.54327,89.118195,0.7002885,-1,-1,-1
313,455,334.94522,334.34262,167.47397,110.88986,0.878174,-1,-1,-1
314,372,686.1847,12.4836645,60.03253,41.527634,0.79069626,-1,-1,-1
314,373,259.528,166.3638,120.661255,60.29669,0.86781627,-1,-1,-1
314,437,141.49345,230.65712,111.5966,76.89784,0.8770915,-1,-1,-1
314,378,533.6134,100.78932,97.734436,54.472122,0.82925826,-1,-1,-1
314,387,495.44156,62.002968,81.68234,56.460396,0.63518995,-1,-1,-1
314,462,509.3019,267.62076,162.48874,89.51712,0.7924495,-1,-1,-1
314,455,331.37982,332.26358,167.43521,111.91327,0.85965806,-1,-1,-1
315,372,688.6822,11.396767,59.38263,41.38141,0.78011626,-1,-1,-1
315,373,264.44794,165.68277,120.30612,59.836517,0.8755564,-1,-1,-1
315,437,139.34496,230.10617,110.64465,75.811676,0.85653645,-1,-1,-1
315,378,536.43567,99.794846,98.15369,54.77687,0.86112803,-1,-1,-1
315,387,495.04224,62.1726,82.690796,55.9181,0.6361276,-1,-1,-1
315,462,502.78625,264.81638,162.4837,88.84506,0.79060215,-1,-1,-1
315,455,330.737,330.93558,165.1828,111.79965,0.8412928,-1,-1,-1
316,372,690.9366,9.896261,59.83264,41.882668,0.7711066,-1,-1,-1
316,373,269.48367,165.48769,119.7312,58.98375,0.85541284,-1,-1,-1
316,437,135.43794,228.04274,109.74455,75.874466,0.86576605,-1,-1,-1
316,378,539.2152,99.17601,97.74182,54.5549,0.8513069,-1,-1,-1
316,387,495.04938,62.196175,82.43573,55.55809,0.6291046,-1,-1,-1
316,462,496.52252,263.34152,157.89319,86.29636,0.7871502,-1,-1,-1
316,455,328.92532,329.60657,161.63333,111.62979,0.86271274,-1,-1,-1
317,372,692.3151,8.422518,61.09912,42.016846,0.6766877,-1,-1,-1
317,373,273.8212,165.46413,119.475525,57.450104,0.85721236,-1,-1,-1
317,437,132.0244,226.16669,110.07214,74.459076,0.8668144,-1,-1,-1
317,378,542.8081,97.86661,96.72778,54.67682,0.84694284,-1,-1,-1
317,387,494.74924,62.22466,80.08487,56.869205,0.6407355,-1,-1,-1
317,462,489.4656,261.07596,154.37735,87.025696,0.7823513,-1,-1,-1
317,455,326.75732,326.57623,161.5368,112.64783,0.83488226,-1,-1,-1
318,372,694.9257,7.737349,60.472595,41.339314,0.7302273,-1,-1,-1
318,373,278.25165,165.13376,118.713684,56.55995,0.8607242,-1,-1,-1
318,437,129.1354,224.48192,111.13895,74.71373,0.8698501,-1,-1,-1
318,378,545.8595,97.81547,96.250244,53.96453,0.8421257,-1,-1,-1
318,387,494.91568,62.326126,79.41708,58.409813,0.63573074,-1,-1,-1
318,462,482.99115,258.9609,151.78296,85.59747,0.80472624,-1,-1,-1
318,455,323.45145,324.90543,160.41928,112.374695,0.85569316,-1,-1,-1
319,372,698.20123,5.18368,58.77063,42.878315,0.6957072,-1,-1,-1
319,373,283.06735,163.50548,118.06708,57.297775,0.8442248,-1,-1,-1
319,437,126.63225,223.23782,111.24263,74.28943,0.8771313,-1,-1,-1
319,378,549.60156,96.997406,94.054504,53.209595,0.8433062,-1,-1,-1
319,387,495.26428,62.382217,78.38226,59.434517,0.5878331,-1,-1,-1
319,462,476.359,256.5325,149.96606,86.22073,0.78980243,-1,-1,-1
319,455,318.90604,324.0052,160.54303,110.74121,0.8596778,-1,-1,-1
320,372,700.7814,3.035105,57.766113,43.894394,0.7340737,-1,-1,-1
320,373,287.20828,162.31216,117.740906,57.608536,0.83395416,-1,-1,-1
320,437,124.19674,221.86546,109.21711,74.56386,0.8711545,-1,-1,-1
320,378,552.85986,96.47263,92.074585,52.310677,0.85931754,-1,-1,-1
320,387,495.70538,62.660275,79.18396,60.29694,0.6313488,-1,-1,-1
320,462,469.9841,254.20952,149.67209,84.5544,0.83063906,-1,-1,-1
320,455,318.2589,323.1591,158.00452,108.07913,0.85051453,-1,-1,-1
321,372,701.9976,0.5781767,58.889038,45.410076,0.756754,-1,-1,-1
321,373,292.3657,161.86157,116.441376,56.89612,0.84133375,-1,-1,-1
321,437,121.88656,221.3245,107.569496,73.83273,0.873421,-1,-1,-1
321,378,554.4196,95.77331,93.33539,51.750603,0.8523338,-1,-1,-1
321,387,495.8995,62.829037,78.89108,60.96571,0.6036259,-1,-1,-1
321,462,463.67206,251.78975,148.0094,84.77995,0.82266957,-1,-1,-1
321,455,316.78824,322.5789,155.5809,106.45203,0.8585737,-1,-1,-1
322,372,703.03076,0.0,60.356995,44.640972,0.7670249,-1,-1,-1
322,373,297.32617,160.82053,116.48682,56.9769,0.8110612,-1,-1,-1
322,437,119.535706,219.59972,107.1288,73.00206,0.8634519,-1,-1,-1
322,378,557.2927,94.84318,93.00464,51.15325,0.84169126,-1,-1,-1
322,387,496.55692,63.037155,77.233246,63.767815,0.6009838,-1,-1,-1
322,462,458.79266,250.86646,145.91266,82.73584,0.83514255,-1,-1,-1
322,455,313.8216,321.11877,156.0852,106.28995,0.8409707,-1,-1,-1
323,372,704.5073,0.0,60.585083,43.204735,0.77660537,-1,-1,-1
323,373,300.7495,158.68953,117.00354,58.109467,0.8221774,-1,-1,-1
323,437,116.95971,218.5376,106.68716,71.91916,0.8686125,-1,-1,-1
323,378,560.8554,94.416824,91.99707,50.102448,0.83413035,-1,-1,-1
323,387,496.19077,62.97748,76.468414,64.250565,0.6451991,-1,-1,-1
323,462,452.0897,250.02245,143.60825,81.54982,0.83311677,-1,-1,-1
323,455,308.39713,319.33295,156.75311,107.2005,0.82396704,-1,-1,-1
324,372,707.0071,0.0,59.680115,41.872173,0.7948901,-1,-1,-1
324,373,306.1361,157.82227,115.54001,58.346146,0.8396161,-1,-1,-1
324,437,115.36349,217.38342,104.85284,71.23877,0.86033785,-1,-1,-1
324,378,565.5667,92.408394,89.7439,50.901207,0.83855927,-1,-1,-1
324,387,496.51468,62.55315,76.76779,69.8508,0.6651158,-1,-1,-1
324,462,446.23755,248.26503,143.09393,79.23244,0.8214873,-1,-1,-1
324,455,306.5829,317.98978,154.93188,106.181244,0.8066427,-1,-1,-1
325,372,708.9836,0.0,59.653015,40.853428,0.7904561,-1,-1,-1
325,373,310.50943,156.62408,115.06967,58.54222,0.83856463,-1,-1,-1
325,437,113.540665,216.68837,103.16516,69.5056,0.87818164,-1,-1,-1
325,378,568.5437,91.94005,88.65686,49.429886,0.8334705,-1,-1,-1
325,387,496.68887,62.448593,77.351105,72.52675,0.6533356,-1,-1,-1
325,462,440.39148,245.58437,141.61493,78.65169,0.8237024,-1,-1,-1
325,455,304.14722,316.09235,153.83871,105.65387,0.81306523,-1,-1,-1
326,372,710.85785,0.0,59.433594,39.6065,0.79046535,-1,-1,-1
326,373,315.7457,155.79199,113.80875,58.45462,0.8369039,-1,-1,-1
326,437,111.74931,215.44571,102.56444,68.80057,0.8928096,-1,-1,-1
326,378,570.9561,90.23904,88.58124,50.391808,0.8331258,-1,-1,-1
326,387,496.92468,62.252728,77.799194,72.9599,0.68609285,-1,-1,-1
326,462,433.79755,242.71465,141.74707,78.39723,0.83197564,-1,-1,-1
326,455,302.5389,313.7069,151.55905,106.62656,0.8413566,-1,-1,-1
326,475,396.18494,324.4302,243.59528,215.53317,0.42461365,-1,-1,-1
326,476,624.1315,0.0,54.617737,20.182383,0.5046761,-1,-1,-1
327,372,713.5951,0.0,58.449524,38.218277,0.7932006,-1,-1,-1
327,373,320.34213,155.23566,112.74036,58.07808,0.85624367,-1,-1,-1
327,437,109.1879,213.88377,103.22041,69.208664,0.8687131,-1,-1,-1
327,378,573.93475,88.54681,88.25659,51.145195,0.8428176,-1,-1,-1
327,387,495.89255,62.53454,80.37973,72.45696,0.690609,-1,-1,-1
327,462,428.99133,240.75708,138.72485,78.236725,0.838703,-1,-1,-1
327,455,298.16885,312.46396,152.83026,105.808624,0.8520526,-1,-1,-1
327,475,401.61227,326.24384,237.113,213.7174,0.48915032,-1,-1,-1
327,476,622.42786,0.0,56.335327,20.957464,0.7428933,-1,-1,-1
328,372,714.6212,0.0,59.06073,36.887077,0.77217656,-1,-1,-1
328,373,325.01242,154.40323,112.516754,58.199966,0.8460759,-1,-1,-1
328,437,106.39064,212.15465,104.06236,70.24562,0.8614892,-1,-1,-1
328,378,576.2476,88.10626,87.906555,50.57054,0.841419,-1,-1,-1
328,387,497.55457,62.171925,77.85669,74.10841,0.64881146,-1,-1,-1
328,462,423.43735,238.66351,138.07321,78.19159,0.83423644,-1,-1,-1
328,455,293.7431,311.93304,153.2796,104.6655,0.84696317,-1,-1,-1
328,475,402.36945,324.11346,235.53125,215.85846,0.4559112,-1,-1,-1
328,476,620.24817,0.0,55.97229,21.809406,0.77934647,-1,-1,-1
329,372,717.9362,0.0,57.139893,35.45376,0.8106654,-1,-1,-1
329,373,329.10034,153.45685,111.69397,58.13034,0.8352036,-1,-1,-1
329,437,104.09395,210.9959,103.09601,70.340805,0.8621111,-1,-1,-1
329,378,580.2279,87.82516,85.7735,49.67576,0.84599143,-1,-1,-1
329,387,497.33664,62.06085,78.8273,74.81604,0.6625244,-1,-1,-1
329,462,418.1386,236.07072,135.7973,78.685745,0.836832,-1,-1,-1
329,455,292.88324,310.8305,152.00916,103.68866,0.82107323,-1,-1,-1
329,475,402.91,322.14575,234.74783,217.84259,0.5872785,-1,-1,-1
329,476,616.48364,0.0,57.29132,23.031242,0.7486008,-1,-1,-1
329,479,0.0,228.51561,26.72433,75.3499,0.39829627,-1,-1,-1
330,372,720.1641,0.0,56.065857,34.43788,0.82178205,-1,-1,-1
330,373,334.27838,153.03848,110.60477,57.344574,0.8216728,-1,-1,-1
330,437,102.12622,209.89656,101.156494,68.95842,0.8733468,-1,-1,-1
330,378,583.7689,86.519,84.50061,48.089645,0.8727025,-1,-1,-1
330,387,496.98627,61.901306,79.36066,74.14827,0.6654545,-1,-1,-1
330,462,411.64865,234.75035,135.4266,77.42992,0.8218649,-1,-1,-1
330,455,291.48615,309.66913,149.87222,103.45944,0.8171189,-1,-1,-1
330,475,388.30692,322.98477,246.39218,217.00119,0.5968098,-1,-1,-1
330,476,612.765,0.0,59.156006,24.569208,0.8118768,-1,-1,-1
330,479,0.0,237.29344,25.565243,70.28352,0.40045828,-1,-1,-1
331,372,721.5358,0.0,56.62677,33.451797,0.77759886,-1,-1,-1
331,373,338.50848,153.06711,111.65393,56.069992,0.8096218,-1,-1,-1
331,437,99.51448,208.56133,100.6844,68.35506,0.8675156,-1,-1,-1
331,378,586.77905,85.692276,84.68933,47.93161,0.84592634,-1,-1,-1
331,387,496.88214,61.976364,79.7218,73.21106,0.6774555,-1,-1,-1
331,462,406.8598,233.44026,134.9079,75.65013,0.85107666,-1,-1,-1
331,455,289.36215,308.3601,147.90146,102.41867,0.83277804,-1,-1,-1
331,475,384.59042,324.04538,248.5444,215.93954,0.5711505,-1,-1,-1
331,476,609.79034,0.0,59.875366,25.858717,0.8229917,-1,-1,-1
331,479,0.0,240.38628,25.903307,70.09392,0.43952766,-1,-1,-1
331,483,498.2202,62.5919,73.22223,51.80891,0.4671255,-1,-1,-1
331,484,0.0,247.80916,19.339205,67.07115,0.4129268,-1,-1,-1
332,372,724.1279,0.0,56.605225,32.458626,0.78578347,-1,-1,-1
332,373,342.43143,153.2015,110.90167,54.897354,0.80849123,-1,-1,-1
332,437,97.57008,206.85379,100.07291,68.51788,0.8498319,-1,-1,-1
332,378,589.57526,84.59773,83.83313,47.465103,0.8543065,-1,-1,-1
332,387,496.55826,62.154305,80.7009,69.42826,0.67969716,-1,-1,-1
332,462,401.60803,230.62292,134.13629,75.88699,0.82535833,-1,-1,-1
332,455,286.03275,306.9597,148.17139,101.26532,0.8174562,-1,-1,-1
332,475,380.76752,322.2869,252.43323,217.7131,0.5580135,-1,-1,-1
332,476,606.84534,0.0,59.909546,26.679543,0.8105214,-1,-1,-1
332,479,0.0,246.42522,25.625818,67.31749,0.53744346,-1,-1,-1
332,483,498.1036,62.686783,73.70126,50.717964,0.4055393,-1,-1,-1
332,484,0.0,250.1845,18.779737,68.85878,0.40484357,-1,-1,-1
333,372,726.46515,0.0,56.516968,31.272636,0.69539356,-1,-1,-1
333,373,346.52386,151.8017,111.126434,54.913284,0.80950445,-1,-1,-1
333,437,96.19006,205.90717,98.981995,66.86459,0.855524,-1,-1,-1
333,378,592.7562,83.43895,83.315,47.887726,0.83317405,-1,-1,-1
333,387,496.36414,62.342953,81.39166,67.4644,0.6561229,-1,-1,-1
333,462,396.4865,229.44125,132.74792,74.92227,0.84953415,-1,-1,-1
333,455,283.27664,305.09894,146.087,99.50879,0.8132236,-1,-1,-1
333,475,379.20197,321.90503,254.7561,218.08118,0.6209889,-1,-1,-1
333,476,603.54126,0.0,61.25116,27.598442,0.824649,-1,-1,-1
333,479,0.0,248.93747,26.108023,65.638855,0.64005715,-1,-1,-1
333,484,0.0,253.8651,18.328924,66.53053,0.35849494,-1,-1,-1
334,372,728.1357,0.0,56.596252,30.180513,0.5108904,-1,-1,-1
334,373,351.3418,150.54855,109.47238,55.536743,0.797692,-1,-1,-1
334,437,94.350174,205.16846,97.34143,65.3869,0.8477507,-1,-1,-1
334,378,595.4041,82.16442,82.73944,47.92936,0.83403206,-1,-1,-1
334,387,496.22464,62.257793,80.78238,66.932205,0.6602933,-1,-1,-1
334,462,391.90845,227.54543,131.12585,74.33766,0.84860104,-1,-1,-1
334,455,280.2383,300.8604,146.65115,102.59122,0.8238675,-1,-1,-1
334,475,378.4118,321.8515,254.88965,218.1485,0.5880965,-1,-1,-1
334,476,600.54816,0.0,61.569214,28.550217,0.830384,-1,-1,-1
334,479,0.0,248.81169,26.420517,67.35179,0.67507404,-1,-1,-1
334,484,0.0,262.8853,20.554033,58.25995,0.28456017,-1,-1,-1
334,483,497.22537,62.738827,74.78354,49.986073,0.47886524,-1,-1,-1
335,372,729.46967,0.0,57.080627,29.226408,0.36298695,-1,-1,-1
335,373,355.59552,149.76866,109.51047,54.492874,0.7878064,-1,-1,-1
335,437,91.42974,204.06325,97.13831,65.12636,0.87239695,-1,-1,-1
335,378,597.7236,81.96306,82.1792,45.06079,0.8594185,-1,-1,-1
335,387,496.36133,62.254726,79.77515,64.403305,0.66980094,-1,-1,-1
335,462,385.8103,226.13469,129.55896,72.63005,0.85390466,-1,-1,-1
335,455,278.49292,299.8244,145.24994,101.86362,0.8327973,-1,-1,-1
335,475,380.72202,322.48975,252.24588,217.51025,0.5172556,-1,-1,-1
335,476,597.8594,0.0,60.378967,29.274307,0.84086037,-1,-1,-1
335,479,0.0,248.58159,26.856043,69.39818,0.6808426,-1,-1,-1
335,484,0.0,265.7276,23.708603,54.254303,0.32285783,-1,-1,-1
335,483,498.33405,62.69077,72.06885,47.661655,0.38583446,-1,-1,-1
336,373,360.36975,149.78426,108.888824,52.7928,0.8029406,-1,-1,-1
336,437,89.98041,202.69936,96.42456,65.55757,0.87743276,-1,-1,-1
336,378,600.4565,80.93173,82.06525,46.18396,0.8249164,-1,-1,-1
336,387,496.25626,62.502754,79.85684,61.190987,0.6491165,-1,-1,-1
336,462,381.07104,224.79398,128.55121,71.38104,0.8568081,-1,-1,-1
336,455,275.20923,298.51508,144.71222,101.724335,0.82306767,-1,-1,-1
336,475,380.50504,320.30988,252.53964,219.69012,0.4868502,-1,-1,-1
336,476,594.3382,0.0,61.354675,30.330402,0.82248867,-1,-1,-1
336,479,0.0,250.08127,27.396975,69.46414,0.61229783,-1,-1,-1
336,483,498.5072,62.73852,71.6192,46.69807,0.42876986,-1,-1,-1
337,373,365.4142,148.51186,107.924164,52.380325,0.79192483,-1,-1,-1
337,437,88.134605,201.02724,96.616356,66.52327,0.85945004,-1,-1,-1
337,378,604.0214,80.34867,80.729675,45.936142,0.84919655,-1,-1,-1
337,387,496.43826,62.562378,80.095795,65.46968,0.68995595,-1,-1,-1
337,462,375.80865,223.80379,127.78476,70.41017,0.8604143,-1,-1,-1
337,455,272.5897,298.1765,143.05014,99.52896,0.81644696,-1,-1,-1
337,475,383.3041,320.33276,249.35263,219.66724,0.59297436,-1,-1,-1
337,476,591.1991,0.0,60.985596,31.47315,0.8199675,-1,-1,-1
337,479,0.011455924,256.88736,29.31696,63.133118,0.62369233,-1,-1,-1
337,483,498.08386,62.92358,72.84924,48.396038,0.5024792,-1,-1,-1
338,373,371.13547,148.35248,105.417114,52.255157,0.8046255,-1,-1,-1
338,437,86.16359,199.81459,96.20276,65.57579,0.84853566,-1,-1,-1
338,378,605.99756,78.88294,80.637146,47.238937,0.8357076,-1,-1,-1
338,387,496.1456,62.62453,81.10281,62.113033,0.6941664,-1,-1,-1
338,462,372.09805,222.67502,125.6409,70.015625,0.85557586,-1,-1,-1
338,455,270.22,297.11295,142.55692,98.882996,0.8140284,-1,-1,-1
338,475,382.6207,319.7726,249.35092,220.22739,0.49028662,-1,-1,-1
338,476,588.0357,0.0,60.39392,32.628002,0.8170061,-1,-1,-1
338,479,0.055728983,261.7498,31.274948,58.492126,0.6356806,-1,-1,-1
338,483,498.18878,62.928032,71.8233,47.167953,0.3875527,-1,-1,-1
339,373,375.24164,146.18266,104.13077,53.7455,0.81125784,-1,-1,-1
339,437,83.8328,198.90833,95.27209,65.32211,0.8574194,-1,-1,-1
339,378,608.57574,77.38501,80.00934,47.53531,0.8476294,-1,-1,-1
339,387,496.48843,62.66422,80.41647,62.596867,0.74594855,-1,-1,-1
339,462,366.27728,219.3604,126.867584,71.737076,0.8603102,-1,-1,-1
339,455,267.98465,296.08853,141.9328,98.074585,0.83021593,-1,-1,-1
339,475,369.69394,320.4731,258.6459,219.52689,0.47144747,-1,-1,-1
339,476,585.0467,0.18223481,60.289307,33.638622,0.82504046,-1,-1,-1
339,479,0.04177694,264.5291,33.57248,58.47284,0.6652156,-1,-1,-1
340,373,381.10233,145.91591,102.828,53.79419,0.80721384,-1,-1,-1
340,437,81.16599,197.3637,94.45908,64.953995,0.8543904,-1,-1,-1
340,378,610.58844,75.50704,80.414856,48.432297,0.826521,-1,-1,-1
340,387,496.79996,62.856674,79.186066,60.994476,0.7452366,-1,-1,-1
340,462,360.40408,217.94586,126.388245,71.26581,0.860607,-1,-1,-1
340,455,265.88535,294.953,142.25162,97.20267,0.8366018,-1,-1,-1
340,475,355.15225,317.08554,287.03128,222.91446,0.51628566,-1,-1,-1
340,476,582.20844,0.071970224,60.67981,34.601543,0.82140005,-1,-1,-1
340,479,0.0,263.41745,35.891186,62.870636,0.63778967,-1,-1,-1
341,373,386.91165,143.83958,101.66351,53.956055,0.840601,-1,-1,-1
341,437,78.89544,196.13934,94.60499,64.60907,0.86205083,-1,-1,-1
341,378,613.5609,74.60888,80.12134,48.264313,0.8361928,-1,-1,-1
341,387,496.9819,63.006832,77.85092,63.34583,0.7383193,-1,-1,-1
341,462,355.86435,216.6434,124.74606,70.15448,0.8552106,-1,-1,-1
341,455,263.5626,293.87375,141.89178,96.44165,0.81363773,-1,-1,-1
341,475,360.40576,318.23557,271.8905,221.76443,0.50819397,-1,-1,-1
341,476,578.87213,0.18771574,61.696167,35.48048,0.83473504,-1,-1,-1
341,479,0.04750013,268.70197,37.50038,59.289,0.66769254,-1,-1,-1
342,373,390.65927,142.6555,101.78366,53.824448,0.8236116,-1,-1,-1
342,437,77.15372,194.49063,94.02016,63.404114,0.8672252,-1,-1,-1
342,378,616.83453,73.297295,78.89282,48.536407,0.8364452,-1,-1,-1
342,387,497.5497,63.09504,76.02078,63.298775,0.6978231,-1,-1,-1
342,462,350.56384,215.2432,124.31952,69.01242,0.8504604,-1,-1,-1
342,455,260.14038,291.87222,140.3746,97.370544,0.81169814,-1,-1,-1
342,475,352.11197,315.51953,293.15457,224.48047,0.49736932,-1,-1,-1
342,476,574.91016,1.1619878,62.539124,35.555656,0.82987106,-1,-1,-1
342,479,0.012032759,270.42242,38.95168,58.61673,0.7365942,-1,-1,-1
343,373,393.19897,142.65323,103.3165,52.118607,0.8183225,-1,-1,-1
343,437,75.5934,193.37193,92.24237,63.08351,0.85366976,-1,-1,-1
343,378,619.2342,72.52248,78.24945,47.87536,0.84916216,-1,-1,-1
343,387,498.0645,63.0438,75.12018,63.070335,0.7018139,-1,-1,-1
343,462,345.53845,213.91194,122.616455,68.76073,0.8471617,-1,-1,-1
343,455,257.3873,290.18277,139.81583,97.505035,0.8327497,-1,-1,-1
343,475,359.4281,317.03336,273.8662,222.96664,0.53801554,-1,-1,-1
343,476,572.1424,2.8281682,62.301758,34.820633,0.8303914,-1,-1,-1
343,479,0.0,269.67493,39.257465,60.773956,0.7059197,-1,-1,-1
344,373,399.3397,142.09354,102.743774,51.413406,0.82845795,-1,-1,-1
344,437,72.864525,192.30261,91.96288,63.32521,0.8443619,-1,-1,-1
344,378,621.266,71.57424,77.773254,47.498863,0.84994036,-1,-1,-1
344,387,497.8793,62.889645,75.14041,64.016266,0.721621,-1,-1,-1
344,462,340.6064,211.77664,121.47699,68.73602,0.8523603,-1,-1,-1
344,455,254.38043,288.55173,139.96478,97.66858,0.85083365,-1,-1,-1
344,475,351.0806,316.63974,292.75308,223.36026,0.45907623,-1,-1,-1
344,476,569.1748,4.2720933,62.52246,34.343864,0.85030955,-1,-1,-1
344,479,0.0,263.58356,40.774494,67.95737,0.7019231,-1,-1,-1
344,500,0.0,227.38644,35.615726,94.82031,0.43309265,-1,-1,-1
345,373,402.75204,138.96097,102.65805,53.04277,0.8156701,-1,-1,-1
345,437,69.56935,190.78949,93.04317,63.968338,0.85591125,-1,-1,-1
345,378,623.56726,70.37944,77.947815,47.412743,0.844324,-1,-1,-1
345,387,497.41394,62.93181,76.01935,65.03298,0.7142122,-1,-1,-1
345,462,334.84882,209.39822,122.04736,69.723236,0.8331644,-1,-1,-1
345,455,251.47867,287.57312,140.29706,96.148254,0.8243454,-1,-1,-1
345,475,345.279,314.8187,302.41876,225.1813,0.52561957,-1,-1,-1
345,476,566.3012,4.776471,62.67639,34.76573,0.8011289,-1,-1,-1
345,479,0.0,267.62183,43.056477,63.38095,0.74779654,-1,-1,-1
345,500,0.0,229.80629,37.431213,92.435165,0.43483207,-1,-1,-1
346,373,408.51495,137.59949,100.44165,52.587692,0.8024776,-1,-1,-1
346,437,67.49428,188.81747,93.28198,64.49278,0.86945915,-1,-1,-1
346,378,626.2479,69.40345,77.78699,47.081505,0.8400356,-1,-1,-1
346,387,497.658,62.95778,75.21579,65.16048,0.7459574,-1,-1,-1
346,462,330.7572,206.83932,121.47211,70.30942,0.85782975,-1,-1,-1
346,455,247.62283,286.29736,139.88742,95.81998,0.818087,-1,-1,-1
346,475,342.41196,314.1531,306.05875,225.8469,0.5775498,-1,-1,-1
346,476,562.66174,5.711206,62.772827,34.500263,0.81147724,-1,-1,-1
346,479,0.04884331,269.7984,45.273922,61.38318,0.7484789,-1,-1,-1
346,500,0.0,231.35826,38.2463,90.40834,0.388909,-1,-1,-1
346,501,357.5751,38.172012,21.539185,19.520832,0.32826188,-1,-1,-1
347,373,413.82343,136.21626,98.53223,52.80606,0.81922233,-1,-1,-1
347,437,66.08233,187.34135,92.323814,63.90062,0.8665163,-1,-1,-1
347,378,627.19366,68.63898,78.88025,45.9373,0.8557875,-1,-1,-1
347,387,496.96783,63.05875,76.082275,65.85812,0.72966254,-1,-1,-1
347,462,326.6298,204.9261,119.57675,70.05406,0.8488629,-1,-1,-1
347,455,244.1019,285.30267,140.13971,94.170746,0.82457453,-1,-1,-1
347,475,342.26627,314.0905,305.78122,225.90948,0.5872705,-1,-1,-1
347,476,560.0988,6.218982,62.267395,35.04424,0.82379526,-1,-1,-1
347,479,0.06623945,271.95688,47.4668,58.39508,0.7364021,-1,-1,-1
347,500,0.0,245.5066,44.473076,83.973495,0.6693245,-1,-1,-1
348,373,418.19162,134.93228,99.09085,53.12683,0.82974464,-1,-1,-1
348,437,64.1402,186.21632,91.46695,63.353317,0.85462296,-1,-1,-1
348,378,630.4174,67.50085,77.93109,46.197388,0.83483905,-1,-1,-1
348,387,496.75092,63.32114,76.51337,68.627975,0.7178185,-1,-1,-1
348,462,321.42282,203.54352,120.218506,68.879944,0.82954675,-1,-1,-1
348,455,242.79208,284.08423,139.26437,93.0997,0.8352669,-1,-1,-1
348,475,343.66296,314.35748,304.771,225.64252,0.5597883,-1,-1,-1
348,476,557.745,6.717764,61.835754,35.654465,0.81566066,-1,-1,-1
348,479,0.0,275.44507,48.577812,54.43405,0.7336342,-1,-1,-1
348,500,0.0,252.2824,47.283867,79.48561,0.6397318,-1,-1,-1
348,504,319.67188,372.2675,261.73438,167.73251,0.3314306,-1,-1,-1
349,373,423.20117,133.87602,98.155396,53.00699,0.8356087,-1,-1,-1
349,437,62.910385,185.10826,89.948685,62.63286,0.8462395,-1,-1,-1
349,378,632.7716,66.10065,77.18866,47.044167,0.853371,-1,-1,-1
349,387,496.12158,63.43455,78.32782,66.38765,0.75620395,-1,-1,-1
349,462,317.34818,201.96698,118.29202,68.46063,0.85223335,-1,-1,-1
349,455,241.26842,282.91293,138.57774,92.723755,0.8352103,-1,-1,-1
349,475,342.601,314.06326,306.39758,225.93674,0.55582494,-1,-1,-1
349,476,554.0643,7.493887,63.030945,36.058426,0.83170027,-1,-1,-1
349,479,0.0,276.9031,49.71268,53.066345,0.7827814,-1,-1,-1
349,500,0.0,251.6335,49.424583,81.222275,0.668913,-1,-1,-1
349,504,319.25452,372.2862,261.8053,167.71002,0.35027942,-1,-1,-1
350,373,426.71085,132.8426,98.95175,54.353943,0.85774183,-1,-1,-1
350,437,61.13452,183.59885,89.102264,61.91205,0.8500096,-1,-1,-1
350,378,635.06946,64.81403,76.94336,46.99623,0.839769,-1,-1,-1
350,387,495.8591,63.35992,78.74094,68.95871,0.6820476,-1,-1,-1
350,462,312.5683,201.00423,116.93048,67.28688,0.85036504,-1,-1,-1
350,455,239.23209,280.59253,137.25299,94.14685,0.8352738,-1,-1,-1
350,475,341.84402,314.60767,307.8998,225.39233,0.5531485,-1,-1,-1
350,476,550.5263,8.386718,64.043335,36.2052,0.821632,-1,-1,-1
350,479,0.0,277.155,51.010212,52.60739,0.7502259,-1,-1,-1
350,500,0.0,250.6147,51.744938,81.336044,0.6713473,-1,-1,-1
350,504,319.67926,372.71344,260.89514,167.28577,0.36556128,-1,-1,-1
350,507,0.0,244.48837,41.772747,61.451385,0.40498146,-1,-1,-1
351,373,430.04684,131.57062,98.33273,53.457718,0.84745264,-1,-1,-1
351,437,58.753193,181.77492,88.403015,61.711853,0.8485067,-1,-1,-1
351,378,637.5191,63.37843,76.00867,47.43044,0.8487544,-1,-1,-1
351,387,496.0287,63.36219,78.44159,70.92185,0.63279396,-1,-1,-1
351,462,307.6506,199.63663,116.807495,66.526,0.8673651,-1,-1,-1
351,455,234.97264,277.4037,137.57472,94.8898,0.8158289,-1,-1,-1
351,475,342.8595,315.87936,306.6875,224.12064,0.4327068,-1,-1,-1
351,476,547.5152,9.374475,64.02002,36.48769,0.8128589,-1,-1,-1
351,479,0.0,271.31277,52.479675,59.075287,0.71761525,-1,-1,-1
351,500,0.0,248.32304,49.829536,80.72987,0.40809086,-1,-1,-1
351,504,313.31134,378.96423,260.76855,161.02527,0.28001207,-1,-1,-1
351,507,0.0,244.18245,43.85847,62.496384,0.41035008,-1,-1,-1
351,483,498.45792,63.665165,71.566864,49.359127,0.28231037,-1,-1,-1
352,373,435.56934,130.34819,95.63684,52.701263,0.8369438,-1,-1,-1
352,437,56.513245,180.26894,87.94974,61.93486,0.8617394,-1,-1,-1
352,378,638.8759,61.974823,76.55975,46.70565,0.8457128,-1,-1,-1
352,387,496.2418,63.359264,78.02487,73.1248,0.6903651,-1,-1,-1
352,462,303.22754,197.88065,116.557526,66.58661,0.8506314,-1,-1,-1
352,455,232.47852,276.58606,136.79025,93.822845,0.83982223,-1,-1,-1
352,475,340.29205,323.70428,301.00958,216.29572,0.4688847,-1,-1,-1
352,476,543.8399,10.305672,64.32172,37.09845,0.79889816,-1,-1,-1
352,479,0.0,274.82986,54.317036,55.22116,0.7312637,-1,-1,-1
352,500,0.055359405,246.8662,52.953297,83.98317,0.68902284,-1,-1,-1
352,504,314.68497,371.02243,262.92123,168.97409,0.2835685,-1,-1,-1
352,507,0.0,241.6008,45.33052,66.23642,0.36833522,-1,-1,-1
353,373,440.07162,129.1641,95.37363,52.029877,0.84342253,-1,-1,-1
353,437,54.32581,179.31686,87.123505,61.749313,0.8526027,-1,-1,-1
353,378,642.2102,61.01419,75.8172,47.28547,0.84514785,-1,-1,-1
353,387,495.98935,63.423187,79.35281,70.51602,0.75553834,-1,-1,-1
353,462,297.79507,196.11404,117.412415,66.41083,0.83891505,-1,-1,-1
353,455,230.02663,274.54358,135.8639,94.31052,0.8425423,-1,-1,-1
353,475,340.6609,317.6215,308.36108,222.37851,0.39842898,-1,-1,-1
353,476,540.41815,10.968589,64.53339,37.412487,0.8120253,-1,-1,-1
353,479,0.0,275.94833,55.75417,54.54605,0.7374568,-1,-1,-1
353,500,0.11201486,245.18022,54.905075,87.34917,0.7026237,-1,-1,-1
353,504,315.75928,369.3181,262.67487,170.68188,0.25599375,-1,-1,-1
353,507,0.0,240.01616,47.266422,68.80791,0.27152607,-1,-1,-1
353,509,843.35443,0.0,51.31555,21.890781,0.44033083,-1,-1,-1
354,373,444.06204,127.763054,94.97934,51.50994,0.83854115,-1,-1,-1
354,437,52.32037,177.34927,86.455765,62.223312,0.8486987,-1,-1,-1
354,378,645.0405,59.87016,74.7229,47.887096,0.84309644,-1,-1,-1
354,387,495.59058,63.67116,79.334045,70.58232,0.7531042,-1,-1,-1
354,462,293.35825,195.01456,115.39163,64.89011,0.8592544,-1,-1,-1
354,455,226.92192,273.10342,135.81743,93.8443,0.85322195,-1,-1,-1
354,475,339.6897,314.91187,312.16467,225.08813,0.43670204,-1,-1,-1
354,476,536.6263,11.923218,65.51251,37.64907,0.82916373,-1,-1,-1
354,479,0.046788834,275.9665,56.978416,54.890625,0.7918409,-1,-1,-1
354,500,0.2534529,244.18802,56.11226,89.37714,0.69635427,-1,-1,-1
354,504,315.8316,368.43283,263.03918,171.56717,0.27846003,-1,-1,-1
354,509,843.3734,0.0,51.336,21.90661,0.38149473,-1,-1,-1
355,373,446.89682,126.46749,96.2319,52.732994,0.8305322,-1,-1,-1
355,437,50.03417,175.3313,86.79854,62.98958,0.8701827,-1,-1,-1
355,378,647.4038,59.696743,73.75171,46.75758,0.8372682,-1,-1,-1
355,387,495.03897,63.96859,79.549225,70.84054,0.7657997,-1,-1,-1
355,462,289.4055,193.02534,114.65604,64.33858,0.8574313,-1,-1,-1
355,455,223.41837,272.32333,136.00693,92.210846,0.84298813,-1,-1,-1
355,475,337.11743,314.20718,316.0468,225.79282,0.30428943,-1,-1,-1
355,476,533.3442,12.897596,65.4129,37.85051,0.8190043,-1,-1,-1
355,479,0.92058724,276.33728,57.8043,54.543213,0.79422396,-1,-1,-1
355,500,0.27400294,249.60486,58.19381,84.36505,0.6669931,-1,-1,-1
355,509,843.38763,0.0,51.71942,22.513933,0.4220149,-1,-1,-1
356,373,455.51395,126.57279,91.00601,51.09008,0.8206809,-1,-1,-1
356,437,47.95531,173.88492,86.83273,62.85504,0.8579233,-1,-1,-1
356,378,649.6165,58.81307,73.588135,47.08666,0.843696,-1,-1,-1
356,387,494.7954,63.945953,79.17853,70.39084,0.77924556,-1,-1,-1
356,462,285.3482,191.09846,112.01688,64.29147,0.8605112,-1,-1,-1
356,455,220.34361,271.30493,136.92265,91.51517,0.8194304,-1,-1,-1
356,475,336.8646,323.41934,306.63705,216.58066,0.3171895,-1,-1,-1
356,476,529.955,13.611982,65.7547,38.11486,0.8590251,-1,-1,-1
356,479,1.2779802,276.44846,58.806736,55.168457,0.7639539,-1,-1,-1
356,500,0.05800528,245.03685,57.60395,91.82448,0.2571005,-1,-1,-1
356,509,843.2792,0.0,51.697266,22.943573,0.40852675,-1,-1,-1
357,373,461.0874,126.0975,87.96271,49.720444,0.8165747,-1,-1,-1
357,437,45.90101,172.86624,86.48992,62.297974,0.86532915,-1,-1,-1
357,378,652.0986,58.06588,73.03339,46.38723,0.8448434,-1,-1,-1
357,387,495.33072,63.627113,79.03427,69.67303,0.7904057,-1,-1,-1
357,462,281.85168,190.0096,111.10013,64.21242,0.8570541,-1,-1,-1
357,455,218.66325,269.76187,135.28557,91.50455,0.8443912,-1,-1,-1
357,475,335.5224,326.37064,304.26245,213.62936,0.30775893,-1,-1,-1
357,476,526.5427,14.428769,65.7724,37.716187,0.8170607,-1,-1,-1
357,479,1.0406015,276.50446,60.9831,55.380096,0.80166405,-1,-1,-1
357,500,0.0,250.07582,60.408337,86.083145,0.6971377,-1,-1,-1
357,509,843.3571,0.0015031382,51.569153,22.739212,0.36617416,-1,-1,-1
358,373,466.43503,125.59495,86.026886,48.994225,0.84482366,-1,-1,-1
358,437,44.396038,171.8807,85.80261,62.278625,0.8604486,-1,-1,-1
358,378,654.4684,57.8416,72.99951,45.40924,0.82522494,-1,-1,-1
358,387,495.5695,63.411377,79.13724,67.603134,0.75552887,-1,-1,-1
358,462,277.74304,187.61075,109.79175,65.211044,0.8536388,-1,-1,-1
358,455,216.2375,268.4298,134.42183,91.13913,0.85446507,-1,-1,-1
358,475,335.983,318.30865,313.13004,221.69135,0.42634794,-1,-1,-1
358,476,522.2166,15.443158,67.00824,37.389015,0.8196508,-1,-1,-1
358,479,1.0786763,276.63348,62.216995,55.86795,0.7791768,-1,-1,-1
358,500,0.0,252.3241,61.873596,83.99036,0.69191754,-1,-1,-1
358,509,843.5629,0.0,51.615417,22.858189,0.31125215,-1,-1,-1
358,504,313.87228,366.61014,265.29306,173.3768,0.25448275,-1,-1,-1
359,373,470.40466,125.13145,84.5827,47.85755,0.8401071,-1,-1,-1
359,437,42.475082,171.15584,85.846436,60.934906,0.8562591,-1,-1,-1
359,378,656.51843,56.91382,73.71765,44.29323,0.841883,-1,-1,-1
359,387,496.93747,63.385864,77.54477,65.73273,0.7280119,-1,-1,-1
359,462,273.1434,185.41467,108.648285,65.20566,0.8551099,-1,-1,-1
359,455,213.48997,266.3552,133.17513,91.12564,0.8382444,-1,-1,-1
359,475,334.80386,315.26947,319.03226,224.73053,0.4204323,-1,-1,-1
359,476,519.2607,16.543371,67.335754,36.892754,0.81070405,-1,-1,-1
359,479,0.89858544,277.06085,63.927006,55.480835,0.76345,-1,-1,-1
359,500,0.0,251.41072,63.487263,84.98714,0.7206003,-1,-1,-1
360,373,474.8408,123.17365,84.0477,47.679665,0.8511765,-1,-1,-1
360,437,40.15114,170.5667,86.30405,59.52202,0.83990514,-1,-1,-1
360,378,658.8855,55.610237,74.54443,44.82035,0.828685,-1,-1,-1
360,387,497.97815,63.572056,76.90454,63.758625,0.77911067,-1,-1,-1
360,462,269.13278,183.83078,107.89377,64.480865,0.8668474,-1,-1,-1
360,455,210.8954,264.10385,132.94969,91.63388,0.84143263,-1,-1,-1
360,475,334.46915,313.4219,321.94235,226.5781,0.48557886,-1,-1,-1
360,476,516.251,17.272554,66.133484,36.926086,0.805697,-1,-1,-1
360,479,1.3559556,275.95633,64.00777,57.08719,0.7511002,-1,-1,-1
360,500,0.0,250.53001,64.83937,86.05385,0.7405756,-1,-1,-1
361,373,476.64847,121.52739,85.03519,46.867996,0.83820564,-1,-1,-1
361,437,37.467457,169.95079,86.94385,58.642868,0.86272234,-1,-1,-1
361,378,660.68445,55.151382,74.33411,43.957687,0.8403541,-1,-1,-1
361,387,498.7786,63.275734,76.46176,61.725433,0.8053039,-1,-1,-1
361,462,265.58432,182.02193,105.739075,63.713684,0.8574814,-1,-1,-1
361,455,207.68002,262.45435,132.88562,91.47424,0.8440565,-1,-1,-1
361,475,331.99356,310.73502,328.14407,229.26498,0.49178472,-1,-1,-1
361,476,512.9143,17.870407,66.66724,37.241077,0.8191974,-1,-1,-1
361,479,1.6453838,275.2792,64.54673,57.95279,0.74467486,-1,-1,-1
361,500,0.89892787,249.65712,65.48373,86.59923,0.694522,-1,-1,-1
361,511,364.4215,280.8444,360.93738,259.1556,0.45893487,-1,-1,-1
362,373,479.8449,120.04748,85.73126,47.483177,0.85959446,-1,-1,-1
362,437,35.585266,168.05095,87.29963,59.774048,0.8720679,-1,-1,-1
362,378,662.73096,54.11405,74.34839,44.121613,0.84439516,-1,-1,-1
362,387,499.94766,62.95213,74.691376,59.254055,0.82294905,-1,-1,-1
362,462,261.34387,181.05724,105.07785,63.02919,0.8862036,-1,-1,-1
362,455,204.9967,261.03784,131.84723,90.46942,0.85777587,-1,-1,-1
362,475,336.01923,311.82327,327.01953,228.17673,0.5668678,-1,-1,-1
362,476,509.52457,18.803598,67.26004,37.67591,0.8169604,-1,-1,-1
362,479,1.532446,274.31848,65.24208,59.164124,0.7286614,-1,-1,-1
362,500,1.0688304,250.03517,66.00866,86.15755,0.6957498,-1,-1,-1
362,511,367.10583,285.08942,355.66534,254.91058,0.67590415,-1,-1,-1
362,504,318.2568,365.3563,261.21597,174.62167,0.25708628,-1,-1,-1
363,373,481.87918,119.04414,86.77652,47.124313,0.86786324,-1,-1,-1
363,437,33.787678,166.76251,86.5379,59.159836,0.86790246,-1,-1,-1
363,378,665.01825,52.688847,73.17255,44.532352,0.8420867,-1,-1,-1
363,387,501.01556,62.702156,73.03009,57.871574,0.8056247,-1,-1,-1
363,462,257.87387,179.01437,104.6315,62.904404,0.874964,-1,-1,-1
363,455,203.30173,260.1705,129.78314,89.44702,0.8496786,-1,-1,-1
363,475,331.80927,315.4342,337.4223,224.5658,0.6057846,-1,-1,-1
363,476,506.47287,19.70662,67.66281,37.5119,0.81893146,-1,-1,-1
363,479,1.0228746,274.65826,68.140976,58.71704,0.7322344,-1,-1,-1
363,500,1.3218646,249.42421,66.70555,87.00865,0.69154865,-1,-1,-1
363,511,370.50916,289.35272,349.6261,250.64728,0.7650276,-1,-1,-1
364,373,482.57642,117.78031,89.90088,46.571037,0.8253012,-1,-1,-1
364,437,31.843542,165.08495,86.084526,59.33174,0.85264015,-1,-1,-1
364,378,667.9286,51.353947,72.62616,43.6309,0.85328645,-1,-1,-1
364,387,502.4956,63.57339,70.51306,55.882458,0.7495243,-1,-1,-1
364,462,253.63194,177.31407,103.28554,62.94467,0.87313557,-1,-1,-1
364,455,200.0132,260.23126,131.06822,87.63696,0.83784837,-1,-1,-1
364,475,331.3815,318.06567,339.2372,221.93433,0.6941879,-1,-1,-1
364,476,502.91885,20.528147,67.51779,37.4776,0.8184356,-1,-1,-1
364,479,0.31464946,273.74673,70.61334,60.317963,0.75057507,-1,-1,-1
364,500,1.081118,250.96983,68.53339,86.15758,0.70516044,-1,-1,-1
364,511,371.70755,291.9765,346.65207,248.0235,0.7564281,-1,-1,-1
365,373,485.7164,115.44635,89.6741,47.826965,0.83836573,-1,-1,-1
365,437,30.23399,163.57939,85.114746,59.10498,0.8631212,-1,-1,-1
365,378,670.4839,50.047623,72.06354,44.826454,0.83718693,-1,-1,-1
365,387,502.34808,63.785366,70.73602,54.335423,0.7525333,-1,-1,-1
365,462,249.40796,176.15297,103.15503,62.24318,0.88770235,-1,-1,-1
365,455,196.46909,258.67123,132.27823,87.108,0.82984227,-1,-1,-1
365,475,341.24182,311.61386,347.47607,228.38614,0.8012669,-1,-1,-1
365,476,498.88702,21.317957,68.20526,37.638847,0.8215905,-1,-1,-1
365,500,0.71976584,255.95491,70.64134,79.81535,0.7284564,-1,-1,-1
365,511,388.1533,286.7869,341.88986,253.2131,0.56844294,-1,-1,-1
365,504,313.45142,342.3732,325.09662,197.6268,0.5016682,-1,-1,-1
366,373,490.97845,113.988174,88.07245,48.350952,0.86623853,-1,-1,-1
366,437,28.399656,161.96799,83.65312,57.929153,0.851315,-1,-1,-1
366,378,672.99866,48.74685,71.45776,45.027824,0.84824646,-1,-1,-1
366,387,503.73068,64.17829,68.92844,52.501213,0.74388885,-1,-1,-1
366,462,245.7338,174.01646,102.788086,61.903122,0.8615059,-1,-1,-1
366,455,193.90535,257.3768,130.91585,86.65091,0.84707385,-1,-1,-1
366,475,336.37973,317.3829,342.96024,222.6171,0.7874989,-1,-1,-1
366,476,494.71414,22.401823,69.47818,37.68431,0.8070545,-1,-1,-1
366,500,0.36449593,258.5693,72.28283,77.084045,0.7237707,-1,-1,-1
366,511,380.90863,294.93356,336.52063,245.06644,0.7218421,-1,-1,-1
367,373,494.9946,112.75397,86.648895,47.420288,0.8357641,-1,-1,-1
367,437,26.760984,160.97095,83.27456,57.491226,0.8725073,-1,-1,-1
367,378,675.1326,47.07886,70.43866,45.31937,0.8515607,-1,-1,-1
367,387,503.48416,64.49249,69.78824,50.92713,0.6972461,-1,-1,-1
367,462,242.45633,171.92032,100.50711,61.918045,0.8605259,-1,-1,-1
367,455,190.50958,255.54391,130.45938,87.02222,0.845116,-1,-1,-1
367,475,336.03824,321.74698,336.44162,218.25302,0.7855832,-1,-1,-1
367,476,492.76324,23.441006,66.75714,37.771626,0.8119441,-1,-1,-1
367,500,0.5398893,255.18507,73.48159,82.0591,0.740005,-1,-1,-1
367,511,379.26453,300.6555,334.20233,239.34451,0.5388505,-1,-1,-1
368,373,501.0665,112.400276,83.65689,47.38668,0.8205564,-1,-1,-1
368,437,25.57265,160.23242,82.89615,56.95581,0.8525535,-1,-1,-1
368,378,677.3305,46.372425,70.57886,44.65247,0.855627,-1,-1,-1
368,387,504.37573,64.53553,69.784546,50.85083,0.58196187,-1,-1,-1
368,462,238.70746,170.13214,100.5282,61.320312,0.8460579,-1,-1,-1
368,455,187.55507,253.59709,130.50911,86.01616,0.84086317,-1,-1,-1
368,475,338.74738,325.07047,328.8051,214.92953,0.81296444,-1,-1,-1
368,476,489.36145,23.932325,67.03992,37.945168,0.8121054,-1,-1,-1
368,500,0.6675737,255.00426,74.595146,83.139175,0.7448188,-1,-1,-1
368,511,378.71768,303.45242,334.83878,236.53372,0.4020729,-1,-1,-1
369,373,505.75906,111.30343,82.1124,46.39747,0.83768994,-1,-1,-1
369,437,23.803612,159.16507,83.21153,56.903015,0.8558599,-1,-1,-1
369,378,679.3364,45.175694,70.82788,44.608654,0.85162765,-1,-1,-1
369,387,501.9366,65.31292,72.25711,48.635086,0.62276167,-1,-1,-1
369,462,235.1956,168.79861,99.33635,60.97496,0.8556378,-1,-1,-1
369,455,184.4149,251.86185,129.90465,85.85547,0.84435076,-1,-1,-1
369,475,339.90878,326.13666,326.61386,213.86334,0.82506466,-1,-1,-1
369,476,485.01923,24.387922,68.64923,38.31447,0.83164155,-1,-1,-1
369,500,0.69980127,254.26727,75.973976,84.065125,0.73065734,-1,-1,-1
369,511,379.4599,306.26834,333.0843,233.7236,0.40038264,-1,-1,-1
369,504,314.8434,353.94598,313.20425,185.70221,0.30919662,-1,-1,-1
370,373,509.76425,109.553085,80.66818,46.419464,0.8222534,-1,-1,-1
370,437,22.42817,157.70277,82.524376,57.390152,0.8569937,-1,-1,-1
370,378,681.8552,44.933784,69.49786,42.655846,0.8640165,-1,-1,-1
370,387,499.90228,65.92088,74.5697,47.239098,0.7094616,-1,-1,-1
370,462,231.68054,167.34976,97.982025,60.74942,0.8776019,-1,-1,-1
370,455,182.29135,250.08391,128.98718,86.462814,0.8545914,-1,-1,-1
370,475,337.14398,326.09927,325.91296,213.90073,0.78168213,-1,-1,-1
370,476,481.6166,25.098408,69.155365,38.18592,0.8326749,-1,-1,-1
370,500,0.23282912,254.9369,78.12103,83.23787,0.7366334,-1,-1,-1
370,511,377.319,305.96423,335.8558,234.02985,0.34451976,-1,-1,-1
371,373,511.39838,107.57149,82.37854,46.636444,0.758025,-1,-1,-1
371,437,20.53833,156.69652,81.91269,56.618668,0.8576992,-1,-1,-1
371,378,683.6229,44.391933,69.87836,42.209194,0.83976424,-1,-1,-1
371,387,500.2031,65.08651,75.26694,49.032295,0.65429485,-1,-1,-1
371,462,228.64702,165.92268,97.26503,59.58966,0.87095535,-1,-1,-1
371,455,180.14473,249.03436,127.62608,85.60867,0.85481447,-1,-1,-1
371,475,335.28635,326.4262,324.8337,213.57379,0.73402774,-1,-1,-1
371,476,477.74356,26.053465,70.72232,38.059967,0.816919,-1,-1,-1
371,500,0.07265193,256.5883,79.480225,81.52908,0.7486805,-1,-1,-1
371,511,374.5353,303.49948,339.4868,236.49478,0.30938417,-1,-1,-1
372,373,513.87476,106.73632,82.61255,46.460136,0.7384253,-1,-1,-1
372,437,18.02384,155.05487,82.16525,56.274734,0.8612936,-1,-1,-1
372,378,685.0672,43.854984,70.74939,42.4649,0.8446402,-1,-1,-1
372,387,499.4212,65.46705,74.93768,48.048264,0.58706695,-1,-1,-1
372,462,225.19218,164.80856,96.86247,58.9218,0.87186927,-1,-1,-1
372,455,176.85133,248.75948,127.08009,83.82161,0.8486036,-1,-1,-1
372,475,342.9552,324.1648,314.00842,215.8352,0.6699183,-1,-1,-1
372,476,473.87378,27.06851,71.30359,37.823265,0.83647734,-1,-1,-1
372,500,0.0,258.30933,80.49242,79.470245,0.76143146,-1,-1,-1
372,511,376.10257,302.70612,339.5776,237.29388,0.412659,-1,-1,-1
372,504,312.08444,357.50443,310.43234,182.31863,0.2580708,-1,-1,-1
373,373,515.1266,104.29297,84.84277,47.13855,0.72052,-1,-1,-1
373,437,16.19665,153.58688,81.502495,56.18959,0.85282946,-1,-1,-1
373,378,686.9245,43.0969,70.34357,42.734573,0.8386507,-1,-1,-1
373,387,498.64053,65.629105,75.07742,47.736862,0.5498729,-1,-1,-1
373,462,221.30502,162.71799,95.700714,59.246506,0.8801216,-1,-1,-1
373,455,174.21841,247.474,127.51721,83.44177,0.85108054,-1,-1,-1
373,476,471.0148,28.109116,70.91861,37.66555,0.8313858,-1,-1,-1
373,500,0.0,259.52884,81.312195,78.186005,0.7755672,-1,-1,-1
373,504,322.01624,345.48117,310.497,194.49442,0.37690172,-1,-1,-1
374,373,515.3657,100.753746,87.32086,49.5223,0.7308883,-1,-1,-1
374,437,14.596264,151.79543,81.55461,56.686813,0.8403839,-1,-1,-1
374,378,688.59454,42.700638,70.13324,42.15303,0.8463027,-1,-1,-1
374,387,498.61105,65.56142,74.66086,47.872604,0.56324565,-1,-1,-1
374,462,218.39926,161.05135,94.585144,58.7108,0.8581744,-1,-1,-1
374,455,171.82619,245.61223,126.00966,83.00456,0.8454171,-1,-1,-1
374,476,467.63782,29.261044,70.839905,37.71892,0.8228109,-1,-1,-1
374,500,0.0,259.20483,81.84075,78.53015,0.78248256,-1,-1,-1
374,504,324.0586,341.2307,310.4679,198.65826,0.2923198,-1,-1,-1
375,373,518.0366,99.51274,87.73724,49.36087,0.63092726,-1,-1,-1
375,437,12.495545,150.2852,81.05796,56.795944,0.8679524,-1,-1,-1
375,378,690.8083,42.085846,70.30994,41.96984,0.8569064,-1,-1,-1
375,387,498.2338,65.83522,74.74704,47.14457,0.5586774,-1,-1,-1
375,462,214.89423,160.02124,93.73465,57.19934,0.8528313,-1,-1,-1
375,455,168.76799,243.39598,126.018875,82.49083,0.8539116,-1,-1,-1
375,476,463.92712,30.039465,70.96338,38.176804,0.82668084,-1,-1,-1
375,500,0.3169739,257.86563,82.19295,80.22812,0.7809431,-1,-1,-1
376,373,527.84155,99.0767,81.14447,48.70948,0.8055076,-1,-1,-1
376,437,11.311171,148.16226,80.42975,56.68573,0.8476018,-1,-1,-1
376,378,692.3547,41.466816,70.25897,42.292744,0.84190005,-1,-1,-1
376,387,498.3395,65.79499,74.2236,47.8142,0.5533002,-1,-1,-1
376,462,210.98863,158.83737,92.80614,56.917465,0.8591846,-1,-1,-1
376,455,166.5716,241.3239,125.00894,82.729416,0.8553103,-1,-1,-1
376,476,461.15222,30.719793,70.87329,38.253525,0.83223766,-1,-1,-1
376,500,0.06965458,257.65094,82.98439,80.29935,0.7913812,-1,-1,-1
376,509,843.6031,0.25089267,53.481567,25.198572,0.30848038,-1,-1,-1
377,373,533.56683,98.72556,77.994385,47.94097,0.8346953,-1,-1,-1
377,437,9.816406,147.0343,79.939316,56.02176,0.83418375,-1,-1,-1
377,378,695.00714,40.622265,69.27942,42.07964,0.83962023,-1,-1,-1
377,387,498.07278,65.836136,74.40054,48.476875,0.5781344,-1,-1,-1
377,462,207.27087,156.93124,92.71399,57.495483,0.87908417,-1,-1,-1
377,455,164.63634,239.0118,125.03966,84.161545,0.8425765,-1,-1,-1
377,476,458.79254,31.633366,70.50787,37.785152,0.8278507,-1,-1,-1
377,500,0.14597063,257.46048,83.86068,80.727295,0.78179914,-1,-1,-1
377,509,843.3766,0.40634114,53.69757,25.064146,0.2934987,-1,-1,-1
378,373,537.3226,97.37387,77.11322,47.502808,0.80249196,-1,-1,-1
378,437,8.194684,145.83553,79.746925,56.034637,0.83723205,-1,-1,-1
378,378,697.47736,40.170444,68.14032,41.923428,0.8511923,-1,-1,-1
378,387,498.43637,65.79886,74.352936,49.64379,0.43648854,-1,-1,-1
378,462,204.40538,155.43344,92.66164,56.534378,0.87235403,-1,-1,-1
378,455,162.49776,238.08453,123.17973,83.506165,0.8687838,-1,-1,-1
378,476,455.14108,32.494316,70.92941,37.627266,0.8212024,-1,-1,-1
378,500,0.069915,257.7075,85.22388,81.28433,0.7866409,-1,-1,-1
378,509,843.43713,0.25973308,54.018982,25.374174,0.32154155,-1,-1,-1
379,373,541.2692,95.8074,76.55939,47.81334,0.7914107,-1,-1,-1
379,437,6.6765895,144.13422,78.81512,55.909943,0.8489969,-1,-1,-1
379,378,699.63043,39.347046,67.22583,41.68061,0.84993416,-1,-1,-1
379,387,498.36673,65.81017,75.068146,50.443283,0.31791908,-1,-1,-1
379,462,201.12253,154.48099,92.14691,55.54001,0.8453536,-1,-1,-1
379,455,159.29237,237.04755,122.91438,82.08386,0.8675499,-1,-1,-1
379,476,451.6286,33.259254,71.64545,38.155624,0.84112984,-1,-1,-1
379,500,0.7268505,256.9619,85.301926,82.4028,0.76608586,-1,-1,-1
379,509,843.64764,0.1090737,54.05841,25.537485,0.34725192,-1,-1,-1
380,373,545.06964,93.31604,76.818054,48.457397,0.8153278,-1,-1,-1
380,437,5.258295,143.3105,77.61306,54.81064,0.84697044,-1,-1,-1
380,378,702.4731,37.867134,64.81708,42.05107,0.8511058,-1,-1,-1
380,462,197.9072,152.95648,91.15686,55.55458,0.8829716,-1,-1,-1
380,455,156.5741,235.6993,122.10065,81.75484,0.85849744,-1,-1,-1
380,476,447.70673,33.70314,72.69269,38.57949,0.8280033,-1,-1,-1
380,500,0.615859,256.47614,86.23458,82.809326,0.7663322,-1,-1,-1
380,509,843.72327,0.08315422,53.983643,25.436857,0.3689503,-1,-1,-1
381,373,547.46436,91.39283,77.69403,48.77236,0.8345448,-1,-1,-1
381,437,4.4561667,142.02072,76.55324,54.264328,0.8282278,-1,-1,-1
381,378,704.1512,37.43618,65.50537,41.027374,0.8415135,-1,-1,-1
381,462,195.11917,150.79796,90.13367,56.098343,0.8824241,-1,-1,-1
381,455,153.5952,234.24803,122.64705,80.68886,0.8464843,-1,-1,-1
381,476,444.66504,34.14436,71.95001,39.04262,0.8553175,-1,-1,-1
381,500,0.2821223,255.22519,87.56982,83.957794,0.77104026,-1,-1,-1
381,509,844.19354,0.12477901,53.527893,25.38397,0.37210116,-1,-1,-1
382,373,550.5945,89.09505,77.88934,50.106506,0.8139123,-1,-1,-1
382,437,2.9113622,140.0834,76.32847,54.89839,0.85010755,-1,-1,-1
382,378,705.9008,36.644524,66.064514,41.07859,0.8317794,-1,-1,-1
382,462,191.5303,149.51508,90.017365,55.173218,0.85276747,-1,-1,-1
382,455,150.98518,232.00476,120.25853,80.31772,0.8720023,-1,-1,-1
382,476,440.53403,34.92087,73.387665,39.232716,0.83170307,-1,-1,-1
382,500,0.638966,255.59628,87.80018,83.65793,0.78837866,-1,-1,-1
382,509,844.169,0.04400998,53.812317,25.416033,0.3937132,-1,-1,-1
382,519,359.82007,39.293007,22.197662,20.165276,0.36808202,-1,-1,-1
382,387,498.73953,65.63289,76.56601,60.20051,0.2614946,-1,-1,-1
383,373,554.879,87.74287,76.01001,49.852028,0.8264106,-1,-1,-1
383,437,1.856716,138.06549,76.20406,55.40445,0.84507066,-1,-1,-1
383,378,707.7583,36.00436,65.54834,40.270435,0.8267883,-1,-1,-1
383,462,188.0292,148.31618,89.043915,54.854065,0.85009104,-1,-1,-1
383,455,148.33563,230.13853,119.764465,80.80583,0.8739387,-1,-1,-1
383,476,436.69553,35.56034,73.58865,38.997864,0.83507025,-1,-1,-1
383,500,0.19864702,255.07388,89.34101,83.605865,0.79786307,-1,-1,-1
383,519,360.01486,39.316315,22.08902,20.01358,0.55148506,-1,-1,-1
383,387,498.06305,64.86153,77.46985,66.62329,0.50643206,-1,-1,-1
384,373,559.86273,87.08549,73.25726,49.414818,0.8360723,-1,-1,-1
384,437,0.84403,136.67278,75.023544,55.560272,0.8287372,-1,-1,-1
384,378,709.93176,35.49809,65.04974,39.820576,0.8432011,-1,-1,-1
384,462,184.80649,146.78497,88.85339,54.98697,0.8663675,-1,-1,-1
384,455,145.5462,228.62767,120.23984,81.0555,0.856548,-1,-1,-1
384,476,432.82205,36.39067,74.48132,38.925323,0.8307953,-1,-1,-1
384,500,0.0,255.26483,90.22052,83.32706,0.8044971,-1,-1,-1
384,519,360.1628,39.196373,21.92685,20.204243,0.5421196,-1,-1,-1
384,387,497.95612,65.53091,77.602905,61.025284,0.5525232,-1,-1,-1
385,373,562.2772,86.29116,72.90155,48.936943,0.84225035,-1,-1,-1
385,437,0.45962065,135.62646,72.60538,55.271484,0.8287502,-1,-1,-1
385,378,712.401,34.736446,63.67572,39.639553,0.84715503,-1,-1,-1
385,462,182.65929,145.0792,87.035965,54.9263,0.86758226,-1,-1,-1
385,455,143.53165,227.14783,120.44205,80.908325,0.85348916,-1,-1,-1
385,476,428.8406,36.92417,75.25543,39.14431,0.8159258,-1,-1,-1
385,500,0.06307551,256.022,90.9107,82.76401,0.8086833,-1,-1,-1
385,519,360.1654,39.094475,21.974274,20.369316,0.49333587,-1,-1,-1
385,387,497.30295,65.916954,78.49301,59.156754,0.55375695,-1,-1,-1
385,520,447.66083,323.90854,212.34253,188.67966,0.3228936,-1,-1,-1
386,373,565.9846,84.6113,71.61731,49.02153,0.8461799,-1,-1,-1
386,437,0.05105717,134.39842,71.08027,54.947083,0.82345253,-1,-1,-1
386,378,714.72473,34.16481,62.755005,39.013626,0.84182614,-1,-1,-1
386,462,180.10535,143.19322,86.34625,54.589233,0.8502023,-1,-1,-1
386,455,140.72166,226.21356,119.320694,79.947845,0.8586807,-1,-1,-1
386,476,425.28607,37.609756,76.00308,39.116165,0.8138104,-1,-1,-1
386,500,0.07379859,256.89197,91.810265,82.22458,0.81274366,-1,-1,-1
386,519,360.4932,38.77706,21.875916,20.715,0.43090764,-1,-1,-1
386,387,497.44037,66.03454,77.89508,56.432228,0.6921372,-1,-1,-1
386,520,442.9944,324.91125,210.49786,186.29645,0.4595763,-1,-1,-1
387,373,569.1248,83.34009,70.98096,48.494827,0.84219456,-1,-1,-1
387,437,0.28094697,132.50308,68.005974,55.729477,0.8363129,-1,-1,-1
387,378,716.72864,32.578403,62.582214,39.874973,0.8395948,-1,-1,-1
387,462,176.76921,141.84471,85.29985,54.267365,0.84984416,-1,-1,-1
387,455,138.06108,225.3796,117.90828,79.30449,0.8715361,-1,-1,-1
387,476,421.53345,38.441696,76.45859,38.35791,0.83500665,-1,-1,-1
387,500,0.071777575,257.04898,92.4243,82.46225,0.8173167,-1,-1,-1
387,519,360.63046,38.774387,21.965912,20.835392,0.4929099,-1,-1,-1
387,387,497.6,66.06709,77.50107,55.830452,0.6815784,-1,-1,-1
387,520,434.77185,321.32324,211.758,187.81854,0.4797169,-1,-1,-1
388,373,571.4609,81.98941,71.80829,47.98326,0.84663194,-1,-1,-1
388,437,0.27784094,130.9742,65.54457,56.017,0.81053424,-1,-1,-1
388,378,717.4668,31.884645,63.658264,39.610832,0.8389364,-1,-1,-1
388,462,173.16016,140.4075,85.83212,53.938293,0.8692406,-1,-1,-1
388,455,136.15608,223.99376,116.15201,78.17912,0.86821014,-1,-1,-1
388,476,417.79834,39.150734,77.592926,38.07859,0.844836,-1,-1,-1
388,500,0.0,257.553,93.27105,82.04382,0.8217759,-1,-1,-1
388,519,360.86456,38.183853,21.989075,21.424282,0.38785878,-1,-1,-1
388,387,496.9209,65.79485,78.61853,61.02556,0.652209,-1,-1,-1
388,520,438.23578,319.90927,205.14392,188.08841,0.62793833,-1,-1,-1
389,373,575.05927,80.563995,71.448975,47.71707,0.8465361,-1,-1,-1
389,437,0.083280705,128.70107,64.0382,56.77571,0.7940895,-1,-1,-1
389,378,718.51294,30.475317,64.51813,40.4756,0.8339729,-1,-1,-1
389,462,170.17598,138.83398,85.023315,53.498856,0.8621506,-1,-1,-1
389,455,133.7498,222.11205,115.02582,77.06648,0.8673522,-1,-1,-1
389,476,414.18326,39.886616,77.55054,37.941387,0.8520538,-1,-1,-1
389,500,0.0,257.3791,94.09742,82.46881,0.83023095,-1,-1,-1
389,519,361.0309,37.511463,22.07257,22.04385,0.28320295,-1,-1,-1
389,387,496.85446,65.97876,77.73172,61.35221,0.6516121,-1,-1,-1
389,520,433.00757,323.81738,215.73236,178.27875,0.3955126,-1,-1,-1
390,373,578.2302,78.56538,70.94214,49.664085,0.8298992,-1,-1,-1
390,437,0.0,125.87144,62.80614,57.825005,0.7691046,-1,-1,-1
390,378,720.3848,29.496092,65.06824,40.60501,0.82679784,-1,-1,-1
390,462,166.82716,136.8543,84.801575,54.003754,0.84725213,-1,-1,-1
390,455,131.34946,221.0821,113.20912,76.708145,0.8842328,-1,-1,-1
390,476,411.33344,40.55295,76.939575,38.526585,0.8381834,-1,-1,-1
390,500,0.0,257.5607,94.638336,83.066956,0.8264389,-1,-1,-1
390,519,361.21198,37.242123,22.09787,22.351948,0.25101113,-1,-1,-1
390,387,496.88007,65.782845,78.49933,63.77999,0.65938586,-1,-1,-1
390,520,431.377,323.65094,217.94482,174.94077,0.7345405,-1,-1,-1
390,509,845.9123,0.007515817,53.6734,26.577803,0.2758296,-1,-1,-1
391,373,581.24664,77.29823,69.90381,49.574074,0.81928754,-1,-1,-1
391,437,0.0,122.87658,60.790054,59.460716,0.77366805,-1,-1,-1
391,378,722.38324,28.99169,64.55957,40.40677,0.85556984,-1,-1,-1
391,462,162.77898,135.13368,85.81448,54.495422,0.8502976,-1,-1,-1
391,455,128.66245,218.69197,112.82031,77.810715,0.8749348,-1,-1,-1
391,476,407.53238,40.90129,78.42401,38.38028,0.8152566,-1,-1,-1
391,500,0.09298925,257.1305,95.70843,83.53757,0.82751554,-1,-1,-1
391,387,496.907,65.55119,78.32761,66.16992,0.61358845,-1,-1,-1
391,520,426.18317,323.94406,228.53357,172.78775,0.55348694,-1,-1,-1
392,373,584.72833,75.8054,69.09662,49.04487,0.8462986,-1,-1,-1
392,437,0.0,112.81109,58.47869,68.52123,0.7879336,-1,-1,-1
392,378,724.1998,28.674404,64.20233,40.405025,0.8373312,-1,-1,-1
392,462,159.96246,134.02623,84.99837,54.34845,0.8565593,-1,-1,-1
392,455,125.99493,216.90562,113.068245,77.71413,0.86838126,-1,-1,-1
392,476,404.0605,41.51517,78.79007,38.40549,0.8441129,-1,-1,-1
392,500,0.25035876,257.18356,96.42858,83.54428,0.8267976,-1,-1,-1
392,387,497.27957,65.42265,77.89792,67.36308,0.6773694,-1,-1,-1
392,520,425.4253,321.9736,230.08728,168.79343,0.51800734,-1,-1,-1
393,373,587.9324,74.88227,68.94275,48.89563,0.84733987,-1,-1,-1
393,437,0.013412739,110.66011,56.595245,69.74945,0.7629622,-1,-1,-1
393,378,727.18164,28.04689,63.09546,40.245537,0.8126869,-1,-1,-1
393,462,157.52374,132.45917,84.01674,54.130157,0.86755043,-1,-1,-1
393,455,123.762924,215.60919,112.78255,77.19107,0.87216556,-1,-1,-1
393,476,400.77902,41.909008,78.92227,38.690617,0.8109546,-1,-1,-1
393,500,0.0817539,256.2593,97.42214,84.521454,0.82664865,-1,-1,-1
393,387,497.37967,65.84842,77.32352,68.88057,0.6360876,-1,-1,-1
393,520,417.98273,319.65146,237.461,165.95633,0.3119045,-1,-1,-1
393,519,361.53165,38.873375,22.10559,21.15438,0.28096747,-1,-1,-1
394,373,589.8159,73.977066,69.43713,48.849304,0.8427432,-1,-1,-1
394,437,0.039475325,112.50621,55.264908,66.65373,0.7824551,-1,-1,-1
394,378,729.2938,27.39339,62.93164,39.66312,0.8372541,-1,-1,-1
394,462,154.0131,130.5885,83.66559,54.388107,0.8806565,-1,-1,-1
394,455,122.17147,214.47235,110.15653,76.73599,0.8853784,-1,-1,-1
394,476,397.96545,42.60889,78.46109,38.68124,0.8146946,-1,-1,-1
394,500,0.029683175,255.95158,98.2988,85.075,0.8289827,-1,-1,-1
394,387,497.64737,65.96434,76.71414,69.8466,0.58384484,-1,-1,-1
394,520,419.37018,323.53152,228.25531,157.39124,0.38836902,-1,-1,-1
395,373,593.0283,72.65981,68.215454,48.68502,0.84728724,-1,-1,-1
395,437,0.0,116.25994,53.272194,61.646904,0.7895874,-1,-1,-1
395,378,731.3845,26.104893,62.051514,40.553715,0.8193532,-1,-1,-1
395,462,150.99712,128.86333,83.13086,54.64113,0.87676567,-1,-1,-1
395,455,119.29609,212.63765,108.75962,76.442215,0.8827155,-1,-1,-1
395,476,394.67038,43.09936,78.57828,38.678402,0.81017476,-1,-1,-1
395,500,0.065067306,256.19293,99.23347,85.276184,0.8296769,-1,-1,-1
395,387,497.669,65.864426,76.3999,70.888626,0.5769291,-1,-1,-1
395,520,418.56915,324.59152,226.30975,151.0715,0.5610131,-1,-1,-1
396,373,595.6202,71.759315,67.740845,47.654755,0.8359619,-1,-1,-1
396,437,0.0,116.49436,52.216644,60.072624,0.79029965,-1,-1,-1
396,378,733.6477,24.851454,62.17694,40.804054,0.8158307,-1,-1,-1
396,462,148.01913,127.610115,83.27658,53.58175,0.8673305,-1,-1,-1
396,455,116.198715,211.01553,109.043915,75.68002,0.8834091,-1,-1,-1
396,476,391.7522,43.951187,77.227844,38.12142,0.808882,-1,-1,-1
396,500,0.0,256.2187,100.04861,85.53894,0.82946783,-1,-1,-1
396,387,498.60663,65.88574,75.20453,71.619385,0.5135574,-1,-1,-1
396,520,414.56885,322.1185,229.90167,149.87839,0.5077837,-1,-1,-1
397,373,597.6429,70.51642,67.82086,46.817673,0.8429874,-1,-1,-1
397,437,0.0,115.60891,49.86835,59.36727,0.8028268,-1,-1,-1
397,378,735.55927,23.972414,61.97998,40.243065,0.8161081,-1,-1,-1
397,462,145.059,126.87239,83.1398,52.247543,0.8616568,-1,-1,-1
397,455,113.61773,209.97777,108.63204,74.560776,0.8919962,-1,-1,-1
397,476,388.10938,44.56686,76.938995,38.140842,0.8043555,-1,-1,-1
397,500,0.0,257.3058,100.84374,84.55298,0.823539,-1,-1,-1
397,387,498.5954,66.088356,74.480225,70.0949,0.46641323,-1,-1,-1
397,520,407.91534,320.96814,239.59863,150.69312,0.32707852,-1,-1,-1
397,522,293.36447,420.21426,235.53702,119.785736,0.31807822,-1,-1,-1
397,523,405.13776,343.02502,171.94891,123.46341,0.39988238,-1,-1,-1
398,373,600.29456,69.012344,68.2926,46.417747,0.82162434,-1,-1,-1
398,437,0.0,113.3829,46.976185,60.876717,0.7982991,-1,-1,-1
398,378,737.2334,23.191397,61.88202,40.271484,0.82112426,-1,-1,-1
398,462,142.56648,125.396545,81.20697,52.28627,0.86746573,-1,-1,-1
398,455,111.600105,208.97772,106.30927,73.50363,0.88488847,-1,-1,-1
398,476,384.91644,45.268967,76.75284,38.292976,0.79615057,-1,-1,-1
398,500,0.0,257.74194,101.77327,83.7724,0.8198977,-1,-1,-1
398,387,498.58694,66.14388,74.63217,69.37832,0.45217443,-1,-1,-1
398,522,293.4325,419.89474,235.84784,120.05844,0.30839583,-1,-1,-1
398,523,404.38992,342.56738,168.43057,121.60498,0.49426755,-1,-1,-1
399,373,603.09607,67.20504,67.916626,47.41195,0.81990856,-1,-1,-1
399,437,0.0,112.74738,43.644962,60.711082,0.79541236,-1,-1,-1
399,378,740.0075,22.673367,60.733215,39.237457,0.83337015,-1,-1,-1
399,462,140.29568,123.91729,80.137375,52.186943,0.87095994,-1,-1,-1
399,455,109.1146,206.87668,105.862755,73.98697,0.88230795,-1,-1,-1
399,476,381.69067,46.436516,75.74872,38.083298,0.81320316,-1,-1,-1
399,500,0.0,257.5664,102.99097,84.10928,0.82115114,-1,-1,-1
399,387,498.87363,66.14324,73.9595,61.70543,0.53069437,-1,-1,-1
399,522,294.12515,419.73718,234.79947,120.26282,0.3283033,-1,-1,-1
399,523,399.82657,341.19598,171.11197,115.661804,0.50623316,-1,-1,-1
399,509,844.89886,0.6186873,54.85028,26.492155,0.3804178,-1,-1,-1
399,520,400.66318,335.2973,232.3132,124.22562,0.28557047,-1,-1,-1
400,373,605.864,65.45206,67.24713,49.008858,0.8304677,-1,-1,-1
400,437,0.0,112.37613,41.04598,60.75029,0.7908567,-1,-1,-1
400,378,741.47046,22.725166,61.217102,37.84217,0.82572347,-1,-1,-1
400,462,137.15106,122.36882,79.31036,52.091873,0.8672048,-1,-1,-1
400,455,106.621254,204.85738,105.04624,74.03099,0.88117594,-1,-1,-1
400,476,378.18073,46.590366,77.165405,38.534283,0.7870848,-1,-1,-1
400,500,0.0,258.1123,104.538895,83.289795,0.8271202,-1,-1,-1
400,387,498.17728,66.48089,75.20706,64.94247,0.57918423,-1,-1,-1
400,522,293.975,420.09412,234.8046,119.90588,0.3653396,-1,-1,-1
400,523,396.52014,341.21365,163.53992,113.91885,0.5463569,-1,-1,-1
400,509,845.0581,0.32397774,54.71747,26.992657,0.42839664,-1,-1,-1
400,520,396.05118,338.0613,218.57315,117.208496,0.2964196,-1,-1,-1
401,373,607.94617,64.099525,67.57684,48.929054,0.8281745,-1,-1,-1
401,437,0.0,111.479164,38.78055,60.70832,0.75851077,-1,-1,-1
401,378,743.45624,22.262877,61.29962,37.27746,0.8514622,-1,-1,-1
401,462,134.65053,120.94205,79.12349,51.3387,0.86652505,-1,-1,-1
401,455,104.154106,203.48154,105.2853,73.48123,0.8853328,-1,-1,-1
401,476,374.80856,46.768185,78.3288,38.65835,0.7847169,-1,-1,-1
401,500,0.0,257.84344,105.24779,83.51895,0.82862943,-1,-1,-1
401,387,497.6634,66.34697,76.509766,67.06447,0.62189645,-1,-1,-1
401,522,292.95358,420.80548,234.36392,119.19452,0.2649457,-1,-1,-1
401,523,391.51346,339.0793,158.21622,113.45828,0.70583653,-1,-1,-1
401,509,845.019,0.2050823,54.74292,27.189701,0.399193,-1,-1,-1
401,525,499.04434,66.14481,73.69479,48.125526,0.6221872,-1,-1,-1
402,373,609.89124,62.846924,67.85602,48.287262,0.8269143,-1,-1,-1
402,437,0.0,109.64488,37.55271,60.929184,0.7389654,-1,-1,-1
402,378,745.601,21.439108,60.016724,37.14644,0.8345879,-1,-1,-1
402,462,131.24611,119.73971,78.70477,51.013863,0.8678533,-1,-1,-1
402,455,102.3397,202.46115,103.16334,72.07294,0.87428534,-1,-1,-1
402,476,372.08365,47.345375,77.77109,38.82531,0.80716854,-1,-1,-1
402,500,0.0,256.85388,105.83027,84.98932,0.8253204,-1,-1,-1
402,387,498.27704,66.433586,76.41846,69.0514,0.6634935,-1,-1,-1
402,523,386.7232,334.1571,162.78058,115.11862,0.7885932,-1,-1,-1
403,373,611.7588,62.124313,68.68042,47.053963,0.83576894,-1,-1,-1
403,437,0.0,105.52986,35.51696,63.490616,0.7100355,-1,-1,-1
403,378,747.51874,20.730661,59.29248,37.206,0.8263222,-1,-1,-1
403,462,127.90619,118.17752,79.14694,51.22397,0.8780525,-1,-1,-1
403,455,99.818855,200.89897,101.765114,71.48158,0.90463626,-1,-1,-1
403,476,369.14355,47.60976,78.10983,38.75298,0.80704606,-1,-1,-1
403,500,0.0,256.09195,106.86111,85.69495,0.8260121,-1,-1,-1
403,387,498.46582,66.42652,76.808044,69.78315,0.67888725,-1,-1,-1
403,523,382.72726,333.50446,158.49869,111.30621,0.7351948,-1,-1,-1
403,522,294.7236,420.01093,235.06345,119.989075,0.2573523,-1,-1,-1
403,509,845.2485,0.039197326,55.03369,27.961111,0.30269977,-1,-1,-1
404,373,615.5763,61.39706,67.23395,46.187572,0.8507861,-1,-1,-1
404,437,0.0,103.06118,33.395226,64.81393,0.7161603,-1,-1,-1
404,378,749.4576,20.158823,58.799683,36.91857,0.8168033,-1,-1,-1
404,462,124.809006,116.42291,79.34248,51.482376,0.8589595,-1,-1,-1
404,455,97.19782,199.36058,101.658165,71.123215,0.9047867,-1,-1,-1
404,476,366.59003,48.243237,77.81525,38.549793,0.8270194,-1,-1,-1
404,500,0.0,255.38919,107.812744,86.5499,0.81772935,-1,-1,-1
404,387,499.0943,66.56158,76.00702,69.6955,0.66810673,-1,-1,-1
404,523,379.24695,332.1784,158.53699,108.45499,0.73453945,-1,-1,-1
404,522,305.90884,421.6049,256.13907,118.39511,0.27571544,-1,-1,-1
404,509,845.69135,0.04873637,54.700012,28.34098,0.25833255,-1,-1,-1
405,373,618.4755,60.652264,67.23218,45.155987,0.8439989,-1,-1,-1
405,437,0.0,101.7765,31.354223,66.12998,0.6817032,-1,-1,-1
405,378,751.1211,19.331388,58.40045,37.10649,0.82621896,-1,-1,-1
405,462,122.77358,115.29468,77.83428,50.645477,0.8616564,-1,-1,-1
405,455,94.31509,197.72076,101.55802,71.05435,0.87897366,-1,-1,-1
405,476,363.5734,48.153347,77.58917,38.811626,0.8214461,-1,-1,-1
405,500,0.0,257.52274,109.322044,85.14508,0.8201337,-1,-1,-1
405,387,499.58185,66.46707,75.82239,69.38057,0.6279559,-1,-1,-1
405,523,372.24252,329.80896,151.42484,107.840546,0.7779048,-1,-1,-1
405,522,300.9123,420.35043,242.55597,119.64957,0.33054474,-1,-1,-1
405,509,846.3509,0.26696882,53.88086,28.175495,0.2649294,-1,-1,-1
406,373,621.9069,59.96446,65.73004,43.397488,0.84247905,-1,-1,-1
406,437,0.0,100.74461,29.549469,65.92268,0.6527634,-1,-1,-1
406,378,753.055,18.53853,58.445984,37.260925,0.83235925,-1,-1,-1
406,462,119.435036,113.847046,77.81634,50.899155,0.8669516,-1,-1,-1
406,455,91.04661,196.17065,101.868126,71.67859,0.8701857,-1,-1,-1
406,476,360.03677,48.66706,78.18631,38.79911,0.8249584,-1,-1,-1
406,500,0.0,258.91513,110.35217,84.15915,0.8240848,-1,-1,-1
406,387,501.01822,66.4457,74.545135,68.25289,0.6005064,-1,-1,-1
406,523,367.7983,326.0769,149.99216,108.1207,0.812748,-1,-1,-1
406,525,500.93115,66.76214,72.29724,47.944794,0.4647113,-1,-1,-1
407,373,625.0312,59.2565,63.873535,42.49417,0.84044886,-1,-1,-1
407,437,0.034680337,98.27299,28.172089,67.752754,0.6552658,-1,-1,-1
407,378,754.90826,18.209116,58.076782,36.155838,0.8065457,-1,-1,-1
407,462,117.224,112.61661,76.96776,50.46814,0.8723714,-1,-1,-1
407,455,89.15954,194.99579,100.57584,71.26349,0.8874321,-1,-1,-1
407,476,356.59595,49.41896,78.65103,38.472023,0.81333816,-1,-1,-1
407,500,0.0,258.92212,111.24386,84.4888,0.82225925,-1,-1,-1
407,387,501.82294,66.45268,74.5968,66.52179,0.60460895,-1,-1,-1
407,523,363.31253,323.2258,148.63297,107.71814,0.7904278,-1,-1,-1
407,522,309.06454,414.94363,261.4409,125.056366,0.26055363,-1,-1,-1
407,509,847.0885,0.64155835,53.416443,27.53941,0.4089723,-1,-1,-1
408,373,627.1792,57.691986,64.05957,42.58155,0.8496689,-1,-1,-1
408,437,0.0,95.36218,26.814753,72.379944,0.5970268,-1,-1,-1
408,378,756.5333,17.890852,57.46747,35.64006,0.8362822,-1,-1,-1
408,462,114.59244,111.05246,76.33563,50.365097,0.8554862,-1,-1,-1
408,455,87.54972,193.0724,98.80088,71.01082,0.88960457,-1,-1,-1
408,476,353.05533,49.93209,79.35849,38.25123,0.824003,-1,-1,-1
408,500,0.0,257.3544,112.28905,86.247986,0.8152366,-1,-1,-1
408,387,501.88327,66.549446,74.88132,66.5131,0.6163312,-1,-1,-1
408,523,358.8193,322.11563,146.48349,106.283966,0.7517838,-1,-1,-1
408,509,847.1227,0.7687374,52.979492,27.227697,0.4327375,-1,-1,-1
409,373,630.3737,56.182316,62.6167,42.779972,0.83306944,-1,-1,-1
409,437,0.0,93.63171,25.050009,73.022026,0.53488517,-1,-1,-1
409,378,758.663,16.974903,57.118774,35.261555,0.8109382,-1,-1,-1
409,462,112.77503,110.014915,74.74369,50.28103,0.8480754,-1,-1,-1
409,455,85.458305,191.85573,98.45765,69.81792,0.87813604,-1,-1,-1
409,476,350.1684,50.25469,79.90811,38.54446,0.82114166,-1,-1,-1
409,500,0.0,256.34262,112.323784,86.84433,0.8070606,-1,-1,-1
409,387,501.81775,66.81806,75.14734,64.58463,0.7040642,-1,-1,-1
409,523,355.7148,321.23184,143.16052,103.21878,0.78482693,-1,-1,-1
409,509,847.0953,0.7639355,52.998535,27.481287,0.34335884,-1,-1,-1
410,373,633.68274,54.52648,61.248657,43.674576,0.83709234,-1,-1,-1
410,437,0.0,92.92976,23.950975,70.9106,0.48547083,-1,-1,-1
410,378,760.07697,16.48531,57.323975,34.939564,0.79969937,-1,-1,-1
410,462,110.05797,108.43124,74.06384,50.582375,0.851134,-1,-1,-1
410,455,82.12302,190.75346,98.15518,68.417435,0.87770027,-1,-1,-1
410,476,346.3149,50.826195,80.97809,38.44873,0.8086439,-1,-1,-1
410,500,0.0,255.98172,113.91479,87.536285,0.81114304,-1,-1,-1
410,387,502.328,67.00195,75.28638,64.69318,0.71250004,-1,-1,-1
410,523,350.09286,318.60333,142.63687,103.25244,0.7276805,-1,-1,-1
410,509,846.70624,0.5610043,53.35797,28.149406,0.28911388,-1,-1,-1
411,373,635.87335,54.057167,61.56067,42.946953,0.874549,-1,-1,-1
411,437,0.0,92.43639,20.66268,67.155815,0.36811578,-1,-1,-1
411,378,761.5634,15.809422,57.121216,34.82511,0.7911726,-1,-1,-1
411,462,106.1541,107.3051,75.32294,50.411285,0.8758474,-1,-1,-1
411,455,78.865845,189.51926,98.01317,68.127075,0.89733857,-1,-1,-1
411,476,343.34354,51.731422,81.15036,37.869156,0.7847224,-1,-1,-1
411,500,0.0,255.14511,114.01827,88.38202,0.8048263,-1,-1,-1
411,387,502.20038,66.97958,75.52533,64.66551,0.6769541,-1,-1,-1
411,523,347.19424,315.18164,141.6943,102.49237,0.7131763,-1,-1,-1
411,509,846.8772,0.5919318,53.626038,28.447008,0.45198604,-1,-1,-1
411,527,348.54877,316.11432,139.84985,104.35156,0.36462465,-1,-1,-1
412,373,638.3093,52.692486,61.926697,43.112072,0.8753136,-1,-1,-1
412,437,0.018094026,90.98538,18.54218,63.983444,0.41948968,-1,-1,-1
412,378,763.3262,14.500226,56.817017,35.119774,0.76241285,-1,-1,-1
412,462,103.8378,106.7275,74.13701,49.545403,0.8605494,-1,-1,-1
412,455,76.5353,188.07024,97.31124,68.13786,0.90123343,-1,-1,-1
412,476,341.30267,53.037594,78.441895,36.828884,0.8010599,-1,-1,-1
412,500,0.0,255.02989,114.32806,88.60399,0.80052227,-1,-1,-1
412,387,502.3972,67.06525,74.84256,64.757,0.66345453,-1,-1,-1
412,523,342.9379,313.18362,140.3179,101.98059,0.72075444,-1,-1,-1
412,527,344.7006,313.36435,139.72672,102.999725,0.40420473,-1,-1,-1
413,373,639.2497,52.683655,62.84601,42.300247,0.84069157,-1,-1,-1
413,437,0.07221736,90.110794,16.397188,60.80513,0.3994048,-1,-1,-1
413,378,765.55536,14.103597,56.506226,34.675365,0.7344113,-1,-1,-1
413,462,101.089165,105.0949,74.135506,49.87092,0.8564808,-1,-1,-1
413,455,73.96134,185.9972,97.219765,68.670975,0.8805242,-1,-1,-1
413,476,338.30542,53.362656,78.91547,37.473038,0.7687028,-1,-1,-1
413,500,0.0,254.91548,114.9049,88.48683,0.8094874,-1,-1,-1
413,387,501.79855,66.68131,77.40158,63.939278,0.71564174,-1,-1,-1
413,523,339.32022,311.11407,136.27469,100.07526,0.650862,-1,-1,-1
413,527,337.54556,311.0431,139.16367,102.08154,0.440721,-1,-1,-1
414,373,641.6412,51.536087,63.06012,42.329857,0.8419095,-1,-1,-1
414,437,0.07407706,89.91461,15.100982,60.400436,0.27559844,-1,-1,-1
414,378,768.5017,13.184781,55.200195,34.885643,0.76604354,-1,-1,-1
414,462,98.5133,103.44633,72.99197,49.71911,0.8585265,-1,-1,-1
414,455,71.89964,184.46384,96.65448,67.99306,0.86872876,-1,-1,-1
414,476,335.12796,54.325848,79.18027,37.021793,0.78544855,-1,-1,-1
414,500,0.0,255.55357,116.94434,88.08879,0.7995883,-1,-1,-1
414,387,502.0047,66.53148,77.85449,66.83713,0.6703223,-1,-1,-1
414,523,333.42566,308.63428,136.15533,101.33234,0.5871312,-1,-1,-1
414,527,332.13037,309.7534,139.92621,100.460266,0.38622025,-1,-1,-1
414,509,848.72144,0.18885693,52.654053,29.065878,0.33920038,-1,-1,-1
415,373,644.0609,50.418396,62.567444,42.823456,0.84305006,-1,-1,-1
415,437,0.13114314,89.83179,13.979675,58.353897,0.2972831,-1,-1,-1
415,378,771.1402,11.622144,55.312256,35.84521,0.73899883,-1,-1,-1
415,462,95.823265,102.02718,72.95118,49.447075,0.8427974,-1,-1,-1
415,455,69.85667,182.93431,95.62801,66.91666,0.86855984,-1,-1,-1
415,476,332.45325,54.5163,78.74396,37.49863,0.77823365,-1,-1,-1
415,500,0.07646778,254.89455,118.5126,88.752914,0.79155165,-1,-1,-1
415,387,500.35843,66.85924,80.497284,65.85307,0.7829414,-1,-1,-1
415,509,849.8376,0.13748139,52.271545,28.992556,0.4143107,-1,-1,-1
415,522,316.33032,401.6831,262.05048,138.3125,0.27232957,-1,-1,-1
416,373,646.1747,49.505714,63.043335,42.901695,0.8430261,-1,-1,-1
416,378,772.58734,11.230122,55.94568,35.660686,0.7108009,-1,-1,-1
416,462,93.5854,100.979095,73.58937,48.954803,0.87353545,-1,-1,-1
416,455,67.15883,180.69275,95.51875,66.89377,0.88026255,-1,-1,-1
416,476,329.63232,54.934807,79.38437,36.93622,0.79053867,-1,-1,-1
416,500,0.101749524,253.7675,119.728584,89.34596,0.8051127,-1,-1,-1
416,387,502.4567,67.21898,76.646515,66.36748,0.659372,-1,-1,-1
416,509,850.6673,0.0517509,52.45288,29.22076,0.49596387,-1,-1,-1
416,523,324.72324,303.1346,137.10675,102.19476,0.7464358,-1,-1,-1
417,373,649.39215,48.55863,62.43286,42.824516,0.8397875,-1,-1,-1
417,378,774.24426,9.516941,55.612793,36.47295,0.73951024,-1,-1,-1
417,462,91.8203,99.48609,72.862885,48.690865,0.8662203,-1,-1,-1
417,455,65.3108,179.3196,94.634315,65.9249,0.88747793,-1,-1,-1
417,476,328.10223,55.871246,77.46561,35.633636,0.77890533,-1,-1,-1
417,500,0.13651797,253.83073,120.40687,88.61485,0.8062967,-1,-1,-1
417,387,502.83102,67.276665,77.85751,66.165184,0.76906395,-1,-1,-1
417,509,850.53235,0.44859895,52.91028,29.444395,0.5725291,-1,-1,-1
417,523,321.61548,299.9122,136.95544,103.645355,0.78401965,-1,-1,-1
418,373,651.99304,47.71969,61.81732,42.52658,0.8529404,-1,-1,-1
418,378,776.7809,7.6896567,54.927307,37.3231,0.7625855,-1,-1,-1
418,462,89.40573,98.09157,72.99202,48.31128,0.85834444,-1,-1,-1
418,455,63.68115,178.12645,93.40556,65.315765,0.88742346,-1,-1,-1
418,476,325.24866,55.774525,77.574554,35.56403,0.8129793,-1,-1,-1
418,500,0.10121385,255.33296,122.04011,87.32881,0.80657077,-1,-1,-1
418,387,502.43878,67.26298,79.915405,64.45547,0.736253,-1,-1,-1
418,509,851.7582,0.6370304,52.112854,28.849459,0.44002813,-1,-1,-1
418,523,318.48346,298.24237,135.82278,103.77658,0.74100816,-1,-1,-1
418,520,319.41135,299.0179,137.5185,102.61911,0.53966326,-1,-1,-1
419,373,654.4037,47.061428,61.745483,41.617542,0.8559498,-1,-1,-1
419,378,778.7717,5.9794116,54.49518,38.503395,0.6885515,-1,-1,-1
419,462,87.870544,96.89092,71.81052,48.1885,0.84792495,-1,-1,-1
419,455,61.552414,176.68973,92.817856,65.43375,0.8743578,-1,-1,-1
419,476,322.29456,55.844746,77.99072,35.823063,0.7845957,-1,-1,-1
419,500,0.20591968,253.86674,122.99185,88.41353,0.79459184,-1,-1,-1
419,387,503.75214,67.36269,78.27002,65.34249,0.7372033,-1,-1,-1
419,509,852.51636,0.31168348,51.943237,29.280647,0.5564236,-1,-1,-1
419,523,314.9918,296.00168,135.44083,104.66269,0.7221284,-1,-1,-1
419,520,315.13525,297.00485,135.24857,101.8555,0.5128209,-1,-1,-1
420,373,656.88983,46.076183,61.385986,41.453648,0.83772784,-1,-1,-1
420,378,780.82336,5.0411296,55.47461,38.66453,0.7289841,-1,-1,-1
420,462,86.285416,95.74928,69.68382,47.97548,0.8351839,-1,-1,-1
420,455,59.714222,174.60509,91.71005,66.267654,0.8630238,-1,-1,-1
420,476,318.95023,56.16169,78.953705,35.674423,0.7886471,-1,-1,-1
420,500,0.111748055,254.17358,123.868324,88.389404,0.8001825,-1,-1,-1
420,387,502.96497,67.20859,81.87988,66.05989,0.7242347,-1,-1,-1
420,509,852.8758,1.0283102,52.411133,29.197296,0.3913954,-1,-1,-1
420,523,310.15033,293.23807,135.8157,104.99463,0.575039,-1,-1,-1
420,520,310.07635,294.86255,133.88754,101.836914,0.67616004,-1,-1,-1
421,373,659.6341,44.81727,61.460815,41.79226,0.8355784,-1,-1,-1
421,378,782.3349,2.5398023,56.15796,40.422825,0.69042844,-1,-1,-1
421,462,84.31422,94.458595,69.272865,48.07856,0.8715549,-1,-1,-1
421,455,56.62715,172.79112,92.455505,66.28465,0.8750454,-1,-1,-1
421,476,316.41913,56.29172,79.153076,35.589764,0.7727128,-1,-1,-1
421,500,0.13077155,253.7102,124.916855,88.84201,0.8033673,-1,-1,-1
421,387,502.8655,67.42076,82.300995,65.60568,0.80818254,-1,-1,-1
421,509,853.38245,0.94267315,52.16272,29.64143,0.5735564,-1,-1,-1
421,523,306.12964,290.3987,135.96298,103.608765,0.5933948,-1,-1,-1
421,520,306.1819,291.50452,135.77664,102.77576,0.4997598,-1,-1,-1
422,373,662.6861,44.131615,60.79077,41.422012,0.83456075,-1,-1,-1
422,378,784.92944,0.63076633,56.817566,41.696594,0.46456447,-1,-1,-1
422,462,81.797844,93.327095,69.229546,47.798424,0.86262906,-1,-1,-1
422,455,54.56635,171.1382,92.35628,65.68454,0.8827995,-1,-1,-1
422,476,313.95422,56.92077,77.60452,34.685997,0.7826093,-1,-1,-1
422,500,0.062250882,253.94536,126.3434,88.645676,0.8063817,-1,-1,-1
422,387,503.5047,67.59949,82.0954,65.39122,0.79192305,-1,-1,-1
422,509,853.87506,1.3232809,52.27289,29.61275,0.53342193,-1,-1,-1
422,523,302.17615,287.76294,136.14374,102.12442,0.5174701,-1,-1,-1
422,520,303.5115,288.5271,135.10086,100.141815,0.6522639,-1,-1,-1
423,373,664.96356,43.789658,60.674866,40.454803,0.83663183,-1,-1,-1
423,378,787.21686,0.0,57.069153,42.133106,0.544616,-1,-1,-1
423,462,79.61429,92.01452,69.63783,47.860756,0.8448261,-1,-1,-1
423,455,53.52517,169.54169,90.875114,65.370926,0.876549,-1,-1,-1
423,476,311.25714,57.372272,76.525635,34.102337,0.76772946,-1,-1,-1
423,500,0.08252058,251.74997,127.75498,90.70981,0.7810346,-1,-1,-1
423,387,504.14743,67.66436,81.81174,64.91056,0.8117705,-1,-1,-1
423,509,854.7929,1.6178156,52.035095,30.088375,0.46603388,-1,-1,-1
423,523,299.01523,285.5719,133.51755,102.01367,0.67058617,-1,-1,-1
423,520,302.08484,286.6041,131.01785,98.95297,0.6291095,-1,-1,-1
424,373,668.26465,41.960384,60.819702,41.007687,0.84430915,-1,-1,-1
424,378,790.1738,0.0,56.757874,41.471375,0.45482093,-1,-1,-1
424,462,77.40393,90.62312,69.45265,47.6427,0.84163785,-1,-1,-1
424,455,51.9309,168.15483,89.21252,64.696045,0.87357837,-1,-1,-1
424,476,308.8408,56.95266,77.037476,34.558113,0.7893,-1,-1,-1
424,500,0.16056882,249.80699,128.64835,91.60716,0.7789536,-1,-1,-1
424,387,507.3801,67.09107,77.43283,64.55439,0.74040407,-1,-1,-1
424,509,855.67035,1.7144831,52.723877,30.286325,0.49506822,-1,-1,-1
424,523,296.0374,283.9286,131.85397,100.19803,0.56444246,-1,-1,-1
424,520,297.1548,284.34702,130.16351,97.99167,0.53593606,-1,-1,-1
424,528,790.0838,0.0,55.19568,41.740387,0.43990877,-1,-1,-1
425,373,671.2905,41.498394,61.905823,40.633648,0.8359949,-1,-1,-1
425,378,792.75665,0.0,56.872864,40.714592,0.49938375,-1,-1,-1
425,462,76.59622,89.768364,66.78877,46.61901,0.84584486,-1,-1,-1
425,455,50.315647,166.6354,88.95032,64.292816,0.8586894,-1,-1,-1
425,476,304.48645,56.61415,80.147,34.810204,0.7874184,-1,-1,-1
425,500,0.18060435,249.06253,129.56877,91.13583,0.7562,-1,-1,-1
425,387,507.0856,66.9838,78.597015,66.801,0.77770704,-1,-1,-1
425,509,856.86816,1.8981577,52.433167,30.080008,0.46699464,-1,-1,-1
425,520,293.58246,280.90686,131.06622,98.26782,0.7898177,-1,-1,-1
426,373,674.17804,40.64732,61.648926,40.350124,0.85122555,-1,-1,-1
426,378,794.4501,0.0,56.30481,40.230125,0.6393643,-1,-1,-1
426,462,74.66552,88.15,67.757225,46.854866,0.8583114,-1,-1,-1
426,455,49.072292,164.91705,88.264175,63.569138,0.86241,-1,-1,-1
426,476,302.43552,56.41542,79.48114,35.15413,0.7921466,-1,-1,-1
426,500,0.20527716,247.94492,131.15573,92.25058,0.7317037,-1,-1,-1
426,387,507.86063,67.69072,80.80966,65.57318,0.81488836,-1,-1,-1
426,509,858.17633,1.874825,52.902344,30.636456,0.42260212,-1,-1,-1
426,520,290.1846,278.07324,130.5788,98.598236,0.656711,-1,-1,-1
427,373,676.5103,39.899002,62.263245,39.514893,0.8680811,-1,-1,-1
427,378,796.6946,0.0,56.51654,39.26546,0.7052439,-1,-1,-1
427,462,73.82167,87.04346,66.76256,46.407364,0.87247,-1,-1,-1
427,455,46.938316,163.19861,88.80758,64.82027,0.8565493,-1,-1,-1
427,476,299.728,55.84413,80.24341,35.82686,0.78967434,-1,-1,-1
427,500,0.22965676,246.2777,133.18027,93.2596,0.75325084,-1,-1,-1
427,387,510.1485,67.02357,78.99072,69.19807,0.72829056,-1,-1,-1
427,520,289.54858,274.55185,127.501434,97.985016,0.70587337,-1,-1,-1
427,530,287.27042,274.5634,130.49786,100.561005,0.5440369,-1,-1,-1
427,522,325.97723,354.31436,314.8396,185.61838,0.3091173,-1,-1,-1
428,373,680.23615,38.896248,61.74347,40.055405,0.84213173,-1,-1,-1
428,378,798.8926,0.0,57.1167,38.360878,0.5751787,-1,-1,-1
428,462,71.76694,85.60189,68.02759,46.222847,0.85507804,-1,-1,-1
428,455,45.351833,161.3725,89.319305,64.411606,0.88560855,-1,-1,-1
428,476,297.2156,55.95947,81.66934,35.407887,0.8212951,-1,-1,-1
428,500,0.2569879,245.38184,134.61754,94.14551,0.7500461,-1,-1,-1
428,387,511.29437,66.8846,79.120605,68.27861,0.72976977,-1,-1,-1
428,520,287.35168,272.57773,125.45993,97.1893,0.67716074,-1,-1,-1
428,530,284.43866,272.93054,130.44547,99.80292,0.5152326,-1,-1,-1
428,532,573.7615,453.22202,173.02618,86.777985,0.53159535,-1,-1,-1
428,522,327.62323,352.61578,314.51703,187.37726,0.35619316,-1,-1,-1
429,373,682.7547,37.781696,61.86792,40.42412,0.8431752,-1,-1,-1
429,378,801.8994,0.0,55.914124,37.94207,0.5422493,-1,-1,-1
429,462,70.6426,83.9803,67.23466,46.12712,0.8481842,-1,-1,-1
429,455,44.197334,159.83932,88.165215,63.185913,0.8710729,-1,-1,-1
429,476,295.89502,55.913036,81.67166,35.66544,0.7969337,-1,-1,-1
429,500,0.30174473,246.50832,136.81438,92.39314,0.74139,-1,-1,-1
429,387,510.94363,67.26869,80.412445,65.211395,0.72097564,-1,-1,-1
429,520,285.026,272.15015,122.6145,95.65219,0.78869444,-1,-1,-1
429,532,568.756,449.74097,171.9621,90.25903,0.48040202,-1,-1,-1
429,525,511.95407,67.95936,75.38571,46.81453,0.5467003,-1,-1,-1
429,509,863.27075,2.9769962,52.88214,30.040266,0.5151628,-1,-1,-1
430,373,686.4446,37.056664,61.410095,40.199783,0.8396179,-1,-1,-1
430,378,804.7531,0.0,54.808533,37.388092,0.4448662,-1,-1,-1
430,462,69.603355,82.88919,65.21717,45.38022,0.8400508,-1,-1,-1
430,455,42.893024,158.11023,87.94704,61.558136,0.8736509,-1,-1,-1
430,476,294.21027,55.869495,82.183716,35.707043,0.8056173,-1,-1,-1
430,500,0.2896678,245.90605,138.99684,92.742325,0.76783204,-1,-1,-1
430,387,512.48065,67.79892,79.40582,65.43352,0.659536,-1,-1,-1
430,520,281.71765,268.88852,122.315765,95.13141,0.77645594,-1,-1,-1
430,532,560.67035,445.9298,170.07349,93.930725,0.3714024,-1,-1,-1
430,509,864.42596,2.9710228,52.986633,30.254528,0.6009486,-1,-1,-1
431,373,689.6736,36.43564,61.585327,39.89808,0.83401674,-1,-1,-1
431,378,806.76306,0.0,53.84845,36.596096,0.54206467,-1,-1,-1
431,462,67.68176,81.33763,65.38812,45.560814,0.8310708,-1,-1,-1
431,455,41.80432,156.38722,87.240585,61.348404,0.8736328,-1,-1,-1
431,476,291.96573,56.101254,82.25824,35.59564,0.81033474,-1,-1,-1
431,500,0.24781904,245.1112,141.28255,93.03876,0.707649,-1,-1,-1
431,387,513.51556,67.78129,80.95068,64.570366,0.7637458,-1,-1,-1
431,520,277.48383,266.37305,123.75128,95.08801,0.7353303,-1,-1,-1
431,532,550.8346,439.8374,172.55634,99.02942,0.28894672,-1,-1,-1
431,509,865.94714,2.5962958,52.864807,31.03007,0.30911407,-1,-1,-1
432,373,692.0243,35.499817,61.7464,39.816887,0.8317437,-1,-1,-1
432,378,808.6867,0.0,52.145203,36.32599,0.532234,-1,-1,-1
432,462,65.31345,79.58908,66.21433,45.73448,0.8428293,-1,-1,-1
432,455,40.699184,154.68031,86.37555,61.05214,0.882288,-1,-1,-1
432,476,290.24576,55.858562,81.39093,35.445835,0.81238216,-1,-1,-1
432,500,0.0,243.40422,142.70918,94.610306,0.6679693,-1,-1,-1
432,387,514.76135,67.848434,80.07037,66.69325,0.7395869,-1,-1,-1
432,520,274.98,264.36447,123.5184,93.85614,0.69097507,-1,-1,-1
432,532,544.1385,435.79105,168.58606,99.88876,0.28020957,-1,-1,-1
432,509,867.8969,3.0068285,52.26886,31.146015,0.35513252,-1,-1,-1
433,373,695.575,34.834843,62.261414,39.614178,0.8295876,-1,-1,-1
433,378,809.81085,0.0,52.344543,35.98633,0.5778616,-1,-1,-1
433,462,64.69296,78.202934,65.42787,45.329338,0.8470723,-1,-1,-1
433,455,39.88771,153.15752,85.85722,60.562637,0.8745328,-1,-1,-1
433,476,288.58475,55.77436,81.53082,36.08615,0.8211086,-1,-1,-1
433,500,1.3727093,245.10365,142.54166,93.33693,0.6621725,-1,-1,-1
433,387,516.8076,67.707214,78.803955,65.0099,0.67676365,-1,-1,-1
433,520,272.57013,262.73822,122.250946,93.411316,0.777618,-1,-1,-1
433,532,533.3405,430.63983,174.66931,103.599304,0.27727836,-1,-1,-1
433,509,868.9449,3.6112564,53.029724,31.117062,0.5365574,-1,-1,-1
434,373,698.9547,34.54074,61.785645,39.363365,0.83912075,-1,-1,-1
434,378,810.9272,0.0,56.131897,35.280376,0.5243055,-1,-1,-1
434,462,64.28412,76.6782,64.6476,44.678467,0.85037136,-1,-1,-1
434,455,39.586124,150.94572,84.75038,59.83539,0.8642829,-1,-1,-1
434,476,286.3778,55.385414,81.89261,36.336,0.8215645,-1,-1,-1
434,500,1.0255113,244.08548,144.41908,94.023895,0.67771715,-1,-1,-1
434,387,518.51404,67.797325,81.50537,64.3621,0.7398588,-1,-1,-1
434,520,270.51248,261.7857,121.79251,91.05783,0.8002744,-1,-1,-1
434,509,870.6678,3.298547,52.87445,31.47087,0.43732512,-1,-1,-1
434,525,519.57446,68.560646,73.71857,47.96956,0.4674006,-1,-1,-1
435,373,702.08563,33.908314,62.108826,38.440823,0.84573066,-1,-1,-1
435,378,813.44086,0.0,61.78894,35.023808,0.4126954,-1,-1,-1
435,462,63.91293,75.35651,64.21796,44.598907,0.8395097,-1,-1,-1
435,455,39.4018,148.7825,83.08089,59.547882,0.86639833,-1,-1,-1
435,476,284.58304,55.327892,81.98575,36.31747,0.81780237,-1,-1,-1
435,500,3.2219133,244.43207,143.77151,93.436005,0.69971526,-1,-1,-1
435,387,519.1344,68.228935,80.065796,64.96897,0.7619779,-1,-1,-1
435,520,265.86026,257.39227,125.61273,92.93405,0.73003036,-1,-1,-1
435,509,873.2209,3.715896,52.43628,31.508675,0.28715336,-1,-1,-1
436,373,705.8094,33.059414,61.168213,38.70789,0.8490478,-1,-1,-1
436,378,817.16327,0.0,69.59778,33.979282,0.51683724,-1,-1,-1
436,462,63.485207,73.958176,63.138344,44.214333,0.8408359,-1,-1,-1
436,455,38.275906,147.01363,82.68953,59.476227,0.8616474,-1,-1,-1
436,476,283.20294,55.010036,80.99936,36.75085,0.8029068,-1,-1,-1
436,500,4.9881797,245.13211,143.45541,92.3009,0.6973914,-1,-1,-1
436,387,519.7151,68.4733,79.36243,64.07863,0.7728473,-1,-1,-1
436,520,262.7256,255.14772,126.420044,91.68608,0.766038,-1,-1,-1
436,509,875.85114,4.5261254,52.479187,31.53335,0.2989305,-1,-1,-1
436,532,511.5785,418.085,177.82391,120.27432,0.6324243,-1,-1,-1
437,373,709.1597,32.375187,60.934204,38.825214,0.8385878,-1,-1,-1
437,378,821.02655,0.0,73.84888,33.75271,0.5619295,-1,-1,-1
437,462,62.99596,72.20473,63.480747,44.421127,0.85340625,-1,-1,-1
437,455,37.42641,145.1207,82.71031,59.172638,0.8660579,-1,-1,-1
437,476,281.31995,55.01802,80.716034,36.997215,0.8036107,-1,-1,-1
437,500,4.734106,244.32771,145.42096,92.54939,0.55493736,-1,-1,-1
437,387,520.0713,68.408295,78.307556,65.85541,0.7188822,-1,-1,-1
437,520,258.91162,252.39948,126.404144,91.80206,0.800098,-1,-1,-1
437,509,877.4116,5.000408,52.510437,31.418274,0.4666404,-1,-1,-1
437,532,504.62448,412.31406,179.23459,126.73331,0.72993845,-1,-1,-1
437,525,521.092,69.08364,75.62213,45.759544,0.63096476,-1,-1,-1
438,373,713.2847,31.569433,60.40631,39.03882,0.84495187,-1,-1,-1
438,378,825.08484,0.0,72.87091,33.360287,0.59983885,-1,-1,-1
438,462,63.039303,71.4844,61.115,43.80442,0.83569604,-1,-1,-1
438,455,37.475563,143.31958,81.76482,59.095596,0.8598124,-1,-1,-1
438,476,279.60242,55.001137,80.78522,37.25992,0.8074078,-1,-1,-1
438,500,5.463744,237.58733,146.3098,98.86351,0.5789092,-1,-1,-1
438,520,255.14311,250.45392,126.98973,89.86813,0.8220915,-1,-1,-1
438,532,497.31885,406.58798,175.6156,127.98227,0.7679889,-1,-1,-1
438,525,522.1611,68.519775,74.35071,45.805428,0.7648309,-1,-1,-1
439,373,716.0071,30.461939,61.25464,39.385963,0.8333668,-1,-1,-1
439,378,827.6954,0.0,70.60022,32.69978,0.5966108,-1,-1,-1
439,462,61.516365,69.45461,62.494392,44.484695,0.8380677,-1,-1,-1
439,455,37.000057,140.66132,81.40271,59.79956,0.851832,-1,-1,-1
439,476,278.27798,54.642895,80.79663,37.62109,0.81382555,-1,-1,-1
439,500,8.521009,237.36208,146.21921,97.73427,0.6475079,-1,-1,-1
439,520,252.92467,249.38356,125.56285,88.07286,0.8020028,-1,-1,-1
439,532,491.47754,403.6836,175.58612,126.36908,0.73648834,-1,-1,-1
439,525,522.4761,68.55544,75.400024,45.828156,0.7657083,-1,-1,-1
440,373,719.7628,29.269424,60.799316,39.91931,0.8034444,-1,-1,-1
440,378,828.40137,0.008920669,65.86151,32.294365,0.27737892,-1,-1,-1
440,462,60.60458,67.71621,62.709843,44.651314,0.82009447,-1,-1,-1
440,455,37.321793,138.39621,80.728966,59.871597,0.86664987,-1,-1,-1
440,476,277.5479,54.58479,80.018524,38.06477,0.8322348,-1,-1,-1
440,500,10.228905,236.33377,146.72354,98.17102,0.61524725,-1,-1,-1
440,520,251.42886,245.69685,124.36966,89.55574,0.7958853,-1,-1,-1
440,532,485.98807,398.93246,170.91989,129.80551,0.5749426,-1,-1,-1
440,525,524.8702,69.24302,75.208374,45.702477,0.7680193,-1,-1,-1
440,537,387.03314,39.619637,22.22815,19.522732,0.4649323,-1,-1,-1
441,373,723.8193,29.203007,60.49933,39.16969,0.8012858,-1,-1,-1
441,378,827.0532,0.014544271,68.40839,31.836693,0.59810406,-1,-1,-1
441,462,60.58142,66.16862,61.974586,44.19422,0.82771033,-1,-1,-1
441,455,37.126427,136.25677,80.2917,59.5446,0.85780466,-1,-1,-1
441,476,276.39554,54.500607,79.63873,38.155476,0.8437723,-1,-1,-1
441,500,13.420596,236.50949,146.07587,97.21161,0.6285012,-1,-1,-1
441,520,249.86334,242.46623,121.89911,89.405136,0.81223565,-1,-1,-1
441,532,482.33063,393.876,165.66473,129.0596,0.84872186,-1,-1,-1
441,525,526.4435,69.02431,74.4986,46.691216,0.74711174,-1,-1,-1
442,373,727.22076,28.632517,61.141968,38.635696,0.8052656,-1,-1,-1
442,378,828.54205,0.0,70.09381,31.5978,0.4896179,-1,-1,-1
442,462,59.988426,64.74502,61.568153,43.643463,0.8452603,-1,-1,-1
442,455,37.41943,133.89166,79.70822,58.718994,0.8638813,-1,-1,-1
442,476,275.5069,54.459953,79.28531,37.88054,0.85162896,-1,-1,-1
442,500,15.044041,235.66212,146.20894,97.288284,0.66157556,-1,-1,-1
442,520,248.02856,239.93646,120.433685,87.644226,0.8194167,-1,-1,-1
442,532,476.32263,390.3,164.08698,125.12726,0.434011,-1,-1,-1
442,525,528.90515,68.56415,74.32306,47.309837,0.7735527,-1,-1,-1
443,373,731.5528,28.342201,60.695374,38.70311,0.8054496,-1,-1,-1
443,378,830.505,0.027107768,74.37207,30.953978,0.47480512,-1,-1,-1
443,462,60.407455,63.731087,60.712944,43.14322,0.83973974,-1,-1,-1
443,455,38.162693,132.19136,79.25084,58.509857,0.86710215,-1,-1,-1
443,476,274.69702,54.566162,78.93158,37.566925,0.83463603,-1,-1,-1
443,500,19.972994,236.33633,145.26184,95.68707,0.6105031,-1,-1,-1
443,520,247.18774,238.09793,118.049774,86.99747,0.83265877,-1,-1,-1
443,532,471.11108,386.21597,164.28223,122.5939,0.60319364,-1,-1,-1
443,525,530.79614,68.35216,75.79303,48.277443,0.75791967,-1,-1,-1
444,373,736.0671,27.591915,59.883728,38.631298,0.77763253,-1,-1,-1
444,378,832.3748,0.024291497,75.56476,30.878883,0.4324016,-1,-1,-1
444,462,60.571735,61.97721,59.98856,43.186195,0.82240665,-1,-1,-1
444,455,38.505657,130.37775,78.044785,58.161285,0.8475782,-1,-1,-1
444,476,273.3946,55.102173,78.85974,36.75431,0.84682304,-1,-1,-1
444,500,23.91197,235.27217,144.01904,96.2133,0.7150606,-1,-1,-1
444,520,245.327,236.96666,117.62448,86.502,0.80392456,-1,-1,-1
444,532,466.41467,381.032,162.17908,122.03201,0.39003706,-1,-1,-1
444,525,532.7148,68.29772,76.01868,47.33509,0.7675655,-1,-1,-1
444,540,349.44653,0.0,70.522156,24.43787,0.37144163,-1,-1,-1
445,373,740.7279,27.165028,59.50531,38.22411,0.7993737,-1,-1,-1
445,378,833.62286,0.042849574,79.392456,30.950235,0.3862439,-1,-1,-1
445,462,60.934227,60.6686,58.612595,42.450436,0.824485,-1,-1,-1
445,455,38.66433,128.10135,77.599846,58.019745,0.8466635,-1,-1,-1
445,476,272.37778,54.477955,78.52118,37.624317,0.819325,-1,-1,-1
445,500,23.021805,234.82562,146.11447,96.0639,0.57925814,-1,-1,-1
445,520,242.67538,234.0112,118.14938,86.028564,0.8180221,-1,-1,-1
445,532,461.61978,377.05902,160.09323,122.429504,0.31162843,-1,-1,-1
445,525,534.6348,68.270256,75.220215,46.865654,0.78495157,-1,-1,-1
445,540,351.43298,0.0,71.239044,25.358995,0.41280913,-1,-1,-1
446,373,745.31226,26.610828,58.80951,38.284725,0.8131954,-1,-1,-1
446,378,837.72034,0.05912181,82.33276,30.698225,0.5013139,-1,-1,-1
446,462,61.32323,59.547295,58.279408,42.082314,0.83590543,-1,-1,-1
446,455,38.722347,126.21771,77.542496,57.310196,0.85123086,-1,-1,-1
446,476,272.04034,54.265774,78.22,37.92589,0.81714976,-1,-1,-1
446,500,26.883001,234.71281,145.67693,95.975876,0.71251005,-1,-1,-1
446,520,241.15,230.29097,117.85803,87.05467,0.82358384,-1,-1,-1
446,532,456.4769,373.98947,160.98996,117.47476,0.2527551,-1,-1,-1
446,525,536.4774,68.77264,75.72681,45.97721,0.7766527,-1,-1,-1
446,540,353.62708,0.0,71.24945,25.21651,0.39418957,-1,-1,-1
447,373,749.5993,26.212717,57.98346,37.78711,0.8182279,-1,-1,-1
447,462,61.352425,57.509586,58.121277,41.825787,0.84096557,-1,-1,-1
447,455,38.461487,123.441864,77.29889,57.102768,0.8428158,-1,-1,-1
447,476,271.2055,53.794994,77.45151,37.931553,0.80254614,-1,-1,-1
447,500,31.013895,232.5276,144.71341,96.29909,0.7193276,-1,-1,-1
447,520,240.38374,227.47516,115.65517,85.29291,0.847034,-1,-1,-1
447,532,452.31168,368.89404,156.17288,115.87814,0.38311622,-1,-1,-1
447,525,538.0325,68.80465,76.59833,46.471992,0.77968836,-1,-1,-1
447,540,356.43744,0.0,72.22604,24.808311,0.4500858,-1,-1,-1
448,373,753.9165,25.967306,58.147766,37.208504,0.8050669,-1,-1,-1
448,462,61.605816,55.675446,58.20059,41.840256,0.81737256,-1,-1,-1
448,455,39.218052,121.65165,76.87143,56.647667,0.85976046,-1,-1,-1
448,476,270.43433,54.1564,77.089325,37.318768,0.80894923,-1,-1,-1
448,500,32.831577,230.88612,145.27957,96.81636,0.7298738,-1,-1,-1
448,520,239.24406,225.39317,115.412186,85.27586,0.83287585,-1,-1,-1
448,532,445.997,363.42233,154.31226,116.036896,0.4934801,-1,-1,-1
448,525,541.36365,69.000854,76.439026,46.125565,0.756109,-1,-1,-1
448,540,358.77838,0.0,73.60391,24.8848,0.34160203,-1,-1,-1
448,541,450.19086,364.58612,152.53534,115.71652,0.46844125,-1,-1,-1
449,373,758.9475,25.933292,57.010254,36.53965,0.81244856,-1,-1,-1
449,462,62.174652,54.141895,57.792725,41.445744,0.8289754,-1,-1,-1
449,455,40.09933,119.93173,75.903366,56.34189,0.85554093,-1,-1,-1
449,476,269.71417,54.205055,76.73404,36.921013,0.84502774,-1,-1,-1
449,500,37.18235,229.5812,142.95016,96.86774,0.68040055,-1,-1,-1
449,520,238.90019,223.59549,113.43147,85.03421,0.8523851,-1,-1,-1
449,532,442.5005,358.33057,152.38257,115.97052,0.6083864,-1,-1,-1
449,525,543.3606,69.24205,77.66992,46.051582,0.7490917,-1,-1,-1
449,540,362.29166,0.0,74.3497,25.273764,0.49539414,-1,-1,-1
449,541,445.36365,358.50406,150.7456,117.55371,0.4326565,-1,-1,-1
450,373,763.8346,25.70602,56.634155,35.919506,0.7819417,-1,-1,-1
450,462,63.335995,52.98003,56.638783,41.54665,0.82793576,-1,-1,-1
450,455,40.521362,117.96984,75.85029,56.280098,0.84063965,-1,-1,-1
450,476,268.9886,53.2946,77.20795,38.01319,0.8126291,-1,-1,-1
450,500,40.541626,230.47572,142.17659,95.47032,0.7057533,-1,-1,-1
450,520,236.85646,221.02728,114.05144,85.089935,0.8651228,-1,-1,-1
450,532,438.60022,354.8457,149.20874,114.79556,0.77527434,-1,-1,-1
450,525,546.08716,69.16023,76.37097,46.41269,0.7494162,-1,-1,-1
450,540,363.99164,0.0,75.20587,25.232283,0.47039253,-1,-1,-1
450,542,0.26381597,41.324173,14.0512905,52.45627,0.37828603,-1,-1,-1
451,373,767.92035,25.27786,56.765015,35.463547,0.80181915,-1,-1,-1
451,462,63.107788,51.934494,57.468643,41.52437,0.8459048,-1,-1,-1
451,455,41.192085,115.787476,76.03191,56.171112,0.85665846,-1,-1,-1
451,476,268.26218,52.9861,77.19159,38.19113,0.81177187,-1,-1,-1
451,500,42.955307,229.87617,142.99219,95.476974,0.64966154,-1,-1,-1
451,520,236.42844,219.62357,112.57126,83.144165,0.85959834,-1,-1,-1
451,532,434.44763,352.36102,148.66748,113.127106,0.76481646,-1,-1,-1
451,525,548.0018,69.4676,77.073975,47.011406,0.7845334,-1,-1,-1
451,540,365.9962,0.0,74.87317,25.093967,0.56419694,-1,-1,-1
451,542,0.30212313,42.228294,15.559871,49.004395,0.48117647,-1,-1,-1
452,373,772.8438,24.762564,56.26538,35.212685,0.79977226,-1,-1,-1
452,462,63.7023,50.50599,57.143173,40.95056,0.8153418,-1,-1,-1
452,455,41.9368,114.06974,75.31854,55.947273,0.8477889,-1,-1,-1
452,476,267.3618,52.478504,77.886505,38.59614,0.8201786,-1,-1,-1
452,500,45.272507,229.95107,145.11552,95.05977,0.5681152,-1,-1,-1
452,520,235.69914,216.97711,110.6779,82.17694,0.87159044,-1,-1,-1
452,532,430.86557,347.58142,145.70145,112.484436,0.84003484,-1,-1,-1
452,525,549.5196,69.41888,77.853516,47.590546,0.7776407,-1,-1,-1
452,540,367.8483,0.010223275,75.13492,25.342607,0.55415595,-1,-1,-1
452,542,0.27958003,36.54716,17.79715,54.48264,0.4991643,-1,-1,-1
453,373,777.87225,23.886683,55.492676,35.625473,0.77857274,-1,-1,-1
453,462,64.464935,48.985786,56.51316,40.56028,0.8138206,-1,-1,-1
453,455,42.634483,111.7145,74.78445,55.479927,0.83445835,-1,-1,-1
453,476,266.24213,52.21552,79.97211,38.646633,0.8420729,-1,-1,-1
453,500,50.90273,228.7046,141.90404,95.89522,0.6755305,-1,-1,-1
453,520,235.37619,215.88092,108.635376,81.646545,0.8569987,-1,-1,-1
453,532,427.65436,344.10193,144.32489,111.275635,0.8051094,-1,-1,-1
453,525,552.6006,69.66925,77.149536,47.05004,0.77385557,-1,-1,-1
453,540,371.02347,0.0019654178,74.26526,26.082628,0.5226272,-1,-1,-1
453,542,0.20617016,34.69167,19.928526,55.281208,0.52570087,-1,-1,-1
454,373,781.059,23.503702,56.938416,35.24508,0.77686536,-1,-1,-1
454,462,65.14025,47.75714,55.987434,39.721382,0.8232988,-1,-1,-1
454,455,44.12416,110.53781,73.10292,54.297806,0.85449994,-1,-1,-1
454,476,265.64954,51.930267,79.67175,38.37461,0.82669646,-1,-1,-1
454,500,51.578857,227.93846,143.70012,96.268234,0.70839447,-1,-1,-1
454,520,234.5905,213.88553,107.61485,81.72681,0.8463231,-1,-1,-1
454,532,422.9583,340.37158,143.22137,109.243866,0.8370617,-1,-1,-1
454,525,554.84344,70.06122,77.58154,46.131126,0.7815634,-1,-1,-1
454,540,374.3075,0.04316178,73.47128,26.376955,0.5496819,-1,-1,-1
454,542,0.25504574,35.396145,21.967884,52.156193,0.625107,-1,-1,-1
455,373,785.09875,22.79523,56.879883,35.368626,0.74493766,-1,-1,-1
455,462,65.87164,46.04217,55.945335,39.43157,0.828382,-1,-1,-1
455,455,45.573956,108.80956,72.03993,53.86451,0.8427369,-1,-1,-1
455,476,265.0277,51.391594,79.03702,38.3584,0.82984537,-1,-1,-1
455,500,53.937023,229.52583,143.07149,94.36629,0.72918713,-1,-1,-1
455,520,233.35516,210.75668,106.9953,81.570496,0.8585528,-1,-1,-1
455,532,418.32465,335.94806,142.61041,108.91507,0.88250405,-1,-1,-1
455,525,556.6747,70.39301,78.56409,45.562485,0.7684224,-1,-1,-1
455,540,376.37845,0.036010936,74.591,25.483265,0.5009191,-1,-1,-1
455,542,0.26038012,38.646507,23.978569,47.377968,0.67891264,-1,-1,-1
456,373,789.39685,21.772642,57.3985,35.739655,0.6615369,-1,-1,-1
456,462,67.28752,44.84902,54.73108,38.75806,0.81068933,-1,-1,-1
456,455,47.03041,106.67963,71.23972,53.331055,0.83464974,-1,-1,-1
456,476,265.0125,51.248356,78.32733,37.846767,0.8327325,-1,-1,-1
456,500,54.218582,226.13751,145.47096,97.555756,0.65034497,-1,-1,-1
456,520,232.70517,209.01656,106.0639,78.67058,0.86544245,-1,-1,-1
456,532,414.97427,334.21756,140.59494,106.47931,0.8421991,-1,-1,-1
456,525,559.1172,70.35326,77.97858,44.77746,0.74604905,-1,-1,-1
456,540,378.30524,0.02985095,75.17078,25.117777,0.48923823,-1,-1,-1
456,542,0.24260361,40.48314,25.709892,44.525955,0.68795353,-1,-1,-1
457,373,793.74115,21.592367,56.279602,35.639397,0.7850744,-1,-1,-1
457,462,68.50551,43.035484,53.968407,39.03219,0.81065613,-1,-1,-1
457,455,48.55344,104.65414,70.533875,53.10923,0.82870984,-1,-1,-1
457,476,264.5937,51.065235,77.997894,37.48807,0.83300114,-1,-1,-1
457,500,54.947052,224.26746,147.10919,97.98822,0.67937213,-1,-1,-1
457,520,232.35103,207.1102,104.40617,77.79071,0.87304676,-1,-1,-1
457,532,410.9527,330.93112,140.52783,104.879486,0.83585733,-1,-1,-1
457,525,559.88947,70.49418,79.12506,44.814323,0.7971531,-1,-1,-1
457,540,381.40067,0.0,74.923065,24.950869,0.31059062,-1,-1,-1
457,542,0.07881853,41.597153,27.75217,42.120583,0.7338112,-1,-1,-1
457,544,0.12364908,143.93843,13.178596,46.855057,0.39950767,-1,-1,-1
457,509,927.5569,14.325248,55.622375,30.678242,0.2856289,-1,-1,-1
458,373,798.69446,21.210867,55.657288,35.37001,0.7570925,-1,-1,-1
458,462,69.825066,41.71886,53.583336,39.16045,0.81408066,-1,-1,-1
458,455,49.742706,102.824196,70.5403,52.179985,0.830083,-1,-1,-1
458,476,264.46686,50.894054,77.76422,37.298985,0.83804715,-1,-1,-1
458,500,59.952095,223.70433,145.78217,98.19505,0.7363915,-1,-1,-1
458,520,231.93468,205.06564,102.85927,77.743866,0.865825,-1,-1,-1
458,532,407.94034,325.6606,137.34872,104.34906,0.86042607,-1,-1,-1
458,525,561.9303,70.36475,79.1687,47.571686,0.7985643,-1,-1,-1
458,540,383.90533,0.055553243,74.451294,24.613497,0.33438605,-1,-1,-1
458,542,0.14330953,41.939266,29.634167,40.298275,0.75784826,-1,-1,-1
458,544,0.33715802,145.98468,15.663012,43.129578,0.5185569,-1,-1,-1
459,373,803.72644,21.220634,55.77063,34.39136,0.7575503,-1,-1,-1
459,462,71.665344,40.083443,51.41503,39.31224,0.817921,-1,-1,-1
459,455,50.481136,100.18651,70.286606,52.052277,0.8324437,-1,-1,-1
459,476,264.53775,50.434826,77.31259,37.161663,0.8360472,-1,-1,-1
459,500,63.097336,225.35774,144.99132,95.915054,0.7034138,-1,-1,-1
459,520,232.16798,202.36594,101.52544,77.160736,0.86601293,-1,-1,-1
459,532,404.59906,322.53345,134.62292,102.83002,0.8616015,-1,-1,-1
459,525,565.0677,70.82725,78.64441,47.644135,0.8002192,-1,-1,-1
459,540,386.9548,0.032170713,74.84671,24.21234,0.3737151,-1,-1,-1
459,542,0.16997077,40.766506,31.334936,39.223835,0.7656204,-1,-1,-1
459,544,0.28273904,146.59523,19.125435,41.9758,0.56047887,-1,-1,-1
459,545,323.94675,155.0905,82.0372,46.03154,0.4242147,-1,-1,-1
459,509,933.9915,16.184772,54.66394,29.458832,0.49069226,-1,-1,-1
460,373,808.6658,20.773342,55.526245,34.353638,0.7528619,-1,-1,-1
460,462,73.50066,38.772873,50.51851,38.741966,0.821037,-1,-1,-1
460,455,52.121742,98.39019,69.24264,52.29499,0.8295706,-1,-1,-1
460,476,264.32343,50.050976,76.76511,36.992016,0.8646984,-1,-1,-1
460,500,66.94222,224.57571,143.95898,95.675446,0.7505317,-1,-1,-1
460,520,232.23868,199.59781,99.811676,75.828094,0.8584699,-1,-1,-1
460,532,402.46393,319.5457,132.89099,101.30359,0.84475,-1,-1,-1
460,525,567.68805,71.22341,77.79297,45.33155,0.78762096,-1,-1,-1
460,540,389.6152,0.0405694,74.64224,23.920008,0.3984439,-1,-1,-1
460,542,0.19361493,39.324753,33.43429,38.858856,0.7631319,-1,-1,-1
460,544,0.26799515,142.20163,22.511797,45.731216,0.5255114,-1,-1,-1
460,546,938.0973,16.953108,55.5235,28.552908,0.4184443,-1,-1,-1
460,509,938.25684,16.976831,55.027283,28.491991,0.47470275,-1,-1,-1
461,373,811.9708,20.65369,56.906067,33.88861,0.6914957,-1,-1,-1
461,462,74.64911,37.146732,50.280327,38.433918,0.8178344,-1,-1,-1
461,455,54.029255,96.22005,68.97421,51.587143,0.84314084,-1,-1,-1
461,476,264.5913,49.49002,75.09537,36.90844,0.8748074,-1,-1,-1
461,500,69.50152,223.0756,143.68433,96.23006,0.7492843,-1,-1,-1
461,520,232.1894,197.63628,98.35805,74.24141,0.8807055,-1,-1,-1
461,532,399.45575,315.51465,130.91382,100.36078,0.8457616,-1,-1,-1
461,525,569.5437,71.56222,78.24939,44.557472,0.78752583,-1,-1,-1
461,540,391.10873,0.0,74.80939,23.157455,0.34869105,-1,-1,-1
461,542,0.09769826,37.710697,35.429073,38.362186,0.76071745,-1,-1,-1
461,544,0.13492343,136.6395,26.406061,50.934235,0.5225177,-1,-1,-1
461,546,941.874,17.310514,55.98401,28.539938,0.28190923,-1,-1,-1
461,509,942.04956,17.443768,55.507446,28.547516,0.3330711,-1,-1,-1
462,373,816.54156,20.76933,56.64795,33.783207,0.7508865,-1,-1,-1
462,462,76.59827,35.134323,49.753883,38.55857,0.8071337,-1,-1,-1
462,455,55.790806,94.23048,68.660706,51.505455,0.827171,-1,-1,-1
462,476,264.6377,49.069355,75.09961,36.850353,0.87124604,-1,-1,-1
462,500,75.14512,221.45985,142.58752,97.44771,0.7707062,-1,-1,-1
462,520,231.75471,195.96373,97.774826,73.69209,0.85192084,-1,-1,-1
462,532,397.00574,312.6802,126.91083,98.849365,0.85227287,-1,-1,-1
462,525,571.0986,71.59335,79.070984,44.833717,0.8211199,-1,-1,-1
462,542,0.21527553,35.32426,37.678658,38.920216,0.76860565,-1,-1,-1
462,544,0.23815116,133.38933,29.31359,54.037827,0.33720097,-1,-1,-1
462,546,944.13416,18.074444,57.64337,28.994728,0.43150255,-1,-1,-1
462,509,944.9453,18.203037,56.829163,28.705906,0.38390923,-1,-1,-1
463,373,821.9156,20.626238,56.35211,33.614006,0.7553359,-1,-1,-1
463,462,77.8327,33.354362,49.736023,38.311546,0.7990292,-1,-1,-1
463,455,57.459213,92.52009,67.92376,51.430153,0.8378853,-1,-1,-1
463,476,264.7765,48.5906,75.13577,36.909706,0.8643617,-1,-1,-1
463,500,80.07357,219.96465,140.74191,97.98247,0.77494353,-1,-1,-1
463,520,230.46626,194.08826,97.60826,73.42203,0.8582413,-1,-1,-1
463,532,394.33136,309.69556,124.33411,97.61969,0.8331653,-1,-1,-1
463,525,574.2371,71.81138,79.48865,45.52378,0.79505587,-1,-1,-1
463,542,0.27082282,33.352768,39.786224,39.64147,0.78291804,-1,-1,-1
463,544,0.32290608,130.25572,32.417614,56.147247,0.6155475,-1,-1,-1
463,546,947.50183,18.270718,58.119507,29.8322,0.32880846,-1,-1,-1
463,509,949.52435,18.646364,56.83618,29.76235,0.60405684,-1,-1,-1
463,540,396.84827,0.0,72.884125,22.950743,0.26357543,-1,-1,-1
464,373,827.97546,21.210066,54.24756,32.56459,0.6259255,-1,-1,-1
464,462,79.32534,32.01656,49.191277,37.833797,0.8090179,-1,-1,-1
464,455,58.540924,91.02449,67.59972,50.148743,0.841934,-1,-1,-1
464,476,264.55637,47.68123,75.56323,37.07158,0.8368795,-1,-1,-1
464,500,82.37118,219.01134,141.22046,96.92363,0.76175696,-1,-1,-1
464,520,230.16019,191.26944,96.65561,74.509094,0.8649387,-1,-1,-1
464,532,391.98914,306.38098,122.26648,95.256256,0.8395,-1,-1,-1
464,525,577.65393,71.95546,79.3111,46.074448,0.79846424,-1,-1,-1
464,542,0.2684428,30.415228,42.468834,40.93621,0.78296113,-1,-1,-1
464,540,400.32382,0.0,74.36865,23.113228,0.2647354,-1,-1,-1
465,373,833.6537,21.460772,53.734253,31.913507,0.7509546,-1,-1,-1
465,462,80.92729,30.526012,48.503357,37.489056,0.79581857,-1,-1,-1
465,455,60.328876,89.212585,66.74826,49.71379,0.83698153,-1,-1,-1
465,476,265.12793,47.713253,74.90094,36.379406,0.8440039,-1,-1,-1
465,500,85.7843,218.29208,141.86337,96.66495,0.7783008,-1,-1,-1
465,520,229.48387,189.31793,95.998,73.60306,0.85622454,-1,-1,-1
465,532,388.4115,302.21365,121.48386,96.09134,0.85752827,-1,-1,-1
465,525,580.55164,72.18736,79.76276,45.652664,0.77619183,-1,-1,-1
465,542,0.4275717,28.560982,45.47837,41.68821,0.7788304,-1,-1,-1
465,540,403.13098,0.0,73.980225,23.0023,0.29342702,-1,-1,-1
465,544,0.69417953,121.17768,39.913563,61.717506,0.37978703,-1,-1,-1
465,509,956.40515,20.8602,56.82776,29.790442,0.76395017,-1,-1,-1
466,373,838.9998,20.776077,53.474365,32.185764,0.633125,-1,-1,-1
466,462,83.563194,29.274866,46.4719,36.82296,0.7881622,-1,-1,-1
466,455,61.89242,87.4401,65.966995,49.64698,0.85819316,-1,-1,-1
466,476,265.57562,46.81345,74.650085,36.752407,0.83540803,-1,-1,-1
466,500,90.89892,217.0875,139.61618,96.534546,0.75870377,-1,-1,-1
466,520,230.89229,187.39426,94.67055,72.32013,0.87029535,-1,-1,-1
466,532,385.78943,298.7752,121.34335,95.30066,0.8448993,-1,-1,-1
466,525,582.2433,71.8378,82.48877,48.87545,0.7796194,-1,-1,-1
466,542,0.6344342,27.423687,48.059433,41.210423,0.76420355,-1,-1,-1
466,509,959.2366,20.721004,57.747864,30.661343,0.7508733,-1,-1,-1
467,373,844.7461,21.332329,52.648804,31.311455,0.73767674,-1,-1,-1
467,462,85.36308,27.95547,46.093582,36.266777,0.8003786,-1,-1,-1
467,455,63.478966,85.29365,65.62507,49.22973,0.83156383,-1,-1,-1
467,476,264.79517,46.090885,76.638855,36.696095,0.83736265,-1,-1,-1
467,500,93.36004,218.07486,139.87003,94.6456,0.76013386,-1,-1,-1
467,520,230.84088,185.49776,94.082245,71.49257,0.87491626,-1,-1,-1
467,532,384.37967,295.1305,119.44174,93.71112,0.85616904,-1,-1,-1
467,525,585.104,72.45469,82.19403,47.176704,0.8041348,-1,-1,-1
467,542,2.0036983,27.09529,49.07453,39.98271,0.7732109,-1,-1,-1
467,509,962.4359,21.078224,58.85724,30.825844,0.7247432,-1,-1,-1
468,462,87.29304,26.436771,45.87217,35.86825,0.80275,-1,-1,-1
468,455,65.98359,83.12375,63.340904,48.765305,0.8279306,-1,-1,-1
468,476,265.14914,45.378677,75.41455,36.59176,0.8567476,-1,-1,-1
468,500,97.98808,218.61812,138.85219,93.246414,0.7921838,-1,-1,-1
468,520,231.15308,182.1828,92.99628,71.620316,0.87144345,-1,-1,-1
468,532,383.1245,291.63373,117.827545,93.07831,0.8619856,-1,-1,-1
468,525,589.097,72.783806,80.29425,45.592316,0.798156,-1,-1,-1
468,542,3.712774,26.18769,50.000748,38.646347,0.7904683,-1,-1,-1
468,509,966.6079,22.187256,57.017883,31.483932,0.65395135,-1,-1,-1
469,462,89.369865,25.638744,46.046562,35.133778,0.7942116,-1,-1,-1
469,455,68.00429,81.53449,63.346436,47.867912,0.8227795,-1,-1,-1
469,476,265.58182,45.149303,74.30643,36.264202,0.8670993,-1,-1,-1
469,500,103.2218,216.66432,137.99304,94.9489,0.7178569,-1,-1,-1
469,520,231.21278,179.81412,92.594406,72.04874,0.8616964,-1,-1,-1
469,532,379.7652,288.81937,116.52176,91.77911,0.8508204,-1,-1,-1
469,525,592.31036,73.17044,79.20007,42.728844,0.75167465,-1,-1,-1
469,542,6.652591,25.641424,49.99905,37.518494,0.7984021,-1,-1,-1
469,509,970.76447,22.40332,53.235535,33.00001,0.718572,-1,-1,-1
470,462,91.46331,23.548483,46.29284,35.727448,0.78575844,-1,-1,-1
470,455,69.39949,79.870544,63.832275,48.066895,0.84576774,-1,-1,-1
470,476,266.42062,44.68106,74.74933,36.36133,0.8531389,-1,-1,-1
470,500,106.68464,217.57132,137.88004,93.66196,0.69807947,-1,-1,-1
470,520,232.14919,178.93793,91.7578,69.402664,0.8465666,-1,-1,-1
470,532,376.8964,285.74927,116.5083,89.42697,0.8563263,-1,-1,-1
470,525,595.6972,73.7011,79.22644,40.809868,0.69698894,-1,-1,-1
470,542,9.479826,24.083538,49.919426,37.73981,0.82972956,-1,-1,-1
470,509,975.58026,23.016264,48.41974,32.371613,0.7842697,-1,-1,-1
470,552,854.718,0.044899143,101.95325,33.286133,0.5470881,-1,-1,-1
470,553,976.48865,0.12256168,46.896545,23.971794,0.575067,-1,-1,-1
470,373,860.95636,21.146685,51.61615,31.033438,0.5855597,-1,-1,-1
471,462,93.264175,20.772608,46.053604,35.949005,0.79739636,-1,-1,-1
471,455,71.29779,76.9622,62.302933,47.52733,0.832226,-1,-1,-1
471,476,266.39255,43.394352,75.570435,36.740154,0.85301584,-1,-1,-1
471,500,111.71635,218.07027,135.87912,92.63167,0.7073786,-1,-1,-1
471,520,231.7511,176.83333,92.07843,68.38692,0.865365,-1,-1,-1
471,532,375.17374,282.49762,114.767944,88.76993,0.8523387,-1,-1,-1
471,525,597.7713,73.96242,82.95526,44.073204,0.6925591,-1,-1,-1
471,542,12.41193,21.796463,49.604057,37.67355,0.8045262,-1,-1,-1
471,509,980.545,24.343687,43.455017,30.859865,0.8065239,-1,-1,-1
471,552,858.82874,0.0,102.19507,40.646915,0.45925257,-1,-1,-1
471,553,983.51013,0.18234275,40.48987,25.082703,0.33701155,-1,-1,-1
472,462,96.331474,19.696316,45.02929,35.027546,0.78551817,-1,-1,-1
472,455,74.00833,75.20641,61.30992,46.850815,0.8314536,-1,-1,-1
472,476,267.10757,42.98603,75.657196,36.44709,0.8503804,-1,-1,-1
472,500,115.39497,213.03696,136.31654,96.56534,0.6763544,-1,-1,-1
472,520,232.38118,173.93454,91.07149,68.108765,0.85976046,-1,-1,-1
472,532,373.7379,278.47363,113.681915,89.36655,0.86127543,-1,-1,-1
472,525,601.4487,74.27998,81.831116,41.048744,0.73496985,-1,-1,-1
472,542,16.171598,20.522413,49.80742,37.05925,0.79323834,-1,-1,-1
472,509,985.48724,25.255653,38.512756,30.1442,0.77387875,-1,-1,-1
472,552,861.9703,0.06510145,105.643555,43.561672,0.43310204,-1,-1,-1
472,553,990.0576,0.19122179,33.942383,24.740255,0.25878742,-1,-1,-1
472,556,393.00195,369.26428,263.5144,170.73572,0.48363772,-1,-1,-1
473,462,99.82628,18.623775,44.121002,34.81071,0.7780504,-1,-1,-1
473,455,76.9293,73.63682,61.423836,46.95877,0.84269345,-1,-1,-1
473,476,268.497,42.67449,74.91629,36.18931,0.8389778,-1,-1,-1
473,500,118.53164,210.2186,139.01828,98.53775,0.67002493,-1,-1,-1
473,520,234.07547,172.50626,89.63733,67.20674,0.8595293,-1,-1,-1
473,532,373.21808,274.74774,112.00412,88.4765,0.8633412,-1,-1,-1
473,525,604.2814,75.00777,83.790405,42.02556,0.75327456,-1,-1,-1
473,542,20.893318,19.652164,49.62097,36.525608,0.805901,-1,-1,-1
473,509,990.66187,24.860989,33.338135,29.937275,0.615417,-1,-1,-1
473,556,401.34946,361.70905,263.55167,178.29095,0.46596602,-1,-1,-1
474,462,103.03923,16.562904,43.01294,35.00723,0.79161555,-1,-1,-1
474,455,79.94026,71.67943,60.877823,47.04367,0.8270956,-1,-1,-1
474,476,270.31195,42.27536,73.74573,36.10562,0.84201753,-1,-1,-1
474,500,122.00575,209.42508,138.0023,98.35974,0.6393687,-1,-1,-1
474,520,236.00562,169.41092,87.734955,67.17413,0.85795045,-1,-1,-1
474,532,372.7744,271.84793,109.98514,87.836426,0.8600555,-1,-1,-1
474,525,608.2495,75.32071,83.10339,47.91503,0.7193769,-1,-1,-1
474,542,26.000103,18.196724,48.154766,36.352356,0.793566,-1,-1,-1
474,509,996.1469,25.906105,27.853088,29.300686,0.70612866,-1,-1,-1
474,556,404.7892,363.25656,262.68698,176.74344,0.42549136,-1,-1,-1
474,552,881.2368,3.4449704,95.97168,43.973213,0.36206734,-1,-1,-1
475,462,106.18863,15.102283,42.961975,34.825443,0.7862756,-1,-1,-1
475,455,82.68373,69.85254,61.489655,46.8871,0.8132647,-1,-1,-1
475,476,271.712,41.82388,72.46396,36.189823,0.8335327,-1,-1,-1
475,500,129.11005,209.81015,135.712,97.25198,0.6307711,-1,-1,-1
475,520,237.09048,167.74368,86.01807,65.21825,0.8488557,-1,-1,-1
475,532,371.60925,268.8383,109.02707,86.772125,0.86003304,-1,-1,-1
475,525,611.056,75.484924,83.996155,44.731583,0.7792419,-1,-1,-1
475,542,29.796595,16.69151,47.526245,35.81817,0.7943395,-1,-1,-1
475,509,1002.59656,25.920574,21.403442,30.966328,0.32717708,-1,-1,-1
475,556,405.7682,364.4311,263.31213,175.56891,0.4231313,-1,-1,-1
475,552,887.1276,2.888902,94.74396,48.5215,0.6313134,-1,-1,-1
476,462,110.07472,13.472886,42.403442,34.815342,0.78583443,-1,-1,-1
476,455,86.46389,67.65933,60.15589,46.923904,0.820595,-1,-1,-1
476,476,274.25217,40.79116,71.680664,36.53637,0.8495815,-1,-1,-1
476,500,132.12622,208.40442,137.99426,97.58664,0.6422035,-1,-1,-1
476,520,239.55444,165.23206,84.11337,65.104294,0.8578384,-1,-1,-1
476,532,370.69632,265.65518,107.765015,85.03763,0.86392224,-1,-1,-1
476,525,615.3073,76.20364,84.201355,43.183624,0.788356,-1,-1,-1
476,542,34.974182,14.997188,45.702972,35.516922,0.80137473,-1,-1,-1
476,509,1008.38495,26.362026,15.615051,31.403362,0.42294738,-1,-1,-1
476,556,408.31146,370.35962,261.08398,169.64038,0.4548525,-1,-1,-1
476,552,890.2356,2.5531955,96.6687,50.090813,0.67899,-1,-1,-1
477,462,113.07435,11.580351,41.774406,34.35327,0.76669973,-1,-1,-1
477,455,90.2671,65.3125,58.04464,47.042114,0.8272163,-1,-1,-1
477,476,276.18222,39.737778,70.477936,36.415245,0.8278828,-1,-1,-1
477,500,135.0064,206.02107,138.24449,99.175766,0.661428,-1,-1,-1
477,520,241.26482,162.47816,82.49953,64.4798,0.8512742,-1,-1,-1
477,532,370.63074,262.37756,106.599915,84.96185,0.8711809,-1,-1,-1
477,525,619.1087,76.57588,83.118774,43.870293,0.8040864,-1,-1,-1
477,542,39.14098,13.295252,45.272846,35.444687,0.7924409,-1,-1,-1
477,556,409.5788,372.44135,258.15118,167.55865,0.57454306,-1,-1,-1
477,552,893.45123,3.5472312,99.11957,48.68928,0.64256436,-1,-1,-1
478,462,116.280815,9.307014,41.73388,34.747635,0.8031322,-1,-1,-1
478,455,93.10318,63.574944,57.836105,46.540504,0.8435829,-1,-1,-1
478,476,277.7295,39.043915,69.65814,36.363792,0.8363099,-1,-1,-1
478,500,140.51025,205.78238,136.60638,98.724915,0.711172,-1,-1,-1
478,520,242.49432,160.1243,81.4595,64.2724,0.8623836,-1,-1,-1
478,532,369.5275,259.97684,106.67209,83.73584,0.8728935,-1,-1,-1
478,525,622.7115,76.78196,83.302124,44.00672,0.8027372,-1,-1,-1
478,542,43.71751,11.454974,44.28269,35.562286,0.82185745,-1,-1,-1
478,556,416.4035,367.32755,257.12433,172.67245,0.5927313,-1,-1,-1
478,552,898.82996,4.3177266,99.71039,48.09886,0.6340239,-1,-1,-1
479,462,119.44857,7.9752474,41.123055,34.11398,0.83795875,-1,-1,-1
479,455,95.782394,61.656197,57.008484,46.776443,0.83015084,-1,-1,-1
479,476,279.48706,38.540516,68.94595,35.74544,0.85864687,-1,-1,-1
479,500,142.32852,206.62337,139.20105,96.29405,0.57773644,-1,-1,-1
479,520,243.60016,158.11852,80.64401,63.160065,0.8477752,-1,-1,-1
479,532,368.59763,256.63354,105.53464,82.70398,0.8686882,-1,-1,-1
479,525,626.33356,77.35766,84.219604,42.973907,0.8091236,-1,-1,-1
479,542,48.603523,9.881129,43.141632,35.138424,0.79649705,-1,-1,-1
479,556,417.7932,363.19937,257.76678,176.8005,0.48623908,-1,-1,-1
479,552,903.4973,1.9583509,101.45569,52.03382,0.7497574,-1,-1,-1
479,568,384.56436,388.71893,260.09384,151.28107,0.34305012,-1,-1,-1
479,540,453.29608,0.0,74.42322,24.055828,0.40263432,-1,-1,-1
480,462,122.82938,6.1837044,40.8459,34.28125,0.79954386,-1,-1,-1
480,455,98.4909,60.127132,57.915718,46.108494,0.834882,-1,-1,-1
480,476,280.25876,37.75169,69.34552,35.50529,0.872128,-1,-1,-1
480,500,147.94786,204.47888,138.222,96.88861,0.7028034,-1,-1,-1
480,520,245.04634,155.34015,80.664566,63.53032,0.8447757,-1,-1,-1
480,532,367.99585,253.25037,105.267456,82.5289,0.8736024,-1,-1,-1
480,525,630.053,77.84962,83.27362,42.1233,0.7950577,-1,-1,-1
480,542,52.704952,7.988413,42.82047,35.410126,0.80337375,-1,-1,-1
480,556,419.1191,365.11545,259.8007,174.85251,0.37066367,-1,-1,-1
480,552,905.70966,0.96519864,104.74274,53.53396,0.65858996,-1,-1,-1
480,570,1.5523415,32.007225,33.270813,28.0709,0.44805735,-1,-1,-1
481,462,125.47723,4.8606763,40.94001,33.9121,0.7734586,-1,-1,-1
481,455,101.043274,58.228237,57.72467,44.80415,0.8331242,-1,-1,-1
481,476,281.08862,36.64681,70.04779,35.685093,0.8653728,-1,-1,-1
481,500,154.28036,204.47635,135.7514,96.58905,0.7118231,-1,-1,-1
481,520,246.12189,152.96696,80.67041,63.107605,0.8554277,-1,-1,-1
481,532,367.11322,250.12238,103.7439,81.47208,0.8748366,-1,-1,-1
481,525,633.53534,77.854126,83.62402,42.25792,0.79777414,-1,-1,-1
481,542,56.666748,6.3409104,43.16034,35.20475,0.7940196,-1,-1,-1
481,556,421.02106,366.66553,258.89398,173.29822,0.4282961,-1,-1,-1
481,552,907.27856,0.54222965,110.73804,54.224545,0.70303583,-1,-1,-1
482,462,128.47154,3.3380759,40.785812,33.97694,0.79871947,-1,-1,-1
482,455,103.93086,56.05017,57.164703,44.692192,0.84142894,-1,-1,-1
482,476,282.7451,35.41662,69.14514,36.005424,0.8426052,-1,-1,-1
482,500,156.7714,201.3358,138.05658,98.480484,0.6601604,-1,-1,-1
482,520,246.92204,150.18828,81.53023,62.784683,0.86480415,-1,-1,-1
482,532,366.61844,247.75131,101.83252,79.5141,0.8601214,-1,-1,-1
482,525,636.6869,78.0868,83.50891,42.067642,0.800196,-1,-1,-1
482,542,61.330215,5.2106314,41.76317,34.367203,0.80984586,-1,-1,-1
482,556,420.88428,367.56503,259.04962,172.39066,0.43031248,-1,-1,-1
482,552,911.3145,0.35447088,110.68811,54.852158,0.7379899,-1,-1,-1
482,540,465.21677,0.02299645,75.73477,26.634914,0.27564058,-1,-1,-1
483,462,131.55772,1.8113277,40.891815,33.906178,0.78123075,-1,-1,-1
483,455,107.016426,54.45301,56.474754,44.170914,0.8241868,-1,-1,-1
483,476,283.98798,34.638172,68.85739,36.271008,0.8388603,-1,-1,-1
483,500,162.25752,199.44637,136.48363,100.142746,0.7251844,-1,-1,-1
483,520,247.90723,148.18286,79.75433,62.092926,0.85377306,-1,-1,-1
483,532,365.56616,244.31943,101.33264,79.12857,0.8611326,-1,-1,-1
483,525,641.5131,78.64283,81.18451,41.624107,0.79468626,-1,-1,-1
483,542,65.0817,3.9896536,41.766426,33.883274,0.80017054,-1,-1,-1
483,556,420.8917,369.5633,260.26443,170.4367,0.33666632,-1,-1,-1
483,552,912.87866,0.31034657,111.12134,54.0943,0.65550166,-1,-1,-1
484,462,133.62299,1.0878596,41.64955,33.054497,0.76748776,-1,-1,-1
484,455,109.42092,52.413143,56.04348,43.53072,0.8418675,-1,-1,-1
484,476,285.05698,33.81406,68.587585,36.35757,0.8557774,-1,-1,-1
484,500,168.2495,201.14735,135.12239,97.84038,0.7102707,-1,-1,-1
484,520,248.98854,146.01767,78.80788,61.97795,0.8628068,-1,-1,-1
484,532,365.19104,241.05449,100.79584,79.37074,0.87452495,-1,-1,-1
484,525,645.05804,78.63293,81.739746,42.22847,0.7910291,-1,-1,-1
484,542,67.69443,2.0346224,42.187912,34.056786,0.79310876,-1,-1,-1
484,556,427.3308,362.68915,262.8689,177.31085,0.35465077,-1,-1,-1
484,552,918.74744,0.22812499,105.25256,53.194374,0.65438116,-1,-1,-1
485,462,136.9836,0.0,40.621613,32.390484,0.7866227,-1,-1,-1
485,455,112.28317,50.42266,55.34668,43.718315,0.84991693,-1,-1,-1
485,476,286.14938,32.974854,68.64047,36.328957,0.8506316,-1,-1,-1
485,500,169.72937,198.30814,138.8888,100.54285,0.5395657,-1,-1,-1
485,520,251.18127,144.84462,77.154205,61.099182,0.8451161,-1,-1,-1
485,532,363.9798,238.8598,100.60498,78.110565,0.85538965,-1,-1,-1
485,525,648.3664,79.018,82.44116,41.768135,0.7889877,-1,-1,-1
485,542,71.75276,0.39585105,41.645485,33.774487,0.792679,-1,-1,-1
485,556,431.52048,362.61044,261.12167,177.38956,0.4825615,-1,-1,-1
485,552,923.3591,0.20828415,100.64093,50.170128,0.71815175,-1,-1,-1
485,540,476.18082,0.16820818,75.34714,26.915092,0.32702857,-1,-1,-1
486,462,139.77654,0.0,40.09546,30.233152,0.77747977,-1,-1,-1
486,455,114.86591,48.70256,55.060555,43.165894,0.82725376,-1,-1,-1
486,476,287.442,32.45311,68.3909,35.86563,0.8431006,-1,-1,-1
486,500,172.89297,195.25237,138.18506,103.35951,0.6323214,-1,-1,-1
486,520,253.68826,142.96999,74.89575,60.03601,0.840485,-1,-1,-1
486,532,364.31985,235.59479,98.88501,77.580505,0.85364246,-1,-1,-1
486,525,651.4723,78.68283,84.447266,42.517212,0.78113127,-1,-1,-1
486,542,74.42625,0.0,42.175697,32.638565,0.77824354,-1,-1,-1
486,556,433.35608,364.41757,259.12347,175.58243,0.35791537,-1,-1,-1
486,552,927.1745,0.15941319,96.8255,44.67393,0.43360603,-1,-1,-1
486,540,480.0418,0.11869942,74.45557,26.047619,0.4281281,-1,-1,-1
487,462,143.24075,0.0,39.93579,28.666006,0.7797049,-1,-1,-1
487,455,118.375275,46.991013,54.193893,42.905617,0.8393797,-1,-1,-1
487,476,288.9124,31.898516,67.51291,35.530495,0.8347234,-1,-1,-1
487,500,174.54692,195.67021,141.38649,101.820724,0.6389062,-1,-1,-1
487,520,254.66559,140.28586,75.082184,59.312515,0.853315,-1,-1,-1
487,532,364.20602,233.00302,98.11728,76.9321,0.8569232,-1,-1,-1
487,525,655.40247,79.314026,84.34143,43.29043,0.8046965,-1,-1,-1
487,542,78.231544,0.0,42.48977,30.93135,0.7936072,-1,-1,-1
487,556,436.62653,367.44604,255.12402,172.55396,0.5789239,-1,-1,-1
487,552,932.4425,3.7354069,91.557495,44.90811,0.58498096,-1,-1,-1
487,540,483.81973,0.124017,73.61569,24.749338,0.29924616,-1,-1,-1
488,462,146.34416,0.0,39.48549,27.29749,0.76403475,-1,-1,-1
488,455,121.273994,45.316242,53.099358,42.139927,0.82243955,-1,-1,-1
488,476,290.669,31.356524,67.257355,35.17559,0.8230469,-1,-1,-1
488,500,178.48805,195.82408,144.7177,101.87651,0.7287679,-1,-1,-1
488,520,255.86522,137.61998,75.24074,59.378937,0.8580376,-1,-1,-1
488,532,363.743,229.76749,98.33746,77.27115,0.85673845,-1,-1,-1
488,525,659.13055,80.148834,83.8703,43.377518,0.8138318,-1,-1,-1
488,542,81.85778,0.0,41.771362,29.47962,0.8260723,-1,-1,-1
488,556,436.40323,371.22464,255.63016,168.77536,0.41341147,-1,-1,-1
488,552,937.3241,5.2412047,86.6759,45.635223,0.55449873,-1,-1,-1
488,540,487.15787,0.116134144,72.742584,24.977285,0.2818462,-1,-1,-1
489,462,149.22849,0.0,38.93489,26.303423,0.75471026,-1,-1,-1
489,455,123.72584,43.478943,53.25695,42.13636,0.82401925,-1,-1,-1
489,476,291.98926,30.496237,66.17059,35.750137,0.8157255,-1,-1,-1
489,500,184.47293,195.7109,142.48514,101.79831,0.6912854,-1,-1,-1
489,520,257.31677,134.99864,73.93329,59.096603,0.8420004,-1,-1,-1
489,532,363.74628,227.57008,96.17737,76.06383,0.85825163,-1,-1,-1
489,525,662.28406,80.548195,85.18585,43.146713,0.79771537,-1,-1,-1
489,542,86.37282,0.0,41.15367,28.098166,0.79679185,-1,-1,-1
489,556,442.49985,366.87482,254.85214,173.12518,0.4550017,-1,-1,-1
489,573,0.3185467,394.0625,34.18744,124.89258,0.5122339,-1,-1,-1
490,462,151.95062,0.0,38.783905,24.897808,0.69835114,-1,-1,-1
490,455,126.58895,41.288925,53.297356,41.99746,0.8238684,-1,-1,-1
490,476,293.08264,29.570786,65.590576,36.179527,0.8228995,-1,-1,-1
490,500,189.79787,195.1957,142.17332,101.696335,0.7839983,-1,-1,-1
490,520,258.58432,133.20142,72.83179,58.66902,0.85625863,-1,-1,-1
490,532,364.28436,223.92207,93.46454,75.41771,0.8567558,-1,-1,-1
490,525,666.61957,81.064095,84.131226,43.07563,0.7765557,-1,-1,-1
490,542,89.82873,0.0,41.71116,26.99836,0.76021147,-1,-1,-1
490,556,446.63937,368.78842,253.92001,171.19821,0.4865414,-1,-1,-1
490,573,0.42144984,403.75955,39.012558,125.01279,0.473738,-1,-1,-1
490,552,948.10767,9.772324,75.892334,39.56176,0.48242375,-1,-1,-1
491,462,155.76245,0.0,37.638855,23.565268,0.6301863,-1,-1,-1
491,455,130.10486,39.744507,52.236084,42.19996,0.8465698,-1,-1,-1
491,476,294.3931,28.426636,65.31613,36.869965,0.8055508,-1,-1,-1
491,500,192.73534,194.62553,144.438,101.846054,0.74000186,-1,-1,-1
491,520,259.65414,131.29935,72.40564,59.022324,0.835025,-1,-1,-1
491,532,364.69968,221.05507,91.54385,74.926865,0.8546196,-1,-1,-1
491,525,670.03186,82.057236,83.70868,42.085983,0.74085057,-1,-1,-1
491,542,93.78325,0.0,41.081818,25.041721,0.70283926,-1,-1,-1
491,556,449.14172,370.75937,253.39288,169.24063,0.43820933,-1,-1,-1
492,462,158.16046,0.0,38.007217,22.10504,0.58625615,-1,-1,-1
492,455,132.19101,37.84897,52.973755,42.25274,0.8264868,-1,-1,-1
492,476,295.6814,27.246529,65.46243,37.066498,0.7896953,-1,-1,-1
492,500,197.79349,194.048,142.35016,102.07504,0.6941338,-1,-1,-1
492,520,260.7793,128.52437,71.97626,59.002487,0.84191495,-1,-1,-1
492,532,364.7136,218.14796,91.06958,74.54021,0.8513702,-1,-1,-1
492,525,672.7477,81.95783,86.97754,47.91584,0.80161965,-1,-1,-1
492,542,98.72362,0.0,39.574158,23.69706,0.5416641,-1,-1,-1
492,556,447.98535,373.61023,254.52893,166.38977,0.3300568,-1,-1,-1
492,552,958.59937,13.3959675,65.400635,31.802195,0.4259637,-1,-1,-1
493,462,161.31516,0.0,37.72644,20.682781,0.4535497,-1,-1,-1
493,455,135.09355,36.31502,52.202087,41.49027,0.8278477,-1,-1,-1
493,476,297.3778,26.487303,64.90451,37.13375,0.77631754,-1,-1,-1
493,500,200.91481,193.14642,143.54527,103.82669,0.73219556,-1,-1,-1
493,520,263.20657,127.083534,70.058075,58.22384,0.86090904,-1,-1,-1
493,532,365.13834,215.85551,89.1586,73.15611,0.84991163,-1,-1,-1
493,525,675.7469,82.205765,88.82422,46.996857,0.79949254,-1,-1,-1
493,556,450.2988,375.15793,252.85745,164.84207,0.34703472,-1,-1,-1
493,552,962.2565,14.359145,61.74353,30.174942,0.3228399,-1,-1,-1
494,455,137.40083,34.820477,52.026627,41.351154,0.83237725,-1,-1,-1
494,476,298.76028,26.095472,64.252625,36.892776,0.7675371,-1,-1,-1
494,500,204.63841,192.89944,145.28316,104.23657,0.62945634,-1,-1,-1
494,520,265.33014,125.16324,68.18518,58.25598,0.8154083,-1,-1,-1
494,532,365.3097,213.14468,88.08844,72.570465,0.8499792,-1,-1,-1
494,525,679.4045,82.235596,88.0824,46.264435,0.81265545,-1,-1,-1
494,556,455.26202,367.65298,260.35712,172.34702,0.4434886,-1,-1,-1
494,580,61.966805,18.576448,33.533638,26.669195,0.60062975,-1,-1,-1
495,455,140.14008,33.308308,51.443726,40.56033,0.8173532,-1,-1,-1
495,476,299.6035,25.403103,63.07898,36.37767,0.7795071,-1,-1,-1
495,500,210.02887,193.10951,142.33658,103.64598,0.708768,-1,-1,-1
495,520,266.82724,122.89511,67.475464,57.932663,0.80430025,-1,-1,-1
495,532,365.07837,210.05872,87.053406,72.61746,0.857904,-1,-1,-1
495,525,682.1793,82.61075,88.65631,45.155296,0.7980607,-1,-1,-1
495,556,459.50058,367.3868,258.44485,172.61319,0.5054085,-1,-1,-1
495,580,68.107216,17.791822,30.70288,26.04947,0.39290333,-1,-1,-1
496,455,142.77168,31.718874,50.704544,40.346153,0.80574703,-1,-1,-1
496,476,300.44144,24.229559,63.29486,36.628357,0.8121912,-1,-1,-1
496,500,216.8335,193.2384,140.46161,103.214264,0.6920949,-1,-1,-1
496,520,268.3996,121.19126,67.57544,56.99082,0.8075674,-1,-1,-1
496,532,364.41315,208.0445,88.05209,71.78433,0.8783019,-1,-1,-1
496,525,685.2814,83.45352,87.40729,43.529404,0.8075448,-1,-1,-1
496,556,461.4972,369.2154,258.11774,170.7846,0.3849658,-1,-1,-1
497,455,145.14882,29.975254,50.54338,40.22958,0.82541496,-1,-1,-1
497,476,302.2361,22.636187,63.09268,37.087685,0.79054356,-1,-1,-1
497,500,219.10666,192.57,142.00119,104.06839,0.6630106,-1,-1,-1
497,520,269.37952,119.09897,67.67142,56.277283,0.75209993,-1,-1,-1
497,532,364.94675,205.25276,86.75015,69.722,0.8595701,-1,-1,-1
497,525,688.20856,84.11554,87.56897,43.01716,0.78279126,-1,-1,-1
497,556,461.99997,370.78522,257.70834,169.21478,0.38867682,-1,-1,-1
497,552,981.1905,18.630611,42.80951,24.230785,0.4653284,-1,-1,-1
497,580,75.05511,14.991315,32.51732,28.303085,0.32439566,-1,-1,-1
498,455,147.88031,28.178337,50.577835,40.132767,0.8268261,-1,-1,-1
498,476,304.07333,21.785784,61.61313,37.148933,0.79654574,-1,-1,-1
498,500,221.23048,191.46269,142.09804,105.23509,0.56626683,-1,-1,-1
498,520,271.30875,116.84224,67.7753,55.84207,0.6624491,-1,-1,-1
498,532,365.3726,203.34546,85.41763,68.42325,0.8477769,-1,-1,-1
498,525,692.058,84.55936,86.65082,42.32261,0.7528711,-1,-1,-1
498,556,464.2118,372.33264,254.05957,167.66736,0.44945705,-1,-1,-1
498,552,985.65717,20.174469,38.342834,23.952179,0.42908007,-1,-1,-1
499,455,151.18562,27.271961,48.896072,39.128162,0.8257544,-1,-1,-1
499,476,305.70972,20.942785,60.691315,37.00361,0.7892302,-1,-1,-1
499,500,225.70479,191.80568,142.75017,104.64821,0.640138,-1,-1,-1
499,520,272.36874,115.29315,67.4386,54.495773,0.8159004,-1,-1,-1
499,532,365.85095,200.78212,84.04959,68.140274,0.8596393,-1,-1,-1
499,525,695.0589,85.42087,87.46936,41.583458,0.77284455,-1,-1,-1
499,556,465.64075,375.3976,251.40039,164.58908,0.29023945,-1,-1,-1
499,552,989.5885,20.354118,34.4115,30.995445,0.6148056,-1,-1,-1
500,455,153.3873,25.468561,48.55249,38.794235,0.8262001,-1,-1,-1
500,476,306.55838,20.484419,59.954834,36.590607,0.76757514,-1,-1,-1
500,500,232.23357,191.68095,139.31462,104.44383,0.6501294,-1,-1,-1
500,520,273.2204,113.29463,66.30878,53.81909,0.7810724,-1,-1,-1
500,532,366.16342,197.65504,83.73471,68.1068,0.84757966,-1,-1,-1
500,525,698.9238,85.90797,86.44049,40.633568,0.7253892,-1,-1,-1
500,556,470.1737,371.6111,259.35144,168.38504,0.33835995,-1,-1,-1
500,552,993.76733,20.920979,30.232666,28.55576,0.3545653,-1,-1,-1
501,455,155.50099,24.257414,48.397858,38.295326,0.82777023,-1,-1,-1
501,476,307.41904,20.260618,60.161713,35.731262,0.7794681,-1,-1,-1
501,500,235.4065,192.36963,139.79483,103.24646,0.7136409,-1,-1,-1
501,520,273.95007,110.786354,67.02475,54.032906,0.6928553,-1,-1,-1
501,532,366.55368,195.27568,82.99164,67.31172,0.86763054,-1,-1,-1
501,525,701.71747,86.61114,87.762695,41.61561,0.7445439,-1,-1,-1
501,556,474.2428,371.25223,258.58765,168.74387,0.3967355,-1,-1,-1
501,552,998.4405,21.582136,25.486816,26.134813,0.55653447,-1,-1,-1
502,455,157.81328,22.50963,47.81691,37.936943,0.8135184,-1,-1,-1
502,476,308.1453,19.640524,60.34546,35.688347,0.7958772,-1,-1,-1
502,500,241.73238,193.10695,140.40898,102.87428,0.68493944,-1,-1,-1
502,520,275.87482,108.919754,66.77304,53.807617,0.6933091,-1,-1,-1
502,532,367.14066,192.8647,81.6525,66.48503,0.8502502,-1,-1,-1
502,525,704.9624,87.55122,87.25134,41.244476,0.7503081,-1,-1,-1
502,556,474.85724,373.1293,258.2627,166.86136,0.2786419,-1,-1,-1
502,552,1002.8873,20.965324,21.11267,26.70818,0.6234055,-1,-1,-1
503,455,160.03899,21.3247,47.37935,37.570347,0.8200934,-1,-1,-1
503,476,308.7443,18.96814,60.897125,35.503338,0.8004141,-1,-1,-1
503,500,243.6808,193.88425,144.70985,101.40225,0.72308266,-1,-1,-1
503,520,277.07672,107.700645,65.478546,52.70185,0.7450908,-1,-1,-1
503,532,367.03934,191.04887,81.02661,66.12529,0.84946173,-1,-1,-1
503,525,708.3795,87.62312,86.15094,42.255585,0.6886631,-1,-1,-1
503,552,1007.25397,19.006392,16.746033,30.94324,0.45749053,-1,-1,-1
504,455,162.49072,19.714472,46.647522,37.301758,0.80109286,-1,-1,-1
504,476,309.6855,18.171957,60.791718,35.751717,0.8154704,-1,-1,-1
504,500,247.85712,195.39078,143.3024,99.6875,0.75184715,-1,-1,-1
504,520,279.4005,105.99106,64.14545,51.89995,0.8117151,-1,-1,-1
504,532,367.1242,189.22536,80.747894,65.00998,0.8557682,-1,-1,-1
504,525,711.8297,88.16543,87.153015,42.281,0.7434824,-1,-1,-1
504,552,1010.82495,16.224174,13.175049,33.803352,0.31188044,-1,-1,-1
504,580,105.36918,8.965585,28.953957,29.305134,0.44726118,-1,-1,-1
505,455,164.74222,18.392807,46.23195,37.25036,0.81696516,-1,-1,-1
505,476,311.14893,16.917894,61.16559,35.94332,0.8037488,-1,-1,-1
505,500,253.28813,195.8996,142.41676,98.86484,0.74870324,-1,-1,-1
505,520,280.37357,104.537,63.75641,51.405045,0.83341676,-1,-1,-1
505,532,367.43927,186.39015,80.136566,64.47902,0.8540221,-1,-1,-1
505,525,715.2807,88.771706,87.56903,42.40307,0.79114866,-1,-1,-1
505,556,484.1474,375.24332,261.94476,164.75668,0.30260003,-1,-1,-1
506,455,167.21675,16.672617,45.34404,37.09758,0.86969566,-1,-1,-1
506,476,312.25876,15.791084,60.471466,36.706623,0.7763343,-1,-1,-1
506,500,260.58224,196.28737,139.04614,98.24611,0.77231747,-1,-1,-1
506,520,281.72537,103.18302,62.259735,50.259453,0.8260887,-1,-1,-1
506,532,368.04138,183.59729,78.903595,64.354126,0.8515687,-1,-1,-1
506,525,718.3935,89.48453,86.90527,42.275696,0.7964399,-1,-1,-1
507,455,169.90767,15.545236,44.769287,36.177143,0.81144863,-1,-1,-1
507,476,313.40744,15.122123,60.04599,36.588757,0.62034833,-1,-1,-1
507,500,265.51138,195.43304,139.20923,99.41522,0.7863009,-1,-1,-1
507,520,283.12363,101.21479,60.34967,50.589928,0.7717089,-1,-1,-1
507,532,368.7247,181.1913,78.51596,63.685516,0.84334606,-1,-1,-1
507,525,721.63965,89.74016,86.88794,42.122314,0.7887491,-1,-1,-1
507,556,490.18887,377.733,257.68527,162.267,0.30942604,-1,-1,-1
508,455,171.72179,13.837059,45.114548,35.797886,0.8017485,-1,-1,-1
508,476,315.27002,14.255552,58.850433,36.44969,0.5290593,-1,-1,-1
508,500,266.68155,194.55296,143.25519,100.97438,0.79338056,-1,-1,-1
508,520,284.06052,98.941864,61.741272,51.489365,0.75832856,-1,-1,-1
508,532,369.2612,179.22993,78.13544,63.124542,0.83631057,-1,-1,-1
508,525,724.26715,90.40403,86.858765,41.639412,0.79569817,-1,-1,-1
508,556,490.69473,378.75824,256.83157,161.24176,0.27498186,-1,-1,-1
509,455,174.7416,12.532824,43.680283,35.6773,0.8081852,-1,-1,-1
509,476,316.70773,12.334849,57.130188,37.2155,0.741975,-1,-1,-1
509,500,269.1681,193.85913,145.44217,101.727234,0.7958548,-1,-1,-1
509,520,285.4671,96.59911,62.44751,52.631065,0.65772605,-1,-1,-1
509,532,369.89578,177.0176,77.19141,62.595764,0.84220797,-1,-1,-1
509,525,725.7753,90.26035,90.34619,44.635475,0.77641374,-1,-1,-1
510,455,176.92577,10.664478,43.604782,35.716824,0.8011331,-1,-1,-1
510,476,317.7981,10.900385,55.747345,37.46199,0.71628857,-1,-1,-1
510,500,270.78806,193.74255,148.96121,101.97345,0.7984932,-1,-1,-1
510,520,287.18042,95.03213,62.57492,51.883995,0.5951229,-1,-1,-1
510,532,370.7642,175.1376,77.24347,61.363205,0.85291773,-1,-1,-1
510,525,728.3931,90.75238,89.91156,45.3378,0.7612668,-1,-1,-1
510,580,129.97241,4.3337607,28.941559,30.434214,0.30888158,-1,-1,-1
511,455,178.54018,8.858729,44.193604,35.834988,0.8236118,-1,-1,-1
511,476,318.2149,9.013436,56.034912,38.300438,0.7473478,-1,-1,-1
511,500,275.75742,193.72934,148.49777,101.70697,0.7802379,-1,-1,-1
511,520,289.0319,93.050545,61.1774,52.669655,0.65959275,-1,-1,-1
511,532,371.77295,172.91943,75.06079,60.56096,0.8431551,-1,-1,-1
511,525,732.34424,91.09037,90.86951,46.00773,0.7964904,-1,-1,-1
512,455,180.68852,7.6302896,44.441544,35.510246,0.8101077,-1,-1,-1
512,476,320.2139,7.4929132,54.93802,38.4511,0.7267056,-1,-1,-1
512,500,279.89676,193.43987,148.05951,102.43877,0.78487897,-1,-1,-1
512,520,290.60114,91.31158,61.21643,51.25599,0.77375674,-1,-1,-1
512,532,372.5757,171.05775,73.94229,59.785385,0.8382124,-1,-1,-1
512,525,735.4693,91.75867,90.88159,45.88794,0.7337277,-1,-1,-1
512,580,137.58209,6.132597,29.593735,27.779356,0.39058775,-1,-1,-1
513,455,182.59987,6.3796644,45.136276,35.30113,0.7827761,-1,-1,-1
513,476,321.14267,7.3086905,54.614532,37.552364,0.7694185,-1,-1,-1
513,500,285.01614,193.19043,149.90106,103.397156,0.8116983,-1,-1,-1
513,520,292.64462,89.83907,59.90204,50.42791,0.81155163,-1,-1,-1
513,532,372.5118,169.52809,74.30112,58.941116,0.82253796,-1,-1,-1
513,525,738.4055,92.819,91.3913,44.282913,0.69267124,-1,-1,-1
513,589,737.0,91.835625,95.41992,60.99688,0.48883933,-1,-1,-1
514,455,184.51614,4.6107483,45.245743,35.400166,0.76042366,-1,-1,-1
514,476,322.2303,6.852936,54.03009,36.617832,0.78083944,-1,-1,-1
514,500,290.27032,193.29825,150.12903,103.7901,0.7775717,-1,-1,-1
514,520,294.1769,88.31335,59.10428,50.368034,0.8287179,-1,-1,-1
514,532,372.86636,167.85873,73.766205,57.49771,0.8318451,-1,-1,-1
514,525,741.283,93.3124,91.20239,46.329887,0.77081305,-1,-1,-1
514,580,151.35355,9.972074,24.738205,24.717754,0.39191562,-1,-1,-1
515,455,187.14278,3.579821,44.207397,34.945885,0.75393826,-1,-1,-1
515,476,323.91055,7.101059,52.526184,35.6919,0.75516194,-1,-1,-1
515,500,293.30722,193.97998,151.27063,103.39078,0.8111109,-1,-1,-1
515,520,295.44955,86.41789,59.03589,50.72426,0.8243658,-1,-1,-1
515,532,373.175,165.63148,73.88211,57.405853,0.8412272,-1,-1,-1
515,525,744.82623,94.02305,90.798035,45.590096,0.71956146,-1,-1,-1
515,580,156.63707,12.184153,23.561432,22.657766,0.45701057,-1,-1,-1
516,455,190.25716,2.8978322,42.603317,33.72917,0.75026125,-1,-1,-1
516,476,325.20578,6.717203,52.203278,35.080513,0.7833434,-1,-1,-1
516,500,297.51306,195.53848,152.32367,102.29788,0.81270754,-1,-1,-1
516,520,297.4761,84.72985,57.62622,49.777718,0.8126288,-1,-1,-1
516,532,373.8845,163.30237,73.05496,57.15059,0.8362659,-1,-1,-1
516,580,160.66194,12.450055,23.50032,22.128052,0.40360814,-1,-1,-1
516,589,746.5024,93.68243,97.07654,57.52311,0.74839216,-1,-1,-1
517,455,192.91034,2.204671,41.927155,32.678947,0.6808011,-1,-1,-1
517,476,326.28592,6.0638137,51.588562,34.874416,0.7622577,-1,-1,-1
517,500,303.00876,196.37291,150.3605,101.28093,0.79667187,-1,-1,-1
517,520,299.30197,83.46229,56.240906,48.726234,0.7706548,-1,-1,-1
517,532,374.95215,160.84549,71.61862,56.700165,0.8325085,-1,-1,-1
517,580,163.87022,11.200667,23.107971,22.790539,0.4250817,-1,-1,-1
517,525,750.6934,94.9997,91.99194,45.01824,0.766853,-1,-1,-1
518,455,194.23778,0.9893471,42.141357,32.746906,0.7020772,-1,-1,-1
518,476,327.05865,5.2707014,51.229126,34.906425,0.7150571,-1,-1,-1
518,500,308.71182,197.54291,150.24597,100.81091,0.7422048,-1,-1,-1
518,520,300.69897,81.90529,55.382782,49.214615,0.8266601,-1,-1,-1
518,532,374.96347,159.05316,72.24921,56.727875,0.83209866,-1,-1,-1
518,580,167.07147,10.271713,22.441025,23.186745,0.5143608,-1,-1,-1
518,589,752.9527,94.53311,97.364746,51.891754,0.74884295,-1,-1,-1
519,455,195.99231,0.0,42.14653,32.215797,0.6542785,-1,-1,-1
519,476,328.02536,4.3779902,50.46936,34.552128,0.5176223,-1,-1,-1
519,500,312.36554,198.34647,153.24063,100.37027,0.7387821,-1,-1,-1
519,520,301.37537,80.23937,55.043823,49.127907,0.8194753,-1,-1,-1
519,532,374.87823,157.01743,72.37854,56.249466,0.8371219,-1,-1,-1
519,580,170.29437,9.951126,21.681076,22.395767,0.4044454,-1,-1,-1
519,589,755.61475,95.02526,96.352295,54.90925,0.77951694,-1,-1,-1
520,455,197.5844,0.0,42.36885,30.910004,0.6721445,-1,-1,-1
520,476,328.9756,4.060803,49.938873,34.14745,0.42051896,-1,-1,-1
520,500,315.83746,198.45695,154.05359,100.358444,0.8274053,-1,-1,-1
520,520,302.16104,78.552795,55.486908,49.030487,0.82223624,-1,-1,-1
520,532,375.3414,155.3361,71.56137,55.643967,0.8269596,-1,-1,-1
520,580,173.35388,9.773223,20.064423,20.878117,0.2835409,-1,-1,-1
520,589,759.05273,95.881,94.586365,57.194626,0.80382997,-1,-1,-1
520,525,760.2322,96.91128,90.66791,42.75025,0.50474095,-1,-1,-1
521,455,199.7486,0.0,41.511475,29.12457,0.5373842,-1,-1,-1
521,476,329.8294,3.764042,48.84378,33.03855,0.40350372,-1,-1,-1
521,500,317.8152,198.68105,156.15616,100.828995,0.7544247,-1,-1,-1
521,520,303.32965,77.29386,55.260315,48.861526,0.83704585,-1,-1,-1
521,532,375.52454,153.2972,70.900604,55.439713,0.84096,-1,-1,-1
521,589,761.6288,96.756516,93.75488,52.806763,0.74023384,-1,-1,-1
522,455,201.06004,0.0,41.43022,27.893024,0.527138,-1,-1,-1
522,500,324.12762,198.39944,156.91092,101.56836,0.80671096,-1,-1,-1
522,520,304.0171,76.266624,55.454803,48.527496,0.7938611,-1,-1,-1
522,532,375.606,151.32324,69.8053,55.15918,0.8459282,-1,-1,-1
522,589,763.2588,97.11927,93.69171,59.32035,0.737885,-1,-1,-1
522,525,763.79614,97.89287,90.019165,41.54512,0.7293969,-1,-1,-1
523,455,201.76141,0.0,41.310516,26.992662,0.31607467,-1,-1,-1
523,500,326.71918,198.1827,157.90158,102.0273,0.800036,-1,-1,-1
523,520,304.3751,75.407814,54.074646,48.042603,0.7543434,-1,-1,-1
523,532,376.2951,148.35463,68.42282,55.710175,0.8220406,-1,-1,-1
523,525,765.1979,99.030815,91.20172,41.367043,0.705141,-1,-1,-1
524,500,329.9781,198.8598,159.60818,101.871735,0.83421546,-1,-1,-1
524,520,304.40054,73.73167,54.07901,48.075684,0.75373596,-1,-1,-1
524,532,375.90366,146.81277,68.1814,54.24919,0.8306227,-1,-1,-1
524,525,766.51306,99.28942,91.13226,42.461357,0.63443935,-1,-1,-1
524,476,330.40976,2.6906855,46.77765,31.451984,0.30650172,-1,-1,-1
524,589,766.1792,99.05527,96.43817,63.128235,0.4937819,-1,-1,-1
525,500,336.3733,199.33447,159.67664,101.24393,0.8315587,-1,-1,-1
525,520,304.31448,72.89186,54.94632,47.51776,0.5383026,-1,-1,-1
525,532,375.23633,145.4757,67.49396,53.35211,0.827971,-1,-1,-1
525,525,767.7405,99.4704,91.887085,42.093628,0.55830836,-1,-1,-1
525,589,767.1599,99.84712,95.59338,60.166443,0.4924389,-1,-1,-1
526,500,337.2977,199.0202,166.27652,102.038574,0.8423501,-1,-1,-1
526,532,374.6563,143.68794,66.59183,53.24739,0.7985857,-1,-1,-1
526,525,769.27496,100.01144,92.4693,41.986946,0.64106125,-1,-1,-1
526,589,768.6113,100.36187,98.35559,65.116234,0.55718845,-1,-1,-1
527,500,340.16217,199.82372,164.46097,102.43584,0.8502213,-1,-1,-1
527,532,374.02325,141.92471,66.40735,53.15927,0.81213474,-1,-1,-1
527,525,772.284,100.621284,90.828,42.555443,0.6515245,-1,-1,-1
527,589,772.49115,101.072815,94.778015,63.49196,0.32558674,-1,-1,-1
527,520,303.7442,70.20412,56.751556,45.100388,0.37362516,-1,-1,-1
528,500,342.55225,200.56818,168.70334,102.01785,0.820705,-1,-1,-1
528,532,373.41022,140.06003,65.09485,53.04323,0.8226316,-1,-1,-1
528,525,773.2846,100.93486,91.48779,42.269806,0.6904474,-1,-1,-1
528,589,773.2126,101.102196,96.20343,60.355232,0.5679502,-1,-1,-1
528,520,303.21875,68.292145,57.102448,45.310867,0.6394899,-1,-1,-1
529,500,347.43195,200.90135,169.37848,102.44139,0.7883196,-1,-1,-1
529,532,372.9929,138.24843,63.924896,53.08902,0.813833,-1,-1,-1
529,525,775.43756,101.58098,91.29932,40.645416,0.7293483,-1,-1,-1
529,589,775.2725,101.786125,93.829285,57.28286,0.5967393,-1,-1,-1
529,520,303.9209,66.51972,55.93103,46.25157,0.7402285,-1,-1,-1
529,476,329.58713,0.003400936,44.452057,29.076895,0.2726088,-1,-1,-1
530,500,348.42606,201.70709,174.22092,102.00131,0.75549924,-1,-1,-1
530,532,372.22433,134.79536,64.30078,54.739212,0.78687686,-1,-1,-1
530,525,776.36633,102.17802,91.60248,40.32438,0.7619551,-1,-1,-1
530,589,775.9368,102.097206,93.51996,56.89086,0.69582635,-1,-1,-1
530,520,303.83728,65.00042,56.683014,47.994995,0.3963831,-1,-1,-1
531,500,352.05212,202.20982,173.7583,102.327805,0.7567189,-1,-1,-1
531,532,372.19064,133.90654,63.897583,53.25801,0.78491426,-1,-1,-1
531,525,778.0752,102.61267,91.37341,39.39357,0.74131626,-1,-1,-1
531,520,304.0084,64.00346,57.267303,47.03985,0.46204302,-1,-1,-1
532,500,359.30106,203.36417,171.88974,101.26724,0.75400674,-1,-1,-1
532,532,371.7389,133.09889,62.829865,51.95294,0.7922303,-1,-1,-1
532,525,779.41925,102.44427,91.40387,40.28028,0.7647746,-1,-1,-1
532,520,303.68295,63.058125,57.180542,46.242336,0.39366838,-1,-1,-1
532,589,778.63794,101.79405,93.83008,59.59169,0.49067608,-1,-1,-1
533,500,363.89905,204.70624,167.62402,100.12973,0.66012365,-1,-1,-1
533,532,370.63766,131.3435,63.141205,52.27101,0.7517605,-1,-1,-1
533,525,780.3486,103.004616,91.91742,39.148796,0.73467755,-1,-1,-1
533,520,303.4448,61.833103,57.236725,46.330532,0.40541035,-1,-1,-1
533,589,779.37256,102.492424,97.07471,63.17092,0.5396794,-1,-1,-1
534,500,365.6753,205.2877,172.77832,99.90721,0.7249212,-1,-1,-1
534,532,369.78986,129.3116,62.32892,52.300903,0.733598,-1,-1,-1
534,525,780.67554,103.249886,92.718445,38.74691,0.7612076,-1,-1,-1
534,589,780.0145,103.01149,98.329834,60.37976,0.6474892,-1,-1,-1
535,500,370.3424,205.79889,172.23798,99.523346,0.5903341,-1,-1,-1
535,532,369.1293,127.54563,61.58014,51.83111,0.70352435,-1,-1,-1
535,525,782.2092,103.708626,92.266846,38.081947,0.73695207,-1,-1,-1
535,589,781.64764,103.08236,97.01611,58.440254,0.5413757,-1,-1,-1
535,520,303.34326,59.40525,57.769196,51.59745,0.3841797,-1,-1,-1
536,500,375.1036,206.38188,170.51346,98.91319,0.7387569,-1,-1,-1
536,532,368.3347,124.94361,61.172028,51.968483,0.6669708,-1,-1,-1
536,525,784.5814,103.9465,91.46478,38.47467,0.75597477,-1,-1,-1
536,589,784.2016,102.91285,94.128174,57.466377,0.6908404,-1,-1,-1
537,500,381.64456,207.52534,168.6406,97.92082,0.73499924,-1,-1,-1
537,532,368.10547,121.39494,61.079742,53.442947,0.5097752,-1,-1,-1
537,525,785.6184,104.22961,91.6048,38.72399,0.70452434,-1,-1,-1
537,589,785.026,103.224846,94.95599,55.282356,0.6304752,-1,-1,-1
538,500,385.00998,208.56163,171.6229,96.83226,0.7571223,-1,-1,-1
538,532,367.89383,120.103485,60.13858,52.05136,0.5292891,-1,-1,-1
538,525,786.4984,104.25005,93.58905,40.058403,0.7344565,-1,-1,-1
538,589,786.0614,103.329185,95.18414,57.348656,0.58660495,-1,-1,-1
539,500,389.09827,209.10527,169.47339,96.12221,0.77566755,-1,-1,-1
539,525,787.27515,104.56666,94.41443,40.63746,0.71526414,-1,-1,-1
540,500,392.82025,210.30789,172.02063,95.58093,0.79672897,-1,-1,-1
540,525,788.26526,104.81498,94.79932,40.579094,0.67572236,-1,-1,-1
541,500,397.03784,210.51552,172.22345,96.23863,0.7571491,-1,-1,-1
541,525,789.3962,105.33984,95.000305,39.89966,0.6906257,-1,-1,-1
542,500,399.36768,210.35027,169.17395,96.516556,0.8128815,-1,-1,-1
542,525,791.28,105.57154,95.24957,39.873634,0.67645836,-1,-1,-1
542,520,306.84772,51.414692,51.095215,41.896694,0.30734116,-1,-1,-1
542,589,790.76556,104.32446,96.13898,59.052155,0.3875697,-1,-1,-1
543,500,407.3331,211.11487,167.14749,95.953156,0.8291788,-1,-1,-1
543,525,792.71643,106.428696,94.97308,39.442978,0.6904462,-1,-1,-1
543,589,791.6254,105.25003,96.35791,62.306854,0.462446,-1,-1,-1
544,500,409.32822,211.91882,168.25656,95.07657,0.8275201,-1,-1,-1
544,525,794.516,106.65511,94.70636,41.077126,0.74784565,-1,-1,-1
544,589,793.2556,106.07798,99.20099,68.62902,0.6763937,-1,-1,-1
544,532,367.8684,109.32022,58.687347,49.92781,0.31099594,-1,-1,-1
544,520,307.63425,49.095287,51.20627,42.50503,0.34577376,-1,-1,-1
545,500,413.93295,212.47778,169.9288,95.57971,0.8127394,-1,-1,-1
545,525,797.17035,107.10615,94.55505,41.099556,0.75454545,-1,-1,-1
545,589,795.7448,106.8082,99.245605,63.79207,0.6375058,-1,-1,-1
546,500,419.92688,213.00356,168.37177,95.53313,0.83751804,-1,-1,-1
546,525,799.2764,107.175476,94.7536,41.84497,0.7738186,-1,-1,-1
546,589,797.8266,106.61838,99.02191,65.414566,0.7107334,-1,-1,-1
547,500,423.89215,213.1634,166.83374,94.559494,0.8268556,-1,-1,-1
547,525,801.0681,107.23592,94.47833,42.049934,0.7334474,-1,-1,-1
547,589,799.43994,106.49195,99.874695,67.50407,0.65845907,-1,-1,-1
548,500,426.10345,212.99207,165.77032,94.12665,0.83842206,-1,-1,-1
548,525,803.3254,107.69572,94.0509,41.828392,0.771254,-1,-1,-1
548,589,801.8599,107.11115,100.72455,63.988747,0.6619534,-1,-1,-1
548,520,310.4105,44.92354,49.034607,42.589035,0.38858542,-1,-1,-1
549,500,431.19873,213.93977,161.62476,92.62883,0.8164885,-1,-1,-1
549,525,805.8594,108.23017,93.25525,41.615334,0.736985,-1,-1,-1
549,589,803.4072,107.75267,101.924255,69.73924,0.6014969,-1,-1,-1
549,520,311.48703,44.030975,48.30887,42.883553,0.3114999,-1,-1,-1
550,500,436.27573,213.93846,164.33273,93.29091,0.80835974,-1,-1,-1
550,525,807.42523,108.825806,93.8891,41.392227,0.7218051,-1,-1,-1
550,589,805.262,108.29583,100.605286,70.68697,0.6770442,-1,-1,-1
550,520,312.58353,42.5022,48.070007,41.174313,0.42292887,-1,-1,-1
551,500,440.69183,214.04372,164.10602,93.48381,0.8508198,-1,-1,-1
551,525,810.0805,109.53374,93.6037,40.57193,0.7107657,-1,-1,-1
551,589,808.3641,108.751434,98.68036,69.190475,0.6930868,-1,-1,-1
551,520,313.21005,41.538303,48.30356,40.709698,0.67873967,-1,-1,-1
552,500,445.16946,214.6031,167.6146,93.4138,0.81623304,-1,-1,-1
552,525,812.7018,110.111275,92.94946,40.27587,0.7722455,-1,-1,-1
552,589,811.10815,109.55396,97.443665,63.59693,0.7659661,-1,-1,-1
552,520,315.1567,40.78987,47.411224,39.84159,0.74826646,-1,-1,-1
553,500,451.209,214.84119,165.19345,92.940765,0.8432606,-1,-1,-1
553,525,814.5482,110.44487,94.26648,42.133865,0.74902016,-1,-1,-1
553,520,316.194,39.71169,47.244415,41.10082,0.46109056,-1,-1,-1
554,500,457.13358,215.46452,163.50443,92.41887,0.8169668,-1,-1,-1
554,525,816.72314,111.19189,94.68707,40.194527,0.74727386,-1,-1,-1
554,520,317.0837,38.528896,47.968597,42.89192,0.6343903,-1,-1,-1
555,500,462.0246,216.0252,166.67139,92.120514,0.8263202,-1,-1,-1
555,525,818.45984,111.940544,97.59369,39.351433,0.6186857,-1,-1,-1
555,520,318.8494,37.26839,47.668793,40.997913,0.64535093,-1,-1,-1
555,532,373.30786,90.03704,52.238403,47.314995,0.51172304,-1,-1,-1
555,589,818.13196,112.261536,104.45538,69.63391,0.58860856,-1,-1,-1
556,500,467.404,216.5227,167.45099,91.24213,0.8285523,-1,-1,-1
556,525,822.0006,112.747604,98.18506,40.261,0.63933176,-1,-1,-1
556,520,321.1006,35.749584,46.74695,40.614635,0.71217257,-1,-1,-1
556,532,375.30435,88.01448,51.35083,47.96364,0.56142,-1,-1,-1
556,589,821.63965,113.216255,102.18988,64.71267,0.6843617,-1,-1,-1
557,500,472.7085,217.0657,166.15082,90.93439,0.8411058,-1,-1,-1
557,525,824.534,113.71265,99.3338,39.35144,0.6346495,-1,-1,-1
557,520,322.65475,34.699875,46.874207,40.60701,0.62381047,-1,-1,-1
557,532,375.98657,87.79685,51.350708,46.315224,0.57371175,-1,-1,-1
557,589,823.4817,114.078575,105.1355,63.9591,0.6097334,-1,-1,-1
558,500,478.03958,217.47533,165.54733,91.015366,0.8552079,-1,-1,-1
558,525,827.8626,114.50137,98.76044,38.57939,0.6287748,-1,-1,-1
558,520,323.59296,33.819485,47.45273,43.469395,0.55384606,-1,-1,-1
558,532,377.65234,86.533615,50.430634,45.951294,0.69898,-1,-1,-1
558,589,826.6918,114.65676,105.73761,63.532265,0.5622619,-1,-1,-1
559,500,482.8868,217.89436,164.90872,90.64964,0.82653916,-1,-1,-1
559,525,830.3433,114.905205,98.42139,39.084373,0.63780046,-1,-1,-1
559,520,324.13974,32.340958,47.3873,45.822342,0.5436167,-1,-1,-1
559,532,378.72705,86.263466,49.74002,44.213585,0.60539156,-1,-1,-1
559,589,829.0771,114.49268,104.28766,61.948692,0.69191504,-1,-1,-1
560,500,488.35535,218.37186,165.49493,90.733734,0.8448222,-1,-1,-1
560,525,833.1665,115.45434,97.15466,38.728157,0.67136157,-1,-1,-1
560,520,326.50165,31.28728,45.23355,41.74642,0.65534097,-1,-1,-1
560,532,380.00064,85.88277,48.43396,42.71721,0.65852815,-1,-1,-1
560,589,832.36774,114.6846,101.65637,57.769516,0.5683786,-1,-1,-1
561,500,492.45642,219.04288,167.42645,90.17398,0.84672123,-1,-1,-1
561,525,836.1899,115.94438,96.53223,38.490326,0.655074,-1,-1,-1
561,520,327.6008,30.235079,44.76233,41.56874,0.7174316,-1,-1,-1
561,532,380.1678,84.57278,47.915558,42.335335,0.50663596,-1,-1,-1
561,589,835.1394,115.328186,101.97687,62.702576,0.5627473,-1,-1,-1
562,500,496.54938,220.52467,168.1676,89.57918,0.84126204,-1,-1,-1
562,525,837.86,116.5812,95.56903,39.11271,0.73297054,-1,-1,-1
562,520,328.74408,29.363535,43.75766,40.689438,0.7641371,-1,-1,-1
562,532,380.0129,82.24798,47.569794,42.712944,0.5303123,-1,-1,-1
562,589,837.365,115.69389,99.622986,58.546143,0.5715237,-1,-1,-1
563,500,500.88412,220.6502,167.01102,90.076385,0.86555225,-1,-1,-1
563,525,838.4021,116.74116,97.698425,39.003822,0.64224535,-1,-1,-1
563,520,329.30777,28.456274,43.322327,39.98983,0.7899489,-1,-1,-1
563,532,379.8655,80.83709,47.40448,42.722298,0.49756148,-1,-1,-1
564,500,506.6931,220.27223,164.34442,90.26216,0.8523188,-1,-1,-1
564,525,839.8237,117.290436,97.66675,39.13504,0.718889,-1,-1,-1
564,520,330.65332,27.136667,42.544952,39.139053,0.81604904,-1,-1,-1
564,532,379.87363,79.07929,47.42572,42.67015,0.5059151,-1,-1,-1
565,500,512.0049,220.73833,165.08966,90.36626,0.846563,-1,-1,-1
565,525,841.17365,117.27706,96.94348,39.352745,0.7634474,-1,-1,-1
565,520,331.1054,25.668858,42.30957,39.19141,0.8061399,-1,-1,-1
565,532,379.68274,78.71575,47.930206,41.782883,0.67721266,-1,-1,-1
566,500,515.1344,221.40639,167.11432,89.80025,0.8551608,-1,-1,-1
566,525,842.2062,117.32131,97.37512,41.75477,0.78738725,-1,-1,-1
566,520,332.2357,24.46329,41.233643,39.854446,0.7996678,-1,-1,-1
566,532,380.39102,76.57202,47.35202,42.037476,0.68109596,-1,-1,-1
567,500,520.21,221.96848,166.24158,89.126526,0.8562583,-1,-1,-1
567,525,843.65436,117.60819,97.31427,42.674736,0.7782918,-1,-1,-1
567,520,332.8275,23.150333,40.513275,38.89304,0.81982994,-1,-1,-1
567,532,380.23553,75.623856,46.92807,41.706146,0.80632854,-1,-1,-1
568,500,523.87823,221.782,166.72266,89.83394,0.845983,-1,-1,-1
568,525,844.9311,118.31331,97.911865,42.260773,0.7674299,-1,-1,-1
568,520,333.1594,22.26504,40.18216,38.492775,0.81582993,-1,-1,-1
568,532,380.35663,75.52411,46.113342,40.05445,0.72236735,-1,-1,-1
568,589,843.8066,117.79923,103.576904,68.59377,0.51938134,-1,-1,-1
569,500,529.14154,221.95648,164.3305,89.98889,0.848892,-1,-1,-1
569,525,847.3025,118.82484,97.09131,41.185875,0.74743325,-1,-1,-1
569,520,333.42447,21.41426,39.653564,38.521927,0.75522643,-1,-1,-1
569,532,379.97406,74.623535,45.73935,39.09317,0.6862756,-1,-1,-1
570,500,533.76074,221.722,164.06299,90.36653,0.8323703,-1,-1,-1
570,525,848.9115,119.28006,96.96838,41.018143,0.76644444,-1,-1,-1
570,520,333.7462,20.641098,39.533844,38.15084,0.7876324,-1,-1,-1
570,532,379.61435,73.29632,45.97534,38.48094,0.712505,-1,-1,-1
571,500,538.30194,221.28976,164.18408,90.96472,0.82656974,-1,-1,-1
571,525,850.36005,119.39813,96.730896,40.847168,0.71817726,-1,-1,-1
571,520,333.75867,19.770353,39.0412,38.026855,0.7945643,-1,-1,-1
571,532,379.33633,71.87693,46.34189,39.0755,0.6672383,-1,-1,-1
571,589,848.559,118.813225,103.22424,58.841133,0.56518555,-1,-1,-1
572,500,542.6584,221.52931,166.18738,90.60167,0.8239413,-1,-1,-1
572,525,851.8303,120.17414,96.35321,39.480263,0.7179643,-1,-1,-1
572,520,333.67914,18.74475,39.035492,38.64402,0.800248,-1,-1,-1
572,532,379.59662,70.27611,44.896942,39.306847,0.61842877,-1,-1,-1
572,589,849.6374,119.684235,103.66754,54.848312,0.38885498,-1,-1,-1
573,500,545.08386,221.03926,168.68927,91.11165,0.8329276,-1,-1,-1
573,525,852.64185,120.5073,95.91626,39.360542,0.7284484,-1,-1,-1
573,520,333.66965,17.560055,38.80127,38.90744,0.799127,-1,-1,-1
573,532,379.37872,68.2932,44.59903,39.29164,0.58223563,-1,-1,-1
574,500,548.8098,221.28226,167.18091,90.93396,0.83143806,-1,-1,-1
574,525,853.6371,120.72221,95.80438,39.811325,0.7275165,-1,-1,-1
574,520,333.83835,16.413296,38.59601,38.49013,0.8016433,-1,-1,-1
574,532,379.23532,66.94328,43.762085,38.342278,0.6672207,-1,-1,-1
574,589,851.57263,120.704544,103.31256,53.563873,0.5526399,-1,-1,-1
575,500,554.22815,221.68092,164.276,90.5558,0.82584596,-1,-1,-1
575,525,854.7507,121.02731,95.82703,39.500122,0.61929727,-1,-1,-1
575,520,333.66995,15.3811865,38.431274,38.528603,0.7652389,-1,-1,-1
575,532,379.10995,64.662674,43.938446,39.136925,0.6813772,-1,-1,-1
575,589,852.8057,120.744736,103.36603,57.203995,0.49164084,-1,-1,-1
576,500,560.5815,223.45944,164.93427,87.80798,0.7897158,-1,-1,-1
576,525,855.54504,121.69877,96.4021,38.92051,0.561622,-1,-1,-1
576,520,333.23972,14.651787,38.531555,37.860607,0.7743585,-1,-1,-1
576,532,379.08762,63.776653,43.11841,38.66672,0.55447257,-1,-1,-1
576,589,853.8136,121.625084,103.65106,67.25324,0.6000634,-1,-1,-1
577,500,564.17395,224.06004,164.01727,86.96187,0.7938011,-1,-1,-1
577,525,855.49176,122.37624,99.275085,39.555367,0.38994777,-1,-1,-1
577,520,333.01624,13.529331,38.76642,37.595943,0.7936934,-1,-1,-1
577,532,378.43857,62.367443,43.322296,38.812336,0.6826475,-1,-1,-1
577,589,853.68506,122.41592,105.04358,70.14718,0.4469697,-1,-1,-1
578,500,566.7496,222.9093,163.81018,88.68646,0.7496337,-1,-1,-1
578,525,856.201,122.39616,98.64398,38.84931,0.43488762,-1,-1,-1
578,520,333.83505,12.611699,37.83206,36.960052,0.79110706,-1,-1,-1
578,532,377.36447,60.702847,43.604065,38.429623,0.57616127,-1,-1,-1
578,589,854.8081,122.09754,104.18048,69.027626,0.50844455,-1,-1,-1
579,500,569.1085,223.82112,169.42041,87.438095,0.7467034,-1,-1,-1
579,525,857.67896,122.466156,98.48773,38.65233,0.32547763,-1,-1,-1
579,520,334.466,11.317851,37.431244,36.77912,0.7835999,-1,-1,-1
579,532,377.5448,58.509747,43.163635,39.484608,0.7466293,-1,-1,-1
579,589,856.85785,122.48332,102.905396,65.97809,0.30316195,-1,-1,-1
580,500,575.39215,225.35928,165.80005,85.65268,0.83144224,-1,-1,-1
580,525,858.8437,123.01413,98.90369,38.175446,0.40320286,-1,-1,-1
580,520,334.3691,10.224788,37.302185,36.837147,0.7970613,-1,-1,-1
580,532,376.76596,57.62649,43.881744,39.756474,0.62710595,-1,-1,-1
581,500,578.61743,226.52719,164.28546,85.42609,0.8072828,-1,-1,-1
581,525,861.1259,123.40958,97.87543,37.52365,0.3340669,-1,-1,-1
581,520,334.42255,9.385093,36.9942,37.20082,0.8015969,-1,-1,-1
581,532,376.14502,56.72681,43.842255,39.037106,0.6540252,-1,-1,-1
581,596,109.2479,0.0,29.298119,23.52546,0.37824285,-1,-1,-1
582,500,584.5118,228.58815,165.7746,84.15483,0.80182254,-1,-1,-1
582,520,334.8566,8.988582,36.766235,37.216866,0.79338485,-1,-1,-1
582,532,376.34464,56.435104,43.610138,38.24958,0.60042524,-1,-1,-1
582,596,109.70603,0.13754666,29.739616,24.810762,0.36738953,-1,-1,-1
582,589,861.98755,125.68974,101.28534,56.444473,0.53409755,-1,-1,-1
583,500,590.3363,230.79544,164.52112,83.24771,0.84210414,-1,-1,-1
583,520,335.078,9.098588,36.819244,37.130432,0.80596346,-1,-1,-1
583,532,375.8,56.497196,44.162994,37.805218,0.71979487,-1,-1,-1
583,596,110.6803,0.53414917,30.86177,26.572279,0.33345264,-1,-1,-1
583,597,193.62805,1.4101514,30.726929,26.915607,0.5328706,-1,-1,-1
583,525,862.99475,126.7721,99.59027,37.778175,0.357191,-1,-1,-1
584,500,592.5552,232.02594,168.12952,85.094604,0.8078632,-1,-1,-1
584,520,335.72107,9.828549,37.031433,36.992626,0.8128183,-1,-1,-1
584,532,375.74158,56.733856,44.157776,37.561325,0.6873987,-1,-1,-1
584,596,111.58276,1.4383421,31.82898,28.743046,0.2855869,-1,-1,-1
584,597,195.96739,3.002047,29.552292,28.547638,0.7194807,-1,-1,-1
584,525,863.7901,128.9326,100.54077,40.910156,0.37594426,-1,-1,-1
585,500,595.26697,232.17076,168.30127,86.5439,0.7889585,-1,-1,-1
585,520,336.7161,10.782737,36.657867,36.67721,0.8092056,-1,-1,-1
585,532,375.61237,57.18867,43.86081,37.40726,0.687396,-1,-1,-1
585,596,112.59613,2.7174888,31.21759,29.753843,0.4215446,-1,-1,-1
585,597,197.5979,4.8227477,30.55194,30.195902,0.7474194,-1,-1,-1
585,525,864.79846,131.20924,100.08545,41.767548,0.5562261,-1,-1,-1
585,589,865.59875,130.36472,104.36719,66.51526,0.37266773,-1,-1,-1
586,500,600.48193,234.60806,169.97174,85.68564,0.8346671,-1,-1,-1
586,520,336.99423,12.400409,36.93698,35.793415,0.7922772,-1,-1,-1
586,532,376.2661,58.03555,43.282166,37.641926,0.6809578,-1,-1,-1
586,596,114.018105,3.8820388,31.27224,32.273922,0.68044704,-1,-1,-1
586,597,199.61952,7.130114,31.683868,31.493689,0.77059937,-1,-1,-1
586,525,866.09735,133.79095,99.107666,40.154175,0.41904026,-1,-1,-1
586,589,866.97955,132.16226,104.75049,67.25946,0.5424268,-1,-1,-1
587,500,602.0034,236.24435,172.80426,86.47189,0.78586805,-1,-1,-1
587,520,338.28397,14.205267,35.91394,34.82319,0.7703718,-1,-1,-1
587,532,376.65414,58.28797,42.825226,38.545303,0.7968448,-1,-1,-1
587,596,116.363815,5.6888337,31.123383,32.765472,0.69365495,-1,-1,-1
587,597,201.36842,9.759523,31.71457,32.270264,0.78160715,-1,-1,-1
587,525,866.78766,136.24213,97.18152,38.598236,0.4781207,-1,-1,-1
587,589,866.35516,135.48764,105.588806,66.664246,0.5977537,-1,-1,-1
588,500,606.0584,239.97594,172.90039,83.837845,0.8139757,-1,-1,-1
588,520,339.4053,15.892755,35.26657,34.19265,0.78500324,-1,-1,-1
588,532,377.42096,59.67211,42.29312,38.43651,0.7968277,-1,-1,-1
588,596,117.454765,8.756881,30.989952,34.308464,0.7150083,-1,-1,-1
588,597,203.23991,13.17111,31.143753,32.564163,0.7905486,-1,-1,-1
588,525,867.1203,138.88663,100.118774,42.607605,0.70186317,-1,-1,-1
588,589,867.1007,138.6413,107.58685,63.78241,0.7497452,-1,-1,-1
589,500,611.58765,242.50499,172.75531,83.36946,0.7974622,-1,-1,-1
589,520,340.20706,17.195206,34.38031,33.464478,0.7779546,-1,-1,-1
589,532,377.32028,61.844177,42.38275,37.145287,0.75092167,-1,-1,-1
589,596,118.641174,12.077564,31.551224,34.396217,0.6107716,-1,-1,-1
589,597,205.4367,16.884129,30.534927,32.69965,0.7882669,-1,-1,-1
589,525,867.7007,140.95964,99.56494,42.727142,0.70117545,-1,-1,-1
589,589,867.28094,140.03404,113.87964,63.25763,0.7483541,-1,-1,-1
590,500,612.3587,245.33514,175.05353,82.90195,0.78483045,-1,-1,-1
590,520,340.61176,18.774231,34.11508,32.865173,0.7598212,-1,-1,-1
590,532,377.5868,63.407475,42.157684,36.228283,0.6444432,-1,-1,-1
590,596,119.5655,15.240416,33.413948,35.173447,0.7441559,-1,-1,-1
590,597,206.6825,21.050455,31.333252,32.608955,0.7888451,-1,-1,-1
590,525,869.0503,143.17813,99.27832,44.601852,0.78417933,-1,-1,-1
590,589,868.87976,142.13155,106.67645,65.52455,0.35858485,-1,-1,-1
591,500,619.22327,246.3625,170.50238,83.43211,0.79756916,-1,-1,-1
591,520,341.23804,20.719742,33.185394,32.063374,0.6925453,-1,-1,-1
591,532,378.27112,64.39195,41.734955,36.786606,0.7341432,-1,-1,-1
591,596,120.83441,18.635775,32.35289,34.319954,0.68190885,-1,-1,-1
591,597,208.39265,24.369867,31.499252,32.981506,0.80922323,-1,-1,-1
591,525,869.7369,146.06543,99.83179,42.023315,0.72721183,-1,-1,-1
591,589,869.5036,145.32652,105.604614,62.981735,0.68310267,-1,-1,-1
592,500,620.7142,247.13985,172.23926,85.056046,0.760144,-1,-1,-1
592,520,341.88138,22.30496,32.124268,31.973799,0.7442961,-1,-1,-1
592,532,378.7276,65.4621,41.30777,36.773117,0.7429206,-1,-1,-1
592,596,121.260994,22.11859,33.721687,34.61895,0.704055,-1,-1,-1
592,597,210.11426,28.391283,31.762146,32.613792,0.7929256,-1,-1,-1
592,525,871.7931,149.16917,98.35651,39.962936,0.64564806,-1,-1,-1
592,589,871.40686,148.81653,103.81415,60.092743,0.6505531,-1,-1,-1
593,500,620.71564,248.90228,176.27454,86.53665,0.7906978,-1,-1,-1
593,520,342.3608,23.625938,32.385376,32.121418,0.7700243,-1,-1,-1
593,532,379.14935,65.9815,40.9299,37.630814,0.745423,-1,-1,-1
593,596,122.29241,25.199158,34.293846,34.574757,0.68183726,-1,-1,-1
593,597,211.98685,31.974606,31.848175,32.054775,0.7868161,-1,-1,-1
593,525,873.1443,152.01205,100.01831,41.74521,0.740969,-1,-1,-1
593,589,873.3456,151.44312,105.708435,58.563232,0.7123682,-1,-1,-1
594,500,627.59717,253.90314,177.09802,83.483826,0.7941647,-1,-1,-1
594,520,343.3089,24.93774,31.861694,32.300766,0.7435006,-1,-1,-1
594,532,380.1039,67.174095,40.58368,38.274223,0.76866233,-1,-1,-1
594,596,122.84305,28.546057,34.935684,35.393738,0.6950683,-1,-1,-1
594,597,213.54303,35.75339,32.200058,32.296604,0.7895576,-1,-1,-1
594,525,874.5946,154.29655,99.06354,40.519882,0.7435559,-1,-1,-1
595,500,634.93207,252.68842,176.22473,85.92389,0.7876265,-1,-1,-1
595,520,343.68024,26.010988,33.037872,33.10968,0.69925624,-1,-1,-1
595,532,380.44128,68.139786,40.289734,38.28769,0.7539199,-1,-1,-1
595,596,123.46003,32.16665,35.495872,35.709557,0.72191995,-1,-1,-1
595,597,215.129,38.87383,32.505386,32.87795,0.82055175,-1,-1,-1
595,525,876.3726,156.25644,99.17145,42.389877,0.76430714,-1,-1,-1
596,500,641.6499,256.18112,174.09198,84.91757,0.8083825,-1,-1,-1
596,520,344.76782,27.271702,32.68109,33.23484,0.67713803,-1,-1,-1
596,532,381.2015,69.42932,39.707733,37.151222,0.72528696,-1,-1,-1
596,596,124.603745,35.740887,35.56961,35.858982,0.71414936,-1,-1,-1
596,597,216.8131,41.75696,33.945114,33.793575,0.79033786,-1,-1,-1
596,525,876.9944,159.16058,99.0072,38.940445,0.6233567,-1,-1,-1
596,589,876.22235,159.24889,106.16193,65.65018,0.60769683,-1,-1,-1
597,500,647.60046,258.51324,173.08136,84.48581,0.7482456,-1,-1,-1
597,520,346.2011,28.301159,32.350555,32.846897,0.6289659,-1,-1,-1
597,532,382.10352,69.96853,39.231323,36.886757,0.7350015,-1,-1,-1
597,596,126.2018,38.959473,34.62422,36.455467,0.6458471,-1,-1,-1
597,597,219.12914,44.749287,33.977524,34.35928,0.7859841,-1,-1,-1
597,525,878.2862,161.448,101.85669,42.80951,0.50440013,-1,-1,-1
597,589,877.78876,161.42554,107.39325,69.83786,0.65897495,-1,-1,-1
598,500,649.1282,261.42145,176.27252,84.3064,0.78105026,-1,-1,-1
598,520,348.1121,29.641937,31.62497,32.295578,0.5335071,-1,-1,-1
598,532,382.82968,70.31162,38.85614,37.16429,0.7321055,-1,-1,-1
598,596,127.70672,42.11297,35.01368,37.030663,0.6340186,-1,-1,-1
598,597,221.61267,47.98801,33.577377,34.691097,0.80000854,-1,-1,-1
598,525,879.8383,164.37758,103.071655,41.461945,0.58066785,-1,-1,-1
598,589,878.8974,163.36526,112.532104,67.38898,0.74413955,-1,-1,-1
599,500,652.4502,262.42194,171.52191,86.40344,0.80910134,-1,-1,-1
599,520,349.5023,31.216621,31.647827,31.79515,0.66022414,-1,-1,-1
599,532,383.51697,71.355034,38.780853,36.54982,0.6850802,-1,-1,-1
599,596,129.31377,44.7479,36.72548,37.2895,0.7093004,-1,-1,-1
599,597,223.9421,51.500843,34.16713,34.22286,0.7977329,-1,-1,-1
599,525,881.3962,167.29845,103.26886,40.732437,0.49946496,-1,-1,-1
599,589,881.46405,165.85794,111.97589,68.32132,0.7318308,-1,-1,-1
600,500,658.56866,268.3642,176.03094,82.97986,0.79641247,-1,-1,-1
600,520,350.4983,32.662308,32.31125,30.813076,0.7031472,-1,-1,-1
600,532,384.27502,72.85089,38.379425,35.870285,0.6937372,-1,-1,-1
600,596,130.64194,47.45532,38.524612,37.615864,0.76726747,-1,-1,-1
600,597,226.24547,55.192894,34.166885,33.996735,0.8112105,-1,-1,-1
600,589,885.08167,167.84044,110.048706,66.03851,0.68939036,-1,-1,-1
601,500,662.60455,269.65323,173.35358,84.45065,0.8048468,-1,-1,-1
601,520,351.54575,34.165127,32.7211,30.41689,0.75130975,-1,-1,-1
601,532,385.9515,74.04904,38.122375,35.694366,0.64566183,-1,-1,-1
601,596,132.21579,49.888546,38.420044,38.464375,0.7265211,-1,-1,-1
601,597,229.09164,58.189922,33.643066,34.543934,0.7976804,-1,-1,-1
601,589,887.4379,170.74025,108.60443,68.05536,0.6719404,-1,-1,-1
601,609,0.54431516,166.52524,22.090897,33.538834,0.55935633,-1,-1,-1
601,610,0.622355,119.627045,26.024673,50.151352,0.3729264,-1,-1,-1
601,525,886.80585,172.01491,102.664246,42.333893,0.60077363,-1,-1,-1
602,500,668.46796,269.70242,165.93073,86.18805,0.7870226,-1,-1,-1
602,520,353.37543,35.683907,32.57965,29.662216,0.7106583,-1,-1,-1
602,532,387.4281,76.2711,38.16562,34.276436,0.5901074,-1,-1,-1
602,596,133.35466,52.5052,39.941742,38.96143,0.7540089,-1,-1,-1
602,597,231.66954,61.81135,34.55574,34.919132,0.8207755,-1,-1,-1
602,589,888.52716,173.8722,110.20062,66.23224,0.6689631,-1,-1,-1
602,609,0.7889944,168.30101,23.8578,33.785385,0.6212546,-1,-1,-1
602,610,0.78733563,116.697266,28.500917,46.053665,0.3438672,-1,-1,-1
602,525,889.3992,174.60938,103.68695,44.040985,0.6999423,-1,-1,-1
603,500,673.26013,271.0084,168.05713,87.407104,0.78273755,-1,-1,-1
603,520,354.92603,37.46271,32.437683,30.44424,0.73422265,-1,-1,-1
603,532,388.46307,77.59754,38.44095,33.70781,0.7349181,-1,-1,-1
603,596,135.01965,55.717182,41.59607,39.639553,0.71275085,-1,-1,-1
603,597,234.48254,64.99822,34.795685,35.362625,0.81478083,-1,-1,-1
603,589,890.25616,176.99785,110.736145,64.78325,0.75742906,-1,-1,-1
603,609,0.67402995,170.91011,26.16591,33.29274,0.61985,-1,-1,-1
603,610,0.67337394,115.90689,31.38861,44.925537,0.50141764,-1,-1,-1
603,525,890.54297,177.53693,104.775635,41.568863,0.7040085,-1,-1,-1
604,500,678.6781,273.45612,164.85089,88.68881,0.82577014,-1,-1,-1
604,520,357.4714,39.130886,31.873474,30.802013,0.78489375,-1,-1,-1
604,532,389.71576,78.44487,38.516235,33.585815,0.751766,-1,-1,-1
604,596,137.31573,58.73117,41.630524,39.196068,0.71529645,-1,-1,-1
604,597,237.67143,68.14078,34.33235,34.770714,0.82640415,-1,-1,-1
604,589,893.4142,180.3957,108.33362,65.42589,0.7214809,-1,-1,-1
604,609,0.5212363,174.15869,29.28252,30.663132,0.41052303,-1,-1,-1
604,610,0.50364184,117.32895,34.526764,40.78325,0.54715025,-1,-1,-1
604,525,893.91235,181.39894,103.736694,42.337265,0.49160418,-1,-1,-1
605,500,685.9771,274.7316,168.3623,89.051575,0.7863719,-1,-1,-1
605,520,360.71585,40.94485,30.709625,30.117344,0.78252566,-1,-1,-1
605,532,392.25336,79.6222,37.849426,33.238434,0.79191315,-1,-1,-1
605,596,140.3843,62.20922,40.850174,38.02565,0.758227,-1,-1,-1
605,597,240.95296,71.497894,33.417526,35.19403,0.7982316,-1,-1,-1
605,589,896.55585,182.62524,110.285645,64.56972,0.64633536,-1,-1,-1
605,609,0.86957633,177.59145,31.551071,28.814804,0.30792525,-1,-1,-1
605,610,0.493531,110.535675,37.540173,47.452515,0.28575662,-1,-1,-1
605,525,896.3334,183.67729,105.91559,44.85402,0.58492523,-1,-1,-1
606,500,693.0791,276.32672,174.54083,88.7312,0.7857029,-1,-1,-1
606,520,362.07867,42.0197,31.056305,30.247986,0.81999034,-1,-1,-1
606,532,394.5779,81.03216,36.63553,32.5449,0.78685135,-1,-1,-1
606,596,141.19115,65.27771,42.87224,37.788628,0.6698235,-1,-1,-1
606,597,243.69073,75.31187,33.85138,34.896767,0.79501,-1,-1,-1
606,589,900.0803,185.22487,108.19214,65.4126,0.7203044,-1,-1,-1
606,525,900.38837,186.54436,104.086365,43.549835,0.6057726,-1,-1,-1
607,500,698.9439,280.39365,177.51697,86.82431,0.79109514,-1,-1,-1
607,520,363.97272,43.23409,31.03601,29.804829,0.79093367,-1,-1,-1
607,532,396.34457,81.73972,36.81552,32.846504,0.80367863,-1,-1,-1
607,596,143.12337,67.802986,41.931396,38.107925,0.6767751,-1,-1,-1
607,597,246.77832,78.14045,34.20514,35.076126,0.81728554,-1,-1,-1
607,589,900.8196,188.68143,113.03467,64.10965,0.78389883,-1,-1,-1
607,613,382.3634,3.3213878,24.894745,20.847345,0.59409714,-1,-1,-1
607,609,6.772523,179.42973,34.84998,29.215271,0.402958,-1,-1,-1
608,500,706.2662,282.62744,167.77356,87.45337,0.83381945,-1,-1,-1
608,520,366.75525,44.697437,30.451416,29.169827,0.75941324,-1,-1,-1
608,532,397.58817,82.88035,37.393646,32.995247,0.78632915,-1,-1,-1
608,596,144.8333,70.99362,42.92862,37.90783,0.73751384,-1,-1,-1
608,597,250.39842,81.40614,33.34471,35.613983,0.7930801,-1,-1,-1
608,589,904.84503,191.73543,111.05182,63.75502,0.79712564,-1,-1,-1
608,613,384.31818,4.864943,26.545593,20.974844,0.53211683,-1,-1,-1
608,614,604.06354,461.27426,61.05121,74.149994,0.56880766,-1,-1,-1
609,500,711.2828,286.7149,175.36444,86.438354,0.79324627,-1,-1,-1
609,520,369.7874,46.061398,30.249817,28.985851,0.8021481,-1,-1,-1
609,532,399.5239,83.51613,37.18683,33.535667,0.7382746,-1,-1,-1
609,596,146.53247,74.37796,43.808212,36.898643,0.73710054,-1,-1,-1
609,597,253.60315,84.17298,32.747314,36.64686,0.8087347,-1,-1,-1
609,589,909.05133,193.7595,109.81964,65.90889,0.7467076,-1,-1,-1
609,613,386.4528,6.1651173,25.933044,20.803226,0.6990735,-1,-1,-1
609,614,600.4888,457.50443,82.10669,78.06558,0.60529333,-1,-1,-1
609,525,909.65265,194.45921,103.54321,46.693726,0.74326223,-1,-1,-1
610,500,717.4714,288.8867,176.55426,86.41507,0.8210393,-1,-1,-1
610,520,371.19534,47.46331,30.624664,28.379158,0.79496634,-1,-1,-1
610,532,401.16077,84.636246,37.195496,33.22367,0.77529126,-1,-1,-1
610,596,148.88243,77.32412,43.339874,36.839157,0.696808,-1,-1,-1
610,597,256.45462,87.852425,33.343445,36.516678,0.8055478,-1,-1,-1
610,589,911.25287,196.07538,108.40521,66.00748,0.76370394,-1,-1,-1
610,613,388.26224,7.3346624,24.643494,20.638264,0.6334324,-1,-1,-1
610,614,598.01324,450.71,71.369995,82.75992,0.74403733,-1,-1,-1
610,525,912.2114,197.01622,103.51196,46.059387,0.6979512,-1,-1,-1
611,500,721.6281,293.40665,178.14569,84.65634,0.8145345,-1,-1,-1
611,520,373.44733,48.27514,30.147247,28.471054,0.7732707,-1,-1,-1
611,532,403.11813,84.95438,37.140747,33.655228,0.76031786,-1,-1,-1
611,596,151.22133,79.44744,43.00348,38.49035,0.6926233,-1,-1,-1
611,597,259.22855,90.36547,34.034607,36.84276,0.81588954,-1,-1,-1
611,589,913.5056,198.74243,109.99921,68.78381,0.64291495,-1,-1,-1
611,614,594.7809,445.38834,63.41095,81.94522,0.56883126,-1,-1,-1
611,525,914.1996,199.45741,105.97687,48.93431,0.7559276,-1,-1,-1
612,500,728.3691,295.30624,170.20605,84.96832,0.830003,-1,-1,-1
612,520,374.92325,48.996002,30.507446,28.780182,0.77826184,-1,-1,-1
612,532,404.80573,85.20406,36.515717,33.68686,0.71995676,-1,-1,-1
612,596,153.23592,81.863976,43.872604,39.674026,0.65891707,-1,-1,-1
612,597,261.91647,93.6707,34.33792,36.718765,0.80151224,-1,-1,-1
612,589,915.07996,201.96085,108.920044,66.62399,0.79740894,-1,-1,-1
612,614,591.66364,439.25153,59.374023,80.89972,0.46193197,-1,-1,-1
612,525,916.4154,202.67014,105.09186,46.7585,0.7707777,-1,-1,-1
612,613,392.79672,10.015556,25.44873,21.069801,0.5004115,-1,-1,-1
613,500,735.38776,296.3768,167.80847,85.777405,0.811417,-1,-1,-1
613,520,376.67758,49.456184,30.410004,28.025902,0.7488175,-1,-1,-1
613,532,407.0888,85.72121,36.08435,33.095642,0.7724887,-1,-1,-1
613,596,153.95293,84.6336,43.99417,38.89485,0.71236354,-1,-1,-1
613,597,264.60504,96.40119,34.668915,36.99607,0.8088131,-1,-1,-1
613,589,918.67645,203.56921,105.32355,69.14899,0.51195896,-1,-1,-1
613,614,590.93884,433.72122,56.43622,75.936035,0.8022436,-1,-1,-1
613,525,919.94434,204.85242,102.86511,47.724823,0.7745992,-1,-1,-1
613,613,394.48282,11.025011,26.177277,21.125776,0.4666561,-1,-1,-1
614,500,739.3508,300.23853,172.03027,84.4946,0.8277576,-1,-1,-1
614,520,379.14365,50.334564,29.739227,28.24546,0.7141234,-1,-1,-1
614,532,409.0631,86.28542,35.77289,32.665146,0.79714257,-1,-1,-1
614,596,154.94612,87.30493,44.42424,38.143234,0.7764373,-1,-1,-1
614,597,267.37747,99.16175,35.49823,36.969566,0.7945958,-1,-1,-1
614,589,923.1755,205.41293,100.824524,71.28198,0.72669727,-1,-1,-1
614,614,588.4409,428.58084,54.539124,70.21402,0.6628063,-1,-1,-1
614,525,923.7664,206.8543,100.11713,46.62227,0.7625006,-1,-1,-1
614,613,396.30212,11.7070675,27.077576,20.92903,0.3532507,-1,-1,-1
615,500,744.7477,302.1518,173.74951,85.09418,0.8303162,-1,-1,-1
615,520,381.58893,50.94264,29.037994,27.55177,0.73973507,-1,-1,-1
615,532,410.76584,86.58766,35.560852,32.38459,0.8136795,-1,-1,-1
615,596,156.61656,89.82851,44.63623,37.103218,0.79805094,-1,-1,-1
615,597,270.6116,101.60263,35.09085,36.4485,0.7957597,-1,-1,-1
615,614,586.0406,422.80695,53.736694,69.39209,0.7908848,-1,-1,-1
615,525,926.90753,209.02008,97.09247,43.067764,0.775214,-1,-1,-1
615,613,398.9098,12.539152,26.240784,20.93878,0.48410377,-1,-1,-1
616,500,752.44543,299.45493,170.83795,88.38278,0.8198532,-1,-1,-1
616,520,383.3326,51.372475,29.288025,27.599518,0.75713164,-1,-1,-1
616,532,412.56857,86.94088,35.230835,31.769753,0.7862264,-1,-1,-1
616,596,157.95898,92.01645,46.113663,36.55507,0.79643303,-1,-1,-1
616,597,273.09152,103.95534,35.794342,37.121063,0.813473,-1,-1,-1
616,614,584.4819,417.74927,52.861755,67.30914,0.7037503,-1,-1,-1
616,525,929.3449,210.83275,94.65509,42.15184,0.6633611,-1,-1,-1
616,613,400.31662,13.440496,26.471497,20.273726,0.6811875,-1,-1,-1
616,589,928.09406,209.51128,95.905945,62.405594,0.40562275,-1,-1,-1
617,500,760.8751,298.74,168.8642,89.42529,0.73713666,-1,-1,-1
617,520,386.27405,51.82958,28.470276,27.404163,0.8022528,-1,-1,-1
617,532,414.66333,86.955894,34.80121,31.450562,0.78168565,-1,-1,-1
617,596,159.34866,93.69124,46.647476,37.26277,0.8342041,-1,-1,-1
617,597,275.80923,105.94461,35.86032,38.15088,0.79870033,-1,-1,-1
617,614,581.5712,411.95712,53.81543,68.49606,0.75421005,-1,-1,-1
617,525,932.20197,213.01279,91.798035,41.1212,0.7373113,-1,-1,-1
617,613,401.88214,13.556398,26.707306,20.886347,0.55711126,-1,-1,-1
618,500,767.123,298.50922,172.8905,90.98709,0.72173285,-1,-1,-1
618,520,387.99652,51.887646,28.335083,27.402195,0.7602563,-1,-1,-1
618,532,416.42807,86.85098,34.848114,31.281487,0.79645705,-1,-1,-1
618,596,160.8826,95.11807,46.66365,37.514908,0.79185444,-1,-1,-1
618,597,279.12784,108.056526,36.039642,38.763588,0.8043651,-1,-1,-1
618,614,579.83,407.2727,51.706116,65.38507,0.82067835,-1,-1,-1
618,525,936.5693,215.39244,86.80371,39.566925,0.73479223,-1,-1,-1
618,613,404.32645,13.905742,25.814392,20.40136,0.36776173,-1,-1,-1
618,623,44.119682,185.63606,35.55455,28.346954,0.34189165,-1,-1,-1
618,624,416.0854,44.274223,42.379883,29.809845,0.47407,-1,-1,-1
619,500,775.52057,304.54047,169.22223,86.34146,0.80038315,-1,-1,-1
619,520,389.40704,51.469936,29.579803,27.737614,0.7659303,-1,-1,-1
619,532,419.13947,86.221924,34.735718,31.611328,0.64738446,-1,-1,-1
619,596,162.05728,96.58794,47.2724,37.292084,0.7882007,-1,-1,-1
619,597,281.3117,109.69675,37.096466,39.471024,0.81539774,-1,-1,-1
619,614,578.95074,401.33456,49.885925,64.533905,0.7001121,-1,-1,-1
619,525,940.22833,216.88562,82.8999,38.89279,0.73967993,-1,-1,-1
619,613,406.66278,13.9979515,25.671387,20.655266,0.35184154,-1,-1,-1
619,625,594.79724,16.877783,36.128967,20.298254,0.39343268,-1,-1,-1
620,500,783.4272,302.41254,162.46289,89.57846,0.6023622,-1,-1,-1
620,520,392.27386,51.60596,28.963776,26.938549,0.76516,-1,-1,-1
620,532,421.73596,85.60061,33.88257,31.348297,0.7520896,-1,-1,-1
620,596,162.90822,98.10144,48.055115,37.479156,0.81054276,-1,-1,-1
620,597,284.227,111.505806,37.37979,39.38958,0.8216339,-1,-1,-1
620,614,578.49133,396.07947,47.41638,61.908142,0.7717545,-1,-1,-1
620,525,943.1704,218.43777,80.81854,38.80655,0.7937699,-1,-1,-1
620,613,409.0304,14.037233,26.127472,20.939444,0.32965276,-1,-1,-1
621,500,789.98755,303.46057,164.87903,88.56174,0.5077556,-1,-1,-1
621,520,394.63184,51.277607,28.970581,26.55862,0.70689064,-1,-1,-1
621,532,423.7122,85.02656,33.595093,30.428482,0.80371207,-1,-1,-1
621,596,164.9866,98.83862,47.733337,37.630905,0.84293926,-1,-1,-1
621,597,286.94855,113.30956,37.532135,39.065773,0.7963567,-1,-1,-1
621,614,575.6544,390.33383,47.294556,61.14264,0.73137385,-1,-1,-1
621,525,945.17444,219.92021,78.78534,38.939377,0.6435673,-1,-1,-1
621,613,412.03717,13.704711,25.786194,20.983822,0.26652226,-1,-1,-1
621,626,786.1362,308.15704,171.54791,86.189606,0.34331208,-1,-1,-1
622,500,795.5375,305.3245,165.95074,88.78055,0.7836344,-1,-1,-1
622,520,397.11194,50.131985,28.804718,27.145367,0.74038965,-1,-1,-1
622,532,424.91003,84.15753,34.131348,30.03894,0.7589404,-1,-1,-1
622,596,165.61932,99.211494,48.70813,37.917397,0.81914943,-1,-1,-1
622,597,288.7464,114.57883,39.614197,39.63507,0.79321486,-1,-1,-1
622,614,574.3707,384.81757,46.338196,57.97461,0.79310006,-1,-1,-1
622,525,948.80914,220.52158,75.19086,39.795105,0.56586343,-1,-1,-1
622,613,413.98386,13.338395,26.186584,20.972923,0.6186335,-1,-1,-1
623,500,800.60236,307.89563,169.17981,88.415375,0.50649965,-1,-1,-1
623,520,399.70236,49.326252,28.992584,27.205128,0.7405575,-1,-1,-1
623,532,426.8231,83.4467,34.2547,30.136467,0.74709487,-1,-1,-1
623,596,167.0651,99.97809,49.00383,38.138382,0.80544,-1,-1,-1
623,597,291.79486,115.83284,39.31137,40.529724,0.8299339,-1,-1,-1
623,614,572.52234,378.33307,45.983337,58.335327,0.6945804,-1,-1,-1
623,525,953.83875,221.55882,70.161255,39.253464,0.61149955,-1,-1,-1
623,613,415.63858,13.016241,27.191284,21.11947,0.5994503,-1,-1,-1
623,625,604.49524,17.782864,36.54541,21.797531,0.25045007,-1,-1,-1
624,500,808.5473,307.77094,167.80804,88.632385,0.61705935,-1,-1,-1
624,520,400.72156,48.530293,29.292511,26.656727,0.6583433,-1,-1,-1
624,532,428.41153,82.44009,33.66974,29.96505,0.6858184,-1,-1,-1
624,596,168.02846,100.82399,49.454483,38.21573,0.81475586,-1,-1,-1
624,597,294.51953,117.08318,39.629913,41.409416,0.79481876,-1,-1,-1
624,614,572.1764,372.6418,44.621643,57.20288,0.78063476,-1,-1,-1
624,613,417.05698,12.682872,27.328247,20.76213,0.7245554,-1,-1,-1
624,628,719.2657,463.53775,115.7807,74.693756,0.42064375,-1,-1,-1
625,500,815.35944,308.86847,167.20276,88.14456,0.57399654,-1,-1,-1
625,520,402.2418,47.679092,29.64215,27.08065,0.70677817,-1,-1,-1
625,532,429.73364,81.10453,34.02841,30.221306,0.6902229,-1,-1,-1
625,596,169.39478,101.22386,49.8425,38.588608,0.81159073,-1,-1,-1
625,597,297.33743,118.96227,40.097992,42.673744,0.7885514,-1,-1,-1
625,614,571.2425,368.5135,42.903687,55.607697,0.8096884,-1,-1,-1
625,613,419.16156,12.220208,27.215729,20.869358,0.6631214,-1,-1,-1
625,628,714.44104,455.97693,126.499084,82.68298,0.6808937,-1,-1,-1
625,525,958.6594,221.52736,65.340576,40.795914,0.42691764,-1,-1,-1
626,500,821.84753,308.43933,170.396,90.296326,0.64747214,-1,-1,-1
626,520,405.53827,47.313972,28.023743,26.94381,0.78726,-1,-1,-1
626,532,432.17734,79.931816,33.16513,30.26197,0.6049376,-1,-1,-1
626,596,169.84297,101.87192,51.26741,39.382217,0.8122093,-1,-1,-1
626,597,300.15402,120.673454,39.65387,41.840446,0.81433094,-1,-1,-1
626,614,570.0222,363.2477,42.032166,53.48584,0.80790746,-1,-1,-1
626,613,421.05637,11.55622,26.611145,21.024193,0.7077149,-1,-1,-1
626,628,708.53845,446.92105,133.3421,92.89572,0.7013067,-1,-1,-1
627,500,826.1338,313.5847,172.70734,86.988434,0.7272323,-1,-1,-1
627,520,407.8267,46.792404,27.132385,26.198975,0.7334548,-1,-1,-1
627,532,434.52298,79.12108,32.64563,29.939163,0.69546974,-1,-1,-1
627,596,170.07867,102.45652,52.655106,40.18209,0.8186785,-1,-1,-1
627,597,303.19403,122.13931,39.688446,41.785324,0.79653937,-1,-1,-1
627,614,568.2811,358.09015,41.781006,54.4653,0.62855166,-1,-1,-1
627,613,423.42993,10.926186,25.709106,20.935215,0.38596427,-1,-1,-1
627,628,702.8912,438.21228,139.31506,101.78772,0.7613944,-1,-1,-1
627,525,963.72565,222.45943,60.274353,43.48625,0.30570704,-1,-1,-1
628,500,833.3961,315.56815,171.276,85.55377,0.5708868,-1,-1,-1
628,520,409.68924,45.97946,26.651672,26.265732,0.73691326,-1,-1,-1
628,532,435.93713,78.37701,32.726074,29.87397,0.6234882,-1,-1,-1
628,596,170.27242,103.02926,53.2872,40.75132,0.8208302,-1,-1,-1
628,597,305.58527,123.83657,39.63031,40.801064,0.81456417,-1,-1,-1
628,614,566.88965,352.8685,40.96405,52.545166,0.5490036,-1,-1,-1
628,613,425.008,10.321489,26.171906,21.071142,0.46456993,-1,-1,-1
628,628,699.0631,430.56058,141.40186,109.43942,0.8016274,-1,-1,-1
628,525,967.5311,225.45303,56.468872,42.37503,0.48020923,-1,-1,-1
629,500,838.2483,318.09216,172.32397,83.731995,0.49734762,-1,-1,-1
629,520,411.56512,45.291847,27.01007,26.837967,0.7190036,-1,-1,-1
629,532,437.64587,77.46902,33.030396,29.617737,0.6189066,-1,-1,-1
629,596,170.82703,103.64512,53.56607,41.231285,0.8171648,-1,-1,-1
629,597,307.86234,125.83919,40.305237,41.23535,0.8003155,-1,-1,-1
629,614,566.85864,348.05502,40.68042,52.420135,0.29934847,-1,-1,-1
629,613,427.44214,10.017813,24.73288,21.227285,0.5887303,-1,-1,-1
629,628,694.78284,424.23123,149.9353,115.32962,0.75667655,-1,-1,-1
629,525,971.04156,226.88405,52.958435,39.9738,0.34264693,-1,-1,-1
630,500,845.0965,318.80035,171.95398,84.09378,0.51806045,-1,-1,-1
630,520,412.93472,44.59968,27.385132,26.613026,0.68648297,-1,-1,-1
630,532,438.8651,76.558044,33.433838,29.452972,0.71559733,-1,-1,-1
630,596,171.09065,104.53458,55.17964,40.24527,0.82651174,-1,-1,-1
630,597,310.5565,127.50726,40.007935,41.37645,0.7825559,-1,-1,-1
630,614,566.1367,343.732,40.04138,51.185425,0.37081015,-1,-1,-1
630,613,428.70413,9.34487,24.412048,21.034267,0.39034036,-1,-1,-1
630,628,691.3198,419.27667,155.11993,119.19537,0.77241653,-1,-1,-1
630,525,975.4919,225.67538,48.508118,42.632935,0.38417813,-1,-1,-1
630,625,622.29004,19.974695,36.987854,20.427412,0.45640695,-1,-1,-1
631,500,853.4159,317.7911,168.18744,84.972565,0.47030857,-1,-1,-1
631,520,414.87946,43.515297,27.567871,25.724709,0.6969809,-1,-1,-1
631,532,440.54803,75.70708,33.048462,29.400948,0.7235826,-1,-1,-1
631,596,171.65092,104.99887,55.50421,41.32785,0.81831974,-1,-1,-1
631,597,312.745,128.98717,40.068268,41.478317,0.809232,-1,-1,-1
631,614,564.3543,339.30518,40.546997,48.661285,0.6067745,-1,-1,-1
631,613,431.27264,8.648267,23.934631,21.32323,0.2955356,-1,-1,-1
631,628,685.1398,413.83844,158.54791,125.66919,0.76703304,-1,-1,-1
631,525,978.8861,227.37068,45.11389,42.46974,0.43400043,-1,-1,-1
632,500,861.31134,315.20972,162.68866,87.70941,0.59714824,-1,-1,-1
632,520,415.99615,42.87765,27.602875,25.788288,0.52149194,-1,-1,-1
632,532,441.8029,74.803734,32.94095,28.986702,0.7205813,-1,-1,-1
632,596,172.84612,105.6426,54.440735,41.5886,0.81352603,-1,-1,-1
632,597,315.18155,130.59282,40.427948,42.357132,0.7779061,-1,-1,-1
632,628,678.7797,404.73407,158.06079,134.77142,0.76732975,-1,-1,-1
632,525,980.40594,229.75122,43.594055,43.488556,0.4556376,-1,-1,-1
633,500,867.76794,310.40036,156.23206,92.33212,0.6198413,-1,-1,-1
633,520,417.99567,41.9508,27.696838,26.035023,0.6471979,-1,-1,-1
633,532,444.09866,73.74875,32.016632,28.724762,0.6856005,-1,-1,-1
633,596,173.92255,106.00131,54.44464,41.719803,0.8044437,-1,-1,-1
633,597,318.5019,132.95781,39.123077,42.50949,0.7957385,-1,-1,-1
633,628,675.2436,399.0342,155.85712,136.59866,0.818214,-1,-1,-1
633,525,983.1486,231.50403,40.85138,41.704865,0.49676087,-1,-1,-1
634,500,875.21857,312.73352,148.78143,90.85562,0.4971576,-1,-1,-1
634,520,419.8797,41.57894,27.37262,25.738747,0.6328055,-1,-1,-1
634,532,445.8019,73.04142,31.473724,28.441498,0.6356652,-1,-1,-1
634,596,174.47783,106.44372,54.614395,41.66337,0.81017125,-1,-1,-1
634,597,320.89844,135.17072,39.018066,42.10257,0.7836344,-1,-1,-1
634,628,672.0576,391.06076,152.00775,137.92746,0.8638618,-1,-1,-1
634,525,986.7895,231.5329,37.188843,44.00345,0.301404,-1,-1,-1
634,625,631.9257,21.46319,36.422607,19.797071,0.42559808,-1,-1,-1
635,520,422.09955,41.129353,26.921478,25.115398,0.6635498,-1,-1,-1
635,532,447.82672,72.71133,31.08368,28.07183,0.79717404,-1,-1,-1
635,596,174.3121,107.115585,55.14456,42.069855,0.80832714,-1,-1,-1
635,597,323.116,136.75629,39.288055,42.995728,0.7917315,-1,-1,-1
635,628,669.21533,386.72983,148.14917,134.65,0.81604904,-1,-1,-1
635,625,634.009,21.34222,36.635437,19.967476,0.45550868,-1,-1,-1
635,613,436.80685,7.2664485,24.757568,20.971577,0.6836856,-1,-1,-1
636,520,422.6951,40.514313,27.742828,25.35318,0.60423017,-1,-1,-1
636,532,449.12964,72.0794,30.76233,27.53431,0.7631208,-1,-1,-1
636,596,173.86362,107.65522,56.128357,42.303917,0.83531713,-1,-1,-1
636,597,324.84384,139.63109,39.613678,43.249863,0.8024478,-1,-1,-1
636,628,665.7479,378.1702,145.14142,133.55786,0.8242816,-1,-1,-1
636,613,438.3976,6.897971,23.585236,20.204021,0.46001253,-1,-1,-1
636,500,886.26794,312.5565,137.73206,92.14148,0.44006765,-1,-1,-1
637,520,424.45807,40.00648,27.466919,25.655865,0.7509489,-1,-1,-1
637,532,450.27432,71.23245,31.106964,27.688072,0.7383567,-1,-1,-1
637,596,174.2341,108.43375,56.326416,42.175888,0.83889973,-1,-1,-1
637,597,326.66068,141.49513,40.6687,42.846848,0.80628663,-1,-1,-1
637,628,663.7646,370.74963,139.23999,130.77155,0.83698297,-1,-1,-1
637,613,439.3147,6.7575245,24.065704,19.742025,0.69617057,-1,-1,-1
637,500,891.91064,316.61325,132.08936,89.17111,0.35941488,-1,-1,-1
638,520,425.44998,39.51082,27.983704,25.390335,0.6463781,-1,-1,-1
638,532,451.6051,70.40718,31.169159,27.143852,0.76027507,-1,-1,-1
638,596,174.58723,109.13589,57.20645,42.311974,0.8687406,-1,-1,-1
638,597,328.8315,143.0501,41.072693,44.249664,0.794552,-1,-1,-1
638,628,661.4451,364.94504,137.09332,128.35431,0.8678031,-1,-1,-1
638,613,441.40317,6.5639186,23.188385,19.343061,0.64037013,-1,-1,-1
638,500,897.5191,317.41644,126.480896,90.447174,0.52216566,-1,-1,-1
639,520,426.8928,38.57929,27.940552,24.994133,0.6688486,-1,-1,-1
639,532,452.9613,69.27808,30.875702,27.249382,0.73458,-1,-1,-1
639,596,174.16533,109.953636,58.77304,42.421318,0.8389263,-1,-1,-1
639,597,331.24173,145.35498,40.552734,44.358658,0.8391036,-1,-1,-1
639,628,658.5614,360.34604,133.14893,123.56662,0.8195702,-1,-1,-1
639,613,442.56705,6.0645127,24.605072,19.795773,0.63506573,-1,-1,-1
639,500,902.31464,317.4549,121.68536,91.11548,0.4785786,-1,-1,-1
640,520,429.42722,37.942192,27.786804,25.05851,0.74394685,-1,-1,-1
640,532,454.5684,68.45801,31.052734,27.608215,0.76688915,-1,-1,-1
640,596,174.27998,111.0048,59.64215,42.14306,0.8358205,-1,-1,-1
640,597,334.19083,147.92357,39.584717,43.82019,0.8224519,-1,-1,-1
640,628,657.093,354.71823,128.55487,120.83246,0.7909837,-1,-1,-1
640,613,444.94666,5.684565,23.585419,19.722654,0.59469795,-1,-1,-1
640,500,909.39496,317.34882,114.60504,91.53204,0.66871274,-1,-1,-1
640,625,644.35065,21.743912,37.511414,20.299286,0.46827793,-1,-1,-1
641,520,431.4303,37.329323,27.404053,25.141876,0.75621974,-1,-1,-1
641,532,455.90784,67.706055,31.131653,27.754768,0.7956125,-1,-1,-1
641,596,174.8558,111.80979,60.37358,41.995888,0.8327717,-1,-1,-1
641,597,336.00928,149.14725,40.957092,45.67688,0.8251702,-1,-1,-1
641,628,654.7164,347.81866,124.52496,117.44046,0.8146679,-1,-1,-1
641,613,446.0828,5.220151,24.174011,19.897606,0.68303233,-1,-1,-1
641,500,915.4147,316.7696,108.51825,92.51602,0.49227846,-1,-1,-1
641,625,646.87024,21.816696,37.036987,20.348083,0.30476198,-1,-1,-1
642,520,433.5513,36.838333,27.19571,25.065521,0.73859686,-1,-1,-1
642,532,457.85437,67.27789,30.611633,27.213303,0.78669596,-1,-1,-1
642,596,175.46465,112.67234,60.824585,41.779884,0.8317848,-1,-1,-1
642,597,338.3316,150.9135,41.301056,46.808746,0.8056885,-1,-1,-1
642,628,652.8196,342.46805,119.2608,114.356995,0.8094071,-1,-1,-1
642,613,447.30917,4.5300293,24.467499,20.147139,0.493523,-1,-1,-1
642,500,922.98706,318.53647,101.01294,92.21228,0.7295491,-1,-1,-1
642,625,649.42584,21.989094,36.96826,20.316414,0.27212682,-1,-1,-1
643,520,435.31555,36.20756,27.744232,25.425602,0.7311334,-1,-1,-1
643,532,460.0707,66.56536,30.67334,26.922264,0.7983216,-1,-1,-1
643,596,177.15846,113.343124,61.659912,41.26657,0.8533408,-1,-1,-1
643,597,340.74908,151.9761,41.99698,48.91942,0.8509502,-1,-1,-1
643,628,650.51385,337.1737,115.0672,111.54068,0.79307055,-1,-1,-1
643,613,449.4809,4.0198836,23.755585,19.805853,0.54043055,-1,-1,-1
643,500,930.4607,316.7171,93.53931,94.31073,0.5782749,-1,-1,-1
644,520,437.59174,35.55713,27.656677,25.530125,0.6943391,-1,-1,-1
644,532,462.12573,65.57276,30.588776,27.151474,0.8053123,-1,-1,-1
644,596,177.25023,113.807594,61.737396,41.26641,0.832054,-1,-1,-1
644,597,343.16214,154.58243,41.908386,48.647964,0.79463625,-1,-1,-1
644,628,650.13574,331.47614,111.62042,109.69754,0.7635988,-1,-1,-1
644,613,450.83878,3.6017451,24.149017,19.557255,0.5473535,-1,-1,-1
644,500,936.5361,317.7599,87.46393,94.61102,0.2894272,-1,-1,-1
645,520,439.98846,34.965733,27.192902,25.297504,0.5663734,-1,-1,-1
645,532,464.04932,64.88782,30.633362,26.972992,0.7867385,-1,-1,-1
645,596,178.6972,114.08916,61.07463,41.48227,0.8518288,-1,-1,-1
645,597,345.9736,155.96237,42.115265,49.9236,0.8054051,-1,-1,-1
645,628,647.8857,324.63342,107.808105,107.88446,0.82071376,-1,-1,-1
645,613,453.61954,3.28135,23.16446,19.81268,0.47794175,-1,-1,-1
645,625,653.8798,22.11212,40.592957,20.917994,0.26615977,-1,-1,-1
646,520,442.2991,34.368496,26.299377,25.341232,0.62092894,-1,-1,-1
646,532,465.58337,63.91746,31.038727,27.112843,0.80269635,-1,-1,-1
646,596,179.55833,114.4918,61.227066,41.543358,0.8397353,-1,-1,-1
646,597,346.87488,157.60023,44.022583,50.596817,0.8175362,-1,-1,-1
646,628,645.64355,319.96912,107.02179,105.69861,0.83942026,-1,-1,-1
646,613,454.9968,2.7960398,23.699646,20.014246,0.5100223,-1,-1,-1
646,500,951.50586,309.1112,72.49414,102.5499,0.3975481,-1,-1,-1
