1,2777,640.27484,319.69812,8.87384,10.308258,0.696702,-1,-1,-1
1,2908,631.1538,343.93127,8.261536,12.790314,0.7585567,-1,-1,-1
1,2527,597.08167,378.8453,9.080505,14.253723,0.50081,-1,-1,-1
1,2460,646.50195,349.82404,9.653748,13.939331,0.7754795,-1,-1,-1
1,3124,646.1163,433.4655,14.768494,25.631744,0.47948197,-1,-1,-1
1,2924,191.90858,128.3215,315.0274,274.4558,0.3047763,-1,-1,-1
2,2777,639.867,320.31995,9.351074,10.416504,0.7102863,-1,-1,-1
2,2908,631.83264,342.60284,8.489075,13.081757,0.7600915,-1,-1,-1
2,2527,597.01337,378.5083,9.033142,13.02655,0.5003729,-1,-1,-1
2,2460,646.7776,348.3615,9.385193,13.558533,0.7752941,-1,-1,-1
2,3124,647.42615,433.776,14.814453,27.015503,0.47205958,-1,-1,-1
2,3147,752.8488,423.5708,13.655212,15.908661,0.7997584,-1,-1,-1
2,3148,654.4182,364.286,9.987671,14.527435,0.78188676,-1,-1,-1
2,3149,659.8774,399.49677,10.49939,15.18158,0.7899207,-1,-1,-1
2,3150,656.1352,382.2689,9.671326,14.13327,0.73146564,-1,-1,-1
2,3151,791.69745,422.31094,16.638489,16.793549,0.7866289,-1,-1,-1
2,3152,711.7493,357.46146,10.786011,12.403931,0.6757228,-1,-1,-1
2,3153,631.6031,326.75882,8.6521,15.730499,0.7434464,-1,-1,-1
2,3154,646.3691,330.8795,9.083374,11.727203,0.72958,-1,-1,-1
2,3155,607.4386,380.34497,8.929993,13.549438,0.7197408,-1,-1,-1
2,3156,643.6686,386.70532,9.26123,13.37616,0.6543328,-1,-1,-1
2,3157,627.7915,284.51544,8.594727,9.555847,0.6251588,-1,-1,-1
2,3158,647.46155,311.4858,8.252869,9.75061,0.59125936,-1,-1,-1
2,3159,636.71027,368.8572,8.708496,13.296967,0.6508613,-1,-1,-1
2,3160,640.59393,244.61768,7.6102295,8.794815,0.56420964,-1,-1,-1
2,3161,701.0659,360.0504,9.141052,12.362091,0.40098938,-1,-1,-1
2,3162,585.1959,428.8573,11.80249,25.265594,0.39037073,-1,-1,-1
2,3163,665.5956,425.8566,9.833191,17.479279,0.42228174,-1,-1,-1
2,3164,669.91766,442.9747,12.016296,17.349274,0.37510976,-1,-1,-1
2,3165,602.6606,411.96158,11.03717,28.21457,0.34542066,-1,-1,-1
2,3166,753.4279,384.05072,13.445251,13.687958,0.5298267,-1,-1,-1
2,3168,631.2666,323.5607,9.522583,17.1586,0.3559523,-1,-1,-1
2,3169,678.07935,269.90106,9.171448,13.441559,0.3977922,-1,-1,-1
2,3170,631.77423,322.30307,8.691589,11.272949,0.32249993,-1,-1,-1
2,3171,650.53204,252.96037,8.654663,9.013138,0.38106796,-1,-1,-1
2,2924,191.45065,126.926125,315.33392,275.22125,0.42424437,-1,-1,-1
3,2777,639.7009,320.3285,9.549805,10.665497,0.7176941,-1,-1,-1
3,2908,632.0649,342.0404,8.61438,13.207184,0.76744556,-1,-1,-1
3,2527,596.7413,378.41986,8.882935,12.371124,0.502229,-1,-1,-1
3,2460,646.9289,347.74887,9.302856,13.4530945,0.7734133,-1,-1,-1
3,3124,647.90546,433.92087,15.0672,27.938782,0.53933513,-1,-1,-1
3,3147,752.7183,422.54346,13.360107,15.819519,0.82336587,-1,-1,-1
3,3148,654.5588,364.1579,9.960083,14.47345,0.77106905,-1,-1,-1
3,3149,660.0742,399.47043,10.424805,15.314301,0.7950651,-1,-1,-1
3,3150,656.2236,382.10135,9.629028,14.188446,0.76691955,-1,-1,-1
3,3151,790.8583,421.41345,16.666626,16.968628,0.8168568,-1,-1,-1
3,3152,711.2749,356.25208,11.119507,12.665253,0.78675437,-1,-1,-1
3,3153,631.6171,326.34222,8.677856,16.068207,0.744776,-1,-1,-1
3,3154,646.4307,330.8288,9.073547,11.625153,0.71997255,-1,-1,-1
3,3155,607.4898,380.08844,8.925232,13.726013,0.7233866,-1,-1,-1
3,3156,643.7355,386.54626,9.232239,13.526825,0.6628293,-1,-1,-1
3,3157,627.7061,285.20383,8.582947,9.431519,0.6750464,-1,-1,-1
3,3158,647.481,311.49844,8.210693,9.758362,0.5348221,-1,-1,-1
3,3159,636.822,368.83423,8.664551,13.26767,0.62709284,-1,-1,-1
3,3160,640.5943,245.029,7.6956787,8.701721,0.58903116,-1,-1,-1
3,3161,700.6923,358.93005,9.018311,12.268219,0.37294278,-1,-1,-1
3,3162,585.33673,426.1759,11.740356,26.62259,0.42630732,-1,-1,-1
3,3163,665.7269,425.73294,9.844849,17.682983,0.4810392,-1,-1,-1
3,3164,670.0053,442.9699,12.271057,17.498993,0.45536608,-1,-1,-1
3,3165,602.72943,410.95682,11.223145,28.63617,0.364565,-1,-1,-1
3,3166,752.74976,383.42758,13.808655,13.621002,0.57790905,-1,-1,-1
3,3169,677.66876,269.5728,9.223816,13.927704,0.35992223,-1,-1,-1
3,3170,631.805,322.11475,8.728882,11.371643,0.28624347,-1,-1,-1
3,3171,650.6609,253.19441,8.510254,9.064896,0.46528807,-1,-1,-1
3,2924,191.39543,126.80851,315.05988,275.17426,0.3397874,-1,-1,-1
3,3174,644.96967,403.02188,10.376953,26.776611,0.3796381,-1,-1,-1
4,2777,639.5638,320.25607,9.718872,10.661926,0.7150415,-1,-1,-1
4,2908,632.12054,341.85965,8.705322,13.107971,0.76961803,-1,-1,-1
4,2527,596.6084,378.22107,8.869995,12.3003845,0.56627995,-1,-1,-1
4,2460,646.9709,347.58954,9.358215,13.227081,0.77085227,-1,-1,-1
4,3124,648.21564,433.83078,14.810486,27.831024,0.46247754,-1,-1,-1
4,3147,752.1997,421.06656,13.222107,16.032776,0.8506511,-1,-1,-1
4,3148,654.6702,363.85257,9.839294,14.476776,0.7613037,-1,-1,-1
4,3149,660.3046,399.61163,10.178406,15.078857,0.7958841,-1,-1,-1
4,3150,656.3499,381.82492,9.486938,14.297394,0.80436295,-1,-1,-1
4,3151,790.182,420.02957,17.134766,17.592682,0.8105117,-1,-1,-1
4,3152,710.9387,354.91168,10.923096,12.912079,0.74940646,-1,-1,-1
4,3153,631.57605,325.41678,8.760132,16.751892,0.7432044,-1,-1,-1
4,3154,646.50287,330.94815,9.10968,11.362518,0.734271,-1,-1,-1
4,3155,607.418,379.78125,9.028748,13.53714,0.7563319,-1,-1,-1
4,3156,643.84357,386.32193,8.903809,13.40686,0.68690723,-1,-1,-1
4,3157,627.55707,285.76822,8.596008,9.291504,0.52209145,-1,-1,-1
4,3158,647.58344,310.7022,8.523926,10.304962,0.6287563,-1,-1,-1
4,3159,636.8468,368.66983,8.855103,13.339966,0.6491526,-1,-1,-1
4,3160,640.6656,245.26642,7.8103027,8.662949,0.57240766,-1,-1,-1
4,3161,700.6299,358.04297,9.023254,11.813873,0.39257717,-1,-1,-1
4,3162,585.4716,422.94244,11.649536,28.510956,0.5063926,-1,-1,-1
4,3163,665.862,425.61005,9.733459,16.865692,0.4996269,-1,-1,-1
4,3164,670.1742,442.54514,12.598267,17.628204,0.30775973,-1,-1,-1
4,3165,602.814,410.88358,11.163208,28.257996,0.4373329,-1,-1,-1
4,3166,752.3056,382.4689,14.026245,13.619904,0.7216388,-1,-1,-1
4,3169,677.44604,269.08777,9.246643,13.554291,0.28457892,-1,-1,-1
4,3170,631.56104,321.75363,8.984863,11.845734,0.35833132,-1,-1,-1
4,3171,650.7543,253.36507,8.537659,9.174057,0.4534332,-1,-1,-1
4,3174,645.13586,405.32687,10.169006,24.264587,0.39088014,-1,-1,-1
4,3176,675.66406,271.1259,9.887817,13.474365,0.38396233,-1,-1,-1
5,2777,639.4889,320.27396,9.872925,10.649261,0.6957026,-1,-1,-1
5,2908,632.26587,341.81277,8.749634,13.064484,0.77328694,-1,-1,-1
5,2527,596.5922,377.97882,9.06366,12.473145,0.59919477,-1,-1,-1
5,2460,647.0982,347.55066,9.365112,13.146606,0.7720705,-1,-1,-1
5,3124,648.4328,432.94672,14.370239,25.98526,0.38816723,-1,-1,-1
5,3147,751.68805,420.0839,13.297607,15.822052,0.8495143,-1,-1,-1
5,3148,654.8246,363.73444,9.742432,14.476685,0.7580043,-1,-1,-1
5,3149,660.6422,399.50745,10.014404,15.030975,0.81138337,-1,-1,-1
5,3150,656.50903,381.70438,9.454895,14.496033,0.80703,-1,-1,-1
5,3151,789.73224,418.96338,17.235352,18.01416,0.80449504,-1,-1,-1
5,3152,710.66943,353.6554,10.446838,12.846405,0.74288905,-1,-1,-1
5,3153,631.58075,324.7177,8.786987,17.29004,0.729077,-1,-1,-1
5,3154,646.6745,330.95526,9.108337,11.134979,0.7202472,-1,-1,-1
5,3155,607.3989,379.58984,9.193848,13.558441,0.74539024,-1,-1,-1
5,3156,643.9276,386.32178,8.855164,13.490509,0.6424763,-1,-1,-1
5,3157,627.5198,286.11417,8.637695,9.402588,0.5960038,-1,-1,-1
5,3158,647.7307,310.25113,8.642456,10.6779785,0.65446985,-1,-1,-1
5,3159,636.90436,368.65552,8.913818,13.418671,0.6980716,-1,-1,-1
5,3160,640.77405,245.70071,7.930542,8.586639,0.55950063,-1,-1,-1
5,3161,700.5708,356.7646,8.935059,11.940521,0.2859856,-1,-1,-1
5,3162,585.5204,426.2919,11.606995,24.937378,0.56184596,-1,-1,-1
5,3163,665.9194,425.6222,9.791077,16.610687,0.45948976,-1,-1,-1
5,3164,670.2027,442.11038,12.336792,17.319244,0.29014242,-1,-1,-1
5,3165,603.02405,412.55917,10.947632,26.423126,0.46395022,-1,-1,-1
5,3166,752.2245,381.77853,13.671814,13.301758,0.58636904,-1,-1,-1
5,3170,631.38245,321.63272,9.139343,12.592041,0.4489486,-1,-1,-1
5,3171,650.8622,253.51797,8.378357,9.19574,0.46551788,-1,-1,-1
5,3174,645.1116,403.613,10.516052,25.814697,0.40777805,-1,-1,-1
5,3176,675.39343,270.17294,10.134705,13.193054,0.42190835,-1,-1,-1
6,2777,639.43365,320.378,9.844116,10.531555,0.6852168,-1,-1,-1
6,2908,632.3206,341.77765,8.737366,13.068115,0.7637271,-1,-1,-1
6,2527,596.6722,378.0851,9.196289,12.716187,0.62081605,-1,-1,-1
6,2460,647.1571,347.74838,9.4002075,12.923676,0.76542014,-1,-1,-1
6,3124,648.4699,433.31433,14.804443,27.596771,0.33571166,-1,-1,-1
6,3147,751.0893,419.07828,13.474915,15.592102,0.8252211,-1,-1,-1
6,3148,654.78394,363.78888,9.733826,14.448364,0.7303883,-1,-1,-1
6,3149,660.7442,399.1991,10.013123,15.227661,0.81033564,-1,-1,-1
6,3150,656.59467,381.7034,9.433228,14.529327,0.7754016,-1,-1,-1
6,3151,789.1212,418.15936,17.242615,17.936005,0.7923566,-1,-1,-1
6,3152,710.513,352.97568,10.200684,12.986511,0.6864136,-1,-1,-1
6,3153,631.58386,324.72815,8.678955,17.25299,0.72332436,-1,-1,-1
6,3154,646.60846,330.80765,9.151306,11.200073,0.7579167,-1,-1,-1
6,3155,607.31476,379.41885,9.247986,13.522308,0.7263523,-1,-1,-1
6,3156,643.7234,386.39648,9.238647,13.607513,0.63304526,-1,-1,-1
6,3157,627.4781,286.50854,8.555298,9.383972,0.63487583,-1,-1,-1
6,3158,647.83496,310.11188,8.567078,10.716248,0.660249,-1,-1,-1
6,3159,636.856,368.68903,8.8550415,13.419098,0.6260911,-1,-1,-1
6,3160,640.8003,246.0929,7.8170776,8.501221,0.60337234,-1,-1,-1
6,3161,700.04407,355.64526,9.246765,12.520355,0.25354537,-1,-1,-1
6,3162,585.50635,428.07715,11.763489,23.854675,0.5445944,-1,-1,-1
6,3163,665.9863,425.31793,9.954468,16.779877,0.36372876,-1,-1,-1
6,3164,669.9869,441.84207,12.511597,17.057861,0.29356012,-1,-1,-1
6,3165,603.295,413.82675,10.748169,25.020966,0.3315157,-1,-1,-1
6,3166,751.9195,380.71426,13.445374,13.494751,0.3959434,-1,-1,-1
6,3170,631.2482,321.6302,9.129944,12.238251,0.48465946,-1,-1,-1
6,3171,650.95087,253.6041,8.340881,9.225189,0.5605468,-1,-1,-1
6,3174,645.02014,403.00085,10.781799,26.295685,0.33479968,-1,-1,-1
6,3176,675.1174,268.98224,10.329956,13.458374,0.32637763,-1,-1,-1
7,2777,639.5885,320.37653,9.689026,10.444885,0.68010145,-1,-1,-1
7,2908,632.4071,341.77893,8.70813,13.032928,0.7594624,-1,-1,-1
7,2527,596.7339,378.3005,9.129272,12.609863,0.565294,-1,-1,-1
7,2460,647.2317,347.8455,9.357483,12.826996,0.7587018,-1,-1,-1
7,3124,648.5519,433.49905,15.441345,27.751068,0.5414008,-1,-1,-1
7,3147,750.3162,417.63525,13.819214,15.901398,0.7998713,-1,-1,-1
7,3148,654.83923,363.73956,9.562805,14.432312,0.7307367,-1,-1,-1
7,3149,660.8428,398.9511,9.998779,15.371124,0.8063428,-1,-1,-1
7,3150,656.6553,381.78955,9.367554,14.352722,0.81250495,-1,-1,-1
7,3151,788.7632,417.31424,17.34082,17.654602,0.7802857,-1,-1,-1
7,3152,710.1172,351.76193,10.513428,13.281006,0.77632,-1,-1,-1
7,3153,631.62946,324.77557,8.579163,17.058746,0.72533226,-1,-1,-1
7,3154,646.5162,330.58612,9.188232,11.075745,0.7829579,-1,-1,-1
7,3155,607.1982,379.32434,9.327942,13.393982,0.7342137,-1,-1,-1
7,3156,643.5701,386.3651,9.672546,14.06134,0.6211328,-1,-1,-1
7,3157,627.3499,286.73505,8.535522,9.372437,0.64059305,-1,-1,-1
7,3158,647.8768,310.10437,8.454285,10.638733,0.67807716,-1,-1,-1
7,3159,636.8803,368.6156,8.856812,13.508392,0.68719107,-1,-1,-1
7,3160,640.89465,246.44383,7.7088013,8.424622,0.58288157,-1,-1,-1
7,3161,699.6288,354.1903,9.337158,13.01004,0.27078527,-1,-1,-1
7,3162,585.539,427.6106,11.804138,23.678955,0.5648584,-1,-1,-1
7,3163,666.105,425.0295,9.949402,16.504059,0.39184767,-1,-1,-1
7,3164,670.2029,441.7576,12.735901,17.10962,0.49567363,-1,-1,-1
7,3165,603.2954,413.6688,10.701111,25.21582,0.3716223,-1,-1,-1
7,3166,751.4669,379.22467,13.354492,13.793549,0.5251293,-1,-1,-1
7,3170,631.11487,321.62515,8.949829,12.008423,0.5024462,-1,-1,-1
7,3171,651.0384,253.78088,8.329346,9.375366,0.62366384,-1,-1,-1
7,3174,645.08936,404.51743,10.707336,24.477295,0.3978075,-1,-1,-1
8,2777,639.70197,320.34344,9.579956,10.424683,0.6701843,-1,-1,-1
8,2908,632.35004,341.77823,8.70813,13.030304,0.7554996,-1,-1,-1
8,2527,596.61224,378.24103,9.114746,12.707336,0.6612787,-1,-1,-1
8,2460,647.3227,347.83398,9.216919,12.755859,0.7713315,-1,-1,-1
8,3124,648.7433,432.4678,14.951172,27.329285,0.56765294,-1,-1,-1
8,3147,749.9832,416.42584,13.797546,16.03598,0.78240883,-1,-1,-1
8,3148,654.87787,363.67343,9.540405,14.561859,0.71905935,-1,-1,-1
8,3149,660.91473,398.90866,10.152161,15.361664,0.81189734,-1,-1,-1
8,3150,656.6264,381.72614,9.586426,14.450409,0.8353892,-1,-1,-1
8,3151,788.36395,416.49237,16.94159,17.26715,0.7427583,-1,-1,-1
8,3152,709.9627,350.67194,10.282227,12.875122,0.78179663,-1,-1,-1
8,3153,631.6093,325.01526,8.497986,16.765778,0.7218359,-1,-1,-1
8,3154,646.3875,330.44583,9.200134,11.001678,0.7801431,-1,-1,-1
8,3155,607.16626,379.19443,9.31189,13.388977,0.75383687,-1,-1,-1
8,3156,643.58765,386.30032,9.822693,14.373352,0.60959065,-1,-1,-1
8,3157,627.2131,286.9878,8.708679,9.539642,0.6776661,-1,-1,-1
8,3158,647.80963,310.02484,8.535034,10.671661,0.70703584,-1,-1,-1
8,3159,636.88574,368.47397,8.798401,13.625122,0.7097385,-1,-1,-1
8,3160,641.3555,247.21176,7.458679,8.471909,0.62490755,-1,-1,-1
8,3161,698.9176,353.1036,9.653687,13.07019,0.49827516,-1,-1,-1
8,3162,585.53284,426.9346,11.844299,23.34491,0.6782194,-1,-1,-1
8,3163,666.18713,424.7719,10.376099,16.543915,0.3815079,-1,-1,-1
8,3164,670.4738,441.79526,13.307556,17.22293,0.4093598,-1,-1,-1
8,3166,751.1055,378.26175,13.37616,14.061554,0.62878007,-1,-1,-1
8,3170,631.0221,321.59824,8.885925,11.765686,0.51331824,-1,-1,-1
8,3171,650.9956,254.00128,8.649475,9.745911,0.6825684,-1,-1,-1
8,3174,645.1875,403.85077,10.768921,24.907288,0.40680373,-1,-1,-1
9,2777,639.92035,320.09967,9.394409,10.41391,0.6404062,-1,-1,-1
9,2908,632.2811,341.80896,8.670227,12.967438,0.7489899,-1,-1,-1
9,2527,596.6066,377.7873,9.014832,13.048035,0.7195093,-1,-1,-1
9,2460,647.3479,347.59406,9.147827,12.947205,0.787737,-1,-1,-1
9,3124,648.7332,431.64005,14.552551,26.272827,0.5567613,-1,-1,-1
9,3147,749.6557,415.52557,13.70343,15.811798,0.754483,-1,-1,-1
9,3148,654.8344,363.58957,9.65564,14.670013,0.7420396,-1,-1,-1
9,3149,660.7362,398.96158,10.220398,15.214447,0.8150721,-1,-1,-1
9,3150,656.67456,381.69687,9.556824,14.08136,0.8327533,-1,-1,-1
9,3151,787.9134,415.48093,16.987549,17.167542,0.7743022,-1,-1,-1
9,3152,709.60956,349.75897,10.448242,12.654877,0.73621374,-1,-1,-1
9,3153,631.6998,325.28354,8.253113,16.32138,0.7271488,-1,-1,-1
9,3154,646.1459,330.12296,9.243713,11.104767,0.7993645,-1,-1,-1
9,3155,607.19977,378.83453,9.194885,13.477936,0.76255256,-1,-1,-1
9,3156,643.79364,385.8128,9.445679,13.610199,0.5696116,-1,-1,-1
9,3157,627.10516,287.23386,8.692322,9.565002,0.5878276,-1,-1,-1
9,3158,647.7312,310.01712,8.521118,10.509155,0.72034943,-1,-1,-1
9,3159,636.862,368.5595,8.792114,13.470734,0.69359654,-1,-1,-1
9,3160,641.41284,247.50235,7.3359985,8.540314,0.66112816,-1,-1,-1
9,3161,697.9827,352.35495,10.100403,13.272644,0.45737317,-1,-1,-1
9,3162,585.5878,426.9859,11.890625,22.981476,0.52569294,-1,-1,-1
9,3163,666.0212,424.55328,10.852173,16.543152,0.4716933,-1,-1,-1
9,3164,670.7377,441.79517,12.97699,17.32785,0.45326442,-1,-1,-1
9,3166,750.4332,377.61774,13.639954,13.805359,0.6482559,-1,-1,-1
9,3170,631.0017,321.0621,8.560852,10.9913025,0.5747673,-1,-1,-1
9,3171,650.97076,254.21313,8.690491,9.801361,0.7234482,-1,-1,-1
9,3174,645.158,401.95343,10.936401,26.89801,0.3292229,-1,-1,-1
10,2777,639.967,319.97095,9.451233,10.410919,0.6372958,-1,-1,-1
10,2908,632.21185,341.91022,8.701172,12.8402405,0.75235605,-1,-1,-1
10,2527,596.51996,377.66647,8.975891,13.195404,0.7258627,-1,-1,-1
10,2460,647.3237,347.34222,9.067322,13.098419,0.79972905,-1,-1,-1
10,3124,648.6237,432.18988,15.741577,27.577026,0.6243472,-1,-1,-1
10,3147,749.1569,414.32166,13.796326,15.882385,0.77913857,-1,-1,-1
10,3148,654.7735,363.55664,9.7404175,14.642517,0.73792094,-1,-1,-1
10,3149,660.5687,398.8818,10.345642,15.259033,0.8084373,-1,-1,-1
10,3150,656.61115,381.62137,9.719421,13.988342,0.8021024,-1,-1,-1
10,3151,787.3756,414.41394,16.831238,17.161652,0.756538,-1,-1,-1
10,3152,709.1381,348.76013,10.482178,12.510834,0.76686156,-1,-1,-1
10,3153,631.6739,324.6717,8.262146,16.774658,0.7169358,-1,-1,-1
10,3154,645.99207,329.98367,9.3897705,11.110138,0.8011519,-1,-1,-1
10,3155,607.23694,378.608,9.158386,13.537842,0.75382394,-1,-1,-1
10,3156,643.8672,385.70273,9.19342,13.216736,0.4810686,-1,-1,-1
10,3157,626.9958,287.36526,8.665466,9.669159,0.51944584,-1,-1,-1
10,3158,647.78827,310.09488,8.4661255,10.266937,0.70779383,-1,-1,-1
10,3159,636.78455,368.57184,8.929199,13.464355,0.68392766,-1,-1,-1
10,3160,641.5198,247.74054,7.246399,8.571686,0.6947418,-1,-1,-1
10,3161,697.642,351.67456,10.26001,13.191925,0.44966024,-1,-1,-1
10,3162,585.3885,427.2794,12.185242,22.603668,0.54501593,-1,-1,-1
10,3163,665.80444,424.34543,11.432007,17.146362,0.437842,-1,-1,-1
10,3164,670.8513,441.8853,12.297913,17.05664,0.4230448,-1,-1,-1
10,3166,749.7726,376.79367,14.134827,13.584442,0.59972966,-1,-1,-1
10,3170,630.8888,320.86304,8.520081,10.939972,0.5742362,-1,-1,-1
10,3171,651.15894,254.42863,8.583618,9.753372,0.73175514,-1,-1,-1
10,3174,645.0771,401.15793,11.120789,27.324615,0.34445366,-1,-1,-1
10,3165,603.84186,417.5736,10.821228,20.818817,0.40767127,-1,-1,-1
11,2777,640.00354,319.79938,9.668213,10.553253,0.6402192,-1,-1,-1
11,2908,632.14355,341.8078,8.741211,12.697937,0.74136716,-1,-1,-1
11,2527,596.3514,377.5072,9.073242,13.244293,0.72476566,-1,-1,-1
11,2460,647.28595,347.08026,9.084717,13.305359,0.80633456,-1,-1,-1
11,3124,648.50195,432.13968,16.155334,28.892426,0.44256285,-1,-1,-1
11,3147,748.76434,413.3937,13.667053,15.524658,0.7683152,-1,-1,-1
11,3148,654.5962,363.44196,9.934265,14.610718,0.7425304,-1,-1,-1
11,3149,660.43555,398.75998,10.430969,15.144562,0.8007176,-1,-1,-1
11,3150,656.5831,381.61417,9.89032,13.97937,0.74183476,-1,-1,-1
11,3151,786.8104,413.22186,16.714722,17.385132,0.7677834,-1,-1,-1
11,3152,709.05963,347.5584,10.321289,12.795929,0.78789043,-1,-1,-1
11,3153,631.58203,324.1122,8.424255,17.168335,0.6965773,-1,-1,-1
11,3154,645.9322,329.72217,9.459106,11.223114,0.7925135,-1,-1,-1
11,3155,607.19214,378.5432,9.142517,13.561035,0.75676227,-1,-1,-1
11,3156,643.7958,385.58826,9.224915,13.125366,0.4632984,-1,-1,-1
11,3157,626.9189,287.79953,8.677734,9.725372,0.46862486,-1,-1,-1
11,3158,647.815,310.03314,8.463928,10.201172,0.70912284,-1,-1,-1
11,3159,636.7571,368.07562,9.032288,13.851074,0.6470247,-1,-1,-1
11,3160,641.48456,247.9792,7.269165,8.684799,0.73239297,-1,-1,-1
11,3161,697.73816,350.632,10.022949,12.645081,0.2553841,-1,-1,-1
11,3162,585.3743,426.0866,12.384766,23.658417,0.4793367,-1,-1,-1
11,3163,665.7472,424.2205,11.535339,17.08664,0.47609958,-1,-1,-1
11,3164,670.86395,441.84195,12.004883,16.699646,0.5062423,-1,-1,-1
11,3166,749.0988,375.97903,14.035645,13.334595,0.6873079,-1,-1,-1
11,3170,630.78235,320.66617,8.594238,10.90329,0.5550386,-1,-1,-1
11,3171,651.2821,254.53629,8.473511,9.875122,0.72331554,-1,-1,-1
11,3174,644.9721,400.32895,11.105591,27.516815,0.4262255,-1,-1,-1
11,3165,603.872,417.58255,10.941895,21.08139,0.40004098,-1,-1,-1
12,2777,640.3219,319.5867,9.66803,10.676514,0.6568296,-1,-1,-1
12,2908,632.2634,341.70847,8.769226,12.737762,0.7497276,-1,-1,-1
12,2527,596.11176,377.5086,9.329224,13.226318,0.7136483,-1,-1,-1
12,2460,647.42523,346.89224,9.024719,13.392426,0.8014971,-1,-1,-1
12,3124,648.86383,431.35547,14.865295,28.110382,0.28761244,-1,-1,-1
12,3147,748.54346,411.9365,13.330811,15.372101,0.7888543,-1,-1,-1
12,3148,654.7491,363.30365,10.069763,14.585724,0.7616534,-1,-1,-1
12,3149,660.6634,398.66608,10.453308,15.082764,0.7941587,-1,-1,-1
12,3150,656.89325,381.50812,9.8602295,14.074066,0.7391894,-1,-1,-1
12,3151,786.2024,412.16696,16.513,17.40625,0.701493,-1,-1,-1
12,3152,709.0023,346.55685,10.361694,13.062775,0.7556571,-1,-1,-1
12,3153,631.72394,324.47034,8.594299,16.764923,0.703831,-1,-1,-1
12,3154,646.31433,329.7398,9.202209,11.063629,0.7824229,-1,-1,-1
12,3155,607.2852,378.58975,9.107849,13.4844055,0.76280254,-1,-1,-1
12,3156,643.9461,385.53818,9.371643,13.154327,0.42855826,-1,-1,-1
12,3157,626.9021,288.21048,8.689026,9.615112,0.36824283,-1,-1,-1
12,3158,647.91364,309.7568,8.480408,10.344788,0.7291259,-1,-1,-1
12,3159,636.98505,367.9257,9.03186,13.9939575,0.6840458,-1,-1,-1
12,3160,641.6584,248.11768,7.2505493,8.702698,0.7447615,-1,-1,-1
12,3162,585.4808,425.72244,12.418396,23.561005,0.55505604,-1,-1,-1
12,3163,665.96136,424.01105,11.481079,16.696564,0.57196975,-1,-1,-1
12,3164,671.1213,441.71066,11.900635,16.632294,0.63270175,-1,-1,-1
12,3166,748.9093,375.1803,13.71875,13.100372,0.6439757,-1,-1,-1
12,3170,630.88245,320.46445,8.543091,10.529083,0.5671635,-1,-1,-1
12,3171,651.4937,254.5545,8.516724,10.196991,0.7366678,-1,-1,-1
12,3174,645.24585,400.067,10.80835,27.244873,0.4176572,-1,-1,-1
12,3165,603.87823,414.8095,10.866211,23.660583,0.5825601,-1,-1,-1
13,2777,640.3081,319.33762,9.628845,10.625824,0.6550434,-1,-1,-1
13,2908,632.1944,341.58728,8.840576,12.719849,0.74898434,-1,-1,-1
13,2527,595.919,377.32645,9.4661255,13.391876,0.7171782,-1,-1,-1
13,2460,647.43286,346.6804,8.993774,13.327301,0.7996488,-1,-1,-1
13,3124,648.73206,430.79227,14.732605,27.374237,0.29491153,-1,-1,-1
13,3147,747.6671,410.24603,13.5876465,16.013489,0.786921,-1,-1,-1
13,3148,654.69635,362.99384,10.126831,14.648773,0.76013446,-1,-1,-1
13,3149,660.7933,398.59247,10.478577,15.124237,0.79080886,-1,-1,-1
13,3150,656.8648,381.13907,9.898987,14.28186,0.7965161,-1,-1,-1
13,3151,785.5514,411.01834,16.35736,17.416107,0.38078886,-1,-1,-1
13,3152,708.61255,345.27945,10.732544,13.086914,0.631042,-1,-1,-1
13,3153,631.6818,324.83337,8.740173,16.1586,0.69962555,-1,-1,-1
13,3154,646.4297,329.9325,9.081604,10.77829,0.791409,-1,-1,-1
13,3155,607.256,378.4218,8.981995,13.60022,0.73799694,-1,-1,-1
13,3156,644.0665,385.4437,9.448242,13.671173,0.36975545,-1,-1,-1
13,3157,626.5749,288.59872,8.715759,9.530792,0.33115605,-1,-1,-1
13,3158,647.8103,309.40063,8.544312,10.597565,0.7611184,-1,-1,-1
13,3159,636.8872,367.61557,9.064514,14.328522,0.7010567,-1,-1,-1
13,3160,641.7286,248.4025,7.2183228,8.611572,0.73132545,-1,-1,-1
13,3162,585.42615,427.0887,12.590637,22.7247,0.3567731,-1,-1,-1
13,3163,665.87396,423.70667,11.525391,16.761017,0.6467758,-1,-1,-1
13,3164,671.0725,441.31723,12.295654,17.036072,0.31287065,-1,-1,-1
13,3166,748.5289,374.01752,13.852417,13.398407,0.58365047,-1,-1,-1
13,3170,630.799,320.06668,8.550293,10.22879,0.57021236,-1,-1,-1
13,3171,651.57654,254.5966,8.754517,10.485977,0.6844886,-1,-1,-1
13,3174,645.2475,400.41165,10.822388,26.738586,0.26714557,-1,-1,-1
13,3165,603.85126,413.90317,10.713135,24.059113,0.27062702,-1,-1,-1
14,2777,640.41956,319.10504,9.501038,10.525909,0.64841807,-1,-1,-1
14,2908,632.3395,341.67258,8.827209,12.535004,0.75041133,-1,-1,-1
14,2527,595.9073,377.05295,9.634766,13.506134,0.73367983,-1,-1,-1
14,2460,647.50653,346.64618,8.933777,13.147339,0.79412407,-1,-1,-1
14,3124,648.5169,430.6017,15.131592,27.657166,0.57798696,-1,-1,-1
14,3147,747.35614,409.2435,13.3550415,15.815338,0.7689922,-1,-1,-1
14,3148,654.8476,362.9083,10.049683,14.556824,0.77433574,-1,-1,-1
14,3149,660.99945,398.5113,10.256409,15.130829,0.7846341,-1,-1,-1
14,3150,657.0621,380.7744,9.734619,14.488037,0.75106055,-1,-1,-1
14,3151,785.1203,409.94742,16.090576,17.089752,0.533992,-1,-1,-1
14,3152,708.28314,344.18106,10.585327,12.678711,0.3592207,-1,-1,-1
14,3153,631.8974,326.02432,8.629517,14.891663,0.7080919,-1,-1,-1
14,3154,646.5667,330.1639,8.945129,10.535004,0.7827974,-1,-1,-1
14,3155,607.2979,378.15134,8.844238,13.622284,0.71126485,-1,-1,-1
14,3156,644.0479,385.42874,9.556824,15.8098755,0.49087673,-1,-1,-1
14,3157,626.4948,288.82654,8.657776,9.531494,0.42785993,-1,-1,-1
14,3158,647.8682,309.17987,8.504517,10.670044,0.7552899,-1,-1,-1
14,3159,636.93616,367.35635,9.025269,14.403961,0.71497375,-1,-1,-1
14,3160,641.7863,248.72047,7.229492,8.532211,0.7177905,-1,-1,-1
14,3163,665.97644,423.38242,11.501282,16.765167,0.61299765,-1,-1,-1
14,3164,671.17114,441.39447,12.338806,16.447815,0.44408494,-1,-1,-1
14,3166,748.2692,372.85623,13.568726,13.3940735,0.6570667,-1,-1,-1
14,3170,630.89087,319.74512,8.389221,9.88559,0.6175189,-1,-1,-1
14,3171,651.6993,254.78336,8.79657,10.407471,0.6709318,-1,-1,-1
14,3174,645.4055,404.50168,10.739563,22.52594,0.34732497,-1,-1,-1
14,3187,641.58026,319.92288,9.304504,10.396454,0.35782027,-1,-1,-1
15,2777,640.5158,318.8882,9.464539,10.471191,0.62187755,-1,-1,-1
15,2908,632.3972,341.72443,8.865723,12.444519,0.74699897,-1,-1,-1
15,2527,595.8688,377.01056,9.768127,13.576538,0.6868057,-1,-1,-1
15,2460,647.5608,346.58807,8.947388,13.161621,0.7932078,-1,-1,-1
15,3124,648.54126,430.52893,15.37207,27.243256,0.55950135,-1,-1,-1
15,3147,746.6984,408.18637,13.757874,15.873657,0.75756586,-1,-1,-1
15,3148,654.99744,362.8096,10.116455,14.555054,0.78124654,-1,-1,-1
15,3149,661.4792,398.53696,9.900696,15.046783,0.7780109,-1,-1,-1
15,3150,657.3573,380.71332,9.734741,14.617249,0.74914193,-1,-1,-1
15,3151,784.59503,408.89822,16.266663,17.09555,0.62400407,-1,-1,-1
15,3152,707.91693,343.29044,10.634155,12.486053,0.49385726,-1,-1,-1
15,3153,631.9449,326.29733,8.641113,14.545074,0.70565,-1,-1,-1
15,3154,646.54987,330.06766,9.029175,10.62088,0.7879009,-1,-1,-1
15,3155,607.41364,378.0422,8.760132,13.592529,0.71275884,-1,-1,-1
15,3156,644.10516,385.06735,9.454834,14.990662,0.49724495,-1,-1,-1
15,3157,626.3908,289.1327,8.641052,9.516693,0.334554,-1,-1,-1
15,3158,647.88544,309.10925,8.516968,10.640961,0.7479226,-1,-1,-1
15,3159,636.9806,367.32333,9.054077,14.236694,0.69034994,-1,-1,-1
15,3160,641.8157,248.96767,7.2440796,8.500778,0.71781737,-1,-1,-1
15,3163,666.1419,423.20245,11.346436,16.510223,0.6252556,-1,-1,-1
15,3164,671.6034,441.52713,12.002014,16.173492,0.6238662,-1,-1,-1
15,3166,747.88165,371.7552,13.486023,13.457092,0.62773997,-1,-1,-1
15,3170,630.9829,319.41302,8.457703,9.7873535,0.6238904,-1,-1,-1
15,3171,651.7845,255.03194,8.942261,10.318863,0.69286937,-1,-1,-1
15,3174,645.4784,404.43338,10.680847,22.285614,0.38320142,-1,-1,-1
15,3187,641.63837,319.70337,9.394775,10.436462,0.38436472,-1,-1,-1
15,3162,585.60004,426.46765,12.694946,22.749695,0.51137584,-1,-1,-1
16,2777,640.5406,318.61337,9.585632,10.536377,0.63324237,-1,-1,-1
16,2908,632.55536,341.52582,8.897278,12.551422,0.7378776,-1,-1,-1
16,2527,595.94214,376.75058,9.914246,13.654816,0.69964534,-1,-1,-1
16,2460,647.7008,346.38162,8.920044,13.305634,0.7832919,-1,-1,-1
16,3124,648.64746,430.05963,15.303833,26.929504,0.3290657,-1,-1,-1
16,3147,746.1087,407.3302,14.152649,15.539703,0.73584116,-1,-1,-1
16,3148,655.1188,362.5108,10.303894,14.56604,0.7968673,-1,-1,-1
16,3149,661.8085,398.34225,9.682251,15.152161,0.7565947,-1,-1,-1
16,3150,657.5815,380.57983,9.451233,14.333313,0.6910537,-1,-1,-1
16,3151,784.0287,407.8199,16.58722,17.247437,0.71871495,-1,-1,-1
16,3152,707.50684,341.94568,10.898987,13.067383,0.42646468,-1,-1,-1
16,3153,632.1474,325.8972,8.80188,14.759125,0.7063626,-1,-1,-1
16,3154,646.655,329.96667,9.049377,10.673462,0.78021735,-1,-1,-1
16,3155,607.4727,377.827,8.657288,13.50415,0.7020286,-1,-1,-1
16,3156,644.29504,384.46344,9.306763,14.747284,0.4806435,-1,-1,-1
16,3158,648.0845,308.99426,8.3063965,10.411499,0.6852865,-1,-1,-1
16,3159,637.18304,367.37952,8.91687,13.8316345,0.6809489,-1,-1,-1
16,3160,641.96625,249.17392,7.2683105,8.534241,0.7025482,-1,-1,-1
16,3163,666.0906,422.8169,11.493774,16.611298,0.66244006,-1,-1,-1
16,3164,671.64954,441.51083,12.095764,16.671509,0.4520639,-1,-1,-1
16,3166,747.3665,371.0671,13.614136,13.479095,0.5878593,-1,-1,-1
16,3170,631.3134,319.0847,8.515015,9.86908,0.5752889,-1,-1,-1
16,3171,651.76086,254.98239,9.098938,10.5065,0.6691869,-1,-1,-1
16,3174,645.56696,402.94382,10.629639,23.494019,0.39892372,-1,-1,-1
16,3162,585.7518,425.1455,12.958069,23.224792,0.40320548,-1,-1,-1
16,3165,604.32153,410.41772,11.132568,26.640778,0.3419882,-1,-1,-1
17,2777,640.6376,318.41357,9.624573,10.568146,0.656878,-1,-1,-1
17,2908,632.57404,341.4679,8.983643,12.556885,0.7444525,-1,-1,-1
17,2527,596.10156,376.59653,9.932007,13.702515,0.67517924,-1,-1,-1
17,2460,647.73627,346.3424,8.985107,13.389984,0.786422,-1,-1,-1
17,3147,745.53595,406.30072,14.174194,15.507751,0.7461968,-1,-1,-1
17,3148,655.1121,362.43802,10.41156,14.161102,0.80514145,-1,-1,-1
17,3149,661.8824,398.27875,9.596985,15.153046,0.74981356,-1,-1,-1
17,3150,657.7467,380.42606,9.251221,14.230896,0.733307,-1,-1,-1
17,3151,783.6949,407.0169,16.53186,17.27069,0.5870087,-1,-1,-1
17,3152,707.37555,340.9668,10.596069,13.313599,0.3164784,-1,-1,-1
17,3153,632.31683,327.18106,8.923584,13.435974,0.7114515,-1,-1,-1
17,3154,646.73016,329.95822,9.055908,10.611511,0.775083,-1,-1,-1
17,3155,607.4872,377.658,8.390808,13.464966,0.67530346,-1,-1,-1
17,3156,644.4928,383.98657,9.037231,14.207123,0.45836622,-1,-1,-1
17,3158,648.1407,308.75357,8.128906,10.145081,0.6797991,-1,-1,-1
17,3159,637.2468,367.2985,8.851685,13.651611,0.66667145,-1,-1,-1
17,3160,642.1931,249.305,7.2993774,8.781647,0.66510177,-1,-1,-1
17,3163,666.2115,422.71204,11.487915,17.143951,0.5502156,-1,-1,-1
17,3164,671.7347,441.5473,12.386902,16.438232,0.34018275,-1,-1,-1
17,3166,746.6046,370.15726,13.96283,13.7482605,0.4614607,-1,-1,-1
17,3170,631.4967,318.66336,8.365723,9.965088,0.63169396,-1,-1,-1
17,3171,651.9759,254.96898,9.160706,10.70369,0.65430564,-1,-1,-1
17,3174,645.5908,402.56595,10.589844,23.707,0.3213514,-1,-1,-1
17,3165,604.57556,411.24478,11.041321,25.881836,0.317217,-1,-1,-1
17,3176,675.08887,261.14304,10.352417,10.425507,0.38593885,-1,-1,-1
18,2777,640.83246,318.2569,9.415039,10.6571045,0.65460414,-1,-1,-1
18,2908,632.46857,341.40808,9.051025,12.579041,0.7454433,-1,-1,-1
18,2527,596.0687,376.69754,9.93811,13.558563,0.65884894,-1,-1,-1
18,2460,647.78033,346.3783,8.99762,13.353973,0.77341235,-1,-1,-1
18,3147,745.26654,404.80035,13.918945,16.052216,0.7478027,-1,-1,-1
18,3148,655.1474,362.4263,10.286072,13.70459,0.8098514,-1,-1,-1
18,3149,661.8248,398.13864,9.640503,15.215363,0.74092805,-1,-1,-1
18,3150,657.7518,380.42606,9.286743,14.179596,0.72047967,-1,-1,-1
18,3151,783.1855,406.1913,16.506042,17.4458,0.6205731,-1,-1,-1
18,3153,632.2976,327.57672,9.005188,12.979095,0.7121661,-1,-1,-1
18,3154,646.6609,329.89255,9.129883,10.624695,0.77868974,-1,-1,-1
18,3155,607.7428,377.5477,8.576111,13.3975525,0.691063,-1,-1,-1
18,3156,644.5045,384.03525,8.965881,13.82193,0.45718074,-1,-1,-1
18,3158,648.13965,308.509,8.100403,10.1380005,0.7105028,-1,-1,-1
18,3159,637.23584,366.96072,8.927795,13.837433,0.732233,-1,-1,-1
18,3160,642.2945,249.54434,7.3738403,9.045807,0.6306565,-1,-1,-1
18,3163,666.50275,422.76865,11.251038,17.250488,0.45651364,-1,-1,-1
18,3164,671.81744,441.41162,11.986694,16.008728,0.5575489,-1,-1,-1
18,3166,746.09717,369.18332,13.858459,13.503387,0.49398023,-1,-1,-1
18,3170,631.58575,318.36008,8.226501,10.089081,0.61479473,-1,-1,-1
18,3171,652.0346,255.2914,9.05365,10.687759,0.5893769,-1,-1,-1
18,3174,645.60706,403.46695,10.413574,22.539948,0.34420112,-1,-1,-1
18,2924,195.50993,125.462204,316.80756,275.82294,0.26461467,-1,-1,-1
18,3124,648.78174,429.75864,14.921326,25.041534,0.40832722,-1,-1,-1
18,3162,585.6597,424.6062,13.299683,24.214874,0.3888118,-1,-1,-1
19,2777,640.8379,318.11084,9.348206,10.66806,0.661164,-1,-1,-1
19,2908,632.21436,341.15872,9.133789,12.819,0.7503197,-1,-1,-1
19,2527,595.9583,376.73584,9.890869,13.406128,0.6673971,-1,-1,-1
19,2460,647.7545,346.3533,8.982849,13.254883,0.77086425,-1,-1,-1
19,3147,745.2027,403.3284,13.291809,15.880554,0.7513618,-1,-1,-1
19,3148,655.0875,362.3783,10.186218,13.48114,0.8130987,-1,-1,-1
19,3149,661.77356,397.92218,9.686401,15.302246,0.7169836,-1,-1,-1
19,3150,657.66974,380.2017,9.389221,14.503204,0.72452474,-1,-1,-1
19,3151,782.70105,405.3575,16.455261,17.370636,0.55947006,-1,-1,-1
19,3153,632.1654,327.75214,9.010254,12.696167,0.7055485,-1,-1,-1
19,3154,646.57007,329.75626,9.216431,10.730164,0.79215604,-1,-1,-1
19,3155,607.8667,377.3499,8.609619,13.275055,0.70369345,-1,-1,-1
19,3156,644.3969,383.64322,8.85144,13.565521,0.5699104,-1,-1,-1
19,3158,648.14374,308.13525,8.10376,10.316742,0.72591054,-1,-1,-1
19,3159,637.12213,366.72095,8.942139,13.863007,0.74417114,-1,-1,-1
19,3160,642.2737,249.72278,7.4818115,9.229187,0.6294842,-1,-1,-1
19,3163,666.66943,422.6333,11.223694,17.270416,0.5536434,-1,-1,-1
19,3164,671.6669,440.8766,12.098206,16.23819,0.5488492,-1,-1,-1
19,3170,631.40967,318.07788,8.22644,10.2048645,0.60800505,-1,-1,-1
19,3171,652.11505,255.5524,8.897278,10.669067,0.5443704,-1,-1,-1
19,3174,645.6848,403.952,10.274963,21.397491,0.42213386,-1,-1,-1
19,2924,195.18678,126.68737,317.23755,274.59784,0.3195482,-1,-1,-1
19,3124,648.8483,429.2474,14.299744,23.197235,0.56504446,-1,-1,-1
19,3162,585.5633,424.45477,13.433411,23.691132,0.44291386,-1,-1,-1
19,3157,625.86005,290.42004,8.802551,9.407379,0.2880261,-1,-1,-1
19,3152,706.9958,338.64236,10.10907,12.993378,0.30112848,-1,-1,-1
19,3165,604.6812,411.84644,10.807007,25.552826,0.38087642,-1,-1,-1
20,2777,640.7516,318.01248,9.332825,10.520111,0.66301084,-1,-1,-1
20,2908,632.1052,341.02927,9.145569,12.823883,0.7440923,-1,-1,-1
20,2527,596.0635,376.6793,9.942627,13.327423,0.66228133,-1,-1,-1
20,2460,647.7466,346.22052,9.009766,13.206451,0.7632757,-1,-1,-1
20,3147,744.8244,402.09854,13.195618,15.7187805,0.75864226,-1,-1,-1
20,3148,655.1341,362.19608,10.103149,13.5017395,0.8113799,-1,-1,-1
20,3149,661.8649,397.8928,9.666809,15.16275,0.6967782,-1,-1,-1
20,3150,657.8063,380.13654,9.363831,14.449951,0.6944646,-1,-1,-1
20,3151,782.127,404.48788,16.360779,17.40863,0.30689076,-1,-1,-1
20,3153,632.0557,327.79718,8.955811,12.4661255,0.7032747,-1,-1,-1
20,3154,646.4335,329.50995,9.350098,10.904633,0.80042994,-1,-1,-1
20,3155,607.8945,377.05487,8.642151,13.317444,0.6992291,-1,-1,-1
20,3156,644.4684,383.27063,8.883484,14.3220825,0.40385702,-1,-1,-1
20,3158,648.0888,307.92538,8.158936,10.320099,0.7391614,-1,-1,-1
20,3159,637.12354,366.58447,8.913208,13.841827,0.7510548,-1,-1,-1
20,3160,642.3628,250.16429,7.4178467,9.236404,0.5922093,-1,-1,-1
20,3163,666.7881,422.788,11.204529,17.24527,0.56955504,-1,-1,-1
20,3170,631.24023,317.88208,8.397034,10.152496,0.58654505,-1,-1,-1
20,3171,652.1923,255.94896,8.614075,10.485672,0.5905687,-1,-1,-1
20,3174,645.88086,404.16937,10.166565,20.893158,0.371414,-1,-1,-1
20,3124,648.8641,429.0581,15.046631,24.059143,0.53563076,-1,-1,-1
20,3162,585.5814,424.15,13.467102,23.463165,0.40912974,-1,-1,-1
20,3157,625.5251,290.8096,8.741638,9.638214,0.38252127,-1,-1,-1
20,3152,706.74603,337.5977,9.829407,12.6137085,0.51876384,-1,-1,-1
21,2777,640.96405,317.91934,9.198547,10.397278,0.651414,-1,-1,-1
21,2908,632.496,340.99075,9.072388,12.699219,0.7313379,-1,-1,-1
21,2527,596.2468,376.63733,9.909119,13.278229,0.595232,-1,-1,-1
21,2460,648.103,346.26624,9.14093,13.1528015,0.7369591,-1,-1,-1
21,3147,744.44196,401.205,13.462036,15.569366,0.750851,-1,-1,-1
21,3148,655.5091,362.20053,9.884216,13.449188,0.80611837,-1,-1,-1
21,3149,662.21735,397.89984,9.5026245,15.019806,0.69188964,-1,-1,-1
21,3150,657.9694,379.9686,9.451233,14.047668,0.728631,-1,-1,-1
21,3151,781.7001,403.17105,16.087463,17.33142,0.28140387,-1,-1,-1
21,3153,632.3028,327.72153,8.986389,12.389313,0.6996954,-1,-1,-1
21,3154,646.7125,329.47244,9.298157,10.767822,0.7802141,-1,-1,-1
21,3155,608.07245,376.8186,8.837036,13.266998,0.707882,-1,-1,-1
21,3156,644.76843,382.53915,8.786743,14.5416565,0.43624556,-1,-1,-1
21,3158,648.2918,307.52042,8.126587,10.46283,0.6980964,-1,-1,-1
21,3159,637.37115,366.61514,8.914795,13.525177,0.7499716,-1,-1,-1
21,3160,642.44104,250.54958,7.489441,9.374283,0.5559116,-1,-1,-1
21,3163,667.2682,422.67087,11.070435,17.201874,0.5735385,-1,-1,-1
21,3170,631.52435,317.73947,8.523376,10.128235,0.5679717,-1,-1,-1
21,3171,652.301,256.27158,8.585632,10.263489,0.5902936,-1,-1,-1
21,3174,646.12445,404.936,10.1987915,19.759216,0.31987602,-1,-1,-1
21,3124,649.36115,428.53003,14.389709,22.505127,0.4529474,-1,-1,-1
21,3162,585.7225,419.34308,13.897766,27.710968,0.3244701,-1,-1,-1
21,3157,625.45154,290.9882,8.747192,9.828369,0.46780375,-1,-1,-1
21,3152,706.6088,336.7896,9.866821,12.6345215,0.57288474,-1,-1,-1
21,3166,745.047,366.2573,13.356628,13.678253,0.44955856,-1,-1,-1
22,2777,641.2589,317.7815,8.984497,10.433899,0.64116925,-1,-1,-1
22,2908,632.74225,341.027,8.919983,12.61496,0.72329646,-1,-1,-1
22,2527,596.06616,376.69324,9.910828,13.278168,0.60986096,-1,-1,-1
22,2460,648.23096,346.16235,9.28949,13.25061,0.7613379,-1,-1,-1
22,3147,744.08014,400.29062,13.5390625,15.427795,0.6166938,-1,-1,-1
22,3148,655.5206,362.04163,10.160095,13.635437,0.8169975,-1,-1,-1
22,3149,662.41785,397.94254,9.355469,14.983551,0.6831273,-1,-1,-1
22,3150,657.9843,379.72302,9.573914,14.095398,0.7760122,-1,-1,-1
22,3151,781.1311,401.949,16.157715,17.635406,0.44582605,-1,-1,-1
22,3153,632.2926,327.3976,8.941284,12.832153,0.707069,-1,-1,-1
22,3154,646.86725,329.36667,9.241333,10.697876,0.7728189,-1,-1,-1
22,3155,608.18365,376.604,8.87439,13.3541565,0.71987313,-1,-1,-1
22,3156,644.77545,382.07013,8.830688,13.966461,0.5274663,-1,-1,-1
22,3158,648.38416,307.52948,7.994507,10.272522,0.6625095,-1,-1,-1
22,3159,637.533,366.55496,8.878845,13.419342,0.7635275,-1,-1,-1
22,3160,642.4747,250.80438,7.5548706,9.464508,0.5441438,-1,-1,-1
22,3163,667.23334,422.55884,11.288025,17.70694,0.5093966,-1,-1,-1
22,3170,631.727,317.60242,8.554993,10.207794,0.5625093,-1,-1,-1
22,3171,652.5307,256.59268,8.711914,10.268005,0.6601378,-1,-1,-1
22,3174,646.06244,401.06848,10.48938,23.214233,0.32957503,-1,-1,-1
22,3124,649.48773,427.8583,13.446228,19.518646,0.49495155,-1,-1,-1
22,3162,585.7043,413.6023,14.063965,32.75641,0.4243582,-1,-1,-1
22,3157,625.35834,291.33762,8.792297,9.829742,0.5141098,-1,-1,-1
22,3152,706.1608,335.90182,10.060913,12.641907,0.6537692,-1,-1,-1
23,2777,641.23004,317.54706,9.0672,10.566223,0.6769791,-1,-1,-1
23,2908,632.7141,341.06488,8.708618,12.576172,0.7404204,-1,-1,-1
23,2527,595.85956,376.4922,9.951965,13.320648,0.6130789,-1,-1,-1
23,2460,648.15497,345.7725,9.312622,13.516876,0.75272167,-1,-1,-1
23,3147,743.2553,399.16013,13.579163,15.116028,0.626257,-1,-1,-1
23,3148,655.3508,361.98697,10.320007,13.720703,0.82048696,-1,-1,-1
23,3149,662.25665,397.6292,9.538269,15.259399,0.6824415,-1,-1,-1
23,3150,657.7735,379.59106,9.525879,13.956787,0.76816714,-1,-1,-1
23,3151,780.61176,400.77496,16.278442,17.82132,0.66142285,-1,-1,-1
23,3153,632.19696,327.54697,8.904053,12.568451,0.710553,-1,-1,-1
23,3154,646.8148,329.16058,9.266907,10.696869,0.77523196,-1,-1,-1
23,3155,608.1189,376.28647,8.853027,13.403412,0.7241317,-1,-1,-1
23,3156,644.6079,381.59805,8.931885,13.846741,0.45684066,-1,-1,-1
23,3158,648.26056,307.3699,7.9571533,10.241577,0.6584675,-1,-1,-1
23,3159,637.31934,366.04962,9.002502,13.713837,0.8009746,-1,-1,-1
23,3160,642.4829,251.22972,7.6400757,9.3832245,0.511036,-1,-1,-1
23,3163,667.09344,422.44608,11.361084,17.291534,0.584481,-1,-1,-1
23,3170,631.515,317.39062,8.647583,10.324188,0.5419169,-1,-1,-1
23,3171,652.62146,256.882,8.733704,10.200928,0.6376535,-1,-1,-1
23,3174,646.00134,399.05258,10.485352,24.963623,0.43496352,-1,-1,-1
23,3124,649.43524,427.42755,13.478638,20.691467,0.4959179,-1,-1,-1
23,3162,585.6652,418.5196,13.854797,27.970428,0.45670602,-1,-1,-1
23,3157,625.0679,291.62045,8.894226,9.832977,0.4902198,-1,-1,-1
23,3152,705.8025,335.12988,9.917603,12.530334,0.67023677,-1,-1,-1
23,3191,799.54517,396.8716,15.378357,16.003235,0.4968582,-1,-1,-1
23,3166,743.7691,364.51196,13.835327,13.854675,0.3257595,-1,-1,-1
24,2777,641.20953,317.4101,9.16217,10.748413,0.67946005,-1,-1,-1
24,2908,632.6844,341.14456,8.595215,12.517181,0.73892766,-1,-1,-1
24,2527,595.89606,376.39908,9.966309,13.356323,0.63969535,-1,-1,-1
24,2460,648.1186,345.54654,9.388123,13.752655,0.76069385,-1,-1,-1
24,3147,742.38477,397.98245,13.296448,15.143616,0.6735462,-1,-1,-1
24,3148,655.3437,361.96347,10.371948,13.819275,0.8180124,-1,-1,-1
24,3149,662.2382,397.433,9.542053,15.611145,0.7052052,-1,-1,-1
24,3150,657.6935,379.3998,9.5061035,13.942017,0.78675056,-1,-1,-1
24,3151,780.1472,399.77844,16.307373,17.685059,0.58627,-1,-1,-1
24,3153,632.13367,327.62,8.863586,12.468628,0.7103225,-1,-1,-1
24,3154,646.814,329.06204,9.274353,10.70282,0.76435643,-1,-1,-1
24,3155,608.03845,375.99777,8.922119,13.446564,0.71196705,-1,-1,-1
24,3156,644.3851,381.29596,9.171997,13.870575,0.47163036,-1,-1,-1
24,3158,648.1736,307.05542,8.03894,10.422119,0.67150086,-1,-1,-1
24,3159,637.2038,365.6787,9.069458,13.962799,0.8083487,-1,-1,-1
24,3160,642.5752,251.78697,7.5805664,9.158981,0.45574594,-1,-1,-1
24,3163,667.0689,422.50092,11.4592285,17.372498,0.54965717,-1,-1,-1
24,3170,631.37146,317.2615,8.586731,10.428864,0.5283631,-1,-1,-1
24,3171,652.59125,257.384,8.627014,9.888275,0.6475323,-1,-1,-1
24,3174,645.84265,398.24048,10.690735,25.748016,0.40238652,-1,-1,-1
24,3124,649.52106,427.313,13.690613,22.240479,0.47979394,-1,-1,-1
24,3162,585.7076,419.12805,13.798645,27.701447,0.36711806,-1,-1,-1
24,3157,624.87585,291.8317,8.861633,9.918976,0.57297784,-1,-1,-1
24,3152,705.32996,334.2185,9.791382,12.810333,0.5287314,-1,-1,-1
24,3191,799.6005,396.69473,15.508972,15.643524,0.36487812,-1,-1,-1
24,3193,694.6151,287.208,9.799438,11.146088,0.49369937,-1,-1,-1
24,3166,743.0843,363.67142,13.948853,13.64621,0.45957842,-1,-1,-1
25,2777,641.2878,317.32074,9.083191,10.744598,0.65543574,-1,-1,-1
25,2908,632.873,341.1776,8.475037,12.392792,0.7354164,-1,-1,-1
25,2527,595.8116,376.26874,10.01593,13.388794,0.5406601,-1,-1,-1
25,2460,648.1749,345.4472,9.343506,13.696503,0.7621812,-1,-1,-1
25,3147,741.9871,397.13956,13.276794,14.670685,0.62629783,-1,-1,-1
25,3148,655.48883,361.84338,10.336365,13.852356,0.80485773,-1,-1,-1
25,3149,662.5809,397.0557,9.450928,15.700256,0.65764683,-1,-1,-1
25,3150,657.8428,379.22473,9.392822,13.952484,0.8018708,-1,-1,-1
25,3151,779.7246,398.68445,16.35083,17.33258,0.67132896,-1,-1,-1
25,3153,632.24695,327.6751,8.88269,12.283325,0.7186431,-1,-1,-1
25,3154,646.81976,328.8942,9.300415,10.799072,0.75564474,-1,-1,-1
25,3155,607.98883,375.8152,8.995239,13.39624,0.6840359,-1,-1,-1
25,3156,644.45557,381.19275,9.1658325,14.033539,0.5670317,-1,-1,-1
25,3158,648.128,306.73584,8.11322,10.654724,0.7114246,-1,-1,-1
25,3159,637.097,365.26538,9.311768,14.271393,0.8082911,-1,-1,-1
25,3160,642.53827,252.22572,7.5689087,8.902695,0.45664805,-1,-1,-1
25,3163,667.19354,422.4282,11.53064,17.670837,0.58759975,-1,-1,-1
25,3170,631.44995,317.13412,8.600647,10.5624695,0.5496723,-1,-1,-1
25,3171,652.69385,257.78683,8.430054,9.606598,0.6216131,-1,-1,-1
25,3174,645.9018,400.1176,10.46582,23.664581,0.30455247,-1,-1,-1
25,3124,649.57324,427.56543,14.212158,23.688354,0.5827345,-1,-1,-1
25,3162,585.742,412.9173,13.944946,32.952423,0.62081015,-1,-1,-1
25,3157,624.73145,292.08167,8.935425,9.868164,0.49626926,-1,-1,-1
25,3152,704.84247,333.3311,9.731873,12.922485,0.35663545,-1,-1,-1
25,3191,799.6363,396.33752,15.994141,16.113953,0.41992798,-1,-1,-1
25,3193,694.4888,286.65814,9.900757,11.057098,0.50512725,-1,-1,-1
25,3166,742.55286,362.45593,14.022339,13.858765,0.33972302,-1,-1,-1
25,3195,752.15375,444.89432,13.760132,17.361176,0.6068484,-1,-1,-1
25,3196,718.4289,316.2095,10.461121,12.038635,0.40670446,-1,-1,-1
26,2777,641.4208,317.29504,8.949097,10.733643,0.64492184,-1,-1,-1
26,2908,633.09937,341.34055,8.2948,12.280182,0.7140726,-1,-1,-1
26,2527,595.6558,376.19345,9.984253,13.371216,0.5228187,-1,-1,-1
26,2460,648.3525,345.39676,9.251221,13.641846,0.77608806,-1,-1,-1
26,3147,741.6679,396.19006,13.168274,14.588043,0.56530833,-1,-1,-1
26,3148,655.6644,361.62436,10.232239,13.960236,0.80904025,-1,-1,-1
26,3149,662.72076,397.04178,9.481445,15.647308,0.652353,-1,-1,-1
26,3150,658.1034,379.2483,9.296082,13.882568,0.7893314,-1,-1,-1
26,3151,779.50323,397.81293,16.253784,16.957031,0.6520731,-1,-1,-1
26,3153,632.39197,327.84158,8.857849,12.038696,0.72233254,-1,-1,-1
26,3154,647.0571,328.9966,9.193359,10.653961,0.7373577,-1,-1,-1
26,3155,608.04785,375.69174,9.028564,13.331421,0.72447526,-1,-1,-1
26,3156,644.56586,381.00372,8.972839,13.883575,0.62241364,-1,-1,-1
26,3158,648.2015,306.64902,8.080688,10.702301,0.71518004,-1,-1,-1
26,3159,637.25885,364.8356,9.325317,14.585388,0.8150842,-1,-1,-1
26,3160,642.54236,252.62358,7.581665,8.764389,0.4435564,-1,-1,-1
26,3163,667.45374,422.0684,11.638306,18.172607,0.61114043,-1,-1,-1
26,3170,631.5421,317.088,8.599609,10.617737,0.53771895,-1,-1,-1
26,3171,652.8397,258.01654,8.371094,9.598633,0.6253036,-1,-1,-1
26,3174,646.0122,400.31116,10.263123,23.01587,0.37039575,-1,-1,-1
26,3124,649.5757,427.24255,14.030884,23.902435,0.5642448,-1,-1,-1
26,3162,585.73895,411.6467,13.94397,33.559357,0.6326127,-1,-1,-1
26,3157,624.726,292.49063,8.913818,9.79483,0.5727795,-1,-1,-1
26,3152,704.7578,332.5359,9.682007,12.698578,0.57946175,-1,-1,-1
26,3191,799.8246,396.16156,16.550232,17.509521,0.3027151,-1,-1,-1
26,3193,694.4536,286.25934,9.871948,10.934113,0.5782979,-1,-1,-1
26,3166,742.2975,361.68854,13.756958,13.679138,0.35522994,-1,-1,-1
26,3195,752.04834,443.75156,13.59491,16.763184,0.61012053,-1,-1,-1
26,3196,718.5197,315.9032,10.474976,12.1545105,0.25556603,-1,-1,-1
26,3197,671.23413,255.90831,10.732178,10.180679,0.50322956,-1,-1,-1
27,2777,641.5492,317.12106,8.88092,10.76062,0.6200156,-1,-1,-1
27,2908,633.43695,341.2504,8.191345,12.373627,0.70780015,-1,-1,-1
27,2527,595.6901,376.08127,9.971558,13.406433,0.5743239,-1,-1,-1
27,2460,648.6298,345.473,9.112122,13.490784,0.78487515,-1,-1,-1
27,3147,741.21783,395.07208,13.167603,14.703339,0.6832057,-1,-1,-1
27,3148,655.86554,361.53656,10.149414,13.986511,0.8084485,-1,-1,-1
27,3149,662.79193,396.9795,9.529175,15.648102,0.6512782,-1,-1,-1
27,3150,658.30524,379.09183,9.312866,13.751343,0.7949803,-1,-1,-1
27,3151,779.1038,397.29642,16.075806,16.50415,0.5309811,-1,-1,-1
27,3153,632.60986,327.64206,8.904724,12.101868,0.73758,-1,-1,-1
27,3154,647.28906,328.95352,9.065002,10.597778,0.7191703,-1,-1,-1
27,3155,608.1732,375.30545,9.010376,13.302277,0.71435684,-1,-1,-1
27,3156,644.7401,380.71027,9.105591,13.841766,0.5379646,-1,-1,-1
27,3158,648.29706,306.4794,8.050781,10.769867,0.70089346,-1,-1,-1
27,3159,637.63477,364.78555,9.215088,14.498779,0.807961,-1,-1,-1
27,3160,643.0059,252.88289,7.5318604,8.911697,0.4368551,-1,-1,-1
27,3163,667.7613,421.82983,11.274109,17.610962,0.6144482,-1,-1,-1
27,3170,631.80786,316.9617,8.755676,10.732269,0.52786607,-1,-1,-1
27,3171,653.1579,258.19974,8.402954,9.649139,0.597604,-1,-1,-1
27,3174,646.1711,399.14108,10.369629,23.892853,0.30231243,-1,-1,-1
27,3124,649.30585,426.1405,13.877075,22.55304,0.51515007,-1,-1,-1
27,3162,585.78723,410.7925,13.930847,34.409912,0.50736374,-1,-1,-1
27,3157,624.80804,292.8447,8.845947,9.769867,0.6018879,-1,-1,-1
27,3191,799.8183,395.86624,16.551758,17.858093,0.30041686,-1,-1,-1
27,3193,694.40265,285.59897,9.778931,10.873413,0.33599842,-1,-1,-1
27,3166,741.8443,360.58807,13.445557,13.636719,0.48976016,-1,-1,-1
27,3195,751.8416,442.2583,13.276184,17.411713,0.6980513,-1,-1,-1
27,3197,671.7702,255.68123,10.167175,9.961807,0.4080953,-1,-1,-1
28,2777,641.8027,316.82346,9.1119995,11.206146,0.6004055,-1,-1,-1
28,2908,633.8064,341.28275,8.124756,12.3923645,0.68604845,-1,-1,-1
28,2527,595.96387,376.09436,9.858887,13.156433,0.5586334,-1,-1,-1
28,2460,648.9857,345.47885,9.0373535,13.393433,0.8008802,-1,-1,-1
28,3147,741.0523,394.00476,13.126526,14.703033,0.6587063,-1,-1,-1
28,3148,656.1829,361.2377,10.053955,14.083801,0.8107577,-1,-1,-1
28,3149,662.89404,397.0525,9.485962,15.604462,0.73133713,-1,-1,-1
28,3150,658.4201,378.99405,9.268005,13.665375,0.7853229,-1,-1,-1
28,3151,778.81085,396.6591,15.811401,16.15976,0.5542162,-1,-1,-1
28,3153,632.8426,327.4912,8.883545,12.152832,0.74101,-1,-1,-1
28,3154,647.6754,328.88284,8.899414,10.550049,0.68291557,-1,-1,-1
28,3155,608.3904,374.96582,8.932861,13.156586,0.6982507,-1,-1,-1
28,3156,645.08875,380.87466,9.11554,13.421967,0.45307243,-1,-1,-1
28,3158,648.7745,306.4551,8.135864,10.571075,0.7238499,-1,-1,-1
28,3159,638.0205,364.80533,9.104736,14.237762,0.8036425,-1,-1,-1
28,3160,643.3241,253.22519,7.624817,9.029358,0.4339756,-1,-1,-1
28,3163,668.049,421.92462,10.977173,17.101135,0.61657965,-1,-1,-1
28,3170,632.08,316.78973,8.775452,10.988831,0.53417325,-1,-1,-1
28,3171,653.446,258.343,8.529907,9.729492,0.5489044,-1,-1,-1
28,3174,646.3476,400.7367,10.443848,21.983185,0.30356523,-1,-1,-1
28,3124,649.50684,426.4551,14.803894,25.149109,0.5343906,-1,-1,-1
28,3162,585.76056,409.9333,14.196472,35.664246,0.42375654,-1,-1,-1
28,3157,624.7703,293.14584,8.879639,9.78653,0.6272806,-1,-1,-1
28,3191,799.8712,395.57452,16.431274,17.856598,0.4948493,-1,-1,-1
28,3166,741.6251,359.626,13.418579,13.706024,0.6287906,-1,-1,-1
28,3195,751.63776,441.21103,13.205627,17.535736,0.81801355,-1,-1,-1
28,3152,704.5902,330.75873,9.54248,12.227875,0.27902105,-1,-1,-1
29,2777,642.04395,316.46982,9.139587,11.513245,0.6053202,-1,-1,-1
29,2908,633.88165,340.8516,8.116699,12.701874,0.7282186,-1,-1,-1
29,2527,595.98267,376.05975,9.751038,12.853058,0.47028095,-1,-1,-1
29,2460,649.04016,345.27066,9.031555,13.28418,0.7825789,-1,-1,-1
29,3147,740.9608,392.9282,12.8324585,14.416718,0.6569377,-1,-1,-1
29,3148,656.2434,360.6451,10.284485,14.385651,0.7998069,-1,-1,-1
29,3149,662.9163,397.06085,9.585999,15.378387,0.75763154,-1,-1,-1
29,3150,658.3248,378.76178,9.5271,13.834259,0.7682996,-1,-1,-1
29,3151,778.2698,395.3828,15.744202,16.280151,0.5380364,-1,-1,-1
29,3153,632.9254,327.34225,8.80304,12.028961,0.73182136,-1,-1,-1
29,3154,647.806,328.4733,8.845032,10.696411,0.6727265,-1,-1,-1
29,3155,608.35895,374.66083,9.014709,13.264832,0.66759986,-1,-1,-1
29,3156,645.2489,380.74744,9.179749,13.563873,0.4515379,-1,-1,-1
29,3158,648.8855,306.36136,8.262268,10.436554,0.6870793,-1,-1,-1
29,3159,638.19183,364.59677,9.007202,14.202698,0.7985899,-1,-1,-1
29,3160,643.6169,253.51617,7.819336,9.330658,0.3860003,-1,-1,-1
29,3163,668.10583,421.54263,11.350891,17.546112,0.5431385,-1,-1,-1
29,3170,632.01196,316.62976,8.761902,11.097412,0.5878694,-1,-1,-1
29,3171,653.6139,258.52118,8.689453,9.948822,0.47900814,-1,-1,-1
29,3174,646.37067,401.19263,10.32959,21.503418,0.2970458,-1,-1,-1
29,3124,649.4581,426.6459,15.60144,26.14917,0.643692,-1,-1,-1
29,3162,585.75726,413.86798,14.0407715,31.62445,0.56396484,-1,-1,-1
29,3157,624.6884,293.39102,8.916504,9.967712,0.6910011,-1,-1,-1
29,3191,799.83966,394.88138,16.257935,17.249908,0.48430455,-1,-1,-1
29,3166,741.67847,358.8003,13.125366,13.803528,0.555471,-1,-1,-1
29,3195,751.44867,439.9671,13.270447,17.685333,0.82060736,-1,-1,-1
29,3152,703.9816,329.59796,9.800964,12.51239,0.25590584,-1,-1,-1
29,3197,670.6941,254.24956,11.622437,9.924484,0.3189219,-1,-1,-1
30,2777,642.10254,316.16592,9.146851,11.722168,0.5733735,-1,-1,-1
30,2908,633.87463,340.57523,8.013306,12.88974,0.73656565,-1,-1,-1
30,2527,595.8449,375.9349,9.600525,12.662842,0.43848228,-1,-1,-1
30,2460,649.0203,344.9399,9.097229,13.239044,0.78222024,-1,-1,-1
30,3147,740.5288,391.17734,12.456421,14.519653,0.82058007,-1,-1,-1
30,3148,656.15375,360.23422,10.429871,14.473633,0.7949806,-1,-1,-1
30,3149,662.963,396.64505,9.743225,15.435059,0.7850393,-1,-1,-1
30,3150,658.165,378.45505,9.791382,14.104614,0.7767988,-1,-1,-1
30,3151,777.64874,394.4468,16.027588,16.371033,0.7276406,-1,-1,-1
30,3153,633.0622,327.64236,8.557434,11.565552,0.71724844,-1,-1,-1
30,3154,647.7676,328.33743,8.8186035,10.710266,0.6753464,-1,-1,-1
30,3155,608.23895,374.61627,8.901245,13.258575,0.6629932,-1,-1,-1
30,3156,645.0949,380.5916,9.339661,13.498901,0.52276725,-1,-1,-1
30,3158,648.7555,306.11105,8.41803,10.405792,0.6593752,-1,-1,-1
30,3159,638.0968,364.1865,9.08905,14.32489,0.80060494,-1,-1,-1
30,3160,643.6368,253.89294,8.07312,9.1119995,0.38549405,-1,-1,-1
30,3163,668.1304,421.38864,11.180481,17.067108,0.59724617,-1,-1,-1
30,3170,631.9235,316.37888,8.566101,11.107147,0.6506637,-1,-1,-1
30,3171,653.8093,258.89267,8.5772705,9.922882,0.5162994,-1,-1,-1
30,3174,646.2981,399.0653,10.451111,23.15155,0.45186284,-1,-1,-1
30,3124,649.2265,425.60535,14.4921875,22.71936,0.63649637,-1,-1,-1
30,3162,585.7664,418.50006,13.820129,27.227417,0.5238771,-1,-1,-1
30,3157,624.5632,293.71158,9.067017,10.125488,0.76936096,-1,-1,-1
30,3191,799.93665,394.6053,16.336365,17.18924,0.5848588,-1,-1,-1
30,3166,741.16583,357.8512,13.07428,13.825623,0.6974534,-1,-1,-1
30,3195,751.16486,438.72302,13.267151,18.23117,0.70661926,-1,-1,-1
30,3152,703.32086,328.58167,10.079407,12.702393,0.25755295,-1,-1,-1
30,3202,589.3354,390.39975,11.894226,26.194977,0.47152102,-1,-1,-1
31,2777,642.2004,315.93665,9.245056,11.914978,0.6220063,-1,-1,-1
31,2908,633.9246,340.32077,7.9761963,13.081451,0.7375427,-1,-1,-1
31,2527,595.77966,375.86655,9.639404,12.46286,0.31551722,-1,-1,-1
31,2460,649.08215,344.6267,9.140503,13.390961,0.7906029,-1,-1,-1
31,3147,740.0521,389.9438,12.492371,14.757355,0.795966,-1,-1,-1
31,3148,656.3874,360.21765,10.316162,14.262726,0.79238147,-1,-1,-1
31,3149,663.0264,396.31873,9.854309,15.622131,0.7898131,-1,-1,-1
31,3150,658.2763,378.0756,9.809082,14.360504,0.7770534,-1,-1,-1
31,3151,777.26227,393.54938,15.897888,16.364319,0.5523327,-1,-1,-1
31,3153,633.23785,327.70697,8.424561,11.295197,0.7244644,-1,-1,-1
31,3154,647.80383,328.14517,8.812378,10.717255,0.61449003,-1,-1,-1
31,3155,608.1981,374.487,8.8237915,13.06781,0.61204743,-1,-1,-1
31,3156,645.2373,380.41412,9.2560425,13.591949,0.54849994,-1,-1,-1
31,3158,648.80176,305.86148,8.447388,10.458008,0.69903976,-1,-1,-1
31,3159,638.2659,363.95303,9.057922,14.40918,0.79627764,-1,-1,-1
31,3160,643.57825,254.06172,8.196899,8.958572,0.42069706,-1,-1,-1
31,3163,668.40265,421.4715,10.871765,16.83377,0.63681245,-1,-1,-1
31,3170,631.9663,316.2192,8.46759,11.185577,0.6497638,-1,-1,-1
31,3171,653.9202,258.94714,8.613892,10.0208435,0.5127522,-1,-1,-1
31,3174,646.37555,397.92462,10.728699,24.095337,0.5571741,-1,-1,-1
31,3124,649.3095,425.12463,14.887756,25.166138,0.5671614,-1,-1,-1
31,3162,585.6696,419.7664,13.914612,26.168976,0.5000918,-1,-1,-1
31,3157,624.5024,293.89444,9.130127,10.223297,0.77506375,-1,-1,-1
31,3191,800.15314,394.43124,16.194397,17.540436,0.482407,-1,-1,-1
31,3166,740.8809,357.39136,12.924194,13.631653,0.46519384,-1,-1,-1
31,3195,750.76135,437.18488,13.629944,17.902496,0.7577438,-1,-1,-1
31,3152,703.1954,327.35815,10.225769,12.402649,0.54172325,-1,-1,-1
31,3202,589.4265,390.15967,11.889404,22.794098,0.2935431,-1,-1,-1
31,3196,717.65466,312.8444,11.369446,12.074829,0.35813907,-1,-1,-1
32,2777,642.08484,315.6354,9.430908,12.11615,0.6076611,-1,-1,-1
32,2908,633.66235,340.04065,8.098938,13.174744,0.75243473,-1,-1,-1
32,2527,595.71204,375.7454,9.629578,12.561188,0.46999615,-1,-1,-1
32,2460,649.05676,344.54346,9.2144165,13.338654,0.79156643,-1,-1,-1
32,3147,738.92316,388.72723,13.309387,15.172607,0.833006,-1,-1,-1
32,3148,656.43195,360.3304,10.200562,13.951965,0.78451514,-1,-1,-1
32,3149,662.9986,395.9272,9.876587,15.88385,0.7892637,-1,-1,-1
32,3150,658.381,377.8617,9.748047,14.468872,0.80533934,-1,-1,-1
32,3151,776.9414,392.4288,16.07898,16.418121,0.56267196,-1,-1,-1
32,3153,633.1228,327.5872,8.488831,11.1813965,0.73134214,-1,-1,-1
32,3154,647.6953,327.9865,8.935852,10.774231,0.5953088,-1,-1,-1
32,3155,608.19336,374.17535,8.753418,13.015869,0.6543617,-1,-1,-1
32,3156,645.2528,380.19788,9.370605,14.006561,0.54086894,-1,-1,-1
32,3158,648.79767,305.7439,8.458679,10.469635,0.70421976,-1,-1,-1
32,3159,638.14355,363.8593,9.12207,14.552765,0.81107116,-1,-1,-1
32,3160,643.4616,254.20857,8.183228,8.9934845,0.49541724,-1,-1,-1
32,3163,668.35455,421.409,10.852417,16.732513,0.6397681,-1,-1,-1
32,3170,631.81616,316.13666,8.578125,11.272308,0.6024828,-1,-1,-1
32,3171,654.0195,258.90472,8.583557,10.140472,0.51330113,-1,-1,-1
32,3174,646.3211,398.09143,10.827393,23.780914,0.47162876,-1,-1,-1
32,3124,649.48035,425.14597,15.693298,26.559204,0.65200216,-1,-1,-1
32,3162,585.62494,416.41962,13.91864,28.530151,0.61212987,-1,-1,-1
32,3157,624.3131,294.15295,9.111084,10.199402,0.7673909,-1,-1,-1
32,3191,800.10376,394.06403,16.160156,17.94336,0.33978087,-1,-1,-1
32,3166,740.46783,356.52322,12.797791,13.150909,0.4603543,-1,-1,-1
32,3195,750.3143,436.20813,13.651489,18.606842,0.712605,-1,-1,-1
32,3152,702.6949,325.92944,10.360413,12.475311,0.71712255,-1,-1,-1
32,3202,589.502,390.35526,11.571533,19.426056,0.27896282,-1,-1,-1
33,2777,642.03217,315.5067,9.503723,12.151733,0.5777301,-1,-1,-1
33,2908,633.44244,339.74707,8.215637,13.138306,0.7529701,-1,-1,-1
33,2527,595.5197,375.6989,9.643005,12.763763,0.45007646,-1,-1,-1
33,2460,649.07666,344.5052,9.235291,13.237213,0.7813746,-1,-1,-1
33,3147,738.2132,387.46167,13.670959,15.077667,0.8052544,-1,-1,-1
33,3148,656.27893,360.42856,10.277161,13.645264,0.7795812,-1,-1,-1
33,3149,662.9427,395.71857,9.981323,16.148346,0.786407,-1,-1,-1
33,3150,658.3193,377.66843,9.808044,14.397247,0.7517144,-1,-1,-1
33,3151,776.5628,391.25217,16.007324,16.387482,0.5677377,-1,-1,-1
33,3153,632.97107,327.11432,8.52301,11.286804,0.7340015,-1,-1,-1
33,3154,647.7565,327.78748,8.86731,11.209869,0.6059029,-1,-1,-1
33,3155,608.2052,373.83295,8.773804,13.091461,0.6324522,-1,-1,-1
33,3156,645.2317,380.08224,9.512878,14.001831,0.4053855,-1,-1,-1
33,3158,648.611,305.73615,8.62439,10.440918,0.6912361,-1,-1,-1
33,3159,637.95715,363.7685,9.198242,14.446014,0.7758912,-1,-1,-1
33,3160,643.48816,254.30264,8.229797,9.157928,0.58698833,-1,-1,-1
33,3163,668.2852,421.27774,11.04126,16.977905,0.5029721,-1,-1,-1
33,3170,631.61926,316.18155,8.506226,11.226685,0.59969854,-1,-1,-1
33,3171,654.1209,259.0411,8.49884,10.084656,0.55821764,-1,-1,-1
33,3174,646.3001,397.56107,10.870789,24.057312,0.48039392,-1,-1,-1
33,3124,649.4531,424.71506,14.657959,24.457,0.6412525,-1,-1,-1
33,3162,585.719,418.7306,13.582703,25.86914,0.59538823,-1,-1,-1
33,3157,624.0634,294.39667,9.125671,10.242523,0.77718,-1,-1,-1
33,3166,739.99713,355.49567,12.952637,13.122772,0.43436405,-1,-1,-1
33,3195,750.12494,435.1939,13.41095,19.27417,0.635879,-1,-1,-1
33,3152,702.29974,325.04248,10.372437,12.207245,0.57213295,-1,-1,-1
33,3202,589.6701,390.187,11.325134,19.49524,0.42321265,-1,-1,-1
34,2777,641.6995,315.45572,8.97229,11.794098,0.57286465,-1,-1,-1
34,2908,633.3385,339.61026,8.281006,13.097137,0.75345904,-1,-1,-1
34,2527,595.48816,375.62903,9.547058,12.765686,0.44320714,-1,-1,-1
34,2460,649.0678,344.30817,9.204712,12.929382,0.78013164,-1,-1,-1
34,3147,737.8599,386.37402,13.546997,15.096527,0.72660786,-1,-1,-1
34,3148,656.2345,360.3188,10.453674,13.829346,0.7905379,-1,-1,-1
34,3149,662.94763,395.42123,10.052002,16.327148,0.7835739,-1,-1,-1
34,3150,658.4065,377.41406,9.760193,14.465912,0.71906126,-1,-1,-1
34,3151,776.0528,390.28186,15.464111,16.081665,0.4044723,-1,-1,-1
34,3153,632.93445,326.8921,8.509644,11.301819,0.7439864,-1,-1,-1
34,3154,647.6969,327.56375,8.9122925,11.495941,0.63154817,-1,-1,-1
34,3155,608.1368,373.78268,8.763733,13.219025,0.636377,-1,-1,-1
34,3156,645.2635,379.7412,9.465088,13.803467,0.43184295,-1,-1,-1
34,3158,648.6015,305.7536,8.589478,10.381378,0.6802923,-1,-1,-1
34,3159,637.9338,363.60358,9.1154785,14.143372,0.7144736,-1,-1,-1
34,3160,643.5495,254.52158,8.309143,9.310852,0.62376547,-1,-1,-1
34,3163,668.3016,421.06845,11.126831,17.152618,0.6394131,-1,-1,-1
34,3170,631.4693,315.9309,8.490906,11.157562,0.6357211,-1,-1,-1
34,3171,654.2854,259.4423,8.368042,9.840759,0.5999566,-1,-1,-1
34,3174,646.3367,396.6538,10.85437,24.525665,0.5062198,-1,-1,-1
34,3124,649.38715,424.33417,14.64624,25.44107,0.74032897,-1,-1,-1
34,3162,585.74854,420.03296,13.499695,24.961975,0.47162628,-1,-1,-1
34,3157,623.95935,294.7212,9.078003,10.17511,0.7838796,-1,-1,-1
34,3195,749.54266,433.66754,13.759644,18.301239,0.74693173,-1,-1,-1
34,3152,701.9083,324.43597,10.437866,11.8845215,0.6934373,-1,-1,-1
34,3202,589.48914,389.59598,11.1188965,21.927643,0.4268042,-1,-1,-1
34,3206,692.7031,280.03674,9.93396,10.936707,0.3285492,-1,-1,-1
34,3165,605.04486,412.87576,11.332214,21.476349,0.29844892,-1,-1,-1
34,3196,717.27795,311.3702,11.107178,11.782867,0.29788804,-1,-1,-1
34,3191,800.50006,393.50824,15.697571,17.498535,0.27128637,-1,-1,-1
35,2777,641.728,315.23264,8.730713,11.568176,0.5648614,-1,-1,-1
35,2908,633.4083,339.5605,8.263672,13.061432,0.75225455,-1,-1,-1
35,2527,595.47614,375.59955,9.557068,13.25354,0.47803015,-1,-1,-1
35,2460,649.1621,344.16672,9.05658,12.554932,0.76605314,-1,-1,-1
35,3147,737.4286,384.87723,13.387817,14.676575,0.74918634,-1,-1,-1
35,3148,656.16125,360.02866,10.728516,14.056946,0.7981143,-1,-1,-1
35,3149,663.0682,395.2444,9.963623,16.31961,0.7931031,-1,-1,-1
35,3150,658.53503,377.12494,9.762939,14.488068,0.78039557,-1,-1,-1
35,3151,775.0995,388.8606,15.919739,16.635132,0.54845005,-1,-1,-1
35,3153,633.03656,326.70718,8.505188,11.353699,0.7508713,-1,-1,-1
35,3154,647.77386,327.46948,8.801575,11.520447,0.6093312,-1,-1,-1
35,3155,608.1856,373.37894,8.748413,13.42218,0.6545543,-1,-1,-1
35,3156,645.21857,379.37704,9.488037,13.57785,0.5838523,-1,-1,-1
35,3158,648.57764,305.6727,8.475769,10.31958,0.5772715,-1,-1,-1
35,3159,637.87024,363.17706,9.219116,14.291931,0.7897747,-1,-1,-1
35,3160,643.7135,254.80026,8.30188,9.320557,0.6732244,-1,-1,-1
35,3163,668.2633,420.9189,11.325989,17.295319,0.591107,-1,-1,-1
35,3170,631.4896,315.67813,8.508545,11.154419,0.65373677,-1,-1,-1
35,3171,654.5543,259.6005,8.261353,9.810272,0.589391,-1,-1,-1
35,3174,646.4052,395.93405,10.8255005,25.113098,0.4214243,-1,-1,-1
35,3124,649.59106,424.15524,14.817932,25.875793,0.7596404,-1,-1,-1
35,3162,585.91284,419.4817,13.460144,26.05542,0.43710327,-1,-1,-1
35,3157,623.8215,294.8947,9.126404,10.195129,0.7797493,-1,-1,-1
35,3195,749.0896,432.19827,13.661255,18.677155,0.6362706,-1,-1,-1
35,3152,701.14417,323.62238,10.894531,12.058105,0.598891,-1,-1,-1
35,3206,692.67316,279.5495,9.563232,10.739532,0.32919753,-1,-1,-1
35,3191,800.7079,393.13547,15.296204,17.651276,0.3231138,-1,-1,-1
35,3166,739.1422,353.50977,12.631348,12.865112,0.3534623,-1,-1,-1
36,2777,642.17035,314.95993,8.816284,11.8533325,0.5945577,-1,-1,-1
36,2908,633.5869,339.5996,8.172668,12.896118,0.7512417,-1,-1,-1
36,2527,595.559,375.65857,9.514832,13.250732,0.46562916,-1,-1,-1
36,2460,649.3082,343.7341,8.850769,12.631012,0.76501065,-1,-1,-1
36,3147,737.3048,383.8711,13.124084,14.214935,0.7451742,-1,-1,-1
36,3148,656.3002,359.7908,10.792419,14.003326,0.80658257,-1,-1,-1
36,3149,663.42285,395.04825,9.784668,16.333618,0.79256743,-1,-1,-1
36,3150,658.77765,376.95255,9.7751465,14.512817,0.8004898,-1,-1,-1
36,3151,774.5374,387.96326,16.309753,17.12497,0.35472783,-1,-1,-1
36,3153,633.217,326.53598,8.41803,11.3263855,0.7686833,-1,-1,-1
36,3154,648.07166,327.35928,8.468201,11.3585205,0.5757087,-1,-1,-1
36,3155,608.39764,373.06415,8.634399,13.425354,0.67068666,-1,-1,-1
36,3156,645.32776,379.07602,9.336487,13.6579895,0.522029,-1,-1,-1
36,3158,648.67175,305.40433,8.375793,10.315399,0.6609159,-1,-1,-1
36,3159,637.89606,362.96634,9.286438,14.280975,0.8225296,-1,-1,-1
36,3160,643.81854,255.11714,8.195007,9.176315,0.6805768,-1,-1,-1
36,3163,668.35706,420.68155,11.574402,17.998749,0.6972374,-1,-1,-1
36,3170,631.6609,315.37155,8.354675,10.948608,0.6875562,-1,-1,-1
36,3171,654.65466,259.61844,8.252686,9.876434,0.5835955,-1,-1,-1
36,3174,646.70264,397.22614,10.55365,23.533722,0.46700582,-1,-1,-1
36,3124,649.73627,424.03503,14.934265,25.54779,0.7793989,-1,-1,-1
36,3162,586.011,418.4005,13.2092285,26.486969,0.4217631,-1,-1,-1
36,3157,623.8362,295.16458,9.082642,10.118195,0.787353,-1,-1,-1
36,3195,749.1878,430.87973,12.967407,16.972992,0.7543365,-1,-1,-1
36,3152,701.21014,322.37875,10.525085,12.312866,0.5885908,-1,-1,-1
36,3206,692.80774,279.1381,9.3654175,10.485077,0.41716352,-1,-1,-1
36,2924,182.47197,117.306076,335.39825,282.5647,0.30624473,-1,-1,-1
36,3197,672.41547,249.70708,9.554077,9.167282,0.37330619,-1,-1,-1
37,2777,642.3654,314.80466,8.862427,11.993011,0.6105056,-1,-1,-1
37,2908,633.698,339.68347,8.118469,12.812683,0.7494774,-1,-1,-1
37,2527,595.4963,375.70786,9.554993,13.636597,0.44759563,-1,-1,-1
37,2460,649.3911,343.47195,8.824707,12.817108,0.77043647,-1,-1,-1
37,3147,736.722,383.07513,13.343811,13.975891,0.6744836,-1,-1,-1
37,3148,656.3952,359.68146,10.747559,13.886902,0.7887928,-1,-1,-1
37,3149,663.5449,394.97046,9.774963,16.357605,0.79171765,-1,-1,-1
37,3150,658.9021,376.82455,9.829346,14.452789,0.7693491,-1,-1,-1
37,3151,774.16724,386.9728,16.06781,16.760254,0.387313,-1,-1,-1
37,3153,633.32544,326.61667,8.412842,11.269165,0.76804054,-1,-1,-1
37,3154,648.1832,327.2917,8.31134,11.276764,0.5763082,-1,-1,-1
37,3155,608.4576,372.99527,8.653381,13.262604,0.6738606,-1,-1,-1
37,3156,645.22577,378.87015,9.429382,13.564453,0.414676,-1,-1,-1
37,3158,648.7399,305.3233,8.3480835,10.344543,0.67733586,-1,-1,-1
37,3159,637.91376,362.95395,9.349243,14.241638,0.81518924,-1,-1,-1
37,3160,643.9906,255.50418,8.122986,9.156036,0.709556,-1,-1,-1
37,3163,668.22906,420.67493,11.816467,18.52005,0.73391324,-1,-1,-1
37,3170,631.6619,315.2605,8.349731,10.929626,0.68826795,-1,-1,-1
37,3171,654.80194,259.96857,8.118042,9.700287,0.5269664,-1,-1,-1
37,3174,646.59393,394.76642,10.554016,24.81781,0.5105917,-1,-1,-1
37,3124,649.69995,423.8896,14.708984,25.219452,0.7485573,-1,-1,-1
37,3162,585.89374,417.0893,13.298828,28.098145,0.491636,-1,-1,-1
37,3157,623.79346,295.4712,8.995422,9.980377,0.7779124,-1,-1,-1
37,3195,748.80304,429.8166,12.936279,16.789429,0.7587104,-1,-1,-1
37,3152,701.1796,321.53177,10.371704,12.117523,0.7074497,-1,-1,-1
37,3211,646.45654,393.6484,9.992432,18.009491,0.40316382,-1,-1,-1
37,2924,181.47316,115.017525,338.2262,284.3241,0.37149894,-1,-1,-1
38,2777,642.6339,314.71042,8.878052,11.99057,0.6291295,-1,-1,-1
38,2908,633.9062,339.66458,8.101074,12.789459,0.74434173,-1,-1,-1
38,2527,595.54596,375.46555,9.462463,13.349457,0.42486846,-1,-1,-1
38,2460,649.599,343.33624,8.764648,12.856934,0.78036106,-1,-1,-1
38,3147,736.353,382.00497,13.4088745,13.718231,0.52088714,-1,-1,-1
38,3148,656.68036,359.67328,10.504883,13.662811,0.79493177,-1,-1,-1
38,3149,663.8384,394.976,9.653931,16.247437,0.8033296,-1,-1,-1
38,3150,659.28265,376.50845,9.652039,14.207001,0.77091783,-1,-1,-1
38,3153,633.5381,326.54514,8.404541,11.299652,0.7773234,-1,-1,-1
38,3154,648.4738,327.18164,8.065491,11.121765,0.530256,-1,-1,-1
38,3155,608.5627,372.89157,8.656067,13.224701,0.69690675,-1,-1,-1
38,3156,645.4535,378.51627,9.329224,13.514191,0.44546497,-1,-1,-1
38,3158,648.8454,305.2286,8.341797,10.295929,0.7094738,-1,-1,-1
38,3159,638.1366,362.95297,9.266052,14.054382,0.7958772,-1,-1,-1
38,3160,644.10675,255.65967,8.075562,9.174835,0.67899764,-1,-1,-1
38,3163,668.3326,420.56592,11.688965,18.584595,0.7412263,-1,-1,-1
38,3170,631.77734,315.12418,8.260254,10.845734,0.7048058,-1,-1,-1
38,3171,654.9347,260.27774,8.133789,9.529663,0.519642,-1,-1,-1
38,3174,646.60706,393.493,10.486938,24.884094,0.45116013,-1,-1,-1
38,3124,649.6687,423.714,15.029114,24.842255,0.7110928,-1,-1,-1
38,3162,585.8419,414.45502,13.675232,31.287384,0.4697051,-1,-1,-1
38,3157,623.7239,295.81174,8.994507,9.815521,0.76805246,-1,-1,-1
38,3195,748.6398,428.58508,13.045532,16.68393,0.7212584,-1,-1,-1
38,3152,700.83514,320.4428,10.520081,11.918488,0.6292185,-1,-1,-1
38,3211,646.5473,393.00397,9.931824,16.62024,0.45900458,-1,-1,-1
38,2924,181.01125,114.62444,338.53198,284.93936,0.31694266,-1,-1,-1
38,3206,693.099,277.021,9.208313,10.902435,0.41361615,-1,-1,-1
39,2777,642.64886,314.4533,8.915283,12.020325,0.64666593,-1,-1,-1
39,2908,633.9882,339.57224,8.121094,12.833282,0.7455301,-1,-1,-1
39,2527,595.508,375.39508,9.488464,12.739105,0.39062747,-1,-1,-1
39,2460,649.69434,343.10703,8.799316,13.00354,0.7798668,-1,-1,-1
39,3147,735.8433,380.66675,13.474121,13.880707,0.7266075,-1,-1,-1
39,3148,656.7911,359.57996,10.512329,13.653381,0.79372805,-1,-1,-1
39,3149,663.95807,395.06522,9.569397,16.140991,0.79835474,-1,-1,-1
39,3150,659.41656,376.219,9.554321,14.007507,0.75942165,-1,-1,-1
39,3153,633.54663,326.3064,8.311523,11.40567,0.7731021,-1,-1,-1
39,3154,648.5601,327.03595,8.021301,11.141663,0.5546229,-1,-1,-1
39,3155,608.6065,372.7594,8.6588745,13.101379,0.6944524,-1,-1,-1
39,3156,645.3121,378.64615,9.700745,13.670197,0.43512818,-1,-1,-1
39,3158,648.83026,305.04602,8.388367,10.369171,0.70521283,-1,-1,-1
39,3159,638.1923,362.92392,9.245056,13.832214,0.78559524,-1,-1,-1
39,3160,644.1551,255.69888,8.175049,9.340942,0.68366313,-1,-1,-1
39,3163,668.33966,420.4025,11.810791,19.146576,0.7297963,-1,-1,-1
39,3170,631.8577,314.97937,8.154602,10.85611,0.7002282,-1,-1,-1
39,3171,655.03357,260.44095,8.123291,9.422638,0.50021744,-1,-1,-1
39,3174,646.5402,393.06497,10.455688,23.465973,0.3897333,-1,-1,-1
39,3124,649.6251,423.73584,15.758789,25.167267,0.7813337,-1,-1,-1
39,3162,585.9062,412.0989,13.615173,32.915344,0.5033528,-1,-1,-1
39,3157,623.55347,296.12717,9.117737,9.922577,0.7620663,-1,-1,-1
39,3195,748.13605,427.14972,13.143494,16.796326,0.7492954,-1,-1,-1
39,3152,700.2731,319.1603,10.71167,12.186127,0.6183099,-1,-1,-1
39,3211,646.4619,392.05167,9.91217,15.432404,0.3882476,-1,-1,-1
39,3212,646.9912,400.38232,10.806641,19.900238,0.3986924,-1,-1,-1
39,3165,605.12854,414.83804,11.777283,19.34137,0.26448524,-1,-1,-1
39,3166,737.3584,349.57874,13.142578,12.787262,0.30374148,-1,-1,-1
40,2777,642.72235,314.00232,8.899109,11.92392,0.6645705,-1,-1,-1
40,2908,634.1053,339.25568,8.125549,13.002991,0.7423586,-1,-1,-1
40,2527,595.51483,375.15308,9.484131,12.596741,0.4418494,-1,-1,-1
40,2460,649.86597,342.97122,8.806152,12.861725,0.7659191,-1,-1,-1
40,3147,735.72375,379.07587,12.911865,13.961975,0.6932101,-1,-1,-1
40,3148,656.88184,359.1615,10.628723,13.863922,0.7708454,-1,-1,-1
40,3149,664.147,395.03995,9.440979,16.01587,0.7675663,-1,-1,-1
40,3150,659.4599,375.71228,9.682556,14.357239,0.7706025,-1,-1,-1
40,3153,633.63464,326.0594,8.097351,11.41803,0.7599982,-1,-1,-1
40,3154,648.6593,326.77448,8.026306,11.251099,0.5277906,-1,-1,-1
40,3155,608.92096,372.33585,8.663574,13.171387,0.6899288,-1,-1,-1
40,3158,648.8756,304.72192,8.355408,10.446564,0.6872597,-1,-1,-1
40,3159,638.2793,362.67206,9.100708,13.702698,0.74639004,-1,-1,-1
40,3160,644.3687,255.7678,8.187805,9.514175,0.6888782,-1,-1,-1
40,3163,668.3289,420.13156,12.111206,19.722198,0.7410421,-1,-1,-1
40,3170,632.1288,314.6397,7.9871216,10.790527,0.71114594,-1,-1,-1
40,3171,655.25366,260.848,8.213135,9.412903,0.49026048,-1,-1,-1
40,3174,646.59656,392.9961,10.674866,24.950317,0.6436089,-1,-1,-1
40,3124,649.55524,423.0003,15.233948,24.124756,0.62657595,-1,-1,-1
40,3162,585.8397,412.08365,13.711548,31.986664,0.4420792,-1,-1,-1
40,3157,623.498,296.3125,9.061279,10.018158,0.75835896,-1,-1,-1
40,3195,747.9123,425.85757,13.094666,16.492828,0.75937897,-1,-1,-1
40,3152,700.01154,318.2619,10.927368,12.364166,0.37533432,-1,-1,-1
40,3165,605.0065,414.71674,11.815002,19.529694,0.27216396,-1,-1,-1
40,3166,737.1452,348.74124,13.013306,12.388062,0.5525362,-1,-1,-1
40,3206,692.35046,275.30118,9.712524,10.8785095,0.3058771,-1,-1,-1
41,2777,642.93005,313.62653,8.866211,11.839966,0.69621515,-1,-1,-1
41,2908,634.1727,339.24606,8.193665,13.036316,0.74133474,-1,-1,-1
41,2527,595.40576,374.43698,9.726379,13.063263,0.43171227,-1,-1,-1
41,2460,649.9153,342.85092,8.863831,12.74881,0.7556898,-1,-1,-1
41,3147,735.5197,377.92752,12.719727,13.945129,0.7500164,-1,-1,-1
41,3148,656.86975,358.77853,10.873718,14.216278,0.7861818,-1,-1,-1
41,3149,664.2664,394.9603,9.523987,16.15738,0.77685213,-1,-1,-1
41,3150,659.52454,375.49887,9.914856,14.522491,0.77187645,-1,-1,-1
41,3153,633.6854,325.73917,8.076843,11.593872,0.7507264,-1,-1,-1
41,3154,648.93176,326.53168,8.130066,11.117004,0.5534303,-1,-1,-1
41,3155,609.04944,372.0752,8.672852,13.144318,0.67590165,-1,-1,-1
41,3158,648.8959,304.41254,8.349426,10.640778,0.6438005,-1,-1,-1
41,3159,638.3772,362.31912,9.15625,13.7534485,0.75122726,-1,-1,-1
41,3160,644.58453,255.83446,8.263184,9.772507,0.69726396,-1,-1,-1
41,3163,668.38116,419.9289,12.260559,19.769989,0.69116867,-1,-1,-1
41,3170,632.32776,314.49005,7.8916626,10.738068,0.70987993,-1,-1,-1
41,3171,655.5146,260.90176,8.267822,9.645172,0.459425,-1,-1,-1
41,3174,646.66626,392.9226,10.827087,25.557007,0.6967443,-1,-1,-1
41,3124,649.61115,422.53317,15.35907,25.10617,0.6358829,-1,-1,-1
41,3162,585.7444,412.60278,13.672852,31.350952,0.5131005,-1,-1,-1
41,3157,623.47864,296.6755,8.979797,10.07962,0.72402424,-1,-1,-1
41,3195,747.61456,424.62088,13.195618,16.425476,0.7705968,-1,-1,-1
41,3152,700.0723,317.46814,10.920227,12.306091,0.4482211,-1,-1,-1
41,3165,605.10376,414.47388,11.914917,19.816193,0.3749051,-1,-1,-1
41,3166,736.86523,347.56464,12.784424,12.484772,0.69188786,-1,-1,-1
41,3206,691.8868,274.23462,10.048889,11.177643,0.48378274,-1,-1,-1
41,3151,772.5996,383.00885,15.037903,15.293671,0.51756054,-1,-1,-1
41,3156,644.9366,376.997,9.964783,14.581726,0.25599718,-1,-1,-1
42,2777,642.9392,313.4026,9.010986,11.7881775,0.7189355,-1,-1,-1
42,2908,634.2092,339.2802,8.151855,12.955322,0.73718345,-1,-1,-1
42,2527,595.1464,374.41153,10.085327,13.697601,0.3517463,-1,-1,-1
42,2460,649.7121,342.52255,9.057556,13.008911,0.76661694,-1,-1,-1
42,3147,735.2017,377.12045,12.693481,14.086731,0.75448316,-1,-1,-1
42,3148,656.93024,358.54886,11.083496,14.360992,0.77759784,-1,-1,-1
42,3149,664.2199,394.7801,9.682129,16.369904,0.77200204,-1,-1,-1
42,3150,659.5763,375.19833,9.878052,14.438538,0.78702086,-1,-1,-1
42,3153,633.67584,325.57034,8.119385,11.579376,0.7575787,-1,-1,-1
42,3154,648.75586,326.14703,8.114502,11.436707,0.50494367,-1,-1,-1
42,3155,609.0334,371.97763,8.643677,13.141663,0.6551744,-1,-1,-1
42,3158,648.6543,304.1506,8.443359,10.7734375,0.58728534,-1,-1,-1
42,3159,638.4733,362.20764,9.13324,13.776245,0.75990534,-1,-1,-1
42,3160,644.7576,256.07178,8.199219,9.891266,0.7080872,-1,-1,-1
42,3163,668.6247,419.702,12.013672,19.892334,0.54110885,-1,-1,-1
42,3170,632.27325,314.36188,7.9556885,10.7153015,0.70093536,-1,-1,-1
42,3171,655.6532,261.0484,8.346191,9.866394,0.58256805,-1,-1,-1
42,3174,646.7944,393.58627,11.052612,24.98944,0.579808,-1,-1,-1
42,3124,649.69794,422.02036,16.023926,26.082977,0.81945664,-1,-1,-1
42,3162,585.81964,412.73868,13.468933,30.703735,0.44763193,-1,-1,-1
42,3157,623.2942,296.93054,8.940186,10.113342,0.6929537,-1,-1,-1
42,3195,747.33905,423.23322,13.127258,16.599365,0.7896766,-1,-1,-1
42,3152,699.9775,316.5427,10.700012,12.676941,0.39541557,-1,-1,-1
42,3166,736.46564,346.38083,12.748718,12.891235,0.66237855,-1,-1,-1
42,3206,691.24646,273.63278,10.083618,10.906158,0.4654254,-1,-1,-1
42,3151,772.2013,382.1803,15.236023,15.199097,0.40182212,-1,-1,-1
42,3156,645.0066,377.0862,10.183228,14.798065,0.32639745,-1,-1,-1
43,2777,643.06305,313.46198,9.196777,11.570679,0.7076474,-1,-1,-1
43,2908,634.39276,339.2426,8.152466,12.734222,0.7252756,-1,-1,-1
43,2527,594.8811,374.21228,10.127136,13.716888,0.38612908,-1,-1,-1
43,2460,649.87897,342.0282,9.072205,13.442108,0.7812876,-1,-1,-1
43,3147,734.30695,375.9439,13.440491,14.094788,0.772868,-1,-1,-1
43,3148,657.0507,358.46024,10.954041,14.23996,0.7756792,-1,-1,-1
43,3149,664.2681,394.37762,9.8526,16.37146,0.759739,-1,-1,-1
43,3150,659.6331,375.1156,9.8703,14.18219,0.78462136,-1,-1,-1
43,3153,633.9101,325.49905,8.229309,11.525269,0.7568414,-1,-1,-1
43,3154,648.94147,325.8447,8.032898,11.219147,0.57753867,-1,-1,-1
43,3155,609.0809,371.78955,8.627014,12.975525,0.6718958,-1,-1,-1
43,3158,648.7925,303.97745,8.285461,10.749359,0.63713527,-1,-1,-1
43,3159,638.68115,362.30853,8.969116,13.502014,0.6796058,-1,-1,-1
43,3160,645.0291,256.67465,8.090393,9.69989,0.7026221,-1,-1,-1
43,3163,668.6889,419.41492,12.256531,19.503265,0.5901531,-1,-1,-1
43,3170,632.3508,314.24625,7.8806763,10.586639,0.69921064,-1,-1,-1
43,3171,655.9058,261.37256,8.286499,10.029236,0.61854374,-1,-1,-1
43,3174,646.8842,393.86267,11.117432,24.282501,0.6272772,-1,-1,-1
43,3124,649.7596,421.34964,15.270935,25.66153,0.7207435,-1,-1,-1
43,3157,623.25745,297.09518,8.825134,10.154449,0.6935601,-1,-1,-1
43,3195,746.945,421.93616,12.895996,16.16806,0.79580635,-1,-1,-1
43,3166,736.47455,345.83206,12.336792,12.5590515,0.6687301,-1,-1,-1
43,3206,691.10095,273.2352,9.925354,10.581726,0.33211184,-1,-1,-1
43,3151,771.88806,381.14798,15.292725,15.116608,0.6480571,-1,-1,-1
43,3156,645.2334,377.12396,10.256165,14.848114,0.4117628,-1,-1,-1
44,2777,643.22064,313.3373,9.245911,11.366974,0.69430363,-1,-1,-1
44,2908,634.5569,339.1755,8.075073,12.562714,0.71989596,-1,-1,-1
44,2527,595.0046,373.98822,10.102112,13.249298,0.4180434,-1,-1,-1
44,2460,650.07623,341.82602,8.981628,13.524811,0.78278995,-1,-1,-1
44,3147,733.96063,374.9048,13.294861,14.064606,0.7805291,-1,-1,-1
44,3148,657.3101,358.27304,10.58728,14.2724,0.75422335,-1,-1,-1
44,3149,664.3853,394.23334,9.982361,16.335419,0.7713105,-1,-1,-1
44,3150,659.6168,374.8237,9.899109,14.367798,0.7753001,-1,-1,-1
44,3153,634.0369,325.2782,8.254639,11.555878,0.74646235,-1,-1,-1
44,3154,649.08545,325.56525,7.9404907,11.097595,0.6318579,-1,-1,-1
44,3155,609.197,371.4396,8.602234,12.804382,0.7048933,-1,-1,-1
44,3158,648.95197,303.9174,8.154602,10.6874695,0.6249344,-1,-1,-1
44,3159,638.84076,362.10907,8.740601,13.37619,0.65472484,-1,-1,-1
44,3160,645.2045,257.03232,8.120239,9.583496,0.7244339,-1,-1,-1
44,3163,668.6895,419.2428,12.363953,20.63324,0.39043477,-1,-1,-1
44,3170,632.38257,313.98895,7.78302,10.463165,0.70400196,-1,-1,-1
44,3171,656.1125,261.6013,8.317444,10.092072,0.6431089,-1,-1,-1
44,3174,646.9968,393.6387,11.075989,24.181671,0.6203319,-1,-1,-1
44,3124,649.8486,420.8526,15.027466,25.819214,0.69336873,-1,-1,-1
44,3157,623.2369,297.27985,8.774231,10.164886,0.7168205,-1,-1,-1
44,3195,746.1682,420.5257,12.9019165,16.361847,0.816055,-1,-1,-1
44,3166,736.0363,344.96512,12.40271,12.225311,0.7340879,-1,-1,-1
44,3206,691.1817,272.50638,9.469238,10.620483,0.34538877,-1,-1,-1
44,3151,771.43805,379.8935,15.3637085,15.053741,0.65813386,-1,-1,-1
44,3156,645.29865,376.95193,10.08252,14.101685,0.3600486,-1,-1,-1
44,3214,646.6242,391.38373,10.458984,20.829834,0.3247915,-1,-1,-1
44,3162,586.0443,411.62817,13.800476,32.125458,0.36378416,-1,-1,-1
45,2777,643.5459,313.07513,9.199219,11.313721,0.6792633,-1,-1,-1
45,2908,634.7673,338.835,8.083008,12.651794,0.7090903,-1,-1,-1
45,2527,595.21155,373.8134,10.026672,12.933777,0.37000307,-1,-1,-1
45,2460,650.2477,341.84058,8.947388,13.358459,0.7721409,-1,-1,-1
45,3147,733.6924,373.6492,12.855103,13.975281,0.7235062,-1,-1,-1
45,3148,657.3179,357.98743,10.679321,14.405579,0.7683367,-1,-1,-1
45,3149,664.4201,394.03497,10.144409,16.563171,0.79678077,-1,-1,-1
45,3150,659.66504,374.56274,9.912231,14.311493,0.7609495,-1,-1,-1
45,3153,634.27576,325.1377,8.255188,11.61557,0.7241336,-1,-1,-1
45,3154,649.2408,325.31653,7.9225464,11.075378,0.6649008,-1,-1,-1
45,3155,609.3498,371.27505,8.444946,12.767517,0.6803052,-1,-1,-1
45,3158,649.1873,304.01498,8.110962,10.57431,0.58517754,-1,-1,-1
45,3159,638.9459,361.7581,8.82074,13.651642,0.67246616,-1,-1,-1
45,3160,645.2946,257.1264,8.238037,9.682861,0.7335443,-1,-1,-1
45,3163,668.7536,418.9468,12.107117,19.164825,0.5332104,-1,-1,-1
45,3170,632.5191,313.7654,7.718689,10.457245,0.69834787,-1,-1,-1
45,3171,656.2405,261.706,8.420715,10.229553,0.6680232,-1,-1,-1
45,3174,647.2189,394.29102,10.781006,23.292664,0.5084647,-1,-1,-1
45,3124,649.8045,420.60013,15.062378,25.277222,0.63749814,-1,-1,-1
45,3157,623.20056,297.53952,8.738525,10.217041,0.7313819,-1,-1,-1
45,3195,745.9635,419.44275,12.81427,15.671936,0.7062138,-1,-1,-1
45,3166,735.6492,344.01605,12.277893,12.353394,0.64533323,-1,-1,-1
45,3206,691.11884,271.51068,9.517029,11.02948,0.3957658,-1,-1,-1
45,3151,770.9987,378.65414,15.53064,15.147919,0.32028654,-1,-1,-1
45,3156,645.36285,376.53366,10.089722,14.147522,0.40753937,-1,-1,-1
46,2777,643.57184,312.9906,9.22522,11.212585,0.7091669,-1,-1,-1
46,2908,634.8635,338.61578,8.057373,12.487732,0.7100104,-1,-1,-1
46,2527,595.7842,373.488,9.630615,13.370758,0.40378883,-1,-1,-1
46,2460,650.3124,341.78284,8.974182,13.278503,0.76795095,-1,-1,-1
46,3147,733.0838,372.24792,12.650818,13.7421875,0.70956266,-1,-1,-1
46,3148,657.30945,357.80893,10.566772,14.420044,0.77856845,-1,-1,-1
46,3149,664.4727,393.87,10.190735,16.624908,0.8028069,-1,-1,-1
46,3150,659.587,374.4337,9.924377,14.209106,0.77353466,-1,-1,-1
46,3153,634.3656,325.23505,8.26062,11.515259,0.7339693,-1,-1,-1
46,3154,649.3296,325.29337,7.9385986,11.056244,0.6745075,-1,-1,-1
46,3155,609.26355,371.06943,8.487305,12.720825,0.67240566,-1,-1,-1
46,3158,649.24725,303.9606,8.143555,10.48761,0.6014477,-1,-1,-1
46,3159,639.13104,361.5324,8.492493,13.642914,0.6241497,-1,-1,-1
46,3160,645.2906,257.37476,8.243225,9.555328,0.71840554,-1,-1,-1
46,3163,668.7521,418.75372,12.354919,18.842438,0.58702695,-1,-1,-1
46,3170,632.5908,313.79083,7.7246704,10.351349,0.6945506,-1,-1,-1
46,3171,656.22473,261.77747,8.570862,10.339172,0.67988914,-1,-1,-1
46,3174,647.28827,394.8112,10.629089,22.377258,0.5609325,-1,-1,-1
46,3124,649.8625,420.44592,14.350403,21.939972,0.5259281,-1,-1,-1
46,3157,623.14136,297.8464,8.740601,10.156097,0.7173376,-1,-1,-1
46,3195,745.4939,418.10242,12.871948,15.433777,0.75582504,-1,-1,-1
46,3166,735.47406,343.185,12.146118,12.426422,0.62890786,-1,-1,-1
46,3151,770.5156,377.30228,15.235718,15.342804,0.48148707,-1,-1,-1
46,3156,645.451,376.19644,9.986938,14.50177,0.49547467,-1,-1,-1
46,3152,699.3449,312.59235,10.488037,11.736572,0.3010491,-1,-1,-1
46,3162,586.28595,411.96323,13.485168,30.174591,0.28624806,-1,-1,-1
47,2777,643.86194,312.69675,9.062195,11.207855,0.70637697,-1,-1,-1
47,2908,634.8406,338.2958,8.172241,12.621063,0.70903665,-1,-1,-1
47,2527,596.1585,372.97885,9.3793335,13.632019,0.37198037,-1,-1,-1
47,2460,650.404,341.44095,8.994568,13.306061,0.7910308,-1,-1,-1
47,3147,732.70874,371.1356,12.630737,13.676025,0.73695743,-1,-1,-1
47,3148,657.26483,357.30444,10.447998,14.587311,0.7664643,-1,-1,-1
47,3149,664.58057,393.6707,10.291016,16.770477,0.7623802,-1,-1,-1
47,3150,659.4702,373.9084,10.218262,14.398529,0.7431303,-1,-1,-1
47,3153,634.3613,324.9066,8.446655,11.666351,0.71151215,-1,-1,-1
47,3154,649.40656,324.92554,7.9625244,11.090179,0.65100324,-1,-1,-1
47,3155,609.3803,370.3132,8.5563965,13.005981,0.71886975,-1,-1,-1
47,3158,649.2779,303.76648,8.23822,10.575836,0.6272192,-1,-1,-1
47,3159,639.37177,361.24908,8.178528,13.509552,0.57464164,-1,-1,-1
47,3160,645.4277,257.824,8.249878,9.263031,0.7055216,-1,-1,-1
47,3163,669.16785,418.67654,11.724915,18.030914,0.6101409,-1,-1,-1
47,3170,632.72424,313.527,7.73053,10.320496,0.69045836,-1,-1,-1
47,3171,656.2408,261.64914,8.59259,10.40567,0.6520768,-1,-1,-1
47,3174,647.3142,394.6295,10.633789,22.187927,0.54185206,-1,-1,-1
47,3124,650.0827,420.5752,14.975342,23.940918,0.64979565,-1,-1,-1
47,3157,623.18164,298.0814,8.701355,10.03772,0.66634625,-1,-1,-1
47,3195,745.2868,416.55457,12.717407,15.504608,0.76493293,-1,-1,-1
47,3166,735.01874,342.2735,12.082642,12.340118,0.61892396,-1,-1,-1
47,3151,770.1256,376.34915,15.0876465,15.552795,0.33797896,-1,-1,-1
47,3156,645.33484,375.46036,9.986023,14.361359,0.47119892,-1,-1,-1
47,3152,699.33435,311.68817,10.335754,11.754578,0.57099825,-1,-1,-1
47,3162,586.1801,407.25986,14.116333,34.61438,0.31569067,-1,-1,-1
48,2777,643.98956,312.54468,9.041138,11.212311,0.70059866,-1,-1,-1
48,2908,634.73737,337.9749,8.36908,12.902924,0.70997816,-1,-1,-1
48,2527,595.7015,372.9852,9.756287,14.123383,0.43039542,-1,-1,-1
48,2460,650.6295,341.26886,9.002869,13.333435,0.79916203,-1,-1,-1
48,3147,732.03406,369.8941,13.162781,13.792206,0.7479683,-1,-1,-1
48,3148,657.4611,357.3015,10.395325,14.514099,0.7480264,-1,-1,-1
48,3149,664.6182,393.68085,10.278442,16.178192,0.77630115,-1,-1,-1
48,3150,659.547,373.79498,10.185547,14.259644,0.7581561,-1,-1,-1
48,3153,634.3547,324.85266,8.556763,11.611023,0.70919067,-1,-1,-1
48,3154,649.3925,324.63632,8.013428,10.904083,0.6205565,-1,-1,-1
48,3155,609.3416,370.07144,8.589233,12.830841,0.67836404,-1,-1,-1
48,3158,649.3367,303.57718,8.344788,10.528931,0.6894953,-1,-1,-1
48,3159,639.5424,361.04163,7.94635,13.490784,0.56187224,-1,-1,-1
48,3160,645.7654,258.1255,8.250671,9.171631,0.72088706,-1,-1,-1
48,3163,669.5685,418.78284,11.232666,18.314758,0.5567971,-1,-1,-1
48,3170,632.71387,313.27957,7.7315674,10.377991,0.69662905,-1,-1,-1
48,3171,656.3469,261.72733,8.543457,10.44693,0.6359311,-1,-1,-1
48,3124,650.19806,420.91718,15.253967,25.264221,0.6376154,-1,-1,-1
48,3157,623.0484,298.28268,8.713013,10.138275,0.6696655,-1,-1,-1
48,3195,745.171,415.42767,12.691772,15.207306,0.78236616,-1,-1,-1
48,3166,734.6617,341.51343,11.704285,12.273804,0.6525466,-1,-1,-1
48,3151,769.728,375.41348,15.197205,15.653534,0.5635867,-1,-1,-1
48,3156,645.4869,375.5041,9.961975,14.548157,0.5350148,-1,-1,-1
48,3152,699.4788,310.9145,10.134766,11.681091,0.4276948,-1,-1,-1
48,3162,586.2541,406.57635,14.104187,34.354736,0.45283246,-1,-1,-1
48,3211,646.489,382.82828,9.886658,18.021667,0.280356,-1,-1,-1
48,3212,647.5066,397.6789,10.4557495,19.170898,0.50203204,-1,-1,-1
48,3206,690.7297,269.07443,9.238892,10.582642,0.51268923,-1,-1,-1
49,2777,643.94196,312.40253,9.08905,11.218414,0.71555835,-1,-1,-1
49,2908,634.6238,337.946,8.50354,12.952942,0.71128285,-1,-1,-1
49,2527,595.2872,373.02377,10.115967,14.273743,0.4848867,-1,-1,-1
49,2460,650.6499,341.2653,9.084961,13.301941,0.80792934,-1,-1,-1
49,3147,731.3859,368.68646,13.198059,13.397522,0.7204514,-1,-1,-1
49,3148,657.5888,357.50983,10.3602295,14.252167,0.75233394,-1,-1,-1
49,3149,664.49023,393.68677,10.333557,15.867065,0.7839116,-1,-1,-1
49,3150,659.4392,373.83734,10.25293,13.945587,0.75143415,-1,-1,-1
49,3153,634.3103,324.8192,8.635376,11.572998,0.70855004,-1,-1,-1
49,3154,649.3077,324.44373,8.075867,10.722137,0.5550843,-1,-1,-1
49,3155,609.3979,369.93124,8.585205,12.6909485,0.68895113,-1,-1,-1
49,3158,649.30334,303.58527,8.387329,10.408325,0.6793877,-1,-1,-1
49,3159,639.41077,360.9054,7.966736,13.483185,0.61710936,-1,-1,-1
49,3160,645.9867,258.55078,8.1362915,9.022949,0.71499664,-1,-1,-1
49,3163,669.3716,418.54214,11.822632,18.335693,0.49505833,-1,-1,-1
49,3170,632.66583,313.19263,7.744446,10.327759,0.7092666,-1,-1,-1
49,3171,656.51794,262.1566,8.428467,10.340454,0.6833318,-1,-1,-1
49,3124,650.0269,420.70642,14.704956,23.632874,0.3661715,-1,-1,-1
49,3157,622.63416,298.57297,8.784851,10.03479,0.6978909,-1,-1,-1
49,3195,744.5802,414.31763,13.184631,15.371033,0.8150119,-1,-1,-1
49,3166,734.2451,340.4457,11.472839,12.527954,0.64756036,-1,-1,-1
49,3151,769.13116,374.51382,15.183228,15.424591,0.5235721,-1,-1,-1
49,3156,645.62335,375.41895,9.974304,14.451141,0.55446976,-1,-1,-1
49,3152,699.51117,309.8691,9.822632,11.889832,0.26221702,-1,-1,-1
49,3162,586.4041,407.93372,14.009216,32.360687,0.4587361,-1,-1,-1
49,3211,646.5864,383.1478,9.948425,17.45282,0.3222665,-1,-1,-1
49,3212,647.472,397.966,10.410461,18.324127,0.51781213,-1,-1,-1
49,3206,690.461,268.31854,9.405945,10.565338,0.45985204,-1,-1,-1
50,2777,643.874,312.3,9.19342,11.129669,0.71114594,-1,-1,-1
50,2908,634.5362,337.92303,8.548645,12.959778,0.71154094,-1,-1,-1
50,2527,595.0534,373.16956,10.129517,14.097717,0.46262786,-1,-1,-1
50,2460,650.75995,341.30566,9.023132,13.158234,0.8141336,-1,-1,-1
50,3147,730.97485,367.63123,13.156555,13.325775,0.76955146,-1,-1,-1
50,3148,657.7328,357.2527,10.454834,14.34903,0.7904081,-1,-1,-1
50,3149,664.4991,393.70096,10.237305,15.446167,0.7867374,-1,-1,-1
50,3150,659.4348,373.47906,10.357422,13.945557,0.7404871,-1,-1,-1
50,3153,634.21985,324.73325,8.67572,11.587616,0.7019278,-1,-1,-1
50,3154,649.1847,324.36505,8.164307,10.5563965,0.5623213,-1,-1,-1
50,3155,609.3022,369.64713,8.649658,12.845093,0.7337791,-1,-1,-1
50,3158,649.3009,303.57953,8.382019,10.257202,0.64940494,-1,-1,-1
50,3159,639.3397,360.81192,8.004883,13.379578,0.6732835,-1,-1,-1
50,3160,646.15326,258.99417,8.098816,9.072113,0.6988768,-1,-1,-1
50,3163,669.18463,418.47577,12.082886,19.072906,0.54673487,-1,-1,-1
50,3170,632.5713,312.9432,7.7442627,10.342377,0.7336172,-1,-1,-1
50,3171,656.5582,262.42264,8.435547,10.286316,0.7013344,-1,-1,-1
50,3124,649.84564,420.32172,14.758057,23.176514,0.28908372,-1,-1,-1
50,3157,622.3339,298.82303,8.857605,9.943359,0.7017572,-1,-1,-1
50,3195,744.27924,413.28967,13.213318,15.559082,0.8254526,-1,-1,-1
50,3166,734.00385,339.43076,11.539856,12.768677,0.6370771,-1,-1,-1
50,3151,768.579,373.4961,15.29364,15.362946,0.27501658,-1,-1,-1
50,3156,645.6201,375.01135,9.9627075,14.207611,0.5468244,-1,-1,-1
50,3162,586.4454,412.1666,13.582153,27.932465,0.5180231,-1,-1,-1
50,3212,647.3544,397.21777,10.316528,18.890472,0.6043462,-1,-1,-1
50,3206,689.9511,267.63437,9.52478,10.563446,0.56178683,-1,-1,-1
50,3216,651.45483,233.14195,8.332397,10.04866,0.42204913,-1,-1,-1
51,2777,643.7562,312.08844,9.289734,11.180817,0.7492983,-1,-1,-1
51,2908,634.4266,337.74377,8.592163,12.797821,0.7134916,-1,-1,-1
51,2527,595.0961,372.5367,10.056946,13.932373,0.51318485,-1,-1,-1
51,2460,650.6961,341.28674,9.019348,12.888519,0.8041555,-1,-1,-1
51,3147,730.0079,366.05817,13.317505,13.736511,0.79595083,-1,-1,-1
51,3148,657.5559,356.79907,10.66626,14.399567,0.7906583,-1,-1,-1
51,3149,664.4491,393.62613,10.164429,15.400391,0.79627395,-1,-1,-1
51,3150,659.0983,373.05383,10.681702,14.049286,0.737457,-1,-1,-1
51,3153,634.10156,324.3806,8.773376,11.70874,0.696649,-1,-1,-1
51,3154,649.04535,324.2279,8.3342285,10.592926,0.6436658,-1,-1,-1
51,3155,609.0912,369.40652,8.7769165,12.818848,0.72726893,-1,-1,-1
51,3158,649.22144,303.2685,8.297119,9.974121,0.53630817,-1,-1,-1
51,3159,639.17755,360.35767,8.127197,13.30368,0.7556433,-1,-1,-1
51,3160,646.216,259.33313,8.083008,9.220398,0.68420225,-1,-1,-1
51,3163,668.90076,418.1004,12.342712,18.487427,0.6522479,-1,-1,-1
51,3170,632.3866,312.6412,7.852417,10.4045105,0.74042463,-1,-1,-1
51,3171,656.54114,262.47528,8.48822,10.409668,0.71045804,-1,-1,-1
51,3124,649.7872,420.31342,15.551086,23.961792,0.38222778,-1,-1,-1
51,3157,622.00073,298.84192,8.961243,10.005585,0.7232018,-1,-1,-1
51,3195,743.7978,411.75922,13.024231,15.451904,0.8299828,-1,-1,-1
51,3166,733.0815,338.4535,12.020813,12.607239,0.5789467,-1,-1,-1
51,3151,767.99005,372.14624,15.220154,15.357452,0.27444136,-1,-1,-1
51,3156,645.5162,374.465,9.826294,14.05011,0.6651001,-1,-1,-1
51,3162,586.3816,412.61795,13.356079,26.493256,0.4980919,-1,-1,-1
51,3212,646.91046,395.60724,10.667847,20.247772,0.59385127,-1,-1,-1
51,3206,689.4681,267.0151,9.784302,10.62796,0.5065384,-1,-1,-1
51,3216,651.5726,233.1045,8.061218,10.100739,0.43483892,-1,-1,-1
52,2777,643.8813,311.96674,9.299744,11.203247,0.7736512,-1,-1,-1
52,2908,634.5526,337.3354,8.702393,12.781647,0.72594905,-1,-1,-1
52,2527,595.487,372.41626,9.928528,13.387207,0.46700868,-1,-1,-1
52,2460,650.62274,340.78717,9.066101,13.068939,0.8144299,-1,-1,-1
52,3147,729.7432,364.93942,13.010925,13.657379,0.7428847,-1,-1,-1
52,3148,657.7493,356.5158,10.71637,14.272583,0.7681477,-1,-1,-1
52,3149,664.6378,393.48648,9.978638,15.576019,0.7851439,-1,-1,-1
52,3150,659.1982,372.79105,10.564087,14.048676,0.7223052,-1,-1,-1
52,3153,634.1513,324.1225,8.80011,11.7196045,0.6847739,-1,-1,-1
52,3154,649.0908,324.198,8.467224,10.537933,0.6621796,-1,-1,-1
52,3155,609.1369,369.22595,8.710449,12.497192,0.654332,-1,-1,-1
52,3158,649.27136,302.71027,8.345642,9.918915,0.5904144,-1,-1,-1
52,3159,639.34534,360.2917,8.127075,13.003021,0.75144583,-1,-1,-1
52,3160,646.3998,259.59024,8.0271,9.266113,0.6670028,-1,-1,-1
52,3163,669.0715,417.54236,12.284912,18.008606,0.6680503,-1,-1,-1
52,3170,632.5252,312.53616,7.7702637,10.374207,0.73647135,-1,-1,-1
52,3171,656.57275,262.63675,8.612854,10.429352,0.6859359,-1,-1,-1
52,3124,649.7771,418.87195,13.983582,18.877686,0.57193565,-1,-1,-1
52,3157,622.0145,298.90884,8.996094,10.175415,0.7271471,-1,-1,-1
52,3195,743.2974,410.53165,12.968567,15.352295,0.76104635,-1,-1,-1
52,3166,732.22736,337.58276,12.490662,12.244141,0.5926482,-1,-1,-1
52,3151,767.61566,370.99005,14.911499,15.030273,0.5029742,-1,-1,-1
52,3156,645.7289,374.34875,9.580444,13.815887,0.6589053,-1,-1,-1
52,3162,586.42755,411.55008,13.458618,27.13855,0.37192,-1,-1,-1
52,3212,646.97723,395.40848,10.803833,20.076141,0.6490959,-1,-1,-1
52,3206,689.4598,266.29684,9.644653,10.684357,0.34300593,-1,-1,-1
52,3216,651.7516,233.57108,7.9422607,9.802948,0.5751448,-1,-1,-1
53,2777,643.9901,311.93988,9.275696,11.139526,0.77256906,-1,-1,-1
53,2908,634.5381,336.87704,8.778992,12.989471,0.73701125,-1,-1,-1
53,2527,595.45233,372.49704,9.883057,13.239624,0.46720475,-1,-1,-1
53,2460,650.5846,340.32257,9.014832,13.396637,0.8240948,-1,-1,-1
53,3147,729.4527,364.04486,12.548706,13.347168,0.6306598,-1,-1,-1
53,3148,657.854,356.4214,10.653076,14.032257,0.7884914,-1,-1,-1
53,3149,664.7814,393.30103,9.7901,15.514038,0.7647043,-1,-1,-1
53,3150,659.27527,372.54257,10.395691,13.944122,0.70188195,-1,-1,-1
53,3153,634.1247,324.01328,8.762939,11.673035,0.6777446,-1,-1,-1
53,3154,649.1143,324.1943,8.41571,10.444855,0.6638273,-1,-1,-1
53,3155,609.1117,369.0059,8.815552,12.714752,0.6781996,-1,-1,-1
53,3158,649.2704,302.43097,8.463318,9.92337,0.6860148,-1,-1,-1
53,3159,639.40845,360.08487,8.104858,12.98877,0.78159803,-1,-1,-1
53,3160,646.50134,259.75467,7.9994507,9.315674,0.6293053,-1,-1,-1
53,3163,669.1888,417.24625,12.017395,17.786774,0.6941857,-1,-1,-1
53,3170,632.59985,312.26364,7.620178,10.455933,0.73315907,-1,-1,-1
53,3171,656.5585,263.02567,8.724304,10.291199,0.62860113,-1,-1,-1
53,3124,649.772,418.27588,13.313293,17.418701,0.44997323,-1,-1,-1
53,3157,621.9158,299.0635,9.032776,10.330902,0.7409677,-1,-1,-1
53,3195,742.7112,409.176,13.017334,15.438171,0.8015766,-1,-1,-1
53,3166,731.65283,336.75937,12.4296875,12.048187,0.60394347,-1,-1,-1
53,3151,767.1361,370.02997,14.509033,14.840973,0.31198955,-1,-1,-1
53,3156,645.824,374.25,9.328491,13.271606,0.6852444,-1,-1,-1
53,3162,586.4075,412.43274,13.547913,26.2742,0.40394774,-1,-1,-1
53,3212,647.13983,396.20944,10.559937,19.016785,0.6669838,-1,-1,-1
53,3206,689.3025,265.79904,9.742859,10.566772,0.38644657,-1,-1,-1
53,3216,651.72296,233.78429,7.996338,9.808853,0.5999801,-1,-1,-1
54,2777,644.0501,311.8742,9.183899,10.990234,0.7638566,-1,-1,-1
54,2908,634.43384,336.47653,8.919189,13.205536,0.74735695,-1,-1,-1
54,2527,595.60095,372.18207,9.708252,13.086914,0.40479875,-1,-1,-1
54,2460,650.52295,340.1217,9.029358,13.501526,0.83052087,-1,-1,-1
54,3147,728.85944,362.82672,12.830627,13.378693,0.6305303,-1,-1,-1
54,3148,657.8707,356.27338,10.631348,13.792572,0.8079554,-1,-1,-1
54,3149,664.8272,393.08868,9.894531,15.649017,0.79048645,-1,-1,-1
54,3150,659.29364,372.41833,10.325012,13.827179,0.7012931,-1,-1,-1
54,3153,634.0815,324.12613,8.7369995,11.496887,0.67536867,-1,-1,-1
54,3154,649.07336,324.11896,8.391968,10.314636,0.6083301,-1,-1,-1
54,3155,609.14624,368.69592,8.668335,12.574646,0.6175257,-1,-1,-1
54,3158,649.2777,302.25293,8.537109,9.869629,0.70732456,-1,-1,-1
54,3159,639.40015,359.7229,8.164185,13.205383,0.775855,-1,-1,-1
54,3160,646.6386,260.06433,8.232788,9.108948,0.5993386,-1,-1,-1
54,3163,668.99756,417.26413,12.5546875,18.518097,0.61147624,-1,-1,-1
54,3170,632.5697,311.99084,7.6411133,10.545197,0.73166525,-1,-1,-1
54,3171,656.5447,263.42587,8.862061,10.118256,0.5608017,-1,-1,-1
54,3124,650.04156,418.16248,13.106689,16.534607,0.50950795,-1,-1,-1
54,3157,621.64105,299.26126,9.125244,10.307678,0.7552391,-1,-1,-1
54,3195,742.14453,407.89377,13.053894,15.734741,0.7945402,-1,-1,-1
54,3166,730.9115,335.64536,12.745117,12.212097,0.74894935,-1,-1,-1
54,3151,766.3547,369.05383,14.751282,14.74054,0.41712677,-1,-1,-1
54,3156,645.7657,374.01773,9.202698,13.01947,0.69575566,-1,-1,-1
54,3162,586.4085,413.50095,13.48407,24.472504,0.49252784,-1,-1,-1
54,3212,647.1446,396.1307,10.710632,18.804474,0.6111386,-1,-1,-1
54,3216,651.75476,234.02489,8.097046,9.738434,0.5577143,-1,-1,-1
55,2777,644.31323,311.77347,9.094116,10.976227,0.76132417,-1,-1,-1
55,2908,634.4766,336.29645,8.945129,13.2725525,0.74774724,-1,-1,-1
55,2527,595.7078,371.8166,9.748169,13.508636,0.55162275,-1,-1,-1
55,2460,650.57153,340.09903,9.036194,13.401306,0.83177704,-1,-1,-1
55,3147,728.4875,361.44693,12.685791,13.576477,0.7199012,-1,-1,-1
55,3148,657.8855,356.13556,10.5578,13.643829,0.7972348,-1,-1,-1
55,3149,664.97986,392.97687,9.974304,15.463928,0.77428555,-1,-1,-1
55,3150,659.2575,372.23672,10.300598,13.877197,0.72634375,-1,-1,-1
55,3153,634.1427,324.22882,8.715027,11.359985,0.6739608,-1,-1,-1
55,3154,649.0526,324.02505,8.518433,10.318848,0.6461177,-1,-1,-1
55,3155,609.19806,368.42868,8.58197,12.436035,0.65531665,-1,-1,-1
55,3158,649.2336,302.18137,8.543823,9.770447,0.6574901,-1,-1,-1
55,3159,639.53345,359.53894,8.078857,13.264435,0.7802785,-1,-1,-1
55,3160,646.8411,260.36462,8.345886,9.114319,0.6527738,-1,-1,-1
55,3163,669.0578,417.24225,12.710022,19.610718,0.5798633,-1,-1,-1
55,3170,632.608,311.752,7.788269,10.619385,0.7321451,-1,-1,-1
55,3171,656.59717,263.6911,8.889343,10.065277,0.5410982,-1,-1,-1
55,3124,650.2266,418.1937,12.678223,15.282288,0.50395626,-1,-1,-1
55,3157,621.6327,299.40198,9.0979,10.308289,0.7537178,-1,-1,-1
55,3195,741.85187,407.14072,12.916321,14.840729,0.78728896,-1,-1,-1
55,3166,730.4899,334.709,12.579102,12.258087,0.7952765,-1,-1,-1
55,3151,765.91724,368.19696,14.90741,14.5624695,0.57359284,-1,-1,-1
55,3156,645.7867,373.79114,9.143127,12.93689,0.7050637,-1,-1,-1
55,3162,586.565,413.08084,13.362305,24.61029,0.46221444,-1,-1,-1
55,3212,647.278,396.12762,10.740845,18.422882,0.5666088,-1,-1,-1
55,3216,651.77686,234.28151,8.324097,9.466034,0.5551307,-1,-1,-1
56,2777,644.614,311.62332,8.98584,11.014221,0.7656724,-1,-1,-1
56,2908,634.68365,336.32745,8.818176,13.207092,0.7326184,-1,-1,-1
56,2527,595.45514,371.4579,10.230652,14.857391,0.64998794,-1,-1,-1
56,2460,650.71893,340.06625,9.017639,13.324432,0.8299794,-1,-1,-1
56,3147,728.1439,360.29883,12.640198,13.566437,0.70466375,-1,-1,-1
56,3148,657.99347,356.0045,10.397583,13.57724,0.8002652,-1,-1,-1
56,3149,665.14777,393.0163,9.924072,15.20694,0.75081086,-1,-1,-1
56,3150,659.37445,372.19724,10.252319,13.874878,0.721616,-1,-1,-1
56,3153,634.33203,324.12958,8.6467285,11.478546,0.67099786,-1,-1,-1
56,3154,649.2777,324.15585,8.580872,10.210083,0.67067844,-1,-1,-1
56,3155,609.3459,368.3277,8.448486,12.316223,0.6187557,-1,-1,-1
56,3158,649.3617,302.13025,8.514282,9.654114,0.64501643,-1,-1,-1
56,3159,639.7033,359.47888,8.007385,13.175964,0.749378,-1,-1,-1
56,3160,647.03143,260.52963,8.336853,9.23407,0.66882426,-1,-1,-1
56,3163,669.47546,417.27393,12.165283,18.080505,0.6364414,-1,-1,-1
56,3170,632.8346,311.56445,7.8551636,10.726532,0.724806,-1,-1,-1
56,3171,656.61224,264.05035,8.951904,10.02829,0.490498,-1,-1,-1
56,3124,650.3931,417.96896,12.739746,15.794189,0.30554807,-1,-1,-1
56,3157,621.5745,299.63153,9.0841675,10.373871,0.7742169,-1,-1,-1
56,3195,741.8482,406.03918,12.876465,14.691681,0.8002143,-1,-1,-1
56,3166,730.07007,333.7453,12.539246,12.562195,0.7646545,-1,-1,-1
56,3151,765.7079,367.1754,14.81781,14.721619,0.6082164,-1,-1,-1
56,3156,645.7888,373.42575,9.320557,13.006378,0.6712517,-1,-1,-1
56,3162,586.6943,413.27808,13.44928,25.319763,0.2955511,-1,-1,-1
56,3212,647.5534,396.4003,10.41864,17.812714,0.5841083,-1,-1,-1
56,3216,651.8523,234.59224,8.468201,9.240234,0.5357411,-1,-1,-1
56,3220,569.90607,379.22357,16.863464,12.659607,0.37865764,-1,-1,-1
57,2777,644.57587,311.2122,8.943481,11.1258545,0.79795164,-1,-1,-1
57,2908,634.6589,336.42404,8.8376465,13.126862,0.7465752,-1,-1,-1
57,2527,595.6136,370.88992,10.184021,15.655243,0.60027534,-1,-1,-1
57,2460,650.4183,339.64923,9.331482,13.64328,0.8451069,-1,-1,-1
57,3147,727.7097,358.8957,12.233398,13.758545,0.59685296,-1,-1,-1
57,3148,657.9572,355.84476,10.4088745,13.494873,0.7497141,-1,-1,-1
57,3149,665.32764,393.0311,9.7854,14.730194,0.7380335,-1,-1,-1
57,3150,659.5111,371.82877,10.314087,14.157532,0.71188843,-1,-1,-1
57,3153,634.2567,323.82446,8.630066,11.583771,0.6837353,-1,-1,-1
57,3154,649.1429,324.06012,8.682861,10.299103,0.6743735,-1,-1,-1
57,3155,609.46356,368.05823,8.269043,12.441193,0.5872181,-1,-1,-1
57,3158,649.3261,301.83008,8.561462,9.583679,0.543316,-1,-1,-1
57,3159,639.75714,359.10773,8.062256,13.18689,0.7200723,-1,-1,-1
57,3160,647.2685,260.63895,8.335571,9.330414,0.69958127,-1,-1,-1
57,3163,669.97485,417.33664,11.5529175,17.706238,0.62979525,-1,-1,-1
57,3170,632.8333,311.27396,7.791382,10.833862,0.72298944,-1,-1,-1
57,3171,656.57056,264.12436,8.986511,10.104279,0.49347413,-1,-1,-1
57,3124,650.62427,418.05212,13.936157,20.389526,0.6113978,-1,-1,-1
57,3157,621.4119,299.75626,9.158447,10.42691,0.77454275,-1,-1,-1
57,3195,741.4468,404.1504,12.832764,15.219574,0.8251154,-1,-1,-1
57,3166,729.77466,332.92923,12.370239,12.300293,0.7602438,-1,-1,-1
57,3151,765.0812,365.8781,15.193298,14.819275,0.46101698,-1,-1,-1
57,3156,645.2358,372.51578,9.84729,13.184845,0.6272362,-1,-1,-1
57,3216,651.94775,234.69357,8.571899,9.176071,0.5182815,-1,-1,-1
57,3214,646.94904,385.86203,9.906311,15.741577,0.4176829,-1,-1,-1
57,3152,696.54407,302.2949,10.24353,11.872009,0.28309524,-1,-1,-1
58,2777,644.8932,311.0349,8.849426,11.065033,0.79307777,-1,-1,-1
58,2908,634.89264,336.55054,8.707825,13.007599,0.7284896,-1,-1,-1
58,2527,595.8956,370.43127,10.063782,15.73465,0.62912905,-1,-1,-1
58,2460,650.4306,339.25864,9.423828,13.952759,0.83838224,-1,-1,-1
58,3147,727.26263,357.89337,12.376282,13.901062,0.46478012,-1,-1,-1
58,3148,658.2028,355.71365,10.343872,13.47876,0.74702746,-1,-1,-1
58,3149,665.58167,393.11267,9.759155,14.655945,0.7568096,-1,-1,-1
58,3150,659.7873,371.33777,10.164612,14.222321,0.6872538,-1,-1,-1
58,3153,634.4937,323.653,8.559021,11.601227,0.6693321,-1,-1,-1
58,3154,649.20575,324.02676,8.6276245,10.239014,0.64162433,-1,-1,-1
58,3155,609.59125,367.608,8.145996,12.502502,0.60152864,-1,-1,-1
58,3158,649.5344,301.67133,8.532654,9.531525,0.6045387,-1,-1,-1
58,3159,639.9543,358.95627,8.016724,13.075592,0.7065765,-1,-1,-1
58,3160,647.4236,260.8702,8.327393,9.374908,0.72985643,-1,-1,-1
58,3163,670.39044,417.50122,11.335632,17.615417,0.41631967,-1,-1,-1
58,3170,633.0393,311.10272,7.878296,10.858459,0.7230922,-1,-1,-1
58,3171,656.73,264.4578,9.0224,9.979553,0.52522683,-1,-1,-1
58,3124,650.7472,417.9533,13.402771,19.11493,0.4955133,-1,-1,-1
58,3157,621.5197,299.9835,9.067444,10.412903,0.77891314,-1,-1,-1
58,3195,741.44604,402.98578,12.294128,15.086395,0.8430001,-1,-1,-1
58,3166,729.6749,332.24777,12.345337,11.896454,0.7841496,-1,-1,-1
58,3151,764.7468,364.9122,14.817688,14.928894,0.5338562,-1,-1,-1
58,3156,645.28674,372.10287,9.851624,13.24408,0.5815187,-1,-1,-1
58,3216,652.0977,234.9495,8.520325,9.15477,0.54604346,-1,-1,-1
58,3214,647.2554,385.36957,9.744873,14.995728,0.4439971,-1,-1,-1
58,3152,696.46216,301.20117,10.195618,11.454956,0.31950983,-1,-1,-1
58,2924,164.5792,125.74994,318.82367,275.22363,0.2882303,-1,-1,-1
58,3206,688.14703,262.34332,9.861572,9.764557,0.4906751,-1,-1,-1
58,3212,647.9475,395.88245,10.521301,17.724182,0.32104784,-1,-1,-1
58,3220,570.3856,379.0105,16.653992,12.342804,0.27794528,-1,-1,-1
59,2777,645.0397,310.84818,8.911438,11.11145,0.80012095,-1,-1,-1
59,2908,635.154,336.45166,8.59491,12.917908,0.711161,-1,-1,-1
59,2527,595.9259,370.33063,10.196655,16.091919,0.66792864,-1,-1,-1
59,2460,650.59863,339.04248,9.388855,14.00705,0.83141994,-1,-1,-1
59,3147,726.98224,357.22186,12.372681,13.642517,0.5160183,-1,-1,-1
59,3148,658.48,355.5678,10.098816,13.310059,0.7490899,-1,-1,-1
59,3149,665.78906,392.67044,9.670044,14.99527,0.7329037,-1,-1,-1
59,3150,659.85944,370.7424,10.504395,14.479126,0.68542,-1,-1,-1
59,3153,634.7558,323.44363,8.473877,11.612122,0.6522371,-1,-1,-1
59,3154,649.3598,323.88675,8.643555,10.260193,0.6639335,-1,-1,-1
59,3155,609.6178,367.23465,8.254883,12.344299,0.59910107,-1,-1,-1
59,3158,649.68024,301.50885,8.596802,9.480988,0.6487085,-1,-1,-1
59,3159,640.0051,358.66974,8.001038,13.321899,0.70131934,-1,-1,-1
59,3160,647.5618,261.08673,8.3793335,9.439911,0.76168877,-1,-1,-1
59,3163,670.739,417.45782,11.243164,16.990875,0.6227085,-1,-1,-1
59,3170,633.2125,310.80496,7.904724,10.902527,0.71451813,-1,-1,-1
59,3171,656.91864,264.64212,9.126038,10.00293,0.5970156,-1,-1,-1
59,3157,621.64966,300.27924,8.925354,10.365997,0.77222985,-1,-1,-1
59,3195,741.2571,401.58487,12.239319,15.292358,0.8246605,-1,-1,-1
59,3166,729.41846,331.23413,12.263062,12.064697,0.7745277,-1,-1,-1
59,3151,764.13635,363.83215,14.855103,14.92157,0.6298689,-1,-1,-1
59,3156,645.10187,372.26373,10.300049,13.104706,0.6153114,-1,-1,-1
59,3216,652.42236,235.205,8.493469,9.111816,0.48113516,-1,-1,-1
59,3214,647.4052,385.15903,9.742676,14.7552185,0.47234675,-1,-1,-1
59,2924,165.16252,126.08681,318.67914,274.36517,0.29390347,-1,-1,-1
59,3206,687.9448,261.4825,9.785706,9.648254,0.6265902,-1,-1,-1
59,3212,648.08057,395.46225,10.448914,17.913635,0.4574262,-1,-1,-1
59,3220,570.9812,378.88333,16.207642,12.31134,0.28209516,-1,-1,-1
59,3162,587.0769,412.6472,13.25708,24.296112,0.30556852,-1,-1,-1
60,2777,645.0256,310.78937,8.988892,11.156616,0.80328053,-1,-1,-1
60,2908,635.2507,336.57156,8.528015,12.785889,0.7060604,-1,-1,-1
60,2527,595.85504,370.41272,10.097595,16.348846,0.6711836,-1,-1,-1
60,2460,650.6978,339.0905,9.374207,13.968536,0.8357424,-1,-1,-1
60,3147,726.4604,356.0602,12.61499,13.212067,0.6575949,-1,-1,-1
60,3148,658.55817,355.46634,9.997192,13.190155,0.75917417,-1,-1,-1
60,3149,665.8539,392.385,9.675293,15.121399,0.74635476,-1,-1,-1
60,3150,660.02814,370.3576,10.711914,14.672516,0.74935675,-1,-1,-1
60,3153,634.83295,323.39163,8.408447,11.5694275,0.6514928,-1,-1,-1
60,3154,649.33527,323.70636,8.732849,10.382446,0.6988885,-1,-1,-1
60,3155,609.55505,367.09525,8.308777,12.09903,0.6158512,-1,-1,-1
60,3158,649.77203,301.4788,8.707275,9.426697,0.6419664,-1,-1,-1
60,3159,640.10754,358.82065,7.9660645,13.2282715,0.67180413,-1,-1,-1
60,3160,647.64124,261.48468,8.406738,9.305939,0.76674885,-1,-1,-1
60,3163,670.78937,417.36203,11.363037,16.513489,0.6398475,-1,-1,-1
60,3170,633.1802,310.67218,7.903015,10.952545,0.71020585,-1,-1,-1
60,3171,656.93524,264.8235,9.2595825,10.022308,0.5541953,-1,-1,-1
60,3157,621.5249,300.60873,8.896545,10.286957,0.7844355,-1,-1,-1
60,3195,740.8205,400.65656,12.260986,15.371368,0.84574693,-1,-1,-1
60,3166,729.1726,330.5943,12.163391,11.977478,0.7826109,-1,-1,-1
60,3151,763.64417,362.99835,14.839111,14.738373,0.6413976,-1,-1,-1
60,3156,644.9317,371.7949,10.534546,13.393921,0.6462058,-1,-1,-1
60,3216,652.4457,235.52388,8.462769,9.043381,0.37958232,-1,-1,-1
60,3214,647.4542,385.3622,9.800781,15.647827,0.4700411,-1,-1,-1
60,3206,687.7952,261.05942,9.802429,9.520294,0.49978217,-1,-1,-1
60,3124,650.83875,417.1263,14.468811,21.31839,0.43807444,-1,-1,-1
61,2777,644.9975,310.57477,9.101196,11.224243,0.80452394,-1,-1,-1
61,2908,635.3434,336.51932,8.510132,12.706451,0.69404614,-1,-1,-1
61,2527,595.945,370.21716,10.050964,16.228058,0.6650438,-1,-1,-1
61,2460,650.7332,338.8085,9.480713,13.963654,0.83906287,-1,-1,-1
61,3147,726.0204,354.7395,12.719788,13.270966,0.6859016,-1,-1,-1
61,3148,658.59766,355.0922,9.869812,13.278412,0.7699679,-1,-1,-1
61,3149,665.92694,392.30145,9.773071,15.288574,0.7031079,-1,-1,-1
61,3150,660.0511,370.05804,10.689697,14.850342,0.76975095,-1,-1,-1
61,3153,634.8784,323.17163,8.409485,11.629486,0.65620095,-1,-1,-1
61,3154,649.33405,323.18112,8.778748,10.709991,0.7131408,-1,-1,-1
61,3155,609.54004,366.97293,8.369324,12.213013,0.6417531,-1,-1,-1
61,3158,649.7195,301.13803,8.790527,9.446014,0.60553235,-1,-1,-1
61,3159,640.3408,358.96732,8.004517,12.840851,0.60942316,-1,-1,-1
61,3160,647.702,261.64462,8.436096,9.303864,0.7638751,-1,-1,-1
61,3163,671.0167,417.14523,11.30304,16.31604,0.45875737,-1,-1,-1
61,3170,633.1636,310.37305,7.9593506,10.999847,0.7085213,-1,-1,-1
61,3171,657.0047,264.93723,9.267273,10.046814,0.54097646,-1,-1,-1
61,3157,621.33545,300.86554,8.987427,10.230896,0.78906244,-1,-1,-1
61,3195,740.4552,399.52368,12.174805,15.080109,0.8609115,-1,-1,-1
61,3166,728.6589,329.54172,12.151794,12.091797,0.74941736,-1,-1,-1
61,3151,763.07434,362.21036,14.979858,14.2595215,0.6858775,-1,-1,-1
61,3156,644.7131,371.03513,10.740906,13.884705,0.613692,-1,-1,-1
61,3216,652.55475,235.61002,8.609619,9.016983,0.3715427,-1,-1,-1
61,3214,647.445,385.5463,10.0425415,19.039124,0.48564258,-1,-1,-1
61,3206,687.83405,260.60776,9.66687,9.551453,0.4773469,-1,-1,-1
61,3124,650.8883,415.9443,13.564636,18.825195,0.5993633,-1,-1,-1
61,3174,647.5324,387.0143,10.93396,25.834839,0.39089808,-1,-1,-1
62,2777,645.1112,310.51437,9.1119995,11.112061,0.8040335,-1,-1,-1
62,2908,635.5096,336.20688,8.73999,12.924316,0.70242757,-1,-1,-1
62,2527,595.89215,369.95956,10.144287,15.935944,0.6409805,-1,-1,-1
62,2460,650.7385,338.36227,9.606201,14.143707,0.8398828,-1,-1,-1
62,3147,725.7821,353.07346,12.3272705,13.509308,0.67598605,-1,-1,-1
62,3148,658.69574,354.8365,9.830627,13.254517,0.79020816,-1,-1,-1
62,3149,665.9028,392.2773,9.8526,15.392487,0.72750574,-1,-1,-1
62,3150,660.06647,369.81528,10.651245,14.905365,0.7992049,-1,-1,-1
62,3153,635.01215,323.13104,8.414917,11.549255,0.6398971,-1,-1,-1
62,3154,649.46796,322.8968,8.915222,10.955353,0.72939086,-1,-1,-1
62,3155,609.406,366.76764,8.586975,12.323669,0.6547102,-1,-1,-1
62,3158,649.6953,300.66452,8.937927,9.637146,0.64264077,-1,-1,-1
62,3159,640.43134,358.76743,8.192017,12.815887,0.5613815,-1,-1,-1
62,3160,647.88293,261.6573,8.585815,9.630829,0.75044614,-1,-1,-1
62,3163,670.7875,416.33463,11.25647,16.34491,0.42364255,-1,-1,-1
62,3170,633.2451,310.20938,8.0269165,10.989685,0.7079863,-1,-1,-1
62,3171,656.98926,265.07657,9.442688,10.160553,0.45128945,-1,-1,-1
62,3157,621.2846,301.0754,9.049133,10.237854,0.7871734,-1,-1,-1
62,3195,740.16675,397.978,12.0946045,15.321869,0.83858895,-1,-1,-1
62,3166,728.50616,328.68567,11.602417,12.013855,0.7669018,-1,-1,-1
62,3151,762.58636,361.20453,15.054504,14.217407,0.68344635,-1,-1,-1
62,3156,644.57605,370.62518,11.031921,14.216492,0.6126275,-1,-1,-1
62,3216,652.5154,235.87189,8.910645,8.9262085,0.35477236,-1,-1,-1
62,3214,647.47644,385.40857,10.078247,18.38913,0.45824134,-1,-1,-1
62,3206,687.7979,260.23386,9.614441,9.558929,0.25890693,-1,-1,-1
62,3124,650.64075,415.07657,13.322266,17.601776,0.6350788,-1,-1,-1
62,3226,0.0,165.41261,150.30786,81.2767,0.4025407,-1,-1,-1
62,3174,647.9045,389.69934,10.816772,22.828918,0.4740781,-1,-1,-1
62,2924,167.7367,127.15533,315.29095,272.7052,0.28576547,-1,-1,-1
63,2777,645.06177,310.41223,9.195374,11.127106,0.8075262,-1,-1,-1
63,2908,635.4212,336.06296,8.720337,12.904358,0.70190287,-1,-1,-1
63,2527,595.75543,369.9441,10.352051,16.487091,0.6252933,-1,-1,-1
63,2460,650.7453,338.14276,9.641846,14.162476,0.8378471,-1,-1,-1
63,3147,725.74255,352.0241,11.83551,13.3619995,0.5053566,-1,-1,-1
63,3148,658.8096,354.62604,9.706238,13.314941,0.8008067,-1,-1,-1
63,3149,665.9583,392.31885,9.84668,15.1154785,0.7225959,-1,-1,-1
63,3150,660.2547,369.73282,10.54895,14.847626,0.80428916,-1,-1,-1
63,3153,635.00854,323.01074,8.484253,11.525024,0.64352757,-1,-1,-1
63,3154,649.59344,322.81656,9.020935,11.025513,0.73839283,-1,-1,-1
63,3155,609.345,366.66458,8.662781,12.459137,0.6642794,-1,-1,-1
63,3158,649.6174,300.27438,8.942261,9.792603,0.69983095,-1,-1,-1
63,3159,639.95874,358.1579,8.506165,13.00592,0.6487454,-1,-1,-1
63,3160,648.1343,261.81897,8.622742,9.915405,0.7396434,-1,-1,-1
63,3170,633.17255,309.9861,8.059204,11.133423,0.6940431,-1,-1,-1
63,3171,657.392,265.36874,9.140564,10.082092,0.41573855,-1,-1,-1
63,3157,621.1626,301.1905,9.146484,10.263916,0.7970244,-1,-1,-1
63,3195,740.0284,396.48062,11.968567,15.374603,0.8457402,-1,-1,-1
63,3166,728.3045,327.82507,11.463074,12.195526,0.55363536,-1,-1,-1
63,3151,762.0771,360.01566,15.19928,14.167389,0.5783198,-1,-1,-1
63,3156,644.87244,370.3669,10.920227,13.907318,0.62107754,-1,-1,-1
63,3216,652.46747,236.06076,9.171875,8.90094,0.32796398,-1,-1,-1
63,3214,647.5172,385.29,10.193298,19.036194,0.50324327,-1,-1,-1
63,3206,687.6416,259.09668,9.626709,10.210144,0.42903802,-1,-1,-1
63,3124,650.7453,415.0076,14.665588,18.899445,0.49184966,-1,-1,-1
63,3226,0.0,165.58122,150.25325,80.784805,0.3616688,-1,-1,-1
63,3174,647.92065,390.44196,11.028503,21.81372,0.32807222,-1,-1,-1
63,3227,647.4263,385.38318,10.717712,25.829865,0.36259884,-1,-1,-1
63,3152,695.4678,296.18115,10.348816,11.91391,0.37691545,-1,-1,-1
64,2777,645.0045,310.3113,9.198242,11.127136,0.81262726,-1,-1,-1
64,2908,635.22034,336.0723,8.739685,12.7258,0.7391178,-1,-1,-1
64,2527,595.7021,370.064,10.280151,16.67929,0.5379546,-1,-1,-1
64,2460,650.74365,337.94986,9.664734,14.2230835,0.8448973,-1,-1,-1
64,3147,725.0191,351.13232,12.033325,12.902466,0.47992823,-1,-1,-1
64,3148,658.8063,354.43423,9.776611,13.36377,0.79888886,-1,-1,-1
64,3149,666.0089,392.23346,9.809082,15.128326,0.72975004,-1,-1,-1
64,3150,660.2441,369.42642,10.644348,14.980347,0.791196,-1,-1,-1
64,3153,634.86597,322.91403,8.554016,11.412933,0.648785,-1,-1,-1
64,3154,649.4828,322.60223,9.039246,11.151581,0.7252939,-1,-1,-1
64,3155,609.1581,366.43854,8.762817,12.662415,0.68691957,-1,-1,-1
64,3158,649.3581,299.9299,9.093689,9.893555,0.7289183,-1,-1,-1
64,3159,639.81555,357.71225,8.446106,12.70636,0.6203364,-1,-1,-1
64,3160,648.3299,262.0275,8.641418,10.079285,0.72381896,-1,-1,-1
64,3170,632.984,309.86588,8.139648,11.187714,0.6899378,-1,-1,-1
64,3171,657.5152,265.51633,8.869385,10.065399,0.37140307,-1,-1,-1
64,3157,620.9157,301.3505,9.193359,10.204895,0.8073291,-1,-1,-1
64,3195,739.3052,395.1277,12.557861,15.903442,0.85003126,-1,-1,-1
64,3166,727.89124,326.6835,11.707153,12.282227,0.69557154,-1,-1,-1
64,3151,761.7398,358.95087,14.791504,14.477203,0.40424618,-1,-1,-1
64,3156,645.1673,370.32623,10.597168,13.387848,0.6823648,-1,-1,-1
64,3214,647.7783,384.95694,9.925964,18.64618,0.41909796,-1,-1,-1
64,3206,687.38306,258.1733,9.378845,9.969299,0.4065734,-1,-1,-1
64,3124,650.94885,414.77002,14.002502,17.602325,0.4893089,-1,-1,-1
64,3226,0.0,163.39955,150.77748,82.84364,0.32355353,-1,-1,-1
64,3174,648.0978,391.6626,10.972839,20.282867,0.2652012,-1,-1,-1
64,3227,647.7831,385.1483,10.357666,25.5318,0.34347996,-1,-1,-1
64,3163,671.0446,416.0039,11.222595,16.138367,0.276149,-1,-1,-1
64,2924,177.92628,120.777916,326.2708,280.24774,0.34657446,-1,-1,-1
65,2777,644.9576,310.131,9.11615,11.180664,0.8100806,-1,-1,-1
65,2908,635.1553,336.10812,8.765137,12.607422,0.7317241,-1,-1,-1
65,2527,595.21094,370.1166,10.858826,18.224762,0.46690065,-1,-1,-1
65,2460,650.8025,337.9093,9.616028,14.074097,0.8506623,-1,-1,-1
65,3147,724.1901,350.13452,12.346497,12.511627,0.644137,-1,-1,-1
65,3148,658.8168,354.1402,9.809998,13.460358,0.78298414,-1,-1,-1
65,3149,666.0478,391.69815,9.842834,15.570343,0.73003024,-1,-1,-1
65,3150,660.35693,369.12766,10.488647,15.145874,0.77884054,-1,-1,-1
65,3153,634.7575,322.8381,8.547852,11.325836,0.66363364,-1,-1,-1
65,3154,649.5375,322.38007,9.065186,11.148163,0.6997912,-1,-1,-1
65,3155,608.89136,366.21698,8.893738,12.637573,0.64773166,-1,-1,-1
65,3158,649.2308,299.71735,9.197449,9.993652,0.7387276,-1,-1,-1
65,3159,639.8036,357.3669,8.343384,12.534607,0.5821797,-1,-1,-1
65,3160,648.4311,262.1184,8.583618,10.1241455,0.71560335,-1,-1,-1
65,3170,632.9257,309.77753,8.155151,11.107147,0.6903997,-1,-1,-1
65,3171,657.669,265.65442,8.703552,10.004456,0.34994537,-1,-1,-1
65,3157,620.656,301.53143,9.277283,10.126587,0.8083685,-1,-1,-1
65,3195,738.7339,394.20886,12.901733,15.871216,0.85572666,-1,-1,-1
65,3166,726.9996,325.68896,12.076355,11.884125,0.716555,-1,-1,-1
65,3151,761.32214,358.2898,14.578796,14.104492,0.30630654,-1,-1,-1
65,3156,645.30054,370.39468,10.502563,13.041382,0.6681374,-1,-1,-1
65,3214,647.6682,384.5996,9.910339,17.037842,0.43173718,-1,-1,-1
65,3206,687.15857,257.28754,9.422241,9.832794,0.30592915,-1,-1,-1
65,3124,650.9662,414.53085,14.079407,17.59549,0.45174363,-1,-1,-1
65,3226,0.0,164.67688,150.21417,81.3557,0.32782802,-1,-1,-1
65,3174,647.90546,389.87134,10.865112,21.670563,0.4045414,-1,-1,-1
65,3163,670.9427,415.79642,11.416992,16.786285,0.33268568,-1,-1,-1
65,2924,181.64711,119.175354,327.8355,282.10132,0.33978376,-1,-1,-1
66,2777,645.06885,309.96692,8.991028,11.153229,0.80017346,-1,-1,-1
66,2908,635.1955,336.18344,8.728516,12.366089,0.72223437,-1,-1,-1
66,2527,595.1687,369.85953,10.72113,18.093353,0.60934484,-1,-1,-1
66,2460,650.8203,337.79575,9.560425,13.704681,0.8572176,-1,-1,-1
66,3147,723.6663,349.0278,12.416748,12.609283,0.6847871,-1,-1,-1
66,3148,658.80975,353.6492,9.798462,13.528534,0.7975319,-1,-1,-1
66,3149,666.02673,391.3711,10.11908,15.844238,0.71808827,-1,-1,-1
66,3150,660.50464,368.995,10.335205,14.955597,0.7914867,-1,-1,-1
66,3153,634.7187,322.69485,8.501282,11.3090515,0.67215496,-1,-1,-1
66,3154,649.5696,321.9771,9.108093,11.10733,0.6216786,-1,-1,-1
66,3155,608.9311,365.8405,8.863953,12.742859,0.67168576,-1,-1,-1
66,3158,649.1743,299.62387,9.130859,9.919586,0.69831055,-1,-1,-1
66,3159,639.71136,356.9946,8.4823,12.67514,0.5375381,-1,-1,-1
66,3160,648.5565,262.2437,8.435852,10.109161,0.6953532,-1,-1,-1
66,3170,632.83295,309.46786,8.045898,11.055115,0.6937486,-1,-1,-1
66,3171,657.7923,265.87262,8.8172,9.988129,0.42553064,-1,-1,-1
66,3157,620.48566,301.64618,9.351929,10.084991,0.80986816,-1,-1,-1
66,3195,738.51825,393.28613,12.783386,15.221588,0.82246566,-1,-1,-1
66,3166,726.44574,324.9761,12.424805,11.774017,0.62625724,-1,-1,-1
66,3156,645.339,369.8201,10.586853,13.218353,0.6266402,-1,-1,-1
66,3214,647.6277,383.90118,9.86792,16.05252,0.40920892,-1,-1,-1
66,3206,686.66394,256.42648,9.410645,9.920959,0.37423155,-1,-1,-1
66,3124,651.2578,414.76642,14.577698,19.4328,0.55934364,-1,-1,-1
66,3226,0.0,168.89052,149.74231,76.69856,0.34315857,-1,-1,-1
66,3174,647.95953,389.26102,10.72937,21.735077,0.34584805,-1,-1,-1
66,2924,183.00587,118.91717,326.45044,281.70892,0.37174773,-1,-1,-1
66,3227,647.8112,384.14636,10.197449,24.834259,0.26967454,-1,-1,-1
67,2777,645.1696,309.87613,8.91272,11.045288,0.79102767,-1,-1,-1
67,2908,635.33673,336.34918,8.665894,12.076019,0.7102805,-1,-1,-1
67,2527,595.2398,369.59366,10.748108,17.547241,0.5945837,-1,-1,-1
67,2460,650.90576,337.73474,9.478699,13.407867,0.85812926,-1,-1,-1
67,3147,723.17944,347.48816,12.318481,12.9279785,0.59795827,-1,-1,-1
67,3148,658.7407,353.4574,9.861816,13.42569,0.7862668,-1,-1,-1
67,3149,665.9324,391.0823,10.5460205,15.848724,0.7149509,-1,-1,-1
67,3150,660.6748,368.83163,10.292664,14.588226,0.7882564,-1,-1,-1
67,3153,634.8502,322.6216,8.406799,11.291382,0.66861826,-1,-1,-1
67,3154,649.4484,321.78214,9.3012085,11.156891,0.6412048,-1,-1,-1
67,3155,609.04034,365.77112,8.836609,12.738647,0.6682907,-1,-1,-1
67,3158,649.21,299.46973,9.007385,9.923523,0.7085526,-1,-1,-1
67,3159,639.76843,356.7948,8.577454,12.716827,0.52807474,-1,-1,-1
67,3160,648.65137,262.62442,8.351196,10.079285,0.66036063,-1,-1,-1
67,3170,632.8425,309.3921,7.942688,10.887909,0.69799787,-1,-1,-1
67,3171,657.9846,266.30176,8.910828,9.852386,0.41942385,-1,-1,-1
67,3157,620.3677,301.92358,9.401611,10.050201,0.8095379,-1,-1,-1
67,3195,738.3969,391.9837,12.715454,15.24173,0.77732843,-1,-1,-1
67,3166,726.06085,324.1035,12.409729,11.585632,0.5949241,-1,-1,-1
67,3156,645.2531,369.34872,10.680542,13.255646,0.5214481,-1,-1,-1
67,3124,651.60443,414.7647,13.961365,18.486176,0.40332952,-1,-1,-1
67,3226,0.006717652,171.29082,148.99516,74.00081,0.35462272,-1,-1,-1
67,2924,183.58301,118.22218,325.11212,282.2787,0.37425998,-1,-1,-1
68,2777,645.33746,309.56955,8.82312,11.063873,0.77126074,-1,-1,-1
68,2908,635.43915,336.27197,8.577393,11.826904,0.6958465,-1,-1,-1
68,2527,595.1124,369.48825,10.804504,17.705994,0.3917638,-1,-1,-1
68,2460,650.86194,337.45908,9.486023,13.34079,0.8553578,-1,-1,-1
68,3147,722.6865,346.03323,12.208984,13.224976,0.5775989,-1,-1,-1
68,3148,658.6682,353.34357,9.829956,13.3281555,0.7875571,-1,-1,-1
68,3149,665.89264,390.85553,10.568298,15.626587,0.7375449,-1,-1,-1
68,3150,660.72546,368.7552,10.151855,14.352509,0.7762379,-1,-1,-1
68,3153,635.0074,322.4551,8.346191,11.194885,0.64108604,-1,-1,-1
68,3154,649.3832,321.45874,9.368225,11.265717,0.6596831,-1,-1,-1
68,3155,609.1537,365.1357,8.892761,12.608215,0.61389005,-1,-1,-1
68,3158,649.1709,299.24704,8.887634,9.9964905,0.67206943,-1,-1,-1
68,3159,639.88477,356.5034,8.444824,12.59668,0.5221119,-1,-1,-1
68,3160,648.7218,262.6642,8.333008,10.152649,0.62217915,-1,-1,-1
68,3170,632.7742,308.99542,7.92218,11.002106,0.72210675,-1,-1,-1
68,3171,658.0963,266.44345,8.994507,9.815979,0.44211635,-1,-1,-1
68,3157,620.2128,301.91922,9.467529,10.093811,0.8108482,-1,-1,-1
68,3195,737.64166,390.54233,12.911987,15.253632,0.772852,-1,-1,-1
68,3166,725.68585,323.09094,12.329834,11.622559,0.7319214,-1,-1,-1
68,3156,645.3805,369.64224,10.612488,13.139099,0.46985474,-1,-1,-1
68,3226,0.0008494043,174.63625,148.73982,70.00302,0.3502421,-1,-1,-1
68,2924,186.92818,119.108765,321.60034,280.5203,0.31241527,-1,-1,-1
68,3163,671.09265,415.31955,12.724121,17.326385,0.40179324,-1,-1,-1
68,3214,647.64154,382.29333,9.856323,13.767456,0.30327076,-1,-1,-1
68,3174,648.03864,391.05252,10.739319,19.249542,0.37262246,-1,-1,-1
69,2777,645.4599,309.29803,8.775085,11.1362,0.76626253,-1,-1,-1
69,2908,635.4843,336.3397,8.530334,11.654083,0.6833844,-1,-1,-1
69,2527,595.1617,369.3077,10.920898,17.740692,0.4255262,-1,-1,-1
69,2460,650.94385,337.4442,9.365601,13.168854,0.8616235,-1,-1,-1
69,3147,722.3401,344.9371,12.15625,13.297485,0.5848659,-1,-1,-1
69,3148,658.75,353.23837,9.689758,13.331116,0.79686314,-1,-1,-1
69,3149,665.9898,390.7763,10.428589,15.376343,0.72487885,-1,-1,-1
69,3150,661.084,368.62018,9.805542,14.164185,0.7290638,-1,-1,-1
69,3153,635.0335,322.2049,8.293091,11.437347,0.6405603,-1,-1,-1
69,3154,649.3317,321.22537,9.357178,11.376984,0.64609313,-1,-1,-1
69,3155,609.1543,364.62042,9.055054,12.809357,0.6133655,-1,-1,-1
69,3158,649.0412,299.099,8.862305,10.085388,0.70134884,-1,-1,-1
69,3159,639.8737,356.09512,8.460449,12.871582,0.58430177,-1,-1,-1
69,3160,648.8096,262.9064,8.245117,10.033569,0.59264266,-1,-1,-1
69,3170,632.86694,308.70966,7.8518677,11.104004,0.73938274,-1,-1,-1
69,3171,658.19055,266.52664,8.982239,9.811188,0.4401741,-1,-1,-1
69,3157,620.1431,302.15717,9.423401,10.096527,0.8006548,-1,-1,-1
69,3195,737.35,389.51862,12.714661,15.128418,0.724025,-1,-1,-1
69,3166,725.6655,322.1037,11.86322,11.809265,0.69046575,-1,-1,-1
69,3156,645.87665,370.0283,10.353638,13.141083,0.37353876,-1,-1,-1
69,3226,0.0,173.97961,148.48782,70.48683,0.3428263,-1,-1,-1
69,3163,671.204,415.35712,12.496582,17.353851,0.5151459,-1,-1,-1
69,3214,647.59735,381.22308,9.974915,13.97168,0.27669662,-1,-1,-1
70,2777,645.8686,309.08463,8.527527,11.218658,0.7388844,-1,-1,-1
70,2908,635.68207,336.09988,8.6875,11.774017,0.7044783,-1,-1,-1
70,2527,595.5081,369.1287,10.641052,16.584595,0.46936595,-1,-1,-1
70,2460,651.15125,337.44247,9.188416,12.853455,0.8617619,-1,-1,-1
70,3147,722.06445,344.0691,12.210144,12.838257,0.6174901,-1,-1,-1
70,3148,658.9482,353.1165,9.53656,13.148865,0.8031489,-1,-1,-1
70,3149,666.2601,390.5025,10.292847,15.271271,0.730232,-1,-1,-1
70,3150,661.38965,368.56485,9.502869,13.7144165,0.71040744,-1,-1,-1
70,3153,635.1771,322.05185,8.224304,11.513123,0.64405066,-1,-1,-1
70,3154,649.51135,320.8265,9.226807,11.282074,0.7030748,-1,-1,-1
70,3155,609.17285,364.34622,9.057861,12.704956,0.6797287,-1,-1,-1
70,3158,649.0024,299.0449,8.805176,10.017059,0.6653394,-1,-1,-1
70,3159,639.9111,355.6029,8.509644,13.163025,0.6979805,-1,-1,-1
70,3160,649.1156,262.98218,8.192749,10.008118,0.61097044,-1,-1,-1
70,3170,633.0227,308.3802,7.779724,11.225006,0.75673085,-1,-1,-1
70,3171,658.2981,266.62888,8.944031,9.796387,0.39950454,-1,-1,-1
70,3157,620.0546,302.4308,9.30719,10.002502,0.79220283,-1,-1,-1
70,3195,737.0382,388.61346,12.823853,14.525269,0.5385728,-1,-1,-1
70,3166,725.35,320.95837,11.702148,12.089081,0.6796778,-1,-1,-1
70,3156,646.2821,369.59515,9.92218,12.660736,0.3954782,-1,-1,-1
70,3226,0.0,172.57997,148.88551,71.72609,0.2996515,-1,-1,-1
70,3163,671.4896,415.27786,12.8811035,17.873688,0.27355868,-1,-1,-1
70,3216,653.5202,237.25734,8.757141,9.022278,0.35296023,-1,-1,-1
70,3124,651.7992,413.72156,13.085388,17.781921,0.32636252,-1,-1,-1
71,2777,646.06433,308.89374,8.373657,11.300659,0.7241548,-1,-1,-1
71,2908,635.7395,335.87164,8.704773,11.825409,0.69404393,-1,-1,-1
71,2527,595.5807,368.85468,10.53656,16.60614,0.2926697,-1,-1,-1
71,2460,651.2714,337.41028,9.018982,12.4644165,0.84969,-1,-1,-1
71,3147,721.59705,343.02588,12.482422,12.773651,0.5694084,-1,-1,-1
71,3148,658.79694,352.83334,9.888123,13.323669,0.7767928,-1,-1,-1
71,3149,666.38214,390.1146,10.314026,15.600616,0.74710584,-1,-1,-1
71,3150,661.3125,368.03598,9.717224,13.815094,0.670765,-1,-1,-1
71,3153,635.28937,321.83524,8.140381,11.636993,0.6527429,-1,-1,-1
71,3154,649.5694,320.44638,9.108398,11.2118225,0.69457906,-1,-1,-1
71,3155,609.20197,363.95627,9.147705,12.651489,0.6949945,-1,-1,-1
71,3158,648.97406,299.0262,8.745483,9.936951,0.59612274,-1,-1,-1
71,3159,639.97205,355.36444,8.457397,13.24411,0.67748463,-1,-1,-1
71,3160,649.4129,263.1632,8.186218,10.128052,0.6393979,-1,-1,-1
71,3170,633.14496,308.0566,7.706909,11.383209,0.7674268,-1,-1,-1
71,3171,658.7812,266.73642,9.072205,9.896149,0.45791495,-1,-1,-1
71,3157,619.963,302.69632,9.222534,9.977753,0.78750604,-1,-1,-1
71,3195,736.7942,387.52856,12.532532,14.194611,0.49888918,-1,-1,-1
71,3166,725.22107,320.39102,11.445496,11.585114,0.66638184,-1,-1,-1
71,3156,646.5604,369.3771,9.826782,12.325958,0.35318005,-1,-1,-1
71,3226,0.0,171.2331,148.62996,72.859634,0.3174312,-1,-1,-1
71,3163,671.4846,415.12796,12.446228,17.886292,0.4353182,-1,-1,-1
71,3216,653.5512,237.36615,8.749023,9.06958,0.2691498,-1,-1,-1
71,3124,651.7223,413.1173,13.01001,16.967468,0.4855618,-1,-1,-1
71,3174,648.22363,391.76364,10.906616,17.67514,0.35227445,-1,-1,-1
72,2777,646.0716,308.4446,8.301331,11.564362,0.68761504,-1,-1,-1
72,2908,635.8102,335.7113,8.617371,11.805756,0.67965394,-1,-1,-1
72,2527,595.1269,368.39618,10.899048,16.58493,0.4143821,-1,-1,-1
72,2460,651.163,336.9771,8.969727,12.43985,0.8377473,-1,-1,-1
72,3147,721.3048,341.84344,12.0546875,12.752228,0.5494631,-1,-1,-1
72,3148,658.8375,352.488,9.856506,13.532806,0.7768002,-1,-1,-1
72,3149,666.371,389.90503,10.302673,15.81308,0.7554326,-1,-1,-1
72,3150,661.3636,367.71417,9.393372,13.691101,0.6933075,-1,-1,-1
72,3153,635.25183,321.60052,8.141174,11.719543,0.69853014,-1,-1,-1
72,3154,649.4673,320.15778,9.080017,11.151123,0.6845151,-1,-1,-1
72,3155,609.17755,363.47058,9.3515625,12.705048,0.66486675,-1,-1,-1
72,3158,648.93286,299.0096,8.64978,9.778778,0.51159984,-1,-1,-1
72,3159,640.1186,355.22534,8.446594,13.155487,0.6540987,-1,-1,-1
72,3160,649.68353,263.38345,8.020996,10.027466,0.6630667,-1,-1,-1
72,3170,633.11237,307.75528,7.7269287,11.4887085,0.77708566,-1,-1,-1
72,3171,659.23627,266.82614,9.009033,10.009186,0.52334243,-1,-1,-1
72,3157,619.82697,302.67126,9.211853,10.13562,0.79263854,-1,-1,-1
72,3195,736.1597,385.5801,12.752197,14.951355,0.49474072,-1,-1,-1
72,3166,724.8474,319.53418,11.518127,11.397888,0.7220518,-1,-1,-1
72,3156,646.7454,368.93542,9.644836,12.391815,0.35936314,-1,-1,-1
72,3226,0.0,172.32826,148.40065,71.728516,0.35008782,-1,-1,-1
72,3163,671.752,414.51535,11.765991,16.86264,0.56422794,-1,-1,-1
72,3216,653.6559,237.45695,8.79187,9.059631,0.28530088,-1,-1,-1
72,3124,651.6716,412.99408,13.057312,17.724487,0.30382296,-1,-1,-1
72,3174,648.2663,392.42877,10.735413,16.65268,0.4360856,-1,-1,-1
72,3206,685.5059,252.38872,9.16217,9.657181,0.29659995,-1,-1,-1
72,2924,187.00502,120.23933,320.43256,278.475,0.32688594,-1,-1,-1
72,3214,647.8721,380.15106,9.670349,14.275177,0.25838593,-1,-1,-1
73,2777,645.4776,308.23386,8.791504,11.867371,0.6757496,-1,-1,-1
73,2908,635.9504,335.68213,8.548218,11.745239,0.71056277,-1,-1,-1
73,2527,595.2473,367.88922,10.858643,16.411346,0.43499774,-1,-1,-1
73,2460,651.2323,336.66586,8.994202,12.690857,0.8367636,-1,-1,-1
73,3147,721.0687,340.20673,11.70929,13.068726,0.46299794,-1,-1,-1
73,3148,658.9132,352.15076,10.039001,13.791443,0.7734855,-1,-1,-1
73,3149,666.6015,389.6749,10.138916,16.030884,0.7612928,-1,-1,-1
73,3150,661.52606,367.36072,9.36731,13.92627,0.67080206,-1,-1,-1
73,3153,635.39935,321.47278,8.082275,11.703522,0.674492,-1,-1,-1
73,3154,649.5458,319.93643,9.125488,11.292206,0.70899594,-1,-1,-1
73,3155,609.1391,363.2532,9.418457,12.592865,0.6222616,-1,-1,-1
73,3158,648.9976,298.83115,8.61084,9.795654,0.5717334,-1,-1,-1
73,3159,640.1745,354.97705,8.617371,13.293945,0.65692484,-1,-1,-1
73,3160,649.8375,263.6961,7.984619,9.8819275,0.65838724,-1,-1,-1
73,3170,633.21783,307.56564,7.7090454,11.603088,0.78252816,-1,-1,-1
73,3171,659.6483,266.97733,9.081604,10.114807,0.508982,-1,-1,-1
73,3157,619.81226,302.7885,9.165405,10.351868,0.78117937,-1,-1,-1
73,3195,735.92535,384.4435,12.723511,14.8246155,0.5589835,-1,-1,-1
73,3166,724.44037,319.00464,11.816956,11.2872925,0.653503,-1,-1,-1
73,3156,646.7504,368.60254,9.630798,12.398285,0.46494544,-1,-1,-1
73,3226,0.014512456,175.21489,147.39052,68.29076,0.36076412,-1,-1,-1
73,3163,671.81586,414.1863,12.79126,18.449677,0.32154217,-1,-1,-1
73,3216,653.759,237.2497,8.95697,9.307037,0.46452573,-1,-1,-1
73,3124,651.6402,412.55643,12.984314,16.443237,0.44558704,-1,-1,-1
73,3174,648.3338,391.535,10.844238,17.112091,0.33733526,-1,-1,-1
73,3165,606.39734,410.6482,12.478638,22.123352,0.30586618,-1,-1,-1
74,2777,645.1112,307.91028,8.854004,11.858032,0.686244,-1,-1,-1
74,2908,636.00806,335.4221,8.454651,11.557037,0.6861035,-1,-1,-1
74,2527,595.4396,367.06656,10.661987,15.863281,0.39330786,-1,-1,-1
74,2460,651.2221,336.4545,8.984009,12.6597595,0.8129681,-1,-1,-1
74,3147,720.7019,339.08508,11.787903,13.183533,0.3890006,-1,-1,-1
74,3148,658.74133,351.56882,10.268677,14.136993,0.7767798,-1,-1,-1
74,3149,666.6258,389.4631,10.246765,15.990112,0.75038916,-1,-1,-1
74,3150,661.5472,367.23163,9.398865,13.662903,0.64433193,-1,-1,-1
74,3153,635.4031,321.51672,8.058777,11.438324,0.704703,-1,-1,-1
74,3154,649.6035,319.7842,9.098999,11.240082,0.7170355,-1,-1,-1
74,3155,609.2013,362.98703,9.333679,12.510681,0.5908186,-1,-1,-1
74,3158,649.06165,298.48746,8.569397,9.913788,0.6695668,-1,-1,-1
74,3159,640.0257,354.29947,8.754272,13.563324,0.64980084,-1,-1,-1
74,3160,649.8967,263.85577,7.8325806,9.668732,0.67171204,-1,-1,-1
74,3170,633.01965,307.2902,7.6740723,11.542633,0.7888915,-1,-1,-1
74,3171,659.82275,267.04913,9.160034,10.253479,0.51369804,-1,-1,-1
74,3157,619.6532,302.89722,9.112305,10.333282,0.781016,-1,-1,-1
74,3195,735.4915,383.2789,12.881958,14.8020935,0.5825769,-1,-1,-1
74,3166,724.0288,318.21973,11.766357,11.230408,0.65456253,-1,-1,-1
74,3156,646.7158,368.3711,9.490051,12.352081,0.5398755,-1,-1,-1
74,3226,0.0195797,174.98892,147.08958,68.30864,0.2644398,-1,-1,-1
74,3216,653.8497,237.00912,8.924072,9.455307,0.544426,-1,-1,-1
74,3124,651.7631,412.28787,13.573914,18.667328,0.5564027,-1,-1,-1
74,3174,648.572,391.46085,10.661194,17.016937,0.40916175,-1,-1,-1
74,3234,606.08215,376.65915,8.835327,15.309326,0.36418796,-1,-1,-1
74,3165,606.626,409.96567,12.759399,21.972351,0.34543404,-1,-1,-1
74,2924,173.32568,125.327126,317.87012,271.6123,0.28043738,-1,-1,-1
75,2777,645.13885,307.35397,8.707092,11.860107,0.6940376,-1,-1,-1
75,2908,636.1793,335.45425,8.342773,11.1683655,0.6995073,-1,-1,-1
75,2527,595.3987,366.88873,10.787231,16.38507,0.3563657,-1,-1,-1
75,2460,651.23,336.59833,9.026978,12.275085,0.803876,-1,-1,-1
75,3148,658.82135,351.1832,10.182251,14.3284,0.75727063,-1,-1,-1
75,3149,666.8376,389.62512,10.036743,15.704529,0.7622347,-1,-1,-1
75,3150,661.7255,367.2717,9.207336,13.443329,0.6395804,-1,-1,-1
75,3153,635.3339,321.61636,8.065613,11.129303,0.7310587,-1,-1,-1
75,3154,649.60516,319.50717,9.074463,11.34668,0.72602594,-1,-1,-1
75,3155,609.19293,362.64752,9.40387,12.271149,0.55960476,-1,-1,-1
75,3158,649.1125,298.46133,8.538086,9.736877,0.63961446,-1,-1,-1
75,3159,640.0401,354.1117,8.706421,13.268585,0.712178,-1,-1,-1
75,3160,649.93567,264.08435,7.888977,9.577942,0.66238624,-1,-1,-1
75,3170,632.97144,307.0531,7.7126465,11.357147,0.7948886,-1,-1,-1
75,3171,660.0316,267.22586,9.20282,10.402069,0.4768418,-1,-1,-1
75,3157,619.5768,302.9968,9.093262,10.304657,0.7768072,-1,-1,-1
75,3195,735.1154,382.38657,12.984253,14.902618,0.537076,-1,-1,-1
75,3166,723.4677,317.02585,11.544312,11.360352,0.6185122,-1,-1,-1
75,3156,646.7468,368.47623,9.316101,11.774872,0.5833429,-1,-1,-1
75,3216,653.8527,237.00943,8.922119,9.514709,0.57449925,-1,-1,-1
75,3124,651.9543,412.29556,14.042114,19.857208,0.57601404,-1,-1,-1
75,3174,648.71533,392.14667,10.452515,16.049408,0.45603713,-1,-1,-1
75,3234,606.1394,376.5139,8.746155,15.003998,0.29500175,-1,-1,-1
75,3165,606.93634,409.56073,12.657471,21.76535,0.3380589,-1,-1,-1
75,2924,170.5174,124.63369,318.8556,271.69946,0.34911156,-1,-1,-1
75,3206,685.4143,250.57954,8.905212,9.363846,0.26752365,-1,-1,-1
75,3163,671.86536,412.99393,12.342834,19.128876,0.34615472,-1,-1,-1
76,2777,645.0812,306.8986,8.745544,11.878784,0.7253328,-1,-1,-1
76,2908,636.27893,335.3193,8.292725,11.1128235,0.7169128,-1,-1,-1
76,2527,595.1947,367.04327,10.706421,16.92569,0.47952583,-1,-1,-1
76,2460,651.1756,336.30954,9.140686,12.457764,0.7911675,-1,-1,-1
76,3148,658.8952,351.19595,10.083984,14.118164,0.73925054,-1,-1,-1
76,3149,666.9923,389.27536,9.970825,15.809509,0.7645033,-1,-1,-1
76,3150,661.8452,367.03604,9.350525,13.548828,0.6165578,-1,-1,-1
76,3153,635.38544,321.6081,8.050232,10.998566,0.7123594,-1,-1,-1
76,3154,649.6723,319.25885,9.069641,11.398132,0.71387553,-1,-1,-1
76,3155,609.2899,362.5159,9.249329,12.046448,0.5319747,-1,-1,-1
76,3158,649.0911,298.3392,8.5372925,9.623047,0.6042897,-1,-1,-1
76,3159,640.0354,353.93784,8.774231,13.013031,0.72314054,-1,-1,-1
76,3160,649.9965,264.23175,7.9674683,9.599182,0.67861134,-1,-1,-1
76,3170,633.03735,306.87833,7.6608276,11.165344,0.78661966,-1,-1,-1
76,3171,660.1498,267.45773,9.161499,10.536316,0.52181315,-1,-1,-1
76,3157,619.50024,303.0797,9.030151,10.218018,0.7762597,-1,-1,-1
76,3195,734.75214,381.47308,12.936584,14.113525,0.4966143,-1,-1,-1
76,3166,722.9388,315.89014,11.457092,11.732605,0.6474121,-1,-1,-1
76,3156,646.5897,368.26752,9.312378,11.393402,0.57622105,-1,-1,-1
76,3216,653.83984,237.06972,8.937927,9.55777,0.61083436,-1,-1,-1
76,3124,652.0139,412.0782,13.893188,19.979767,0.53032917,-1,-1,-1
76,2924,169.23216,125.52719,318.4342,271.398,0.2849165,-1,-1,-1
76,3206,685.0958,249.89003,8.895813,9.11113,0.38661698,-1,-1,-1
76,3163,671.74005,412.66586,12.481201,19.435059,0.44320995,-1,-1,-1
76,3147,719.1441,336.65662,12.503113,12.823761,0.4790153,-1,-1,-1
77,2777,645.2197,306.7447,8.718567,11.759766,0.7265516,-1,-1,-1
77,2908,636.40466,335.11172,8.237732,11.228607,0.7414351,-1,-1,-1
77,2527,595.0688,366.59885,10.752014,16.683258,0.45843425,-1,-1,-1
77,2460,651.2347,335.7749,9.183899,12.846588,0.7855436,-1,-1,-1
77,3148,658.96967,350.8437,10.135071,14.122162,0.77787864,-1,-1,-1
77,3149,667.1086,388.7562,10.05957,16.10965,0.7751949,-1,-1,-1
77,3150,662.0732,366.5772,9.240601,13.616516,0.5046905,-1,-1,-1
77,3153,635.4488,321.3976,8.005493,11.087372,0.70934325,-1,-1,-1
77,3154,649.69116,318.93796,9.034546,11.48291,0.7275299,-1,-1,-1
77,3155,609.3759,362.13965,9.319275,12.207733,0.49384663,-1,-1,-1
77,3158,649.4752,297.74936,8.535339,9.906647,0.69731957,-1,-1,-1
77,3159,639.94525,353.50272,8.951904,13.114044,0.7801311,-1,-1,-1
77,3160,650.15125,264.47638,7.9190674,9.50235,0.7014591,-1,-1,-1
77,3170,633.26917,306.69647,7.6152954,10.961212,0.786787,-1,-1,-1
77,3171,660.29944,267.70456,8.900818,10.595886,0.6253885,-1,-1,-1
77,3157,619.44275,303.20624,8.943909,10.110626,0.7730047,-1,-1,-1
77,3195,734.39026,380.20908,12.817627,14.114807,0.6296781,-1,-1,-1
77,3166,722.45294,314.72922,11.521545,11.9496765,0.6732093,-1,-1,-1
77,3156,646.61206,368.03284,9.330933,11.241272,0.5620007,-1,-1,-1
77,3216,653.905,237.19788,8.953735,9.5920105,0.6111554,-1,-1,-1
77,3124,651.95966,411.55267,15.028137,21.527374,0.6630782,-1,-1,-1
77,3206,684.7689,249.32774,8.722778,8.895584,0.44521788,-1,-1,-1
77,3163,671.9405,412.399,12.377014,19.060974,0.47349724,-1,-1,-1
77,3147,718.709,335.66745,12.049194,12.412689,0.5889376,-1,-1,-1
78,2777,645.3865,306.56918,8.598938,11.51123,0.7081625,-1,-1,-1
78,2908,636.3526,334.64233,8.280334,11.8845215,0.71813345,-1,-1,-1
78,2527,594.6818,366.54813,10.957092,17.569855,0.56808686,-1,-1,-1
78,2460,651.3479,335.68616,9.187561,12.716217,0.7424872,-1,-1,-1
78,3148,659.0484,350.51532,10.063049,13.860901,0.5983415,-1,-1,-1
78,3149,667.02075,388.34412,10.308411,16.381195,0.7535917,-1,-1,-1
78,3150,662.16833,365.96396,9.072327,13.770111,0.50437444,-1,-1,-1
78,3153,635.4356,321.06494,7.9611206,11.135498,0.7189036,-1,-1,-1
78,3154,649.6577,318.51303,8.950317,11.658142,0.7156511,-1,-1,-1
78,3155,609.43414,361.40085,9.549377,12.503693,0.5224249,-1,-1,-1
78,3158,649.6444,297.28152,8.554565,10.044128,0.7570893,-1,-1,-1
78,3159,639.9349,353.39203,9.039978,12.948425,0.7548963,-1,-1,-1
78,3160,650.3955,264.81714,7.796936,9.340027,0.6962,-1,-1,-1
78,3170,633.36127,306.4806,7.6433105,10.769348,0.7806007,-1,-1,-1
78,3171,660.4941,267.8643,8.662476,10.609192,0.64734054,-1,-1,-1
78,3157,619.3576,303.20172,8.916565,10.143463,0.77052176,-1,-1,-1
78,3195,734.02313,378.87277,12.756836,14.207611,0.71265125,-1,-1,-1
78,3166,722.2126,313.9156,11.528687,11.842987,0.5419697,-1,-1,-1
78,3156,646.4738,367.4997,9.426147,11.442017,0.47871614,-1,-1,-1
78,3216,654.2104,237.47342,8.682739,9.531052,0.57107806,-1,-1,-1
78,3124,652.4198,411.36124,15.714539,23.358063,0.3733502,-1,-1,-1
78,3206,684.49097,248.89842,8.619568,8.777054,0.42570218,-1,-1,-1
78,3147,718.1811,334.27652,11.650024,12.627136,0.4138979,-1,-1,-1
79,2777,645.8543,306.58118,8.384033,11.261932,0.6990249,-1,-1,-1
79,2908,636.6211,334.1495,8.22345,12.1250305,0.743806,-1,-1,-1
79,2527,594.2635,366.7131,11.263062,18.429596,0.56585056,-1,-1,-1
79,2460,651.59235,335.4928,9.303467,12.604095,0.7830438,-1,-1,-1
79,3148,659.2497,350.61688,9.957581,13.501831,0.7114054,-1,-1,-1
79,3149,667.54816,388.29822,9.887756,15.901306,0.7520149,-1,-1,-1
79,3150,662.2941,365.49213,9.193787,13.946747,0.5429047,-1,-1,-1
79,3153,635.7399,320.85037,7.7922363,10.933105,0.6423937,-1,-1,-1
79,3154,649.73615,318.14377,9.0008545,11.727386,0.7231596,-1,-1,-1
79,3155,609.6148,361.2757,9.190491,11.703583,0.53508276,-1,-1,-1
79,3158,649.8715,297.22586,8.449524,9.797058,0.738542,-1,-1,-1
79,3159,639.8564,353.19327,9.252319,12.945099,0.74659646,-1,-1,-1
79,3160,650.62695,264.95477,7.7176514,9.339508,0.7134601,-1,-1,-1
79,3170,633.65594,306.3145,7.6488647,10.607849,0.7691309,-1,-1,-1
79,3171,660.72784,267.93875,8.474121,10.597595,0.6658487,-1,-1,-1
79,3157,619.4346,303.30783,8.815735,10.158295,0.76199406,-1,-1,-1
79,3195,733.7977,377.79434,12.340088,14.193359,0.58765775,-1,-1,-1
79,3166,722.1125,313.31827,11.260742,11.250519,0.597515,-1,-1,-1
79,3156,645.85425,366.6288,10.144836,12.017975,0.52304256,-1,-1,-1
79,3216,654.43317,237.62663,8.5408325,9.643906,0.47564596,-1,-1,-1
79,3124,652.1196,410.20566,15.121582,22.944519,0.4298386,-1,-1,-1
79,3206,684.38525,248.44853,8.471252,8.789017,0.40953442,-1,-1,-1
79,3147,717.7217,333.08514,11.476257,12.516846,0.32532114,-1,-1,-1
79,3174,649.2371,385.7992,9.808655,20.874603,0.32483122,-1,-1,-1
79,3234,606.6489,374.8857,8.724304,14.475464,0.28607592,-1,-1,-1
79,3163,672.0508,411.76807,12.301941,19.138214,0.4205894,-1,-1,-1
80,2777,646.1144,306.6218,8.234375,11.096405,0.7172881,-1,-1,-1
80,2908,636.79364,333.80798,8.244263,12.142517,0.73720586,-1,-1,-1
80,2527,594.20715,366.37854,11.400269,18.029541,0.54428715,-1,-1,-1
80,2460,651.6017,334.87512,9.442932,12.834778,0.80833775,-1,-1,-1
80,3148,659.3553,350.338,9.978455,13.523132,0.7313126,-1,-1,-1
80,3149,667.7573,388.30765,9.713806,15.702576,0.7530008,-1,-1,-1
80,3150,662.3492,365.1548,9.315979,13.9687195,0.5295884,-1,-1,-1
80,3153,635.86115,320.53433,7.80072,10.949188,0.6326548,-1,-1,-1
80,3154,649.8728,318.05893,8.921326,11.531952,0.67879057,-1,-1,-1
80,3155,609.5543,360.62534,9.33905,12.263031,0.53912157,-1,-1,-1
80,3158,650.12305,296.697,8.453247,9.871857,0.77582467,-1,-1,-1
80,3159,639.8045,352.80215,9.2901,13.095062,0.7014846,-1,-1,-1
80,3160,650.8414,265.10446,7.800598,9.389496,0.7247253,-1,-1,-1
80,3170,633.9213,306.266,7.6255493,10.532593,0.7641319,-1,-1,-1
80,3171,661.029,268.2416,8.281738,10.564392,0.6565436,-1,-1,-1
80,3157,619.4523,303.35748,8.787659,10.264496,0.76162195,-1,-1,-1
80,3195,733.09814,376.2929,12.690308,14.170288,0.5538704,-1,-1,-1
80,3166,721.9151,312.725,11.452026,10.917358,0.4061036,-1,-1,-1
80,3156,645.4437,366.5051,10.673584,12.198364,0.41161773,-1,-1,-1
80,3124,652.29004,409.3873,14.717957,23.246582,0.35365236,-1,-1,-1
80,3237,606.1951,390.77795,9.739441,15.506622,0.3514759,-1,-1,-1
80,3174,649.1834,383.64932,9.909302,22.331482,0.30886286,-1,-1,-1
81,2777,646.0834,306.47968,8.128113,11.073608,0.7311801,-1,-1,-1
81,2908,636.56714,333.55402,8.410217,12.2109375,0.7476981,-1,-1,-1
81,2527,594.37885,366.2527,11.147583,17.747559,0.633737,-1,-1,-1
81,2460,651.4222,334.53806,9.515686,12.904114,0.81592864,-1,-1,-1
81,3148,659.35,350.0949,10.00238,13.242462,0.7332411,-1,-1,-1
81,3149,667.8111,387.94553,9.666321,15.704468,0.782099,-1,-1,-1
81,3150,662.1869,364.88065,9.579102,14.0399475,0.49132603,-1,-1,-1
81,3153,635.7271,320.17462,7.8928833,11.017334,0.70874304,-1,-1,-1
81,3154,649.8114,318.09485,8.984253,11.277527,0.6422673,-1,-1,-1
81,3155,609.6509,360.06155,9.299866,12.753693,0.5937701,-1,-1,-1
81,3158,650.1513,296.19922,8.334839,9.988892,0.7918101,-1,-1,-1
81,3159,639.7271,352.79257,9.419189,13.439117,0.69970423,-1,-1,-1
81,3160,650.83997,265.24387,7.8568115,9.435028,0.717968,-1,-1,-1
81,3170,633.837,306.17212,7.67041,10.437775,0.7646221,-1,-1,-1
81,3171,660.9818,268.26526,8.352905,10.799042,0.669235,-1,-1,-1
81,3157,619.2595,303.51865,8.841919,10.314972,0.75855845,-1,-1,-1
81,3195,732.7419,375.07727,12.59314,13.916077,0.52700794,-1,-1,-1
81,3166,721.5457,311.86743,11.211365,10.65448,0.3902557,-1,-1,-1
81,3156,644.21063,364.38345,11.847717,13.622498,0.50895953,-1,-1,-1
81,3124,652.42,408.72104,14.714966,23.270355,0.46934044,-1,-1,-1
81,3237,606.27325,390.43845,9.657654,15.472107,0.44583654,-1,-1,-1
81,3174,648.9994,381.9142,10.129578,23.386658,0.62199306,-1,-1,-1
81,3147,716.6171,330.8736,11.955261,12.467468,0.38486123,-1,-1,-1
81,3234,606.6746,375.18454,8.975464,13.942383,0.30738723,-1,-1,-1
81,3163,672.21204,411.2317,12.039246,17.801666,0.41160366,-1,-1,-1
82,2777,646.3395,306.30228,8.226135,11.098907,0.7233301,-1,-1,-1
82,2908,636.56696,333.43625,8.44873,12.178497,0.76264995,-1,-1,-1
82,2527,594.34467,365.69867,11.175354,17.889435,0.5931776,-1,-1,-1
82,2460,651.61676,334.72543,9.35083,12.5295105,0.8015741,-1,-1,-1
82,3148,659.4649,350.00363,9.938843,12.923859,0.7566,-1,-1,-1
82,3149,667.78723,387.74872,9.724976,15.66275,0.78682,-1,-1,-1
82,3150,662.12537,364.34088,9.691711,14.398895,0.605533,-1,-1,-1
82,3153,635.77466,319.9336,7.907959,11.100555,0.67453516,-1,-1,-1
82,3154,650.04987,317.98218,8.972473,11.101776,0.70696235,-1,-1,-1
82,3155,609.7368,359.61368,9.175171,12.959198,0.6515353,-1,-1,-1
82,3158,650.24255,296.0567,8.263733,9.9609375,0.7852121,-1,-1,-1
82,3159,639.7886,352.52103,9.395752,13.114746,0.7329306,-1,-1,-1
82,3160,651.04333,265.47818,7.9227295,9.54007,0.7079664,-1,-1,-1
82,3170,633.8385,305.85266,7.7754517,10.486969,0.7625536,-1,-1,-1
82,3171,661.1726,268.3613,8.411926,11.020996,0.6581067,-1,-1,-1
82,3157,619.1746,303.54745,8.776428,10.438324,0.75528884,-1,-1,-1
82,3195,732.7032,373.94672,12.4262085,14.081787,0.33476102,-1,-1,-1
82,3166,721.1369,310.78757,11.144348,10.865448,0.43279815,-1,-1,-1
82,3156,644.6469,363.8013,11.4782715,14.0052185,0.6251939,-1,-1,-1
82,3124,652.56885,408.00275,13.996338,21.234375,0.5927638,-1,-1,-1
82,3237,606.2461,390.61676,9.574768,15.4045105,0.51805353,-1,-1,-1
82,3174,649.0506,381.3261,10.230713,23.419312,0.73308367,-1,-1,-1
82,3147,716.1605,329.81116,11.790344,12.266083,0.62374586,-1,-1,-1
82,3234,606.6389,374.36655,9.032166,14.2344055,0.52247465,-1,-1,-1
82,3163,672.2731,411.09952,12.569519,18.213654,0.2687924,-1,-1,-1
83,2777,646.51654,306.04947,8.2682495,11.157745,0.7330362,-1,-1,-1
83,2908,636.5278,333.51288,8.489807,12.15567,0.761699,-1,-1,-1
83,2527,594.44775,365.34418,11.299744,17.93811,0.6699553,-1,-1,-1
83,2460,651.6679,334.29562,9.300171,12.66748,0.81148034,-1,-1,-1
83,3148,659.46796,349.78683,10.039185,12.930969,0.7936619,-1,-1,-1
83,3149,667.94727,387.73032,9.6710205,15.018707,0.7584988,-1,-1,-1
83,3150,661.95306,364.1385,9.839294,14.462982,0.6323066,-1,-1,-1
83,3153,635.7084,319.63477,7.9019165,11.233307,0.7054082,-1,-1,-1
83,3154,649.8516,317.75912,9.076172,11.069519,0.78090864,-1,-1,-1
83,3155,609.8666,359.0126,9.126343,13.312164,0.67690444,-1,-1,-1
83,3158,650.22595,295.99362,8.172058,9.827393,0.76688063,-1,-1,-1
83,3159,639.7385,351.95435,9.325378,12.919342,0.71713084,-1,-1,-1
83,3160,651.0904,265.43967,8.044678,9.805084,0.726104,-1,-1,-1
83,3170,633.7192,305.65582,7.846985,10.500336,0.7659762,-1,-1,-1
83,3171,661.3128,268.50458,8.395752,11.141785,0.65208614,-1,-1,-1
83,3157,619.0905,303.74088,8.710266,10.439362,0.7593254,-1,-1,-1
83,3195,732.5927,372.3099,12.321472,14.278503,0.4546806,-1,-1,-1
83,3166,720.7395,310.06714,11.085266,11.065338,0.44077614,-1,-1,-1
83,3156,644.9333,363.89105,11.373291,13.99295,0.6428604,-1,-1,-1
83,3124,652.5619,407.93866,13.561096,19.599457,0.49216408,-1,-1,-1
83,3237,606.1642,389.81677,9.56665,15.465393,0.477557,-1,-1,-1
83,3174,649.1776,381.05643,10.146057,23.423737,0.52578884,-1,-1,-1
83,3147,715.6866,328.6136,11.408691,12.213226,0.5195578,-1,-1,-1
83,3234,606.7537,373.61487,8.873718,14.393433,0.44042698,-1,-1,-1
84,2777,646.79877,305.7897,8.482605,11.16452,0.7664734,-1,-1,-1
84,2908,636.7038,333.30923,8.460632,12.026703,0.78034353,-1,-1,-1
84,2527,594.8786,365.16464,10.941528,17.59262,0.7296311,-1,-1,-1
84,2460,651.9161,333.9897,9.146545,12.746399,0.8124367,-1,-1,-1
84,3148,659.51917,349.5695,10.141174,12.993652,0.7948587,-1,-1,-1
84,3149,668.1696,387.62485,9.495117,14.874664,0.79404056,-1,-1,-1
84,3150,661.99023,364.11002,9.811951,14.282776,0.6258616,-1,-1,-1
84,3153,636.1312,319.57556,7.8761597,11.159546,0.7230823,-1,-1,-1
84,3154,650.01227,317.79312,9.034912,10.75177,0.7924982,-1,-1,-1
84,3155,610.0377,358.65308,8.938477,13.387634,0.66662437,-1,-1,-1
84,3158,650.309,295.90768,8.085632,9.597382,0.6363189,-1,-1,-1
84,3159,640.0556,351.7714,9.2178955,12.7552185,0.6955223,-1,-1,-1
84,3160,651.4459,265.6478,7.94458,9.907959,0.7190647,-1,-1,-1
84,3170,633.8795,305.64383,7.9137573,10.344543,0.760928,-1,-1,-1
84,3171,661.3842,268.85318,8.736938,10.865509,0.6570516,-1,-1,-1
84,3157,619.1403,303.89874,8.614502,10.4253235,0.7644911,-1,-1,-1
84,3195,732.50696,371.24908,11.948914,14.088837,0.33009237,-1,-1,-1
84,3156,645.68585,363.58463,10.714355,13.694,0.6780951,-1,-1,-1
84,3124,652.5408,407.5168,13.206787,17.32779,0.35770315,-1,-1,-1
84,3237,606.1374,388.71613,9.715332,16.001434,0.2763692,-1,-1,-1
84,3174,649.30237,381.16034,10.085083,22.922089,0.49867368,-1,-1,-1
84,3147,715.44257,327.3548,11.367737,12.401154,0.2715638,-1,-1,-1
84,3234,606.81195,373.72754,8.872253,13.844696,0.45162502,-1,-1,-1
84,3227,648.72675,378.6699,9.457397,22.368195,0.33882725,-1,-1,-1
84,3163,672.2578,410.65366,13.587463,20.311188,0.34203896,-1,-1,-1
85,2777,647.02826,305.65976,8.522217,10.929871,0.7867092,-1,-1,-1
85,2908,636.78516,332.6825,8.496887,12.172119,0.7837057,-1,-1,-1
85,2527,595.0097,364.47302,10.8533325,17.452026,0.58020383,-1,-1,-1
85,2460,652.1138,333.86288,9.029114,12.7438965,0.81498355,-1,-1,-1
85,3148,659.5786,349.20935,10.118835,12.969452,0.7955486,-1,-1,-1
85,3149,668.304,387.28766,9.480591,15.061707,0.7657934,-1,-1,-1
85,3150,662.21405,363.86624,9.696106,14.484314,0.4804569,-1,-1,-1
85,3153,636.32367,319.23373,7.9039917,11.328125,0.7535871,-1,-1,-1
85,3154,650.18256,317.776,9.006226,10.607727,0.78938216,-1,-1,-1
85,3155,610.0409,358.24884,8.975891,13.498901,0.7059648,-1,-1,-1
85,3158,650.3976,295.45465,7.961853,9.550232,0.5578872,-1,-1,-1
85,3159,640.1528,351.19824,9.375,12.54007,0.6781971,-1,-1,-1
85,3160,651.6393,265.7978,7.8693237,9.994293,0.7027855,-1,-1,-1
85,3170,634.0527,305.5384,7.965576,10.270447,0.75632924,-1,-1,-1
85,3171,661.4149,269.07083,8.866394,10.749786,0.66796947,-1,-1,-1
85,3157,619.092,303.8855,8.641174,10.477905,0.77149,-1,-1,-1
85,3195,731.84515,369.99744,12.378113,14.046478,0.25085884,-1,-1,-1
85,3156,645.58716,363.21387,10.896301,13.848694,0.69624645,-1,-1,-1
85,3124,652.6798,407.3622,13.286377,17.747467,0.40345255,-1,-1,-1
85,3237,606.46454,388.69778,9.585083,15.733154,0.3469764,-1,-1,-1
85,3174,649.3606,381.69058,10.074219,22.09549,0.49708024,-1,-1,-1
85,3234,606.95917,372.9307,8.819397,14.202667,0.57216984,-1,-1,-1
85,3227,648.75476,378.38928,9.400452,21.556274,0.33653334,-1,-1,-1
86,2777,647.0036,305.4166,8.469482,10.780975,0.79246235,-1,-1,-1
86,2908,636.5008,331.98215,8.625427,12.6345825,0.7821423,-1,-1,-1
86,2527,595.39044,363.76215,10.551331,17.583069,0.59179676,-1,-1,-1
86,2460,651.9137,333.7633,9.094727,12.628052,0.8155314,-1,-1,-1
86,3148,659.4673,348.98386,10.033813,12.86554,0.7637537,-1,-1,-1
86,3149,668.128,386.98022,9.611328,14.862091,0.7660804,-1,-1,-1
86,3150,662.14624,363.63345,9.885437,14.388214,0.51265657,-1,-1,-1
86,3153,636.2667,318.97427,7.937805,11.329193,0.70143896,-1,-1,-1
86,3154,650.07074,317.72513,9.029297,10.606903,0.79068536,-1,-1,-1
86,3155,609.752,358.152,9.354675,13.710999,0.6513748,-1,-1,-1
86,3158,650.22003,295.26306,8.035095,9.458099,0.6373769,-1,-1,-1
86,3159,639.99615,350.76505,9.231934,12.554749,0.652223,-1,-1,-1
86,3160,651.72174,266.0134,7.673279,9.900909,0.6866992,-1,-1,-1
86,3170,633.9157,305.40207,7.9974976,10.240295,0.76171577,-1,-1,-1
86,3171,661.5332,269.07217,8.791504,10.770721,0.6873099,-1,-1,-1
86,3157,618.8946,303.8919,8.712585,10.54657,0.77176535,-1,-1,-1
86,3195,731.45886,369.04828,12.123596,13.152771,0.37254533,-1,-1,-1
86,3156,645.01874,362.54874,11.400818,14.10022,0.6501133,-1,-1,-1
86,3124,652.6673,407.35553,13.289429,17.383636,0.26735362,-1,-1,-1
86,3237,606.40607,388.40936,9.72168,15.922974,0.55919623,-1,-1,-1
86,3174,649.2298,381.94415,10.05835,21.798828,0.31201655,-1,-1,-1
86,3234,606.8125,372.2125,9.101013,14.80304,0.6411425,-1,-1,-1
86,3216,655.97705,237.99261,8.264282,10.164551,0.28595966,-1,-1,-1
86,3166,719.68744,306.88455,10.994141,11.092224,0.25700906,-1,-1,-1
86,3163,672.3081,409.76837,13.0078125,18.198944,0.349921,-1,-1,-1
87,2777,647.0651,305.1647,8.438538,10.651215,0.79569966,-1,-1,-1
87,2908,636.5101,331.68948,8.750366,12.777496,0.80379176,-1,-1,-1
87,2527,595.2455,363.68774,10.594421,18.122864,0.5686173,-1,-1,-1
87,2460,651.92847,333.15936,9.170837,13.029022,0.8308492,-1,-1,-1
87,3148,659.6175,348.7989,9.831482,12.707703,0.7734056,-1,-1,-1
87,3149,668.2976,387.01337,9.560425,14.41806,0.7645826,-1,-1,-1
87,3150,662.3735,363.24866,9.770508,14.035492,0.69876724,-1,-1,-1
87,3153,636.36163,318.80246,7.902527,11.252594,0.7351558,-1,-1,-1
87,3154,650.13824,317.6623,8.961853,10.587067,0.76761246,-1,-1,-1
87,3155,609.6882,358.11328,9.196533,13.540649,0.60267836,-1,-1,-1
87,3158,650.2494,295.03275,8.023743,9.386047,0.61889875,-1,-1,-1
87,3159,640.23376,350.28876,9.1484375,12.644257,0.70816725,-1,-1,-1
87,3160,651.9809,266.31335,7.5682373,9.680054,0.6939143,-1,-1,-1
87,3170,633.99567,305.30637,7.949463,10.180176,0.7665213,-1,-1,-1
87,3171,661.60345,269.35135,8.873901,10.764282,0.6783723,-1,-1,-1
87,3157,618.9416,304.01773,8.662537,10.57962,0.7766114,-1,-1,-1
87,3195,730.93604,367.7771,12.1536255,13.361694,0.4388972,-1,-1,-1
87,3156,645.82043,362.28058,10.664673,13.721558,0.7021307,-1,-1,-1
87,3237,606.2774,388.30908,9.965759,15.69458,0.57484096,-1,-1,-1
87,3174,649.3757,383.90457,9.92041,19.501953,0.5219638,-1,-1,-1
87,3234,606.67865,372.05258,9.4313965,14.822632,0.70732456,-1,-1,-1
87,3166,718.85516,305.96124,11.405151,11.273193,0.29187337,-1,-1,-1
88,2777,647.0132,304.96414,8.510681,10.526184,0.7981931,-1,-1,-1
88,2908,636.57697,331.339,8.754639,12.854584,0.80816567,-1,-1,-1
88,2527,594.45654,363.28516,11.289185,18.454987,0.49626878,-1,-1,-1
88,2460,652.02936,332.77078,9.073364,13.247162,0.8356503,-1,-1,-1
88,3148,659.6365,348.40805,9.662842,12.677063,0.79804844,-1,-1,-1
88,3149,668.48663,386.6016,9.41571,14.5486145,0.80530494,-1,-1,-1
88,3150,662.41833,363.04443,9.587524,13.8966675,0.7874431,-1,-1,-1
88,3153,636.4669,318.6293,7.823059,11.1188965,0.73426765,-1,-1,-1
88,3154,650.273,317.60376,8.749939,10.447296,0.7312213,-1,-1,-1
88,3155,609.79004,357.29153,9.163086,13.641449,0.6827262,-1,-1,-1
88,3158,650.1411,294.5823,8.174194,9.522034,0.64513737,-1,-1,-1
88,3159,640.1677,349.52835,9.35022,13.19574,0.71833706,-1,-1,-1
88,3160,652.0744,266.49414,7.5178833,9.574036,0.6928186,-1,-1,-1
88,3170,634.0099,305.1157,7.95166,10.151245,0.7647285,-1,-1,-1
88,3171,661.67096,269.45358,9.063171,10.743439,0.726156,-1,-1,-1
88,3157,618.82184,304.0014,8.770264,10.601471,0.77944285,-1,-1,-1
88,3195,730.5854,366.0358,11.970581,13.558899,0.4680002,-1,-1,-1
88,3156,646.06757,362.9797,10.63855,13.934662,0.6595947,-1,-1,-1
88,3237,606.3654,388.30585,9.878052,15.57901,0.38412803,-1,-1,-1
88,3174,649.1867,384.27756,10.228943,18.566376,0.5935375,-1,-1,-1
88,3234,606.671,371.82407,9.295532,14.879272,0.6614254,-1,-1,-1
88,3166,718.5181,305.23096,11.352905,11.120422,0.4727163,-1,-1,-1
88,3147,713.31696,322.29248,11.965271,12.573822,0.6147563,-1,-1,-1
88,3124,652.9342,407.28183,13.560059,19.287964,0.3173626,-1,-1,-1
89,2777,647.08716,304.79105,8.780884,10.3585205,0.7685867,-1,-1,-1
89,2908,636.7722,330.94067,8.672668,12.930267,0.80964667,-1,-1,-1
89,2527,594.75903,362.5798,11.16626,18.678314,0.50726295,-1,-1,-1
89,2460,652.27264,332.5122,9.113159,13.286316,0.83785415,-1,-1,-1
89,3148,659.721,347.88593,9.651123,12.893311,0.7794823,-1,-1,-1
89,3149,668.74677,386.05072,9.379272,15.03183,0.8056402,-1,-1,-1
89,3150,662.604,362.4864,9.703613,13.995087,0.7881946,-1,-1,-1
89,3153,636.68036,318.39435,7.810547,11.033051,0.7736888,-1,-1,-1
89,3154,650.5787,317.53308,8.620239,10.289154,0.7355552,-1,-1,-1
89,3155,609.9491,356.91083,9.215759,13.469788,0.67133105,-1,-1,-1
89,3158,650.1345,293.95282,8.344543,9.837006,0.71806955,-1,-1,-1
89,3159,640.3129,349.18997,9.267212,13.405304,0.64734745,-1,-1,-1
89,3160,652.26746,266.69693,7.518921,9.394501,0.68258864,-1,-1,-1
89,3170,634.3413,304.9391,7.8928833,10.110657,0.749588,-1,-1,-1
89,3171,661.85535,269.58383,9.330322,10.703613,0.75595737,-1,-1,-1
89,3157,618.82324,303.95935,8.848877,10.603607,0.7788054,-1,-1,-1
89,3195,730.36554,364.73877,11.769775,13.486786,0.49587163,-1,-1,-1
89,3156,645.9203,361.5526,10.964294,14.256073,0.59828836,-1,-1,-1
89,3237,606.5513,388.14438,9.9713745,15.9552,0.5698143,-1,-1,-1
89,3174,649.29865,382.2645,10.502747,20.297455,0.5651811,-1,-1,-1
89,3234,606.5827,371.3333,9.481506,15.05368,0.65778214,-1,-1,-1
89,3166,718.5396,304.24548,11.210876,11.1892395,0.528806,-1,-1,-1
89,3245,738.56226,416.72235,12.257996,16.905884,0.44935608,-1,-1,-1
89,3147,713.1783,320.9654,11.818665,12.7221985,0.62489194,-1,-1,-1
89,3124,653.10284,406.684,13.118469,17.394562,0.2740999,-1,-1,-1
90,2777,647.09174,304.58725,9.024597,10.363953,0.75285053,-1,-1,-1
90,2908,636.8364,330.58694,8.680542,13.020416,0.8124532,-1,-1,-1
90,2527,595.20105,362.31177,10.683777,17.656006,0.37922415,-1,-1,-1
90,2460,652.4799,332.1078,9.143066,13.2491455,0.84389853,-1,-1,-1
90,3148,659.8942,347.18176,9.659973,13.215393,0.7837468,-1,-1,-1
90,3149,668.8862,385.7377,9.481995,15.186127,0.79825896,-1,-1,-1
90,3150,662.6733,362.1678,9.717468,13.755707,0.8369873,-1,-1,-1
90,3153,636.74493,318.1261,7.8930054,11.046631,0.7748693,-1,-1,-1
90,3154,650.7656,317.51355,8.555603,10.077576,0.7521125,-1,-1,-1
90,3155,609.876,356.73727,9.340515,13.40741,0.71188,-1,-1,-1
90,3158,650.1542,293.50497,8.407715,10.105011,0.77742046,-1,-1,-1
90,3159,640.6291,348.93878,9.11499,13.371338,0.6910158,-1,-1,-1
90,3160,652.36975,266.8328,7.5734253,9.385315,0.69446766,-1,-1,-1
90,3170,634.40466,304.73257,7.906494,10.121521,0.7497047,-1,-1,-1
90,3171,662.1477,269.7923,9.372437,10.6093445,0.77537733,-1,-1,-1
90,3157,618.6753,304.0094,8.982971,10.623383,0.77385956,-1,-1,-1
90,3195,730.31793,363.75745,11.592041,12.828674,0.5735996,-1,-1,-1
90,3156,646.35004,361.62292,10.564941,13.91922,0.6032984,-1,-1,-1
90,3237,606.49133,387.85867,10.063599,16.021515,0.5865513,-1,-1,-1
90,3174,649.36383,382.6412,10.571533,19.468414,0.6009568,-1,-1,-1
90,3234,606.456,371.2679,9.668518,15.064392,0.6792549,-1,-1,-1
90,3166,718.2742,303.56732,11.040222,11.174774,0.47556356,-1,-1,-1
90,3124,653.11224,406.4114,13.628113,18.182037,0.3918441,-1,-1,-1
91,2777,647.13275,304.1998,9.146179,10.468903,0.7362236,-1,-1,-1
91,2908,636.7432,330.2572,8.85791,13.194336,0.81037736,-1,-1,-1
91,2527,594.5493,361.33588,11.572388,16.85675,0.4910965,-1,-1,-1
91,2460,652.48425,331.73398,9.13324,13.396912,0.84757817,-1,-1,-1
91,3148,659.86896,346.73343,9.749268,13.483093,0.78602433,-1,-1,-1
91,3149,669.01245,385.6564,9.499512,15.084595,0.7544404,-1,-1,-1
91,3150,662.6138,362.02704,9.628662,13.617035,0.8197044,-1,-1,-1
91,3153,636.76447,317.85883,7.9432373,11.051453,0.7788215,-1,-1,-1
91,3154,650.99615,317.20892,8.605713,9.98642,0.7217537,-1,-1,-1
91,3155,609.84076,356.39502,9.569153,13.30957,0.6851187,-1,-1,-1
91,3158,650.0498,293.28403,8.511658,10.223877,0.73703635,-1,-1,-1
91,3159,640.5322,348.4554,9.364685,13.679382,0.7638593,-1,-1,-1
91,3160,652.4361,266.90436,7.713623,9.534973,0.7149803,-1,-1,-1
91,3170,634.3194,304.3945,8.086365,10.28656,0.7625436,-1,-1,-1
91,3171,662.4451,269.8195,9.290161,10.60321,0.7817432,-1,-1,-1
91,3157,618.46234,303.89047,9.134216,10.746796,0.77181506,-1,-1,-1
91,3195,729.88983,362.40463,11.842834,12.799652,0.37256852,-1,-1,-1
91,3156,646.7112,361.50244,10.273621,13.728668,0.5595531,-1,-1,-1
91,3237,606.58203,387.67355,10.240112,15.87027,0.56811446,-1,-1,-1
91,3174,649.4602,382.90704,10.607056,18.798126,0.45846897,-1,-1,-1
91,3234,606.23944,370.64264,9.93512,15.611633,0.67189705,-1,-1,-1
91,3124,653.16187,405.56512,13.658081,18.059113,0.37096304,-1,-1,-1
91,3250,588.4658,393.52347,13.107117,30.822968,0.4072411,-1,-1,-1
91,3245,737.64386,414.32837,12.875244,19.401093,0.43699625,-1,-1,-1
92,2777,647.03827,303.91068,9.157227,10.4904175,0.7532715,-1,-1,-1
92,2908,636.65485,330.22177,8.877197,13.050018,0.8193549,-1,-1,-1
92,2527,595.1385,361.02637,10.91156,16.271515,0.4258878,-1,-1,-1
92,2460,652.5026,331.71313,9.0876465,13.113464,0.85109556,-1,-1,-1
92,3148,659.81494,346.3468,9.513306,13.521301,0.7821988,-1,-1,-1
92,3149,669.08386,385.3555,9.277039,15.280212,0.7785265,-1,-1,-1
92,3150,662.65106,361.79764,9.597412,13.596893,0.75402284,-1,-1,-1
92,3153,636.70483,317.6111,7.909668,10.99292,0.76736176,-1,-1,-1
92,3154,651.0586,317.13107,8.531067,9.690674,0.6791571,-1,-1,-1
92,3155,609.821,356.00592,9.476135,13.2052,0.53183085,-1,-1,-1
92,3158,649.9508,293.0214,8.449219,10.261597,0.6989916,-1,-1,-1
92,3159,640.5271,348.40833,9.177795,13.311127,0.7483501,-1,-1,-1
92,3160,652.45807,266.9107,7.7424927,9.702881,0.7377933,-1,-1,-1
92,3170,634.2596,304.13654,8.151306,10.38501,0.7701023,-1,-1,-1
92,3171,662.6409,269.92947,9.225769,10.639923,0.78182787,-1,-1,-1
92,3157,618.28156,303.8642,9.098755,10.700775,0.7742857,-1,-1,-1
92,3195,729.39294,361.12088,12.079346,13.098602,0.26853013,-1,-1,-1
92,3156,646.641,361.52682,10.000122,12.554443,0.6779123,-1,-1,-1
92,3237,606.24915,387.44266,10.598145,16.00116,0.6735772,-1,-1,-1
92,3174,649.3493,379.70465,10.386658,21.471924,0.57058376,-1,-1,-1
92,3234,605.9994,370.03217,9.960388,15.706848,0.6817965,-1,-1,-1
92,3124,653.0249,405.11426,13.383179,17.030579,0.4226032,-1,-1,-1
92,3250,588.13434,389.55722,13.632263,33.270325,0.34501392,-1,-1,-1
92,3251,572.1357,366.72513,17.761475,12.572479,0.39136675,-1,-1,-1
92,3245,737.0719,412.8758,12.939026,19.562561,0.32190603,-1,-1,-1
92,3216,656.54126,238.51674,8.5685425,10.209106,0.289684,-1,-1,-1
92,3147,711.50134,317.81683,12.037964,12.061951,0.4641139,-1,-1,-1
93,2777,647.2744,303.8948,9.088318,10.366699,0.7382826,-1,-1,-1
93,2908,636.8451,330.28644,8.774719,12.778198,0.80945283,-1,-1,-1
93,2527,594.4539,360.7757,11.549683,16.949768,0.5687536,-1,-1,-1
93,2460,652.66315,331.57495,9.145813,12.888092,0.8505118,-1,-1,-1
93,3148,660.1345,346.07278,9.386597,13.704742,0.7532186,-1,-1,-1
93,3149,669.3976,385.28745,9.371155,15.239502,0.76644254,-1,-1,-1
93,3150,662.80615,361.5579,9.453003,13.466949,0.75258267,-1,-1,-1
93,3153,636.87775,317.46942,7.843811,11.00116,0.7896459,-1,-1,-1
93,3154,651.3069,316.72388,8.640503,9.763062,0.63928074,-1,-1,-1
93,3155,609.8683,355.919,9.617737,13.213654,0.55839497,-1,-1,-1
93,3158,650.09125,292.72272,8.426758,10.441742,0.7598507,-1,-1,-1
93,3159,640.7131,348.1959,9.254456,13.214783,0.7324435,-1,-1,-1
93,3160,652.5762,267.09238,7.8008423,9.718231,0.7578,-1,-1,-1
93,3170,634.4258,303.79327,8.134338,10.525757,0.770795,-1,-1,-1
93,3171,662.8497,270.19128,9.399231,10.775177,0.7755344,-1,-1,-1
93,3157,618.3503,303.8498,9.086548,10.764191,0.78301466,-1,-1,-1
93,3195,729.3865,359.88348,11.844727,13.1032715,0.2653609,-1,-1,-1
93,3156,647.0597,361.44424,9.677795,11.99173,0.5473457,-1,-1,-1
93,3237,606.28125,387.5212,10.735779,15.857239,0.65768635,-1,-1,-1
93,3174,649.51807,377.8387,10.50293,23.070648,0.39802727,-1,-1,-1
93,3234,606.1763,369.78705,9.823181,15.848358,0.68095344,-1,-1,-1
93,3124,653.24097,404.87265,14.260376,20.346832,0.5138954,-1,-1,-1
93,3250,588.4279,392.66714,13.31842,30.50412,0.42907286,-1,-1,-1
93,3251,572.37134,366.24698,17.437134,12.776978,0.54840523,-1,-1,-1
93,3216,656.41205,238.84753,8.611328,10.137299,0.3963702,-1,-1,-1
93,3147,711.1498,316.91776,11.991516,11.898987,0.4773507,-1,-1,-1
93,3166,717.4735,300.76224,11.075806,10.921814,0.43055445,-1,-1,-1
94,2777,647.2075,303.72638,9.018677,10.378326,0.7492578,-1,-1,-1
94,2908,636.67426,330.11798,8.803467,12.747406,0.7967398,-1,-1,-1
94,2527,594.04224,360.78122,11.586365,18.483002,0.5773599,-1,-1,-1
94,2460,652.5632,331.15314,9.008179,12.759338,0.85369277,-1,-1,-1
94,3148,659.86475,346.00018,9.616516,13.51413,0.7491206,-1,-1,-1
94,3149,669.2315,385.04785,9.347778,15.318726,0.77004427,-1,-1,-1
94,3150,662.74457,361.01233,9.536865,13.734497,0.7566854,-1,-1,-1
94,3153,636.80975,317.1869,7.8415527,11.073669,0.7743102,-1,-1,-1
94,3154,650.83765,315.9897,9.192749,10.409088,0.59956366,-1,-1,-1
94,3155,609.85986,355.54745,9.60144,12.855591,0.54096484,-1,-1,-1
94,3158,649.9776,292.5294,8.437073,10.524902,0.735734,-1,-1,-1
94,3159,640.47046,347.92203,9.474243,13.289795,0.743271,-1,-1,-1
94,3160,652.45526,267.2398,7.8916016,9.725403,0.75669134,-1,-1,-1
94,3170,634.2502,303.3312,8.186462,10.735077,0.7697036,-1,-1,-1
94,3171,662.88354,270.32138,9.497742,10.932312,0.7728573,-1,-1,-1
94,3157,618.06976,303.7992,9.103638,10.792267,0.76844096,-1,-1,-1
94,3195,728.79346,358.57364,11.705139,13.43396,0.54873323,-1,-1,-1
94,3156,646.475,360.80066,10.018127,11.827454,0.62324655,-1,-1,-1
94,3237,606.2766,387.4636,10.806641,16.0419,0.69560224,-1,-1,-1
94,3174,649.5463,381.81454,10.479553,19.003601,0.5886571,-1,-1,-1
94,3234,606.3645,369.38605,9.598755,15.937653,0.68342483,-1,-1,-1
94,3124,653.0175,404.3787,14.598938,20.151367,0.45226327,-1,-1,-1
94,3250,588.5842,397.65378,13.274292,25.936829,0.39717004,-1,-1,-1
94,3251,572.524,365.87775,17.329529,12.696167,0.37473607,-1,-1,-1
94,3216,656.30676,239.1103,8.64978,10.043793,0.4454561,-1,-1,-1
94,3147,710.4376,315.7248,11.6813965,11.968231,0.5447841,-1,-1,-1
94,3166,716.6297,299.84613,11.376526,10.956329,0.71840537,-1,-1,-1
94,3206,680.69055,236.0279,7.823242,9.049408,0.3927771,-1,-1,-1
95,2777,647.433,303.72348,8.991089,10.320618,0.72690773,-1,-1,-1
95,2908,636.77594,329.9464,8.801514,12.807556,0.79313177,-1,-1,-1
95,2527,594.27966,360.6029,11.624268,18.219208,0.48545027,-1,-1,-1
95,2460,652.72614,330.66818,8.934692,12.803894,0.841005,-1,-1,-1
95,3148,660.173,345.79416,9.442322,13.443878,0.7075148,-1,-1,-1
95,3149,669.4743,384.63318,9.288208,15.425079,0.7678849,-1,-1,-1
95,3150,662.9654,360.73117,9.697815,13.93512,0.72580767,-1,-1,-1
95,3153,636.9597,316.74335,7.8514404,11.409973,0.79180205,-1,-1,-1
95,3154,650.68463,315.16168,9.55957,10.899597,0.6310605,-1,-1,-1
95,3155,610.03,355.40195,9.428162,12.5686035,0.5286842,-1,-1,-1
95,3158,650.11725,292.49268,8.43811,10.507233,0.7128449,-1,-1,-1
95,3159,640.56396,347.69403,9.259216,13.220581,0.7288699,-1,-1,-1
95,3160,652.54736,267.26938,7.9867554,9.810486,0.76188123,-1,-1,-1
95,3170,634.35297,303.02402,8.170532,10.826721,0.7707103,-1,-1,-1
95,3171,663.0131,270.39087,9.571472,11.020264,0.7804701,-1,-1,-1
95,3157,618.11316,303.73685,9.1203,10.877167,0.7682717,-1,-1,-1
95,3195,728.58746,357.70468,11.69751,13.326569,0.59243864,-1,-1,-1
95,3156,646.5117,360.6646,9.963928,11.559265,0.58684963,-1,-1,-1
95,3237,606.64606,387.24063,10.477234,15.935028,0.6228058,-1,-1,-1
95,3174,649.6902,379.975,10.524475,20.440826,0.6627641,-1,-1,-1
95,3234,606.6178,369.21054,9.503235,15.632324,0.65734404,-1,-1,-1
95,3124,653.22284,403.90286,14.608704,18.815521,0.50913745,-1,-1,-1
95,3250,588.5908,396.4656,13.305603,26.681244,0.48840442,-1,-1,-1
95,3216,656.4719,239.39053,8.698853,9.787918,0.40120497,-1,-1,-1
95,3147,710.13245,314.42554,11.365234,12.249237,0.55357766,-1,-1,-1
95,3166,716.3691,298.92154,11.375671,11.071625,0.68228316,-1,-1,-1
95,3206,680.5262,235.22974,7.8514404,9.195267,0.33161458,-1,-1,-1
95,3163,674.18427,406.55615,12.387939,18.432343,0.3254146,-1,-1,-1
95,3245,736.4682,408.6392,12.587219,18.49945,0.34986475,-1,-1,-1
96,2777,647.4306,303.61508,8.968079,10.338715,0.7220138,-1,-1,-1
96,2908,636.69946,329.84616,8.853699,12.792236,0.78641534,-1,-1,-1
96,2527,593.44055,360.39844,12.348328,18.240692,0.54919654,-1,-1,-1
96,2460,652.7317,330.3327,8.9505005,12.84433,0.83640426,-1,-1,-1
96,3148,660.1384,345.69922,9.43811,13.388336,0.7021253,-1,-1,-1
96,3149,669.4002,384.30396,9.395691,15.585541,0.7820633,-1,-1,-1
96,3150,662.7918,360.49237,9.78009,13.856842,0.71170175,-1,-1,-1
96,3153,636.9553,316.57928,7.8727417,11.53183,0.78907436,-1,-1,-1
96,3154,650.5473,314.7272,9.851501,11.098938,0.63883924,-1,-1,-1
96,3155,609.9722,355.17975,9.432068,12.553925,0.45683235,-1,-1,-1
96,3158,650.0423,292.49786,8.421875,10.32666,0.652284,-1,-1,-1
96,3159,640.51227,347.53265,9.270752,13.072571,0.7270385,-1,-1,-1
96,3160,652.51385,267.23956,8.114868,9.949524,0.76935416,-1,-1,-1
96,3170,634.3422,302.75012,8.219116,10.913269,0.75537765,-1,-1,-1
96,3171,663.0019,270.56308,9.572327,10.935425,0.7568433,-1,-1,-1
96,3157,617.98285,303.73056,9.108154,10.9175415,0.7669502,-1,-1,-1
96,3195,728.26385,356.5819,11.582092,13.234772,0.40883443,-1,-1,-1
96,3156,646.3166,360.8837,10.27179,11.60556,0.528707,-1,-1,-1
96,3237,606.8239,387.07358,10.241028,15.673065,0.6175817,-1,-1,-1
96,3174,649.61487,378.56418,10.643738,21.534882,0.6480958,-1,-1,-1
96,3234,606.69727,368.91806,9.502808,15.653564,0.6845063,-1,-1,-1
96,3124,653.2202,403.64517,14.770752,19.187164,0.5388648,-1,-1,-1
96,3250,588.4126,393.82306,13.460449,28.568176,0.42741093,-1,-1,-1
96,3216,656.54663,239.61949,8.669006,9.692429,0.42066607,-1,-1,-1
96,3147,709.8326,313.50793,11.304871,12.052582,0.6268771,-1,-1,-1
96,3166,716.0335,298.24533,11.037598,10.96344,0.66723615,-1,-1,-1
96,3163,674.0784,406.19635,11.855469,16.839264,0.5047467,-1,-1,-1
96,3245,736.1381,407.66492,12.510437,19.313995,0.34953234,-1,-1,-1
97,2777,647.548,303.473,8.950134,10.353943,0.69790274,-1,-1,-1
97,2908,636.7465,329.72504,8.886353,12.680115,0.76344985,-1,-1,-1
97,2527,594.0031,360.11185,11.928406,17.811554,0.63467824,-1,-1,-1
97,2460,652.63556,330.09305,8.970703,12.755249,0.83621186,-1,-1,-1
97,3148,660.13153,345.45584,9.681274,13.432465,0.5954754,-1,-1,-1
97,3149,669.3297,383.60263,9.642456,16.156067,0.82121223,-1,-1,-1
97,3150,662.8715,359.9001,9.811279,13.950928,0.6852741,-1,-1,-1
97,3153,636.9001,316.3807,7.914917,11.521759,0.7723701,-1,-1,-1
97,3154,650.35236,314.22888,10.125305,11.318665,0.6588755,-1,-1,-1
97,3155,610.2015,354.6004,9.33136,12.464569,0.53047425,-1,-1,-1
97,3158,649.9718,292.3033,8.465454,10.297882,0.6447978,-1,-1,-1
97,3159,640.38855,347.30496,9.680969,13.459534,0.67559344,-1,-1,-1
97,3160,652.6137,267.2337,8.268372,10.045319,0.7812063,-1,-1,-1
97,3170,634.08356,302.44327,8.414001,11.171936,0.7667913,-1,-1,-1
97,3171,663.0536,270.97015,9.530823,10.762909,0.721332,-1,-1,-1
97,3157,617.8703,303.79608,9.149475,10.945892,0.7715696,-1,-1,-1
97,3156,645.8399,359.6621,10.704285,12.234131,0.5545489,-1,-1,-1
97,3237,606.68207,386.94977,10.177368,15.043182,0.60979444,-1,-1,-1
97,3174,649.5233,376.90726,10.825928,22.5372,0.745807,-1,-1,-1
97,3234,606.4404,368.85184,9.899414,15.584015,0.7187706,-1,-1,-1
97,3124,653.05505,402.68784,15.006165,19.080475,0.50730103,-1,-1,-1
97,3250,588.3588,393.07175,13.493164,28.430084,0.52265924,-1,-1,-1
97,3216,656.7861,239.76848,8.686584,9.664734,0.43988833,-1,-1,-1
97,3147,709.55817,312.28668,11.25061,11.939667,0.6945261,-1,-1,-1
97,3166,715.70764,297.40973,10.7838745,11.094543,0.56308305,-1,-1,-1
97,3245,735.7481,405.95148,12.77417,18.50241,0.36825714,-1,-1,-1
98,2777,647.7571,303.2983,8.895447,10.473877,0.6745295,-1,-1,-1
98,2908,636.7962,329.43085,8.884644,12.693848,0.75315124,-1,-1,-1
98,2527,593.9404,359.6538,12.08136,17.46814,0.6384293,-1,-1,-1
98,2460,652.5861,329.82986,8.971558,12.851074,0.8220935,-1,-1,-1
98,3148,660.1549,345.06937,9.9021,13.405365,0.58273107,-1,-1,-1
98,3149,669.32764,383.44626,9.844421,16.344727,0.76461405,-1,-1,-1
98,3150,662.7009,359.48947,10.089294,14.156433,0.69509655,-1,-1,-1
98,3153,636.87946,316.12848,7.8847046,11.571106,0.7661683,-1,-1,-1
98,3154,650.3762,313.58115,10.0755005,11.6571045,0.63187015,-1,-1,-1
98,3155,610.3605,353.98767,9.19281,12.957489,0.5992401,-1,-1,-1
98,3158,650.0432,292.0801,8.343872,10.19751,0.6585946,-1,-1,-1
98,3159,640.49054,347.11273,9.557861,13.802155,0.6353305,-1,-1,-1
98,3160,652.71405,267.19662,8.317932,10.159637,0.7869703,-1,-1,-1
98,3170,634.06384,302.24084,8.549866,11.269623,0.769171,-1,-1,-1
98,3171,663.34314,271.02417,9.33606,10.924438,0.7054193,-1,-1,-1
98,3157,617.84045,303.81137,9.102539,10.893127,0.7587886,-1,-1,-1
98,3156,645.7726,359.24927,10.7595215,12.4930725,0.58164006,-1,-1,-1
98,3237,606.5152,386.77515,10.178467,14.845734,0.47796473,-1,-1,-1
98,3174,649.53186,376.09137,10.959717,22.819519,0.7686109,-1,-1,-1
98,3234,606.3764,368.90497,9.917419,15.595825,0.59613514,-1,-1,-1
98,3124,653.049,402.36874,15.312317,20.788635,0.5906775,-1,-1,-1
98,3250,588.23175,393.3461,13.544861,28.58612,0.38879296,-1,-1,-1
98,3216,656.8696,239.89197,8.704285,9.659714,0.44163185,-1,-1,-1
98,3147,709.09796,311.13397,11.421753,11.748657,0.7099768,-1,-1,-1
98,3245,735.37354,404.47913,13.137268,19.829712,0.43681067,-1,-1,-1
98,3262,709.5419,272.8723,9.591797,10.452332,0.33432662,-1,-1,-1
99,2777,648.0706,303.22797,8.706726,10.361389,0.62816375,-1,-1,-1
99,2908,636.9893,329.16513,8.784241,12.550018,0.752932,-1,-1,-1
99,2527,593.61523,359.56165,12.514343,17.29486,0.653355,-1,-1,-1
99,2460,652.7794,329.4484,9.020264,12.909943,0.8050472,-1,-1,-1
99,3148,660.4761,344.79984,9.69397,13.103851,0.6669138,-1,-1,-1
99,3149,669.4149,383.1641,9.911987,16.178131,0.81588084,-1,-1,-1
99,3150,662.6672,359.342,9.97467,13.840179,0.73884314,-1,-1,-1
99,3153,636.9788,315.8975,7.850769,11.606537,0.77000296,-1,-1,-1
99,3154,650.4942,312.88495,9.845825,12.054993,0.6619099,-1,-1,-1
99,3155,610.51825,352.99286,9.210754,13.497498,0.68350655,-1,-1,-1
99,3158,650.3981,291.9235,8.158691,9.873993,0.7072661,-1,-1,-1
99,3159,640.7397,346.50296,9.298279,13.611603,0.55935025,-1,-1,-1
99,3160,652.881,267.16223,8.280151,10.181366,0.79583126,-1,-1,-1
99,3170,634.1793,302.10526,8.505371,11.247742,0.7712954,-1,-1,-1
99,3171,663.6736,271.28256,9.233459,10.844482,0.7123983,-1,-1,-1
99,3157,617.9028,303.89963,8.9747925,10.764893,0.76621085,-1,-1,-1
99,3156,645.7628,358.84448,10.918579,12.992584,0.5145539,-1,-1,-1
99,3237,606.8386,386.7735,10.096313,15.191376,0.5934622,-1,-1,-1
99,3174,649.67413,375.2515,10.920837,23.195892,0.74395216,-1,-1,-1
99,3234,606.77625,368.39258,9.717529,15.627502,0.5473965,-1,-1,-1
99,3124,653.042,401.7669,14.789001,19.27652,0.62118053,-1,-1,-1
99,3250,588.4752,394.73438,13.673584,26.734772,0.44324356,-1,-1,-1
99,3216,656.9901,239.5528,8.601074,10.069412,0.44286364,-1,-1,-1
99,3147,708.81445,310.1315,10.946899,11.460388,0.7528262,-1,-1,-1
99,3262,709.6095,272.1857,9.4418335,10.621735,0.561041,-1,-1,-1
99,3251,572.79254,363.66437,17.521545,12.983856,0.32231337,-1,-1,-1
99,3195,727.7431,352.5992,11.207581,13.285645,0.46668196,-1,-1,-1
100,2777,647.8201,303.15402,8.779968,10.353149,0.61283565,-1,-1,-1
100,2908,637.0797,329.02722,8.791382,12.392609,0.76407754,-1,-1,-1
100,2527,594.1709,359.28183,12.19519,17.38739,0.6587777,-1,-1,-1
100,2460,652.8999,329.34015,9.040955,12.763428,0.8063626,-1,-1,-1
100,3148,660.79816,344.35342,9.69281,13.1214905,0.73410505,-1,-1,-1
100,3149,669.6417,383.04575,9.731445,15.971802,0.83462167,-1,-1,-1
100,3150,662.91797,359.16168,10.001221,13.708099,0.7539266,-1,-1,-1
100,3153,637.04083,315.90216,7.82605,11.408081,0.7631128,-1,-1,-1
100,3154,650.6144,312.44778,9.559692,12.316132,0.72703964,-1,-1,-1
100,3155,610.51227,352.47757,9.227722,13.711792,0.7177624,-1,-1,-1
100,3158,650.59814,291.63028,8.026611,9.634888,0.7291146,-1,-1,-1
100,3159,640.8278,346.2071,9.09137,13.434357,0.6547378,-1,-1,-1
100,3160,653.0151,267.3243,8.228455,10.085907,0.7988021,-1,-1,-1
100,3170,634.3003,302.07675,8.397888,11.04364,0.77250785,-1,-1,-1
100,3171,663.8441,271.6225,9.325745,10.766418,0.709758,-1,-1,-1
100,3157,617.8993,304.03238,8.8342285,10.628601,0.77886415,-1,-1,-1
100,3156,646.513,358.45587,10.226135,12.944031,0.56487685,-1,-1,-1
100,3237,606.8875,386.76178,10.066895,14.902679,0.4717636,-1,-1,-1
100,3174,649.83276,375.43167,10.734253,22.703522,0.76905197,-1,-1,-1
100,3234,606.7253,367.68854,9.804138,16.019867,0.59277135,-1,-1,-1
100,3124,653.24207,401.73938,14.93988,20.267334,0.6022667,-1,-1,-1
100,3250,588.5013,391.95886,13.379639,28.500061,0.37643296,-1,-1,-1
100,3216,657.03784,239.4995,8.573608,10.321701,0.48896635,-1,-1,-1
100,3147,708.5941,309.176,10.784058,11.501282,0.7333922,-1,-1,-1
100,3262,709.5604,271.29477,9.533691,10.905273,0.3401208,-1,-1,-1
100,3251,573.45844,363.71756,17.131714,12.804901,0.313562,-1,-1,-1
100,3195,727.0955,351.45328,11.68042,13.423859,0.50279075,-1,-1,-1
100,3245,734.885,401.83694,12.566589,16.406708,0.72910297,-1,-1,-1
101,2777,647.6814,302.68365,8.807373,10.351776,0.65475374,-1,-1,-1
101,2908,637.26953,328.87646,8.768311,12.257324,0.78783554,-1,-1,-1
101,2527,593.92175,358.7531,12.6953125,17.84903,0.674618,-1,-1,-1
101,2460,652.96625,329.27228,9.081909,12.371887,0.77463204,-1,-1,-1
101,3148,660.32874,343.81757,10.165649,13.158997,0.7738936,-1,-1,-1
101,3149,669.68005,382.71878,9.83905,16.012817,0.840875,-1,-1,-1
101,3150,662.6677,359.121,10.289001,13.860992,0.771274,-1,-1,-1
101,3153,637.08826,315.6563,7.8340454,11.180176,0.7353964,-1,-1,-1
101,3154,650.6176,312.24826,9.46814,12.346771,0.73455226,-1,-1,-1
101,3155,610.39984,352.0345,9.295105,13.817352,0.69480056,-1,-1,-1
101,3158,650.7781,291.05765,8.247681,9.799103,0.7320871,-1,-1,-1
101,3159,640.9078,345.4753,9.016357,13.362488,0.67367536,-1,-1,-1
101,3160,653.2273,267.75006,8.050232,9.7547,0.8009006,-1,-1,-1
101,3170,634.4356,301.95114,8.287476,10.901001,0.7703511,-1,-1,-1
101,3171,663.93494,271.77737,9.461792,10.814636,0.6969952,-1,-1,-1
101,3157,617.89386,304.0854,8.74176,10.552521,0.77146065,-1,-1,-1
101,3156,647.02374,358.52902,9.699768,13.0147705,0.5781872,-1,-1,-1
101,3237,606.9669,386.6689,10.145203,15.216858,0.52506834,-1,-1,-1
101,3174,649.86035,375.53152,10.750732,22.386719,0.7188009,-1,-1,-1
101,3234,606.8557,366.76447,9.556335,16.361115,0.5987909,-1,-1,-1
101,3124,653.29645,401.0606,14.470276,18.83487,0.71887624,-1,-1,-1
101,3250,588.48926,390.9654,13.439758,29.118011,0.5037789,-1,-1,-1
101,3216,657.0816,239.70796,8.557983,10.223343,0.55784273,-1,-1,-1
101,3147,708.1331,308.00595,10.942749,11.616486,0.5183499,-1,-1,-1
101,3251,573.47876,363.31186,17.095459,12.920349,0.3371692,-1,-1,-1
101,3245,734.48755,400.6952,12.59613,15.575745,0.6546576,-1,-1,-1
102,2777,647.8427,302.325,8.859802,10.38092,0.62790483,-1,-1,-1
102,2908,637.29626,328.21692,8.837463,12.503265,0.8098902,-1,-1,-1
102,2527,594.0283,358.41577,12.479309,18.12918,0.726153,-1,-1,-1
102,2460,652.99634,328.95227,9.114502,12.328003,0.75571376,-1,-1,-1
102,3148,660.3248,343.55533,10.079956,12.945343,0.76306164,-1,-1,-1
102,3149,669.685,382.4087,9.973145,15.903473,0.84132326,-1,-1,-1
102,3150,662.65466,358.8727,10.250427,13.88028,0.75267714,-1,-1,-1
102,3153,636.98395,315.8763,7.992859,10.75769,0.691118,-1,-1,-1
102,3154,650.7318,311.4105,9.346252,12.660828,0.7265374,-1,-1,-1
102,3155,610.33386,351.51788,9.279236,14.016846,0.6799956,-1,-1,-1
102,3158,650.9099,290.5009,8.3081665,9.8246155,0.7670685,-1,-1,-1
102,3159,640.9307,344.78305,9.073059,13.40036,0.6158131,-1,-1,-1
102,3160,653.2849,267.9285,7.9762573,9.614349,0.7991654,-1,-1,-1
102,3170,634.6531,301.6414,8.175842,10.814453,0.76266325,-1,-1,-1
102,3171,664.0559,271.8858,9.476807,10.754913,0.68984616,-1,-1,-1
102,3157,617.83044,304.02252,8.626587,10.536774,0.76283836,-1,-1,-1
102,3156,647.0426,357.4237,9.685608,13.073181,0.6200493,-1,-1,-1
102,3237,606.9595,386.5468,10.309509,15.313477,0.5122525,-1,-1,-1
102,3174,649.8306,376.18903,10.86322,21.398163,0.70576483,-1,-1,-1
102,3234,606.9354,365.551,9.535156,17.023712,0.6455554,-1,-1,-1
102,3124,653.20636,400.5393,14.78833,19.628052,0.64809775,-1,-1,-1
102,3250,588.6947,394.44266,13.257751,25.551666,0.58972746,-1,-1,-1
102,3216,657.0983,239.50734,8.465027,10.45163,0.5879625,-1,-1,-1
102,3147,707.7442,306.6426,10.654968,11.364777,0.442279,-1,-1,-1
102,3251,572.9671,362.8233,17.204468,12.881165,0.5401356,-1,-1,-1
102,3245,734.52295,399.66476,12.23877,16.026978,0.6595133,-1,-1,-1
103,2777,647.81964,301.97897,8.92041,10.593506,0.6395303,-1,-1,-1
103,2908,637.2455,327.50195,8.807373,13.038696,0.807097,-1,-1,-1
103,2527,593.48254,358.38046,12.8880005,18.103027,0.6734396,-1,-1,-1
103,2460,652.9039,328.77246,9.292786,12.271912,0.7693816,-1,-1,-1
103,3148,660.1896,343.31226,10.142395,12.994049,0.7808567,-1,-1,-1
103,3149,669.58887,382.2726,9.972351,15.752319,0.82575774,-1,-1,-1
103,3150,662.6565,358.45358,10.444336,14.012726,0.74426156,-1,-1,-1
103,3153,636.8439,315.761,8.099487,10.6432495,0.68578285,-1,-1,-1
103,3154,650.70123,310.8502,9.223877,12.756165,0.7382218,-1,-1,-1
103,3155,610.2015,351.38614,9.184509,13.897797,0.67993295,-1,-1,-1
103,3158,650.89813,289.99866,8.324097,9.972229,0.7766289,-1,-1,-1
103,3159,640.9897,344.19382,8.891113,13.412231,0.6428727,-1,-1,-1
103,3160,653.3976,268.18732,7.994507,9.522278,0.7954155,-1,-1,-1
103,3170,634.5773,301.3712,8.129089,10.796356,0.77742696,-1,-1,-1
103,3171,664.1633,272.09366,9.485657,10.710022,0.64017504,-1,-1,-1
103,3157,617.62317,304.03036,8.554871,10.533356,0.75675803,-1,-1,-1
103,3156,647.1147,357.40393,9.561523,12.755493,0.6228895,-1,-1,-1
103,3237,606.8931,386.21204,10.239563,15.47641,0.5649256,-1,-1,-1
103,3174,649.70306,377.50174,10.943115,20.125824,0.7266257,-1,-1,-1
103,3234,607.10614,365.0407,9.38501,17.437683,0.5873587,-1,-1,-1
103,3124,653.24,400.55444,14.444763,18.63742,0.5862814,-1,-1,-1
103,3250,588.57227,391.42566,13.121094,27.617523,0.44247746,-1,-1,-1
103,3216,656.9841,239.39603,8.514038,10.66655,0.6170981,-1,-1,-1
103,3147,707.0115,305.331,10.709961,11.363647,0.53205854,-1,-1,-1
103,3251,572.60486,362.36374,17.25647,13.029266,0.53950995,-1,-1,-1
103,3245,734.45575,398.7503,11.930115,15.382172,0.7603185,-1,-1,-1
103,3166,714.11035,291.72424,10.993164,11.041107,0.37712735,-1,-1,-1
104,2777,647.7655,301.32986,8.949951,10.813782,0.64760715,-1,-1,-1
104,2908,637.33875,327.15576,8.8220825,13.359985,0.7996147,-1,-1,-1
104,2527,593.4119,358.06436,12.845886,18.190552,0.7054122,-1,-1,-1
104,2460,652.9183,328.80557,9.28241,12.126434,0.7575026,-1,-1,-1
104,3148,660.21576,343.3624,10.107056,12.820496,0.7773751,-1,-1,-1
104,3149,669.71814,382.2214,9.914124,15.803436,0.8397825,-1,-1,-1
104,3150,662.8343,358.15427,10.409119,14.235443,0.7318143,-1,-1,-1
104,3153,636.81445,315.56573,8.180237,10.755402,0.7053171,-1,-1,-1
104,3154,650.7955,311.01663,9.140137,12.4313965,0.76624036,-1,-1,-1
104,3155,610.1029,351.31964,9.271301,13.930664,0.60605866,-1,-1,-1
104,3158,650.88196,289.9001,8.352966,9.907166,0.769698,-1,-1,-1
104,3159,641.08606,343.7868,8.929321,13.423248,0.6691778,-1,-1,-1
104,3160,653.5601,268.4292,8.0896,9.603241,0.7997515,-1,-1,-1
104,3170,634.5387,301.20148,8.174805,10.772369,0.78273255,-1,-1,-1
104,3171,664.3029,272.54187,9.422546,10.574158,0.60765517,-1,-1,-1
104,3157,617.4957,304.0933,8.514587,10.518494,0.7456408,-1,-1,-1
104,3156,647.252,357.5169,9.516418,12.963562,0.607242,-1,-1,-1
104,3237,606.99695,385.92816,10.063721,15.159546,0.6338756,-1,-1,-1
104,3174,649.6815,378.04315,11.165466,19.578156,0.6549753,-1,-1,-1
104,3234,607.20544,365.24982,9.376343,17.380798,0.66932917,-1,-1,-1
104,3124,653.18945,400.12177,14.153992,18.334595,0.68340915,-1,-1,-1
104,3250,588.5167,388.82468,13.117615,30.117401,0.453935,-1,-1,-1
104,3216,657.00336,239.68137,8.511047,10.5963745,0.6084587,-1,-1,-1
104,3147,706.401,304.21246,10.916748,11.586975,0.5268348,-1,-1,-1
104,3251,572.2066,361.80643,17.362488,13.360107,0.46376273,-1,-1,-1
104,3245,734.22815,397.9093,11.954956,15.091827,0.7311463,-1,-1,-1
104,3166,713.9621,290.75244,10.719482,11.145966,0.30794692,-1,-1,-1
104,3206,678.53577,229.57713,8.179199,8.860733,0.3347619,-1,-1,-1
104,3195,725.5772,346.3589,11.221558,13.222717,0.40525126,-1,-1,-1
105,2777,647.6634,300.65274,9.059021,11.015778,0.6516255,-1,-1,-1
105,2908,637.23773,326.59622,8.847656,13.78006,0.80433214,-1,-1,-1
105,2527,593.5708,358.0275,12.81189,18.529816,0.62094986,-1,-1,-1
105,2460,652.88824,328.61578,9.251648,12.093567,0.76496196,-1,-1,-1
105,3148,660.4381,343.31357,10.224182,12.394287,0.75831753,-1,-1,-1
105,3149,669.689,382.08847,9.978394,15.762543,0.8449403,-1,-1,-1
105,3150,662.7928,357.65768,10.635803,14.462585,0.7080113,-1,-1,-1
105,3153,636.74274,315.09796,8.289856,10.919739,0.72343695,-1,-1,-1
105,3154,650.7507,311.0419,9.327881,12.175232,0.77507985,-1,-1,-1
105,3155,610.0038,350.93326,9.541565,14.033417,0.64483166,-1,-1,-1
105,3158,650.7646,289.53232,8.479431,10.103882,0.78345114,-1,-1,-1
105,3159,640.96454,343.38763,9.542419,13.371674,0.6464528,-1,-1,-1
105,3160,653.6782,268.4626,8.247437,9.738464,0.8043139,-1,-1,-1
105,3170,634.4778,300.88022,8.236267,10.755798,0.7857093,-1,-1,-1
105,3171,664.43933,272.74628,9.444031,10.4122925,0.60820687,-1,-1,-1
105,3157,617.3915,303.99454,8.563599,10.565887,0.73279226,-1,-1,-1
105,3156,646.9135,356.2085,9.860474,13.051605,0.6526326,-1,-1,-1
105,3237,606.6832,385.5755,10.135376,14.95929,0.5753513,-1,-1,-1
105,3174,649.6326,376.8411,11.194763,20.04361,0.64190173,-1,-1,-1
105,3234,607.05194,364.7722,9.34491,17.214172,0.61577535,-1,-1,-1
105,3124,653.09955,399.44357,15.010986,19.828796,0.62130195,-1,-1,-1
105,3250,588.31036,386.11304,13.270447,32.273834,0.50336665,-1,-1,-1
105,3216,657.0116,239.72484,8.647217,10.634216,0.5904255,-1,-1,-1
105,3147,705.9397,303.02866,10.761475,11.922943,0.5888577,-1,-1,-1
105,3166,713.5646,289.439,10.74408,11.412842,0.43066826,-1,-1,-1
105,3195,725.1633,345.44858,11.175232,12.819214,0.30615732,-1,-1,-1
106,2777,648.60944,300.59454,8.897766,10.658844,0.6058876,-1,-1,-1
106,2908,637.4312,326.1698,8.909485,14.026306,0.7980802,-1,-1,-1
106,2527,594.14746,357.16232,12.331482,18.851318,0.48616427,-1,-1,-1
106,2460,653.10187,328.13226,9.087219,12.411011,0.7843518,-1,-1,-1
106,3148,660.7275,343.02023,10.07489,12.195251,0.7375765,-1,-1,-1
106,3149,669.61346,381.80426,10.358459,15.88147,0.8486164,-1,-1,-1
106,3150,662.69806,356.7137,10.807922,14.9435425,0.7243662,-1,-1,-1
106,3153,636.90607,314.55817,8.297119,10.949036,0.7536048,-1,-1,-1
106,3154,651.089,310.89417,9.2786255,11.865173,0.76502126,-1,-1,-1
106,3155,610.0371,350.56223,9.619751,13.7769165,0.7088506,-1,-1,-1
106,3158,650.83813,288.7805,8.60437,10.577789,0.7893924,-1,-1,-1
106,3159,641.2168,342.96042,9.525818,13.354523,0.6264478,-1,-1,-1
106,3160,653.9934,268.39484,8.28894,9.819275,0.79081833,-1,-1,-1
106,3170,634.7023,300.5791,8.212402,10.763947,0.7595927,-1,-1,-1
106,3171,664.8252,272.83615,9.466736,10.27066,0.58728284,-1,-1,-1
106,3157,617.47626,303.90677,8.539612,10.559113,0.7192088,-1,-1,-1
106,3156,646.9314,356.22824,10.108826,12.967804,0.56924546,-1,-1,-1
106,3237,606.60016,384.84457,10.498962,14.821564,0.30547684,-1,-1,-1
106,3174,649.6872,377.02344,11.369446,19.252472,0.4555264,-1,-1,-1
106,3234,606.99805,365.1383,9.625549,16.43924,0.7255763,-1,-1,-1
106,3124,653.2119,398.84927,15.098145,19.895996,0.64552593,-1,-1,-1
106,3250,588.47095,388.13995,13.007568,29.696777,0.6306225,-1,-1,-1
106,3216,657.122,239.67651,8.77771,10.769653,0.56208897,-1,-1,-1
106,3147,705.73254,301.69516,10.86731,12.003998,0.5922194,-1,-1,-1
106,3166,713.1276,288.36887,10.834961,11.056305,0.58666766,-1,-1,-1
106,3195,724.53754,344.41605,11.628906,12.333923,0.3934565,-1,-1,-1
107,2777,649.0665,300.416,8.818665,10.711395,0.6232658,-1,-1,-1
107,2908,637.56494,326.31757,9.1015625,13.880127,0.79478145,-1,-1,-1
107,2527,594.6338,356.6856,11.927551,19.226532,0.582308,-1,-1,-1
107,2460,653.27545,327.9688,8.998108,12.433289,0.7788513,-1,-1,-1
107,3148,660.54694,342.69485,10.167664,12.201904,0.7493841,-1,-1,-1
107,3149,669.5923,381.31088,10.450867,16.149841,0.8577424,-1,-1,-1
107,3150,662.7734,356.20966,10.733154,14.964752,0.8085451,-1,-1,-1
107,3153,636.9878,314.11963,8.301758,11.134918,0.7655749,-1,-1,-1
107,3154,651.107,310.698,9.222717,11.7464905,0.76173794,-1,-1,-1
107,3155,610.13745,350.3474,9.588745,13.276733,0.69372064,-1,-1,-1
107,3158,650.93585,288.6605,8.587585,10.545746,0.7606729,-1,-1,-1
107,3159,641.10144,342.44656,10.04187,13.685425,0.7097998,-1,-1,-1
107,3160,654.2535,268.38873,8.210754,9.93512,0.7866382,-1,-1,-1
107,3170,634.8944,300.3711,8.15387,10.686188,0.7406418,-1,-1,-1
107,3171,665.0349,273.0035,9.530273,10.192291,0.59411025,-1,-1,-1
107,3157,617.4976,303.87747,8.546875,10.545288,0.7097391,-1,-1,-1
107,3156,646.6841,355.8207,10.576111,13.13031,0.6493161,-1,-1,-1
107,3237,606.57355,384.28287,10.37262,15.216095,0.3465128,-1,-1,-1
107,3174,649.7035,375.27893,11.330627,20.375488,0.480551,-1,-1,-1
107,3234,606.8351,364.68585,9.74292,16.627045,0.73434246,-1,-1,-1
107,3124,653.21075,398.5375,15.062866,18.930603,0.5726481,-1,-1,-1
107,3250,588.4363,386.2269,12.981689,30.997437,0.48827127,-1,-1,-1
107,3216,657.3547,239.65987,8.91571,10.97403,0.48843828,-1,-1,-1
107,3147,705.6437,300.6182,10.481384,11.70871,0.59867543,-1,-1,-1
107,3166,712.487,287.26025,10.704529,11.082855,0.61095726,-1,-1,-1
107,3195,723.95514,343.39404,11.860168,12.276062,0.37744746,-1,-1,-1
107,3245,733.48804,393.4791,11.851868,14.17572,0.25189283,-1,-1,-1
108,2777,649.39465,300.0362,8.745544,11.034637,0.6297032,-1,-1,-1
108,2908,637.8659,326.68295,9.097534,13.509918,0.78843427,-1,-1,-1
108,2527,595.1285,356.2591,11.672119,19.546906,0.50193095,-1,-1,-1
108,2460,653.4052,327.57196,9.019165,12.635468,0.78629434,-1,-1,-1
108,3148,660.7417,342.21957,10.008667,12.314301,0.7344329,-1,-1,-1
108,3149,669.72003,381.20322,10.689514,16.271698,0.8518737,-1,-1,-1
108,3150,663.0773,355.8674,10.573303,14.8098755,0.7885568,-1,-1,-1
108,3153,637.27734,313.74887,8.205078,11.332397,0.76937526,-1,-1,-1
108,3154,651.3136,310.598,9.297424,11.634155,0.7574298,-1,-1,-1
108,3155,610.18726,350.20667,9.858582,13.154022,0.70879024,-1,-1,-1
108,3158,651.1604,288.7948,8.351257,10.24231,0.6998249,-1,-1,-1
108,3159,641.2205,342.0591,10.19812,13.856049,0.686849,-1,-1,-1
108,3160,654.73206,268.6585,7.8376465,9.813904,0.74673814,-1,-1,-1
108,3170,635.17834,300.27823,8.049805,10.521393,0.691109,-1,-1,-1
108,3171,665.4764,273.22354,9.410461,10.192078,0.6308802,-1,-1,-1
108,3157,617.56256,303.88605,8.56604,10.538269,0.7028074,-1,-1,-1
108,3156,647.1444,355.15363,10.491211,12.950409,0.67351365,-1,-1,-1
108,3237,606.85864,384.03024,10.309692,15.254425,0.3916995,-1,-1,-1
108,3174,649.89984,375.7294,11.248047,19.556793,0.51121074,-1,-1,-1
108,3234,606.5854,364.3864,10.097778,16.730042,0.7553271,-1,-1,-1
108,3124,653.4311,398.48923,15.214355,20.246277,0.6553558,-1,-1,-1
108,3250,588.2924,382.59293,13.431519,34.260223,0.44077292,-1,-1,-1
108,3216,657.5272,240.37596,8.833252,10.477341,0.52921826,-1,-1,-1
108,3147,705.27563,299.56662,10.479431,11.736877,0.6487837,-1,-1,-1
108,3166,712.0205,286.86984,10.718201,10.979065,0.5715209,-1,-1,-1
108,3195,724.12054,342.27417,11.54364,12.427002,0.59772253,-1,-1,-1
109,2777,649.2703,299.84384,8.657532,11.070221,0.61104226,-1,-1,-1
109,2908,637.84766,326.72867,9.103577,13.22821,0.7796914,-1,-1,-1
109,2527,595.1458,355.14554,11.552246,17.803375,0.39361614,-1,-1,-1
109,2460,653.20953,327.13815,9.095459,12.907623,0.7900611,-1,-1,-1
109,3148,660.7622,341.87982,9.8880005,12.343048,0.71309614,-1,-1,-1
109,3149,669.56195,381.05884,11.0824585,16.432587,0.8543581,-1,-1,-1
109,3150,663.0132,355.50357,10.702393,14.868805,0.7874497,-1,-1,-1
109,3153,637.2364,313.55978,8.200439,11.372498,0.7788494,-1,-1,-1
109,3154,651.1008,310.51224,9.430298,11.54837,0.76103693,-1,-1,-1
109,3155,610.01385,349.99942,9.970154,13.231445,0.67838085,-1,-1,-1
109,3158,650.9555,288.5209,8.211731,10.244751,0.71428365,-1,-1,-1
109,3159,641.1691,341.50684,10.112244,13.959473,0.69335085,-1,-1,-1
109,3160,654.82007,268.89462,7.7512817,9.732513,0.7518363,-1,-1,-1
109,3170,635.1516,300.0084,8.049377,10.449585,0.71320343,-1,-1,-1
109,3171,665.6549,273.45972,9.334412,10.171387,0.65391636,-1,-1,-1
109,3157,617.3435,303.79556,8.592407,10.580933,0.7175584,-1,-1,-1
109,3156,647.4471,355.06155,10.296631,12.808258,0.65086615,-1,-1,-1
109,3237,607.1283,383.8388,10.192383,15.233215,0.27387622,-1,-1,-1
109,3174,649.8045,373.05005,11.199585,21.8042,0.30402946,-1,-1,-1
109,3234,606.58655,364.3779,9.986938,16.559723,0.729519,-1,-1,-1
109,3124,653.5051,398.02573,14.885498,18.684235,0.61897653,-1,-1,-1
109,3250,588.1036,380.67838,13.912659,36.0477,0.5907216,-1,-1,-1
109,3216,657.5701,240.76292,8.725403,10.147049,0.62843615,-1,-1,-1
109,3147,704.3909,298.32285,10.8532715,11.656342,0.7458003,-1,-1,-1
109,3166,711.46686,286.3736,10.579773,10.86676,0.5772071,-1,-1,-1
109,3195,723.6895,340.9719,11.275757,12.400085,0.606478,-1,-1,-1
109,3273,608.7936,398.59714,13.41626,19.799286,0.4384623,-1,-1,-1
109,3251,571.76965,359.7528,17.99762,13.130829,0.28273273,-1,-1,-1
110,2777,649.2607,299.80664,8.638916,10.857483,0.55226076,-1,-1,-1
110,2908,637.65625,326.71594,9.237366,13.016113,0.7861127,-1,-1,-1
110,2527,594.88464,354.5034,11.708984,17.710968,0.4243167,-1,-1,-1
110,2460,653.1196,326.8985,9.138794,13.022949,0.8000945,-1,-1,-1
110,3148,660.7012,341.53152,9.772095,12.414612,0.7211945,-1,-1,-1
110,3149,669.39343,380.85825,11.31427,16.442657,0.8594246,-1,-1,-1
110,3150,663.07465,355.24454,10.634033,14.804382,0.78177077,-1,-1,-1
110,3153,637.0062,313.10364,8.311279,11.653809,0.81303674,-1,-1,-1
110,3154,651.1522,310.40918,9.362366,11.3927,0.75931686,-1,-1,-1
110,3155,609.84753,349.3991,10.043213,13.324463,0.64832586,-1,-1,-1
110,3158,650.812,288.34488,8.34729,10.283569,0.7453864,-1,-1,-1
110,3159,641.03687,341.29984,10.447144,13.882965,0.6799485,-1,-1,-1
110,3160,654.7819,269.03592,7.888489,9.772003,0.75364417,-1,-1,-1
110,3170,634.9752,299.69705,8.168091,10.453491,0.7169756,-1,-1,-1
110,3171,665.7294,273.57355,9.4279785,10.269348,0.65611494,-1,-1,-1
110,3157,617.14166,303.6363,8.708191,10.71521,0.73156285,-1,-1,-1
110,3156,647.5565,354.87473,10.118774,12.239014,0.6224508,-1,-1,-1
110,3237,606.909,383.39154,10.51355,15.294647,0.2768677,-1,-1,-1
110,3174,649.76044,372.28018,11.134216,22.027222,0.57512504,-1,-1,-1
110,3234,606.3677,364.0943,10.198242,16.433807,0.7471475,-1,-1,-1
110,3124,653.35657,398.07834,15.211731,19.551117,0.31683084,-1,-1,-1
110,3250,587.8545,381.00842,14.121826,35.572144,0.5796658,-1,-1,-1
110,3216,657.6062,241.14803,8.616394,9.743668,0.6127458,-1,-1,-1
110,3147,703.9658,297.41275,10.757019,11.527496,0.74616796,-1,-1,-1
110,3166,711.34094,285.47134,10.394714,11.035919,0.5064256,-1,-1,-1
110,3195,723.19916,339.6625,11.489685,12.676605,0.5203749,-1,-1,-1
110,3275,587.50836,391.5824,14.096436,25.083588,0.35630962,-1,-1,-1
110,3251,571.7512,359.69998,17.837463,12.831085,0.2602042,-1,-1,-1
110,3245,732.2908,389.02747,12.070251,15.343414,0.74373406,-1,-1,-1
111,2777,649.19476,299.00372,8.699097,11.322876,0.61358213,-1,-1,-1
111,2908,637.5736,326.43884,9.304199,12.976868,0.79856026,-1,-1,-1
111,2527,594.6041,354.35654,11.8974,17.708954,0.53811157,-1,-1,-1
111,2460,653.1869,326.60773,9.183044,13.007111,0.80849004,-1,-1,-1
111,3148,660.7221,341.06625,9.764404,12.390472,0.66476494,-1,-1,-1
111,3149,669.4432,380.40417,11.102234,16.247742,0.8532188,-1,-1,-1
111,3150,663.22296,355.09256,10.53064,14.447632,0.78477395,-1,-1,-1
111,3153,636.9416,312.7508,8.380859,11.856415,0.8217582,-1,-1,-1
111,3154,651.3751,310.39746,9.372131,11.204041,0.76062304,-1,-1,-1
111,3155,609.9359,349.0196,9.905762,13.137238,0.61300224,-1,-1,-1
111,3158,650.8215,288.12442,8.363525,10.250214,0.7045947,-1,-1,-1
111,3159,640.86945,341.25714,10.094177,13.508331,0.6506494,-1,-1,-1
111,3160,654.88184,269.09616,7.8797607,9.752594,0.71672326,-1,-1,-1
111,3170,634.9688,299.42612,8.25769,10.515839,0.7102091,-1,-1,-1
111,3171,665.9406,273.64337,9.465149,10.3472595,0.6718849,-1,-1,-1
111,3157,617.0829,303.67368,8.655029,10.648529,0.6632955,-1,-1,-1
111,3156,647.57983,354.60364,10.205383,12.167938,0.5548535,-1,-1,-1
111,3237,607.0783,383.17236,10.47052,15.5035095,0.26702794,-1,-1,-1
111,3174,649.69543,374.0642,11.2734375,20.274384,0.5940429,-1,-1,-1
111,3234,606.4711,363.85767,10.194702,16.59021,0.75980526,-1,-1,-1
111,3124,653.24255,397.577,15.118286,19.834045,0.597911,-1,-1,-1
111,3250,587.8356,380.17722,14.142151,36.256348,0.70858765,-1,-1,-1
111,3216,657.74554,241.11775,8.483154,9.77121,0.5932699,-1,-1,-1
111,3147,703.42487,296.31723,10.634949,11.568695,0.71003056,-1,-1,-1
111,3166,711.2592,284.50446,10.080811,11.023376,0.49677187,-1,-1,-1
111,3195,722.80005,338.61203,11.787109,12.488037,0.42245135,-1,-1,-1
111,3275,587.75775,391.42746,13.858276,25.058563,0.4348953,-1,-1,-1
111,3251,572.9758,359.61105,17.206116,12.736481,0.4044052,-1,-1,-1
111,3245,731.98804,387.87863,11.993103,15.461334,0.7217589,-1,-1,-1
112,2777,649.10657,298.87784,8.725586,11.277832,0.5874902,-1,-1,-1
112,2908,637.6322,326.26544,9.207703,12.680878,0.79414934,-1,-1,-1
112,2527,594.34534,354.12,11.983643,18.214722,0.56288993,-1,-1,-1
112,2460,653.16864,326.1603,9.272217,13.243195,0.80629766,-1,-1,-1
112,3148,660.79407,341.01675,9.60791,12.133759,0.6471032,-1,-1,-1
112,3149,669.40643,380.01236,11.124878,16.53189,0.85076666,-1,-1,-1
112,3150,663.25134,354.99652,10.227356,14.158997,0.7916431,-1,-1,-1
112,3153,636.886,312.45868,8.467163,12.022766,0.81904405,-1,-1,-1
112,3154,651.4587,310.43552,9.414429,11.138428,0.74495065,-1,-1,-1
112,3155,609.8884,348.6977,10.018677,13.090057,0.59636563,-1,-1,-1
112,3158,650.8185,287.72464,8.363647,10.412323,0.703699,-1,-1,-1
112,3159,640.8771,341.126,9.979248,13.409363,0.68784994,-1,-1,-1
112,3160,654.95166,269.2037,7.9609375,9.87915,0.7027632,-1,-1,-1
112,3170,635.0105,299.3188,8.307495,10.451019,0.70314413,-1,-1,-1
112,3171,666.13873,273.68393,9.5164795,10.505157,0.6920378,-1,-1,-1
112,3157,617.02435,303.54773,8.69635,10.753143,0.6673939,-1,-1,-1
112,3156,647.50793,354.52805,10.484131,12.281433,0.49432603,-1,-1,-1
112,3237,607.14435,383.10245,10.563965,15.6719055,0.3671444,-1,-1,-1
112,3174,649.67615,372.96512,11.273804,20.855743,0.613819,-1,-1,-1
112,3234,606.4043,363.50195,10.229736,16.533447,0.75572133,-1,-1,-1
112,3124,653.33325,397.13174,14.777527,18.49701,0.5801449,-1,-1,-1
112,3250,587.823,380.30383,14.24939,35.78595,0.6830249,-1,-1,-1
112,3216,657.9247,241.1148,8.518372,9.902039,0.5458496,-1,-1,-1
112,3147,703.0069,295.18835,10.936401,11.831879,0.64081544,-1,-1,-1
112,3166,710.9888,283.35452,10.179138,11.163605,0.66784316,-1,-1,-1
112,3195,722.55304,337.22852,11.822693,12.563019,0.4673515,-1,-1,-1
112,3275,587.73627,391.14758,14.102478,25.032654,0.32424146,-1,-1,-1
112,3245,731.8331,386.8043,11.879272,15.088165,0.5420609,-1,-1,-1
113,2777,649.12384,298.87888,8.762817,11.103699,0.58291686,-1,-1,-1
113,2908,637.6382,325.7743,9.28241,12.576935,0.8045316,-1,-1,-1
113,2527,594.33545,354.06735,12.207153,18.361877,0.5672679,-1,-1,-1
113,2460,653.2293,325.7415,9.501343,13.431488,0.8062744,-1,-1,-1
113,3148,661.02423,340.60764,9.858826,12.4435425,0.64878124,-1,-1,-1
113,3149,669.5872,379.7096,11.12207,16.343842,0.84000486,-1,-1,-1
113,3150,663.5162,354.81375,10.101257,14.091919,0.7476303,-1,-1,-1
113,3153,637.00354,312.29242,8.538086,12.003754,0.81340206,-1,-1,-1
113,3154,651.6553,310.42596,9.363098,11.105469,0.73885757,-1,-1,-1
113,3155,610.1764,347.87277,10.010925,13.394562,0.66250056,-1,-1,-1
113,3158,650.6991,287.18347,8.460876,10.737274,0.7297087,-1,-1,-1
113,3159,640.76715,340.98718,10.898254,13.636444,0.68135005,-1,-1,-1
113,3160,655.1402,269.4142,8.024841,10.006989,0.6495152,-1,-1,-1
113,3170,635.12103,299.12787,8.361389,10.52417,0.6868416,-1,-1,-1
113,3171,666.2715,273.66183,9.428101,10.717865,0.71186846,-1,-1,-1
113,3157,616.954,303.54297,8.771362,10.830048,0.66314787,-1,-1,-1
113,3156,647.29504,353.1673,10.98822,12.571014,0.56146395,-1,-1,-1
113,3174,649.8411,372.05798,11.219482,21.006073,0.70350724,-1,-1,-1
113,3234,606.28485,363.24048,10.390259,16.33191,0.7621445,-1,-1,-1
113,3250,587.8576,379.5364,14.159851,35.66394,0.68219733,-1,-1,-1
113,3216,658.1187,241.56871,8.589722,9.64798,0.4236373,-1,-1,-1
113,3147,702.84875,294.22852,10.730347,11.342865,0.5694947,-1,-1,-1
113,3166,710.87006,282.5,10.28894,11.092987,0.6905658,-1,-1,-1
113,3195,722.66644,335.87988,11.509949,12.826721,0.46847004,-1,-1,-1
113,3245,731.56256,385.51895,11.970764,15.157166,0.4501351,-1,-1,-1
114,2777,649.1291,298.6404,8.839294,11.123627,0.57767195,-1,-1,-1
114,2908,637.53394,325.35068,9.407715,12.595093,0.80731976,-1,-1,-1
114,2527,594.1996,353.76596,12.198059,18.03537,0.45696416,-1,-1,-1
114,2460,653.25867,325.4805,9.619263,13.346405,0.8095449,-1,-1,-1
114,3148,661.0572,340.09354,10.2491455,12.849762,0.61596286,-1,-1,-1
114,3149,669.9193,379.05,10.704468,16.243103,0.8199381,-1,-1,-1
114,3150,663.70935,354.5513,10.069275,14.127106,0.7246892,-1,-1,-1
114,3153,637.03986,312.1283,8.593994,11.91391,0.8216855,-1,-1,-1
114,3154,651.92053,310.31348,9.299805,10.898163,0.74365973,-1,-1,-1
114,3155,610.4484,347.38007,9.863464,13.470673,0.67189056,-1,-1,-1
114,3158,650.67163,286.97015,8.466736,10.764893,0.7160856,-1,-1,-1
114,3159,640.8374,340.53107,10.466797,13.437744,0.64813673,-1,-1,-1
114,3160,655.5016,269.43808,8.034302,10.165527,0.6470428,-1,-1,-1
114,3170,635.26953,298.90775,8.339783,10.522522,0.6533647,-1,-1,-1
114,3171,666.4456,273.67847,9.244629,10.883148,0.70975465,-1,-1,-1
114,3157,616.90845,303.5267,8.798096,10.8307495,0.6478289,-1,-1,-1
114,3156,647.5425,353.43903,10.991272,12.598572,0.5016644,-1,-1,-1
114,3174,649.9098,371.9327,11.112122,20.800873,0.67151684,-1,-1,-1
114,3234,606.4975,363.15887,10.157471,16.12854,0.7492,-1,-1,-1
114,3250,588.14667,377.81894,13.917114,36.653503,0.6921586,-1,-1,-1
114,3216,658.2368,241.94244,8.682251,9.382416,0.32018462,-1,-1,-1
114,3147,702.2846,293.10382,11.038635,11.4869995,0.65547585,-1,-1,-1
114,3166,710.8524,281.86258,10.138123,10.772217,0.615519,-1,-1,-1
114,3195,722.33997,334.81595,11.322754,12.817505,0.43744537,-1,-1,-1
114,3245,731.1189,384.19232,11.979492,15.43869,0.2636342,-1,-1,-1
114,3124,653.4742,396.0108,14.325745,18.469666,0.5246557,-1,-1,-1
115,2777,648.8684,298.05707,9.018555,11.2942505,0.5530711,-1,-1,-1
115,2908,637.31903,324.8556,9.538391,12.628937,0.8047796,-1,-1,-1
115,2527,594.8418,353.47314,11.505371,17.781921,0.5607352,-1,-1,-1
115,2460,653.12665,325.02008,9.797852,13.15744,0.8110095,-1,-1,-1
115,3148,661.25665,339.5688,10.167969,13.117279,0.6929237,-1,-1,-1
115,3149,669.99603,378.33487,10.593628,16.58731,0.84104615,-1,-1,-1
115,3150,663.60254,354.3104,10.041626,13.991455,0.7048229,-1,-1,-1
115,3153,636.9943,311.77975,8.701172,11.900452,0.818807,-1,-1,-1
115,3154,651.9787,310.06708,9.496582,11.013397,0.7476579,-1,-1,-1
115,3155,610.55743,346.63794,9.877563,13.474274,0.7522359,-1,-1,-1
115,3158,650.59033,286.9529,8.512207,10.5425415,0.657553,-1,-1,-1
115,3159,640.7593,340.47586,11.463745,13.664642,0.5804027,-1,-1,-1
115,3160,655.63226,269.38068,8.146973,10.20871,0.6693933,-1,-1,-1
115,3170,635.2923,298.6719,8.401978,10.498322,0.667668,-1,-1,-1
115,3171,666.66656,273.78378,9.153015,10.962494,0.70937765,-1,-1,-1
115,3157,616.8088,303.23184,8.870605,10.979401,0.6653534,-1,-1,-1
115,3156,647.00464,351.85947,11.477844,12.994873,0.593929,-1,-1,-1
115,3174,649.9342,371.21542,11.190796,20.795532,0.75349534,-1,-1,-1
115,3234,606.2913,363.1062,10.428589,16.096222,0.77661735,-1,-1,-1
115,3250,588.1687,379.32263,13.7752075,34.780243,0.5992953,-1,-1,-1
115,3216,658.3522,242.20909,8.836548,9.160385,0.38701275,-1,-1,-1
115,3147,701.7825,292.05234,11.095276,11.221344,0.6287913,-1,-1,-1
115,3166,710.70807,281.11835,10.056885,10.459076,0.6613575,-1,-1,-1
115,3245,730.62946,383.22165,12.161499,15.180664,0.62785983,-1,-1,-1
115,3124,653.35114,395.41653,14.326233,17.529877,0.37353924,-1,-1,-1
116,2777,648.5075,298.19275,9.036011,10.758118,0.58504075,-1,-1,-1
116,2908,637.33215,324.56516,9.486633,12.663086,0.7920263,-1,-1,-1
116,2527,594.9346,353.14304,11.412659,17.644257,0.59022856,-1,-1,-1
116,2460,653.21466,324.79355,9.779785,12.979401,0.80759406,-1,-1,-1
116,3148,661.3884,339.08203,10.197449,13.458984,0.71495384,-1,-1,-1
116,3149,670.0899,378.04004,10.377563,16.645966,0.8337806,-1,-1,-1
116,3150,663.74225,354.17316,9.950073,13.987579,0.6917886,-1,-1,-1
116,3153,637.0745,311.59402,8.634277,11.882904,0.81419104,-1,-1,-1
116,3154,652.1652,310.12424,9.395508,10.927246,0.7551302,-1,-1,-1
116,3155,610.46765,346.29556,9.915955,13.481384,0.7534876,-1,-1,-1
116,3158,650.5772,286.9505,8.538696,10.43808,0.6777847,-1,-1,-1
116,3159,640.8448,340.11453,10.902161,13.327484,0.60528785,-1,-1,-1
116,3160,655.6307,269.48633,8.151611,10.170959,0.6559639,-1,-1,-1
116,3170,635.4339,298.54752,8.370605,10.515411,0.63462865,-1,-1,-1
116,3171,666.7947,273.94147,9.136719,11.266022,0.6923666,-1,-1,-1
116,3157,616.64185,303.2241,8.874817,10.986572,0.6516065,-1,-1,-1
116,3156,647.3635,351.77118,11.187012,12.990295,0.59036,-1,-1,-1
116,3174,649.9208,370.19827,11.19458,21.558655,0.7526752,-1,-1,-1
116,3234,606.34924,363.06082,10.3341675,16.285706,0.74807423,-1,-1,-1
116,3250,588.10095,380.2592,13.877808,33.37079,0.72493345,-1,-1,-1
116,3216,658.32825,242.45192,8.872742,9.07515,0.2738,-1,-1,-1
116,3147,701.221,290.7709,11.086487,11.572174,0.6770459,-1,-1,-1
116,3166,710.5471,280.37238,9.754211,10.409058,0.5449298,-1,-1,-1
116,3124,653.4525,394.95334,13.942383,16.98175,0.63514376,-1,-1,-1
117,2777,648.7208,298.11554,8.968384,10.920227,0.5815189,-1,-1,-1
117,2908,637.3252,324.2969,9.565002,12.729523,0.77897376,-1,-1,-1
117,2527,594.9414,352.9984,11.420166,17.350159,0.64643383,-1,-1,-1
117,2460,653.28827,324.7308,9.778259,12.826996,0.81297636,-1,-1,-1
117,3148,661.3384,338.6706,10.146362,13.7222595,0.7149838,-1,-1,-1
117,3149,670.21185,377.83347,10.348267,16.704529,0.8262487,-1,-1,-1
117,3150,663.9562,354.14322,9.762207,13.992767,0.70067805,-1,-1,-1
117,3153,637.10986,311.4899,8.670105,11.9322815,0.8135741,-1,-1,-1
117,3154,652.4009,310.12115,9.396118,10.798553,0.75076336,-1,-1,-1
117,3155,610.4456,346.21753,9.91272,13.493805,0.75514364,-1,-1,-1
117,3158,650.69293,286.8929,8.560974,10.416229,0.6922144,-1,-1,-1
117,3159,640.95465,339.58475,10.233276,13.178589,0.6476367,-1,-1,-1
117,3160,655.6998,269.63382,8.300049,10.079773,0.68510693,-1,-1,-1
117,3170,635.441,298.39346,8.334412,10.62796,0.6712898,-1,-1,-1
117,3171,667.07654,274.00836,9.008179,11.470825,0.6413846,-1,-1,-1
117,3157,616.5585,303.34598,8.872864,10.885162,0.65058845,-1,-1,-1
117,3156,647.9169,352.2905,10.514038,12.75592,0.55011344,-1,-1,-1
117,3174,650.03815,369.07605,11.295166,22.509338,0.76994306,-1,-1,-1
117,3234,606.4699,362.9736,10.219482,16.370422,0.75070184,-1,-1,-1
117,3250,588.13434,383.37354,13.675903,29.98349,0.755633,-1,-1,-1
117,3216,658.2818,242.76817,8.934265,8.921356,0.34889618,-1,-1,-1
117,3147,700.98175,289.82993,10.8324585,11.525726,0.62365496,-1,-1,-1
117,3166,710.11237,279.74005,9.640564,10.338013,0.35299465,-1,-1,-1
117,3124,653.5536,394.9277,13.73291,17.665283,0.5149966,-1,-1,-1
118,2777,648.40796,298.1019,9.128357,10.589996,0.59558564,-1,-1,-1
118,2908,637.1399,323.84152,9.749329,13.005096,0.7700959,-1,-1,-1
118,2527,594.9343,352.72693,11.536926,17.321228,0.642255,-1,-1,-1
118,2460,653.2183,324.6942,9.90271,12.773865,0.81660354,-1,-1,-1
118,3148,661.33765,338.22943,10.156799,13.935333,0.7259656,-1,-1,-1
118,3149,670.1314,377.3772,10.473328,16.821472,0.84012604,-1,-1,-1
118,3150,664.02277,354.05142,9.682068,13.807129,0.5868526,-1,-1,-1
118,3153,637.072,311.17184,8.713684,12.080933,0.8044447,-1,-1,-1
118,3154,652.50183,309.88556,9.48407,10.714447,0.71905625,-1,-1,-1
118,3155,610.41815,345.6896,10.027344,13.670105,0.7635058,-1,-1,-1
118,3158,650.5461,286.69977,8.700134,10.529236,0.69829005,-1,-1,-1
118,3159,640.8565,339.45486,10.597534,13.376495,0.609954,-1,-1,-1
118,3160,655.6853,269.84955,8.376404,10.059326,0.6559071,-1,-1,-1
118,3170,635.3992,298.20117,8.321716,10.689056,0.65988433,-1,-1,-1
118,3171,667.1814,274.03442,9.114075,11.720551,0.6640882,-1,-1,-1
118,3157,616.34973,303.2572,8.931519,10.968933,0.6452064,-1,-1,-1
118,3156,647.81354,351.7648,10.134705,12.950165,0.53541225,-1,-1,-1
118,3174,650.0093,368.5615,11.461792,22.759277,0.7895045,-1,-1,-1
118,3234,606.425,362.82034,10.311035,16.75058,0.7402699,-1,-1,-1
118,3250,588.0605,385.2502,13.638428,28.098053,0.68165106,-1,-1,-1
118,3216,658.4058,242.9353,9.028809,8.947281,0.34394488,-1,-1,-1
118,3147,700.3417,288.88025,10.891663,11.264435,0.29812187,-1,-1,-1
119,2777,648.8051,297.79816,9.062073,10.785278,0.5784408,-1,-1,-1
119,2908,637.3439,323.45084,9.78186,13.067108,0.7606402,-1,-1,-1
119,2527,594.75977,352.3457,11.688416,17.622375,0.6350801,-1,-1,-1
119,2460,653.2126,324.17615,10.176147,12.927887,0.7978663,-1,-1,-1
119,3148,661.3571,337.8058,10.51416,14.056122,0.7721037,-1,-1,-1
119,3149,670.0772,377.0306,10.619141,16.993896,0.79902303,-1,-1,-1
119,3150,664.2395,353.58017,9.629089,13.77356,0.5776829,-1,-1,-1
119,3153,637.2285,310.9286,8.754028,12.058289,0.80214024,-1,-1,-1
119,3154,652.1794,308.70386,10.13501,11.518066,0.62172616,-1,-1,-1
119,3155,610.3649,345.2934,9.962036,13.748016,0.7015405,-1,-1,-1
119,3158,650.6678,286.59772,8.736755,10.493317,0.7031236,-1,-1,-1
119,3159,641.11127,338.62927,9.950745,13.41153,0.6287512,-1,-1,-1
119,3160,655.8182,269.77527,8.613953,10.120636,0.71734804,-1,-1,-1
119,3170,635.4706,297.8588,8.307861,10.808624,0.6490709,-1,-1,-1
119,3171,667.58203,273.9555,9.070007,11.860443,0.61878806,-1,-1,-1
119,3157,616.3578,303.02643,8.8706665,11.047485,0.6271825,-1,-1,-1
119,3156,648.1157,351.64032,10.225098,12.658386,0.56707615,-1,-1,-1
119,3174,650.16644,368.61597,11.465515,22.591461,0.71106195,-1,-1,-1
119,3234,606.5303,362.21347,10.33136,16.935272,0.7369595,-1,-1,-1
119,3250,588.10223,385.84637,13.930908,27.63144,0.75622433,-1,-1,-1
119,3216,658.64246,243.046,9.046997,8.961655,0.35779923,-1,-1,-1
119,3262,706.12177,258.09363,10.279358,12.345306,0.5990117,-1,-1,-1
119,3166,709.68866,277.89502,9.22168,10.780609,0.36712646,-1,-1,-1
120,2777,649.049,297.66586,9.1293335,10.949738,0.55449545,-1,-1,-1
120,2908,637.4273,323.04962,9.846558,13.100769,0.7667799,-1,-1,-1
120,2527,594.89496,351.46072,11.682922,18.743408,0.6102466,-1,-1,-1
120,2460,653.3168,323.76273,10.242737,13.027435,0.78912485,-1,-1,-1
120,3148,661.44525,337.5225,10.650085,13.923401,0.781033,-1,-1,-1
120,3149,670.06146,376.52872,10.59491,16.755371,0.8468064,-1,-1,-1
120,3150,664.48804,353.37296,9.501648,13.392029,0.65122384,-1,-1,-1
120,3153,637.3248,310.79883,8.8029785,11.868988,0.78720236,-1,-1,-1
120,3154,652.13226,307.85904,10.270081,11.817596,0.6684526,-1,-1,-1
120,3155,610.3719,344.885,9.911621,13.648712,0.68932235,-1,-1,-1
120,3158,650.6836,286.30276,8.785095,10.481049,0.67488974,-1,-1,-1
120,3159,641.33453,338.20428,9.804077,13.091278,0.6503411,-1,-1,-1
120,3160,655.9929,269.71738,8.844543,10.245514,0.7360376,-1,-1,-1
120,3170,635.56824,297.46188,8.2595215,10.950653,0.65267676,-1,-1,-1
120,3171,667.9748,274.38745,9.268372,11.44986,0.59920895,-1,-1,-1
120,3157,616.3475,302.75006,8.843445,11.235504,0.6028265,-1,-1,-1
120,3156,648.1403,351.001,10.293457,12.35025,0.6251476,-1,-1,-1
120,3174,650.175,370.79636,11.565735,19.984009,0.79641545,-1,-1,-1
120,3234,606.62366,362.01666,10.432495,16.584534,0.6924771,-1,-1,-1
120,3250,588.1782,384.36377,13.753723,28.49179,0.6747202,-1,-1,-1
120,3216,658.9409,243.04065,9.191895,9.049255,0.327979,-1,-1,-1
120,3262,706.0168,257.19662,10.310059,12.518921,0.54503125,-1,-1,-1
120,3166,709.0553,276.61603,9.853882,11.370453,0.29768825,-1,-1,-1
120,3124,653.39526,393.63467,13.841248,16.163055,0.2623927,-1,-1,-1
120,3147,699.5037,286.6667,10.7769165,10.59729,0.32432377,-1,-1,-1
121,2777,649.27856,297.433,9.317139,11.321655,0.51223093,-1,-1,-1
121,2908,637.91345,323.00778,9.673889,12.979767,0.75586444,-1,-1,-1
121,2527,595.1624,351.25436,11.276978,18.565704,0.4597354,-1,-1,-1
121,2460,653.65625,323.79138,10.125122,12.682312,0.7789178,-1,-1,-1
121,3148,661.67395,337.4151,10.432373,13.449554,0.78961736,-1,-1,-1
121,3149,670.26886,376.51035,10.621826,16.46701,0.84303975,-1,-1,-1
121,3150,664.59503,353.0638,9.534119,13.210449,0.55918306,-1,-1,-1
121,3153,637.6045,310.68286,8.788208,11.893005,0.776952,-1,-1,-1
121,3154,652.3331,307.27707,10.189758,11.924438,0.6673196,-1,-1,-1
121,3155,610.4892,344.55426,9.893738,13.476929,0.73879,-1,-1,-1
121,3158,650.75543,286.0969,8.933289,10.436554,0.68628114,-1,-1,-1
121,3159,641.5861,337.82077,9.598206,12.913269,0.5996335,-1,-1,-1
121,3160,656.22156,269.9846,9.014832,10.147766,0.7385288,-1,-1,-1
121,3170,635.73,297.15723,8.189148,10.895355,0.6263715,-1,-1,-1
121,3171,668.4793,274.6675,9.405701,11.3914795,0.5928116,-1,-1,-1
121,3157,616.4199,302.52606,8.824524,11.341614,0.5862816,-1,-1,-1
121,3156,648.1308,350.36713,10.585083,12.483887,0.6172477,-1,-1,-1
121,3174,650.1523,370.6177,11.897644,19.566162,0.71378595,-1,-1,-1
121,3234,606.97876,361.46585,10.390503,16.47351,0.74058974,-1,-1,-1
121,3250,588.1846,379.5886,13.834656,32.57788,0.5948997,-1,-1,-1
121,3216,659.43536,242.73013,9.477722,9.482925,0.47018066,-1,-1,-1
121,3262,705.91675,256.53506,10.159607,12.337311,0.62842613,-1,-1,-1
121,3166,709.2908,275.29153,9.322815,10.820831,0.3477785,-1,-1,-1
121,3283,649.40204,361.26974,10.7769165,13.337433,0.5764139,-1,-1,-1
121,3124,654.075,392.8748,13.126709,16.623596,0.5189434,-1,-1,-1
121,3147,698.9482,285.39655,10.940369,10.858429,0.60671556,-1,-1,-1
122,2777,649.49115,297.21167,9.457825,11.889008,0.29751098,-1,-1,-1
122,2908,638.3421,322.9769,9.476196,12.816803,0.7541037,-1,-1,-1
122,2527,595.04474,350.95456,11.492371,19.783722,0.31761846,-1,-1,-1
122,2460,654.0986,323.43542,10.139587,12.91684,0.79608566,-1,-1,-1
122,3148,661.77795,337.15265,10.363647,13.292572,0.7456755,-1,-1,-1
122,3149,670.5243,376.40182,10.606628,16.41034,0.8168635,-1,-1,-1
122,3150,664.55084,352.95496,9.526367,13.006775,0.40365228,-1,-1,-1
122,3153,637.9048,310.60345,8.789795,11.936371,0.7656084,-1,-1,-1
122,3154,652.34235,306.60123,10.296265,12.183075,0.6969259,-1,-1,-1
122,3155,610.6567,344.22363,9.831238,13.306702,0.66024595,-1,-1,-1
122,3158,650.8915,285.99292,9.035034,10.467743,0.7044315,-1,-1,-1
122,3159,641.90454,337.2627,9.646057,12.700287,0.6068048,-1,-1,-1
122,3160,656.5056,270.2063,9.114258,10.177795,0.7560715,-1,-1,-1
122,3170,635.8412,296.75934,8.238892,11.031677,0.5901524,-1,-1,-1
122,3171,668.9484,274.99936,9.304565,11.315704,0.6191273,-1,-1,-1
122,3157,616.4499,302.43253,8.842407,11.420258,0.59637344,-1,-1,-1
122,3156,648.34076,350.1794,10.332397,12.346893,0.46533525,-1,-1,-1
122,3174,650.2297,369.03815,11.904297,20.684113,0.65656346,-1,-1,-1
122,3234,607.0197,360.87817,10.573425,16.75879,0.7370473,-1,-1,-1
122,3250,588.3125,377.6961,13.699097,34.21869,0.6102909,-1,-1,-1
122,3216,659.8415,242.63115,9.5529785,9.791885,0.62546045,-1,-1,-1
122,3262,706.0521,256.0668,10.138428,12.0234375,0.6253626,-1,-1,-1
122,3166,709.0516,274.1795,9.290344,10.830536,0.45490488,-1,-1,-1
122,3124,654.1906,392.72958,13.391907,17.471558,0.4184634,-1,-1,-1
122,3147,698.5802,283.7817,10.826904,11.610657,0.693449,-1,-1,-1
122,3284,645.512,211.77536,7.9348755,9.328369,0.33471134,-1,-1,-1
122,3285,0.0,160.73259,134.81767,69.54315,0.36401394,-1,-1,-1
123,2777,649.77466,296.99542,9.296936,11.819183,0.35054937,-1,-1,-1
123,2908,638.6214,322.6779,9.342468,12.683472,0.7613618,-1,-1,-1
123,2527,595.0091,350.17575,11.552063,19.904816,0.40377313,-1,-1,-1
123,2460,654.28455,323.0068,10.196716,13.1796875,0.7989964,-1,-1,-1
123,3148,661.88226,336.73044,10.216614,13.097687,0.7863511,-1,-1,-1
123,3149,670.7179,376.35748,10.582581,16.368317,0.80695367,-1,-1,-1
123,3150,664.63684,352.63705,9.521545,13.21579,0.5212006,-1,-1,-1
123,3153,638.16174,310.335,8.884766,12.0217285,0.7556115,-1,-1,-1
123,3154,652.2848,306.06516,10.362976,12.455444,0.69092983,-1,-1,-1
123,3155,610.8101,343.88464,9.839661,13.187012,0.6819761,-1,-1,-1
123,3158,651.0481,285.89417,8.976807,10.39386,0.7003505,-1,-1,-1
123,3159,642.11633,337.12534,10.121765,12.761475,0.62063015,-1,-1,-1
123,3160,656.763,270.3267,9.160339,10.2578125,0.7581581,-1,-1,-1
123,3170,635.8449,296.31973,8.289551,11.38916,0.58690906,-1,-1,-1
123,3171,669.1535,275.18817,9.413696,11.360107,0.6697043,-1,-1,-1
123,3157,616.4484,302.19897,8.90155,11.542847,0.5978519,-1,-1,-1
123,3156,648.0744,348.91745,10.786255,12.961334,0.60953593,-1,-1,-1
123,3174,650.2288,366.72308,12.015015,22.276154,0.3238556,-1,-1,-1
123,3234,607.2067,360.77814,10.544678,16.974548,0.7497713,-1,-1,-1
123,3250,588.41943,377.18887,13.714661,34.565125,0.5477469,-1,-1,-1
123,3216,659.9828,242.65417,9.69989,9.900238,0.6628235,-1,-1,-1
123,3262,705.8707,255.58325,10.129211,11.769592,0.6032886,-1,-1,-1
123,3166,708.6706,273.42834,9.503113,10.854462,0.472505,-1,-1,-1
123,3124,654.3487,392.0395,13.713196,17.858978,0.55101204,-1,-1,-1
123,3147,698.2501,282.34714,10.948364,12.123108,0.727714,-1,-1,-1
123,3284,645.41644,211.73972,7.935608,9.36058,0.30135643,-1,-1,-1
123,3285,0.0,160.06503,135.89522,70.468506,0.27149817,-1,-1,-1
124,2777,649.9752,296.7341,9.105652,11.568909,0.5042263,-1,-1,-1
124,2908,638.959,322.0348,9.196411,12.925079,0.7513781,-1,-1,-1
124,2527,595.5548,349.70068,11.127563,19.680298,0.3346526,-1,-1,-1
124,2460,654.5503,322.71115,10.122498,13.309235,0.79777384,-1,-1,-1
124,3148,662.06836,336.47476,10.154114,12.985535,0.7503138,-1,-1,-1
124,3149,670.7021,375.98416,10.720154,16.514496,0.82824993,-1,-1,-1
124,3150,664.86304,351.8618,9.477905,13.74408,0.40432826,-1,-1,-1
124,3153,638.47644,310.28278,8.980225,12.380829,0.74122155,-1,-1,-1
124,3154,652.4481,305.94046,10.149353,12.302216,0.6658563,-1,-1,-1
124,3155,610.8808,343.59726,9.838135,13.3463745,0.68310887,-1,-1,-1
124,3158,651.0771,285.68118,8.944641,10.356018,0.6845948,-1,-1,-1
124,3159,642.2103,336.51193,10.036438,12.937927,0.58893025,-1,-1,-1
124,3160,657.036,270.37997,9.176941,10.315674,0.76276994,-1,-1,-1
124,3170,636.0613,295.99075,8.389648,11.276794,0.6081453,-1,-1,-1
124,3171,669.3128,275.46622,9.37439,11.279663,0.68327796,-1,-1,-1
124,3157,616.38354,302.30725,8.834534,11.421753,0.6249326,-1,-1,-1
124,3156,647.9614,348.71597,10.957031,13.271545,0.4808924,-1,-1,-1
124,3174,650.4679,366.07578,11.791687,22.566437,0.26063618,-1,-1,-1
124,3234,607.44977,360.4507,10.381226,16.881958,0.74026495,-1,-1,-1
124,3250,588.47437,377.406,13.708862,34.66031,0.6272932,-1,-1,-1
124,3216,660.1384,242.5132,9.814575,10.027512,0.652536,-1,-1,-1
124,3262,705.73676,255.05244,10.089905,11.412735,0.6006034,-1,-1,-1
124,3166,708.20294,272.83762,9.866699,10.658539,0.4190731,-1,-1,-1
124,3124,654.355,391.98718,14.231018,18.575348,0.35422447,-1,-1,-1
124,3147,698.01184,281.67038,11.0651245,11.68808,0.64463896,-1,-1,-1
124,3284,645.3102,211.83475,7.89624,9.301025,0.2845723,-1,-1,-1
125,2777,650.1191,296.31894,9.040405,11.8142395,0.45595723,-1,-1,-1
125,2908,639.0258,321.35266,9.138306,13.088043,0.7756227,-1,-1,-1
125,2527,595.6352,349.57095,11.136108,18.780975,0.2944507,-1,-1,-1
125,2460,654.4675,322.42078,10.135193,13.30484,0.7807918,-1,-1,-1
125,3148,661.90625,336.09232,10.358154,13.23645,0.76570594,-1,-1,-1
125,3149,670.5556,375.8847,10.814819,16.78421,0.81049836,-1,-1,-1
125,3150,664.793,351.75052,9.538391,13.707306,0.40995094,-1,-1,-1
125,3153,638.5167,310.24484,9.022278,12.5972595,0.7121978,-1,-1,-1
125,3154,652.34753,305.62848,10.110291,12.302704,0.70497143,-1,-1,-1
125,3155,610.61835,343.20184,10.106384,13.483582,0.6319384,-1,-1,-1
125,3158,651.0221,285.51343,8.797913,10.326263,0.6643825,-1,-1,-1
125,3159,642.24164,336.25433,10.061401,12.889221,0.6188358,-1,-1,-1
125,3160,657.10205,270.40863,9.113098,10.317078,0.7687976,-1,-1,-1
125,3170,635.8271,295.3759,8.481323,11.789307,0.65080005,-1,-1,-1
125,3171,669.3543,275.5559,9.399963,11.392334,0.7075752,-1,-1,-1
125,3157,616.0617,302.33667,8.916504,11.313812,0.66380817,-1,-1,-1
125,3156,647.8029,348.4448,10.825867,12.848724,0.6004094,-1,-1,-1
125,3234,607.3031,360.10773,10.482788,16.93106,0.7595863,-1,-1,-1
125,3250,588.3052,376.4565,14.121948,35.082336,0.56196237,-1,-1,-1
125,3216,660.20374,242.48688,9.77179,10.109375,0.6701392,-1,-1,-1
125,3262,705.5964,254.617,9.91803,11.189514,0.51664966,-1,-1,-1
125,3166,707.8613,272.3545,9.562561,10.532501,0.35773656,-1,-1,-1
125,3124,654.3849,391.26965,13.969543,17.144562,0.55086577,-1,-1,-1
125,3147,697.8357,280.8363,10.639282,11.383881,0.6058159,-1,-1,-1
125,3284,645.07086,211.48364,8.020081,9.668671,0.2604229,-1,-1,-1
125,3195,718.28424,321.7178,11.1206665,12.532196,0.252404,-1,-1,-1
126,2777,650.4084,295.47162,8.936829,11.505035,0.41267532,-1,-1,-1
126,2908,639.1706,320.89203,9.138672,13.381226,0.768039,-1,-1,-1
126,2527,595.1332,348.9594,11.533569,18.477356,0.49684718,-1,-1,-1
126,2460,654.43585,321.88977,10.34552,13.598145,0.77908313,-1,-1,-1
126,3148,661.9976,335.91025,10.471436,13.321808,0.704417,-1,-1,-1
126,3149,670.73846,375.8925,10.802795,16.84906,0.7537914,-1,-1,-1
126,3150,664.9865,351.7516,9.640686,13.731964,0.3862741,-1,-1,-1
126,3153,638.7592,310.0471,8.999268,12.878113,0.69570845,-1,-1,-1
126,3154,652.51953,305.3814,10.104492,12.272064,0.73242855,-1,-1,-1
126,3155,610.5388,342.69553,10.262939,13.746674,0.6340447,-1,-1,-1
126,3158,651.17065,285.63458,8.694397,10.357056,0.59663355,-1,-1,-1
126,3159,642.434,335.82187,10.359802,13.312988,0.6153536,-1,-1,-1
126,3160,657.3445,270.58926,9.049622,10.394531,0.76789486,-1,-1,-1
126,3170,636.12744,295.15872,8.449829,11.492401,0.65784353,-1,-1,-1
126,3171,669.5767,275.75436,9.61676,11.628784,0.749879,-1,-1,-1
126,3157,616.1284,302.32178,8.958252,11.277954,0.6247493,-1,-1,-1
126,3156,647.82263,348.26132,11.032043,12.579803,0.5386323,-1,-1,-1
126,3234,607.2793,360.07874,10.507019,16.868622,0.75828224,-1,-1,-1
126,3250,588.4826,377.4698,14.106201,33.96991,0.66369295,-1,-1,-1
126,3216,660.3315,242.54091,9.747681,10.097595,0.6472784,-1,-1,-1
126,3262,705.2688,254.1139,9.887207,11.022842,0.49319503,-1,-1,-1
126,3166,707.80334,271.73584,9.481873,10.646698,0.394886,-1,-1,-1
126,3124,654.62384,391.01544,14.052124,17.140839,0.4363687,-1,-1,-1
126,3147,697.59406,280.05652,10.422974,11.201172,0.543559,-1,-1,-1
126,3251,572.1845,353.64655,18.624512,12.75647,0.3213872,-1,-1,-1
127,2777,650.5395,294.3467,8.951477,11.629547,0.5038961,-1,-1,-1
127,2908,639.2162,321.025,9.161011,13.206116,0.76506,-1,-1,-1
127,2527,595.241,348.72076,11.366333,17.27182,0.44138286,-1,-1,-1
127,2460,654.3508,321.62802,10.319702,13.595123,0.77548695,-1,-1,-1
127,3148,662.1871,335.73297,10.26947,13.388519,0.73410946,-1,-1,-1
127,3149,670.87256,375.80173,10.724243,16.657257,0.7581684,-1,-1,-1
127,3150,665.2669,351.822,9.423523,13.626404,0.4100566,-1,-1,-1
127,3153,638.8399,309.80905,8.917297,12.7621155,0.6972358,-1,-1,-1
127,3154,652.7838,305.334,9.955872,12.037018,0.74150735,-1,-1,-1
127,3155,610.63336,342.5067,10.194275,13.838196,0.6336954,-1,-1,-1
127,3158,651.46564,285.4234,8.574158,10.027222,0.37595928,-1,-1,-1
127,3159,642.5451,335.10345,10.048096,13.4713745,0.64561534,-1,-1,-1
127,3160,657.64795,270.9089,8.958313,10.421173,0.7663594,-1,-1,-1
127,3170,636.3132,295.05292,8.54834,11.4964905,0.68955106,-1,-1,-1
127,3171,669.8095,275.9819,9.630554,11.775818,0.73636484,-1,-1,-1
127,3157,616.1482,302.33673,8.985474,11.276794,0.6498506,-1,-1,-1
127,3156,648.3814,348.75497,10.72937,12.029083,0.44011438,-1,-1,-1
127,3234,607.42145,360.19586,10.5338745,16.7807,0.76678824,-1,-1,-1
127,3250,588.6933,376.72293,13.834717,33.420807,0.58438724,-1,-1,-1
127,3216,660.6177,242.5331,9.603149,10.168808,0.6072388,-1,-1,-1
127,3124,654.8796,391.1633,13.821411,17.140778,0.491198,-1,-1,-1
127,3147,697.3142,279.39212,10.081726,10.85022,0.30298367,-1,-1,-1
127,3251,572.056,352.87418,18.94049,12.968109,0.46961644,-1,-1,-1
128,2777,650.48804,293.82367,9.010071,11.510529,0.5953759,-1,-1,-1
128,2908,639.1965,320.1339,9.119446,13.745239,0.7433151,-1,-1,-1
128,2527,595.8749,348.30807,10.869934,17.11792,0.44645864,-1,-1,-1
128,2460,654.38873,321.3483,10.305054,13.555389,0.7839746,-1,-1,-1
128,3148,662.22894,335.63962,10.412598,13.278503,0.7649909,-1,-1,-1
128,3149,671.0491,375.5049,10.618042,16.364075,0.75082815,-1,-1,-1
128,3150,665.4063,351.5111,9.3411255,13.711426,0.3499368,-1,-1,-1
128,3153,638.8743,309.64468,8.8810425,14.838287,0.56881285,-1,-1,-1
128,3154,653.0114,305.22055,9.7247925,11.511993,0.73144686,-1,-1,-1
128,3155,610.633,342.05518,10.204163,13.828705,0.59463245,-1,-1,-1
128,3158,651.43555,285.13202,8.64801,9.806244,0.43388098,-1,-1,-1
128,3159,642.6533,334.7998,10.117065,13.3732605,0.64558744,-1,-1,-1
128,3160,657.82336,271.28662,8.92157,10.397308,0.75539815,-1,-1,-1
128,3170,636.33887,294.80765,8.580994,11.602875,0.6925354,-1,-1,-1
128,3171,669.92267,276.21338,9.700012,11.852295,0.72211593,-1,-1,-1
128,3157,615.9683,302.2129,9.10022,11.371368,0.6763519,-1,-1,-1
128,3156,648.6512,348.15347,10.38916,11.636383,0.4569099,-1,-1,-1
128,3234,607.49274,360.40463,10.464661,16.78888,0.74470055,-1,-1,-1
128,3250,588.891,376.0587,13.616333,33.28134,0.7084202,-1,-1,-1
128,3216,660.8495,242.3591,9.619385,10.413818,0.51712626,-1,-1,-1
128,3124,654.9458,390.57806,13.738892,16.688446,0.6152517,-1,-1,-1
128,3147,697.0806,278.03986,9.844482,11.380005,0.5482446,-1,-1,-1
128,3251,572.6266,352.96747,18.507324,12.646301,0.40013117,-1,-1,-1
128,3283,650.03107,359.11362,11.310852,15.852722,0.3206847,-1,-1,-1
128,3174,650.8996,366.98517,11.483276,20.199799,0.45917654,-1,-1,-1
129,2777,650.3817,293.26715,8.992676,11.5928955,0.6201846,-1,-1,-1
129,2908,639.0662,319.70862,9.188965,13.953125,0.738032,-1,-1,-1
129,2527,595.7319,347.79288,10.991943,18.247253,0.5267542,-1,-1,-1
129,2460,654.3514,321.1612,10.344421,13.463226,0.77761966,-1,-1,-1
129,3148,662.0903,335.28772,10.725342,13.376617,0.7773302,-1,-1,-1
129,3149,671.0302,375.26666,10.643982,16.151215,0.74162066,-1,-1,-1
129,3150,665.5132,351.1267,9.418945,13.859772,0.29243463,-1,-1,-1
129,3153,638.8297,309.48282,8.8741455,15.746185,0.52358305,-1,-1,-1
129,3154,653.0878,305.0099,9.725159,11.386444,0.73332036,-1,-1,-1
129,3155,610.7888,341.8823,10.024048,13.7052,0.5744517,-1,-1,-1
129,3158,651.30444,284.69308,8.642761,9.768494,0.4855194,-1,-1,-1
129,3159,642.26074,334.58804,10.233093,13.7039795,0.58165073,-1,-1,-1
129,3160,657.80566,271.53876,8.992371,10.348907,0.7509682,-1,-1,-1
129,3170,636.36273,294.61978,8.577454,11.558228,0.6953352,-1,-1,-1
129,3171,669.91174,276.5918,9.728577,11.69693,0.7206439,-1,-1,-1
129,3157,615.7799,302.1091,9.123535,11.457062,0.70074403,-1,-1,-1
129,3156,648.1329,346.8545,10.933899,12.480377,0.4088735,-1,-1,-1
129,3234,607.5916,360.2399,10.404114,17.195557,0.7280108,-1,-1,-1
129,3250,588.8864,375.53003,13.5147705,33.428345,0.6531628,-1,-1,-1
129,3216,660.8678,242.45738,9.627502,10.517792,0.5723715,-1,-1,-1
129,3124,654.7124,390.1041,14.029785,16.8208,0.5725351,-1,-1,-1
129,3147,696.7387,277.0011,9.907288,11.602875,0.59667325,-1,-1,-1
129,3283,649.97986,358.9465,11.4938965,16.453339,0.4009509,-1,-1,-1
129,3174,650.8145,365.08218,11.568909,21.695038,0.5705954,-1,-1,-1
129,3166,707.0535,268.32056,9.152527,10.890259,0.44139388,-1,-1,-1
130,2777,650.2369,292.9386,9.058716,11.724915,0.61032605,-1,-1,-1
130,2908,638.858,319.22534,9.346985,14.2803955,0.7467174,-1,-1,-1
130,2527,595.6827,347.48114,11.118713,18.39862,0.54033625,-1,-1,-1
130,2460,654.3359,320.83588,10.242615,13.481812,0.7841249,-1,-1,-1
130,3148,662.085,335.13763,10.80719,13.344879,0.79567146,-1,-1,-1
130,3149,671.04193,374.84448,10.630554,15.8550415,0.7612798,-1,-1,-1
130,3150,665.4153,350.60306,9.490845,13.954712,0.6361876,-1,-1,-1
130,3153,638.4876,309.57593,8.916016,14.009888,0.5117638,-1,-1,-1
130,3154,653.08514,304.92123,9.768799,11.306976,0.72838634,-1,-1,-1
130,3155,610.78723,341.65863,10.012146,13.82843,0.6115066,-1,-1,-1
130,3158,651.1342,284.5344,8.703064,9.893188,0.49497455,-1,-1,-1
130,3159,642.01605,334.05917,9.921265,13.595551,0.67113495,-1,-1,-1
130,3160,657.80237,271.72952,9.040955,10.405457,0.7502891,-1,-1,-1
130,3170,636.34344,294.4611,8.536804,11.548889,0.6858473,-1,-1,-1
130,3171,669.9149,276.9764,9.767212,11.604767,0.74616355,-1,-1,-1
130,3157,615.67444,302.13342,9.091248,11.410126,0.7048536,-1,-1,-1
130,3156,648.2322,346.80963,11.008972,12.533936,0.4105776,-1,-1,-1
130,3234,607.58344,360.3449,10.537659,18.218231,0.7189019,-1,-1,-1
130,3250,588.94226,375.17285,13.31958,32.781036,0.64572275,-1,-1,-1
130,3216,660.9695,242.6232,9.475891,10.513962,0.6351433,-1,-1,-1
130,3124,654.3885,389.9867,14.322754,17.76062,0.35905373,-1,-1,-1
130,3147,696.2497,275.5863,10.099731,11.701935,0.6508863,-1,-1,-1
130,3174,650.6384,362.28613,11.720825,23.952332,0.49303222,-1,-1,-1
130,3166,706.4169,267.69745,9.541626,10.897034,0.32886,-1,-1,-1
130,3195,717.1189,316.62732,11.386475,12.688934,0.32941574,-1,-1,-1
130,3251,572.95734,352.14926,18.185791,12.877747,0.25473213,-1,-1,-1
131,2777,650.08594,292.65793,9.21582,11.8506775,0.6121408,-1,-1,-1
131,2908,638.6878,318.52884,9.508362,14.721161,0.7439874,-1,-1,-1
131,2527,595.69965,346.99136,11.221008,18.20697,0.55549294,-1,-1,-1
131,2460,654.32416,320.50247,10.236328,13.614624,0.7852533,-1,-1,-1
131,3148,662.2569,334.95593,10.674622,13.133606,0.7987341,-1,-1,-1
131,3149,671.13794,374.32483,10.5372925,15.97757,0.75667626,-1,-1,-1
131,3150,665.49854,350.61835,9.438049,13.845306,0.6663859,-1,-1,-1
131,3153,638.26965,309.52148,8.96814,13.118805,0.46952775,-1,-1,-1
131,3154,652.97986,304.6706,9.960388,11.377136,0.7403317,-1,-1,-1
131,3155,610.977,340.95367,9.788574,13.872925,0.6927985,-1,-1,-1
131,3158,651.09814,284.3969,8.751648,9.994568,0.51118344,-1,-1,-1
131,3159,642.0302,333.77567,9.736694,13.233154,0.65478224,-1,-1,-1
131,3160,657.805,271.76294,9.126892,10.447876,0.75548804,-1,-1,-1
131,3170,636.2447,294.23193,8.505066,11.440582,0.66597235,-1,-1,-1
131,3171,669.8872,277.12604,9.795227,11.545258,0.6288538,-1,-1,-1
131,3157,615.53,302.13724,9.110107,11.410278,0.71992874,-1,-1,-1
131,3156,648.18286,346.83194,10.902588,12.35379,0.37407744,-1,-1,-1
131,3234,607.5993,360.2948,10.52301,17.866669,0.7503331,-1,-1,-1
131,3250,588.9599,376.18573,13.331238,31.537659,0.68653977,-1,-1,-1
131,3216,661.1927,242.72536,9.347473,10.48111,0.61978865,-1,-1,-1
131,3124,654.6332,389.63022,13.780273,17.883911,0.60824984,-1,-1,-1
131,3147,695.75793,274.04233,10.1883545,11.905304,0.6497597,-1,-1,-1
131,3174,650.72266,361.76413,11.583801,24.070343,0.5219104,-1,-1,-1
131,3166,705.6447,266.9395,10.048584,10.925903,0.44357967,-1,-1,-1
131,3289,734.92676,294.3548,12.393066,12.501892,0.3616104,-1,-1,-1
131,3195,716.3925,315.32098,11.522095,13.025269,0.40916303,-1,-1,-1
132,2777,650.11066,292.17346,9.283508,12.202118,0.58112276,-1,-1,-1
132,2908,638.8496,317.8411,9.452148,14.919739,0.71811974,-1,-1,-1
132,2527,595.4614,346.95837,11.528381,17.683746,0.61902267,-1,-1,-1
132,2460,654.4364,320.3946,10.077148,13.516846,0.7828668,-1,-1,-1
132,3148,662.3558,334.73868,10.626282,13.037231,0.77527565,-1,-1,-1
132,3149,671.2478,374.08505,10.592346,15.991547,0.768022,-1,-1,-1
132,3150,665.6019,350.5037,9.490601,13.910919,0.63323265,-1,-1,-1
132,3153,638.37915,309.54193,8.990234,12.891296,0.54867774,-1,-1,-1
132,3154,653.10944,304.55038,9.8776245,11.112701,0.73508894,-1,-1,-1
132,3155,611.0533,340.23416,9.702332,14.122345,0.7399037,-1,-1,-1
132,3158,651.1445,284.30728,8.799622,10.588715,0.4289516,-1,-1,-1
132,3159,642.225,333.55646,9.527161,13.131714,0.6584797,-1,-1,-1
132,3160,657.8799,271.75116,9.3098755,10.506134,0.7611361,-1,-1,-1
132,3170,636.4227,294.24387,8.448364,11.20047,0.6979878,-1,-1,-1
132,3171,670.2468,277.27176,9.976501,11.651062,0.57697916,-1,-1,-1
132,3157,615.50116,302.09396,9.172791,11.458588,0.7138239,-1,-1,-1
132,3156,648.1267,346.1282,11.274048,13.554199,0.3633166,-1,-1,-1
132,3234,607.3699,360.22128,10.751404,18.411682,0.74164295,-1,-1,-1
132,3250,588.97406,378.8387,13.189392,28.886627,0.6125895,-1,-1,-1
132,3216,661.46844,243.06058,9.180481,10.249039,0.5579184,-1,-1,-1
132,3124,654.7242,389.34546,13.87146,18.866882,0.5323432,-1,-1,-1
132,3147,695.40295,273.08572,10.309814,11.875519,0.6512587,-1,-1,-1
132,3174,650.8318,361.18414,11.464661,24.353607,0.5662502,-1,-1,-1
132,3166,705.6106,266.2529,9.922485,11.090881,0.48135084,-1,-1,-1
132,3195,716.13306,314.04947,11.442261,13.184937,0.29471037,-1,-1,-1
132,3251,574.5151,351.43735,17.024841,12.965332,0.26254833,-1,-1,-1
133,2777,650.099,291.9605,9.329285,12.298859,0.55059797,-1,-1,-1
133,2908,638.9836,318.19226,9.344177,14.34256,0.7327491,-1,-1,-1
133,2527,595.09973,346.612,11.845947,17.540833,0.6669367,-1,-1,-1
133,2460,654.434,320.26532,9.964844,13.382935,0.7697856,-1,-1,-1
133,3148,662.4999,334.52618,10.734192,12.99881,0.76160103,-1,-1,-1
133,3149,671.4992,373.8902,10.760254,16.33075,0.74820805,-1,-1,-1
133,3150,665.8774,350.3993,9.413086,13.757599,0.63294244,-1,-1,-1
133,3153,638.4347,309.4015,8.918518,11.9938965,0.5432855,-1,-1,-1
133,3154,653.2043,304.49234,9.882629,10.90979,0.71949816,-1,-1,-1
133,3155,611.1639,340.01907,9.660522,14.18985,0.77110744,-1,-1,-1
133,3158,651.15234,283.9955,8.912903,10.859924,0.4099221,-1,-1,-1
133,3159,642.3233,333.6622,9.730286,12.955139,0.6128562,-1,-1,-1
133,3160,658.09,271.84192,9.3172,10.6015625,0.75307566,-1,-1,-1
133,3170,636.52246,294.2373,8.414856,11.0381775,0.6997339,-1,-1,-1
133,3171,670.4894,277.83554,10.112671,11.445343,0.61458194,-1,-1,-1
133,3157,615.4213,302.16467,9.213135,11.377289,0.7042994,-1,-1,-1
133,3156,647.9353,345.05167,11.19165,13.605621,0.42618257,-1,-1,-1
133,3234,607.3473,359.87375,10.700684,17.978027,0.7349677,-1,-1,-1
133,3250,589.12164,379.78677,12.978699,26.832245,0.6140259,-1,-1,-1
133,3216,661.58215,243.2959,9.2317505,10.170242,0.42751846,-1,-1,-1
133,3124,654.7341,388.86896,13.692322,18.19867,0.62730086,-1,-1,-1
133,3147,694.93695,272.5493,10.467346,11.39566,0.55246425,-1,-1,-1
133,3174,651.08405,361.60495,11.2907715,23.77359,0.60325366,-1,-1,-1
133,3166,705.72516,265.71,9.629578,11.166626,0.35729733,-1,-1,-1
133,3251,572.956,350.83218,17.915771,13.042847,0.4407612,-1,-1,-1
134,2777,650.2444,290.59552,9.407593,13.47641,0.50762427,-1,-1,-1
134,2908,639.14307,317.17157,9.314209,14.91748,0.69737846,-1,-1,-1
134,2527,595.0445,346.49347,12.064087,17.295471,0.65449566,-1,-1,-1
134,2460,654.58435,320.0974,9.882202,13.433044,0.75646156,-1,-1,-1
134,3148,662.83356,334.30206,10.395691,12.904053,0.7513477,-1,-1,-1
134,3149,671.875,373.70856,10.664917,16.21759,0.7268151,-1,-1,-1
134,3150,666.0816,350.32477,9.318115,13.303925,0.6244224,-1,-1,-1
134,3153,638.58887,309.43967,9.099548,12.441223,0.60296834,-1,-1,-1
134,3154,653.3663,304.352,9.802246,10.863373,0.7196827,-1,-1,-1
134,3155,611.4649,339.52118,9.628906,14.441162,0.8003474,-1,-1,-1
134,3158,651.1966,284.1011,8.987915,12.51239,0.4248838,-1,-1,-1
134,3159,642.5593,333.99646,10.164185,13.115875,0.58044237,-1,-1,-1
134,3160,658.54846,272.14813,9.16748,10.560669,0.779375,-1,-1,-1
134,3170,636.6252,294.08505,8.440308,11.041229,0.7159555,-1,-1,-1
134,3171,670.9939,278.0638,10.135193,11.532135,0.60876626,-1,-1,-1
134,3157,615.4372,302.1111,9.2335205,11.356079,0.7040389,-1,-1,-1
134,3156,647.8942,344.5064,11.3758545,13.039001,0.5099822,-1,-1,-1
134,3234,607.3398,359.53275,10.846985,17.77478,0.7345593,-1,-1,-1
134,3250,589.2346,381.00555,13.004028,25.919037,0.5809923,-1,-1,-1
134,3216,661.85364,243.39973,9.020142,10.184357,0.31219387,-1,-1,-1
134,3124,654.88586,388.65546,13.472107,17.856659,0.64955693,-1,-1,-1
134,3147,694.6679,271.79373,10.426331,11.476318,0.3516778,-1,-1,-1
134,3174,651.3205,361.95737,11.184631,23.212006,0.62685925,-1,-1,-1
134,3166,705.5301,264.77078,9.634705,11.308044,0.29336256,-1,-1,-1
134,3251,572.554,350.2701,18.042725,13.244629,0.41944146,-1,-1,-1
135,2777,650.22644,289.21405,9.530762,14.642914,0.4837442,-1,-1,-1
135,2908,639.007,314.62775,9.480896,16.836243,0.6709939,-1,-1,-1
135,2527,595.1453,346.72406,11.882935,17.24466,0.64361465,-1,-1,-1
135,2460,654.5528,319.7689,9.8359375,13.6432495,0.75673664,-1,-1,-1
135,3148,662.9319,334.33472,10.228149,12.735413,0.7430945,-1,-1,-1
135,3149,671.9912,373.42642,10.550232,16.288483,0.73619133,-1,-1,-1
135,3150,666.0305,350.15158,9.38269,13.157745,0.6108054,-1,-1,-1
135,3153,638.48364,309.4026,9.433716,14.102081,0.62359655,-1,-1,-1
135,3154,653.37427,304.2456,9.690796,10.816193,0.7218251,-1,-1,-1
135,3155,611.3875,339.21298,9.727966,14.495544,0.79782724,-1,-1,-1
135,3158,651.071,284.08575,9.124451,13.862976,0.44319797,-1,-1,-1
135,3159,642.61255,333.99503,10.496033,13.128479,0.49566355,-1,-1,-1
135,3160,658.7204,272.30984,9.127991,10.573975,0.79463583,-1,-1,-1
135,3170,636.5563,293.93106,8.578064,11.1362915,0.7113087,-1,-1,-1
135,3171,671.19354,278.36438,10.154663,11.495575,0.49960014,-1,-1,-1
135,3157,615.19604,302.12805,9.284973,11.430115,0.7050413,-1,-1,-1
135,3156,647.9945,344.30197,11.325439,12.753998,0.55030364,-1,-1,-1
135,3234,607.27057,359.3233,10.892212,17.377747,0.73860276,-1,-1,-1
135,3250,589.224,382.13858,12.876648,24.934906,0.46135685,-1,-1,-1
135,3216,662.1414,243.69127,8.864136,10.118576,0.39607835,-1,-1,-1
135,3124,654.9569,388.3863,13.298401,17.88385,0.653677,-1,-1,-1
135,3147,694.35175,270.6945,10.140442,11.566223,0.5227605,-1,-1,-1
135,3174,651.3677,362.2718,11.170776,22.676514,0.6225387,-1,-1,-1
135,3166,704.8978,263.92203,9.348633,11.432709,0.30973986,-1,-1,-1
135,3251,572.2178,349.93246,18.19812,13.346985,0.4481069,-1,-1,-1
136,2777,650.39435,288.88937,9.5849,14.761047,0.50772655,-1,-1,-1
136,2908,639.24854,313.146,9.381226,17.829224,0.65135056,-1,-1,-1
136,2527,595.312,346.66394,11.722046,17.012085,0.6670149,-1,-1,-1
136,2460,654.9962,319.42096,9.609436,13.889709,0.7519528,-1,-1,-1
136,3148,663.10284,333.96463,10.102722,12.834106,0.7296887,-1,-1,-1
136,3149,672.13995,372.87366,10.581421,16.22934,0.7837839,-1,-1,-1
136,3150,666.13947,349.77393,9.46228,13.214874,0.6647917,-1,-1,-1
136,3153,638.5992,309.05118,9.612549,14.843658,0.6655804,-1,-1,-1
136,3154,653.52246,303.9844,9.540649,10.9218445,0.7102679,-1,-1,-1
136,3155,611.5679,338.94427,9.613892,14.387939,0.8105632,-1,-1,-1
136,3158,651.2499,284.07483,9.159058,14.0000305,0.45655826,-1,-1,-1
136,3159,642.99023,333.36694,9.745056,12.8914795,0.6275712,-1,-1,-1
136,3160,659.08093,272.4111,9.087341,10.480164,0.7901969,-1,-1,-1
136,3170,636.7238,293.87692,8.713501,11.001007,0.71663594,-1,-1,-1
136,3171,671.8445,278.71637,9.994568,11.3984375,0.50942713,-1,-1,-1
136,3157,615.22595,302.18073,9.240356,11.376556,0.7039587,-1,-1,-1
136,3156,648.8012,344.43088,10.7178955,12.354004,0.55544394,-1,-1,-1
136,3234,607.38446,359.2383,10.85791,16.42572,0.73868763,-1,-1,-1
136,3250,589.33484,379.82928,12.832886,26.597595,0.40601486,-1,-1,-1
136,3124,655.166,388.19647,12.912964,17.601624,0.68609715,-1,-1,-1
136,3147,694.35876,269.55634,9.8172,11.663696,0.46393946,-1,-1,-1
136,3174,651.62354,361.46487,11.159546,23.152832,0.6348838,-1,-1,-1
136,3251,572.62665,349.75623,17.736267,13.10498,0.46785718,-1,-1,-1
136,3273,609.71387,383.28036,13.324036,23.271973,0.3730571,-1,-1,-1
137,2777,650.53864,288.39044,9.650513,15.142914,0.4814486,-1,-1,-1
137,2908,639.49634,313.15967,9.259949,17.57788,0.6653042,-1,-1,-1
137,2527,595.26,346.41644,11.748779,16.825348,0.6559333,-1,-1,-1
137,2460,655.26984,319.36908,9.500916,14.014435,0.72802854,-1,-1,-1
137,3148,663.0943,333.36377,10.214172,13.259674,0.7534507,-1,-1,-1
137,3149,672.18994,372.49265,10.643066,16.334656,0.7865255,-1,-1,-1
137,3150,666.2628,349.53284,9.527588,13.292725,0.66913414,-1,-1,-1
137,3153,638.74384,308.83057,9.645874,14.466492,0.65144193,-1,-1,-1
137,3154,653.5852,303.73352,9.60498,11.174957,0.6935376,-1,-1,-1
137,3155,611.591,338.9834,9.678162,14.291748,0.81157196,-1,-1,-1
137,3158,651.41364,284.246,9.176392,14.722168,0.4663285,-1,-1,-1
137,3159,643.25073,332.9688,9.245728,12.506561,0.6737476,-1,-1,-1
137,3160,659.5749,272.62573,8.986084,10.547638,0.77590376,-1,-1,-1
137,3170,636.8264,293.95312,8.861267,10.870483,0.73998946,-1,-1,-1
137,3171,672.3372,279.15842,9.962585,11.281006,0.6406993,-1,-1,-1
137,3157,615.244,302.28082,9.291138,11.331757,0.69778293,-1,-1,-1
137,3156,649.2838,344.45255,10.455383,12.127899,0.5186221,-1,-1,-1
137,3234,607.46606,358.96002,10.829163,16.13147,0.7409606,-1,-1,-1
137,3250,589.1939,375.45236,13.130615,30.628998,0.5321276,-1,-1,-1
137,3124,655.23926,388.1889,12.641663,17.702698,0.64487207,-1,-1,-1
137,3147,694.08844,268.84354,9.653687,11.485016,0.49069393,-1,-1,-1
137,3174,651.7971,361.2199,11.169983,23.244232,0.64658993,-1,-1,-1
137,3251,572.5122,349.6525,17.64502,12.988617,0.41385606,-1,-1,-1
137,3273,609.8853,383.69504,13.110046,22.647064,0.5384263,-1,-1,-1
137,3262,703.9453,248.00552,9.356445,9.885559,0.29102492,-1,-1,-1
137,3216,662.68066,244.3168,8.883301,9.825821,0.34235162,-1,-1,-1
137,3166,704.8852,262.39487,8.642334,11.054932,0.44179717,-1,-1,-1
138,2777,650.5554,288.39935,9.72644,15.101318,0.44430315,-1,-1,-1
138,2908,639.5826,313.24185,9.185364,17.400452,0.6581983,-1,-1,-1
138,2527,595.2946,346.27606,11.562744,16.544464,0.64341134,-1,-1,-1
138,2460,655.3632,319.36896,9.434998,14.049408,0.73336756,-1,-1,-1
138,3148,663.0734,333.1213,10.196106,13.419403,0.7572594,-1,-1,-1
138,3149,672.1952,372.35788,10.65918,16.381744,0.78680587,-1,-1,-1
138,3150,666.31836,349.512,9.556091,13.33667,0.6448902,-1,-1,-1
138,3153,638.79004,308.80826,9.686707,14.254364,0.65956575,-1,-1,-1
138,3154,653.55347,303.63947,9.624268,11.240143,0.6874505,-1,-1,-1
138,3155,611.5961,338.94907,9.706116,14.292389,0.81613874,-1,-1,-1
138,3158,651.4627,284.25378,9.214172,14.690308,0.4724555,-1,-1,-1
138,3159,643.3043,332.8154,9.108704,12.289581,0.70069045,-1,-1,-1
138,3160,659.72095,272.9217,9.004944,10.707825,0.7652389,-1,-1,-1
138,3170,636.8251,294.0025,8.929199,10.827362,0.74155486,-1,-1,-1
138,3171,672.5116,279.42383,10.11322,11.464691,0.6719593,-1,-1,-1
138,3157,615.1966,302.44693,9.309082,11.24881,0.69772965,-1,-1,-1
138,3156,649.36786,344.44052,10.465515,11.983368,0.47980624,-1,-1,-1
138,3234,607.4698,358.7585,10.829407,16.273651,0.73570913,-1,-1,-1
138,3250,589.19116,375.00885,13.049927,30.768219,0.542819,-1,-1,-1
138,3124,655.171,388.02206,12.670471,17.6893,0.6680082,-1,-1,-1
138,3147,693.79083,268.5395,9.582947,11.078766,0.37903544,-1,-1,-1
138,3174,651.8662,361.79688,11.159241,22.527618,0.5664507,-1,-1,-1
138,3251,571.70233,349.56186,17.895264,12.955475,0.38030374,-1,-1,-1
138,3273,609.9343,383.9154,13.120911,22.480743,0.39305714,-1,-1,-1
138,3166,704.2285,261.72113,8.743042,11.071503,0.2988055,-1,-1,-1
138,3283,650.9027,358.70712,10.808228,18.767426,0.2599026,-1,-1,-1
139,2777,650.4609,288.14142,9.793457,15.087463,0.4412563,-1,-1,-1
139,2908,639.6338,312.60693,9.216797,17.729553,0.6628344,-1,-1,-1
139,2527,595.24493,346.2073,11.539978,16.843414,0.632491,-1,-1,-1
139,2460,655.4485,319.16953,9.335754,14.010712,0.7296067,-1,-1,-1
139,3148,662.9536,332.85455,10.287598,13.528748,0.7667956,-1,-1,-1
139,3149,672.2214,372.17896,10.681335,16.491913,0.7847711,-1,-1,-1
139,3150,666.2902,349.42703,9.81012,13.415009,0.6690581,-1,-1,-1
139,3153,638.83167,308.57138,9.768127,15.01358,0.652414,-1,-1,-1
139,3154,653.51263,303.45795,9.626099,11.232056,0.67916703,-1,-1,-1
139,3155,611.5762,338.71783,9.648254,14.197815,0.7917242,-1,-1,-1
139,3158,651.4168,284.17987,9.170227,14.498413,0.4045884,-1,-1,-1
139,3159,643.2905,332.73953,9.133972,12.170715,0.68933177,-1,-1,-1
139,3160,659.76624,273.03976,9.060913,10.839447,0.77056545,-1,-1,-1
139,3170,636.86554,293.8857,9.10144,10.676819,0.73501945,-1,-1,-1
139,3171,672.6727,279.613,10.153381,11.572479,0.67812175,-1,-1,-1
139,3157,615.09717,302.38065,9.34082,11.281403,0.7158507,-1,-1,-1
139,3156,649.2726,343.86887,10.678955,12.248993,0.5916373,-1,-1,-1
139,3234,607.6547,358.63104,10.583618,16.244232,0.7177545,-1,-1,-1
139,3250,589.17633,374.28104,13.11322,31.367737,0.48411572,-1,-1,-1
139,3124,655.20135,387.68118,12.766602,18.017029,0.65546393,-1,-1,-1
139,3147,693.52313,267.84412,9.404358,10.819885,0.3879337,-1,-1,-1
139,3174,651.91064,362.37115,11.088135,21.81134,0.5268317,-1,-1,-1
139,3251,572.0895,349.2757,17.842651,13.038147,0.36186013,-1,-1,-1
139,3273,610.0221,383.85956,13.22876,22.903503,0.29605526,-1,-1,-1
139,3166,703.7149,260.99152,9.037842,11.106476,0.33927444,-1,-1,-1
139,3216,662.85205,244.67036,9.111084,9.987869,0.3094784,-1,-1,-1
140,2777,650.412,288.3688,9.807312,14.844635,0.51692295,-1,-1,-1
140,2908,639.6687,312.62003,9.178589,17.586853,0.65628874,-1,-1,-1
140,2527,595.2173,346.04068,11.612549,17.131348,0.63869816,-1,-1,-1
140,2460,655.5961,319.06088,9.28656,13.802032,0.7335087,-1,-1,-1
140,3148,662.9175,332.5996,10.303162,13.695374,0.7746926,-1,-1,-1
140,3149,672.21,372.1951,10.874878,16.586243,0.7740935,-1,-1,-1
140,3150,666.4212,349.37064,9.911926,13.481445,0.67622685,-1,-1,-1
140,3153,638.8419,308.5477,9.739441,14.890961,0.6224629,-1,-1,-1
140,3154,653.5318,303.34457,9.676147,11.295044,0.6691983,-1,-1,-1
140,3155,611.6441,338.5418,9.537903,14.185638,0.78256285,-1,-1,-1
140,3158,651.50696,284.23108,9.016357,13.953644,0.36791188,-1,-1,-1
140,3159,643.21484,332.22763,8.93811,12.3974,0.7108134,-1,-1,-1
140,3160,660.0308,273.27237,8.950989,10.887024,0.7790193,-1,-1,-1
140,3170,636.883,293.93973,9.173645,10.635773,0.7247873,-1,-1,-1
140,3171,672.96014,279.95224,9.954224,11.701111,0.70676607,-1,-1,-1
140,3157,614.9738,302.4671,9.377747,11.334991,0.7213136,-1,-1,-1
140,3156,649.37726,343.57285,10.584534,12.368378,0.59688866,-1,-1,-1
140,3234,607.7901,358.73874,10.404297,16.131592,0.7076319,-1,-1,-1
140,3250,588.9672,371.50494,13.499512,33.747894,0.5320497,-1,-1,-1
140,3124,655.31433,387.70377,12.69519,18.488464,0.4376424,-1,-1,-1
140,3147,692.7414,266.76227,9.589966,11.065918,0.4266393,-1,-1,-1
140,3174,651.84454,361.9784,11.195251,22.124878,0.5157733,-1,-1,-1
140,3251,572.3466,349.26093,17.657166,12.952545,0.40727472,-1,-1,-1
140,3273,610.0256,383.245,13.152283,23.269073,0.49454635,-1,-1,-1
140,3166,703.3469,260.53546,9.440308,11.134705,0.4928379,-1,-1,-1
140,3216,663.0463,244.95724,9.202332,10.185135,0.42140925,-1,-1,-1
141,2777,650.6872,288.4097,9.782043,14.829773,0.5151621,-1,-1,-1
141,2908,639.9741,312.14127,9.095032,17.826813,0.67033666,-1,-1,-1
141,2527,595.6005,345.33917,11.402344,17.711273,0.5878102,-1,-1,-1
141,2460,655.97943,318.50882,9.368652,13.940491,0.77157265,-1,-1,-1
141,3148,663.1122,332.46344,10.291504,13.667572,0.7520319,-1,-1,-1
141,3149,672.5015,372.18405,10.892273,16.49649,0.777666,-1,-1,-1
141,3150,666.66406,349.16086,10.105835,13.653992,0.70160866,-1,-1,-1
141,3153,639.1927,308.7007,9.675476,15.213989,0.6628732,-1,-1,-1
141,3154,653.7874,303.05878,9.441956,11.42453,0.68322366,-1,-1,-1
141,3155,611.8506,338.49936,9.470886,13.90387,0.7734534,-1,-1,-1
141,3158,651.8281,284.01373,8.911804,13.578796,0.37894264,-1,-1,-1
141,3159,643.3282,332.05588,8.967224,12.449371,0.7031053,-1,-1,-1
141,3160,660.56696,273.59537,8.905457,10.97818,0.7536262,-1,-1,-1
141,3170,637.0674,293.7699,9.176147,10.733887,0.7540624,-1,-1,-1
141,3171,673.3807,279.8054,10.179138,12.325989,0.4854314,-1,-1,-1
141,3157,615.15625,302.47287,9.367615,11.385132,0.706194,-1,-1,-1
141,3156,649.74023,343.6396,10.404236,12.272919,0.56350607,-1,-1,-1
141,3234,607.82367,359.04266,10.525513,16.524292,0.5240417,-1,-1,-1
141,3250,589.01416,371.40335,13.679077,33.998535,0.48017493,-1,-1,-1
141,3124,655.42737,387.1656,12.762817,19.108063,0.46468115,-1,-1,-1
141,3147,692.59576,265.88712,9.349426,11.130829,0.27983117,-1,-1,-1
141,3174,652.1207,361.59894,11.133789,22.351196,0.48214388,-1,-1,-1
141,3251,572.8194,348.98114,17.212524,12.977386,0.29411268,-1,-1,-1
141,3273,610.2322,383.24426,12.928345,22.753693,0.5545381,-1,-1,-1
141,3166,703.2661,259.65524,9.642517,11.140503,0.49150908,-1,-1,-1
141,3216,663.7995,244.82042,9.169006,10.744247,0.39080793,-1,-1,-1
142,2777,650.83307,288.35822,9.720215,14.96579,0.49964312,-1,-1,-1
142,2908,640.08,312.1144,9.088135,17.783905,0.69294316,-1,-1,-1
142,2527,595.66394,344.95682,11.307922,17.788055,0.6344536,-1,-1,-1
142,2460,656.0569,318.39413,9.350586,13.861084,0.77483976,-1,-1,-1
142,3148,663.2644,332.3834,10.3533325,13.779572,0.7822838,-1,-1,-1
142,3149,672.62964,372.24536,10.948425,16.48581,0.7825369,-1,-1,-1
142,3150,666.81335,349.17038,10.20636,13.7213745,0.6983948,-1,-1,-1
142,3153,639.3071,308.96173,9.641296,15.327362,0.66822386,-1,-1,-1
142,3154,653.9138,303.0126,9.297852,11.444855,0.67582667,-1,-1,-1
142,3155,611.80035,338.49548,9.474915,13.746338,0.7727965,-1,-1,-1
142,3158,651.9633,284.04565,8.848511,13.58316,0.41863474,-1,-1,-1
142,3159,643.297,332.0265,9.010864,12.349335,0.71900904,-1,-1,-1
142,3160,660.8747,273.99847,8.724365,10.934174,0.7179699,-1,-1,-1
142,3170,637.05695,293.71622,9.214661,10.812073,0.77005976,-1,-1,-1
142,3171,673.8163,280.10345,10.052124,12.296631,0.70450133,-1,-1,-1
142,3157,615.12335,302.70276,9.297607,11.357117,0.70183164,-1,-1,-1
142,3156,649.881,343.69904,10.328186,12.320892,0.5571155,-1,-1,-1
142,3234,607.7805,359.1157,10.617615,16.664948,0.54532707,-1,-1,-1
142,3250,588.98,370.80792,13.719299,34.635315,0.4833095,-1,-1,-1
142,3124,655.4595,386.83017,12.997925,19.437775,0.523474,-1,-1,-1
142,3147,692.3203,264.74515,9.077332,11.40155,0.30690405,-1,-1,-1
142,3174,652.2193,361.74063,11.110291,22.112457,0.47812024,-1,-1,-1
142,3273,610.22424,382.98306,12.836975,22.711548,0.39765513,-1,-1,-1
142,3166,703.0004,259.4379,9.620728,10.806427,0.4461757,-1,-1,-1
142,3216,663.91864,245.30052,9.115967,10.783432,0.34604618,-1,-1,-1
142,3195,713.86975,304.87177,11.547058,12.611664,0.28441808,-1,-1,-1
143,2777,650.8358,287.93546,9.8029175,15.252686,0.522022,-1,-1,-1
143,2908,640.1348,311.96786,9.120056,17.947723,0.6947719,-1,-1,-1
143,2527,595.58575,344.84335,11.554626,18.275604,0.60554713,-1,-1,-1
143,2460,656.0548,318.32422,9.488892,13.89566,0.76576066,-1,-1,-1
143,3148,663.47375,332.5632,10.491089,13.689484,0.7537592,-1,-1,-1
143,3149,672.73114,372.3065,10.966003,16.369476,0.7716046,-1,-1,-1
143,3150,666.92163,348.9306,10.261536,14.013489,0.69218254,-1,-1,-1
143,3153,639.43304,309.07227,9.576965,16.066772,0.6894898,-1,-1,-1
143,3154,654.0038,303.1346,9.204041,11.26593,0.6738009,-1,-1,-1
143,3155,611.82117,338.4881,9.507874,13.737976,0.76431316,-1,-1,-1
143,3158,651.95483,284.023,8.9210205,14.069641,0.44156036,-1,-1,-1
143,3159,643.3301,331.9833,9.044678,12.180939,0.73459893,-1,-1,-1
143,3160,661.0973,274.22095,8.71051,10.986359,0.69682294,-1,-1,-1
143,3170,637.0629,293.64035,9.239319,10.804321,0.7594314,-1,-1,-1
143,3171,674.06793,280.31824,9.947998,12.285217,0.6733939,-1,-1,-1
143,3157,615.044,302.80997,9.239319,11.36142,0.69577587,-1,-1,-1
143,3156,649.9431,343.69647,10.399231,12.396698,0.4679168,-1,-1,-1
143,3234,608.038,358.89938,10.392273,17.017303,0.50335425,-1,-1,-1
143,3250,588.9522,371.10287,13.698914,34.52884,0.49470326,-1,-1,-1
143,3124,655.4848,386.70795,13.362854,20.224884,0.48754638,-1,-1,-1
143,3147,691.9592,263.7817,9.003113,11.622772,0.4258589,-1,-1,-1
143,3174,652.2464,361.61865,11.270081,22.154602,0.4240639,-1,-1,-1
143,3166,702.72235,258.7393,9.735779,11.19754,0.38113633,-1,-1,-1
143,3216,664.0177,245.58025,9.063171,10.739853,0.5744022,-1,-1,-1
143,3195,713.65546,304.31152,11.528503,12.194214,0.28103107,-1,-1,-1
144,2777,650.8718,287.42844,9.857361,15.585693,0.5487247,-1,-1,-1
144,2908,640.1283,311.99734,9.182861,17.854492,0.70436436,-1,-1,-1
144,2527,595.53455,344.64157,11.687988,18.607605,0.6551104,-1,-1,-1
144,2460,656.0765,318.2149,9.519226,13.914551,0.77222633,-1,-1,-1
144,3148,663.5812,332.59857,10.591187,13.661499,0.7609776,-1,-1,-1
144,3149,672.77966,372.15317,11.064026,16.496918,0.7753848,-1,-1,-1
144,3150,667.04956,348.77377,10.155151,14.156403,0.7123033,-1,-1,-1
144,3153,639.4689,308.9593,9.583374,16.612152,0.6367842,-1,-1,-1
144,3154,654.1914,303.0409,9.0859375,11.3237,0.6598829,-1,-1,-1
144,3155,611.8044,338.5243,9.490662,13.828064,0.7593356,-1,-1,-1
144,3158,651.8934,283.91156,9.057251,14.924469,0.46850613,-1,-1,-1
144,3159,643.3502,331.66867,9.151428,12.289825,0.7360737,-1,-1,-1
144,3160,661.37915,274.87378,9.033203,10.867828,0.66515654,-1,-1,-1
144,3170,637.07745,293.47745,9.319275,10.86972,0.76258916,-1,-1,-1
144,3171,674.41223,280.80142,9.767334,12.081146,0.7057539,-1,-1,-1
144,3157,614.97943,302.8818,9.181946,11.427551,0.71120936,-1,-1,-1
144,3156,650.00006,343.8364,10.374634,12.187653,0.49675733,-1,-1,-1
144,3234,608.25824,358.61057,10.244751,17.204468,0.49277955,-1,-1,-1
144,3250,588.9643,371.57925,13.649719,34.01526,0.5688539,-1,-1,-1
144,3124,655.5224,386.5079,13.655212,20.7258,0.57833517,-1,-1,-1
144,3147,691.6136,262.69125,9.008423,11.670288,0.39384073,-1,-1,-1
144,3174,652.27856,361.60236,11.331482,22.082306,0.3888786,-1,-1,-1
144,3166,702.44617,257.7106,9.82666,11.837402,0.3436856,-1,-1,-1
144,3216,664.1421,246.1234,8.864014,10.400558,0.56679446,-1,-1,-1
144,3195,713.4003,303.54364,11.301331,12.007629,0.3975905,-1,-1,-1
144,3251,572.4756,347.88086,17.46051,13.541565,0.2652542,-1,-1,-1
145,2777,650.9316,286.9769,9.911438,15.849213,0.58854693,-1,-1,-1
145,2908,640.1742,312.0997,9.093384,17.69806,0.71202046,-1,-1,-1
145,2527,595.634,344.69174,11.68866,18.216248,0.45348898,-1,-1,-1
145,2460,656.181,318.30917,9.57373,13.8203125,0.7491874,-1,-1,-1
145,3148,663.5181,332.34637,10.893005,13.948059,0.793793,-1,-1,-1
145,3149,672.84204,372.18265,11.142334,16.666504,0.7658835,-1,-1,-1
145,3150,667.1994,348.79367,10.238342,14.190643,0.6333717,-1,-1,-1
145,3153,639.57,308.69223,9.420105,16.730316,0.66131866,-1,-1,-1
145,3154,654.7124,303.04044,9.010132,11.478912,0.69700265,-1,-1,-1
145,3155,612.03265,338.44696,9.210144,13.754089,0.7305316,-1,-1,-1
145,3159,643.3195,331.57413,9.457642,12.227844,0.74311554,-1,-1,-1
145,3160,661.5529,275.16602,9.196106,10.862671,0.6299198,-1,-1,-1
145,3170,637.1664,293.43735,9.191101,10.825562,0.7615371,-1,-1,-1
145,3171,674.7872,281.33832,9.780762,11.901245,0.72225004,-1,-1,-1
145,3157,614.9225,302.9498,9.228699,11.376923,0.72120166,-1,-1,-1
145,3156,649.8496,343.29077,10.590454,12.3638,0.5553302,-1,-1,-1
145,3234,608.3786,358.21967,10.3897705,17.668976,0.53302056,-1,-1,-1
145,3250,589.1961,373.84604,13.468445,31.624084,0.4401461,-1,-1,-1
145,3124,655.69104,386.6117,13.626465,20.164917,0.58066416,-1,-1,-1
145,3147,691.4377,261.80783,9.105164,11.40387,0.4697434,-1,-1,-1
145,3174,652.46924,362.23242,11.213623,21.495697,0.56888294,-1,-1,-1
145,3216,664.3859,246.56906,8.678711,10.113983,0.617284,-1,-1,-1
145,3251,573.23944,348.08173,16.688904,13.169098,0.29043457,-1,-1,-1
146,2777,650.933,287.0713,9.841553,15.732452,0.57694376,-1,-1,-1
146,2908,640.17004,312.15182,9.010437,17.649597,0.7022569,-1,-1,-1
146,2527,595.5945,344.69275,11.699463,18.145203,0.47112942,-1,-1,-1
146,2460,656.28784,318.34296,9.529907,13.85318,0.7211303,-1,-1,-1
146,3148,663.47656,332.1381,11.056152,14.115387,0.784199,-1,-1,-1
146,3149,672.79175,372.22485,11.175964,16.683777,0.7679199,-1,-1,-1
146,3150,667.2324,348.91867,10.252686,14.067963,0.6737181,-1,-1,-1
146,3153,639.6298,308.42325,9.293457,16.238739,0.6474548,-1,-1,-1
146,3154,654.8446,302.9701,9.007446,11.624878,0.7039376,-1,-1,-1
146,3155,612.12085,338.37628,9.066101,13.693115,0.7343659,-1,-1,-1
146,3159,643.23535,331.44296,9.715027,12.363556,0.7263703,-1,-1,-1
146,3160,661.5913,275.19778,9.299316,11.049866,0.62615526,-1,-1,-1
146,3170,637.1993,293.46716,9.10199,10.744202,0.7481583,-1,-1,-1
146,3171,675.0499,281.92984,9.780945,11.877472,0.643926,-1,-1,-1
146,3157,614.8489,303.22614,9.201904,11.251709,0.70446444,-1,-1,-1
146,3156,649.6312,342.77066,10.814514,12.862854,0.56721944,-1,-1,-1
146,3234,608.13916,358.07523,10.782227,18.523743,0.51214385,-1,-1,-1
146,3250,589.21625,374.97827,13.4453125,30.116547,0.36857468,-1,-1,-1
146,3124,655.6832,386.6263,13.61377,19.892029,0.56095976,-1,-1,-1
146,3147,691.1859,260.9151,9.233765,11.423889,0.32504165,-1,-1,-1
146,3174,652.4746,362.5123,11.112549,21.224792,0.53489274,-1,-1,-1
146,3216,664.3861,246.9215,8.657654,10.189987,0.503758,-1,-1,-1
146,3251,573.1212,348.06183,16.462158,13.110748,0.292246,-1,-1,-1
146,3158,652.0297,283.8756,9.040649,15.888824,0.47624218,-1,-1,-1
147,2777,650.8942,287.0879,9.875244,15.7164,0.5903224,-1,-1,-1
147,2908,640.14166,312.3316,8.987854,17.479218,0.7100518,-1,-1,-1
147,2527,595.6715,344.78043,11.603943,17.911469,0.4555462,-1,-1,-1
147,2460,656.32367,318.4449,9.496826,13.8237915,0.7308954,-1,-1,-1
147,3148,663.4072,332.0845,11.145203,14.20108,0.8046883,-1,-1,-1
147,3149,672.8577,372.01834,11.170776,16.964905,0.771114,-1,-1,-1
147,3150,667.38416,349.04,10.152649,14.079987,0.7080432,-1,-1,-1
147,3153,639.60284,308.32568,9.2421875,15.775238,0.6551365,-1,-1,-1
147,3154,654.8942,302.91934,9.051636,11.716217,0.7020471,-1,-1,-1
147,3155,612.1713,338.40826,8.99585,13.576782,0.73749006,-1,-1,-1
147,3159,643.1864,331.47015,9.82782,12.372131,0.73174804,-1,-1,-1
147,3160,661.5961,275.4441,9.287231,11.177551,0.59909487,-1,-1,-1
147,3170,637.1855,293.51205,8.996155,10.714264,0.7427648,-1,-1,-1
147,3171,675.1709,282.55014,9.863403,11.8602295,0.7516492,-1,-1,-1
147,3157,614.7092,303.51694,9.241455,11.105621,0.704325,-1,-1,-1
147,3156,649.4319,342.421,10.959473,13.161499,0.6037279,-1,-1,-1
147,3234,608.1081,358.11487,11.0998535,19.204926,0.5438486,-1,-1,-1
147,3250,589.424,375.2736,13.388672,29.548737,0.29042515,-1,-1,-1
147,3124,655.8979,386.8105,13.493225,19.691772,0.54997015,-1,-1,-1
147,3147,690.8198,260.40134,9.32074,11.092163,0.4136489,-1,-1,-1
147,3174,652.54095,362.7187,11.068726,21.07669,0.6014459,-1,-1,-1
147,3216,664.47296,247.5038,8.5407715,9.967789,0.58502704,-1,-1,-1
147,3158,651.95935,283.84406,9.086792,16.319733,0.47943416,-1,-1,-1
147,3195,712.2912,300.9206,11.254517,12.011383,0.29999796,-1,-1,-1
148,2777,650.8862,287.14252,9.896362,15.628113,0.59471536,-1,-1,-1
148,2908,640.1169,312.3823,8.957703,17.341553,0.71472996,-1,-1,-1
148,2527,595.5937,344.72214,11.628601,18.232086,0.51693326,-1,-1,-1
148,2460,656.31226,318.48672,9.481079,13.764832,0.7242228,-1,-1,-1
148,3148,663.3804,332.10233,11.138794,14.207428,0.80278426,-1,-1,-1
148,3149,672.8588,372.02524,11.125916,17.043762,0.77904385,-1,-1,-1
148,3150,667.4906,349.3987,10.024719,13.882935,0.7069212,-1,-1,-1
148,3153,639.56665,308.40695,9.241821,15.764557,0.64622134,-1,-1,-1
148,3154,654.9221,302.94235,9.104004,11.707947,0.7096405,-1,-1,-1
148,3155,612.15454,338.25812,8.920593,13.667114,0.7436108,-1,-1,-1
148,3159,643.2092,331.7358,9.82666,12.218109,0.7264521,-1,-1,-1
148,3160,661.6435,275.9558,9.391785,11.114349,0.6090456,-1,-1,-1
148,3170,637.1298,293.63116,9.008911,10.683868,0.76031506,-1,-1,-1
148,3171,675.34845,282.99765,10.00647,11.977173,0.71160316,-1,-1,-1
148,3157,614.5475,303.87766,9.265747,10.900787,0.6965191,-1,-1,-1
148,3156,649.3595,342.10123,10.989014,13.3654175,0.5944623,-1,-1,-1
148,3234,608.1376,358.2097,11.093201,19.104004,0.5467989,-1,-1,-1
148,3250,589.3805,376.0123,13.390564,28.83191,0.30423665,-1,-1,-1
148,3124,655.8303,386.9068,13.403442,19.658264,0.46752122,-1,-1,-1
148,3147,690.4134,260.091,9.407898,10.758026,0.33954293,-1,-1,-1
148,3174,652.5194,362.79315,11.017639,21.018616,0.6339336,-1,-1,-1
148,3216,664.42236,247.98135,8.6848755,9.864532,0.5732163,-1,-1,-1
148,3158,651.9659,283.80194,9.039612,16.15448,0.48478034,-1,-1,-1
148,3195,712.0437,300.22437,11.231934,11.734802,0.34176302,-1,-1,-1
148,3251,572.11584,348.0518,16.66034,12.963501,0.31858897,-1,-1,-1
149,2777,650.9647,287.65695,9.947754,15.296967,0.58165723,-1,-1,-1
149,2908,640.20844,312.66513,8.9678955,17.119537,0.7053668,-1,-1,-1
149,2527,595.7155,344.863,11.548279,18.074524,0.46108952,-1,-1,-1
149,2460,656.541,318.65253,9.419434,13.831207,0.6899804,-1,-1,-1
149,3148,663.47614,332.0717,11.165161,14.27829,0.7904795,-1,-1,-1
149,3149,672.9604,372.007,11.116638,17.204102,0.77819717,-1,-1,-1
149,3150,667.77423,349.70135,9.862061,13.947174,0.617705,-1,-1,-1
149,3153,639.64905,308.4221,9.232971,14.5642395,0.6404011,-1,-1,-1
149,3154,654.9236,302.95493,9.145752,11.820862,0.70203876,-1,-1,-1
149,3155,612.1615,338.27496,8.967285,13.720551,0.7396087,-1,-1,-1
149,3159,643.256,331.61298,9.853088,12.3871765,0.7347192,-1,-1,-1
149,3160,661.7988,277.08398,9.578003,11.093658,0.67073464,-1,-1,-1
149,3170,637.24066,293.80948,8.99292,10.66983,0.75477755,-1,-1,-1
149,3171,675.5494,283.89798,10.163513,11.678619,0.7337702,-1,-1,-1
149,3157,614.56354,304.24127,9.311279,10.819,0.7044457,-1,-1,-1
149,3156,649.42285,342.3839,10.968506,13.141418,0.5532592,-1,-1,-1
149,3234,608.2943,358.39926,10.934692,18.489258,0.60216737,-1,-1,-1
149,3250,589.44116,375.4542,13.328369,29.259735,0.29997292,-1,-1,-1
149,3124,655.8468,387.06848,13.348816,19.618652,0.44516736,-1,-1,-1
149,3174,652.5187,362.83765,11.0703125,21.046814,0.6382683,-1,-1,-1
149,3216,664.6657,248.26431,8.712341,10.251465,0.51746184,-1,-1,-1
149,3158,652.25085,283.38828,8.927063,16.093323,0.36690956,-1,-1,-1
149,3195,711.66034,299.8481,11.454224,11.553375,0.26358026,-1,-1,-1
149,3251,572.4847,348.18533,16.384216,12.934296,0.28380862,-1,-1,-1
150,2777,650.9363,287.6683,9.976624,15.320343,0.5906492,-1,-1,-1
150,2908,640.1731,312.64322,8.988831,17.130768,0.71244246,-1,-1,-1
150,2527,595.5925,344.74506,11.665466,18.09018,0.46001768,-1,-1,-1
150,2460,656.5868,318.8154,9.445496,13.779175,0.6636264,-1,-1,-1
150,3148,663.46564,331.99316,11.244263,14.347321,0.78486556,-1,-1,-1
150,3149,673.1234,372.0218,11.012817,17.093567,0.78213525,-1,-1,-1
150,3150,667.97565,349.83514,9.739929,14.091461,0.66159415,-1,-1,-1
150,3153,639.6327,308.547,9.254639,14.641174,0.6464184,-1,-1,-1
150,3154,654.8808,302.91022,9.178772,11.878601,0.70701784,-1,-1,-1
150,3155,612.0699,338.2485,9.095093,13.757751,0.7683457,-1,-1,-1
150,3159,643.2878,331.66998,9.894226,12.374115,0.7194281,-1,-1,-1
150,3160,661.80005,277.7503,9.551636,10.970795,0.6790756,-1,-1,-1
150,3170,637.2273,293.91614,8.989136,10.677856,0.7541611,-1,-1,-1
150,3171,675.5867,284.5146,10.246826,11.632965,0.73009294,-1,-1,-1
150,3157,614.4752,304.4476,9.346252,10.826202,0.70979136,-1,-1,-1
150,3156,649.45013,342.30194,10.981812,13.264282,0.5358369,-1,-1,-1
150,3234,608.3275,358.54898,10.994141,18.726929,0.5682394,-1,-1,-1
150,3124,655.91455,387.15137,13.242126,19.191254,0.3740109,-1,-1,-1
150,3174,652.46075,362.46497,11.168335,21.44458,0.6521328,-1,-1,-1
150,3216,664.6868,248.57271,8.778076,10.337051,0.55995303,-1,-1,-1
150,3158,652.3008,283.41418,8.904968,15.879425,0.3321494,-1,-1,-1
150,3251,572.0132,348.24054,16.421753,12.724304,0.31472564,-1,-1,-1
150,3147,690.1688,258.79056,9.030945,10.919891,0.28032944,-1,-1,-1
151,2777,651.06934,288.4547,9.775085,14.727905,0.6037815,-1,-1,-1
151,2908,640.19763,312.70236,9.041504,17.10617,0.6906671,-1,-1,-1
151,2527,595.71515,344.84857,11.544373,18.12735,0.5420171,-1,-1,-1
151,2460,656.6684,318.94574,9.576782,13.911194,0.68339264,-1,-1,-1
151,3148,663.493,332.15314,11.22406,14.227966,0.76674896,-1,-1,-1
151,3149,673.39075,371.9936,10.8845215,17.046417,0.7813485,-1,-1,-1
151,3150,668.0336,349.7127,9.72467,14.230347,0.6819746,-1,-1,-1
151,3153,639.6468,308.43378,9.279541,13.5494995,0.57589453,-1,-1,-1
151,3154,654.87335,302.88358,9.140686,12.023682,0.695836,-1,-1,-1
151,3155,612.11743,338.44806,9.215149,13.611176,0.77030724,-1,-1,-1
151,3159,643.31024,331.39804,10.074463,12.719635,0.6990133,-1,-1,-1
151,3160,661.8283,278.27768,9.626648,11.096222,0.722269,-1,-1,-1
151,3170,637.3135,293.9772,9.041138,10.769653,0.7447508,-1,-1,-1
151,3171,675.8706,285.33264,10.599365,11.668884,0.7502323,-1,-1,-1
151,3157,614.3698,304.7238,9.464783,10.873444,0.70042175,-1,-1,-1
151,3156,649.4421,342.29193,11.119385,13.317596,0.5312784,-1,-1,-1
151,3234,608.27844,358.95554,11.105225,19.180176,0.6182188,-1,-1,-1
151,3124,656.07965,387.2094,13.235535,19.105347,0.38199037,-1,-1,-1
151,3174,652.43207,362.29288,11.348816,21.646423,0.7060286,-1,-1,-1
151,3216,664.8608,248.87292,8.770203,10.459442,0.4653812,-1,-1,-1
151,3251,571.9637,348.2667,16.456482,12.624084,0.35112482,-1,-1,-1
151,3147,689.9492,257.9995,9.108215,11.27475,0.3695908,-1,-1,-1
151,3250,589.4252,374.5151,13.331665,29.93341,0.3494536,-1,-1,-1
151,3195,711.3096,298.43817,11.312866,11.677032,0.41688275,-1,-1,-1
152,2777,651.1116,288.87323,9.734924,14.437988,0.5931054,-1,-1,-1
152,2908,640.17505,312.57605,9.096863,17.226044,0.69617295,-1,-1,-1
152,2527,595.98126,344.56357,11.514221,18.135773,0.5516058,-1,-1,-1
152,2460,656.71625,319.01114,9.594482,13.962555,0.6741569,-1,-1,-1
152,3148,663.475,332.22675,11.211365,14.157166,0.76078904,-1,-1,-1
152,3149,673.58966,372.08163,10.74353,16.914734,0.77933097,-1,-1,-1
152,3150,668.05975,349.73257,9.77832,14.206085,0.67592543,-1,-1,-1
152,3153,639.6312,308.5756,9.304199,13.926453,0.57181096,-1,-1,-1
152,3154,654.80774,302.84186,9.249695,12.103455,0.7021241,-1,-1,-1
152,3155,612.1426,338.52084,9.220398,13.582306,0.76111597,-1,-1,-1
152,3159,643.2583,331.3212,10.240356,12.834198,0.69883686,-1,-1,-1
152,3160,661.8633,278.64536,9.637329,11.107208,0.7132641,-1,-1,-1
152,3170,637.3876,293.98495,9.0448,10.860535,0.74416167,-1,-1,-1
152,3171,676.1271,285.85214,10.708191,11.745117,0.72224325,-1,-1,-1
152,3157,614.349,304.85022,9.512512,11.044464,0.70069206,-1,-1,-1
152,3156,649.3208,342.1564,11.251221,13.443878,0.520298,-1,-1,-1
152,3234,608.25616,359.09323,11.194641,19.623627,0.6222385,-1,-1,-1
152,3124,656.1253,387.2574,13.218567,18.99057,0.40400422,-1,-1,-1
152,3174,652.42804,362.22217,11.446655,21.753296,0.69930756,-1,-1,-1
152,3216,664.9358,249.33339,8.71582,10.348099,0.50646293,-1,-1,-1
152,3251,572.1511,348.2653,16.194885,12.551178,0.3251487,-1,-1,-1
152,3250,589.3939,374.79642,13.35022,29.695068,0.40155816,-1,-1,-1
152,3195,711.0336,297.60577,11.106934,11.85553,0.58909184,-1,-1,-1
153,2777,651.1532,288.55106,9.827942,14.798889,0.5715069,-1,-1,-1
153,2908,640.34875,312.75632,9.060181,16.939178,0.6826725,-1,-1,-1
153,2527,596.03687,344.53217,11.67572,18.300018,0.5501885,-1,-1,-1
153,2460,656.76965,319.09344,9.672852,13.96228,0.6871398,-1,-1,-1
153,3148,663.5603,332.41714,11.019836,14.016754,0.7582799,-1,-1,-1
153,3149,673.85095,372.1624,10.539124,16.89386,0.7867937,-1,-1,-1
153,3150,668.18274,349.9388,9.792053,14.115967,0.67936194,-1,-1,-1
153,3153,639.712,308.33395,9.354858,12.694336,0.5139103,-1,-1,-1
153,3154,654.77704,302.79587,9.353516,12.223419,0.69029653,-1,-1,-1
153,3155,612.3427,338.5658,9.186523,13.575653,0.74521446,-1,-1,-1
153,3159,643.45984,331.51578,10.120422,12.718262,0.7048286,-1,-1,-1
153,3160,662.17676,278.8497,9.642761,11.187286,0.7266926,-1,-1,-1
153,3170,637.4952,294.04044,9.049316,10.895905,0.7234835,-1,-1,-1
153,3171,676.44855,286.23703,10.65094,11.762573,0.75557256,-1,-1,-1
153,3157,614.4164,305.0169,9.523743,11.15152,0.715086,-1,-1,-1
153,3156,649.51935,342.29544,11.110596,13.27652,0.5337144,-1,-1,-1
153,3234,608.37067,359.1173,11.2039795,20.176666,0.6403341,-1,-1,-1
153,3124,656.25684,387.36798,13.065796,19.17807,0.32739818,-1,-1,-1
153,3174,652.57196,362.24817,11.424805,21.75595,0.7078409,-1,-1,-1
153,3216,665.1168,249.82135,8.789795,10.12616,0.4606743,-1,-1,-1
153,3251,571.7389,348.00375,16.437012,12.685028,0.3533751,-1,-1,-1
153,3250,589.5779,375.97195,13.221802,28.365265,0.40788028,-1,-1,-1
153,3195,710.8927,296.7875,10.785706,11.9626465,0.4932566,-1,-1,-1
153,3306,648.5887,340.38916,11.005066,14.484619,0.35697272,-1,-1,-1
153,3158,652.62646,282.89313,8.640564,13.378815,0.31856588,-1,-1,-1
154,2777,651.2449,288.31287,9.8125,15.087433,0.58268005,-1,-1,-1
154,2908,640.412,312.58014,9.096436,17.063232,0.6924728,-1,-1,-1
154,2527,596.0705,344.55634,11.790527,18.112823,0.53968054,-1,-1,-1
154,2460,656.7384,319.04706,9.8723755,14.169434,0.6933339,-1,-1,-1
154,3148,663.6359,332.52094,10.871704,13.955261,0.7083787,-1,-1,-1
154,3149,674.1795,372.42908,10.234863,16.652985,0.7763399,-1,-1,-1
154,3150,668.2552,350.17514,9.779236,14.197144,0.5443823,-1,-1,-1
154,3153,639.8131,308.46945,9.333923,12.824127,0.5334362,-1,-1,-1
154,3154,654.82513,302.8566,9.365356,12.243774,0.6687138,-1,-1,-1
154,3155,612.48944,338.5216,9.192383,13.727112,0.75050104,-1,-1,-1
154,3159,643.51434,331.28513,10.065491,12.944763,0.6759697,-1,-1,-1
154,3160,662.67206,279.2482,9.444397,11.070221,0.72102743,-1,-1,-1
154,3170,637.61523,294.09705,8.976013,10.967468,0.70936763,-1,-1,-1
154,3171,676.76337,286.5527,10.534973,11.910645,0.7431727,-1,-1,-1
154,3157,614.4672,305.0714,9.479065,11.262939,0.7040177,-1,-1,-1
154,3156,649.6183,342.48364,11.139404,13.230621,0.51672167,-1,-1,-1
154,3234,608.7475,358.81183,10.834961,19.353302,0.6249655,-1,-1,-1
154,3124,656.62274,387.87048,12.955444,18.996002,0.376438,-1,-1,-1
154,3174,652.70856,362.45587,11.455688,21.665344,0.6870299,-1,-1,-1
154,3216,665.36426,250.21092,8.858093,10.134323,0.43740067,-1,-1,-1
154,3251,571.42413,347.54514,16.742065,13.051514,0.4692723,-1,-1,-1
154,3250,589.5955,376.349,13.303894,27.773987,0.3803361,-1,-1,-1
154,3195,710.63464,295.87805,10.776794,12.027527,0.45166042,-1,-1,-1
154,3158,652.618,282.94034,8.748596,13.0372925,0.41307673,-1,-1,-1
155,2777,651.2308,288.1921,9.823181,15.233459,0.59498936,-1,-1,-1
155,2908,640.3779,312.40146,9.121643,17.20636,0.67791873,-1,-1,-1
155,2527,596.0967,344.74155,11.796143,17.862457,0.48433006,-1,-1,-1
155,2460,656.6644,319.02325,9.971863,14.242493,0.69627625,-1,-1,-1
155,3148,663.6468,332.53055,10.844543,13.9435425,0.70880383,-1,-1,-1
155,3149,674.2565,372.493,10.108826,16.626892,0.7780321,-1,-1,-1
155,3150,668.31793,350.38986,9.742981,14.281769,0.42031562,-1,-1,-1
155,3153,639.78766,308.53235,9.385071,13.470734,0.52340996,-1,-1,-1
155,3154,654.8106,302.94275,9.380249,12.170868,0.66647387,-1,-1,-1
155,3155,612.4929,338.46744,9.252075,13.80365,0.7438113,-1,-1,-1
155,3159,643.3991,331.2031,10.165466,13.060394,0.63673306,-1,-1,-1
155,3160,662.8114,279.49976,9.441895,11.269196,0.7184561,-1,-1,-1
155,3170,637.6162,294.09335,8.975037,11.006226,0.7025169,-1,-1,-1
155,3171,676.8287,286.9291,10.651367,11.891998,0.72247845,-1,-1,-1
155,3157,614.37915,305.1381,9.546509,11.320068,0.701213,-1,-1,-1
155,3156,649.6011,342.46384,11.161255,13.326904,0.5444729,-1,-1,-1
155,3234,608.9182,358.74933,10.618713,18.958405,0.6263751,-1,-1,-1
155,3124,656.7639,388.11835,12.933655,18.952484,0.29124734,-1,-1,-1
155,3174,652.7536,362.6126,11.425354,21.560577,0.6804234,-1,-1,-1
155,3216,665.44867,250.85373,8.767639,9.840179,0.38201648,-1,-1,-1
155,3251,571.14264,347.23093,16.935913,13.284241,0.37825432,-1,-1,-1
155,3250,589.68616,377.58243,13.316101,26.554169,0.36466596,-1,-1,-1
155,3195,710.316,294.99365,10.826843,12.004425,0.41974252,-1,-1,-1
155,3158,652.5676,282.99457,8.737793,13.134247,0.38761008,-1,-1,-1
156,2777,651.31525,288.8137,9.745483,14.6875305,0.5944234,-1,-1,-1
156,2908,640.3728,312.03345,9.181213,17.492645,0.6894237,-1,-1,-1
156,2527,596.18604,344.65836,11.773315,17.846863,0.53506994,-1,-1,-1
156,2460,656.68866,318.9986,10.043823,14.315643,0.72235495,-1,-1,-1
156,3148,663.884,332.53058,10.701172,13.841949,0.7121022,-1,-1,-1
156,3149,674.2621,372.62662,10.088928,16.463531,0.78308266,-1,-1,-1
156,3150,668.52106,350.5729,9.735779,14.386017,0.46900845,-1,-1,-1
156,3153,639.84644,308.50345,9.425171,14.187958,0.5783387,-1,-1,-1
156,3154,654.8592,302.89066,9.421997,12.245697,0.6654426,-1,-1,-1
156,3155,612.4881,338.38516,9.321838,13.886444,0.7650137,-1,-1,-1
156,3159,643.39526,331.0621,10.167603,13.236176,0.58334386,-1,-1,-1
156,3160,662.9919,279.75397,9.350769,11.434326,0.7186511,-1,-1,-1
156,3170,637.69,294.0185,8.978027,11.072998,0.7067594,-1,-1,-1
156,3171,677.2234,287.30316,10.643494,11.908295,0.6283081,-1,-1,-1
156,3157,614.3165,305.16525,9.593811,11.423218,0.6978776,-1,-1,-1
156,3156,649.5734,342.33948,11.213501,13.48291,0.5453881,-1,-1,-1
156,3234,609.032,358.83356,10.480469,18.760681,0.60996985,-1,-1,-1
156,3124,656.84937,388.16513,12.769043,18.879883,0.3634355,-1,-1,-1
156,3174,652.8054,362.47623,11.428467,21.717804,0.65703917,-1,-1,-1
156,3216,665.58545,251.42735,8.809753,9.73262,0.3075105,-1,-1,-1
156,3250,589.7558,377.22986,13.369324,26.934052,0.37949088,-1,-1,-1
156,3195,710.1427,294.64932,10.868286,11.642578,0.4770249,-1,-1,-1
156,3158,652.70703,282.8923,8.660217,11.920715,0.39861792,-1,-1,-1
157,2777,651.22406,289.13297,9.730652,14.423981,0.5880932,-1,-1,-1
157,2908,640.3401,312.15158,9.18103,17.352478,0.6837842,-1,-1,-1
157,2527,596.23535,344.83035,11.684509,17.551147,0.49970055,-1,-1,-1
157,2460,656.6649,318.98267,10.080566,14.445251,0.72463185,-1,-1,-1
157,3148,663.92566,332.46033,10.753723,13.85672,0.7395157,-1,-1,-1
157,3149,674.32837,372.83923,10.128052,16.333069,0.78580725,-1,-1,-1
157,3150,668.74884,350.77017,9.753357,14.413452,0.44407526,-1,-1,-1
157,3153,639.84045,308.46088,9.386169,13.483643,0.5450443,-1,-1,-1
157,3154,654.8716,303.01248,9.297058,12.146973,0.6654453,-1,-1,-1
157,3155,612.4674,338.38263,9.335693,13.940063,0.7615042,-1,-1,-1
157,3159,643.25726,331.00647,10.372253,13.36377,0.51801175,-1,-1,-1
157,3160,663.0321,280.08063,9.238342,11.470978,0.71811765,-1,-1,-1
157,3170,637.69495,293.99603,8.932922,11.092163,0.6814308,-1,-1,-1
157,3171,677.4791,287.94934,10.817993,11.827423,0.59535265,-1,-1,-1
157,3157,614.15564,305.1718,9.637817,11.546387,0.73063105,-1,-1,-1
157,3156,649.4908,342.4478,11.303284,13.588257,0.543797,-1,-1,-1
157,3234,609.15936,358.80267,10.421509,18.780853,0.61224675,-1,-1,-1
157,3124,657.0124,388.24887,12.775085,18.744781,0.41112474,-1,-1,-1
157,3174,652.8698,362.44565,11.458435,21.761963,0.6302363,-1,-1,-1
157,3216,665.7546,251.9727,8.780701,9.745407,0.2973472,-1,-1,-1
157,3250,589.92035,377.89966,13.216003,26.08319,0.39543748,-1,-1,-1
157,3195,709.8957,294.12485,10.750183,11.268036,0.47266352,-1,-1,-1
157,3158,652.6999,283.05786,8.635986,11.923309,0.38133836,-1,-1,-1
158,2777,651.15186,289.3269,9.759949,14.2447815,0.57461023,-1,-1,-1
158,2908,640.34973,312.2292,9.194458,17.219635,0.6780295,-1,-1,-1
158,2527,596.28906,344.8603,11.639526,17.209656,0.5126006,-1,-1,-1
158,2460,656.6358,319.0049,10.098816,14.461731,0.7224452,-1,-1,-1
158,3148,663.9183,332.4669,10.700623,13.807465,0.7454065,-1,-1,-1
158,3149,674.3344,373.0467,10.188782,16.121338,0.7877973,-1,-1,-1
158,3150,668.8361,350.8271,9.761719,14.5278015,0.43981323,-1,-1,-1
158,3153,639.84235,308.30957,9.379883,12.616913,0.51879615,-1,-1,-1
158,3154,654.93243,303.07477,9.272522,12.097748,0.65438336,-1,-1,-1
158,3155,612.4901,338.3804,9.357727,13.924957,0.7705668,-1,-1,-1
158,3159,643.21655,330.832,10.388123,13.51889,0.5096245,-1,-1,-1
158,3160,663.1344,280.29697,9.178223,11.601227,0.68877393,-1,-1,-1
158,3170,637.69635,294.0044,8.930176,11.0677185,0.66329163,-1,-1,-1
158,3171,677.871,288.54654,10.702637,11.779602,0.63441765,-1,-1,-1
158,3157,613.9231,305.23807,9.748596,11.57666,0.7436799,-1,-1,-1
158,3156,649.5405,342.57892,11.320557,13.709442,0.5348117,-1,-1,-1
158,3234,609.06616,358.9603,10.558655,18.499023,0.653482,-1,-1,-1
158,3124,657.1369,388.41193,12.859619,18.81784,0.31611466,-1,-1,-1
158,3174,652.90173,362.39737,11.461792,21.780426,0.6312292,-1,-1,-1
158,3216,665.8938,252.36484,8.921326,9.899841,0.30989087,-1,-1,-1
158,3250,589.9107,377.54916,13.333801,26.213318,0.41264147,-1,-1,-1
158,3195,709.49884,293.51395,10.877441,11.210815,0.3278255,-1,-1,-1
158,3158,652.68787,283.0765,8.679871,11.719696,0.43806627,-1,-1,-1
158,3273,610.10065,382.67935,13.815857,22.774261,0.3076669,-1,-1,-1
159,2777,651.182,289.48303,9.669006,14.04834,0.56078833,-1,-1,-1
159,2908,640.33307,312.2928,9.267456,17.101624,0.7035103,-1,-1,-1
159,2527,596.0343,344.6531,11.787415,16.781647,0.47433227,-1,-1,-1
159,2460,656.746,319.09656,10.116333,14.37146,0.7069588,-1,-1,-1
159,3148,663.6416,332.21835,11.069885,13.912201,0.71986234,-1,-1,-1
159,3149,674.247,373.07446,10.300232,16.114258,0.78156286,-1,-1,-1
159,3150,668.8637,350.76505,9.841064,14.639465,0.4684762,-1,-1,-1
159,3153,639.85944,308.34543,9.32666,11.967438,0.523029,-1,-1,-1
159,3154,655.0909,303.04492,9.1762085,12.083069,0.6232165,-1,-1,-1
159,3155,612.4786,338.2968,9.419617,14.058899,0.8025788,-1,-1,-1
159,3159,643.218,330.65753,10.309021,13.585449,0.51371086,-1,-1,-1
159,3160,663.25287,280.5156,9.178284,11.673096,0.6839231,-1,-1,-1
159,3170,637.6813,293.9559,8.875977,10.990265,0.67071,-1,-1,-1
159,3171,678.1737,288.9492,10.581299,11.610352,0.5188723,-1,-1,-1
159,3157,613.8689,305.31955,9.675659,11.541565,0.76221603,-1,-1,-1
159,3156,649.54724,342.523,11.366638,13.6371155,0.50800776,-1,-1,-1
159,3234,609.00165,359.27454,10.573853,18.836731,0.5331576,-1,-1,-1
159,3124,657.1821,388.24622,13.27179,19.367065,0.33025834,-1,-1,-1
159,3174,652.831,361.74933,11.6171875,22.281769,0.5101938,-1,-1,-1
159,3216,665.98535,252.46652,9.207092,10.157471,0.3038859,-1,-1,-1
159,3250,589.9612,378.76712,13.386841,25.340881,0.42489523,-1,-1,-1
159,3195,709.18677,292.5967,10.934021,11.400848,0.4708877,-1,-1,-1
159,3158,652.74725,283.18762,8.582031,11.390228,0.46668133,-1,-1,-1
160,2777,651.2509,289.7034,9.593933,13.737915,0.5807691,-1,-1,-1
160,2908,640.41736,312.48148,9.347778,16.879944,0.6895549,-1,-1,-1
160,2527,595.8741,344.38257,11.93573,17.089294,0.47648284,-1,-1,-1
160,2460,656.87,319.15756,10.186462,14.176727,0.6838485,-1,-1,-1
160,3148,663.6157,331.9768,11.288147,14.052704,0.74761254,-1,-1,-1
160,3149,674.27106,373.11432,10.40979,15.9869995,0.7913963,-1,-1,-1
160,3150,668.9388,350.68457,9.968018,14.750275,0.5155355,-1,-1,-1
160,3153,639.9774,308.0665,9.307068,11.057373,0.5572496,-1,-1,-1
160,3154,655.11646,302.65796,9.255676,12.302826,0.63779163,-1,-1,-1
160,3155,612.4317,338.1439,9.587891,14.251526,0.81668425,-1,-1,-1
160,3159,643.21,330.40277,10.439453,13.627441,0.579478,-1,-1,-1
160,3160,663.4002,280.68756,9.361694,11.885986,0.7205604,-1,-1,-1
160,3170,637.7391,293.9304,8.887756,10.923767,0.6839454,-1,-1,-1
160,3171,678.5539,289.53815,10.534485,11.591858,0.30455175,-1,-1,-1
160,3157,613.8511,305.335,9.663635,11.550812,0.77714366,-1,-1,-1
160,3156,649.54803,342.4252,11.543701,13.747833,0.48727417,-1,-1,-1
160,3234,609.19476,359.28513,10.7022705,18.457306,0.52601016,-1,-1,-1
160,3174,652.8281,361.7648,11.744202,22.153809,0.4838749,-1,-1,-1
160,3216,666.0788,252.63501,9.330261,10.225403,0.34163913,-1,-1,-1
160,3250,590.0439,379.41287,13.423767,24.990936,0.49107984,-1,-1,-1
160,3195,709.0923,291.91202,10.5199585,11.24646,0.55118877,-1,-1,-1
160,3158,652.9255,283.07944,8.354553,11.142029,0.46948364,-1,-1,-1
161,2777,651.3316,289.57013,9.626953,13.639313,0.59014964,-1,-1,-1
161,2908,640.4933,312.78107,9.4661255,16.53897,0.67183465,-1,-1,-1
161,2527,595.7923,344.40125,12.165894,17.394287,0.3940035,-1,-1,-1
161,2460,657.0434,319.1819,10.083252,13.957214,0.6557912,-1,-1,-1
161,3148,663.67004,331.90674,11.30896,14.01474,0.7287445,-1,-1,-1
161,3149,674.29596,373.18384,10.432373,15.860962,0.7832641,-1,-1,-1
161,3150,668.9738,350.6836,9.890503,14.790131,0.5600461,-1,-1,-1
161,3153,640.15424,307.78802,9.283997,10.708435,0.5331257,-1,-1,-1
161,3154,655.33905,302.62192,9.262573,12.239655,0.6169052,-1,-1,-1
161,3155,612.54095,338.19336,9.605408,14.217255,0.7840177,-1,-1,-1
161,3159,643.3475,330.20566,10.528503,13.710968,0.62488073,-1,-1,-1
161,3160,663.6264,281.01065,9.4661255,11.847168,0.7478284,-1,-1,-1
161,3170,637.85645,293.86728,8.964478,10.9219055,0.7145355,-1,-1,-1
161,3171,678.949,290.2467,10.889404,11.623444,0.26547655,-1,-1,-1
161,3157,613.8156,305.3962,9.699829,11.584442,0.7849319,-1,-1,-1
161,3156,649.7028,342.2107,11.384644,13.488098,0.53476006,-1,-1,-1
161,3234,609.3704,359.1428,10.624329,17.873138,0.38975805,-1,-1,-1
161,3174,652.9293,362.2535,11.812866,21.582306,0.46207005,-1,-1,-1
161,3216,666.2219,252.89964,9.4730835,10.161667,0.3726334,-1,-1,-1
161,3250,590.06903,376.76172,13.721863,26.94928,0.35990024,-1,-1,-1
161,3195,708.8433,290.78134,10.302185,11.622742,0.4958367,-1,-1,-1
161,3158,652.99384,282.97626,8.399414,11.279022,0.4846924,-1,-1,-1
162,2777,651.35767,288.95782,9.697266,13.972595,0.5672288,-1,-1,-1
162,2908,640.38245,312.37048,9.602173,16.733063,0.7094011,-1,-1,-1
162,2527,596.0117,343.60272,11.938599,17.989258,0.5332873,-1,-1,-1
162,2460,657.0831,319.0993,10.141541,13.9133,0.6501324,-1,-1,-1
162,3148,663.621,331.7957,11.370422,13.954803,0.73857665,-1,-1,-1
162,3149,674.31805,372.90906,10.488342,16.186707,0.7830768,-1,-1,-1
162,3150,668.9891,350.4604,10.090027,14.973755,0.501616,-1,-1,-1
162,3153,640.0947,307.72653,9.39917,11.256775,0.561637,-1,-1,-1
162,3154,655.45056,302.61508,9.248535,12.145386,0.61240923,-1,-1,-1
162,3155,612.5296,338.12155,9.599121,14.104248,0.7706516,-1,-1,-1
162,3159,643.3944,329.98492,10.683289,13.732788,0.6457236,-1,-1,-1
162,3160,663.72614,281.32535,9.533142,11.866364,0.7470505,-1,-1,-1
162,3170,637.96564,293.82053,8.971436,10.912415,0.659594,-1,-1,-1
162,3171,679.1344,290.52588,11.219055,12.097595,0.27335528,-1,-1,-1
162,3157,613.6145,305.39087,9.812256,11.647705,0.78072536,-1,-1,-1
162,3156,649.68396,341.8717,11.432373,13.56073,0.58759785,-1,-1,-1
162,3234,609.5098,358.69974,10.570862,18.171265,0.4157694,-1,-1,-1
162,3174,652.9886,362.69522,11.858032,21.020508,0.39753053,-1,-1,-1
162,3216,666.33295,253.17345,9.285828,10.112198,0.25399306,-1,-1,-1
162,3250,590.0427,374.72516,13.456909,27.575958,0.57666373,-1,-1,-1
162,3195,708.5403,289.70312,10.363342,12.024353,0.5480601,-1,-1,-1
162,3158,652.991,283.0294,8.502563,12.387421,0.4977717,-1,-1,-1
163,2777,651.3973,288.40677,9.580811,14.192291,0.5960612,-1,-1,-1
163,2908,640.3427,312.10382,9.587769,16.781097,0.7170211,-1,-1,-1
163,2527,596.164,343.3562,11.723511,17.997955,0.57540256,-1,-1,-1
163,2460,657.0234,318.86713,10.227783,13.851593,0.67653185,-1,-1,-1
163,3148,663.7332,331.57028,11.478699,14.025024,0.7505672,-1,-1,-1
163,3149,674.36316,372.8263,10.627136,16.340729,0.7812126,-1,-1,-1
163,3150,669.07074,350.3834,10.264832,15.198273,0.5455538,-1,-1,-1
163,3153,640.0445,307.67627,9.408325,11.5686035,0.55594146,-1,-1,-1
163,3154,655.4668,302.56653,9.309509,12.157959,0.62292385,-1,-1,-1
163,3155,612.52704,337.88605,9.558105,13.96579,0.77784795,-1,-1,-1
163,3159,643.3631,329.7051,10.588257,13.784149,0.68770576,-1,-1,-1
163,3160,663.8564,281.65408,9.470703,11.940216,0.73626614,-1,-1,-1
163,3170,637.9867,293.8197,8.988892,10.937164,0.6575243,-1,-1,-1
163,3171,679.332,290.91907,11.30127,12.162811,0.30359203,-1,-1,-1
163,3157,613.5194,305.472,9.781616,11.618652,0.7792272,-1,-1,-1
163,3156,649.94037,341.94727,11.162109,13.358551,0.6173624,-1,-1,-1
163,3234,609.4903,358.57675,10.6571045,18.93927,0.5077156,-1,-1,-1
163,3174,653.1835,363.08072,11.736633,20.562042,0.4903983,-1,-1,-1
163,3250,590.0565,374.1211,13.299927,27.89386,0.5869204,-1,-1,-1
163,3195,708.0598,288.4753,10.619263,12.353088,0.27161917,-1,-1,-1
163,3158,653.0265,282.86444,8.472961,12.615234,0.56341386,-1,-1,-1
163,3273,610.3095,379.80695,14.222778,25.95279,0.33362234,-1,-1,-1
164,2777,651.45215,288.14844,9.549622,14.215057,0.6089068,-1,-1,-1
164,2908,640.35175,311.97397,9.545532,16.68158,0.71327055,-1,-1,-1
164,2527,596.2519,343.13617,11.715454,17.165588,0.4647906,-1,-1,-1
164,2460,657.0443,318.6965,10.277527,13.763519,0.7185583,-1,-1,-1
164,3148,664.0058,331.60773,11.29834,13.895172,0.75797987,-1,-1,-1
164,3149,674.4881,372.69144,10.682861,16.437653,0.7565442,-1,-1,-1
164,3150,669.1875,350.27643,10.293579,15.479187,0.57247984,-1,-1,-1
164,3153,640.0665,307.4076,9.410278,11.580414,0.49399215,-1,-1,-1
164,3154,655.5976,302.55945,9.230835,12.093628,0.64175594,-1,-1,-1
164,3155,612.5486,337.7938,9.58783,13.809174,0.77037305,-1,-1,-1
164,3159,643.4203,329.3313,10.478821,13.913544,0.67426753,-1,-1,-1
164,3160,664.0482,281.78586,9.354858,12.037567,0.71459305,-1,-1,-1
164,3170,638.04834,293.7755,8.966614,10.968292,0.6358865,-1,-1,-1
164,3171,679.52167,291.26297,11.372314,12.4328,0.39254695,-1,-1,-1
164,3157,613.4585,305.51352,9.695007,11.5961,0.77475953,-1,-1,-1
164,3156,650.3193,341.98767,10.892273,13.353912,0.5974475,-1,-1,-1
164,3234,609.6937,358.53745,10.518311,19.118164,0.5109669,-1,-1,-1
164,3174,653.3469,363.98236,11.668457,19.629547,0.4736029,-1,-1,-1
164,3250,590.1176,373.82315,13.269714,28.763641,0.5298139,-1,-1,-1
164,3158,653.14703,282.7042,8.462585,12.312408,0.58076304,-1,-1,-1
164,3216,666.5856,253.44894,9.215942,10.337799,0.27521092,-1,-1,-1
165,2777,651.78143,287.8753,9.256836,14.276825,0.62472785,-1,-1,-1
165,2908,640.50726,311.97983,9.527527,16.4375,0.6891589,-1,-1,-1
165,2527,596.3604,343.18552,11.722107,17.18576,0.433426,-1,-1,-1
165,2460,657.29425,318.62805,10.072937,13.573975,0.75387037,-1,-1,-1
165,3148,664.13635,331.7028,11.180969,13.645111,0.78826326,-1,-1,-1
165,3149,674.69147,372.58438,10.608459,16.340729,0.76779634,-1,-1,-1
165,3150,669.2461,350.27014,10.412415,15.619232,0.5457125,-1,-1,-1
165,3153,640.22284,306.77835,9.358582,10.978668,0.41874194,-1,-1,-1
165,3154,655.90845,302.4502,9.096741,12.002228,0.6686033,-1,-1,-1
165,3155,612.70496,337.64822,9.453552,13.739807,0.7967475,-1,-1,-1
165,3159,643.58527,329.02704,10.440308,13.85791,0.691074,-1,-1,-1
165,3160,664.48,282.18808,9.1935425,11.974152,0.7423077,-1,-1,-1
165,3170,638.294,293.78223,8.866089,10.985992,0.6333181,-1,-1,-1
165,3171,680.073,291.78918,11.253174,12.440887,0.27802777,-1,-1,-1
165,3157,613.4871,305.54474,9.61261,11.57547,0.7959566,-1,-1,-1
165,3156,650.62103,341.89142,10.525635,12.872864,0.61757183,-1,-1,-1
165,3234,609.974,358.44455,10.257324,19.324982,0.46721843,-1,-1,-1
165,3174,653.58185,364.20117,11.399353,19.267242,0.575803,-1,-1,-1
165,3250,590.159,373.9354,13.385071,28.932007,0.5648886,-1,-1,-1
165,3158,653.2987,282.45355,8.427551,12.01474,0.6317978,-1,-1,-1
165,3216,666.86176,253.90462,8.976624,10.067001,0.31494203,-1,-1,-1
166,2777,651.90576,287.63998,9.090332,14.270813,0.637136,-1,-1,-1
166,2908,640.55176,312.47318,9.532776,15.737915,0.69865024,-1,-1,-1
166,2527,596.4932,343.07898,11.622253,17.411865,0.4809117,-1,-1,-1
166,2460,657.4375,318.57556,9.977844,13.404907,0.7524527,-1,-1,-1
166,3148,664.1951,331.51743,11.173889,13.581818,0.8020837,-1,-1,-1
166,3149,674.89087,372.60397,10.581482,16.158295,0.7618131,-1,-1,-1
166,3150,669.25903,350.36014,10.515259,15.529449,0.42812598,-1,-1,-1
166,3153,640.2669,306.0168,9.26001,10.90094,0.48370156,-1,-1,-1
166,3154,656.06274,302.4872,8.985657,11.904053,0.6504751,-1,-1,-1
166,3155,612.68304,337.51242,9.47998,13.762787,0.8029005,-1,-1,-1
166,3159,643.6083,328.65817,10.421814,13.86554,0.68642324,-1,-1,-1
166,3160,664.6568,282.57785,9.078186,11.953247,0.7636251,-1,-1,-1
166,3170,638.4029,293.76764,8.827881,10.91272,0.62883484,-1,-1,-1
166,3171,680.3155,292.19827,11.091187,12.254852,0.4573051,-1,-1,-1
166,3157,613.542,305.5871,9.535217,11.523773,0.7879022,-1,-1,-1
166,3156,650.8817,341.7933,10.232666,12.691193,0.6140636,-1,-1,-1
166,3234,610.0642,358.26398,10.120605,19.60025,0.40967843,-1,-1,-1
166,3174,653.80994,364.83688,11.127136,18.517761,0.61431944,-1,-1,-1
166,3250,589.96985,370.63535,13.860107,31.476929,0.4924966,-1,-1,-1
166,3158,653.4061,282.14206,8.379456,11.714935,0.6478615,-1,-1,-1
166,3216,666.9313,254.19666,8.920471,9.907776,0.3637804,-1,-1,-1
166,3312,652.90344,354.12857,9.861084,11.871735,0.39248806,-1,-1,-1
166,3313,639.3058,218.19704,7.5758057,9.41156,0.34727994,-1,-1,-1
166,3124,658.05316,387.25995,13.140137,20.375275,0.3127739,-1,-1,-1
167,2777,652.11914,287.66608,8.909119,14.0466,0.66349626,-1,-1,-1
167,2908,640.70715,312.3308,9.4696045,15.699463,0.6866746,-1,-1,-1
167,2527,596.6033,342.45496,11.549561,17.753937,0.53924954,-1,-1,-1
167,2460,657.5191,318.62955,9.992798,13.301788,0.73463374,-1,-1,-1
167,3148,664.24664,331.35397,11.14917,13.297821,0.81282496,-1,-1,-1
167,3149,674.9392,372.56198,10.698059,16.289642,0.76055485,-1,-1,-1
167,3150,669.25574,350.22055,10.779053,15.674042,0.5868142,-1,-1,-1
167,3153,640.4296,305.76245,9.155945,10.816528,0.44125375,-1,-1,-1
167,3154,656.1304,302.5141,8.990173,11.676605,0.6009904,-1,-1,-1
167,3155,612.7108,337.5312,9.465942,13.731964,0.7766048,-1,-1,-1
167,3159,643.5534,328.6053,10.825562,13.691589,0.62348026,-1,-1,-1
167,3160,664.8268,282.9212,9.061279,11.896881,0.75564563,-1,-1,-1
167,3170,638.59845,293.8865,8.803345,10.732697,0.6098582,-1,-1,-1
167,3171,680.58136,292.4651,10.862854,12.246765,0.59337777,-1,-1,-1
167,3157,613.6136,305.60977,9.456482,11.473785,0.78304195,-1,-1,-1
167,3156,650.85974,341.38818,10.391846,12.867615,0.6078748,-1,-1,-1
167,3234,609.9091,358.21774,10.263916,21.235413,0.41078904,-1,-1,-1
167,3174,653.9372,363.87793,11.047546,19.445465,0.63909316,-1,-1,-1
167,3250,590.1184,372.27554,13.562195,29.512909,0.46079525,-1,-1,-1
167,3158,653.5335,281.85355,8.381775,11.686279,0.6298953,-1,-1,-1
167,3216,667.04803,254.36906,9.08905,9.93071,0.44744346,-1,-1,-1
167,3312,652.9522,354.1966,10.17218,11.765381,0.4007047,-1,-1,-1
167,3313,639.10034,218.20279,7.5720215,9.467865,0.3084341,-1,-1,-1
167,3315,0.0,149.12233,138.56882,73.67914,0.36476606,-1,-1,-1
167,3124,658.0727,386.9914,13.016357,20.588165,0.28756604,-1,-1,-1
167,3195,706.913,285.32434,10.565552,11.608398,0.44094053,-1,-1,-1
168,2777,652.2116,287.78845,8.792969,13.762939,0.66916007,-1,-1,-1
168,2908,640.76263,312.14792,9.355896,15.671539,0.6674953,-1,-1,-1
168,2527,596.7902,342.08432,11.285767,17.630737,0.5575825,-1,-1,-1
168,2460,657.6005,318.46432,9.868469,13.09021,0.732169,-1,-1,-1
168,3148,664.3069,331.014,11.082275,13.252441,0.80737936,-1,-1,-1
168,3149,674.8813,372.5899,10.870544,16.295776,0.70740986,-1,-1,-1
168,3150,669.2329,349.94025,10.93634,15.798828,0.5391396,-1,-1,-1
168,3153,640.52313,305.67072,9.033264,10.701691,0.450216,-1,-1,-1
168,3154,656.2012,302.20114,9.091797,11.762421,0.6050682,-1,-1,-1
168,3155,612.717,337.44308,9.427368,13.790314,0.7780023,-1,-1,-1
168,3159,643.5,328.41504,10.890686,13.681183,0.63414,-1,-1,-1
168,3160,664.8598,283.67493,9.111084,11.557709,0.729015,-1,-1,-1
168,3170,638.67523,293.78363,8.641907,10.582642,0.60188335,-1,-1,-1
168,3171,680.98804,292.64618,10.916016,12.288086,0.29279017,-1,-1,-1
168,3157,613.5915,305.58868,9.43042,11.477509,0.77390796,-1,-1,-1
168,3156,650.8873,341.25076,10.429016,13.009949,0.59494865,-1,-1,-1
168,3234,609.23706,358.05807,11.040161,24.903137,0.37937865,-1,-1,-1
168,3174,653.9262,362.79343,11.093628,20.431152,0.57364595,-1,-1,-1
168,3250,590.0543,371.62515,13.629089,30.026245,0.5341754,-1,-1,-1
168,3158,653.4754,281.52728,8.401306,11.683655,0.6298962,-1,-1,-1
168,3216,667.2375,254.45325,9.138367,9.9678955,0.46587372,-1,-1,-1
168,3312,652.8479,353.94324,10.355408,12.209503,0.3964453,-1,-1,-1
168,3195,706.8276,284.65295,10.168396,11.381531,0.554519,-1,-1,-1
169,2777,652.4957,288.26935,8.720642,13.073853,0.67556316,-1,-1,-1
169,2908,640.9763,311.29355,9.329651,16.177612,0.60913736,-1,-1,-1
169,2527,596.71387,341.87698,11.378662,17.528137,0.52820235,-1,-1,-1
169,2460,657.78516,318.2662,9.767517,12.881744,0.7024726,-1,-1,-1
169,3148,664.71814,330.96442,10.684082,13.02417,0.7836698,-1,-1,-1
169,3149,675.21405,372.44586,10.64801,16.220123,0.70536697,-1,-1,-1
169,3150,669.3848,349.9866,10.930725,15.699707,0.6015342,-1,-1,-1
169,3153,640.7097,305.89023,9.059021,10.892059,0.3415752,-1,-1,-1
169,3154,656.34424,301.71652,9.198608,11.844666,0.5388152,-1,-1,-1
169,3155,612.86487,337.38147,9.308899,13.807587,0.7425266,-1,-1,-1
169,3159,643.1653,328.0834,11.216492,14.0989685,0.6462276,-1,-1,-1
169,3160,665.07733,284.3174,9.270935,11.337585,0.68035245,-1,-1,-1
169,3170,638.79474,293.35483,8.56897,10.699738,0.60789233,-1,-1,-1
169,3157,613.5354,305.62982,9.447205,11.43219,0.76714635,-1,-1,-1
169,3156,651.39404,341.3802,10.146484,12.69632,0.5826669,-1,-1,-1
169,3234,609.53516,357.32895,10.852417,25.329865,0.44568083,-1,-1,-1
169,3174,654.0927,361.9911,11.012695,21.004333,0.54867774,-1,-1,-1
169,3250,590.1411,372.58118,13.595337,28.766144,0.4539185,-1,-1,-1
169,3158,653.70325,281.07758,8.341064,11.325378,0.65430003,-1,-1,-1
169,3216,667.5939,254.72935,8.973267,9.692612,0.44918063,-1,-1,-1
169,3312,652.9563,353.9647,10.382385,12.505157,0.39359897,-1,-1,-1
169,3195,706.71826,283.60544,10.116943,11.683014,0.5370582,-1,-1,-1
169,3313,639.0771,218.51598,7.6520386,9.668808,0.33360073,-1,-1,-1
170,2777,652.5753,288.62198,8.736084,12.569153,0.6823763,-1,-1,-1
170,2908,640.98175,310.2753,9.398376,16.951294,0.6424115,-1,-1,-1
170,2527,596.43945,341.26105,11.711914,18.437103,0.5824523,-1,-1,-1
170,2460,657.8008,317.93124,9.724243,12.776459,0.71379435,-1,-1,-1
170,3148,664.978,330.72723,10.474365,13.072632,0.80140936,-1,-1,-1
170,3149,675.51733,372.21265,10.374207,16.062195,0.760614,-1,-1,-1
170,3150,669.34717,350.06723,10.998657,15.474152,0.6574516,-1,-1,-1
170,3153,640.7141,306.22397,9.255737,12.348114,0.38625574,-1,-1,-1
170,3154,656.1467,301.31213,9.216309,11.861176,0.49886176,-1,-1,-1
170,3155,612.91406,337.2252,9.284546,13.754822,0.678868,-1,-1,-1
170,3159,643.2954,327.7568,11.03772,14.050903,0.62101513,-1,-1,-1
170,3160,665.26855,284.4584,9.498535,11.635101,0.6821566,-1,-1,-1
170,3170,638.7382,293.12076,8.564209,10.732697,0.62320894,-1,-1,-1
170,3157,613.42346,305.6601,9.508911,11.364136,0.7708168,-1,-1,-1
170,3156,651.67334,341.1192,10.075684,12.414459,0.58150643,-1,-1,-1
170,3234,609.8606,356.59634,10.6033325,24.181213,0.3965756,-1,-1,-1
170,3174,654.0833,360.78156,11.108154,21.84439,0.5657121,-1,-1,-1
170,3250,590.1896,370.95273,13.760803,30.10254,0.40627435,-1,-1,-1
170,3158,653.7037,280.75687,8.367981,11.144348,0.6621192,-1,-1,-1
170,3216,667.8643,254.96397,8.952942,9.560654,0.43808803,-1,-1,-1
170,3312,652.82245,353.717,10.278259,12.703064,0.3200803,-1,-1,-1
170,3195,706.55084,282.40247,10.011536,11.624725,0.44923288,-1,-1,-1
170,3313,639.0089,218.72577,7.855652,9.587906,0.44321537,-1,-1,-1
170,3315,0.0013995803,148.92606,139.02277,72.866196,0.26078492,-1,-1,-1
170,3171,681.6083,293.17032,11.130249,12.3645935,0.28871635,-1,-1,-1
171,2777,652.7209,289.19897,8.7855835,11.970673,0.66772515,-1,-1,-1
171,2908,641.00055,310.18594,9.25293,16.696259,0.65380764,-1,-1,-1
171,2527,596.508,341.0362,11.620728,18.397278,0.6126854,-1,-1,-1
171,2460,657.85547,317.75,9.610474,12.69809,0.69829446,-1,-1,-1
171,3148,664.99,330.37842,10.4557495,13.317566,0.7973579,-1,-1,-1
171,3149,675.47296,371.9019,10.394775,15.970367,0.75728714,-1,-1,-1
171,3150,669.05255,349.80728,11.30011,15.651123,0.7114765,-1,-1,-1
171,3153,640.7319,306.09573,9.168884,12.0372925,0.48752066,-1,-1,-1
171,3154,655.98846,300.76483,9.19165,11.924408,0.5671965,-1,-1,-1
171,3155,612.8794,337.0989,9.156921,13.577667,0.58998954,-1,-1,-1
171,3159,643.2143,327.78622,11.2453,13.780548,0.6063687,-1,-1,-1
171,3160,665.2945,284.67258,9.764221,11.78418,0.68624705,-1,-1,-1
171,3170,638.67004,292.80286,8.648926,10.79422,0.6373214,-1,-1,-1
171,3157,613.2822,305.5913,9.640808,11.362579,0.771712,-1,-1,-1
171,3156,651.59576,340.7109,10.189148,12.588348,0.57828075,-1,-1,-1
171,3234,609.8397,356.22144,10.506836,24.61316,0.543937,-1,-1,-1
171,3174,654.0481,361.9506,11.15863,20.603943,0.50053394,-1,-1,-1
171,3250,590.1707,370.77954,13.815063,30.418,0.38964948,-1,-1,-1
171,3158,653.92725,280.61993,8.321411,10.836731,0.6604757,-1,-1,-1
171,3216,668.34375,255.38216,9.0824585,9.631485,0.4530163,-1,-1,-1
171,3312,652.71765,352.27185,10.247803,13.748169,0.45811802,-1,-1,-1
171,3195,706.4761,281.55353,9.660156,11.272919,0.4197457,-1,-1,-1
171,3313,638.9578,219.1641,7.7454224,9.374207,0.3761528,-1,-1,-1
171,3315,0.0032506057,150.7746,137.87642,70.80295,0.27321368,-1,-1,-1
171,3171,681.79645,293.44547,11.191101,12.416504,0.33627656,-1,-1,-1
171,3147,683.25024,242.72743,9.612183,10.420654,0.3778973,-1,-1,-1
172,2777,652.6546,289.59778,8.850281,11.67865,0.66822934,-1,-1,-1
172,2908,640.92896,310.54276,9.09668,16.188507,0.66494286,-1,-1,-1
172,2527,596.7494,341.0769,11.384705,17.768097,0.54701227,-1,-1,-1
172,2460,657.98816,317.79303,9.384155,12.559753,0.64009094,-1,-1,-1
172,3148,664.9594,329.94098,10.591492,13.684509,0.7708936,-1,-1,-1
172,3149,675.5366,371.8082,10.460876,16.12564,0.7643744,-1,-1,-1
172,3150,669.0301,349.4914,11.463684,15.849609,0.7150126,-1,-1,-1
172,3153,640.6933,305.98245,9.070007,11.415619,0.54477465,-1,-1,-1
172,3154,655.81934,300.61212,9.256287,11.90686,0.54125446,-1,-1,-1
172,3155,612.8296,337.0436,9.081116,13.532593,0.63010895,-1,-1,-1
172,3159,643.07434,328.03586,11.399719,13.456055,0.5652352,-1,-1,-1
172,3160,665.2503,285.10138,9.935913,11.8298645,0.69827336,-1,-1,-1
172,3170,638.57666,292.73383,8.69696,10.788849,0.66980934,-1,-1,-1
172,3157,613.1968,305.61258,9.650757,11.333038,0.78827745,-1,-1,-1
172,3156,651.653,341.16837,10.253784,13.205444,0.5334027,-1,-1,-1
172,3234,609.7315,355.9101,10.427795,24.0914,0.5801755,-1,-1,-1
172,3174,654.04565,363.6881,11.138367,18.877563,0.5240043,-1,-1,-1
172,3250,590.549,371.62665,13.581055,29.167938,0.30569643,-1,-1,-1
172,3158,653.9646,280.73898,8.284546,10.5720825,0.62059534,-1,-1,-1
172,3216,668.5496,255.45717,9.230774,9.826736,0.48812115,-1,-1,-1
172,3312,652.5897,350.64224,10.316895,15.054047,0.5515303,-1,-1,-1
172,3195,705.8569,281.11884,9.620178,10.946472,0.2545658,-1,-1,-1
172,3313,639.00995,219.60542,7.6084595,9.308121,0.3901173,-1,-1,-1
172,3171,681.8502,293.75192,11.373596,12.78772,0.3573107,-1,-1,-1
172,3323,650.1789,225.77724,8.019836,8.789749,0.3946988,-1,-1,-1
172,3147,682.7755,242.1578,9.6935425,10.286209,0.32492515,-1,-1,-1
173,2777,652.8661,290.19577,8.947815,11.377075,0.609848,-1,-1,-1
173,2908,641.06146,310.16806,8.9939575,16.561768,0.61742437,-1,-1,-1
173,2527,596.60406,341.16986,11.5633545,17.779022,0.4342817,-1,-1,-1
173,2460,658.156,317.80063,9.291687,12.386169,0.48632577,-1,-1,-1
173,3148,664.9558,329.7095,10.68927,13.724335,0.7323678,-1,-1,-1
173,3149,675.60223,371.42487,10.690247,16.571808,0.7584942,-1,-1,-1
173,3150,669.24066,349.22275,11.2751465,15.85788,0.6600979,-1,-1,-1
173,3153,640.83014,305.87714,9.001953,11.573303,0.46700203,-1,-1,-1
173,3154,655.7502,300.10422,9.319458,12.143402,0.629669,-1,-1,-1
173,3155,612.9633,336.8393,8.981506,13.267334,0.570336,-1,-1,-1
173,3159,643.48883,328.16058,11.213074,13.082947,0.52034503,-1,-1,-1
173,3160,665.2891,285.44986,10.174255,11.803558,0.6932639,-1,-1,-1
173,3170,638.70825,292.53677,8.765747,10.919556,0.7215313,-1,-1,-1
173,3157,613.1989,305.53824,9.638733,11.35556,0.7744696,-1,-1,-1
173,3156,651.91614,340.63925,9.961609,12.924347,0.45177642,-1,-1,-1
173,3234,609.9312,355.5447,10.184998,20.338226,0.55733055,-1,-1,-1
173,3174,654.2186,363.5907,11.054932,18.65686,0.56952816,-1,-1,-1
173,3250,591.1288,375.23303,13.489807,25.49295,0.40004703,-1,-1,-1
173,3158,654.0122,280.67056,8.270508,10.353851,0.5631058,-1,-1,-1
173,3216,668.6381,255.26656,9.450745,10.145248,0.46623063,-1,-1,-1
173,3312,652.9595,350.72464,10.057739,14.824738,0.4052655,-1,-1,-1
173,3195,705.53815,280.53696,9.676758,10.965668,0.31331676,-1,-1,-1
173,3313,639.0173,219.94438,7.706787,9.2269745,0.47827834,-1,-1,-1
173,3171,681.88184,293.71707,11.628479,13.276489,0.44079655,-1,-1,-1
173,3323,650.0455,225.83159,8.042175,8.799667,0.37369153,-1,-1,-1
173,3147,682.23987,241.63681,9.746277,10.086761,0.3268103,-1,-1,-1
174,2777,653.0877,290.37628,8.984375,11.190063,0.6011052,-1,-1,-1
174,2908,641.0189,309.05814,9.313843,17.296356,0.66291326,-1,-1,-1
174,2527,596.51465,341.13727,11.963013,17.492126,0.53663355,-1,-1,-1
174,2460,658.0375,317.13956,9.643677,12.78064,0.5372785,-1,-1,-1
174,3148,665.2052,329.77344,10.498718,13.444946,0.7786513,-1,-1,-1
174,3149,675.63275,371.0754,10.905273,17.052612,0.7344157,-1,-1,-1
174,3150,669.41656,349.21213,11.213806,15.807556,0.6010709,-1,-1,-1
174,3154,655.8203,299.82016,9.333191,12.2229,0.65558374,-1,-1,-1
174,3155,613.02704,336.6927,9.055786,13.160461,0.645563,-1,-1,-1
174,3159,643.79456,327.84164,11.014038,12.922638,0.59881884,-1,-1,-1
174,3160,665.414,285.72348,10.2873535,11.724182,0.69607776,-1,-1,-1
174,3170,638.82733,292.2927,8.9487915,11.246765,0.7336808,-1,-1,-1
174,3157,613.19354,305.46564,9.661072,11.355255,0.77538717,-1,-1,-1
174,3156,651.34515,340.1903,10.464294,13.366608,0.3628681,-1,-1,-1
174,3234,610.0739,354.83832,10.246277,18.15741,0.6677683,-1,-1,-1
174,3174,654.4207,364.50775,10.767578,17.51828,0.6080694,-1,-1,-1
174,3250,590.7976,376.84888,14.136108,26.414001,0.44110006,-1,-1,-1
174,3158,653.9637,280.42038,8.37146,10.433746,0.5363736,-1,-1,-1
174,3216,669.0878,255.17139,9.4244995,10.568146,0.45800504,-1,-1,-1
174,3312,653.19226,350.07602,9.8966675,14.965057,0.4377524,-1,-1,-1
174,3195,705.29553,279.6952,9.871582,11.02597,0.49088386,-1,-1,-1
174,3313,638.91833,220.16547,7.822754,9.255692,0.45624956,-1,-1,-1
174,3171,682.2027,293.92108,11.736145,13.329681,0.33323383,-1,-1,-1
174,3323,650.0627,225.90083,8.075195,8.855118,0.33876273,-1,-1,-1
175,2777,652.506,289.8274,9.413208,11.396332,0.6395622,-1,-1,-1
175,2908,641.0823,308.37897,9.511658,17.56784,0.685065,-1,-1,-1
175,2527,596.95465,340.75253,11.627075,16.38733,0.56084794,-1,-1,-1
175,2460,658.1538,316.6423,9.707886,12.940887,0.6500851,-1,-1,-1
175,3148,665.4443,329.62317,10.327209,13.365814,0.78537273,-1,-1,-1
175,3149,675.7875,370.5625,10.994568,17.459564,0.75793105,-1,-1,-1
175,3150,669.79877,348.94058,10.94696,15.938232,0.58596444,-1,-1,-1
175,3154,656.05115,300.00797,9.280518,11.947327,0.65520304,-1,-1,-1
175,3155,613.10095,336.42233,9.078918,13.263123,0.58879375,-1,-1,-1
175,3159,644.09186,327.9195,10.85437,12.817505,0.5648305,-1,-1,-1
175,3160,665.59625,286.00436,10.370789,11.673676,0.69560325,-1,-1,-1
175,3170,639.2335,292.18573,8.7404175,11.230286,0.70071244,-1,-1,-1
175,3157,613.36304,305.30762,9.533264,11.4348755,0.73563904,-1,-1,-1
175,3156,651.0962,339.38583,10.772461,14.052032,0.44200325,-1,-1,-1
175,3234,610.30536,354.5895,10.267029,18.475769,0.59753835,-1,-1,-1
175,3174,654.53174,364.80035,10.794922,16.99115,0.6172743,-1,-1,-1
175,3250,591.2811,377.12677,13.71582,24.20514,0.3999801,-1,-1,-1
175,3158,653.9924,280.28058,8.417725,10.565979,0.54466,-1,-1,-1
175,3216,669.33044,255.322,9.317383,10.775558,0.5190516,-1,-1,-1
175,3312,653.26764,349.90067,10.022217,14.822205,0.47243154,-1,-1,-1
175,3195,705.1051,278.4865,9.51178,11.187683,0.40286484,-1,-1,-1
175,3313,638.9981,220.56212,7.6866455,9.156784,0.42875057,-1,-1,-1
175,3171,682.5346,294.32962,11.532959,13.233063,0.43517774,-1,-1,-1
175,3323,650.0343,226.2492,7.9942017,8.613312,0.3853814,-1,-1,-1
176,2777,652.7265,289.8135,9.416199,11.138519,0.62282187,-1,-1,-1
176,2908,641.47894,307.7928,9.633118,17.396576,0.67301583,-1,-1,-1
176,2527,597.15326,340.3645,11.733093,16.554474,0.5854049,-1,-1,-1
176,2460,658.3676,316.33344,9.739136,13.101013,0.70346373,-1,-1,-1
176,3148,665.6596,329.28745,10.152588,13.400482,0.80395,-1,-1,-1
176,3149,676.0005,370.391,11.003174,17.361572,0.8018359,-1,-1,-1
176,3150,670.2416,348.82404,10.652893,15.951447,0.5797232,-1,-1,-1
176,3154,656.3275,299.82224,9.131531,11.988953,0.6362152,-1,-1,-1
176,3155,613.2961,336.07617,9.056946,13.397186,0.5908862,-1,-1,-1
176,3159,644.5498,327.76236,10.420166,12.73526,0.6482045,-1,-1,-1
176,3160,665.9725,286.1375,10.315308,11.761047,0.7083931,-1,-1,-1
176,3170,639.72485,292.17316,8.5911255,11.245483,0.6979323,-1,-1,-1
176,3157,613.5435,305.2146,9.451904,11.490295,0.76412207,-1,-1,-1
176,3156,651.42633,339.37393,10.718323,14.458008,0.42099035,-1,-1,-1
176,3234,610.7714,354.5151,10.022827,18.02945,0.5478397,-1,-1,-1
176,3174,654.5736,364.33658,10.967407,17.062592,0.6518081,-1,-1,-1
176,3250,591.75195,376.83722,13.545166,24.10495,0.34138197,-1,-1,-1
176,3158,654.2958,280.18866,8.293396,10.495941,0.5444617,-1,-1,-1
176,3216,669.5908,255.41231,9.281738,10.932816,0.5986076,-1,-1,-1
176,3312,653.33673,348.65573,10.173584,15.444763,0.36779454,-1,-1,-1
176,3195,704.9169,277.4578,9.368225,11.368347,0.55909115,-1,-1,-1
176,3313,639.21,221.14178,7.4589844,9.021439,0.3289541,-1,-1,-1
176,3171,682.81696,294.63135,11.804993,13.1698,0.3095634,-1,-1,-1
176,3323,650.06573,226.73105,7.929016,8.321442,0.36813033,-1,-1,-1
177,2777,652.8281,289.32797,9.526062,11.313324,0.5668132,-1,-1,-1
177,2908,641.66565,307.20923,9.671082,17.398865,0.668883,-1,-1,-1
177,2527,597.42755,340.30807,11.800781,17.17517,0.7009004,-1,-1,-1
177,2460,658.5786,316.20557,9.780579,13.017975,0.6974089,-1,-1,-1
177,3148,665.84845,329.12933,9.908813,13.167725,0.79662424,-1,-1,-1
177,3149,675.9568,370.2553,11.263062,17.26892,0.78709924,-1,-1,-1
177,3150,670.50555,348.6475,10.559814,15.687195,0.64791137,-1,-1,-1
177,3154,656.2706,299.3204,9.344055,12.402039,0.5982091,-1,-1,-1
177,3155,613.697,335.61475,9.035095,13.991425,0.5921739,-1,-1,-1
177,3159,644.6861,327.43225,10.436401,12.551392,0.71080554,-1,-1,-1
177,3160,666.26105,286.29858,10.493347,11.946991,0.71993583,-1,-1,-1
177,3170,639.9401,292.08215,8.519531,11.206116,0.71672267,-1,-1,-1
177,3157,613.5933,305.12125,9.433777,11.5159,0.7726451,-1,-1,-1
177,3156,651.7157,339.83362,10.725525,14.39801,0.36683846,-1,-1,-1
177,3234,611.003,354.88037,10.061279,18.526062,0.5901356,-1,-1,-1
177,3174,655.0192,363.41272,10.995728,17.5831,0.6212897,-1,-1,-1
177,3250,591.5313,374.8599,13.98407,26.13388,0.30782843,-1,-1,-1
177,3158,654.29645,280.24365,8.428406,10.519623,0.45956072,-1,-1,-1
177,3216,669.8452,255.49744,9.313904,11.025909,0.6844875,-1,-1,-1
177,3312,653.5699,346.90063,10.335022,16.427826,0.29392236,-1,-1,-1
177,3195,705.01447,276.3399,9.510315,11.572479,0.46286398,-1,-1,-1
177,3313,639.3955,221.39545,7.4642944,9.164307,0.32304144,-1,-1,-1
177,3171,683.20526,295.41614,11.839355,12.694031,0.38438234,-1,-1,-1
177,3323,650.2372,226.79155,7.9142456,8.307327,0.3985845,-1,-1,-1
178,2777,652.991,289.24228,9.4279175,11.213409,0.5751649,-1,-1,-1
178,2908,641.7869,307.07275,9.585144,17.22232,0.6830116,-1,-1,-1
178,2527,597.6701,340.6518,11.686829,16.47644,0.60629976,-1,-1,-1
178,2460,658.6216,315.84854,9.892761,13.028961,0.73067707,-1,-1,-1
178,3148,665.84375,328.9839,9.77478,13.054169,0.79616404,-1,-1,-1
178,3149,675.91455,370.19937,11.314941,17.189758,0.80787396,-1,-1,-1
178,3150,670.58295,348.54898,10.476746,15.449036,0.7167397,-1,-1,-1
178,3154,656.3289,298.85287,9.458069,12.7308655,0.6132103,-1,-1,-1
178,3155,613.9431,335.41754,8.949829,14.154938,0.60140383,-1,-1,-1
178,3159,644.808,327.58386,10.654419,12.546387,0.6852246,-1,-1,-1
178,3160,666.54517,286.42377,10.432434,11.945892,0.7099277,-1,-1,-1
178,3170,640.07385,292.01718,8.488525,11.174469,0.7253864,-1,-1,-1
178,3157,613.68567,305.1038,9.342346,11.426605,0.77119297,-1,-1,-1
178,3156,651.67084,339.3651,10.8602295,14.434418,0.31041238,-1,-1,-1
178,3234,611.02423,354.7645,9.98053,18.424835,0.6193598,-1,-1,-1
178,3174,655.16315,363.39053,10.951172,17.108704,0.6503493,-1,-1,-1
178,3250,591.9564,376.0239,13.491882,24.501343,0.34640688,-1,-1,-1
178,3158,654.38855,280.0968,8.3349,10.295776,0.42188743,-1,-1,-1
178,3216,669.97974,255.76761,9.309692,10.919006,0.7190522,-1,-1,-1
178,3312,653.55457,346.36316,10.516174,16.575836,0.45489877,-1,-1,-1
178,3195,704.8225,275.25934,9.611145,11.413269,0.38572893,-1,-1,-1
178,3313,639.4306,221.45068,7.447754,9.315811,0.3685282,-1,-1,-1
178,3171,683.55554,295.73984,12.045349,12.665924,0.35220498,-1,-1,-1
178,3323,650.41565,226.77126,8.012146,8.414963,0.413172,-1,-1,-1
179,2777,652.97705,289.00278,9.412659,11.1571045,0.6024485,-1,-1,-1
179,2908,641.7859,306.79434,9.542664,17.15805,0.68942934,-1,-1,-1
179,2527,597.1494,339.8114,12.166382,16.783203,0.63775665,-1,-1,-1
179,2460,658.4916,315.39105,9.998718,13.06897,0.7548557,-1,-1,-1
179,3148,665.8111,328.98322,9.6345825,12.784119,0.7981862,-1,-1,-1
179,3149,676.0313,369.95883,11.255615,17.090637,0.84253126,-1,-1,-1
179,3150,670.5661,348.25882,10.339172,15.375275,0.7028857,-1,-1,-1
179,3154,656.29004,298.70212,9.689636,12.658112,0.61321664,-1,-1,-1
179,3155,613.9485,335.31454,8.8550415,14.2344055,0.68590057,-1,-1,-1
179,3159,644.7619,327.67572,11.341003,13.269592,0.6049401,-1,-1,-1
179,3160,666.6266,286.5704,10.439941,11.912415,0.72056913,-1,-1,-1
179,3170,640.11316,291.77646,8.308533,10.758423,0.7284752,-1,-1,-1
179,3157,613.6658,305.01385,9.331177,11.333618,0.7703829,-1,-1,-1
179,3234,611.14886,353.95453,9.938599,17.904602,0.58986956,-1,-1,-1
179,3174,655.1093,362.1532,11.126892,17.762695,0.670618,-1,-1,-1
179,3158,654.70935,279.6559,8.23645,10.166107,0.45693558,-1,-1,-1
179,3216,669.91223,255.9476,9.477539,10.837769,0.70296454,-1,-1,-1
179,3312,653.6255,346.88626,10.497803,15.811584,0.42296797,-1,-1,-1
179,3195,704.4894,274.30692,9.762085,11.310547,0.57717633,-1,-1,-1
179,3313,639.27734,221.51682,7.4941406,9.3511505,0.38231328,-1,-1,-1
179,3171,683.94977,295.928,12.513733,12.775116,0.43442944,-1,-1,-1
179,3323,650.4318,226.6828,8.207581,8.687958,0.37510225,-1,-1,-1
179,3306,651.33624,335.9614,11.029419,14.106079,0.44626704,-1,-1,-1
180,2777,652.86523,288.11884,9.319641,11.499268,0.5991036,-1,-1,-1
180,2908,641.59375,306.64822,9.564636,17.116638,0.70595694,-1,-1,-1
180,2527,596.92487,339.12012,12.388794,17.042694,0.5440123,-1,-1,-1
180,2460,658.37476,315.23425,10.120728,13.05249,0.76236886,-1,-1,-1
180,3148,665.9892,328.57062,9.311707,12.720947,0.7813033,-1,-1,-1
180,3149,676.06506,369.51077,11.1796875,17.256317,0.85189235,-1,-1,-1
180,3150,670.5079,348.45258,10.180542,14.798737,0.7278735,-1,-1,-1
180,3154,656.186,298.78842,9.810791,12.461151,0.6114228,-1,-1,-1
180,3155,613.8291,335.09348,8.915283,14.505188,0.6888679,-1,-1,-1
180,3159,644.9355,327.0245,10.275391,12.113922,0.58703804,-1,-1,-1
180,3160,666.8404,286.79483,10.196716,11.855469,0.68755466,-1,-1,-1
180,3170,639.91864,291.53464,8.193359,10.584106,0.75363594,-1,-1,-1
180,3157,613.56616,304.89673,9.3377075,11.347748,0.77837586,-1,-1,-1
180,3234,610.9089,353.93118,10.19342,20.316376,0.59675723,-1,-1,-1
180,3174,655.08795,361.85995,11.164429,17.876343,0.69724303,-1,-1,-1
180,3158,654.71344,279.476,8.322449,10.228882,0.4313781,-1,-1,-1
180,3216,669.8934,256.31537,9.617065,10.6091,0.7011527,-1,-1,-1
180,3312,653.9175,347.4972,10.089905,15.061432,0.52018714,-1,-1,-1
180,3195,704.0631,273.6134,9.973816,11.263611,0.6239765,-1,-1,-1
180,3313,639.0112,221.78384,7.5531006,9.276871,0.35085958,-1,-1,-1
180,3171,684.3784,296.25272,12.169373,12.571716,0.4026392,-1,-1,-1
180,3323,650.4452,226.77928,8.336548,8.788544,0.4400993,-1,-1,-1
180,3306,652.0111,336.7841,10.197144,12.90332,0.5329631,-1,-1,-1
180,3250,591.9801,375.37253,13.32019,23.882416,0.30091196,-1,-1,-1
181,2777,652.8511,286.82074,9.354919,12.2925415,0.5933635,-1,-1,-1
181,2908,641.36224,306.42322,9.808533,17.169952,0.7147408,-1,-1,-1
181,2527,596.91016,338.72687,12.303345,16.381927,0.42543867,-1,-1,-1
181,2460,658.25305,315.2011,10.153687,12.862305,0.7650881,-1,-1,-1
181,3148,665.9914,328.15112,9.295349,12.783783,0.77228886,-1,-1,-1
181,3149,676.17236,369.26462,11.169617,17.602203,0.84260154,-1,-1,-1
181,3150,670.41626,348.08664,10.236877,14.955231,0.7358604,-1,-1,-1
181,3154,656.15466,298.70844,9.89801,12.323059,0.6007091,-1,-1,-1
181,3155,613.7309,334.9126,8.981812,14.864258,0.65137863,-1,-1,-1
181,3159,644.87714,327.00653,10.167236,11.5503235,0.5908871,-1,-1,-1
181,3160,667.15875,287.25745,10.07074,11.60199,0.6570203,-1,-1,-1
181,3170,639.6837,291.41675,8.250732,10.62027,0.75411093,-1,-1,-1
181,3157,613.52734,304.82452,9.286255,11.3402405,0.7709505,-1,-1,-1
181,3234,610.5344,353.62646,10.651306,23.086792,0.6681634,-1,-1,-1
181,3174,655.01215,361.4606,11.323242,18.06195,0.7184966,-1,-1,-1
181,3158,654.6445,279.3095,8.37854,11.697845,0.25854102,-1,-1,-1
181,3216,669.8218,256.5496,9.667053,10.475494,0.6800716,-1,-1,-1
181,3312,653.9689,347.76364,10.110657,14.705994,0.6019672,-1,-1,-1
181,3195,703.62885,272.76703,9.756958,11.144501,0.66590345,-1,-1,-1
181,3313,638.7789,222.05106,7.564453,9.261978,0.28031027,-1,-1,-1
181,3171,684.6481,296.45767,12.116028,12.545044,0.43998066,-1,-1,-1
181,3323,650.34625,227.16432,8.31842,8.686707,0.43469223,-1,-1,-1
181,3306,652.13934,336.2635,10.037964,12.911407,0.5788637,-1,-1,-1
182,2777,653.1088,286.82797,9.449951,12.112213,0.5583637,-1,-1,-1
182,2908,641.79346,306.15378,9.628357,17.11911,0.65354896,-1,-1,-1
182,2527,596.7194,338.6384,12.5164795,17.231049,0.47043443,-1,-1,-1
182,2460,658.4272,315.02975,10.131348,12.777924,0.7450822,-1,-1,-1
182,3148,666.1956,327.625,9.266052,13.156799,0.7588879,-1,-1,-1
182,3149,676.2633,368.95428,11.213562,17.809082,0.8339699,-1,-1,-1
182,3150,670.6762,347.99426,10.074463,14.948425,0.59017986,-1,-1,-1
182,3154,656.37524,298.21884,10.161072,12.5937805,0.5264953,-1,-1,-1
182,3155,613.83514,334.73962,8.981506,14.986542,0.6834669,-1,-1,-1
182,3159,645.4358,326.86734,10.257385,11.805634,0.495314,-1,-1,-1
182,3160,667.62366,287.5446,10.048645,11.424713,0.6679092,-1,-1,-1
182,3170,639.8942,291.2974,8.345825,10.789642,0.716926,-1,-1,-1
182,3157,613.60254,304.75626,9.30011,11.389526,0.76654696,-1,-1,-1
182,3234,610.8932,353.65875,10.413635,21.871765,0.5846325,-1,-1,-1
182,3174,655.0609,360.29877,11.375,19.007233,0.6953396,-1,-1,-1
182,3158,654.6948,278.99313,8.550354,12.283264,0.422713,-1,-1,-1
182,3216,669.8985,256.6265,9.870605,10.5859375,0.68340296,-1,-1,-1
182,3312,654.16516,347.98834,10.129944,14.311768,0.41160274,-1,-1,-1
182,3195,703.51227,271.64627,9.447632,11.241547,0.66370684,-1,-1,-1
182,3323,650.4098,227.45543,8.300537,8.716675,0.4785572,-1,-1,-1
182,3306,652.5495,335.32452,9.796997,13.437897,0.54090893,-1,-1,-1
182,3153,641.6916,302.85397,8.825684,13.482788,0.28748876,-1,-1,-1
183,2777,653.18384,286.07025,9.551147,12.721558,0.54777855,-1,-1,-1
183,2908,641.9152,306.05304,9.503113,17.007507,0.6524062,-1,-1,-1
183,2527,596.555,338.60812,12.657043,18.322357,0.56615156,-1,-1,-1
183,2460,658.67303,314.74478,9.943481,12.879181,0.75744677,-1,-1,-1
183,3148,666.1691,327.33942,9.318848,13.419312,0.7480174,-1,-1,-1
183,3149,676.2713,368.7126,11.218689,17.805664,0.7550159,-1,-1,-1
183,3150,670.80334,347.9756,9.91687,14.994568,0.4880208,-1,-1,-1
183,3154,656.30927,297.71942,10.508728,12.813751,0.53336227,-1,-1,-1
183,3155,613.8443,334.40872,9.0177,14.752716,0.75460607,-1,-1,-1
183,3159,645.6716,326.3006,9.924316,11.443939,0.4452622,-1,-1,-1
183,3160,667.8266,287.57858,9.998108,11.424988,0.6942707,-1,-1,-1
183,3170,639.9028,291.0313,8.391602,10.99234,0.7211138,-1,-1,-1
183,3157,613.5443,304.51874,9.368408,11.522156,0.7860521,-1,-1,-1
183,3234,610.9889,353.30005,10.323181,19.854706,0.6175151,-1,-1,-1
183,3174,655.04114,359.38016,11.400085,19.743683,0.61991,-1,-1,-1
183,3158,654.61786,278.87845,8.708618,13.184723,0.453549,-1,-1,-1
183,3216,670.0719,256.48422,9.991821,10.828949,0.7218276,-1,-1,-1
183,3312,654.26733,347.46075,10.079468,14.586212,0.26312354,-1,-1,-1
183,3195,703.43774,270.91107,9.321106,11.353943,0.50744087,-1,-1,-1
183,3323,650.5189,227.68657,8.3063965,8.829163,0.5000868,-1,-1,-1
183,3306,652.81104,335.61725,9.59906,13.145996,0.43209252,-1,-1,-1
183,3313,638.33203,222.28062,7.79895,9.513657,0.29077882,-1,-1,-1
183,3171,685.128,296.6053,12.812317,13.151398,0.26933292,-1,-1,-1
184,2777,653.1314,284.53342,9.646301,14.034363,0.6264429,-1,-1,-1
184,2908,641.9572,306.12357,9.470825,16.649536,0.72280055,-1,-1,-1
184,2527,596.7834,338.17856,12.401978,17.528961,0.42017075,-1,-1,-1
184,2460,658.8008,314.557,9.824158,12.924713,0.7949237,-1,-1,-1
184,3148,666.13403,326.9249,9.732178,13.607819,0.7188959,-1,-1,-1
184,3149,676.56415,368.62738,11.0321045,18.036102,0.7811618,-1,-1,-1
184,3150,670.9663,347.33044,9.9626465,15.436798,0.6154269,-1,-1,-1
184,3154,656.376,297.5068,10.706604,12.81131,0.42633957,-1,-1,-1
184,3155,613.79486,334.23468,8.960327,14.720184,0.7569167,-1,-1,-1
184,3159,645.6891,325.5856,9.808838,11.615509,0.46432084,-1,-1,-1
184,3160,668.0838,287.74646,9.920593,11.423065,0.7290566,-1,-1,-1
184,3170,639.90515,290.7569,8.515503,11.170532,0.7140641,-1,-1,-1
184,3157,613.4192,304.3152,9.464294,11.614136,0.7810638,-1,-1,-1
184,3234,610.89374,353.06342,10.512634,19.90683,0.6326812,-1,-1,-1
184,3174,655.01764,359.54504,11.452454,19.35965,0.6705105,-1,-1,-1
184,3158,654.4244,278.9429,8.946228,14.389404,0.4465039,-1,-1,-1
184,3216,670.3383,256.78946,9.780579,10.594849,0.75157017,-1,-1,-1
184,3312,654.2431,346.77298,10.408264,15.09433,0.4561869,-1,-1,-1
184,3195,703.2399,270.05444,9.311768,11.428436,0.401575,-1,-1,-1
184,3323,650.6409,227.93176,8.321594,8.9086,0.47010177,-1,-1,-1
184,3306,652.9491,335.81412,9.528564,12.615692,0.48391253,-1,-1,-1
184,3331,717.45746,258.05194,10.894409,11.757324,0.40895933,-1,-1,-1
184,3313,638.0676,222.28596,7.9283447,9.660858,0.38992795,-1,-1,-1
184,3171,685.431,296.63248,12.681641,13.501465,0.33996218,-1,-1,-1
185,2777,653.3551,283.81464,9.608459,14.672882,0.61921114,-1,-1,-1
185,2908,642.38416,306.1204,9.220581,16.560547,0.72178036,-1,-1,-1
185,2527,596.9862,337.73416,12.172668,17.624786,0.39274982,-1,-1,-1
185,2460,659.0963,314.28726,9.810364,13.084045,0.77610224,-1,-1,-1
185,3148,666.2436,326.33902,10.162537,14.046356,0.67712635,-1,-1,-1
185,3149,676.8864,368.7218,10.953918,18.43814,0.69754916,-1,-1,-1
185,3150,671.26746,346.9209,10.1033325,15.833801,0.56440747,-1,-1,-1
185,3154,656.9473,297.3681,10.605957,12.849121,0.36080053,-1,-1,-1
185,3155,613.83997,334.0958,8.90979,14.506958,0.7633094,-1,-1,-1
185,3159,645.9695,325.11572,9.59729,11.812103,0.36834088,-1,-1,-1
185,3160,668.48737,288.0796,9.900696,11.508942,0.72611964,-1,-1,-1
185,3170,640.2525,290.56915,8.540527,11.219177,0.6997744,-1,-1,-1
185,3157,613.5145,304.17633,9.479797,11.720673,0.77995855,-1,-1,-1
185,3234,611.1237,352.6149,10.372803,18.966522,0.43093485,-1,-1,-1
185,3174,655.1839,360.03162,11.540466,18.8443,0.6803307,-1,-1,-1
185,3158,654.5834,278.84244,9.059021,15.236298,0.43243948,-1,-1,-1
185,3216,670.621,257.15598,9.684814,10.468201,0.7265844,-1,-1,-1
185,3312,654.0989,346.33078,10.699036,15.864807,0.45590064,-1,-1,-1
185,3195,703.11804,268.81653,9.365967,11.282959,0.35126978,-1,-1,-1
185,3323,650.7231,227.93794,8.396301,9.183304,0.5156844,-1,-1,-1
185,3306,653.13477,335.9051,9.594116,12.138489,0.43652377,-1,-1,-1
185,3331,717.3526,257.3035,10.947449,12.064697,0.40929526,-1,-1,-1
185,3313,638.15,222.47353,7.8965454,9.726364,0.35193723,-1,-1,-1
185,3153,642.052,301.81378,8.626831,14.665985,0.2861831,-1,-1,-1
186,2777,653.28424,283.33206,9.547852,15.023712,0.5691357,-1,-1,-1
186,2908,642.3467,305.81003,9.139526,16.48111,0.6899231,-1,-1,-1
186,2527,597.2932,337.57037,11.797546,17.43689,0.44320193,-1,-1,-1
186,2460,659.0508,313.74692,9.869934,13.384552,0.7709151,-1,-1,-1
186,3148,666.1703,325.83365,10.177368,14.294861,0.66886103,-1,-1,-1
186,3149,676.70245,368.58902,11.337036,18.588257,0.70258486,-1,-1,-1
186,3150,671.3789,346.47687,10.232483,16.07138,0.37123668,-1,-1,-1
186,3154,656.87476,297.27377,10.757751,12.655304,0.3522564,-1,-1,-1
186,3155,613.66376,333.73477,9.038513,14.321899,0.78747076,-1,-1,-1
186,3159,645.9431,324.5645,9.471741,11.711517,0.5211028,-1,-1,-1
186,3160,668.5959,288.19202,9.958618,11.7378845,0.7021401,-1,-1,-1
186,3170,640.30804,290.44598,8.534241,11.214722,0.62110114,-1,-1,-1
186,3157,613.2654,303.85046,9.668091,11.746063,0.8000587,-1,-1,-1
186,3234,610.9278,352.42633,10.53125,19.01767,0.5372735,-1,-1,-1
186,3174,655.14417,360.4419,11.633423,18.203735,0.69415444,-1,-1,-1
186,3158,654.51355,278.5945,9.116638,15.720184,0.47006902,-1,-1,-1
186,3216,670.68536,257.21863,9.721252,10.456757,0.68928415,-1,-1,-1
186,3312,654.0447,345.69687,10.716064,16.166168,0.27443528,-1,-1,-1
186,3323,650.7087,227.82922,8.561523,9.3749695,0.5089767,-1,-1,-1
186,3306,653.0264,336.07184,9.71167,11.666351,0.5215157,-1,-1,-1
186,3331,716.8516,256.10345,11.25885,12.574158,0.567475,-1,-1,-1
186,3153,641.7997,300.48138,8.869019,15.796509,0.377748,-1,-1,-1
186,3250,591.828,362.9362,14.065002,32.18692,0.3957503,-1,-1,-1
186,3171,685.728,297.18723,12.304504,13.707764,0.41964993,-1,-1,-1
187,2777,653.54144,282.1963,9.801514,15.993988,0.5735884,-1,-1,-1
187,2908,642.3706,305.0303,9.312683,16.961517,0.70860875,-1,-1,-1
187,2527,597.8154,337.3006,11.326904,16.621735,0.44106165,-1,-1,-1
187,2460,659.1392,313.497,10.001587,13.534882,0.7546972,-1,-1,-1
187,3148,666.17194,325.68488,10.349609,14.298309,0.6679202,-1,-1,-1
187,3149,676.9026,368.49652,11.380005,18.205902,0.5561988,-1,-1,-1
187,3154,656.7757,296.64673,11.068359,12.967407,0.43305895,-1,-1,-1
187,3155,613.9347,333.56467,8.888794,14.044281,0.7395253,-1,-1,-1
187,3159,646.16473,324.37076,10.1241455,11.930664,0.49631602,-1,-1,-1
187,3160,669.00366,288.34488,10.113342,11.891174,0.73285705,-1,-1,-1
187,3170,640.24927,290.24222,8.647156,11.485474,0.5304351,-1,-1,-1
187,3157,613.2038,303.75943,9.812195,11.661346,0.7726482,-1,-1,-1
187,3234,610.97156,351.84558,10.48999,18.126465,0.46527666,-1,-1,-1
187,3174,655.4289,361.3312,11.732483,17.078003,0.7259645,-1,-1,-1
187,3158,654.96216,278.60324,9.20343,16.643494,0.4506618,-1,-1,-1
187,3216,671.0053,257.35812,9.757141,10.414307,0.6113052,-1,-1,-1
187,3312,654.32935,345.26135,10.76709,15.950684,0.58794266,-1,-1,-1
187,3323,650.8568,227.74055,8.661865,9.581818,0.48649257,-1,-1,-1
187,3306,652.8291,335.4922,10.066345,11.794098,0.5644591,-1,-1,-1
187,3331,716.7074,255.48334,11.432678,12.391327,0.39765754,-1,-1,-1
187,3153,641.9957,300.68948,8.8689575,17.53305,0.36784047,-1,-1,-1
187,3171,686.53375,297.169,11.816589,13.906677,0.27223575,-1,-1,-1
188,2777,653.4505,282.12387,9.853882,15.856262,0.565788,-1,-1,-1
188,2908,642.23914,304.9332,9.282532,16.820343,0.68763465,-1,-1,-1
188,2527,597.3555,337.19968,11.705444,16.892334,0.58496314,-1,-1,-1
188,2460,659.1839,313.29248,10.246033,13.51358,0.75237876,-1,-1,-1
188,3148,666.3588,325.52383,10.181152,14.044067,0.72228813,-1,-1,-1
188,3149,676.8843,368.2621,11.476501,17.628998,0.48376343,-1,-1,-1
188,3154,656.46875,296.54346,11.327087,12.889313,0.5038493,-1,-1,-1
188,3155,613.8463,333.22235,8.921631,14.099884,0.78008443,-1,-1,-1
188,3159,646.1047,323.91403,10.387817,11.874512,0.5226695,-1,-1,-1
188,3160,669.1297,288.5018,10.253601,12.031616,0.74723804,-1,-1,-1
188,3170,640.0995,289.84543,8.685303,11.35199,0.64793044,-1,-1,-1
188,3157,613.1222,303.68814,9.791809,11.471436,0.77655756,-1,-1,-1
188,3234,611.031,351.1263,10.437439,17.161957,0.5800905,-1,-1,-1
188,3174,655.4653,361.6548,11.81012,16.400085,0.76429707,-1,-1,-1
188,3158,654.726,278.43607,9.25116,17.686401,0.30155745,-1,-1,-1
188,3216,671.1809,257.71832,9.693115,10.211151,0.54111665,-1,-1,-1
188,3312,654.2552,344.86172,10.799316,16.09198,0.63626415,-1,-1,-1
188,3323,650.8708,227.73213,8.703918,9.7009735,0.48388973,-1,-1,-1
188,3306,652.58636,335.68707,10.302734,11.447479,0.5882113,-1,-1,-1
188,3331,716.4149,254.58043,11.384399,12.234116,0.60944563,-1,-1,-1
188,3153,641.93286,300.40042,8.936707,18.055695,0.41695175,-1,-1,-1
188,3171,686.7775,297.16153,11.807617,14.088196,0.36284903,-1,-1,-1
188,3195,702.1559,266.35382,9.977478,11.288116,0.34415838,-1,-1,-1
188,3150,671.5836,345.67813,10.622437,16.330841,0.25626165,-1,-1,-1
188,3250,591.9562,362.02036,14.031372,31.903687,0.27054363,-1,-1,-1
189,2777,653.31226,283.15356,9.748657,14.456421,0.60230786,-1,-1,-1
189,2908,642.1686,304.2684,9.385864,17.044891,0.65088713,-1,-1,-1
189,2527,597.1159,337.19946,11.932617,16.246063,0.54072803,-1,-1,-1
189,2460,659.2167,312.9115,10.373108,13.439728,0.7644166,-1,-1,-1
189,3148,666.5489,325.3404,9.992554,13.947632,0.73689663,-1,-1,-1
189,3149,676.994,367.74942,11.345947,17.394104,0.66770226,-1,-1,-1
189,3154,656.2131,296.59235,11.288025,12.65097,0.571061,-1,-1,-1
189,3155,613.87463,332.7469,8.973328,14.284607,0.7845387,-1,-1,-1
189,3159,646.06506,323.36127,10.037903,11.655975,0.6121086,-1,-1,-1
189,3160,669.4181,288.58377,10.122803,12.06015,0.7905935,-1,-1,-1
189,3170,640.00635,289.6421,8.659058,11.008667,0.6976138,-1,-1,-1
189,3157,613.11957,303.57666,9.661438,11.381989,0.7869597,-1,-1,-1
189,3234,610.96075,351.0582,10.582642,18.3844,0.60645866,-1,-1,-1
189,3174,655.50385,361.65555,11.608093,15.872833,0.7863945,-1,-1,-1
189,3158,654.7427,277.58624,9.047058,16.068787,0.32316813,-1,-1,-1
189,3216,671.34906,258.19873,9.592224,9.941406,0.6057421,-1,-1,-1
189,3312,654.3488,344.5495,10.360779,15.7907715,0.6386522,-1,-1,-1
189,3323,650.9691,227.72052,8.738098,9.828201,0.49005234,-1,-1,-1
189,3306,652.77563,335.84943,10.030518,10.878052,0.5820983,-1,-1,-1
189,3331,716.13837,254.15816,11.205566,11.67775,0.48703414,-1,-1,-1
189,3153,641.7677,299.8955,9.267761,19.514343,0.44684473,-1,-1,-1
189,3171,687.0047,297.54346,11.561951,13.849091,0.45605984,-1,-1,-1
189,3332,710.9324,307.4788,11.395996,13.268433,0.4114429,-1,-1,-1
189,3195,702.1673,265.24542,9.687988,11.547119,0.34145543,-1,-1,-1
189,3150,671.7316,345.57227,10.419373,15.81131,0.7104594,-1,-1,-1
190,2777,653.2639,283.33356,9.853577,14.1032715,0.61470914,-1,-1,-1
190,2908,642.173,304.0968,9.513062,17.066467,0.6393828,-1,-1,-1
190,2527,597.3409,337.083,11.660828,15.7204895,0.50505453,-1,-1,-1
190,2460,659.2788,312.6321,10.523865,13.302307,0.77319324,-1,-1,-1
190,3148,666.57184,324.98917,10.268372,14.129211,0.7551923,-1,-1,-1
190,3149,677.1915,367.12277,11.35553,17.01471,0.6965041,-1,-1,-1
190,3154,656.2681,296.52606,11.220154,12.590485,0.59410566,-1,-1,-1
190,3155,613.9581,332.4591,8.912842,14.299957,0.754682,-1,-1,-1
190,3159,645.97095,323.06857,10.396973,11.598907,0.6150892,-1,-1,-1
190,3160,669.70935,288.67267,10.21344,12.313202,0.8024549,-1,-1,-1
190,3170,639.90686,289.68124,8.810608,10.987915,0.66928864,-1,-1,-1
190,3157,613.1119,303.46292,9.631226,11.3089905,0.784763,-1,-1,-1
190,3234,610.99896,350.375,10.4552,17.723175,0.36720115,-1,-1,-1
190,3174,655.5543,361.52487,11.725098,15.859772,0.7630585,-1,-1,-1
190,3158,655.1238,276.99643,8.906189,12.319702,0.46330148,-1,-1,-1
190,3216,671.5313,258.514,9.502502,9.710999,0.65754443,-1,-1,-1
190,3312,654.5848,344.6355,10.110657,15.295593,0.678817,-1,-1,-1
190,3323,651.1886,227.85611,8.713806,9.807922,0.42332116,-1,-1,-1
190,3306,652.7811,335.47437,10.1345825,10.929932,0.58776104,-1,-1,-1
190,3331,715.6016,253.72043,11.321594,11.261047,0.27974853,-1,-1,-1
190,3153,641.6032,298.88214,9.529358,19.729431,0.38628313,-1,-1,-1
190,3171,687.5054,297.97705,11.134888,13.419464,0.6972587,-1,-1,-1
190,3332,710.7495,306.84753,11.423889,12.879089,0.30260035,-1,-1,-1
190,3195,702.01276,264.1986,9.705811,11.639038,0.57914424,-1,-1,-1
190,3150,671.8675,345.24512,10.534546,15.824341,0.7722433,-1,-1,-1
190,3313,638.03894,222.98532,8.267334,9.910065,0.27226248,-1,-1,-1
191,2777,653.24835,283.5872,9.941162,13.674347,0.5907049,-1,-1,-1
191,2908,642.1311,304.2642,9.548218,16.818176,0.5747221,-1,-1,-1
191,2527,597.098,337.0349,11.92041,15.327667,0.4712286,-1,-1,-1
191,2460,659.3172,312.50055,10.525696,13.170898,0.69907784,-1,-1,-1
191,3148,666.5135,324.4219,10.439026,14.2621765,0.76429254,-1,-1,-1
191,3149,677.37714,367.0416,11.34906,17.24115,0.67026144,-1,-1,-1
191,3154,656.29596,296.35315,11.27887,12.712433,0.5081582,-1,-1,-1
191,3155,614.0097,332.3765,8.874817,14.03714,0.7105452,-1,-1,-1
191,3159,645.25116,323.13623,11.029053,12.059723,0.58695024,-1,-1,-1
191,3160,669.84717,288.80057,10.358459,12.458923,0.80531603,-1,-1,-1
191,3170,639.91583,289.60892,8.937683,11.124176,0.6431413,-1,-1,-1
191,3157,613.1921,303.2262,9.561523,11.366577,0.7902033,-1,-1,-1
191,3234,611.08887,350.05942,10.462891,17.536499,0.44595975,-1,-1,-1
191,3174,655.6791,361.2201,11.787842,15.989105,0.71011835,-1,-1,-1
191,3158,655.31067,276.85596,8.873108,10.457581,0.38308492,-1,-1,-1
191,3216,671.7394,258.4052,9.554749,9.855194,0.70466745,-1,-1,-1
191,3312,654.60016,344.18887,10.246155,15.339142,0.43560606,-1,-1,-1
191,3323,651.5562,228.41867,8.4366455,9.431122,0.40904787,-1,-1,-1
191,3306,652.83124,335.5384,10.140747,10.824554,0.55741644,-1,-1,-1
191,3331,715.64526,253.2052,11.046143,11.295044,0.25413206,-1,-1,-1
191,3153,641.5124,298.03455,9.593628,19.48053,0.33264798,-1,-1,-1
191,3171,687.78796,298.18005,11.273132,13.583801,0.7210791,-1,-1,-1
191,3332,709.7798,305.98596,12.3810425,12.224304,0.3193788,-1,-1,-1
191,3195,701.902,263.1192,9.948059,11.672272,0.41452962,-1,-1,-1
191,3150,671.82446,344.99478,10.830139,15.923401,0.6931355,-1,-1,-1
191,3313,638.16296,223.29002,8.167053,9.8081665,0.3893005,-1,-1,-1
191,3250,592.39966,364.52322,14.069214,29.272186,0.3477674,-1,-1,-1
192,2777,653.17694,283.8593,10.0998535,13.183807,0.5788674,-1,-1,-1
192,2908,642.22345,304.07208,9.502563,16.711884,0.49762726,-1,-1,-1
192,2527,597.11414,336.87695,11.953064,14.962585,0.47664914,-1,-1,-1
192,2460,659.266,312.29288,10.563782,13.02417,0.6733752,-1,-1,-1
192,3148,666.47437,324.1097,10.537598,14.314209,0.7646349,-1,-1,-1
192,3149,677.4063,367.1171,11.416321,17.39093,0.669817,-1,-1,-1
192,3154,656.30505,296.44714,11.253052,12.549011,0.4543334,-1,-1,-1
192,3155,614.006,332.34293,8.8396,13.950043,0.70161885,-1,-1,-1
192,3159,644.97595,323.0167,11.137695,12.213867,0.60101604,-1,-1,-1
192,3160,670.0044,288.97433,10.489258,12.570526,0.8091973,-1,-1,-1
192,3170,639.90497,289.41342,9.048828,11.123383,0.69438565,-1,-1,-1
192,3157,613.22125,303.0689,9.465942,11.43045,0.7968655,-1,-1,-1
192,3234,611.11615,350.00458,10.575989,18.44397,0.4901263,-1,-1,-1
192,3174,655.65045,361.0826,11.801575,15.773254,0.73079747,-1,-1,-1
192,3158,655.3175,276.4479,8.892212,9.928131,0.3032758,-1,-1,-1
192,3216,671.9182,258.41266,9.532959,9.992645,0.70761305,-1,-1,-1
192,3312,654.405,344.55103,10.362366,14.573669,0.26193723,-1,-1,-1
192,3323,651.73926,228.68288,8.225342,9.306992,0.45296034,-1,-1,-1
192,3306,652.7748,335.2871,10.080872,10.813995,0.5182543,-1,-1,-1
192,3331,715.3798,252.48245,10.803223,11.615021,0.40582052,-1,-1,-1
192,3153,641.5384,297.91132,9.661255,18.938843,0.29306987,-1,-1,-1
192,3171,687.91504,298.42807,11.543213,13.956207,0.45831725,-1,-1,-1
192,3332,709.5015,305.31567,12.470825,12.197784,0.2723049,-1,-1,-1
192,3195,701.5154,262.0606,10.015076,11.541779,0.34237158,-1,-1,-1
192,3150,671.63184,344.92026,10.917847,15.911774,0.7232413,-1,-1,-1
192,3313,638.31726,223.9901,7.9904175,9.495941,0.3858505,-1,-1,-1
192,3250,592.45294,364.37225,14.100403,28.821869,0.26516584,-1,-1,-1
192,3315,0.0,143.14558,137.89792,75.87248,0.26810429,-1,-1,-1
193,2777,653.3883,284.45544,10.280334,12.355743,0.56846774,-1,-1,-1
193,2908,642.33124,302.45306,9.62085,17.737518,0.5301819,-1,-1,-1
193,2527,597.6695,335.5252,11.591492,15.8463745,0.5470439,-1,-1,-1
193,2460,659.41785,311.8223,10.644409,12.995453,0.72588193,-1,-1,-1
193,3148,666.70526,323.98096,10.826965,14.261688,0.7709473,-1,-1,-1
193,3149,677.5203,366.9454,11.58374,18.135406,0.72210354,-1,-1,-1
193,3154,656.8366,296.36386,11.00708,12.35733,0.4867485,-1,-1,-1
193,3155,613.9729,332.3883,8.935852,13.713409,0.47439718,-1,-1,-1
193,3159,645.1373,322.73187,11.157043,12.300293,0.63741267,-1,-1,-1
193,3160,670.50134,289.15384,10.413757,12.585114,0.80636215,-1,-1,-1
193,3170,640.1933,289.13586,9.077881,11.198761,0.59425557,-1,-1,-1
193,3157,613.2908,302.94257,9.427795,11.4470215,0.76267475,-1,-1,-1
193,3234,611.2517,349.21133,10.45697,17.829742,0.35969967,-1,-1,-1
193,3174,655.81616,360.37982,11.770264,16.334747,0.72954947,-1,-1,-1
193,3158,655.3599,275.4017,9.109253,10.092468,0.40206766,-1,-1,-1
193,3216,672.3566,258.28848,9.654907,10.293671,0.60249954,-1,-1,-1
193,3312,654.7513,344.78418,10.245239,13.633972,0.25452995,-1,-1,-1
193,3323,651.96606,228.8531,8.084106,9.181534,0.38707203,-1,-1,-1
193,3306,652.17896,334.43607,10.730225,11.75235,0.56358767,-1,-1,-1
193,3331,715.07806,251.00626,10.673401,12.177521,0.5028979,-1,-1,-1
193,3332,709.6932,303.87122,11.646179,12.15387,0.4669764,-1,-1,-1
193,3150,671.5862,344.48578,11.020874,16.133423,0.7222698,-1,-1,-1
193,3313,638.546,224.32692,7.8640747,9.363235,0.25902367,-1,-1,-1
193,3250,592.5164,362.79807,13.777222,29.899658,0.31604058,-1,-1,-1
193,3315,0.0,143.82648,136.84799,74.95076,0.31851205,-1,-1,-1
194,2777,653.41876,284.343,10.322388,12.286621,0.5991691,-1,-1,-1
194,2908,642.3165,301.82306,9.5686035,17.690552,0.45078695,-1,-1,-1
194,2527,597.6697,335.10577,11.963257,16.23767,0.55801463,-1,-1,-1
194,2460,659.5207,311.61792,10.528076,12.814758,0.7143432,-1,-1,-1
194,3148,666.65704,323.91562,10.985046,13.856628,0.7712676,-1,-1,-1
194,3149,677.6324,366.55865,11.179382,17.023712,0.7393246,-1,-1,-1
194,3154,657.0098,296.28006,10.946472,12.153839,0.549676,-1,-1,-1
194,3155,614.02655,331.94098,8.921082,13.526825,0.62269324,-1,-1,-1
194,3159,645.22986,322.52005,11.121277,12.645386,0.59243864,-1,-1,-1
194,3160,670.6858,289.39536,10.322327,12.427155,0.7977951,-1,-1,-1
194,3170,640.2689,288.84058,9.092407,11.211731,0.5984827,-1,-1,-1
194,3157,613.2898,302.65887,9.424133,11.506744,0.77604717,-1,-1,-1
194,3234,611.5668,349.0309,10.295471,16.810547,0.37013134,-1,-1,-1
194,3174,655.93054,360.39383,11.791077,15.988495,0.5345705,-1,-1,-1
194,3158,655.1913,275.0806,9.219788,10.197601,0.4674587,-1,-1,-1
194,3216,672.5786,258.1267,9.712769,10.563263,0.55910975,-1,-1,-1
194,3323,652.0626,228.9699,8.035645,9.130325,0.43927142,-1,-1,-1
194,3306,651.72864,334.27948,11.18811,11.645447,0.42307562,-1,-1,-1
194,3332,709.5627,302.5731,11.309448,12.133301,0.38233176,-1,-1,-1
194,3150,671.40955,344.1548,11.318176,16.26352,0.7242555,-1,-1,-1
194,3313,638.5628,224.57256,7.8531494,9.341324,0.32103682,-1,-1,-1
194,3315,0.0,146.06639,137.2012,72.24957,0.4126547,-1,-1,-1
194,3195,700.7485,259.90536,10.859863,11.9861145,0.26107034,-1,-1,-1
195,2777,653.33954,284.36786,10.185181,12.000153,0.66059715,-1,-1,-1
195,2908,642.23914,300.80002,9.618591,18.639435,0.44499916,-1,-1,-1
195,2527,597.88605,334.7272,11.690186,16.309357,0.6292423,-1,-1,-1
195,2460,659.7897,311.50992,10.633728,12.61673,0.67620283,-1,-1,-1
195,3148,666.75037,323.6595,11.0026245,13.673492,0.76445556,-1,-1,-1
195,3149,677.71326,366.3378,11.076416,16.43393,0.6998816,-1,-1,-1
195,3154,657.1333,296.24225,10.9328,12.02832,0.5497688,-1,-1,-1
195,3155,613.9689,331.7484,8.952637,13.569305,0.6577828,-1,-1,-1
195,3159,645.31067,322.05334,10.850647,12.607117,0.66054475,-1,-1,-1
195,3160,670.87616,289.66693,10.377991,12.366364,0.802261,-1,-1,-1
195,3170,640.2663,288.4093,9.046204,11.096741,0.58789253,-1,-1,-1
195,3157,613.33124,302.44006,9.531067,11.634552,0.75541115,-1,-1,-1
195,3234,611.56903,348.69193,10.394531,17.276764,0.4951519,-1,-1,-1
195,3174,656.14905,360.45953,11.84021,15.947601,0.628158,-1,-1,-1
195,3158,654.9055,274.9544,9.34314,10.911407,0.29596105,-1,-1,-1
195,3216,672.7133,258.32166,9.587585,10.629883,0.58120304,-1,-1,-1
195,3323,652.02997,229.02814,8.019165,9.189667,0.4082855,-1,-1,-1
195,3306,652.189,334.15665,11.042358,11.922089,0.42995405,-1,-1,-1
195,3150,671.3634,343.38016,11.78595,16.905823,0.5852516,-1,-1,-1
195,3313,638.49774,224.84163,7.9036255,9.239136,0.34700486,-1,-1,-1
195,3315,0.0,149.97304,136.78195,67.65271,0.33747554,-1,-1,-1
195,3195,700.4862,259.03226,10.947998,11.907288,0.4033651,-1,-1,-1
196,2777,653.2401,284.5653,10.238831,11.531738,0.59230256,-1,-1,-1
196,2908,642.2666,300.70663,9.643127,18.008148,0.5426713,-1,-1,-1
196,2527,597.6166,334.44952,11.960266,16.624939,0.52236116,-1,-1,-1
196,2460,659.7553,311.06158,10.996643,12.764557,0.7210432,-1,-1,-1
196,3148,666.77203,323.37595,11.158813,13.709381,0.7810555,-1,-1,-1
196,3149,677.66614,366.02335,11.191895,16.242462,0.69569653,-1,-1,-1
196,3154,657.0702,296.0691,11.0598755,12.062286,0.49942085,-1,-1,-1
196,3155,613.8469,331.79785,8.929443,13.315857,0.5081117,-1,-1,-1
196,3159,645.32495,321.72324,10.616455,12.33783,0.65386695,-1,-1,-1
196,3160,671.1763,289.92377,10.570679,12.315796,0.77208155,-1,-1,-1
196,3170,640.2221,288.1991,9.105774,11.180603,0.55142844,-1,-1,-1
196,3157,613.1803,302.1691,9.7283325,11.731964,0.76227653,-1,-1,-1
196,3234,611.8747,347.9095,10.170593,16.816101,0.43965548,-1,-1,-1
196,3174,656.2489,360.10812,11.702698,15.924683,0.6948364,-1,-1,-1
196,3216,672.8377,258.37952,9.716248,10.7942505,0.48646736,-1,-1,-1
196,3323,652.00684,229.00645,8.046204,9.217804,0.36876747,-1,-1,-1
196,3306,652.7559,333.7546,10.750244,12.651428,0.5255034,-1,-1,-1
196,3150,671.5423,343.00702,11.834045,17.321106,0.5212743,-1,-1,-1
196,3313,638.4368,224.77222,7.984741,9.3376465,0.34606278,-1,-1,-1
196,3315,0.0,152.96992,136.37764,63.959106,0.26939842,-1,-1,-1
196,3195,700.3641,257.9119,10.550293,12.17865,0.49882594,-1,-1,-1
196,3312,654.7918,341.54764,10.386414,15.639008,0.48738974,-1,-1,-1
196,3332,709.7682,300.4505,10.314453,11.714996,0.25477633,-1,-1,-1
197,2777,653.1874,284.83386,10.233948,11.149109,0.5547298,-1,-1,-1
197,2908,642.1056,300.24435,9.694092,18.251404,0.5222267,-1,-1,-1
197,2527,597.37994,334.74854,12.281372,16.305206,0.39727256,-1,-1,-1
197,2460,659.82434,310.78223,11.101379,12.79129,0.72458905,-1,-1,-1
197,3148,666.9056,323.15607,11.016418,13.646301,0.76886404,-1,-1,-1
197,3149,677.723,365.8798,11.128296,16.159576,0.700574,-1,-1,-1
197,3154,656.80414,296.13647,11.541748,11.9496155,0.43965524,-1,-1,-1
197,3155,613.9041,331.61942,8.85968,13.252228,0.5118662,-1,-1,-1
197,3159,645.30023,321.13983,10.471802,12.321136,0.5073808,-1,-1,-1
197,3160,671.29663,290.0688,10.796204,12.298462,0.77472603,-1,-1,-1
197,3170,640.2915,288.01862,8.96991,11.038116,0.5020473,-1,-1,-1
197,3157,613.2262,301.8465,9.673279,11.844208,0.7728844,-1,-1,-1
197,3234,611.9946,347.80695,10.155701,17.300537,0.5759486,-1,-1,-1
197,3174,656.42456,359.98688,11.654907,15.983704,0.68373513,-1,-1,-1
197,3216,672.8858,258.32983,9.86322,10.992249,0.41949466,-1,-1,-1
197,3323,651.9681,229.0745,7.9746704,9.198181,0.35471416,-1,-1,-1
197,3306,653.107,333.5216,10.459045,12.34198,0.4497648,-1,-1,-1
197,3150,671.8248,342.9751,11.678833,17.396423,0.42460153,-1,-1,-1
197,3313,638.18134,224.92537,8.057922,9.319397,0.31545705,-1,-1,-1
197,3195,700.05896,257.1881,10.456665,12.167633,0.45618474,-1,-1,-1
197,3312,654.9508,341.21378,10.2491455,15.750183,0.50100994,-1,-1,-1
197,3331,712.57117,247.73392,11.365173,11.405975,0.41240337,-1,-1,-1
197,3158,654.9966,274.03555,9.349243,10.592133,0.32434115,-1,-1,-1
198,2777,653.35767,285.2265,10.195801,10.6214905,0.49711767,-1,-1,-1
198,2908,642.21826,299.8425,9.695618,17.97586,0.57083464,-1,-1,-1
198,2527,597.8107,334.5933,11.756531,15.976654,0.5864812,-1,-1,-1
198,2460,659.66064,310.41013,11.373474,13.000061,0.725352,-1,-1,-1
198,3148,666.83496,322.77673,11.291138,13.854736,0.766794,-1,-1,-1
198,3149,677.8067,365.56183,11.2146,16.218079,0.6337751,-1,-1,-1
198,3154,656.69794,295.33728,11.775269,12.349304,0.45313162,-1,-1,-1
198,3155,613.9717,331.24503,8.833679,13.232758,0.5848312,-1,-1,-1
198,3159,645.5546,321.07718,10.776855,13.146454,0.3840499,-1,-1,-1
198,3160,671.52985,290.1699,11.0269165,12.394012,0.7749741,-1,-1,-1
198,3170,640.4193,287.6904,8.917725,11.092133,0.48785236,-1,-1,-1
198,3157,613.1583,301.69827,9.718689,11.93277,0.7765941,-1,-1,-1
198,3234,611.9564,347.7336,10.095764,17.819244,0.5116065,-1,-1,-1
198,3174,656.53046,359.8947,11.579834,16.00058,0.71758586,-1,-1,-1
198,3216,673.0578,258.1485,10.289795,11.435425,0.30888453,-1,-1,-1
198,3323,652.08606,229.12305,7.9490967,9.184311,0.32466778,-1,-1,-1
198,3306,652.8471,332.09674,10.723511,12.549744,0.48306325,-1,-1,-1
198,3150,672.06555,342.73468,11.573914,17.385864,0.28496954,-1,-1,-1
198,3195,699.8731,256.6166,10.313965,11.954712,0.37555507,-1,-1,-1
198,3312,655.1126,341.53006,10.141418,15.111176,0.5706337,-1,-1,-1
198,3331,712.1693,247.24866,11.271362,11.366119,0.3800046,-1,-1,-1
198,3158,654.97943,273.81433,9.5224,10.428619,0.29040086,-1,-1,-1
198,3332,708.80853,298.31778,10.819946,12.3558655,0.31283346,-1,-1,-1
199,2777,653.54785,285.48395,10.232788,10.592133,0.44117123,-1,-1,-1
199,2908,642.17334,299.5256,9.80127,17.85669,0.606997,-1,-1,-1
199,2527,598.12946,334.23172,11.59613,15.351135,0.4726741,-1,-1,-1
199,2460,659.3851,309.7814,11.48822,13.422455,0.7224167,-1,-1,-1
199,3148,666.9066,322.51913,11.031677,13.777283,0.7865706,-1,-1,-1
199,3149,677.7984,365.08157,11.375793,16.006042,0.70110714,-1,-1,-1
199,3154,656.5422,294.60965,11.915039,12.601654,0.42361692,-1,-1,-1
199,3155,613.94763,330.95404,8.963318,13.185333,0.5267002,-1,-1,-1
199,3159,645.7163,320.56433,10.462524,12.364777,0.44235593,-1,-1,-1
199,3160,671.763,290.38272,11.124695,12.331268,0.75723994,-1,-1,-1
199,3170,640.5237,287.14273,8.847168,11.22998,0.60668695,-1,-1,-1
199,3157,613.1077,301.67914,9.7387085,11.842102,0.7632016,-1,-1,-1
199,3234,612.0993,346.93103,9.979431,17.177673,0.64027524,-1,-1,-1
199,3174,656.50006,359.5741,11.487671,15.814362,0.76140755,-1,-1,-1
199,3216,673.2576,257.96292,10.437256,11.773041,0.3325398,-1,-1,-1
199,3323,652.1937,229.1154,8.09082,9.236176,0.30112156,-1,-1,-1
199,3306,653.10095,331.8479,10.6604,12.143188,0.5985212,-1,-1,-1
199,3150,672.12396,342.41827,11.440796,17.312836,0.38381442,-1,-1,-1
199,3195,699.8158,256.10678,9.921875,11.024384,0.3624106,-1,-1,-1
199,3312,655.1231,340.82202,10.326843,15.595367,0.6368773,-1,-1,-1
199,3331,711.7976,246.66899,11.070923,11.306015,0.36121908,-1,-1,-1
199,3332,708.47003,297.5688,10.625061,12.193939,0.5689342,-1,-1,-1
199,3250,592.26373,359.66003,14.525024,30.042725,0.2740052,-1,-1,-1
200,2777,654.0729,285.6,9.906433,10.187378,0.43850455,-1,-1,-1
200,2908,642.36914,299.5794,9.87854,17.397736,0.5645841,-1,-1,-1
200,2527,598.06134,333.87024,11.597229,15.250183,0.60247624,-1,-1,-1
200,2460,659.32983,309.29535,11.530579,13.500153,0.7455232,-1,-1,-1
200,3148,667.20074,321.89697,10.957764,14.215973,0.76526874,-1,-1,-1
200,3149,677.6434,364.76898,12.2146,16.431396,0.61732227,-1,-1,-1
200,3154,656.9474,293.99042,11.537964,12.700439,0.4888579,-1,-1,-1
200,3155,613.98737,330.40393,9.148621,13.786835,0.591596,-1,-1,-1
200,3159,646.0265,319.78076,10.2456665,12.187592,0.32055226,-1,-1,-1
200,3160,672.13464,290.53336,11.244263,12.259064,0.74932843,-1,-1,-1
200,3170,640.83514,286.74826,8.751038,11.415344,0.6153245,-1,-1,-1
200,3157,613.2588,301.45377,9.649658,11.891663,0.7414781,-1,-1,-1
200,3234,611.85223,346.84683,10.278503,17.725586,0.6223195,-1,-1,-1
200,3174,656.5757,359.29514,11.423279,15.54895,0.75003964,-1,-1,-1
200,3216,673.50323,257.6912,10.560974,12.037445,0.25298762,-1,-1,-1
200,3323,652.36816,229.10468,8.143982,9.266327,0.36651823,-1,-1,-1
200,3306,653.51263,331.76108,10.358643,11.881897,0.45637262,-1,-1,-1
200,3150,672.3084,342.36987,11.340393,17.077026,0.399395,-1,-1,-1
200,3195,699.33295,255.384,10.243103,10.942413,0.33820987,-1,-1,-1
200,3312,655.271,340.2086,10.366028,16.057007,0.4368607,-1,-1,-1
200,3331,711.60925,245.83157,11.410889,11.734131,0.5116622,-1,-1,-1
200,3332,708.2431,296.71155,10.4646,12.292206,0.44150132,-1,-1,-1
200,3250,592.18536,358.2379,14.354797,30.97638,0.28204003,-1,-1,-1
200,3158,655.40607,273.16864,9.197449,10.653839,0.27929816,-1,-1,-1
201,2777,654.1823,285.0703,10.050964,10.734833,0.34270555,-1,-1,-1
201,2908,642.50885,299.6306,9.988281,17.024536,0.69751716,-1,-1,-1
201,2527,598.3109,333.1314,11.391174,16.350433,0.61307096,-1,-1,-1
201,2460,659.3799,308.8576,11.643066,13.56366,0.74804366,-1,-1,-1
201,3148,667.2313,321.43088,11.196289,14.583679,0.7748367,-1,-1,-1
201,3149,677.70953,364.2269,12.4956665,16.33493,0.5296849,-1,-1,-1
201,3154,657.3442,293.56082,11.137573,12.639069,0.47680664,-1,-1,-1
201,3155,614.1547,329.55423,9.334656,14.689178,0.4378315,-1,-1,-1
201,3159,646.36847,319.0891,10.435547,12.354431,0.4541984,-1,-1,-1
201,3160,672.532,290.70886,11.174927,12.182037,0.72894657,-1,-1,-1
201,3170,641.2588,286.4488,8.649109,11.397675,0.6282449,-1,-1,-1
201,3157,613.37506,301.10992,9.665039,12.057129,0.74322766,-1,-1,-1
201,3234,611.8375,346.51505,10.583801,18.121643,0.44709483,-1,-1,-1
201,3174,656.6115,358.61847,11.557007,15.75119,0.6943003,-1,-1,-1
201,3323,652.5196,228.99713,8.186035,9.3893585,0.35205644,-1,-1,-1
201,3306,653.67395,331.18927,10.310791,11.93454,0.48389944,-1,-1,-1
201,3150,672.53925,342.02286,11.435974,17.148834,0.3622947,-1,-1,-1
201,3195,698.98816,254.85428,10.135559,10.7229,0.287653,-1,-1,-1
201,3312,655.4854,340.8186,10.494446,15.264648,0.2851003,-1,-1,-1
201,3331,711.29944,244.8174,11.211731,12.066696,0.53218555,-1,-1,-1
201,3332,708.06537,295.63882,10.793823,12.412567,0.46979305,-1,-1,-1
201,3250,592.4556,357.8979,14.4071045,30.882202,0.41417232,-1,-1,-1
201,3158,655.64105,273.10287,9.119446,10.648346,0.45616728,-1,-1,-1
202,2777,654.21246,284.13956,10.00061,10.936035,0.40126613,-1,-1,-1
202,2908,642.3563,299.64618,10.157776,16.745667,0.7297542,-1,-1,-1
202,2527,598.0151,332.29346,11.771484,16.827454,0.5294806,-1,-1,-1
202,2460,659.3566,308.57407,11.441711,13.486237,0.7540483,-1,-1,-1
202,3148,667.2896,321.29214,11.035645,14.467773,0.7850963,-1,-1,-1
202,3149,677.75073,364.11472,12.690735,16.084991,0.4922403,-1,-1,-1
202,3154,657.4076,293.22467,11.075562,12.552826,0.497553,-1,-1,-1
202,3155,614.1458,329.2054,9.420288,14.901093,0.46820003,-1,-1,-1
202,3159,646.3399,318.76654,10.537659,12.366516,0.37697282,-1,-1,-1
202,3160,672.736,290.9223,11.474426,12.308044,0.7386676,-1,-1,-1
202,3170,641.21967,286.24387,8.713684,11.380829,0.6887138,-1,-1,-1
202,3157,613.27814,300.91718,9.711365,12.051636,0.75163925,-1,-1,-1
202,3234,611.623,346.35977,11.0979,18.466675,0.5954829,-1,-1,-1
202,3174,656.43066,357.6884,11.876343,16.314148,0.6938768,-1,-1,-1
202,3323,652.5781,229.04022,8.252991,9.439575,0.40154386,-1,-1,-1
202,3306,653.5417,330.5492,10.561523,12.140198,0.48956785,-1,-1,-1
202,3150,672.5039,341.96127,11.546387,17.285004,0.37814552,-1,-1,-1
202,3195,698.8203,254.24075,10.03363,10.540619,0.32819733,-1,-1,-1
202,3312,655.5104,340.88004,10.748962,15.03363,0.31870833,-1,-1,-1
202,3331,711.24335,244.11185,11.036133,12.079956,0.48720852,-1,-1,-1
202,3250,592.38806,357.56174,14.324524,30.766083,0.3721477,-1,-1,-1
202,3158,655.5156,273.0652,9.211609,10.93869,0.49437067,-1,-1,-1
202,3313,637.8188,225.52354,8.13031,9.251892,0.2880033,-1,-1,-1
202,3216,674.13904,258.0739,10.240234,11.867401,0.26486006,-1,-1,-1
203,2777,654.21405,283.3147,9.994629,10.929138,0.4498543,-1,-1,-1
203,2908,642.26495,299.65823,10.062561,16.531647,0.70431626,-1,-1,-1
203,2527,598.2675,332.4965,11.219543,16.627869,0.61757684,-1,-1,-1
203,2460,659.2708,308.24908,11.33844,13.497162,0.7539075,-1,-1,-1
203,3148,667.5508,321.31888,10.890808,14.067047,0.7978406,-1,-1,-1
203,3149,677.7107,364.32678,12.755981,15.47583,0.5543013,-1,-1,-1
203,3154,657.3091,293.10046,11.26532,12.457642,0.38110372,-1,-1,-1
203,3155,614.18195,329.01514,9.428772,15.176117,0.5431553,-1,-1,-1
203,3159,646.26746,318.50873,10.838135,12.493439,0.41247353,-1,-1,-1
203,3160,672.94934,291.14868,11.805725,12.401703,0.7592142,-1,-1,-1
203,3170,641.2356,286.13315,8.707642,11.356049,0.6803541,-1,-1,-1
203,3157,613.1941,300.73676,9.686829,11.9592285,0.7502809,-1,-1,-1
203,3234,611.72174,346.1797,10.7948,18.605225,0.5854118,-1,-1,-1
203,3174,656.2884,356.65472,11.996399,16.985443,0.65057135,-1,-1,-1
203,3323,652.5539,229.05475,8.321289,9.460907,0.36051676,-1,-1,-1
203,3306,652.8762,329.77118,10.913513,12.384033,0.584258,-1,-1,-1
203,3150,672.74066,341.79004,11.435303,17.09439,0.5957737,-1,-1,-1
203,3195,698.8337,253.53087,9.667419,10.42775,0.31043035,-1,-1,-1
203,3312,655.50195,341.15833,10.779663,14.538452,0.3410032,-1,-1,-1
203,3331,710.9327,243.37244,11.009888,11.782501,0.40935162,-1,-1,-1
203,3158,655.4313,272.4808,9.2508545,11.755676,0.47371572,-1,-1,-1
203,3313,637.6541,225.6051,8.197876,9.193588,0.25370893,-1,-1,-1
203,3216,674.4518,258.4055,10.19989,11.647095,0.38746768,-1,-1,-1
204,2777,654.2598,282.73572,10.048706,10.953918,0.39031628,-1,-1,-1
204,2908,642.2192,299.44354,10.171875,16.522583,0.6946321,-1,-1,-1
204,2527,598.39966,331.6415,11.2387085,16.727722,0.5809247,-1,-1,-1
204,2460,659.43744,307.9504,11.460693,13.648621,0.74199474,-1,-1,-1
204,3148,667.62103,320.89288,11.166748,14.217834,0.7904277,-1,-1,-1
204,3149,677.72296,364.0809,12.690247,15.17926,0.4444765,-1,-1,-1
204,3154,657.2485,292.8376,11.28656,12.397522,0.4349682,-1,-1,-1
204,3155,613.7065,329.61465,9.688171,14.780792,0.35536844,-1,-1,-1
204,3159,646.5356,318.1332,10.802063,12.058136,0.5072317,-1,-1,-1
204,3160,673.2251,291.44778,11.651245,12.256348,0.7586902,-1,-1,-1
204,3170,641.25964,286.01425,8.754822,11.404846,0.6135378,-1,-1,-1
204,3157,613.1515,300.51474,9.718201,11.898499,0.72643435,-1,-1,-1
204,3234,611.5892,345.01926,10.763367,17.916748,0.6355702,-1,-1,-1
204,3174,656.2925,356.0129,12.12793,17.464325,0.665273,-1,-1,-1
204,3323,652.48737,229.07379,8.333313,9.466019,0.34434116,-1,-1,-1
204,3306,652.833,329.49042,10.844666,12.29715,0.5890205,-1,-1,-1
204,3150,672.9988,341.59143,11.397949,16.569092,0.51057607,-1,-1,-1
204,3195,698.36346,252.0505,9.590637,10.847656,0.30849332,-1,-1,-1
204,3312,655.54254,341.47775,10.788208,13.939636,0.3898735,-1,-1,-1
204,3158,655.5888,272.2897,9.081421,11.747742,0.4686299,-1,-1,-1
204,3216,674.5357,258.3782,10.23822,11.781036,0.46086776,-1,-1,-1
204,3332,706.7991,291.96933,11.147461,12.295471,0.27244532,-1,-1,-1
205,2777,654.1423,281.8765,10.22345,11.47168,0.36153415,-1,-1,-1
205,2908,642.22986,299.4631,10.300354,16.318481,0.62257785,-1,-1,-1
205,2527,597.9587,331.30014,11.752747,16.490112,0.5776168,-1,-1,-1
205,2460,659.34424,307.62445,11.547485,13.513336,0.73357415,-1,-1,-1
205,3148,667.5956,320.61517,11.313843,14.214172,0.7789106,-1,-1,-1
205,3149,677.6869,364.092,12.791138,15.187744,0.6041326,-1,-1,-1
205,3154,657.16394,292.9843,11.234131,12.070404,0.37926242,-1,-1,-1
205,3155,613.9275,329.0397,9.600159,15.045166,0.4511978,-1,-1,-1
205,3159,646.3798,317.62454,10.992126,12.039856,0.63132775,-1,-1,-1
205,3160,673.3762,291.69815,11.499084,12.345337,0.7487956,-1,-1,-1
205,3170,641.24945,286.00677,8.71814,11.347168,0.6048045,-1,-1,-1
205,3157,612.97485,300.52734,9.758911,11.757721,0.7559802,-1,-1,-1
205,3234,611.4493,345.18994,10.814514,17.336182,0.600052,-1,-1,-1
205,3174,656.3047,356.2793,12.140564,17.081635,0.73324746,-1,-1,-1
205,3323,652.4675,229.0315,8.39386,9.558182,0.26786238,-1,-1,-1
205,3306,653.05133,329.6226,10.70752,11.753174,0.5992507,-1,-1,-1
205,3150,673.2715,341.87756,11.148926,15.761871,0.64660627,-1,-1,-1
205,3312,655.4768,341.29657,10.659607,13.871216,0.53441334,-1,-1,-1
205,3158,655.50977,272.24866,9.0529785,11.936615,0.40976053,-1,-1,-1
205,3216,674.6895,258.56793,10.441284,11.912964,0.516906,-1,-1,-1
205,3332,706.1235,291.11612,11.460815,12.045959,0.33592522,-1,-1,-1
205,3331,710.437,241.79721,10.705261,11.482956,0.2521302,-1,-1,-1
206,2777,654.19574,281.20163,10.141907,11.732605,0.46154702,-1,-1,-1
206,2908,642.2365,299.56418,10.252258,15.974976,0.66337067,-1,-1,-1
206,2527,598.196,331.46143,11.503296,16.325745,0.6494818,-1,-1,-1
206,2460,659.8141,307.40366,11.255737,13.481537,0.7349278,-1,-1,-1
206,3148,667.9629,320.45383,11.315979,14.039276,0.7697705,-1,-1,-1
206,3149,677.8893,363.82465,12.547363,15.228149,0.6524969,-1,-1,-1
206,3154,657.3989,292.7584,11.123962,12.071655,0.361217,-1,-1,-1
206,3155,614.1825,328.77634,9.472717,14.9791565,0.5766721,-1,-1,-1
206,3159,646.5473,317.01324,11.057739,12.164978,0.63596594,-1,-1,-1
206,3160,673.7815,291.92554,11.377502,12.407684,0.75330466,-1,-1,-1
206,3170,641.26794,285.94772,8.685608,11.335907,0.6209884,-1,-1,-1
206,3157,612.97577,300.52002,9.75415,11.610474,0.76945007,-1,-1,-1
206,3234,611.4267,345.69968,10.947205,17.214508,0.47504404,-1,-1,-1
206,3174,656.5321,356.10315,12.092712,17.128265,0.759647,-1,-1,-1
206,3323,652.5185,229.00786,8.368408,9.594666,0.2633406,-1,-1,-1
206,3306,653.59247,329.74246,10.256165,11.242493,0.6017383,-1,-1,-1
206,3150,673.60443,342.4775,11.010742,14.886719,0.6371408,-1,-1,-1
206,3312,655.72125,341.31754,10.473511,13.524231,0.6137318,-1,-1,-1
206,3158,655.6,272.19147,8.968323,11.693787,0.43675107,-1,-1,-1
206,3216,674.97925,258.8203,10.402344,11.865173,0.6133072,-1,-1,-1
207,2777,654.197,280.4562,10.050171,12.163025,0.5322499,-1,-1,-1
207,2908,642.17505,299.0985,10.288818,16.136383,0.6625671,-1,-1,-1
207,2527,598.19916,331.08832,11.340881,15.769806,0.4515785,-1,-1,-1
207,2460,659.93506,307.18942,11.014526,13.437256,0.7411174,-1,-1,-1
207,3148,668.24445,320.2595,10.968262,13.875244,0.75783,-1,-1,-1
207,3149,677.8581,363.54825,12.508362,15.064301,0.6471152,-1,-1,-1
207,3154,657.7195,292.62967,10.964722,11.988373,0.3772396,-1,-1,-1
207,3155,614.4565,328.5429,9.217834,14.799957,0.5626201,-1,-1,-1
207,3159,646.5768,316.56284,11.030273,12.154633,0.65267193,-1,-1,-1
207,3160,674.0789,292.03342,11.185913,12.402954,0.7605246,-1,-1,-1
207,3170,641.18195,285.61523,8.668579,11.262848,0.59242946,-1,-1,-1
207,3157,613.03064,300.29532,9.610413,11.594727,0.7800642,-1,-1,-1
207,3234,611.45575,345.83984,11.016541,17.996735,0.53151476,-1,-1,-1
207,3174,656.88715,356.34146,11.622131,16.744446,0.7756679,-1,-1,-1
207,3323,652.79065,229.13925,8.310242,9.51619,0.29357642,-1,-1,-1
207,3306,653.917,329.65857,9.955933,10.870728,0.5773918,-1,-1,-1
207,3150,673.758,342.50058,10.930237,14.600494,0.58910567,-1,-1,-1
207,3312,655.75696,340.71664,10.241211,13.860626,0.5448695,-1,-1,-1
207,3158,655.7512,271.67206,8.99231,11.294647,0.5597926,-1,-1,-1
207,3216,675.2633,259.29224,10.160461,11.516968,0.63174605,-1,-1,-1
207,3334,816.0732,367.37564,19.053406,16.343567,0.46290076,-1,-1,-1
207,3171,693.25146,302.07693,11.9953,14.6458435,0.30853754,-1,-1,-1
208,2777,654.3176,279.9251,9.974548,12.347443,0.54019487,-1,-1,-1
208,2908,642.4529,298.96335,10.252502,15.98996,0.5926495,-1,-1,-1
208,2527,598.27466,330.75464,11.198486,15.070282,0.39501655,-1,-1,-1
208,2460,660.2424,306.82047,10.72113,13.471405,0.74010044,-1,-1,-1
208,3148,668.5591,319.75528,10.682007,14.127045,0.74585706,-1,-1,-1
208,3149,677.9598,363.1655,12.611877,15.422668,0.60784435,-1,-1,-1
208,3154,658.24304,292.1869,10.664612,12.008362,0.44541577,-1,-1,-1
208,3155,614.5283,328.3126,9.213196,14.454132,0.5122275,-1,-1,-1
208,3159,646.3854,315.88303,11.015564,12.505371,0.6616432,-1,-1,-1
208,3160,674.6086,291.63678,10.905762,12.696075,0.7457712,-1,-1,-1
208,3170,641.3002,285.4001,8.625732,11.195709,0.52739257,-1,-1,-1
208,3157,613.1123,300.07755,9.468872,11.5607605,0.6441761,-1,-1,-1
208,3234,611.39514,345.13733,11.312134,19.044739,0.53547984,-1,-1,-1
208,3174,657.14703,356.30554,11.532959,16.571167,0.63817006,-1,-1,-1
208,3323,653.0083,229.19916,8.349304,9.489502,0.31194982,-1,-1,-1
208,3306,654.21027,330.00986,10.112122,9.97702,0.50339705,-1,-1,-1
208,3150,673.90326,342.3351,10.966736,14.519043,0.5871157,-1,-1,-1
208,3312,655.8007,339.5112,10.437927,14.609955,0.62427205,-1,-1,-1
208,3158,655.82434,271.41373,9.025635,10.700928,0.56104875,-1,-1,-1
208,3216,675.4685,259.6303,10.139282,11.228149,0.5672358,-1,-1,-1
208,3334,816.2724,366.6318,18.548584,16.345276,0.4127985,-1,-1,-1
208,3171,693.54,302.86978,11.983459,14.211975,0.45534244,-1,-1,-1
208,3250,593.0361,363.19968,14.341187,24.21817,0.46271846,-1,-1,-1
208,3195,697.2678,248.00711,9.766968,11.156494,0.27134332,-1,-1,-1
208,3332,706.2411,288.0675,10.419678,11.03006,0.55688816,-1,-1,-1
209,2777,654.627,279.55148,9.812256,12.482208,0.5497922,-1,-1,-1
209,2908,642.562,298.5557,10.242676,16.014496,0.5828055,-1,-1,-1
209,2527,598.51556,330.69907,10.99707,15.380371,0.4522737,-1,-1,-1
209,2460,660.5167,306.2559,10.608704,13.811279,0.75106126,-1,-1,-1
209,3148,668.62366,319.55533,10.785706,14.364471,0.76285785,-1,-1,-1
209,3149,677.99725,362.49783,12.474915,15.260437,0.5610354,-1,-1,-1
209,3154,658.57,291.6067,10.497803,12.111298,0.49782145,-1,-1,-1
209,3155,614.7692,328.06802,9.119385,13.922333,0.36658895,-1,-1,-1
209,3159,646.3496,315.7811,11.050415,12.618988,0.6703597,-1,-1,-1
209,3160,675.01715,291.2924,10.862671,13.15036,0.7609256,-1,-1,-1
209,3170,641.5519,285.03897,8.350342,11.669647,0.45160306,-1,-1,-1
209,3157,613.2882,299.78918,9.292908,11.59552,0.6562793,-1,-1,-1
209,3234,611.3735,343.91345,11.727356,19.558441,0.31791982,-1,-1,-1
209,3174,657.4191,355.8319,11.585144,16.751404,0.5484314,-1,-1,-1
209,3323,653.1757,229.29948,8.387939,9.442474,0.36747098,-1,-1,-1
209,3306,654.288,329.7285,10.166382,9.807922,0.46252236,-1,-1,-1
209,3150,674.10223,341.6782,11.077637,14.9270935,0.6209763,-1,-1,-1
209,3312,655.7212,338.39243,10.604553,15.265533,0.5695936,-1,-1,-1
209,3158,656.0652,270.9883,8.878296,9.945038,0.5489132,-1,-1,-1
209,3216,675.58923,259.74197,10.1026,11.161713,0.585888,-1,-1,-1
209,3334,815.8256,365.65967,18.176697,16.310059,0.51418257,-1,-1,-1
209,3171,694.0781,303.24356,11.819458,14.139465,0.5247261,-1,-1,-1
209,3250,593.32043,362.37878,14.50885,24.319305,0.40366936,-1,-1,-1
209,3195,697.1729,247.37752,9.319275,10.886795,0.39376888,-1,-1,-1
209,3332,705.461,286.79587,10.916016,11.559235,0.40699223,-1,-1,-1
209,3313,636.64764,226.6204,8.756592,9.281067,0.28142664,-1,-1,-1
210,2777,654.7707,278.84793,10.03595,12.895416,0.47554845,-1,-1,-1
210,2908,642.7157,298.69495,10.368469,15.45932,0.5043237,-1,-1,-1
210,2527,597.8469,330.28583,11.568359,15.311188,0.50034094,-1,-1,-1
210,2460,660.61304,305.95554,10.526062,14.102081,0.7573924,-1,-1,-1
210,3148,668.7813,319.40454,10.3741455,14.096771,0.7745707,-1,-1,-1
210,3149,678.2007,361.98663,12.487549,15.121643,0.5893017,-1,-1,-1
210,3154,658.4349,291.076,10.832092,12.406097,0.58732563,-1,-1,-1
210,3155,614.8231,327.97333,8.979675,13.454193,0.5374167,-1,-1,-1
210,3159,646.188,315.71866,11.393616,12.835693,0.6791496,-1,-1,-1
210,3160,675.5061,291.4174,10.515503,13.186218,0.75836873,-1,-1,-1
210,3170,641.7118,284.4444,8.186768,11.828522,0.35854256,-1,-1,-1
210,3157,613.2395,299.375,9.273682,11.678497,0.7381197,-1,-1,-1
210,3234,611.4159,342.83472,11.786133,19.202301,0.5461413,-1,-1,-1
210,3174,657.5187,355.56396,11.550049,16.677124,0.4680165,-1,-1,-1
210,3323,653.4144,229.30144,8.354431,9.452911,0.34283352,-1,-1,-1
210,3306,654.12036,328.3402,10.332642,10.740387,0.49970007,-1,-1,-1
210,3150,674.23114,341.73022,11.044434,14.757507,0.66779155,-1,-1,-1
210,3312,655.79395,338.44635,10.616028,14.818298,0.45326942,-1,-1,-1
210,3158,656.0893,270.4357,8.917175,9.879639,0.55485016,-1,-1,-1
210,3216,675.88947,259.71426,9.959473,11.3142395,0.48055464,-1,-1,-1
210,3334,815.15533,364.84644,18.197876,15.934082,0.30385938,-1,-1,-1
210,3195,697.03644,246.65366,9.128967,10.800781,0.29488555,-1,-1,-1
210,3332,704.8576,286.0389,11.164673,11.683197,0.25657743,-1,-1,-1
211,2777,654.6419,277.73218,10.3185425,13.800781,0.47676393,-1,-1,-1
211,2908,642.4352,299.1146,10.5217285,14.707977,0.51278526,-1,-1,-1
211,2527,598.0233,329.9707,11.305969,15.039551,0.57696265,-1,-1,-1
211,2460,660.6949,305.81805,10.398804,13.849213,0.7507534,-1,-1,-1
211,3148,668.7587,319.46152,10.230347,13.983093,0.7737736,-1,-1,-1
211,3149,678.4278,361.6596,12.437195,15.042389,0.5846378,-1,-1,-1
211,3154,658.2316,290.93048,10.981506,12.328583,0.5934381,-1,-1,-1
211,3155,614.8198,327.876,8.954346,13.216278,0.590283,-1,-1,-1
211,3159,646.11914,315.62833,11.164795,12.565216,0.6916731,-1,-1,-1
211,3160,675.69324,291.615,10.392334,13.273682,0.71220094,-1,-1,-1
211,3170,641.5729,284.3065,8.27533,12.405823,0.41650215,-1,-1,-1
211,3157,613.13574,299.18378,9.246155,11.769348,0.76654565,-1,-1,-1
211,3234,611.2566,342.28998,12.055542,19.769775,0.52771586,-1,-1,-1
211,3174,657.34955,355.15207,11.697327,16.78778,0.4727662,-1,-1,-1
211,3323,653.3632,229.36028,8.476868,9.536865,0.40393096,-1,-1,-1
211,3306,654.1576,328.15125,10.393433,11.148895,0.508694,-1,-1,-1
211,3150,674.1197,341.5531,11.255798,14.925049,0.60743713,-1,-1,-1
211,3312,655.66797,337.82697,10.83136,15.0807495,0.42605808,-1,-1,-1
211,3158,655.94476,270.262,9.014343,10.039429,0.54819924,-1,-1,-1
211,3216,675.8989,259.98572,9.963135,11.354889,0.5765869,-1,-1,-1
211,3195,696.8356,245.83939,8.905457,11.075195,0.394042,-1,-1,-1
211,3332,704.98206,285.38892,10.791626,11.476654,0.5424912,-1,-1,-1
211,3171,694.6337,304.19778,11.507629,13.548096,0.32852343,-1,-1,-1
212,2777,654.6363,277.03485,10.332153,14.157898,0.52449924,-1,-1,-1
212,2908,642.4377,298.93103,10.420166,14.354767,0.513936,-1,-1,-1
212,2527,598.8592,329.23654,10.882263,14.811615,0.5340213,-1,-1,-1
212,2460,660.793,305.4258,10.467407,13.680756,0.75401205,-1,-1,-1
212,3148,668.54474,319.2601,10.654419,14.258331,0.78078204,-1,-1,-1
212,3149,678.4336,361.3676,12.457214,15.256226,0.5738627,-1,-1,-1
212,3154,658.22894,290.9312,10.992249,12.199921,0.6596279,-1,-1,-1
212,3155,614.8598,327.7941,8.9644165,12.767548,0.5628102,-1,-1,-1
212,3159,646.36664,315.5417,10.9123535,12.407043,0.6786415,-1,-1,-1
212,3160,675.7789,291.3852,10.443115,13.746948,0.71765196,-1,-1,-1
212,3170,641.63745,284.13785,8.219727,12.229401,0.4386358,-1,-1,-1
212,3157,613.0831,298.90912,9.338562,11.710785,0.7634989,-1,-1,-1
212,3234,611.40936,341.02014,12.022583,20.696838,0.5927824,-1,-1,-1
212,3174,657.2683,354.90482,11.749207,16.462555,0.4168101,-1,-1,-1
212,3323,653.35046,229.65765,8.519104,9.450668,0.44261792,-1,-1,-1
212,3306,654.3503,327.93878,10.210815,11.393341,0.46021286,-1,-1,-1
212,3150,674.10376,340.72147,11.482117,15.704468,0.39777678,-1,-1,-1
212,3312,655.64294,337.161,10.835266,15.4729,0.41949534,-1,-1,-1
212,3158,655.8591,270.1702,9.109497,9.97406,0.5936337,-1,-1,-1
212,3216,676.1024,260.22565,10.015442,11.3594055,0.6059089,-1,-1,-1
212,3195,696.58575,245.00313,8.911316,11.2061,0.46848604,-1,-1,-1
212,3332,704.96936,284.62143,10.503357,11.492432,0.4894046,-1,-1,-1
213,2777,654.6336,277.261,10.131653,13.637695,0.5357439,-1,-1,-1
213,2908,642.50476,299.5199,10.322693,13.382446,0.41301015,-1,-1,-1
213,2527,598.71405,328.48233,11.418884,15.066895,0.63199764,-1,-1,-1
213,2460,660.7743,305.28238,10.458496,13.458984,0.7715325,-1,-1,-1
213,3148,668.5118,319.1388,10.601501,14.131653,0.78621596,-1,-1,-1
213,3149,678.32825,361.14926,12.524719,15.440338,0.5701533,-1,-1,-1
213,3154,658.2238,290.7036,10.919312,12.176819,0.6947702,-1,-1,-1
213,3155,614.7677,327.34476,8.904114,12.3741455,0.5511689,-1,-1,-1
213,3159,646.398,315.3091,10.761902,12.408997,0.71642715,-1,-1,-1
213,3160,675.75366,291.20584,10.663818,14.175262,0.512517,-1,-1,-1
213,3170,641.4338,283.6993,8.342285,12.01355,0.4902017,-1,-1,-1
213,3157,613.0411,298.6575,9.378113,11.466248,0.7784513,-1,-1,-1
213,3234,611.6918,340.49622,11.602844,19.793427,0.59042454,-1,-1,-1
213,3174,657.23865,354.4045,11.810852,16.495728,0.4250873,-1,-1,-1
213,3323,653.3538,229.74864,8.521545,9.406158,0.46539247,-1,-1,-1
213,3306,654.76135,327.38403,9.767029,11.404572,0.5039173,-1,-1,-1
213,3150,674.3713,340.6082,11.521912,15.655304,0.50559235,-1,-1,-1
213,3312,655.50946,336.92438,10.757507,15.374573,0.4723212,-1,-1,-1
213,3158,655.8458,270.20865,8.943481,9.423096,0.49865988,-1,-1,-1
213,3216,676.43146,260.2176,10.051941,11.418671,0.6590217,-1,-1,-1
213,3195,696.2648,244.08382,8.957703,10.715317,0.5191602,-1,-1,-1
213,3332,705.06525,283.24753,10.004456,11.789215,0.33226556,-1,-1,-1
213,3338,597.18195,329.8769,12.090149,15.018646,0.38751534,-1,-1,-1
213,3331,707.11316,235.7563,10.583801,10.828598,0.3337918,-1,-1,-1
214,2777,654.523,278.3448,9.847046,12.2413025,0.5999961,-1,-1,-1
214,2908,642.5876,299.84375,10.123108,12.349091,0.5027744,-1,-1,-1
214,2527,599.0852,328.552,11.030579,14.777893,0.62862873,-1,-1,-1
214,2460,660.8814,304.92258,10.327209,13.111176,0.7672615,-1,-1,-1
214,3148,668.6176,318.99164,10.542908,13.891815,0.79807496,-1,-1,-1
214,3149,678.3545,360.59732,12.418335,15.233887,0.654539,-1,-1,-1
214,3154,658.2681,290.72055,10.758301,11.887512,0.7017849,-1,-1,-1
214,3155,614.725,326.65826,8.88269,12.564117,0.61093915,-1,-1,-1
214,3159,646.4162,314.66656,10.427734,12.482269,0.7355759,-1,-1,-1
214,3160,675.73694,290.8718,10.860657,14.74057,0.63226044,-1,-1,-1
214,3170,641.35974,282.98615,8.411499,12.492889,0.53362167,-1,-1,-1
214,3157,613.05194,298.48007,9.23938,11.344482,0.76179504,-1,-1,-1
214,3234,611.5965,340.44263,11.547546,19.83133,0.59624994,-1,-1,-1
214,3174,657.3254,354.16913,11.692078,16.278564,0.5186932,-1,-1,-1
214,3323,653.33417,229.82248,8.487915,9.324127,0.4429831,-1,-1,-1
214,3306,654.47327,327.1599,9.658569,11.057068,0.54054445,-1,-1,-1
214,3150,674.60455,340.46274,11.608459,15.647949,0.5853727,-1,-1,-1
214,3312,655.5822,337.28363,10.664001,14.586121,0.61017925,-1,-1,-1
214,3158,655.8074,269.19092,8.756897,9.515045,0.6712955,-1,-1,-1
214,3216,676.6753,260.17926,10.063599,11.457184,0.6644204,-1,-1,-1
214,3195,695.812,243.22452,8.956055,10.466629,0.43212882,-1,-1,-1
214,3332,705.2437,282.16953,9.431335,11.15863,0.44252852,-1,-1,-1
214,3339,675.67377,290.7375,10.759277,14.816071,0.37495652,-1,-1,-1
214,3331,706.65564,234.96024,10.585449,10.856735,0.38130865,-1,-1,-1
215,2777,654.4308,278.6993,9.766357,11.526581,0.60705364,-1,-1,-1
215,2908,642.414,299.42923,10.2039795,12.213135,0.48991364,-1,-1,-1
215,2527,599.18884,328.0563,11.015808,14.451935,0.65144926,-1,-1,-1
215,2460,660.7431,304.54904,10.511963,13.054657,0.76393706,-1,-1,-1
215,3148,668.66815,318.7609,10.504456,13.940979,0.7970115,-1,-1,-1
215,3149,678.24786,360.5381,12.414368,14.976868,0.6462138,-1,-1,-1
215,3154,658.09595,290.83005,10.73822,11.70401,0.7215344,-1,-1,-1
215,3155,614.5859,326.6396,8.830811,12.517761,0.5725547,-1,-1,-1
215,3159,646.2743,314.01816,10.453552,12.717194,0.75218856,-1,-1,-1
215,3160,675.69867,290.65158,11.180542,15.286804,0.5102103,-1,-1,-1
215,3170,641.2356,282.81296,8.565796,13.405975,0.5470586,-1,-1,-1
215,3157,613.0018,298.14795,9.277466,11.542908,0.7953368,-1,-1,-1
215,3234,611.81683,340.45227,11.298584,20.795013,0.62236094,-1,-1,-1
215,3174,657.3598,354.0084,11.614685,16.186005,0.4762718,-1,-1,-1
215,3323,653.2211,229.84077,8.525513,9.396103,0.5498689,-1,-1,-1
215,3306,654.3738,326.93735,9.629211,11.09436,0.5953747,-1,-1,-1
215,3150,674.6685,340.51083,11.503723,15.766968,0.67550397,-1,-1,-1
215,3312,655.57916,337.09708,10.558838,14.52301,0.5604268,-1,-1,-1
215,3158,655.76324,268.83456,8.687073,9.547302,0.68528426,-1,-1,-1
215,3216,676.8895,260.3648,10.0842285,11.411285,0.6875023,-1,-1,-1
215,3195,695.14703,242.2334,9.387085,10.778366,0.47750038,-1,-1,-1
215,3332,704.674,281.3522,9.621765,11.086365,0.3271373,-1,-1,-1
215,3339,675.6705,290.504,11.017151,15.360474,0.5269254,-1,-1,-1
215,3331,706.2404,234.34384,10.70282,10.8598175,0.44982064,-1,-1,-1
215,3171,695.1711,305.90033,11.800354,13.33902,0.29612276,-1,-1,-1
216,2777,654.6898,278.46536,9.717957,11.398895,0.5084914,-1,-1,-1
216,2908,642.41956,297.50143,10.4487915,13.795532,0.49482173,-1,-1,-1
216,2527,598.9779,327.57257,11.376526,14.658203,0.6535997,-1,-1,-1
216,2460,660.6466,304.13614,10.568054,13.273376,0.7717037,-1,-1,-1
216,3148,668.8734,318.65662,10.19873,13.837311,0.792058,-1,-1,-1
216,3149,678.3214,360.49203,12.250916,15.27829,0.5779705,-1,-1,-1
216,3154,658.20074,290.39493,10.58429,11.887543,0.7191772,-1,-1,-1
216,3155,614.6106,326.569,8.733704,12.371185,0.51862544,-1,-1,-1
216,3159,646.331,313.2987,10.253052,12.914978,0.69351834,-1,-1,-1
216,3160,676.0318,290.25333,11.2717285,16.05362,0.6703015,-1,-1,-1
216,3170,641.3396,282.50027,8.50177,12.713226,0.48246747,-1,-1,-1
216,3157,613.06494,297.91724,9.2196045,11.606415,0.77365685,-1,-1,-1
216,3234,611.9584,340.52148,11.207031,20.825562,0.6346789,-1,-1,-1
216,3174,657.3347,353.84128,11.637634,15.986938,0.60550475,-1,-1,-1
216,3323,653.2826,229.90019,8.473145,9.422363,0.5377517,-1,-1,-1
216,3306,654.3802,326.47748,9.612427,11.193359,0.57354665,-1,-1,-1
216,3150,674.6033,340.56506,11.544128,15.7795105,0.6622647,-1,-1,-1
216,3312,655.5433,336.5751,10.670166,14.720978,0.4314416,-1,-1,-1
216,3158,655.8572,268.59744,8.732788,9.586151,0.63361394,-1,-1,-1
216,3216,677.0044,260.8105,10.081482,11.012634,0.64943534,-1,-1,-1
216,3195,694.82153,241.43216,9.600891,10.870682,0.45884117,-1,-1,-1
216,3332,704.19354,280.3591,9.995361,11.257172,0.2531049,-1,-1,-1
216,3339,675.9557,290.08786,11.219055,16.28424,0.38115814,-1,-1,-1
216,3331,706.1155,233.77379,10.5061035,10.982941,0.3951255,-1,-1,-1
217,2777,654.80444,278.28265,9.734863,11.399567,0.46201333,-1,-1,-1
217,2908,642.5347,296.53485,10.378357,14.567078,0.42023045,-1,-1,-1
217,2527,599.5918,327.38147,10.801025,14.516357,0.64988554,-1,-1,-1
217,2460,660.4815,303.5567,10.85022,13.748169,0.758425,-1,-1,-1
217,3148,668.9809,318.4709,10.240784,13.778412,0.7602829,-1,-1,-1
217,3149,678.44464,360.17807,12.280334,15.2387085,0.47080454,-1,-1,-1
217,3154,658.2056,290.07504,10.587891,11.823578,0.64937127,-1,-1,-1
217,3155,614.6675,326.5071,8.7977295,12.138306,0.4978101,-1,-1,-1
217,3159,646.4088,312.76617,10.218872,12.719849,0.6672173,-1,-1,-1
217,3160,676.2265,290.3426,11.237183,16.416199,0.45965973,-1,-1,-1
217,3170,641.38513,282.1463,8.498657,12.072815,0.578371,-1,-1,-1
217,3157,613.04926,297.65262,9.285522,11.70517,0.7906944,-1,-1,-1
217,3234,612.33356,340.34708,10.711853,19.18927,0.594474,-1,-1,-1
217,3174,657.41724,353.95895,11.6432495,15.63858,0.55263895,-1,-1,-1
217,3323,653.3649,229.98366,8.4783325,9.502731,0.56110394,-1,-1,-1
217,3306,654.31146,326.0311,9.72052,11.116058,0.60095733,-1,-1,-1
217,3150,674.7587,340.37738,11.68219,15.914581,0.6532589,-1,-1,-1
217,3312,655.64325,336.77658,10.777039,14.249481,0.49462426,-1,-1,-1
217,3158,655.8197,268.0047,8.765137,9.808746,0.60692173,-1,-1,-1
217,3216,677.1524,261.46704,9.957947,10.481995,0.6283782,-1,-1,-1
217,3339,676.12146,290.33188,11.194397,16.605804,0.5848099,-1,-1,-1
217,3331,705.94385,233.14581,10.474182,11.286804,0.35307068,-1,-1,-1
218,2777,654.7026,278.1181,9.666199,11.284241,0.49895647,-1,-1,-1
218,2908,642.3452,294.83536,10.536377,15.982147,0.54079646,-1,-1,-1
218,2527,599.1537,326.76404,11.09314,14.823822,0.60645616,-1,-1,-1
218,2460,660.22015,303.10083,10.974121,13.946167,0.76505667,-1,-1,-1
218,3148,668.9114,318.33725,10.439514,13.727753,0.7908012,-1,-1,-1
218,3149,678.55237,359.36215,12.304749,15.834656,0.530931,-1,-1,-1
218,3154,658.15344,289.97165,10.522156,11.660431,0.6594679,-1,-1,-1
218,3155,614.5759,326.56335,8.831848,12.236481,0.56445813,-1,-1,-1
218,3159,646.3109,312.30704,10.453613,12.616028,0.6441097,-1,-1,-1
218,3170,641.3193,281.78784,8.512146,11.665436,0.59818614,-1,-1,-1
218,3157,612.9058,297.4684,9.307373,11.77063,0.7987101,-1,-1,-1
218,3234,612.39716,340.1675,10.664307,18.641144,0.6928819,-1,-1,-1
218,3174,657.3892,354.00485,11.629395,15.285339,0.47239575,-1,-1,-1
218,3323,653.50336,230.06694,8.432251,9.530411,0.52396816,-1,-1,-1
218,3306,653.95966,325.23972,10.097046,11.411743,0.6109668,-1,-1,-1
218,3150,674.4792,340.3339,11.9071045,15.696106,0.6744631,-1,-1,-1
218,3312,655.5571,336.43964,10.895813,14.2916565,0.5711383,-1,-1,-1
218,3158,655.7297,267.53378,8.730103,9.909302,0.64461935,-1,-1,-1
218,3216,677.2918,261.6491,10.114136,10.454071,0.67512155,-1,-1,-1
218,3331,705.1687,232.20627,10.578613,11.716324,0.41851774,-1,-1,-1
219,2777,654.67505,277.92645,9.727783,11.266937,0.49827647,-1,-1,-1
219,2908,642.3316,294.723,10.702148,15.874268,0.6040226,-1,-1,-1
219,2527,599.4867,326.47974,10.716675,14.785309,0.60016227,-1,-1,-1
219,2460,660.2181,302.93924,11.093811,13.919434,0.7713504,-1,-1,-1
219,3148,668.87006,318.25232,10.294434,13.390076,0.7673335,-1,-1,-1
219,3149,678.7596,358.39594,12.159546,15.981201,0.48887056,-1,-1,-1
219,3154,658.30707,289.75128,10.4644165,11.578949,0.64121664,-1,-1,-1
219,3155,614.47565,326.18695,8.927612,12.316376,0.58567405,-1,-1,-1
219,3159,646.3844,311.93823,10.743347,12.521057,0.6051762,-1,-1,-1
219,3170,641.4419,281.39606,8.397766,11.568573,0.51359344,-1,-1,-1
219,3157,612.7759,297.39902,9.388977,11.624207,0.8070155,-1,-1,-1
219,3234,612.33435,339.7283,10.718323,18.66388,0.66126883,-1,-1,-1
219,3174,657.17645,353.54694,11.861938,15.243256,0.4498205,-1,-1,-1
219,3323,653.59766,230.06992,8.479919,9.549683,0.46706402,-1,-1,-1
219,3306,654.27655,324.30655,10.009094,11.876312,0.61556846,-1,-1,-1
219,3150,674.1379,339.85147,12.372253,15.963379,0.73740935,-1,-1,-1
219,3312,655.5612,336.23453,11.105835,14.158997,0.43084154,-1,-1,-1
219,3158,655.69604,267.31888,8.911377,9.994446,0.6560323,-1,-1,-1
219,3216,677.5874,261.49722,10.341614,10.689972,0.7260449,-1,-1,-1
219,3331,704.8989,231.18504,10.701233,11.994827,0.35520744,-1,-1,-1
219,3160,676.4917,291.38782,10.756531,15.855225,0.7723926,-1,-1,-1
220,2777,655.0732,277.41547,9.622314,12.334656,0.55833095,-1,-1,-1
220,2908,642.51953,294.73773,10.673889,15.529572,0.70909274,-1,-1,-1
220,2527,599.5305,326.10083,10.6380005,14.338562,0.55986446,-1,-1,-1
220,2460,660.2589,302.56293,11.365295,14.102936,0.77354026,-1,-1,-1
220,3148,669.0054,318.059,10.283264,13.308594,0.8157221,-1,-1,-1
220,3149,678.67645,357.93674,12.414673,16.217285,0.44551316,-1,-1,-1
220,3154,658.4477,289.53424,10.495056,11.459442,0.60432714,-1,-1,-1
220,3155,614.4674,325.6666,8.957581,12.554657,0.63806504,-1,-1,-1
220,3159,646.5334,311.5856,10.894165,12.488434,0.6066282,-1,-1,-1
220,3170,641.653,281.13553,8.269165,11.717224,0.5183202,-1,-1,-1
220,3157,612.7361,297.17242,9.347351,11.68512,0.810606,-1,-1,-1
220,3234,612.3994,339.61746,10.848145,19.117615,0.635039,-1,-1,-1
220,3174,657.1492,353.64697,11.975281,14.993378,0.4354232,-1,-1,-1
220,3323,654.016,230.10213,8.268921,9.615707,0.459172,-1,-1,-1
220,3306,654.2528,323.98068,10.2595215,12.045105,0.5924548,-1,-1,-1
220,3150,674.1367,339.53085,12.37793,16.018585,0.78910965,-1,-1,-1
220,3312,655.61395,335.38474,11.205688,14.487579,0.49275628,-1,-1,-1
220,3158,655.85974,267.17828,8.933105,10.037201,0.67761403,-1,-1,-1
220,3216,678.0801,261.44736,10.179443,10.742218,0.75157607,-1,-1,-1
220,3331,705.00085,230.68845,10.405823,11.623642,0.48504966,-1,-1,-1
220,3160,676.80786,292.55264,10.564758,14.979248,0.8074058,-1,-1,-1
221,2777,655.3169,277.46234,9.68811,12.439392,0.50876385,-1,-1,-1
221,2908,642.811,294.5886,10.592468,15.351227,0.688532,-1,-1,-1
221,2527,599.36273,325.35965,11.124329,15.009277,0.65178525,-1,-1,-1
221,2460,660.4772,301.79434,11.611755,14.393585,0.7602659,-1,-1,-1
221,3148,669.16,317.6413,10.317688,13.501221,0.7572366,-1,-1,-1
221,3149,678.78217,357.46936,12.424805,16.252136,0.38640478,-1,-1,-1
221,3154,658.7319,289.06018,10.580688,11.537018,0.49194682,-1,-1,-1
221,3155,614.4467,325.55484,9.061951,12.466858,0.5594687,-1,-1,-1
221,3159,646.62537,311.1086,10.822876,12.436279,0.5789957,-1,-1,-1
221,3170,641.86993,280.7282,8.290955,11.12616,0.35275117,-1,-1,-1
221,3157,612.6741,296.78268,9.371155,11.771301,0.81301004,-1,-1,-1
221,3234,612.2467,338.89462,11.122925,19.30423,0.62951285,-1,-1,-1
221,3174,657.10767,353.41656,12.074646,14.9039,0.33519208,-1,-1,-1
221,3323,654.2616,230.07706,8.113831,9.674225,0.36674964,-1,-1,-1
221,3306,654.32886,323.50018,10.446899,12.195923,0.61354005,-1,-1,-1
221,3150,674.0898,339.4683,12.626099,15.789856,0.7062502,-1,-1,-1
221,3312,655.7436,335.19427,11.186523,14.459869,0.4124808,-1,-1,-1
221,3158,655.9634,266.9042,8.983826,10.035614,0.6402849,-1,-1,-1
221,3216,678.4559,261.26947,10.032288,10.969055,0.72425324,-1,-1,-1
221,3331,704.85956,229.7616,10.513367,11.736053,0.3466404,-1,-1,-1
221,3160,676.94275,292.97476,10.9470825,14.9340515,0.7139932,-1,-1,-1
222,2777,655.41754,277.6158,9.741882,12.325562,0.5825921,-1,-1,-1
222,2908,643.01404,294.73807,10.485413,14.946289,0.71729165,-1,-1,-1
222,2527,599.6679,324.92468,11.087036,15.190063,0.66232055,-1,-1,-1
222,2460,660.7746,301.40424,11.621094,14.466187,0.7696194,-1,-1,-1
222,3148,669.39197,317.43167,10.24408,13.691223,0.7889629,-1,-1,-1
222,3149,678.97974,357.05353,12.273743,16.170593,0.56877863,-1,-1,-1
222,3154,659.0049,288.77264,10.61554,11.564087,0.4860921,-1,-1,-1
222,3155,614.60535,325.36063,8.890198,12.518585,0.5717493,-1,-1,-1
222,3159,646.53723,310.59875,10.772766,12.493439,0.6452129,-1,-1,-1
222,3170,641.9003,280.39807,8.284912,10.766449,0.3876034,-1,-1,-1
222,3157,612.68854,296.5549,9.353577,11.800598,0.81253636,-1,-1,-1
222,3234,612.3832,338.28094,10.736389,18.04309,0.65661824,-1,-1,-1
222,3174,657.2223,352.98923,12.094299,15.037903,0.3877098,-1,-1,-1
222,3323,654.3248,230.2099,8.113037,9.689865,0.4490677,-1,-1,-1
222,3306,654.4273,323.55737,10.606262,12.298431,0.568603,-1,-1,-1
222,3150,674.2403,339.5971,12.575195,15.249115,0.7456615,-1,-1,-1
222,3312,655.9049,334.9332,11.212341,14.50766,0.41914505,-1,-1,-1
222,3158,656.10223,266.62756,8.960632,10.192688,0.68895054,-1,-1,-1
222,3216,678.6571,261.10114,9.99054,11.255676,0.7599166,-1,-1,-1
222,3331,704.67377,229.14714,10.388306,11.7052,0.48826763,-1,-1,-1
222,3160,677.1451,293.94705,10.8671875,14.322998,0.72950524,-1,-1,-1
222,3313,635.29144,228.60367,8.823425,9.615463,0.32557616,-1,-1,-1
222,3334,809.9973,352.85522,18.670471,16.069336,0.3540825,-1,-1,-1
223,2777,655.67816,277.52643,9.706055,12.51886,0.44469193,-1,-1,-1
223,2908,643.07556,293.9721,10.516052,15.324493,0.702966,-1,-1,-1
223,2527,599.1708,324.5002,11.407593,15.348145,0.48044676,-1,-1,-1
223,2460,661.1057,301.4001,11.535767,14.209839,0.7671387,-1,-1,-1
223,3148,669.6218,317.4149,10.10083,13.615997,0.78612906,-1,-1,-1
223,3149,679.16956,356.90396,11.9104,16.122223,0.55644053,-1,-1,-1
223,3154,659.4648,288.14667,10.544739,12.02066,0.43622115,-1,-1,-1
223,3155,614.61127,324.91376,8.938904,12.7083435,0.59369993,-1,-1,-1
223,3159,646.6584,310.5388,10.921509,12.352509,0.62509084,-1,-1,-1
223,3170,642.0264,280.1802,8.164795,10.457275,0.41963267,-1,-1,-1
223,3157,612.60443,296.30533,9.451843,11.960449,0.81033146,-1,-1,-1
223,3234,612.2013,337.60135,11.057861,18.927673,0.63085747,-1,-1,-1
223,3174,657.3208,352.61496,12.303284,15.173492,0.33812195,-1,-1,-1
223,3323,654.5287,230.35387,7.9727783,9.718079,0.48190174,-1,-1,-1
223,3306,654.5254,323.38608,10.452698,11.613464,0.6314243,-1,-1,-1
223,3150,674.6626,339.6638,12.278137,15.097351,0.740207,-1,-1,-1
223,3312,655.9791,334.64835,11.284973,14.674164,0.6268972,-1,-1,-1
223,3158,656.37976,266.6415,8.859802,10.068146,0.6597127,-1,-1,-1
223,3216,678.9956,261.1963,9.965576,11.394897,0.74607354,-1,-1,-1
223,3331,704.2683,228.56746,10.483093,11.692505,0.47047263,-1,-1,-1
223,3160,677.4687,294.76526,10.941162,13.68866,0.7207646,-1,-1,-1
223,3313,635.3634,228.79338,8.731873,9.501526,0.31720033,-1,-1,-1
223,3334,809.5672,352.2042,18.65863,15.940979,0.3535328,-1,-1,-1
224,2777,655.31476,277.5556,9.972046,11.632019,0.4072449,-1,-1,-1
224,2908,643.0964,293.39798,10.4470825,15.609741,0.69820446,-1,-1,-1
224,2527,599.0869,324.39127,11.536255,15.460175,0.48310277,-1,-1,-1
224,2460,660.9343,301.2359,11.678894,14.069611,0.77415586,-1,-1,-1
224,3148,669.65485,317.01764,10.038391,13.794434,0.79105544,-1,-1,-1
224,3149,679.44666,356.97604,11.485962,15.910614,0.3538981,-1,-1,-1
224,3154,659.40674,287.58664,10.336365,12.112305,0.49654844,-1,-1,-1
224,3155,614.62946,324.47903,8.83783,12.741058,0.51240027,-1,-1,-1
224,3159,646.5859,310.0959,11.348633,12.758392,0.58916616,-1,-1,-1
224,3170,642.01526,279.7851,8.149963,10.391632,0.41741654,-1,-1,-1
224,3157,612.54694,295.8609,9.473206,12.226196,0.8089288,-1,-1,-1
224,3234,612.29175,336.65146,10.885254,19.08081,0.6594373,-1,-1,-1
224,3174,657.3322,352.351,12.420959,15.2569275,0.2632542,-1,-1,-1
224,3323,654.61993,230.43985,7.916931,9.732315,0.49019438,-1,-1,-1
224,3306,654.5799,322.6505,10.260071,11.548523,0.611989,-1,-1,-1
224,3150,674.72766,339.23474,12.07489,15.456451,0.71111053,-1,-1,-1
224,3312,656.0516,334.50424,11.052795,14.667053,0.66176385,-1,-1,-1
224,3158,656.48846,266.60226,8.763489,10.011475,0.6750533,-1,-1,-1
224,3216,679.10815,261.2841,9.943054,11.441559,0.7372387,-1,-1,-1
224,3331,703.6298,228.09125,10.547852,11.5633545,0.35198033,-1,-1,-1
224,3160,677.71576,295.96295,10.786438,12.702454,0.72199976,-1,-1,-1
224,3313,635.43835,228.8735,8.682068,9.492905,0.3761535,-1,-1,-1
224,3334,809.0219,351.77014,18.360352,15.931671,0.40618783,-1,-1,-1
225,2777,655.6119,277.6064,9.982544,11.989777,0.43406624,-1,-1,-1
225,2908,643.2154,293.30505,10.386047,15.323639,0.70720136,-1,-1,-1
225,2527,600.2885,323.31665,10.487671,14.677948,0.41511315,-1,-1,-1
225,2460,661.42896,301.1283,11.186951,13.754211,0.7751158,-1,-1,-1
225,3148,669.9636,316.4709,10.220032,14.113495,0.829826,-1,-1,-1
225,3149,679.4577,357.01028,11.575256,15.515289,0.46834606,-1,-1,-1
225,3154,659.6883,287.18976,10.225464,12.138306,0.58932775,-1,-1,-1
225,3155,614.5182,324.7462,9.005127,12.66272,0.4713793,-1,-1,-1
225,3159,646.69885,309.51727,11.603638,12.820038,0.5614259,-1,-1,-1
225,3170,642.109,279.56747,8.247253,10.670044,0.40165347,-1,-1,-1
225,3157,612.67804,295.48636,9.585205,12.391663,0.8058764,-1,-1,-1
225,3234,612.2072,335.09094,11.180359,19.34143,0.68500054,-1,-1,-1
225,3323,654.8015,230.48204,7.8981323,9.6931305,0.48139146,-1,-1,-1
225,3306,654.3926,321.31747,10.527039,12.173248,0.6462372,-1,-1,-1
225,3150,675.2708,338.8431,11.530151,15.534485,0.758187,-1,-1,-1
225,3312,656.3747,334.22842,10.85199,14.565277,0.6945026,-1,-1,-1
225,3158,656.6069,266.3314,8.74707,10.140717,0.70588166,-1,-1,-1
225,3216,679.40375,261.32184,10.020142,11.430756,0.7501383,-1,-1,-1
225,3331,703.4921,227.4303,10.452087,11.601822,0.42009348,-1,-1,-1
225,3160,678.0064,296.63263,10.571411,12.191681,0.72086173,-1,-1,-1
225,3313,635.36847,228.94461,8.77063,9.50856,0.43397328,-1,-1,-1
225,3334,808.50616,350.94806,18.078308,16.386108,0.50031376,-1,-1,-1
225,3338,599.1073,324.26633,11.028137,13.815826,0.42236295,-1,-1,-1
226,2777,655.83624,277.42538,9.759338,11.89386,0.47658202,-1,-1,-1
226,2908,643.05634,293.31528,10.584961,15.228027,0.72346383,-1,-1,-1
226,2460,661.5224,300.8812,11.00415,13.63324,0.7853748,-1,-1,-1
226,3148,669.9151,315.6911,10.337585,14.490753,0.7520062,-1,-1,-1
226,3149,679.4582,356.55576,11.811707,15.521637,0.39963478,-1,-1,-1
226,3154,659.6743,286.86282,10.246033,12.216248,0.5813402,-1,-1,-1
226,3155,614.4187,324.59564,9.105652,12.939697,0.3604696,-1,-1,-1
226,3159,646.8234,309.34827,12.050537,12.796722,0.58287364,-1,-1,-1
226,3170,642.1366,279.27014,8.290344,10.987305,0.40102786,-1,-1,-1
226,3157,612.7329,295.17844,9.527649,12.316925,0.8067632,-1,-1,-1
226,3234,612.147,334.29507,11.373474,19.900452,0.63199186,-1,-1,-1
226,3323,654.8548,230.55212,7.8078613,9.593826,0.51089805,-1,-1,-1
226,3306,653.9118,319.40164,11.156921,13.521484,0.6927406,-1,-1,-1
226,3150,675.3649,338.36227,11.48114,15.728027,0.68425846,-1,-1,-1
226,3312,656.2813,333.95825,10.949097,14.270081,0.7253193,-1,-1,-1
226,3158,656.7699,266.11096,8.692017,10.178253,0.6913869,-1,-1,-1
226,3216,679.6781,261.35416,9.810913,11.404846,0.7377549,-1,-1,-1
226,3331,703.2049,226.71014,10.449707,11.823135,0.52728826,-1,-1,-1
226,3160,678.22644,296.7949,10.697876,12.119873,0.7233892,-1,-1,-1
226,3313,635.3153,229.07289,8.65332,9.428879,0.42249134,-1,-1,-1
226,3338,598.91034,324.0218,10.975769,14.369141,0.55446714,-1,-1,-1
226,3332,701.6726,270.64105,10.2109375,11.245697,0.26506048,-1,-1,-1
227,2777,656.00543,277.1328,9.764648,11.613068,0.42750478,-1,-1,-1
227,2908,643.0043,293.09946,10.788635,15.255524,0.7391073,-1,-1,-1
227,2460,661.5526,300.37845,10.987976,13.817322,0.78674096,-1,-1,-1
227,3148,669.9502,315.18533,10.198425,14.799103,0.75698304,-1,-1,-1
227,3154,659.92865,286.24136,10.387634,12.610809,0.47822347,-1,-1,-1
227,3155,614.5005,324.10513,9.12616,12.64978,0.33074853,-1,-1,-1
227,3159,646.7328,308.7929,11.635193,12.795746,0.6048061,-1,-1,-1
227,3170,642.05817,279.0064,8.347778,10.93222,0.37683472,-1,-1,-1
227,3157,612.83435,294.90482,9.539917,12.292786,0.80689573,-1,-1,-1
227,3234,611.9378,334.2703,11.861572,22.260712,0.62907237,-1,-1,-1
227,3323,654.8518,230.54848,7.804199,9.668518,0.49050346,-1,-1,-1
227,3306,654.3535,319.13004,10.881287,13.34613,0.70600635,-1,-1,-1
227,3150,675.50006,337.91608,11.378296,16.039398,0.59857345,-1,-1,-1
227,3312,656.269,333.30258,10.998413,14.575684,0.6991922,-1,-1,-1
227,3158,656.72626,265.88104,8.907043,10.494446,0.56120354,-1,-1,-1
227,3216,679.954,261.38116,9.738586,11.420502,0.6449,-1,-1,-1
227,3160,678.4815,296.91083,10.959534,12.419617,0.7112337,-1,-1,-1
227,3313,635.1178,229.18321,8.767395,9.495941,0.40391397,-1,-1,-1
227,3171,700.2125,308.62302,11.529724,14.139496,0.34219757,-1,-1,-1
227,2527,600.66345,322.33627,10.393921,14.908051,0.5693645,-1,-1,-1
228,2777,656.146,276.8479,9.833923,11.466888,0.49904612,-1,-1,-1
228,2908,642.96484,293.1059,10.981873,14.920776,0.7522082,-1,-1,-1
228,2460,661.405,299.6007,11.158508,14.268097,0.7953397,-1,-1,-1
228,3148,669.90955,314.68436,10.394714,15.021332,0.79409474,-1,-1,-1
228,3154,659.8805,285.6228,10.715393,12.854797,0.56606346,-1,-1,-1
228,3155,614.8405,323.08826,8.9227295,12.912018,0.34895512,-1,-1,-1
228,3159,646.44116,308.7607,11.3741455,12.705872,0.59058785,-1,-1,-1
228,3170,642.0696,278.81265,8.386719,10.934631,0.32564116,-1,-1,-1
228,3157,612.8386,294.49646,9.537842,12.510864,0.8113881,-1,-1,-1
228,3234,612.1443,334.0565,11.757263,20.885254,0.70037514,-1,-1,-1
228,3323,654.9639,230.5518,7.7927246,9.7295685,0.5043392,-1,-1,-1
228,3306,654.28766,318.80624,11.078674,13.424072,0.6340923,-1,-1,-1
228,3150,675.5238,337.57605,11.524414,16.120361,0.6470781,-1,-1,-1
228,3312,656.18665,332.62823,11.187439,15.059418,0.6810008,-1,-1,-1
228,3158,656.9061,265.28656,8.997864,10.383148,0.6868898,-1,-1,-1
228,3216,680.1645,261.1792,9.778687,11.687286,0.5839148,-1,-1,-1
228,3160,678.71204,297.04434,10.920227,12.6536255,0.7312659,-1,-1,-1
228,3313,635.02234,229.19781,8.886902,9.687241,0.46805614,-1,-1,-1
228,3174,657.69336,349.6783,13.368835,16.798615,0.3387102,-1,-1,-1
228,3149,679.76776,355.7143,11.663879,15.450256,0.38887933,-1,-1,-1
228,3338,598.6866,323.4622,11.223328,14.050903,0.41666138,-1,-1,-1
229,2777,656.26843,276.15662,9.824524,11.2777405,0.5646235,-1,-1,-1
229,2908,643.1082,293.22095,10.947449,14.347076,0.7071093,-1,-1,-1
229,2460,661.4642,299.10492,11.217346,14.337311,0.808826,-1,-1,-1
229,3148,670.0722,314.43942,10.309143,14.774292,0.76943606,-1,-1,-1
229,3154,660.03766,285.41797,10.626892,12.691071,0.6548751,-1,-1,-1
229,3159,646.719,308.40887,10.715393,12.4427185,0.6411999,-1,-1,-1
229,3170,642.2816,278.4665,8.454224,11.08197,0.27003106,-1,-1,-1
229,3157,612.8627,294.3259,9.516113,12.460175,0.81969774,-1,-1,-1
229,3234,612.4327,333.5771,11.366516,19.592194,0.73909503,-1,-1,-1
229,3323,655.0191,230.59254,7.810913,9.710632,0.5051729,-1,-1,-1
229,3306,654.8508,318.93094,10.700378,13.17218,0.6826266,-1,-1,-1
229,3150,675.8159,337.31134,11.3585205,16.010956,0.611857,-1,-1,-1
229,3312,656.2827,332.4544,11.0581665,14.737854,0.72539264,-1,-1,-1
229,3158,657.148,264.7612,8.988342,10.049774,0.74373883,-1,-1,-1
229,3216,680.5524,261.1173,9.8706665,11.732605,0.649065,-1,-1,-1
229,3160,678.8767,297.17825,11.05603,12.713715,0.76401824,-1,-1,-1
229,3313,634.9266,229.2016,8.962769,9.746841,0.4756082,-1,-1,-1
229,3346,667.0599,224.5595,8.85144,9.822769,0.38570946,-1,-1,-1
229,3174,658.2424,349.29434,13.067993,16.67569,0.36849865,-1,-1,-1
229,3338,599.27435,322.40268,11.078918,14.294586,0.5831628,-1,-1,-1
230,2777,656.2617,275.63824,10.076172,11.124115,0.5591217,-1,-1,-1
230,2908,643.2706,293.5796,10.842102,13.38385,0.6241611,-1,-1,-1
230,2460,661.67065,298.8734,11.1501465,14.239227,0.80917615,-1,-1,-1
230,3148,670.16833,314.17032,10.477417,14.815247,0.73187155,-1,-1,-1
230,3154,659.9977,284.68948,10.675232,13.039246,0.684565,-1,-1,-1
230,3159,647.041,307.92944,10.300476,12.57309,0.6506212,-1,-1,-1
230,3157,612.93665,294.21768,9.380432,12.253082,0.8152891,-1,-1,-1
230,3234,612.5489,333.274,11.281921,18.659576,0.75574404,-1,-1,-1
230,3323,655.03955,230.56114,7.890808,9.74614,0.48163003,-1,-1,-1
230,3306,655.34546,319.38678,10.382446,12.717224,0.67728394,-1,-1,-1
230,3150,676.08203,336.99734,11.244202,15.910217,0.53752744,-1,-1,-1
230,3312,656.38007,331.94547,10.954224,14.935822,0.6731054,-1,-1,-1
230,3158,657.281,264.7535,9.039551,9.712433,0.6987239,-1,-1,-1
230,3216,680.97943,261.1638,9.826843,11.713348,0.6700384,-1,-1,-1
230,3160,679.0499,297.45007,11.146545,12.665161,0.7824291,-1,-1,-1
230,3313,634.90295,229.26439,8.930847,9.807037,0.48332855,-1,-1,-1
230,3174,658.56573,348.95407,12.976868,16.755249,0.40645206,-1,-1,-1
230,3338,599.7738,321.5663,11.075195,14.636322,0.6859166,-1,-1,-1
230,3332,700.8258,266.03073,10.166504,11.494507,0.3339689,-1,-1,-1
230,3149,680.21893,354.5969,11.230286,14.61557,0.27530187,-1,-1,-1
231,2777,656.11707,275.77945,10.311707,10.8428955,0.55129564,-1,-1,-1
231,2908,643.1514,293.40848,11.089661,12.97406,0.49158505,-1,-1,-1
231,2460,661.7427,298.9185,11.181946,13.948425,0.8195042,-1,-1,-1
231,3148,670.14136,314.16534,10.218262,14.403717,0.7558608,-1,-1,-1
231,3154,659.8223,284.29276,10.798279,13.261627,0.70141,-1,-1,-1
231,3159,647.1463,307.72598,10.330383,12.651886,0.667338,-1,-1,-1
231,3157,612.9055,294.20978,9.413269,12.088928,0.82224566,-1,-1,-1
231,3234,612.6486,333.25858,11.174255,18.256805,0.7720636,-1,-1,-1
231,3323,655.03973,230.58109,7.9106445,9.735535,0.49163046,-1,-1,-1
231,3306,655.50464,319.2806,10.216431,12.4678955,0.64844674,-1,-1,-1
231,3150,676.259,336.7067,11.01886,15.8862915,0.6061369,-1,-1,-1
231,3312,656.5478,332.12308,10.963684,14.460541,0.66668606,-1,-1,-1
231,3158,657.2375,264.41214,9.093445,9.737671,0.735604,-1,-1,-1
231,3216,681.3346,261.34418,9.842285,11.76062,0.7136503,-1,-1,-1
231,3160,679.11804,297.3317,11.429504,13.041382,0.78837115,-1,-1,-1
231,3313,634.90485,229.42653,8.92041,9.756165,0.49110788,-1,-1,-1
231,3174,658.943,348.98282,12.613831,16.536743,0.42633137,-1,-1,-1
231,3338,599.88104,321.03394,11.2265625,15.091309,0.6888309,-1,-1,-1
231,3349,646.56934,205.04208,8.571167,9.266327,0.40030894,-1,-1,-1
231,3149,680.07025,354.08075,11.380432,14.511627,0.28297806,-1,-1,-1
231,3331,701.8005,222.67355,10.712769,10.826691,0.30401322,-1,-1,-1
231,3171,701.06604,309.7505,11.7752075,14.482208,0.33518955,-1,-1,-1
232,2777,656.05145,275.51947,10.414124,10.775604,0.56081176,-1,-1,-1
232,2908,643.15515,292.50906,10.916931,13.300354,0.38524267,-1,-1,-1
232,2460,661.8061,298.83823,11.146057,13.822235,0.80787843,-1,-1,-1
232,3148,670.2989,314.1907,10.014526,14.169403,0.7088983,-1,-1,-1
232,3154,659.90027,284.06445,10.672913,13.356018,0.7119162,-1,-1,-1
232,3159,647.209,307.41714,10.288635,12.942566,0.6465633,-1,-1,-1
232,3157,612.87744,294.16693,9.49646,11.970886,0.81909895,-1,-1,-1
232,3234,612.6654,333.09137,11.091064,18.013,0.7487237,-1,-1,-1
232,3323,655.02527,230.57246,7.9381714,9.775284,0.4927433,-1,-1,-1
232,3306,655.6402,319.02563,10.169678,12.347992,0.66168344,-1,-1,-1
232,3150,676.66943,336.43954,10.831177,15.915253,0.4108387,-1,-1,-1
232,3312,656.72577,332.1001,11.036926,14.1249695,0.6483816,-1,-1,-1
232,3158,657.1951,264.07443,9.265991,9.963409,0.7609925,-1,-1,-1
232,3216,681.55316,261.4273,10.014343,11.962677,0.7177024,-1,-1,-1
232,3160,679.4551,297.51004,11.515015,13.217377,0.7611014,-1,-1,-1
232,3313,635.0045,229.5572,8.77594,9.844818,0.5282863,-1,-1,-1
232,3174,659.1662,348.46802,12.622131,16.697906,0.4793978,-1,-1,-1
232,3338,600.26416,320.8086,11.017334,14.8237915,0.6855573,-1,-1,-1
232,3349,646.7088,205.23573,8.4210205,9.203629,0.40721598,-1,-1,-1
232,3149,680.24225,353.64392,11.55542,14.6409,0.40285224,-1,-1,-1
232,3171,701.2888,309.96667,11.743713,14.537933,0.33230576,-1,-1,-1
232,3155,615.1501,321.6542,8.934631,12.644623,0.2947105,-1,-1,-1
232,3170,642.34937,277.62012,8.576904,11.108002,0.29361647,-1,-1,-1
233,2777,656.02625,275.0989,10.526184,10.894531,0.5416129,-1,-1,-1
233,2908,643.252,292.34875,10.848022,12.971771,0.50452495,-1,-1,-1
233,2460,661.6586,298.18555,11.459106,13.989136,0.7957765,-1,-1,-1
233,3148,670.216,314.2489,10.51178,13.791077,0.64233893,-1,-1,-1
233,3154,659.80457,283.48535,10.741394,13.626587,0.6920854,-1,-1,-1
233,3159,647.48474,306.645,10.3967285,13.167358,0.57877976,-1,-1,-1
233,3157,612.90546,293.83832,9.467346,11.960724,0.82146156,-1,-1,-1
233,3234,612.8965,333.19882,10.731079,17.134949,0.74543023,-1,-1,-1
233,3323,655.0525,230.45312,7.953064,9.861755,0.4306872,-1,-1,-1
233,3306,655.6728,318.66614,10.1189575,12.14743,0.6437152,-1,-1,-1
233,3150,676.72894,335.9399,10.993713,15.898712,0.32462606,-1,-1,-1
233,3312,656.7365,331.6437,11.038391,14.485901,0.6155461,-1,-1,-1
233,3158,657.26874,264.0794,9.36499,9.982941,0.695298,-1,-1,-1
233,3216,681.7776,261.0384,10.313232,12.472626,0.6775026,-1,-1,-1
233,3160,680.1183,297.81955,11.14679,13.011444,0.7768495,-1,-1,-1
233,3313,635.0802,229.68924,8.7276,9.895264,0.45070976,-1,-1,-1
233,3174,659.30164,348.16956,12.629395,16.682343,0.43585372,-1,-1,-1
233,3338,600.1592,320.0072,11.017395,15.164124,0.6900111,-1,-1,-1
233,3349,646.709,205.27762,8.457092,9.280182,0.39744547,-1,-1,-1
233,3149,680.1025,353.24512,11.756165,14.518951,0.47075397,-1,-1,-1
233,3155,615.22974,321.34558,8.832397,12.66922,0.4238115,-1,-1,-1
233,3170,642.41895,277.03394,8.619446,11.250153,0.2738819,-1,-1,-1
234,2777,655.89996,274.88718,10.57666,11.126038,0.5010066,-1,-1,-1
234,2908,643.18665,291.34567,10.740845,13.469818,0.48357654,-1,-1,-1
234,2460,661.57495,297.85986,11.467834,13.964386,0.80602854,-1,-1,-1
234,3148,670.2734,314.202,10.485474,13.571899,0.63729316,-1,-1,-1
234,3154,659.11115,283.241,10.924805,13.431732,0.7016672,-1,-1,-1
234,3159,647.396,306.06778,10.346558,13.086182,0.5935039,-1,-1,-1
234,3157,612.74084,293.62698,9.366089,11.814758,0.8119406,-1,-1,-1
234,3234,612.8435,332.971,10.661621,17.206146,0.7458036,-1,-1,-1
234,3323,655.11884,230.45094,7.9171753,9.887924,0.41302705,-1,-1,-1
234,3306,655.50604,318.28925,10.135986,12.151886,0.66286856,-1,-1,-1
234,3150,676.7016,335.79156,10.93103,15.531097,0.52385324,-1,-1,-1
234,3312,656.51935,331.3441,11.342957,14.594543,0.6478787,-1,-1,-1
234,3158,657.2472,263.8834,9.307617,9.812256,0.6395298,-1,-1,-1
234,3216,681.9366,260.90057,10.3741455,12.689636,0.7165751,-1,-1,-1
234,3160,680.5154,298.01776,10.929993,12.991913,0.7611394,-1,-1,-1
234,3313,635.1714,229.8051,8.616089,9.909882,0.40256116,-1,-1,-1
234,3174,659.3145,348.1277,12.735413,16.718414,0.41784525,-1,-1,-1
234,3338,600.30096,319.89975,10.7612915,15.233459,0.7058884,-1,-1,-1
234,3349,646.7983,205.2581,8.425537,9.36705,0.48334584,-1,-1,-1
234,3149,680.2034,352.93094,12.011353,14.507996,0.44326052,-1,-1,-1
234,3155,615.09125,321.1536,8.897827,12.657074,0.43451053,-1,-1,-1
234,3170,642.42456,275.9534,8.636902,11.131836,0.38315645,-1,-1,-1
235,2777,655.9335,274.3319,10.532898,11.384033,0.51016474,-1,-1,-1
235,2908,643.1609,290.01477,10.860107,14.451447,0.62735146,-1,-1,-1
235,2460,661.5443,297.5176,11.70343,14.120697,0.79963195,-1,-1,-1
235,3148,670.54706,314.03598,10.353943,13.394531,0.6198044,-1,-1,-1
235,3154,659.42194,282.9298,10.930847,13.5460205,0.6586515,-1,-1,-1
235,3159,647.4967,305.4124,10.321716,12.789001,0.6752131,-1,-1,-1
235,3157,612.8083,293.40607,9.269287,11.765564,0.7985503,-1,-1,-1
235,3234,612.91656,332.50992,10.789429,17.537445,0.69864637,-1,-1,-1
235,3323,655.51886,230.88826,7.848816,9.44957,0.3847868,-1,-1,-1
235,3306,655.66156,317.81464,10.02478,12.350067,0.6981026,-1,-1,-1
235,3150,676.8218,335.6241,10.883789,15.207214,0.48044533,-1,-1,-1
235,3312,656.598,331.0943,11.318848,14.106689,0.62294644,-1,-1,-1
235,3158,657.37683,263.57697,9.276489,9.865234,0.6550654,-1,-1,-1
235,3216,682.1032,261.44754,10.300659,12.341095,0.7248206,-1,-1,-1
235,3160,680.84357,298.05087,10.907715,13.020874,0.77425617,-1,-1,-1
235,3313,635.2213,229.83643,8.517761,9.954041,0.45893365,-1,-1,-1
235,3174,659.33264,347.80984,12.770935,16.950012,0.46642667,-1,-1,-1
235,3338,600.1656,320.03574,10.898926,14.929657,0.6579536,-1,-1,-1
235,3349,646.8406,205.29189,8.297119,9.379791,0.55039406,-1,-1,-1
235,3149,680.0916,352.38004,12.253784,14.528717,0.5052927,-1,-1,-1
235,3155,615.0757,320.98532,9.0043335,12.207214,0.47519183,-1,-1,-1
235,3170,642.6037,275.44302,8.590698,10.740204,0.3865931,-1,-1,-1
235,3332,698.244,260.94046,11.362915,11.70694,0.5147648,-1,-1,-1
236,2777,656.0175,273.54288,10.374084,11.850555,0.57142633,-1,-1,-1
236,2908,643.16815,289.2087,11.02179,14.995331,0.5739706,-1,-1,-1
236,2460,661.4808,297.22092,11.94342,14.273865,0.77829903,-1,-1,-1
236,3148,670.65576,313.66574,10.304321,13.5399475,0.60098493,-1,-1,-1
236,3154,659.75336,282.9165,10.642639,13.375763,0.64233696,-1,-1,-1
236,3159,647.7082,305.16943,10.143555,12.567749,0.66771626,-1,-1,-1
236,3157,612.84906,293.17764,9.251465,11.753082,0.812548,-1,-1,-1
236,3234,613.0256,332.6192,10.610596,16.920807,0.70624065,-1,-1,-1
236,3323,655.72925,231.01723,7.835205,9.332977,0.37861502,-1,-1,-1
236,3306,655.85956,317.6891,9.969421,12.265961,0.62377894,-1,-1,-1
236,3150,677.1097,335.48477,10.885376,15.438965,0.3301187,-1,-1,-1
236,3312,656.7258,330.53052,11.317139,14.320862,0.57180446,-1,-1,-1
236,3158,657.5256,263.44547,9.2196045,9.848755,0.6568264,-1,-1,-1
236,3216,682.13965,261.5514,10.446411,12.4565735,0.6809474,-1,-1,-1
236,3160,681.2835,298.2348,10.791077,13.028503,0.7493345,-1,-1,-1
236,3313,635.10046,230.02556,8.46759,9.930298,0.46167517,-1,-1,-1
236,3174,659.3511,347.67752,13.481384,17.573547,0.36072686,-1,-1,-1
236,3338,600.0794,319.9797,10.951355,14.8349,0.5686373,-1,-1,-1
236,3349,646.8169,205.43222,8.310608,9.436371,0.5321946,-1,-1,-1
236,3149,680.1035,352.08185,12.733398,14.661743,0.36380005,-1,-1,-1
236,3155,615.2855,320.5721,8.843994,12.24057,0.4856774,-1,-1,-1
236,3332,697.9277,260.31866,11.412415,11.656616,0.53461057,-1,-1,-1
237,2777,655.9788,273.42358,10.267578,11.76767,0.54803956,-1,-1,-1
237,2908,643.17346,288.76215,10.989807,15.300354,0.5596713,-1,-1,-1
237,2460,661.26935,296.88885,12.081299,14.340271,0.78276956,-1,-1,-1
237,3148,670.4844,313.3377,10.4401245,13.555878,0.6405871,-1,-1,-1
237,3154,659.7922,282.67365,10.574646,13.295715,0.5328907,-1,-1,-1
237,3159,647.73157,305.20856,10.08551,12.341858,0.6343522,-1,-1,-1
237,3157,612.8141,292.89713,9.245972,11.760681,0.8050392,-1,-1,-1
237,3234,612.66,331.84546,10.76355,17.121063,0.7279689,-1,-1,-1
237,3323,655.71826,231.04814,7.8654175,9.336563,0.35541606,-1,-1,-1
237,3306,655.89044,317.52197,9.8723755,12.210907,0.64059234,-1,-1,-1
237,3150,676.92957,335.31207,10.955994,15.292358,0.33737814,-1,-1,-1
237,3312,656.5507,330.3177,11.543335,14.323303,0.55973285,-1,-1,-1
237,3158,657.49133,263.22217,9.151245,9.844086,0.6177288,-1,-1,-1
237,3216,682.13385,261.4495,10.737305,12.873535,0.6127297,-1,-1,-1
237,3160,681.40106,298.36984,10.922852,13.204346,0.8090795,-1,-1,-1
237,3313,634.8869,230.18843,8.463745,9.887543,0.55391747,-1,-1,-1
237,3174,659.166,347.65594,13.634216,17.766144,0.39769307,-1,-1,-1
237,3338,600.14154,319.60623,10.960388,14.821472,0.6514772,-1,-1,-1
237,3349,646.7506,205.54256,8.242554,9.532837,0.5492194,-1,-1,-1
237,3155,615.19,320.58044,8.925598,12.218567,0.54625034,-1,-1,-1
237,3332,698.3874,259.69342,10.813477,11.277313,0.5798145,-1,-1,-1
237,3170,642.7273,274.73218,8.567017,10.290527,0.27416685,-1,-1,-1
238,2777,656.0124,273.1806,10.305542,11.799805,0.600516,-1,-1,-1
238,2908,643.20044,288.73416,10.86676,15.182678,0.5667474,-1,-1,-1
238,2460,661.2459,296.4932,12.218079,14.562988,0.788386,-1,-1,-1
238,3148,670.5257,313.0125,10.645874,13.556091,0.7114009,-1,-1,-1
238,3154,659.84546,282.5245,10.7005005,13.172668,0.49249083,-1,-1,-1
238,3159,647.845,305.19608,10.053528,12.039276,0.6224145,-1,-1,-1
238,3157,612.79346,292.522,9.166443,11.748322,0.7913292,-1,-1,-1
238,3234,612.47266,331.84106,10.876038,17.208313,0.7092131,-1,-1,-1
238,3323,655.73755,230.96811,7.9058228,9.403854,0.41768062,-1,-1,-1
238,3306,655.8928,317.21854,9.957336,12.331604,0.7136924,-1,-1,-1
238,3150,677.2975,334.8698,10.453003,15.150726,0.50776374,-1,-1,-1
238,3312,656.7102,330.317,11.365173,13.91571,0.6420385,-1,-1,-1
238,3158,657.4959,262.2904,9.115723,10.350922,0.68714124,-1,-1,-1
238,3216,682.37036,261.4019,10.97644,13.156769,0.55005366,-1,-1,-1
238,3160,681.8702,298.64117,10.788452,13.195953,0.7651714,-1,-1,-1
238,3313,634.79926,230.33894,8.383667,9.7612,0.60297424,-1,-1,-1
238,3174,659.33374,347.37662,13.111938,17.312897,0.5318045,-1,-1,-1
238,3338,599.7599,319.02335,10.946228,14.795746,0.64016545,-1,-1,-1
238,3349,646.70636,205.73598,8.142822,9.536484,0.5932517,-1,-1,-1
238,3155,615.1027,320.30896,9.059998,12.413116,0.4392985,-1,-1,-1
238,3332,698.1915,258.2992,10.774231,12.05661,0.64769423,-1,-1,-1
238,3149,680.26685,351.88498,13.357483,14.678833,0.35630894,-1,-1,-1
239,2777,655.89136,273.34247,10.377808,11.740631,0.5888393,-1,-1,-1
239,2908,643.0435,287.62772,10.841736,15.977203,0.5776543,-1,-1,-1
239,2460,660.94037,296.2302,12.41626,14.6727295,0.7860559,-1,-1,-1
239,3148,670.3468,312.6826,10.812683,13.5850525,0.75743765,-1,-1,-1
239,3154,659.48315,282.39587,10.707031,12.676666,0.5383007,-1,-1,-1
239,3159,647.7524,305.2102,10.121338,11.957184,0.67441326,-1,-1,-1
239,3157,612.682,292.2683,9.110107,11.641052,0.78140616,-1,-1,-1
239,3234,612.29895,331.37762,10.973145,17.406708,0.68886036,-1,-1,-1
239,3323,655.71796,231.04623,7.8519897,9.3526,0.40477785,-1,-1,-1
239,3306,655.71094,317.17328,9.918884,12.100922,0.7200781,-1,-1,-1
239,3150,677.3173,334.67847,10.103577,15.110413,0.6192934,-1,-1,-1
239,3312,656.65906,330.43338,11.231262,13.638306,0.68594,-1,-1,-1
239,3158,657.2991,261.65994,9.176941,10.630951,0.7258293,-1,-1,-1
239,3216,682.335,261.41214,11.192749,13.33255,0.54324573,-1,-1,-1
239,3160,681.9378,298.8933,10.8741455,13.225739,0.80098057,-1,-1,-1
239,3313,634.8223,230.73604,8.228821,9.601685,0.60330707,-1,-1,-1
239,3174,659.3116,347.18857,12.679321,17.281708,0.58246785,-1,-1,-1
239,3338,599.5327,318.43665,11.125427,14.852844,0.586379,-1,-1,-1
239,3349,646.6386,205.90608,8.118164,9.66275,0.6168029,-1,-1,-1
239,3155,614.9097,319.9931,9.208862,12.482452,0.3796957,-1,-1,-1
239,3332,697.6939,257.07675,10.892822,12.177216,0.5647413,-1,-1,-1
239,3149,680.03827,351.48795,13.360901,14.827057,0.4809494,-1,-1,-1
240,2777,656.1173,273.42133,10.53418,11.80069,0.5509818,-1,-1,-1
240,2908,643.1719,286.93143,10.852173,16.378113,0.5514817,-1,-1,-1
240,2460,661.3026,295.9171,12.342407,14.626556,0.78742385,-1,-1,-1
240,3148,670.4729,312.50702,10.757935,13.665558,0.7577576,-1,-1,-1
240,3154,659.6219,281.8239,10.767517,12.701294,0.54843825,-1,-1,-1
240,3159,647.91693,304.96347,10.230835,11.958923,0.6276459,-1,-1,-1
240,3157,612.8579,291.97232,9.010315,11.670044,0.76666677,-1,-1,-1
240,3234,612.4754,329.90646,11.1622925,18.787903,0.68185794,-1,-1,-1
240,3323,655.9126,231.03781,7.881836,9.322281,0.5298407,-1,-1,-1
240,3306,655.7991,316.88477,9.973938,12.136505,0.7180576,-1,-1,-1
240,3150,677.7098,334.36237,9.903564,15.219818,0.6114925,-1,-1,-1
240,3312,657.0853,330.35458,11.087585,13.642822,0.61822325,-1,-1,-1
240,3158,657.53705,261.42776,9.174072,10.7361145,0.70873296,-1,-1,-1
240,3216,682.8242,261.45605,11.193909,13.3428955,0.7218022,-1,-1,-1
240,3160,682.228,299.0659,11.14679,13.254181,0.74556756,-1,-1,-1
240,3313,635.0176,230.84203,8.174805,9.622162,0.6080949,-1,-1,-1
240,3174,659.56525,346.9148,12.770508,17.57965,0.4810572,-1,-1,-1
240,3338,599.65015,318.14844,11.302795,14.248627,0.5933101,-1,-1,-1
240,3349,646.78827,205.89203,8.135254,9.70578,0.6093054,-1,-1,-1
240,3155,615.02655,319.83127,9.177551,12.338287,0.36963722,-1,-1,-1
240,3332,697.98627,255.97485,10.701233,11.6970215,0.7660727,-1,-1,-1
240,3149,680.254,351.69516,13.572693,14.724701,0.31407726,-1,-1,-1
240,3170,642.6643,273.80838,8.796936,9.961761,0.3694739,-1,-1,-1
241,2777,656.2105,272.74203,10.528687,12.2535095,0.62241834,-1,-1,-1
241,2908,643.2207,286.51077,10.750366,16.415894,0.62618536,-1,-1,-1
241,2460,661.52344,295.5602,12.125366,14.457703,0.7978382,-1,-1,-1
241,3148,670.40204,312.22403,10.895752,13.942322,0.749447,-1,-1,-1
241,3154,659.88794,281.9727,10.637573,12.118805,0.50822866,-1,-1,-1
241,3159,647.87695,304.1469,10.417114,12.407379,0.63336045,-1,-1,-1
241,3157,612.7816,291.72717,9.069336,11.732147,0.7898001,-1,-1,-1
241,3234,612.39215,330.24356,11.265991,18.415375,0.6958956,-1,-1,-1
241,3323,655.9983,231.03033,7.9471436,9.311707,0.5574037,-1,-1,-1
241,3306,655.7549,316.44775,10.103149,12.2916565,0.7139881,-1,-1,-1
241,3150,677.68976,334.07193,9.916992,15.410309,0.6831532,-1,-1,-1
241,3312,657.136,330.009,11.182617,13.847839,0.64859504,-1,-1,-1
241,3158,657.5891,261.36102,9.243164,10.63681,0.70048,-1,-1,-1
241,3216,683.1846,261.6582,11.032898,13.130951,0.72871095,-1,-1,-1
241,3160,682.3856,299.1734,11.356689,13.620056,0.5885589,-1,-1,-1
241,3313,635.07513,230.92691,8.155212,9.695969,0.59960604,-1,-1,-1
241,3174,659.3353,346.82288,13.222534,17.858337,0.49026468,-1,-1,-1
241,3338,599.5494,318.1443,11.308411,13.998718,0.61520636,-1,-1,-1
241,3349,646.9065,205.97067,8.208069,9.68219,0.59869856,-1,-1,-1
241,3155,615.09344,319.35873,9.178406,12.764435,0.46987942,-1,-1,-1
241,3332,698.10583,255.39943,10.411377,11.197708,0.7436181,-1,-1,-1
241,3149,680.5114,351.7351,13.382385,14.8046875,0.26990232,-1,-1,-1
241,3170,642.6593,273.7542,8.816406,10.062378,0.45774478,-1,-1,-1
242,2777,656.2185,272.5159,10.404602,12.345306,0.5957533,-1,-1,-1
242,2908,643.2072,286.53485,10.707275,15.954193,0.6442679,-1,-1,-1
242,2460,661.65436,295.193,12.109131,14.447784,0.78902674,-1,-1,-1
242,3148,670.42554,311.93866,10.874756,13.964661,0.72438043,-1,-1,-1
242,3154,660.07117,282.05902,10.532959,11.718018,0.45648712,-1,-1,-1
242,3159,647.7834,303.62793,10.836243,12.4758,0.6149899,-1,-1,-1
242,3157,612.6652,291.53705,9.092834,11.793732,0.80075645,-1,-1,-1
242,3234,612.5761,330.407,11.149231,18.006409,0.6540826,-1,-1,-1
242,3323,656.01465,231.13217,7.9193726,9.250916,0.5055196,-1,-1,-1
242,3306,655.65204,315.89447,10.202087,12.347717,0.6660795,-1,-1,-1
242,3150,677.6574,333.90808,10.109924,15.244507,0.6950604,-1,-1,-1
242,3312,657.28253,329.49768,11.037842,14.242584,0.6191714,-1,-1,-1
242,3158,657.505,261.07666,9.183533,10.678833,0.6987986,-1,-1,-1
242,3216,683.20917,261.73828,11.068481,13.121918,0.6831056,-1,-1,-1
242,3160,682.4357,299.31558,11.5529785,14.050262,0.74314326,-1,-1,-1
242,3313,635.0218,231.07344,8.075134,9.635162,0.59237784,-1,-1,-1
242,3174,659.20636,346.7216,13.581787,18.099304,0.36431095,-1,-1,-1
242,3338,599.74976,317.354,11.151184,14.454071,0.6054173,-1,-1,-1
242,3349,646.7887,206.10162,8.248474,9.600189,0.6033582,-1,-1,-1
242,3155,614.97284,318.76202,9.397461,13.256989,0.5026789,-1,-1,-1
242,3332,697.42865,254.83209,10.785767,10.964142,0.7283794,-1,-1,-1
242,3149,680.33093,350.94086,13.306702,15.371338,0.4087987,-1,-1,-1
243,2777,656.4833,272.31253,10.179016,12.266876,0.60117567,-1,-1,-1
243,2908,643.4098,286.40714,10.661133,15.468353,0.6661351,-1,-1,-1
243,2460,662.09686,294.9527,11.8186035,14.265991,0.78518605,-1,-1,-1
243,3148,670.6777,311.53757,10.737732,14.056305,0.7344686,-1,-1,-1
243,3154,660.53186,281.246,10.377747,12.175537,0.5075754,-1,-1,-1
243,3159,647.896,303.04306,10.5216675,12.310486,0.59763813,-1,-1,-1
243,3157,612.77454,291.35297,8.988159,11.820251,0.7896899,-1,-1,-1
243,3234,612.80194,327.8246,11.206665,19.448639,0.7199683,-1,-1,-1
243,3323,656.0971,231.06352,7.920349,9.284851,0.5568567,-1,-1,-1
243,3306,655.67834,315.08624,10.321594,12.678864,0.6668312,-1,-1,-1
243,3150,677.8522,333.63528,10.109192,15.349396,0.6922538,-1,-1,-1
243,3312,657.51996,328.8547,10.853455,14.628174,0.608096,-1,-1,-1
243,3158,657.63416,260.90198,9.066895,10.771057,0.7103317,-1,-1,-1
243,3216,683.53546,262.05457,11.0789795,12.84436,0.67360485,-1,-1,-1
243,3160,682.6402,299.44666,11.648376,14.216095,0.6741674,-1,-1,-1
243,3313,634.9367,231.17273,8.073486,9.572296,0.5612383,-1,-1,-1
243,3174,659.2998,346.73288,13.781067,17.862335,0.40123317,-1,-1,-1
243,3338,599.6139,317.11456,11.306946,14.178497,0.5943133,-1,-1,-1
243,3349,646.8907,206.13794,8.202026,9.581085,0.62515074,-1,-1,-1
243,3155,615.01263,318.54358,9.458679,13.445496,0.4908746,-1,-1,-1
243,3332,697.578,254.2779,10.384033,10.840027,0.7321043,-1,-1,-1
243,3149,680.36646,350.43896,13.604553,16.233337,0.42355046,-1,-1,-1
244,2777,657.0718,272.95682,10.021912,11.762787,0.45978206,-1,-1,-1
244,2908,643.6834,286.36072,10.672607,15.1562195,0.6826647,-1,-1,-1
244,2460,662.5644,295.07852,11.54303,13.89267,0.7863781,-1,-1,-1
244,3148,670.9834,311.33392,10.814026,13.999084,0.761044,-1,-1,-1
244,3154,660.66614,280.25992,10.488403,12.74234,0.6515446,-1,-1,-1
244,3159,648.3564,302.1203,10.244934,12.970551,0.5929318,-1,-1,-1
244,3157,612.8173,291.27078,9.012878,11.80542,0.7863307,-1,-1,-1
244,3234,612.9727,326.68164,11.255127,19.579773,0.7414576,-1,-1,-1
244,3323,656.29865,231.13303,7.8877563,9.22673,0.6118742,-1,-1,-1
244,3306,655.6453,314.23212,10.547241,13.195953,0.6912507,-1,-1,-1
244,3150,678.1139,333.30203,10.266602,15.529602,0.6740928,-1,-1,-1
244,3312,657.7789,328.64566,10.883057,14.566315,0.6334234,-1,-1,-1
244,3158,657.92426,260.81946,9.027832,11.0937195,0.7238318,-1,-1,-1
244,3216,684.1915,262.67072,11.145264,12.504547,0.6578115,-1,-1,-1
244,3160,683.2561,300.10837,11.220215,13.758575,0.68764967,-1,-1,-1
244,3313,635.0571,231.375,7.984192,9.506821,0.4656091,-1,-1,-1
244,3174,659.56104,346.78677,13.633118,17.200165,0.3776976,-1,-1,-1
244,3338,599.5044,317.2398,11.339294,14.066528,0.53097236,-1,-1,-1
244,3349,647.15735,206.04442,8.200684,9.671722,0.6337574,-1,-1,-1
244,3155,614.96454,318.54266,9.639465,14.054657,0.41689458,-1,-1,-1
244,3332,697.9183,254.0811,9.916565,10.565201,0.5319479,-1,-1,-1
244,3149,680.73883,350.14075,13.74823,16.86734,0.5457314,-1,-1,-1
245,2777,657.23456,271.93976,10.074219,12.731384,0.5170395,-1,-1,-1
245,2908,643.7876,286.2831,10.767822,14.672821,0.6272295,-1,-1,-1
245,2460,662.58765,294.94946,11.5477295,13.804504,0.7905331,-1,-1,-1
245,3148,671.1078,311.30225,10.792175,13.765045,0.7791716,-1,-1,-1
245,3154,660.74,279.62024,10.464478,12.885132,0.6888524,-1,-1,-1
245,3159,648.62585,301.43616,10.224243,13.298096,0.63692385,-1,-1,-1
245,3157,612.78467,290.91928,9.176758,11.877563,0.7985149,-1,-1,-1
245,3234,613.0836,325.6099,11.197266,19.905426,0.7492861,-1,-1,-1
245,3323,656.3645,231.21326,7.8269653,9.187912,0.65739554,-1,-1,-1
245,3306,655.1763,313.50443,11.057678,13.621735,0.6982332,-1,-1,-1
245,3150,678.0322,333.11438,10.543396,15.368835,0.7204866,-1,-1,-1
245,3312,657.5795,328.29172,10.92511,14.373444,0.681872,-1,-1,-1
245,3158,658.1116,260.6703,8.923401,11.00177,0.7274565,-1,-1,-1
245,3216,684.51917,262.96536,11.126465,12.255554,0.6713549,-1,-1,-1
245,3160,683.831,300.48715,10.776062,13.506073,0.7258145,-1,-1,-1
245,3313,635.07465,231.75974,7.8898315,9.418488,0.4349068,-1,-1,-1
245,3338,600.73773,316.16138,10.710876,14.230347,0.53798044,-1,-1,-1
245,3349,647.2933,206.26566,8.23053,9.7708435,0.5991542,-1,-1,-1
245,3155,614.745,318.58505,9.928955,17.032837,0.38881403,-1,-1,-1
245,3332,697.7456,253.50008,9.868164,10.512527,0.36916918,-1,-1,-1
245,3149,680.87555,349.7885,13.807922,17.049927,0.53252995,-1,-1,-1
246,2777,657.0811,271.89142,10.018188,12.658997,0.55327475,-1,-1,-1
246,2908,643.8258,286.56042,10.624451,13.8815,0.63240147,-1,-1,-1
246,2460,662.5891,294.70685,11.51886,13.762543,0.79201216,-1,-1,-1
246,3148,671.2615,311.1819,10.653931,13.368866,0.7737978,-1,-1,-1
246,3154,660.7697,279.58798,10.3341675,12.5460205,0.6890306,-1,-1,-1
246,3159,648.7685,301.1429,9.873169,13.172974,0.6248535,-1,-1,-1
246,3157,612.5614,290.66782,9.295227,11.709442,0.79786307,-1,-1,-1
246,3234,612.99664,325.05475,11.357056,19.785309,0.74822295,-1,-1,-1
246,3323,656.20703,231.14534,7.7788086,9.194519,0.6207514,-1,-1,-1
246,3306,655.0847,313.3105,11.012512,13.455566,0.7101028,-1,-1,-1
246,3150,677.83344,332.43222,11.053162,15.669525,0.74835515,-1,-1,-1
246,3312,657.58234,327.84155,10.567078,14.14798,0.70291334,-1,-1,-1
246,3158,658.00854,260.242,8.800598,10.838806,0.744007,-1,-1,-1
246,3216,684.7013,263.57495,10.715027,11.647583,0.58243215,-1,-1,-1
246,3160,684.06396,300.76547,10.720398,13.369873,0.6826745,-1,-1,-1
246,3313,634.9391,232.07912,7.865906,9.193649,0.45438093,-1,-1,-1
246,3338,601.07275,315.92282,10.450317,13.9739685,0.5614931,-1,-1,-1
246,3349,647.1708,206.35143,8.2052,9.7387085,0.6113648,-1,-1,-1
246,3155,614.43677,318.1891,10.1918335,17.366302,0.40817562,-1,-1,-1
246,3149,681.1259,349.79285,14.54187,18.451965,0.46968463,-1,-1,-1
246,3171,706.7958,313.09958,12.434753,15.921295,0.3785108,-1,-1,-1
247,2777,656.90173,272.10104,10.163452,13.001862,0.50168705,-1,-1,-1
247,2908,643.678,286.90286,10.575256,13.351349,0.7124807,-1,-1,-1
247,2460,662.38605,294.19315,11.61261,13.989624,0.80030024,-1,-1,-1
247,3148,671.0581,310.8969,10.75354,13.329468,0.7786207,-1,-1,-1
247,3154,660.3548,279.09262,10.483215,12.590088,0.6768799,-1,-1,-1
247,3159,648.769,301.1822,9.7247925,12.937561,0.61990577,-1,-1,-1
247,3157,612.4697,289.99094,9.328125,12.048157,0.79347223,-1,-1,-1
247,3234,612.91144,325.5493,11.278137,18.84906,0.76035744,-1,-1,-1
247,3323,655.997,230.9902,7.809265,9.31427,0.6070924,-1,-1,-1
247,3306,655.10614,313.06952,10.890564,13.329163,0.7388524,-1,-1,-1
247,3150,677.5275,332.0944,11.291809,15.969757,0.75600255,-1,-1,-1
247,3312,657.5362,327.70743,10.483765,13.79599,0.70400095,-1,-1,-1
247,3158,657.9169,259.93295,8.810547,10.735107,0.7800283,-1,-1,-1
247,3216,684.7399,263.48947,10.743469,11.718414,0.56971353,-1,-1,-1
247,3160,684.102,301.09064,10.832947,13.292023,0.7284609,-1,-1,-1
247,3313,634.70215,232.1692,7.9263916,9.240097,0.559723,-1,-1,-1
247,3338,601.1573,315.45508,10.562561,13.8211975,0.5376725,-1,-1,-1
247,3349,646.9001,206.43619,8.149902,9.718216,0.59950393,-1,-1,-1
247,3155,614.3067,317.85767,10.243164,15.772888,0.34546167,-1,-1,-1
247,3149,681.03357,349.37396,14.165344,17.910889,0.32399723,-1,-1,-1
247,3364,775.10693,347.80576,16.179932,18.939362,0.36417118,-1,-1,-1
247,3171,706.9908,313.38443,12.566772,15.907227,0.52923226,-1,-1,-1
248,2777,656.9179,271.89908,10.073914,13.134888,0.5788788,-1,-1,-1
248,2908,643.5278,286.81787,10.7561035,13.1501465,0.6914146,-1,-1,-1
248,2460,662.2648,293.61432,11.73645,14.349945,0.8013429,-1,-1,-1
248,3148,671.05646,310.4842,10.694336,13.528564,0.78128564,-1,-1,-1
248,3154,660.48334,278.9934,10.532898,12.5503845,0.6719904,-1,-1,-1
248,3159,648.8107,300.92987,9.688782,12.919586,0.6229845,-1,-1,-1
248,3157,612.5802,289.64465,9.391418,12.181915,0.800192,-1,-1,-1
248,3234,613.02606,325.25784,11.1050415,19.060791,0.7552049,-1,-1,-1
248,3323,655.958,230.93979,7.8206177,9.393417,0.6073553,-1,-1,-1
248,3306,655.2102,312.73514,10.864319,13.213776,0.7459923,-1,-1,-1
248,3150,677.5554,331.61713,11.386719,16.2453,0.74441254,-1,-1,-1
248,3312,657.6565,327.7873,10.350159,13.417389,0.7000544,-1,-1,-1
248,3158,657.9612,259.78372,8.778748,10.633057,0.7639183,-1,-1,-1
248,3216,684.971,263.3749,10.737061,12.065002,0.552224,-1,-1,-1
248,3160,684.3029,301.2213,11.128906,13.499115,0.7053413,-1,-1,-1
248,3313,634.5751,232.19067,7.9765015,9.32576,0.5713236,-1,-1,-1
248,3338,601.22473,314.79633,10.622803,13.847626,0.64840853,-1,-1,-1
248,3349,646.7548,206.75545,8.263367,9.6940155,0.59745675,-1,-1,-1
248,3155,614.21075,318.1321,10.31189,17.883087,0.29938877,-1,-1,-1
248,3149,681.2277,349.24564,13.972717,18.466064,0.31603768,-1,-1,-1
248,3364,775.1196,347.04236,16.517883,19.878174,0.43011078,-1,-1,-1
249,2777,656.97437,271.7337,9.980164,12.994019,0.60625285,-1,-1,-1
249,2908,643.64594,286.74347,10.846191,12.739105,0.5667577,-1,-1,-1
249,2460,662.14465,293.02917,11.992981,14.61496,0.7956897,-1,-1,-1
249,3148,671.11163,310.31537,10.636047,13.512665,0.7814675,-1,-1,-1
249,3154,660.5071,278.78464,10.617981,12.713379,0.6547632,-1,-1,-1
249,3159,648.92993,300.396,9.498413,12.857849,0.6835992,-1,-1,-1
249,3157,612.5726,289.5514,9.468872,12.118317,0.80105156,-1,-1,-1
249,3234,613.04846,325.92957,11.078308,18.220276,0.7493399,-1,-1,-1
249,3323,656.0361,231.01024,7.8739014,9.3897705,0.6291714,-1,-1,-1
249,3306,655.5408,312.59467,10.717468,13.011627,0.76271105,-1,-1,-1
249,3150,677.55505,331.55124,11.622925,16.096497,0.72164553,-1,-1,-1
249,3312,657.9803,327.96912,10.081177,12.951233,0.70857465,-1,-1,-1
249,3158,658.0771,259.54315,8.935913,10.607269,0.753028,-1,-1,-1
249,3216,685.32336,263.45474,10.957581,12.203735,0.46007273,-1,-1,-1
249,3160,684.56805,301.16095,11.599487,13.638824,0.6700124,-1,-1,-1
249,3313,634.4045,232.08641,8.173645,9.560959,0.65723896,-1,-1,-1
249,3338,601.3382,314.30756,10.470032,13.723328,0.64695835,-1,-1,-1
249,3349,646.7397,206.80577,8.370483,9.816055,0.59196097,-1,-1,-1
249,3364,775.09875,346.41565,16.56903,20.096527,0.30578357,-1,-1,-1
249,3174,659.6575,344.65872,13.732788,18.546356,0.30924696,-1,-1,-1
249,3171,707.476,314.76123,12.819336,15.50119,0.589171,-1,-1,-1
250,2777,656.9214,271.27493,9.906433,12.751099,0.6540192,-1,-1,-1
250,2908,643.6012,286.15555,10.797302,12.742584,0.4603128,-1,-1,-1
250,2460,661.94086,292.5454,12.241333,14.816498,0.7944949,-1,-1,-1
250,3148,671.0627,309.65405,10.648987,13.80545,0.7809173,-1,-1,-1
250,3154,660.55994,278.7477,10.636475,12.669739,0.6713871,-1,-1,-1
250,3159,648.90607,299.88147,9.536438,12.90094,0.71112734,-1,-1,-1
250,3157,612.53314,289.279,9.481018,12.083984,0.8002683,-1,-1,-1
250,3234,613.01227,325.97836,11.203857,17.954163,0.74073535,-1,-1,-1
250,3323,656.0345,230.97995,7.8928223,9.408295,0.6324487,-1,-1,-1
250,3306,655.8033,312.33707,10.589783,13.139862,0.7576645,-1,-1,-1
250,3150,677.5587,331.3132,11.686218,16.328125,0.6478261,-1,-1,-1
250,3312,657.96216,327.94608,10.055115,12.800232,0.6095171,-1,-1,-1
250,3158,658.21533,258.87994,8.893311,10.857727,0.7561227,-1,-1,-1
250,3216,685.6179,262.92178,11.032776,12.6935425,0.52681625,-1,-1,-1
250,3160,684.71436,301.09384,11.847046,13.785461,0.7052837,-1,-1,-1
250,3313,634.2773,232.14026,8.179321,9.570877,0.64638525,-1,-1,-1
250,3338,600.979,314.35806,10.858948,13.707855,0.66142327,-1,-1,-1
250,3349,646.6905,206.81163,8.404663,9.975571,0.5926657,-1,-1,-1
250,3371,614.7761,316.15906,9.772583,12.767578,0.38219097,-1,-1,-1
250,3174,659.3317,344.07248,14.31543,19.84143,0.3456001,-1,-1,-1
250,3171,707.6956,315.23492,12.609924,15.225647,0.41195822,-1,-1,-1
250,3332,697.2568,248.34009,9.451233,10.040192,0.49998033,-1,-1,-1
251,2777,657.1302,271.17206,10.036072,13.144836,0.6375797,-1,-1,-1
251,2908,643.48517,282.1859,11.022644,16.098938,0.58757406,-1,-1,-1
251,2460,661.93646,292.2274,12.497009,15.011169,0.7963718,-1,-1,-1
251,3148,671.26184,309.3006,10.655029,13.79834,0.7665617,-1,-1,-1
251,3154,660.4327,278.01828,10.923767,13.25116,0.7083363,-1,-1,-1
251,3159,649.0656,299.70078,9.394104,12.662262,0.71942556,-1,-1,-1
251,3157,612.58966,288.685,9.511108,12.150177,0.809716,-1,-1,-1
251,3234,613.1079,325.11807,11.236755,18.406189,0.74067,-1,-1,-1
251,3323,656.1742,230.93275,7.8984985,9.443283,0.63071805,-1,-1,-1
251,3306,655.8439,311.91904,10.636841,13.401123,0.7462398,-1,-1,-1
251,3150,677.7493,331.2864,11.765198,15.884155,0.50186944,-1,-1,-1
251,3312,658.14233,327.67767,9.97937,12.770782,0.5593697,-1,-1,-1
251,3158,658.342,258.45428,8.82074,10.86499,0.77495533,-1,-1,-1
251,3216,685.867,262.62656,11.047424,13.036774,0.542526,-1,-1,-1
251,3160,685.0992,301.01373,12.013062,13.9713745,0.65992415,-1,-1,-1
251,3313,634.1592,232.1412,8.219971,9.655365,0.6363933,-1,-1,-1
251,3338,600.7227,314.27512,11.151794,14.138855,0.6955336,-1,-1,-1
251,3349,646.6951,206.74323,8.38324,10.129395,0.5457217,-1,-1,-1
251,3371,614.92645,315.81134,9.497314,12.674316,0.4345911,-1,-1,-1
251,3174,659.819,343.7976,13.918152,18.615631,0.32375655,-1,-1,-1
251,3375,642.8664,273.5556,11.050171,20.664581,0.40253097,-1,-1,-1
251,3332,696.9859,247.69223,9.347595,9.865906,0.4581072,-1,-1,-1
251,3364,774.29047,344.26797,16.537659,20.425232,0.33619866,-1,-1,-1
252,2777,657.2374,270.9675,10.046387,13.011414,0.64418095,-1,-1,-1
252,2908,643.50214,281.41678,11.096313,16.649902,0.64322513,-1,-1,-1
252,2460,662.0547,292.39658,12.555237,14.85025,0.7908392,-1,-1,-1
252,3148,671.4175,309.5259,10.639282,13.344177,0.7596014,-1,-1,-1
252,3154,660.44574,277.9168,11.093933,13.307373,0.706728,-1,-1,-1
252,3159,649.0292,299.69754,9.467407,12.42868,0.72139716,-1,-1,-1
252,3157,612.6572,288.54938,9.5477295,12.130707,0.8135686,-1,-1,-1
252,3234,613.1737,325.14883,11.180908,17.735931,0.71875525,-1,-1,-1
252,3323,656.27484,230.93265,7.8444214,9.484192,0.6165896,-1,-1,-1
252,3306,655.68713,311.72406,10.836304,13.340973,0.7657645,-1,-1,-1
252,3150,677.9124,331.17545,11.528198,15.228119,0.45212305,-1,-1,-1
252,3312,658.38306,327.25858,9.858643,13.076447,0.6259114,-1,-1,-1
252,3158,658.4907,258.52457,8.778748,10.738739,0.75216746,-1,-1,-1
252,3216,685.9522,262.66092,11.138306,13.33847,0.4991889,-1,-1,-1
252,3160,685.15936,301.38815,12.285339,14.022247,0.6511417,-1,-1,-1
252,3313,634.0963,232.57808,8.15564,9.501007,0.535553,-1,-1,-1
252,3338,600.5192,313.90808,11.248718,14.379974,0.6619931,-1,-1,-1
252,3349,646.76495,206.99594,8.344055,10.260574,0.5872235,-1,-1,-1
252,3371,614.9,315.56256,9.529846,12.81897,0.454942,-1,-1,-1
252,3174,660.1946,343.82315,12.999634,18.13095,0.4205803,-1,-1,-1
252,3380,579.3977,289.9786,9.868347,10.509277,0.55127674,-1,-1,-1
252,3364,774.14746,343.56946,16.263,18.233582,0.4216058,-1,-1,-1
252,3171,708.3712,316.51718,12.827393,14.54599,0.28606892,-1,-1,-1
253,2777,657.1828,270.7827,10.383911,13.146332,0.61246246,-1,-1,-1
253,2908,643.62024,282.5361,11.026978,15.351868,0.5886518,-1,-1,-1
253,2460,662.21014,292.64563,12.453613,14.380127,0.7930609,-1,-1,-1
253,3148,671.49384,309.53894,10.705566,13.16687,0.74937105,-1,-1,-1
253,3154,660.37836,277.414,11.339294,13.605011,0.71799964,-1,-1,-1
253,3159,648.90485,299.22073,9.809387,12.721252,0.7586149,-1,-1,-1
253,3157,612.6418,288.5748,9.725464,11.936584,0.81916296,-1,-1,-1
253,3234,613.19434,325.15533,11.303589,17.565735,0.71703583,-1,-1,-1
253,3323,656.299,230.89752,7.86615,9.554916,0.549325,-1,-1,-1
253,3306,655.8004,311.47742,11.010864,13.239777,0.77661735,-1,-1,-1
253,3150,678.1033,330.73837,11.684753,14.913269,0.5352517,-1,-1,-1
253,3312,658.38965,326.76852,10.0338745,13.326843,0.66172457,-1,-1,-1
253,3158,658.64465,258.5235,8.931702,10.5546875,0.74409056,-1,-1,-1
253,3216,686.1423,262.88232,11.211914,13.284454,0.4734366,-1,-1,-1
253,3160,685.38043,301.88696,12.3689575,13.992493,0.7096739,-1,-1,-1
253,3313,634.0267,232.80318,8.220825,9.63356,0.52058226,-1,-1,-1
253,3338,600.4423,313.28616,11.596436,14.6076355,0.6551033,-1,-1,-1
253,3349,646.78156,207.2095,8.3533325,10.366867,0.51839566,-1,-1,-1
253,3371,614.85913,315.4127,9.706177,12.781555,0.43956783,-1,-1,-1
253,3174,660.41986,343.583,12.678223,17.852509,0.36789346,-1,-1,-1
253,3380,579.8693,289.74628,9.696472,10.1188965,0.44017127,-1,-1,-1
253,3364,774.10223,343.17075,15.793213,19.573029,0.38009933,-1,-1,-1
253,3171,708.80756,316.84363,13.015747,14.482849,0.46821666,-1,-1,-1
253,3149,681.91626,347.40997,15.479614,20.045074,0.36040488,-1,-1,-1
254,2777,657.0486,270.24963,10.462952,12.459625,0.50628126,-1,-1,-1
254,2908,643.6594,282.859,10.933899,14.756073,0.594173,-1,-1,-1
254,2460,662.507,292.32455,12.2404175,14.109772,0.7857745,-1,-1,-1
254,3148,671.5723,309.28082,10.545227,13.089478,0.7345519,-1,-1,-1
254,3154,660.4353,277.0292,11.494812,13.646576,0.7302617,-1,-1,-1
254,3159,648.7809,298.7952,9.9383545,12.770081,0.7690504,-1,-1,-1
254,3157,612.7003,288.39044,9.60968,11.89444,0.8155022,-1,-1,-1
254,3234,613.1603,323.4015,11.260376,18.460083,0.6609392,-1,-1,-1
254,3323,656.38007,230.82259,7.9467773,9.594635,0.5725055,-1,-1,-1
254,3306,655.9256,311.19672,10.84668,13.112396,0.7945606,-1,-1,-1
254,3150,677.9604,330.1726,11.684692,14.8151245,0.5979128,-1,-1,-1
254,3312,658.34503,326.3685,10.053711,13.228088,0.6717915,-1,-1,-1
254,3158,658.60754,258.20847,9.151672,10.814087,0.7532689,-1,-1,-1
254,3216,686.655,262.90283,11.208679,13.272461,0.45256856,-1,-1,-1
254,3160,685.80896,302.49878,12.128662,13.476746,0.70249575,-1,-1,-1
254,3313,634.0966,232.8849,8.230896,9.636307,0.53021574,-1,-1,-1
254,3338,600.7112,312.9786,11.006958,14.559479,0.641661,-1,-1,-1
254,3349,646.80414,207.17896,8.376587,10.522369,0.44831565,-1,-1,-1
254,3371,615.2307,314.91916,9.379028,12.993683,0.41747022,-1,-1,-1
254,3174,660.1878,343.54916,13.172546,19.798645,0.3068442,-1,-1,-1
254,3380,579.9551,288.95267,9.657593,9.950958,0.53145635,-1,-1,-1
254,3364,773.6948,341.84436,15.857544,18.351013,0.57909614,-1,-1,-1
254,3171,709.32043,317.28574,12.899963,14.28772,0.46017492,-1,-1,-1
254,3149,681.8865,346.97528,14.13678,19.616882,0.3406428,-1,-1,-1
255,2777,656.9209,270.0037,10.485291,12.104889,0.3934831,-1,-1,-1
255,2908,643.66547,283.42822,10.909973,14.067566,0.592428,-1,-1,-1
255,2460,662.67456,292.13113,12.080872,13.884277,0.7810108,-1,-1,-1
255,3148,671.3371,309.10995,10.872192,13.095184,0.74377334,-1,-1,-1
255,3154,660.1788,276.58353,11.537659,13.858582,0.7212837,-1,-1,-1
255,3159,648.61005,298.5084,10.076965,12.908051,0.76215726,-1,-1,-1
255,3157,612.63727,288.23215,9.5598755,11.91983,0.8209114,-1,-1,-1
255,3234,612.85626,323.56647,11.430115,18.264954,0.67413056,-1,-1,-1
255,3323,656.297,230.72993,8.010803,9.670914,0.57512575,-1,-1,-1
255,3306,656.1093,311.34488,10.779358,12.811035,0.7896378,-1,-1,-1
255,3150,677.7383,330.05103,11.70752,14.602203,0.64077634,-1,-1,-1
255,3312,658.18964,325.79095,10.21051,13.161438,0.7503238,-1,-1,-1
255,3158,658.45404,258.0647,9.187195,11.008423,0.76261055,-1,-1,-1
255,3216,686.8028,262.99796,11.112671,13.247803,0.5471044,-1,-1,-1
255,3160,686.0983,302.83817,12.104614,13.457764,0.74608696,-1,-1,-1
255,3313,633.8116,232.9445,8.449463,9.823486,0.59127986,-1,-1,-1
255,3338,600.8796,311.5519,11.005615,14.617645,0.50268006,-1,-1,-1
255,3349,646.6149,207.40224,8.563538,10.40889,0.43472517,-1,-1,-1
255,3371,615.1742,314.97708,9.3585205,12.725586,0.39941934,-1,-1,-1
255,3174,659.77563,343.425,14.198181,22.12619,0.328739,-1,-1,-1
255,3380,580.09247,288.25485,9.55304,10.035645,0.33542866,-1,-1,-1
255,3364,773.2542,340.82028,16.263184,20.832825,0.5762958,-1,-1,-1
255,3171,709.4591,317.5941,12.846252,14.40744,0.71502775,-1,-1,-1
255,3149,681.71027,346.89108,14.709656,20.510345,0.42699966,-1,-1,-1
255,3387,642.8062,269.976,9.756836,14.861633,0.32806298,-1,-1,-1
256,2777,656.8447,269.99707,10.39093,11.660736,0.42994702,-1,-1,-1
256,2908,643.9036,284.27747,10.565979,12.958679,0.6403838,-1,-1,-1
256,2460,662.74384,291.86398,11.979309,13.882111,0.77681476,-1,-1,-1
256,3148,671.25995,308.8244,10.897705,13.302216,0.7476015,-1,-1,-1
256,3154,660.1895,276.342,11.359314,13.901886,0.7216783,-1,-1,-1
256,3159,648.6682,298.34473,9.913208,12.961517,0.7552518,-1,-1,-1
256,3157,612.55066,287.98618,9.651978,12.008392,0.8313778,-1,-1,-1
256,3234,612.8377,323.69296,11.389893,18.031158,0.6669668,-1,-1,-1
256,3323,656.18964,230.68863,8.013306,9.70166,0.5845533,-1,-1,-1
256,3306,656.1949,311.15332,10.831604,12.842285,0.78312707,-1,-1,-1
256,3150,677.6914,329.70578,11.714294,14.598267,0.65227735,-1,-1,-1
256,3312,658.1872,325.31934,10.295227,13.261993,0.7251903,-1,-1,-1
256,3158,658.3823,258.009,9.0625,10.696838,0.760404,-1,-1,-1
256,3216,686.79034,262.7241,11.0772705,13.7395935,0.6436199,-1,-1,-1
256,3160,686.3322,303.02338,11.906189,13.545288,0.7410589,-1,-1,-1
256,3313,633.6119,232.98825,8.670044,9.977783,0.5712154,-1,-1,-1
256,3338,600.5188,311.6359,11.50177,15.026855,0.55041647,-1,-1,-1
256,3349,646.474,207.53078,8.731384,10.401901,0.46965304,-1,-1,-1
256,3371,615.2748,314.6022,9.210754,12.689789,0.47263476,-1,-1,-1
256,3174,659.9884,342.87097,13.010193,19.286224,0.371519,-1,-1,-1
256,3364,772.8756,340.12125,16.402893,20.844452,0.38767335,-1,-1,-1
256,3171,709.6273,317.69067,12.754395,14.698639,0.47527707,-1,-1,-1
256,3149,681.56647,346.4593,15.320374,20.880615,0.4854203,-1,-1,-1
256,3387,642.7484,269.4404,9.520142,14.18573,0.30557972,-1,-1,-1
256,3389,672.8385,228.71323,9.466431,10.48172,0.33662084,-1,-1,-1
256,3391,798.6789,507.49585,21.70929,26.138794,0.56935257,-1,-1,-1
257,2777,657.0587,270.2342,10.395508,12.057678,0.44226068,-1,-1,-1
257,2908,644.3496,284.32825,10.253174,12.5434265,0.68679625,-1,-1,-1
257,2460,662.9822,291.48386,11.8654175,13.900421,0.7712617,-1,-1,-1
257,3148,671.33905,308.68616,11.082275,13.51236,0.75243014,-1,-1,-1
257,3154,660.45074,275.9543,11.311584,14.1189575,0.7143078,-1,-1,-1
257,3159,648.7486,297.78616,9.791321,13.1961975,0.7647527,-1,-1,-1
257,3157,612.5428,287.9223,9.706116,11.94458,0.8298132,-1,-1,-1
257,3234,613.04224,322.635,11.489441,18.969421,0.64751375,-1,-1,-1
257,3323,656.3034,230.66896,8.061401,9.750992,0.61839247,-1,-1,-1
257,3306,656.2004,310.8006,10.885498,13.031189,0.80619484,-1,-1,-1
257,3150,678.0046,329.1491,11.476196,15.11145,0.6418879,-1,-1,-1
257,3312,658.3436,325.25992,10.3573,13.272583,0.68926394,-1,-1,-1
257,3158,658.43225,257.86948,9.03772,10.433472,0.7676031,-1,-1,-1
257,3216,687.13995,263.2348,11.073547,13.57489,0.6947383,-1,-1,-1
257,3160,686.703,303.43094,11.767517,13.4216,0.7623892,-1,-1,-1
257,3313,633.5127,233.04625,8.82135,10.180405,0.5114164,-1,-1,-1
257,3338,600.86304,311.5668,11.078064,14.061798,0.523549,-1,-1,-1
257,3349,646.57184,207.68835,8.761169,10.343048,0.4584027,-1,-1,-1
257,3371,615.4523,314.14798,9.354736,13.237915,0.44257176,-1,-1,-1
257,3174,660.3478,342.24368,12.249756,17.49823,0.42980635,-1,-1,-1
257,3364,772.6369,339.30402,15.991577,19.858368,0.49112928,-1,-1,-1
257,3171,710.15967,318.06778,12.456299,14.519531,0.73019445,-1,-1,-1
257,3389,673.0891,228.77031,9.516113,10.494568,0.32448933,-1,-1,-1
257,3391,799.67053,508.52332,22.100403,25.849487,0.41380978,-1,-1,-1
257,3380,580.602,286.85413,9.690186,10.17157,0.48421118,-1,-1,-1
258,2777,657.18976,270.2174,10.090088,11.100098,0.43245494,-1,-1,-1
258,2908,644.49243,284.4585,10.128174,11.994507,0.66420346,-1,-1,-1
258,2460,663.2626,291.16132,11.687195,13.814697,0.76691717,-1,-1,-1
258,3148,671.4373,308.2675,11.227722,13.899994,0.748777,-1,-1,-1
258,3154,660.6729,275.86432,11.192078,13.947357,0.70459026,-1,-1,-1
258,3159,648.79156,297.6124,9.843262,13.081024,0.76108044,-1,-1,-1
258,3157,612.44293,287.80084,9.7282715,11.876892,0.8346329,-1,-1,-1
258,3234,613.4326,322.0964,11.20166,19.607239,0.6448299,-1,-1,-1
258,3323,656.3662,230.76082,8.041565,9.640915,0.63429403,-1,-1,-1
258,3306,656.1737,310.50372,10.923706,13.080872,0.8093516,-1,-1,-1
258,3150,678.12415,328.58713,11.505371,15.646088,0.6364372,-1,-1,-1
258,3312,658.45123,324.92285,10.491699,13.278687,0.694552,-1,-1,-1
258,3158,658.47314,257.29285,9.017334,10.459564,0.79694635,-1,-1,-1
258,3216,687.42755,263.29984,10.933228,13.614075,0.733504,-1,-1,-1
258,3160,687.1516,303.39417,11.720398,13.8237,0.67407626,-1,-1,-1
258,3313,633.4096,233.31776,8.848999,10.060822,0.5477646,-1,-1,-1
258,3338,600.96277,311.28152,11.000793,13.703735,0.53626424,-1,-1,-1
258,3349,646.6515,207.87596,8.762451,10.212479,0.4638555,-1,-1,-1
258,3371,615.4967,314.20862,9.338379,12.746277,0.41317144,-1,-1,-1
258,3174,660.62836,341.94574,12.422119,16.59732,0.49069124,-1,-1,-1
258,3364,772.1259,338.55905,15.937256,17.798767,0.5808429,-1,-1,-1
258,3171,710.5157,318.15125,12.288696,14.674164,0.7460219,-1,-1,-1
258,3389,673.30365,229.26068,9.4904785,10.146057,0.34700447,-1,-1,-1
258,3391,800.5861,509.59207,22.41919,25.778778,0.60571885,-1,-1,-1
258,3380,580.47125,286.35565,10.170593,10.1006775,0.62964207,-1,-1,-1
258,3332,695.6313,241.41512,9.620361,9.923859,0.45950887,-1,-1,-1
259,2777,657.4341,270.21255,9.678772,10.686676,0.26670033,-1,-1,-1
259,2908,644.58093,283.8813,10.036621,11.886414,0.6633807,-1,-1,-1
259,2460,663.61334,291.06302,11.389221,13.707367,0.7811699,-1,-1,-1
259,3148,671.6571,307.662,11.040527,14.157715,0.7493721,-1,-1,-1
259,3154,660.7782,275.6569,11.232666,13.902405,0.71454054,-1,-1,-1
259,3159,648.8943,297.0425,9.728394,13.152588,0.74823517,-1,-1,-1
259,3157,612.56085,287.2285,9.56958,11.960144,0.83675903,-1,-1,-1
259,3234,613.58136,320.00974,11.292236,21.384491,0.6284154,-1,-1,-1
259,3323,656.3644,230.66872,8.070007,9.676453,0.64255846,-1,-1,-1
259,3306,656.12744,309.958,11.047302,13.285858,0.80027103,-1,-1,-1
259,3150,677.74365,328.09653,11.872314,16.101624,0.6419101,-1,-1,-1
259,3312,658.265,324.11945,10.848816,13.627869,0.674265,-1,-1,-1
259,3158,658.5538,257.00708,8.865112,10.323059,0.7854415,-1,-1,-1
259,3216,687.5848,263.41644,10.727661,13.513184,0.71015173,-1,-1,-1
259,3160,687.4753,303.37796,11.672363,14.17691,0.6534872,-1,-1,-1
259,3313,633.26825,233.39871,8.874451,10.175049,0.57867306,-1,-1,-1
259,3338,600.76056,311.1478,11.099182,13.969391,0.54638696,-1,-1,-1
259,3349,646.56866,208.0027,8.812561,10.194046,0.4657921,-1,-1,-1
259,3371,615.3475,313.51093,9.590088,13.769012,0.47540626,-1,-1,-1
259,3174,660.5703,341.48517,12.401978,16.264313,0.31834045,-1,-1,-1
259,3364,771.67236,337.59772,15.8880005,16.77243,0.6946256,-1,-1,-1
259,3171,710.8095,317.98773,12.160706,14.936829,0.7626898,-1,-1,-1
259,3391,801.8271,510.93155,22.227478,25.325043,0.3166482,-1,-1,-1
260,2908,644.6278,283.13312,10.0859375,12.234497,0.65558475,-1,-1,-1
260,2460,663.8699,290.93942,11.21698,13.625519,0.7850602,-1,-1,-1
260,3148,671.8134,307.32028,10.976746,14.40741,0.75444466,-1,-1,-1
260,3154,660.72864,275.447,11.289612,13.933807,0.6846644,-1,-1,-1
260,3159,648.9388,296.32422,9.788757,13.60025,0.74243796,-1,-1,-1
260,3157,612.58386,286.9691,9.477966,12.001648,0.83370984,-1,-1,-1
260,3234,613.90265,319.25528,11.307922,21.360077,0.6496978,-1,-1,-1
260,3323,656.34845,230.6691,8.048279,9.70166,0.6382139,-1,-1,-1
260,3306,656.06476,309.71445,11.138916,13.372711,0.80004716,-1,-1,-1
260,3150,677.7534,328.11682,11.91095,16.121735,0.6346893,-1,-1,-1
260,3312,658.30115,323.85394,11.0047,13.6622925,0.6480249,-1,-1,-1
260,3158,658.60535,257.00485,8.78833,10.238312,0.7183587,-1,-1,-1
260,3216,687.6031,263.6605,10.997131,13.555267,0.73117256,-1,-1,-1
260,3160,687.8496,304.0636,11.824951,13.821472,0.6587655,-1,-1,-1
260,3313,633.22363,233.79977,8.790344,10.063141,0.5629441,-1,-1,-1
260,3338,600.24384,310.714,11.603149,14.457611,0.5124905,-1,-1,-1
260,3349,646.53955,208.24925,8.750366,10.234131,0.4970154,-1,-1,-1
260,3371,615.5083,313.45306,9.604126,14.141846,0.42593354,-1,-1,-1
260,3174,660.8412,341.1127,12.275635,16.147034,0.37120074,-1,-1,-1
260,3364,771.3063,336.5699,15.913879,16.653198,0.6266835,-1,-1,-1
260,3171,711.0958,318.0408,12.315857,15.368591,0.6449985,-1,-1,-1
261,2908,644.609,282.75198,9.940674,12.241577,0.61997247,-1,-1,-1
261,2460,664.2115,290.67432,10.941956,13.615356,0.7822755,-1,-1,-1
261,3148,671.98517,307.0939,10.689392,14.520416,0.75809395,-1,-1,-1
261,3154,660.88184,275.12384,11.131165,13.81604,0.6296585,-1,-1,-1
261,3159,649.0578,295.55338,9.835693,13.993164,0.7325952,-1,-1,-1
261,3157,612.48505,286.73145,9.488647,12.080597,0.8311591,-1,-1,-1
261,3234,613.8486,319.194,11.391785,20.687134,0.6750939,-1,-1,-1
261,3323,656.42303,230.7357,7.9733276,9.631439,0.64229155,-1,-1,-1
261,3306,656.16797,309.47568,10.973328,13.264374,0.7838838,-1,-1,-1
261,3150,677.81335,327.92975,12.014893,16.083557,0.680189,-1,-1,-1
261,3312,658.43536,323.7016,10.891052,13.595703,0.6986958,-1,-1,-1
261,3158,658.68176,256.2701,8.682617,10.549255,0.714052,-1,-1,-1
261,3216,687.77496,263.8982,11.216858,13.585602,0.6983853,-1,-1,-1
261,3160,688.24664,304.307,11.794617,13.8172,0.78482926,-1,-1,-1
261,3313,633.25256,234.1822,8.69928,9.919983,0.54880947,-1,-1,-1
261,3338,599.9597,310.66824,11.7456665,14.6024475,0.5717596,-1,-1,-1
261,3349,646.5828,208.40796,8.678833,10.286163,0.43372497,-1,-1,-1
261,3371,615.3973,313.36948,9.748291,14.165924,0.37922326,-1,-1,-1
261,3174,660.8984,340.62003,12.254639,16.373352,0.3160081,-1,-1,-1
261,3364,771.17645,335.2344,15.82196,17.212463,0.67823416,-1,-1,-1
261,3171,711.53284,318.32492,12.440491,15.500702,0.538162,-1,-1,-1
261,2777,657.5441,268.8717,9.531799,10.984192,0.26088485,-1,-1,-1
262,2908,644.6866,282.9139,9.733459,11.592224,0.6757165,-1,-1,-1
262,2460,664.2944,290.46988,11.005981,13.519989,0.77963775,-1,-1,-1
262,3148,672.06415,306.93716,10.5425415,14.485718,0.75670326,-1,-1,-1
262,3154,660.44916,275.00668,11.3125,13.602661,0.6335221,-1,-1,-1
262,3159,648.9848,294.87354,9.86908,14.204285,0.7230762,-1,-1,-1
262,3157,612.459,286.45935,9.382263,12.001678,0.834026,-1,-1,-1
262,3234,613.9155,319.2233,11.299133,20.086426,0.6971134,-1,-1,-1
262,3323,656.36005,230.7452,7.9260254,9.637497,0.64549947,-1,-1,-1
262,3306,656.2498,309.20847,10.910706,13.220764,0.77515197,-1,-1,-1
262,3150,677.905,327.84918,12.007935,15.83374,0.6581137,-1,-1,-1
262,3312,658.6134,323.31204,10.781921,13.831268,0.70225537,-1,-1,-1
262,3158,658.6359,255.6695,8.663452,10.74765,0.730555,-1,-1,-1
262,3216,687.92456,264.14337,11.491638,13.59433,0.63836145,-1,-1,-1
262,3160,688.56256,304.4428,11.565552,13.854614,0.7893945,-1,-1,-1
262,3313,633.19403,234.3964,8.659607,9.855942,0.62735033,-1,-1,-1
262,3338,600.2945,310.73544,11.392212,14.293945,0.5392979,-1,-1,-1
262,3349,646.5557,208.64914,8.660339,10.118317,0.45051023,-1,-1,-1
262,3371,615.3968,312.98825,9.769714,14.4953,0.3749753,-1,-1,-1
262,3174,660.7629,340.46884,12.671997,16.300934,0.31894186,-1,-1,-1
262,3364,770.9163,334.27185,16.232788,17.584747,0.586851,-1,-1,-1
262,3171,711.9453,318.57,12.760132,15.681122,0.63498926,-1,-1,-1
262,3397,831.1528,507.49203,23.505005,26.473297,0.44494376,-1,-1,-1
262,2777,657.55237,268.01495,9.466492,11.097534,0.39340028,-1,-1,-1
262,3380,580.9828,283.0246,10.107239,9.960815,0.6214328,-1,-1,-1
263,2908,644.5673,282.39746,9.947998,11.668213,0.658586,-1,-1,-1
263,2460,664.21954,290.1805,11.215637,13.641876,0.7812941,-1,-1,-1
263,3148,672.1044,306.44498,10.696899,14.666351,0.76034373,-1,-1,-1
263,3154,660.2147,274.53607,11.550049,13.835632,0.64907354,-1,-1,-1
263,3159,648.6269,294.58987,10.202332,14.327972,0.7085656,-1,-1,-1
263,3157,612.3918,286.06613,9.450989,11.833069,0.8175584,-1,-1,-1
263,3234,613.93195,319.19785,11.420532,19.729736,0.7274705,-1,-1,-1
263,3323,656.3248,230.6379,7.906555,9.710175,0.6713862,-1,-1,-1
263,3306,656.3358,308.7164,10.898071,13.329102,0.77053124,-1,-1,-1
263,3150,677.71655,327.6896,12.188782,15.823517,0.6126157,-1,-1,-1
263,3312,658.579,322.7705,11.002258,14.255066,0.69278896,-1,-1,-1
263,3158,658.63654,255.40096,8.777039,11.037552,0.7348541,-1,-1,-1
263,3216,688.0355,264.48468,11.639221,13.465271,0.5462725,-1,-1,-1
263,3160,688.8944,304.73004,11.401306,13.758636,0.6761224,-1,-1,-1
263,3313,633.13226,234.59279,8.609558,9.75322,0.64059234,-1,-1,-1
263,3338,600.6053,309.38806,11.351257,15.126312,0.63118017,-1,-1,-1
263,3349,646.6118,208.70354,8.629578,10.077393,0.52016073,-1,-1,-1
263,3364,770.55524,333.48746,16.493164,17.612915,0.46631035,-1,-1,-1
263,3171,712.4956,318.69843,12.879272,15.917816,0.6546132,-1,-1,-1
263,3397,831.04047,506.53275,23.94806,26.694916,0.40652025,-1,-1,-1
263,2777,657.7072,267.92264,9.542847,10.9730835,0.28799695,-1,-1,-1
263,3399,663.1984,208.44743,8.508545,10.006287,0.42297193,-1,-1,-1
263,3380,581.2744,282.48703,9.773926,9.822266,0.37267932,-1,-1,-1
264,2908,644.5502,281.6612,10.042358,11.980469,0.7075837,-1,-1,-1
264,2460,664.2553,290.03024,11.240845,13.597656,0.7748961,-1,-1,-1
264,3148,672.1166,306.18317,10.759644,14.833557,0.77366453,-1,-1,-1
264,3154,660.0559,273.74057,11.6223755,14.294647,0.63685787,-1,-1,-1
264,3159,648.57794,294.36908,10.280457,14.292145,0.71887743,-1,-1,-1
264,3157,612.44574,285.82507,9.394836,11.769043,0.8125552,-1,-1,-1
264,3234,614.07104,318.93835,11.367065,19.726288,0.7442336,-1,-1,-1
264,3323,656.22644,230.49147,7.9698486,9.821793,0.67440933,-1,-1,-1
264,3306,656.1859,308.2882,11.004211,13.571136,0.758505,-1,-1,-1
264,3150,677.60315,327.57935,12.393738,15.883911,0.60769683,-1,-1,-1
264,3312,658.5234,322.30844,11.163696,14.657043,0.6585932,-1,-1,-1
264,3158,658.6628,255.20718,8.700562,10.842194,0.73101133,-1,-1,-1
264,3216,687.9744,264.66605,11.877991,13.476501,0.52890646,-1,-1,-1
264,3160,688.8489,305.01117,11.486938,13.837799,0.6188666,-1,-1,-1
264,3313,633.0824,234.64542,8.562988,9.783997,0.634674,-1,-1,-1
264,3338,600.93036,308.83334,11.067078,15.763306,0.6522436,-1,-1,-1
264,3349,646.5481,208.7339,8.61908,10.115494,0.5240821,-1,-1,-1
264,3364,770.2884,332.39532,16.233826,17.76242,0.5497988,-1,-1,-1
264,3171,712.7896,318.9853,13.216736,16.13916,0.7887031,-1,-1,-1
264,3397,830.7848,505.27695,24.84076,27.393524,0.3497034,-1,-1,-1
264,2777,657.8947,267.92136,9.567566,11.0234375,0.2508254,-1,-1,-1
264,3399,663.30585,208.64125,8.618164,10.023529,0.47842368,-1,-1,-1
264,3380,581.73773,281.7926,9.319946,9.888702,0.29873195,-1,-1,-1
264,3174,660.8483,340.2091,13.079956,16.22882,0.26313055,-1,-1,-1
265,2908,644.792,281.3756,10.008667,11.93161,0.748859,-1,-1,-1
265,2460,664.53174,289.64935,11.166199,13.576508,0.7674642,-1,-1,-1
265,3148,672.1843,306.07617,10.89209,14.838043,0.76903844,-1,-1,-1
265,3154,660.2057,273.0367,11.86853,14.496155,0.60425323,-1,-1,-1
265,3159,648.78973,294.17212,10.309143,13.995453,0.7368554,-1,-1,-1
265,3157,612.4302,285.59387,9.437866,11.764069,0.8161459,-1,-1,-1
265,3234,614.1203,318.97333,11.252258,19.613525,0.72730225,-1,-1,-1
265,3323,656.4187,230.43108,8.0047,9.85968,0.6642711,-1,-1,-1
265,3306,656.3741,307.99658,10.871948,13.507477,0.7240501,-1,-1,-1
265,3150,677.4479,327.14978,12.865723,16.097198,0.5946492,-1,-1,-1
265,3312,658.5718,321.51175,11.212769,15.172455,0.62036604,-1,-1,-1
265,3158,658.8573,254.77269,8.726501,10.776352,0.7528413,-1,-1,-1
265,3216,688.5867,265.26913,11.586731,12.925842,0.5264258,-1,-1,-1
265,3160,689.28094,305.3177,11.426636,13.8688965,0.6166832,-1,-1,-1
265,3313,633.14685,234.8503,8.518433,9.765198,0.55566716,-1,-1,-1
265,3338,600.3604,308.58588,11.312134,15.422974,0.7087204,-1,-1,-1
265,3349,646.6711,208.9071,8.658813,10.025711,0.4620563,-1,-1,-1
265,3364,770.3842,331.5428,15.796875,17.25061,0.5445346,-1,-1,-1
265,3171,713.44165,319.20746,13.07428,16.193542,0.7364954,-1,-1,-1
265,2777,658.0845,267.71045,9.669556,10.744873,0.30177945,-1,-1,-1
265,3399,663.59204,209.0716,8.793762,9.853287,0.43599218,-1,-1,-1
265,3380,581.81744,281.22235,9.587219,9.88913,0.5850618,-1,-1,-1
266,2908,644.72644,281.02127,10.098755,11.915527,0.6439103,-1,-1,-1
266,2460,664.5139,289.1868,11.238953,13.645416,0.77108383,-1,-1,-1
266,3148,672.13965,305.93814,11.010986,14.933441,0.7758606,-1,-1,-1
266,3154,660.26306,272.90222,12.01123,14.218872,0.61735743,-1,-1,-1
266,3159,648.86536,293.68454,10.377319,14.112366,0.7465708,-1,-1,-1
266,3157,612.3864,285.37857,9.432434,11.846497,0.822193,-1,-1,-1
266,3234,614.1099,319.32956,11.305603,19.329437,0.7377623,-1,-1,-1
266,3323,656.42596,230.41412,8.054016,9.853943,0.65897924,-1,-1,-1
266,3306,656.4195,307.82327,10.732666,13.647949,0.7161085,-1,-1,-1
266,3150,677.3376,326.71805,13.002319,16.211304,0.57277787,-1,-1,-1
266,3312,658.6588,321.14197,11.236328,15.457672,0.59791267,-1,-1,-1
266,3158,658.7951,254.4085,8.809204,10.73735,0.75143695,-1,-1,-1
266,3216,688.7275,265.22952,11.532959,12.977844,0.68833196,-1,-1,-1
266,3160,689.40753,305.4882,11.536804,14.095032,0.4370281,-1,-1,-1
266,3313,633.12134,234.90884,8.526367,9.747589,0.58506066,-1,-1,-1
266,3338,600.41614,308.56097,11.017456,15.099548,0.73500127,-1,-1,-1
266,3349,646.6763,209.08981,8.646851,9.898529,0.50276315,-1,-1,-1
266,3364,770.1501,330.65878,15.510925,17.19455,0.50990295,-1,-1,-1
266,3171,713.82544,319.2217,13.299072,16.587585,0.6329008,-1,-1,-1
266,2777,658.0858,267.18024,9.68042,10.713348,0.39118877,-1,-1,-1
266,3399,663.7097,209.41002,8.7229,9.739258,0.44981012,-1,-1,-1
266,3380,581.78503,280.58273,9.688538,9.892639,0.3268162,-1,-1,-1
267,2908,644.67615,280.25824,10.242126,12.3758545,0.6340976,-1,-1,-1
267,2460,664.44525,288.88022,11.287842,13.689148,0.7756566,-1,-1,-1
267,3148,672.2405,305.80502,11.029663,14.960724,0.77618366,-1,-1,-1
267,3154,660.4519,273.07846,11.971191,13.668976,0.5780377,-1,-1,-1
267,3159,649.0288,293.51056,10.337402,13.977325,0.75197774,-1,-1,-1
267,3157,612.42725,285.16458,9.417847,11.893768,0.8125863,-1,-1,-1
267,3234,614.0863,319.3641,11.441101,19.157928,0.74089456,-1,-1,-1
267,3323,656.41736,230.37257,8.106812,9.91861,0.65305066,-1,-1,-1
267,3306,656.4771,307.35114,10.65918,13.780457,0.7122443,-1,-1,-1
267,3150,677.5755,326.54337,12.598572,15.877441,0.5461246,-1,-1,-1
267,3312,658.8461,321.0838,11.104919,15.441956,0.538832,-1,-1,-1
267,3158,658.8702,254.29982,8.899048,10.679031,0.7497957,-1,-1,-1
267,3216,688.9785,265.44495,11.582092,12.913818,0.6861064,-1,-1,-1
267,3160,689.749,305.88947,11.720398,14.306335,0.4347013,-1,-1,-1
267,3313,633.1915,235.0185,8.489746,9.751541,0.6170839,-1,-1,-1
267,3338,601.18414,308.56085,10.625,14.82782,0.70262575,-1,-1,-1
267,3349,646.5474,209.10233,8.767517,9.9823,0.51392674,-1,-1,-1
267,3364,769.93787,330.14505,15.1922,16.515656,0.34314826,-1,-1,-1
267,3171,714.1384,319.93665,13.535217,16.393005,0.5787356,-1,-1,-1
267,2777,658.2242,266.75623,9.716003,10.800903,0.4483055,-1,-1,-1
267,3399,663.9749,209.6243,8.863953,9.787003,0.45163116,-1,-1,-1
267,3387,643.6745,265.72153,8.998291,12.349304,0.35530496,-1,-1,-1
268,2908,644.64935,279.77313,10.289429,12.586334,0.63481885,-1,-1,-1
268,2460,664.437,288.66986,11.343689,13.713379,0.7712013,-1,-1,-1
268,3148,672.3669,305.58005,11.078308,14.97052,0.7592875,-1,-1,-1
268,3154,660.7382,272.8726,11.928223,13.52948,0.5669654,-1,-1,-1
268,3159,649.15765,293.33685,10.231201,13.611694,0.76385695,-1,-1,-1
268,3157,612.43414,284.9896,9.399536,11.893646,0.80792713,-1,-1,-1
268,3234,614.16296,319.46277,11.358643,18.949127,0.7288199,-1,-1,-1
268,3323,656.48535,230.36685,8.109985,9.947372,0.61418116,-1,-1,-1
268,3306,656.63293,307.13245,10.708923,13.727814,0.6816616,-1,-1,-1
268,3150,677.76886,326.2896,12.447205,15.802673,0.5524704,-1,-1,-1
268,3312,658.92377,320.85934,11.14209,15.370697,0.5204046,-1,-1,-1
268,3158,658.9787,254.16406,8.980225,10.719238,0.7416338,-1,-1,-1
268,3216,689.4466,266.00107,11.598694,12.541199,0.34185964,-1,-1,-1
268,3160,689.9854,305.87744,11.887268,14.6848755,0.49473593,-1,-1,-1
268,3313,633.2152,234.99281,8.496887,9.898804,0.63823724,-1,-1,-1
268,3338,601.19275,308.45837,10.849365,14.623077,0.6933951,-1,-1,-1
268,3349,646.497,209.32065,8.800781,9.924469,0.44569588,-1,-1,-1
268,3364,769.6243,329.32498,15.232788,16.40924,0.4116591,-1,-1,-1
268,3171,714.40985,320.52124,13.739624,16.35257,0.38375396,-1,-1,-1
268,2777,658.4406,266.51935,9.75354,11.165863,0.41501588,-1,-1,-1
268,3399,664.4696,209.88348,8.914795,9.737869,0.34173632,-1,-1,-1
268,3387,643.9175,265.529,8.94458,12.497498,0.38833594,-1,-1,-1
268,3380,582.5066,279.40073,9.063538,9.700958,0.35795888,-1,-1,-1
269,2908,644.4633,278.8397,10.456726,13.183716,0.6674504,-1,-1,-1
269,2460,664.2659,288.48178,11.403748,13.619843,0.7653899,-1,-1,-1
269,3148,672.391,305.1081,11.474365,15.124451,0.7666859,-1,-1,-1
269,3154,660.5754,271.72406,12.053406,14.317657,0.5670923,-1,-1,-1
269,3159,649.0575,292.92615,10.325684,13.691803,0.77768326,-1,-1,-1
269,3157,612.3003,284.77496,9.553589,11.899841,0.8012469,-1,-1,-1
269,3234,613.866,319.76926,11.580139,18.558258,0.72654593,-1,-1,-1
269,3323,656.424,230.29944,8.101135,9.953735,0.6211552,-1,-1,-1
269,3306,656.7377,307.1086,10.845642,13.371979,0.6794575,-1,-1,-1
269,3150,678.05695,325.76382,12.358215,15.979523,0.5324854,-1,-1,-1
269,3312,658.91876,320.5845,11.272705,15.271423,0.49440885,-1,-1,-1
269,3158,658.90576,253.88593,9.000549,10.745453,0.7618068,-1,-1,-1
269,3216,689.67505,265.86212,11.874939,12.883392,0.5702939,-1,-1,-1
269,3313,633.0438,235.06526,8.558105,9.915665,0.65780014,-1,-1,-1
269,3338,600.77203,308.0782,11.142334,14.854187,0.7226677,-1,-1,-1
269,3349,646.313,209.34402,8.90802,9.973618,0.504717,-1,-1,-1
269,3364,769.53827,328.18262,15.048645,16.42929,0.51465195,-1,-1,-1
269,3171,714.77563,320.6068,14.047607,16.609344,0.47487092,-1,-1,-1
269,2777,658.53876,266.6084,9.98114,11.690369,0.32188952,-1,-1,-1
269,3399,664.54816,210.27591,8.733398,9.52301,0.3730078,-1,-1,-1
269,3387,643.9222,265.2551,8.943237,12.78952,0.38701996,-1,-1,-1
269,3380,582.5485,278.77002,9.102783,9.674744,0.5909927,-1,-1,-1
270,2908,644.4951,278.21185,10.462463,13.671631,0.72145087,-1,-1,-1
270,2460,664.1587,288.07324,11.622009,13.856445,0.76868534,-1,-1,-1
270,3148,672.3305,304.88968,11.663757,15.04126,0.7575328,-1,-1,-1
270,3154,660.4469,270.93634,12.246826,14.770386,0.61282456,-1,-1,-1
270,3159,648.9964,292.51074,10.464966,13.608612,0.7929956,-1,-1,-1
270,3157,612.22125,284.6971,9.66095,11.788483,0.79506916,-1,-1,-1
270,3234,613.6845,319.56247,11.790039,18.29242,0.7216792,-1,-1,-1
270,3323,656.44434,230.38594,8.036316,9.890106,0.66099817,-1,-1,-1
270,3306,656.56976,306.65787,11.126709,13.281311,0.6624635,-1,-1,-1
270,3150,678.1486,325.40247,12.540039,16.207611,0.55601466,-1,-1,-1
270,3312,659.04224,320.72324,11.082336,14.82254,0.3762157,-1,-1,-1
270,3158,658.8708,253.70366,8.942688,10.775406,0.7738935,-1,-1,-1
270,3216,689.7454,265.6351,12.24054,13.297089,0.5919467,-1,-1,-1
270,3313,632.9637,235.1828,8.607117,9.865829,0.64360845,-1,-1,-1
270,3338,600.5824,307.7639,11.3349,14.556183,0.7093098,-1,-1,-1
270,3349,646.26996,209.53108,9.028442,10.018448,0.5252115,-1,-1,-1
270,3364,769.0956,327.0714,15.106384,16.239899,0.61428034,-1,-1,-1
270,3171,715.1781,320.69308,14.04895,16.57846,0.4610315,-1,-1,-1
270,3399,664.64844,210.39479,8.882263,9.577911,0.3455438,-1,-1,-1
270,3387,643.9527,265.0445,8.835449,12.730835,0.45382744,-1,-1,-1
270,3380,582.91907,278.23077,9.09375,9.594116,0.27340707,-1,-1,-1
271,2908,644.5976,278.05988,10.307068,13.805176,0.72296196,-1,-1,-1
271,2460,664.14465,287.79788,11.715393,14.007172,0.7603342,-1,-1,-1
271,3148,672.2082,304.62305,11.811523,15.105896,0.755506,-1,-1,-1
271,3154,660.71606,271.48666,12.05481,14.11618,0.6203139,-1,-1,-1
271,3159,648.97217,292.23026,10.516052,13.509277,0.7886058,-1,-1,-1
271,3157,612.19635,284.2471,9.701172,11.993042,0.7947105,-1,-1,-1
271,3234,613.56604,319.076,11.820557,18.51529,0.71479803,-1,-1,-1
271,3323,656.42554,230.44307,8.042297,9.869049,0.6321178,-1,-1,-1
271,3306,656.5385,306.0535,11.085876,13.306946,0.6346079,-1,-1,-1
271,3150,678.2453,324.9212,12.474976,16.529816,0.59026635,-1,-1,-1
271,3312,659.0439,320.63235,10.967407,14.612122,0.39916214,-1,-1,-1
271,3158,658.8793,253.75536,8.933411,10.569199,0.7574117,-1,-1,-1
271,3216,689.8625,265.5213,12.524353,13.546661,0.57720566,-1,-1,-1
271,3313,632.84045,235.25768,8.672058,9.920349,0.60144454,-1,-1,-1
271,3338,600.5013,307.22955,11.3289795,14.646088,0.69727564,-1,-1,-1
271,3349,646.29425,209.75551,9.104919,10.046692,0.50272816,-1,-1,-1
271,3364,768.7165,326.29617,15.136108,16.275665,0.5155014,-1,-1,-1
271,3171,715.5968,320.85764,14.039307,16.676605,0.60473657,-1,-1,-1
271,3399,664.7847,210.60556,8.980591,9.687912,0.2740906,-1,-1,-1
271,3387,643.9225,264.68234,8.694702,12.515045,0.4644893,-1,-1,-1
271,2777,657.899,265.73294,10.173157,12.130035,0.3679979,-1,-1,-1
272,2908,644.68933,277.58292,10.273376,14.226135,0.75849056,-1,-1,-1
272,2460,664.09656,287.48975,11.852051,14.248688,0.75852454,-1,-1,-1
272,3148,672.2533,304.4434,11.789307,15.191284,0.7643475,-1,-1,-1
272,3154,660.6555,271.2343,11.991577,14.143646,0.6655329,-1,-1,-1
272,3159,649.0235,292.09088,10.473389,13.454346,0.7919892,-1,-1,-1
272,3157,612.10815,283.94046,9.701294,12.154053,0.78627175,-1,-1,-1
272,3234,613.45026,318.85388,11.841248,18.552002,0.6914831,-1,-1,-1
272,3323,656.44037,230.48882,7.975342,9.849274,0.6422905,-1,-1,-1
272,3306,656.58575,305.62808,10.988098,13.404999,0.6421722,-1,-1,-1
272,3150,678.82404,324.63196,12.417786,16.974518,0.48940852,-1,-1,-1
272,3312,659.0181,320.01617,11.203857,14.921082,0.39805463,-1,-1,-1
272,3158,658.8842,253.81322,8.922485,10.39534,0.7790136,-1,-1,-1
272,3216,690.4,265.40482,12.337097,13.760162,0.4477363,-1,-1,-1
272,3313,632.76917,235.38571,8.667847,9.976746,0.6000586,-1,-1,-1
272,3338,600.54205,307.00354,11.205505,14.748901,0.719181,-1,-1,-1
272,3349,646.3004,209.99585,8.988464,10.056992,0.55306333,-1,-1,-1
272,3364,768.37317,325.3823,15.240906,16.363129,0.49979874,-1,-1,-1
272,3171,716.24884,321.20627,13.6698,16.878387,0.63597393,-1,-1,-1
272,3387,643.89545,264.48865,8.532532,12.07135,0.50895834,-1,-1,-1
272,2777,657.75836,265.68616,10.15625,12.217224,0.31668967,-1,-1,-1
272,3160,691.35693,306.80893,11.712158,15.120819,0.27004698,-1,-1,-1
272,3380,583.43256,276.8104,9.455261,9.3055725,0.27250752,-1,-1,-1
273,2908,644.7372,276.69452,10.35791,14.97818,0.7684034,-1,-1,-1
273,2460,664.169,287.28214,11.941895,14.286377,0.7512848,-1,-1,-1
273,3148,672.365,304.15768,11.721924,15.027863,0.7626082,-1,-1,-1
273,3154,660.55853,270.69086,12.202637,14.46936,0.66554725,-1,-1,-1
273,3159,648.91534,291.93964,10.585876,13.454041,0.7921284,-1,-1,-1
273,3157,612.0229,283.90826,9.685547,12.093842,0.79680717,-1,-1,-1
273,3234,613.4792,318.1388,11.94397,18.991272,0.6891579,-1,-1,-1
273,3323,656.3816,230.39386,8.025085,9.929169,0.6374444,-1,-1,-1
273,3306,656.36597,305.03714,11.242554,13.706512,0.7099584,-1,-1,-1
273,3150,678.9058,324.51114,12.362549,17.114777,0.47507498,-1,-1,-1
273,3312,659.0644,319.54266,11.248291,15.053925,0.28414312,-1,-1,-1
273,3158,658.9085,253.8329,8.989441,10.303055,0.75317144,-1,-1,-1
273,3216,690.75415,265.5525,12.164124,13.6683655,0.5516735,-1,-1,-1
273,3313,632.79443,235.44662,8.716553,10.08429,0.6270716,-1,-1,-1
273,3338,600.5741,306.4466,11.159241,14.861023,0.6723945,-1,-1,-1
273,3349,646.3099,210.03058,8.888611,10.119965,0.53280747,-1,-1,-1
273,3364,767.97485,324.4005,15.483215,16.872711,0.6381939,-1,-1,-1
273,3171,716.8946,321.1046,13.36377,17.208801,0.50501263,-1,-1,-1
273,3387,643.9169,264.09174,8.494385,11.763855,0.41260248,-1,-1,-1
273,2777,657.6326,265.50732,10.44574,12.63559,0.44518209,-1,-1,-1
273,3160,691.63,307.23007,11.771118,15.218384,0.36979237,-1,-1,-1
274,2908,644.83826,276.24994,10.302002,15.172668,0.7693599,-1,-1,-1
274,2460,664.35364,287.10193,11.971436,14.348541,0.7577793,-1,-1,-1
274,3148,672.5912,303.8582,11.649597,14.898193,0.7527308,-1,-1,-1
274,3154,660.56976,270.41144,12.237793,14.533905,0.7051309,-1,-1,-1
274,3159,648.9062,291.64456,10.65918,13.520355,0.7881791,-1,-1,-1
274,3157,612.0441,283.73404,9.56427,12.157288,0.8026287,-1,-1,-1
274,3234,613.593,317.5448,11.976257,18.900665,0.67315763,-1,-1,-1
274,3323,656.39685,230.41566,7.970398,9.911133,0.62913597,-1,-1,-1
274,3306,656.3219,304.82114,11.218567,13.651489,0.7504735,-1,-1,-1
274,3150,678.987,324.22705,12.434692,17.292603,0.5840849,-1,-1,-1
274,3158,658.9153,253.64897,8.948425,10.278,0.74301195,-1,-1,-1
274,3216,691.08624,265.709,12.161133,13.805298,0.58612704,-1,-1,-1
274,3313,632.69653,235.56213,8.8396,10.07634,0.6509446,-1,-1,-1
274,3338,600.767,305.58618,11.0224,14.927124,0.58673656,-1,-1,-1
274,3349,646.302,210.23967,8.7854,10.0466,0.5584641,-1,-1,-1
274,3171,717.4585,321.00592,12.99939,17.668457,0.47789916,-1,-1,-1
274,3387,643.8505,263.68405,8.360657,11.345062,0.36519706,-1,-1,-1
274,2777,657.73145,265.45288,10.251282,12.260071,0.5057111,-1,-1,-1
274,3160,692.06976,307.77197,11.66803,14.970978,0.3522155,-1,-1,-1
274,3371,615.85895,308.0169,9.292603,13.73053,0.36811772,-1,-1,-1
274,3399,665.45953,211.56767,8.942322,9.810822,0.2880138,-1,-1,-1
275,2908,644.97797,276.2384,10.262695,15.078827,0.7583228,-1,-1,-1
275,2460,664.5268,287.11804,11.946838,14.198853,0.762267,-1,-1,-1
275,3148,672.6883,303.76398,11.703796,14.642426,0.72206604,-1,-1,-1
275,3154,660.6625,270.36008,12.4053955,14.445831,0.70548254,-1,-1,-1
275,3159,648.85004,291.4566,10.68634,13.474701,0.78145015,-1,-1,-1
275,3157,612.2221,283.47238,9.599304,12.2612,0.802953,-1,-1,-1
275,3234,613.7643,316.96634,11.815613,18.842102,0.68098783,-1,-1,-1
275,3323,656.3511,230.49727,7.93573,9.8433075,0.616181,-1,-1,-1
275,3306,656.3201,304.69403,11.134399,13.628265,0.75648296,-1,-1,-1
275,3150,679.01526,323.98877,12.759888,17.109955,0.6216872,-1,-1,-1
275,3158,658.8814,253.36967,9.0685425,10.364975,0.7641716,-1,-1,-1
275,3216,691.31854,265.89096,12.326538,13.879883,0.65686166,-1,-1,-1
275,3313,632.68066,235.85738,8.835754,9.928833,0.59780645,-1,-1,-1
275,3338,600.9627,305.52512,10.7282715,14.56955,0.63352764,-1,-1,-1
275,3349,646.25165,210.48412,8.751465,10.04953,0.5109724,-1,-1,-1
275,3171,717.6938,321.1991,12.993103,17.769226,0.5800738,-1,-1,-1
275,3387,643.77136,263.27344,8.390686,11.651733,0.40660724,-1,-1,-1
275,2777,657.71814,265.36548,10.224365,11.640839,0.52358794,-1,-1,-1
275,3160,692.11957,308.1847,12.115967,14.840057,0.3101069,-1,-1,-1
275,3371,615.7024,308.03232,9.412964,13.884827,0.36554602,-1,-1,-1
275,3399,665.65436,211.96207,8.796814,9.683731,0.27380255,-1,-1,-1
275,3312,659.12225,319.20407,11.376099,14.855743,0.25518957,-1,-1,-1
275,3364,767.1268,322.51608,15.233765,16.714294,0.315839,-1,-1,-1
276,2908,644.98267,276.03665,10.397278,15.195831,0.73938787,-1,-1,-1
276,2460,664.68677,287.1189,11.806641,14.038147,0.7756758,-1,-1,-1
276,3148,672.7086,303.78082,11.713379,14.377228,0.72872,-1,-1,-1
276,3154,660.6474,270.14203,12.607178,14.583954,0.70848805,-1,-1,-1
276,3159,648.90375,291.20953,10.671692,13.543701,0.7832877,-1,-1,-1
276,3157,612.2333,283.21,9.688904,12.300354,0.8070272,-1,-1,-1
276,3234,613.83405,315.76086,11.832764,19.731415,0.6875573,-1,-1,-1
276,3323,656.3259,230.64975,7.9659424,9.7621765,0.6064741,-1,-1,-1
276,3306,656.3991,304.4577,11.078247,13.715729,0.77011174,-1,-1,-1
276,3150,678.9544,323.91418,12.858643,16.674377,0.6118713,-1,-1,-1
276,3158,658.913,253.27806,9.155884,10.320175,0.7442538,-1,-1,-1
276,3216,691.46173,266.07794,12.501221,13.835358,0.60319614,-1,-1,-1
276,3313,632.6476,236.21057,8.822693,9.868027,0.59985584,-1,-1,-1
276,3338,601.15967,305.16144,10.669617,14.219269,0.6099748,-1,-1,-1
276,3349,646.17175,210.76317,8.841614,10.065399,0.5197617,-1,-1,-1
276,3171,717.7058,321.9842,13.257446,17.281311,0.4661214,-1,-1,-1
276,3387,643.6974,263.11487,8.440002,11.633759,0.4298152,-1,-1,-1
276,2777,657.69763,265.1306,10.332825,11.574738,0.522718,-1,-1,-1
276,3160,692.2047,308.62805,12.524292,14.743683,0.28536865,-1,-1,-1
276,3371,615.69666,307.7459,9.478638,15.038422,0.41157144,-1,-1,-1
276,3312,659.095,319.06085,11.419128,14.824066,0.27481887,-1,-1,-1
276,3364,766.8882,321.39075,15.217529,17.13556,0.5532406,-1,-1,-1
277,2908,644.97015,276.15652,10.343262,14.892456,0.7124321,-1,-1,-1
277,2460,664.7036,287.09845,11.668396,13.943756,0.7901466,-1,-1,-1
277,3148,672.67444,303.64346,11.863098,14.372681,0.7174285,-1,-1,-1
277,3154,660.5446,269.76294,12.542297,14.781525,0.7169669,-1,-1,-1
277,3159,649.0454,291.00787,10.553467,13.597076,0.78240275,-1,-1,-1
277,3157,612.1296,282.9859,9.770386,12.22876,0.8057369,-1,-1,-1
277,3234,613.74005,314.51355,11.976379,20.674896,0.6913773,-1,-1,-1
277,3323,656.2064,230.71307,7.944214,9.725647,0.58976346,-1,-1,-1
277,3306,656.4026,304.18536,11.098145,13.86264,0.79332936,-1,-1,-1
277,3150,678.98334,323.55765,12.965393,16.367493,0.6573565,-1,-1,-1
277,3158,658.84424,253.16016,9.215637,10.155365,0.74776745,-1,-1,-1
277,3216,691.6055,266.05936,12.380188,13.891602,0.706156,-1,-1,-1
277,3313,632.5558,236.39493,8.78656,9.907288,0.6277881,-1,-1,-1
277,3338,601.20416,305.27597,10.653381,13.788971,0.5809242,-1,-1,-1
277,3349,646.18225,210.89676,8.763062,9.987213,0.55384934,-1,-1,-1
277,3171,717.7896,322.55496,13.482727,17.021118,0.617243,-1,-1,-1
277,3387,643.6389,262.9614,8.434387,11.661041,0.4789314,-1,-1,-1
277,2777,657.6647,265.07083,10.4314575,11.782928,0.54081774,-1,-1,-1
277,3160,692.33795,309.23434,12.653137,14.583282,0.4702765,-1,-1,-1
277,3371,615.55286,307.65155,9.688232,16.031006,0.43104455,-1,-1,-1
277,3312,658.96844,318.7878,11.532043,14.843872,0.38285574,-1,-1,-1
277,3364,766.6594,320.4293,14.825806,16.664764,0.5563245,-1,-1,-1
278,2908,644.92145,276.36795,10.380432,14.200775,0.68292904,-1,-1,-1
278,2460,664.79926,286.86594,11.59491,13.824768,0.78740925,-1,-1,-1
278,3148,672.8178,303.0878,11.670593,14.58963,0.7169856,-1,-1,-1
278,3154,660.7291,269.56625,12.47583,14.889496,0.72103494,-1,-1,-1
278,3159,649.0751,290.76617,10.576721,13.663605,0.7738292,-1,-1,-1
278,3157,612.1887,282.60162,9.797241,12.162598,0.8098031,-1,-1,-1
278,3234,613.7182,313.7575,12.097412,21.023438,0.69151056,-1,-1,-1
278,3323,656.1883,230.66774,7.9313965,9.745728,0.50508064,-1,-1,-1
278,3306,656.52936,304.17334,11.116211,13.799957,0.7709902,-1,-1,-1
278,3150,678.9464,323.29108,13.338928,16.511383,0.6423676,-1,-1,-1
278,3158,658.84393,253.10017,9.270447,10.234146,0.67552173,-1,-1,-1
278,3216,691.7394,265.9089,12.205566,14.098022,0.74696314,-1,-1,-1
278,3313,632.52405,236.55536,8.831604,9.988098,0.5970025,-1,-1,-1
278,3338,601.1675,305.2862,10.621704,13.67099,0.56189996,-1,-1,-1
278,3349,646.13745,210.96072,8.770752,10.032379,0.55225486,-1,-1,-1
278,3171,718.1336,322.5506,13.886963,17.331177,0.48412523,-1,-1,-1
278,3387,643.67,263.01602,8.612976,12.4253235,0.47390354,-1,-1,-1
278,2777,657.7583,265.006,10.439636,11.096008,0.48423836,-1,-1,-1
278,3160,692.56494,309.42087,12.693237,14.71936,0.53669256,-1,-1,-1
278,3371,615.40247,307.64114,9.980469,16.286865,0.3944993,-1,-1,-1
278,3312,658.9135,318.58255,11.609497,14.735443,0.35694405,-1,-1,-1
278,3364,766.4026,319.76178,14.582397,16.416443,0.5178464,-1,-1,-1
279,2908,644.982,276.08185,10.425964,13.800049,0.635856,-1,-1,-1
279,2460,664.8997,286.42365,11.715698,13.865234,0.78040713,-1,-1,-1
279,3148,672.8629,302.93668,11.69104,14.558929,0.7119841,-1,-1,-1
279,3154,661.0216,269.5897,12.3984375,14.744751,0.70879436,-1,-1,-1
279,3159,649.0257,290.0072,10.73822,14.098145,0.7720262,-1,-1,-1
279,3157,612.27234,282.39792,9.748779,12.036835,0.8059192,-1,-1,-1
279,3234,613.7832,313.0287,12.115967,21.254425,0.6801737,-1,-1,-1
279,3323,656.2049,230.65846,7.979126,9.748169,0.47140476,-1,-1,-1
279,3306,656.63153,304.215,11.257263,13.713409,0.6504716,-1,-1,-1
279,3150,679.0506,323.1157,13.824158,16.934967,0.5400504,-1,-1,-1
279,3158,658.9953,252.68161,9.207703,10.635986,0.7053042,-1,-1,-1
279,3216,691.90826,265.7575,12.223022,14.2838745,0.746442,-1,-1,-1
279,3313,632.43207,236.7755,8.918945,9.887665,0.53054994,-1,-1,-1
279,3338,600.83374,304.83527,11.06134,13.899292,0.4933156,-1,-1,-1
279,3349,646.1333,211.0562,8.836182,10.011566,0.54061335,-1,-1,-1
279,3171,718.6879,322.98523,13.775696,17.167206,0.29574114,-1,-1,-1
279,3387,643.6672,262.48972,8.755554,13.008545,0.43124425,-1,-1,-1
279,2777,657.82947,264.63998,10.385986,10.697998,0.4829695,-1,-1,-1
279,3160,692.7705,309.74643,12.974121,14.713196,0.41142997,-1,-1,-1
279,3371,615.3482,307.1999,10.088501,15.879761,0.47330347,-1,-1,-1
279,3312,658.9539,318.06345,11.684021,14.747772,0.360961,-1,-1,-1
279,3364,766.145,319.04764,14.710632,16.10727,0.589595,-1,-1,-1
280,2908,644.97906,276.47086,10.278564,13.021362,0.6258781,-1,-1,-1
280,2460,664.9333,286.17065,11.85321,13.753693,0.7725848,-1,-1,-1
280,3148,672.89417,302.93756,11.856628,14.348572,0.70575136,-1,-1,-1
280,3154,661.2362,269.76663,12.192749,14.429749,0.7052869,-1,-1,-1
280,3159,649.0079,289.37317,10.812805,14.401611,0.7576816,-1,-1,-1
280,3157,612.3257,282.24033,9.640869,11.947052,0.7950619,-1,-1,-1
280,3234,613.7753,312.2261,12.190308,21.611115,0.6768402,-1,-1,-1
280,3323,656.3181,230.7248,8.052246,9.729279,0.45007154,-1,-1,-1
280,3306,656.9385,304.09622,11.240784,13.671661,0.71492356,-1,-1,-1
280,3150,679.156,322.74805,13.977905,16.890442,0.40162066,-1,-1,-1
280,3158,659.217,252.41982,9.268372,10.745071,0.72052383,-1,-1,-1
280,3216,692.2109,265.60687,12.431824,14.605774,0.65528476,-1,-1,-1
280,3313,632.39075,237.32494,9.036804,9.651489,0.4432787,-1,-1,-1
280,3338,600.72723,304.70178,11.037598,13.654236,0.5238079,-1,-1,-1
280,3349,646.0712,211.1884,8.980225,10.0354,0.5071485,-1,-1,-1
280,3387,643.6277,261.99902,8.779114,12.557617,0.36191803,-1,-1,-1
280,2777,657.83905,264.35104,10.539795,10.765411,0.42118362,-1,-1,-1
280,3160,693.05176,309.95844,13.34668,14.807159,0.25409302,-1,-1,-1
280,3371,615.2036,306.86523,10.3064575,18.781403,0.52546203,-1,-1,-1
280,3312,658.9203,317.612,11.835327,14.962158,0.27255064,-1,-1,-1
280,3364,765.62463,318.48883,14.925842,16.146881,0.40420076,-1,-1,-1
280,3380,584.6357,270.90164,9.726318,9.447296,0.28945553,-1,-1,-1
281,2908,645.04944,276.60022,10.225769,12.402649,0.60778004,-1,-1,-1
281,2460,665.12646,285.84164,11.858948,13.680786,0.75886613,-1,-1,-1
281,3148,672.94116,302.90494,12.074707,14.141663,0.6920533,-1,-1,-1
281,3154,661.47546,269.64255,12.197449,14.360748,0.7001974,-1,-1,-1
281,3159,649.19434,288.64355,10.830811,14.695587,0.75828063,-1,-1,-1
281,3157,612.37634,281.91165,9.634399,11.905792,0.7940361,-1,-1,-1
281,3234,613.94977,313.57327,11.943054,20.028717,0.71906376,-1,-1,-1
281,3323,656.46356,230.69417,8.077026,9.729462,0.42349014,-1,-1,-1
281,3306,657.3335,303.7776,11.002014,13.805756,0.7519094,-1,-1,-1
281,3150,679.3731,322.43945,13.8550415,16.191742,0.36186296,-1,-1,-1
281,3158,659.45245,252.25827,9.406128,10.859802,0.7113029,-1,-1,-1
281,3216,692.79346,266.15958,12.16626,14.175293,0.4666227,-1,-1,-1
281,3313,632.46643,237.69496,9.019165,9.441544,0.3876642,-1,-1,-1
281,3338,601.1998,304.07602,10.699097,13.47821,0.5806879,-1,-1,-1
281,3349,646.2377,211.28738,9.042969,10.069641,0.5251869,-1,-1,-1
281,3387,643.70905,261.66318,8.848022,12.61438,0.273524,-1,-1,-1
281,2777,658.1393,263.76828,10.785461,10.653595,0.31017625,-1,-1,-1
281,3160,693.6649,310.30878,13.102661,14.521973,0.31598142,-1,-1,-1
281,3371,615.46387,306.14478,10.066528,15.146576,0.44492534,-1,-1,-1
281,3380,584.8859,270.1544,9.797485,9.511261,0.43694344,-1,-1,-1
281,3397,831.1865,493.62045,22.90155,28.424957,0.2692145,-1,-1,-1
282,2908,645.07495,275.44724,10.488037,12.794434,0.6804449,-1,-1,-1
282,2460,665.591,285.13004,11.774353,13.956848,0.7626203,-1,-1,-1
282,3148,673.47174,302.39987,12.050415,14.507782,0.6978334,-1,-1,-1
282,3154,661.6463,269.36572,12.294556,14.442505,0.6982555,-1,-1,-1
282,3159,649.3466,287.84433,10.754211,14.904388,0.73049736,-1,-1,-1
282,3157,612.425,281.69843,9.483337,11.780243,0.8164851,-1,-1,-1
282,3234,614.137,313.30185,11.821655,20.124512,0.7078262,-1,-1,-1
282,3323,656.4422,230.41591,8.074646,9.910294,0.388761,-1,-1,-1
282,3306,657.51764,303.085,10.8446045,13.643677,0.72338426,-1,-1,-1
282,3150,679.6249,321.8792,14.022888,16.578247,0.34864837,-1,-1,-1
282,3158,659.60284,252.13293,9.471741,10.8914795,0.6771509,-1,-1,-1
282,3216,693.08307,266.42786,12.477173,14.22644,0.55271184,-1,-1,-1
282,3313,632.44086,237.9108,8.961487,9.35524,0.32198152,-1,-1,-1
282,3338,601.904,303.11694,10.224426,13.879425,0.5712381,-1,-1,-1
282,3349,646.24677,211.20499,9.091614,10.210358,0.4910252,-1,-1,-1
282,3387,643.76715,261.2095,8.942871,12.045502,0.25939688,-1,-1,-1
282,2777,658.48566,263.50482,10.900269,10.572418,0.34051624,-1,-1,-1
282,3371,615.7332,305.26053,9.879761,14.010681,0.3798411,-1,-1,-1
282,3397,831.6607,492.01364,23.132446,28.942963,0.2727969,-1,-1,-1
282,3312,659.1469,316.74655,11.702393,15.086243,0.2870592,-1,-1,-1
283,2908,645.0547,274.7011,10.706726,12.965729,0.7136986,-1,-1,-1
283,2460,665.5648,284.82874,11.917664,13.831726,0.75859535,-1,-1,-1
283,3148,673.41754,302.0605,12.269043,14.645081,0.74206924,-1,-1,-1
283,3154,661.7651,269.777,12.187012,13.833069,0.6809748,-1,-1,-1
283,3159,649.45404,287.7801,10.711121,14.488861,0.71685934,-1,-1,-1
283,3157,612.40845,281.54562,9.458496,11.633575,0.8146679,-1,-1,-1
283,3234,614.22736,313.5161,11.712402,19.448792,0.72959733,-1,-1,-1
283,3323,656.2898,230.11636,8.120056,10.009598,0.41471213,-1,-1,-1
283,3306,657.5658,302.47812,10.677368,13.663635,0.7498132,-1,-1,-1
283,3150,679.5904,321.47668,14.073486,16.586151,0.48072925,-1,-1,-1
283,3158,659.4346,251.697,9.632263,10.669876,0.68061805,-1,-1,-1
283,3216,692.98987,266.2574,12.843506,14.483948,0.5675589,-1,-1,-1
283,3313,632.309,237.91779,8.963928,9.358307,0.39508584,-1,-1,-1
283,3338,602.1005,302.1839,10.235962,14.212341,0.64612955,-1,-1,-1
283,3349,646.1826,211.2743,9.080261,10.15535,0.50476646,-1,-1,-1
283,3387,643.6407,260.75684,9.132751,11.962036,0.26710227,-1,-1,-1
283,2777,658.5295,262.83032,10.55481,10.577789,0.50748235,-1,-1,-1
283,3371,615.7448,305.11356,9.90448,15.039276,0.32630238,-1,-1,-1
283,3397,831.8803,491.61716,22.785767,28.162506,0.26425675,-1,-1,-1
283,3312,659.241,316.32947,11.5685425,15.220184,0.376843,-1,-1,-1
283,3160,694.4877,310.53024,12.767761,14.602295,0.58357054,-1,-1,-1
284,2908,645.1809,274.38046,10.776794,12.930725,0.71540225,-1,-1,-1
284,2460,665.6067,284.61798,11.955505,13.651184,0.75720257,-1,-1,-1
284,3148,673.5038,302.20886,12.335083,14.35144,0.7154434,-1,-1,-1
284,3154,661.95483,269.78723,12.314087,13.532227,0.6636047,-1,-1,-1
284,3159,649.2886,287.9315,11.0269165,14.11557,0.7189352,-1,-1,-1
284,3157,612.27704,281.0854,9.492126,11.77533,0.8240225,-1,-1,-1
284,3234,614.1951,314.01694,11.729553,18.642365,0.7310038,-1,-1,-1
284,3323,656.2088,229.94574,8.18811,10.073135,0.46780208,-1,-1,-1
284,3306,657.6495,302.09894,10.702881,13.645752,0.73314375,-1,-1,-1
284,3150,679.7572,321.36298,13.859436,16.383759,0.5171239,-1,-1,-1
284,3158,659.50684,251.31609,9.62384,10.509567,0.720228,-1,-1,-1
284,3216,693.0384,266.25308,13.12146,14.549683,0.3836316,-1,-1,-1
284,3313,632.2965,238.18309,8.942688,9.327118,0.46801242,-1,-1,-1
284,3338,602.1103,301.71072,10.305115,14.227539,0.64469624,-1,-1,-1
284,3349,646.23236,211.42549,8.997864,10.084961,0.5504608,-1,-1,-1
284,3387,643.62244,260.52072,9.146545,12.065399,0.2514992,-1,-1,-1
284,2777,658.6494,262.53778,10.53125,10.642334,0.509948,-1,-1,-1
284,3397,832.1203,491.1377,22.889587,28.01764,0.26644674,-1,-1,-1
284,3160,694.8019,310.78656,12.645569,14.615326,0.39868256,-1,-1,-1
284,3171,721.15796,326.06595,15.105347,14.961578,0.30703592,-1,-1,-1
285,2908,645.2655,273.82388,10.854675,13.163208,0.73490316,-1,-1,-1
285,2460,665.59174,284.1712,12.00354,13.850708,0.7516756,-1,-1,-1
285,3148,673.587,302.2051,12.55365,14.248474,0.7211177,-1,-1,-1
285,3154,661.9785,269.5114,12.345825,13.510498,0.64562976,-1,-1,-1
285,3159,649.47205,288.02908,10.900574,13.776123,0.7142549,-1,-1,-1
285,3157,612.1675,280.73062,9.500122,11.832947,0.82941985,-1,-1,-1
285,3234,614.2375,314.29547,11.517944,18.194458,0.68803173,-1,-1,-1
285,3323,656.03705,229.82906,8.287842,10.143997,0.46137345,-1,-1,-1
285,3306,657.5031,301.62643,10.705933,13.9088745,0.6952996,-1,-1,-1
285,3150,679.78656,321.151,13.578247,16.165558,0.3961868,-1,-1,-1
285,3158,659.4413,251.02797,9.707092,10.4770355,0.730509,-1,-1,-1
285,3216,693.3546,266.4126,13.0824585,14.609131,0.51880413,-1,-1,-1
285,3313,632.24347,238.32907,8.993225,9.384491,0.51028466,-1,-1,-1
285,3338,602.3934,301.33047,10.101746,14.426422,0.61930496,-1,-1,-1
285,3349,646.1089,211.4991,9.012512,10.101913,0.5788237,-1,-1,-1
285,3387,643.71387,260.27744,9.249084,12.169495,0.31748742,-1,-1,-1
285,2777,658.68146,262.10287,10.626404,10.950012,0.5326837,-1,-1,-1
285,3160,695.20135,310.99332,12.3098755,14.53772,0.5135865,-1,-1,-1
285,3312,659.3833,315.333,11.531311,15.822327,0.35176802,-1,-1,-1
286,2908,645.48224,273.77335,10.744385,12.948273,0.7228981,-1,-1,-1
286,2460,665.8212,283.56976,11.893738,14.207672,0.75302577,-1,-1,-1
286,3148,673.8132,302.02277,12.5338745,14.30777,0.7481342,-1,-1,-1
286,3154,662.1506,269.11996,12.403564,13.579071,0.6200846,-1,-1,-1
286,3159,649.7748,288.00027,10.849915,13.35672,0.7587904,-1,-1,-1
286,3157,612.0904,280.53656,9.56012,11.766083,0.8182854,-1,-1,-1
286,3234,614.22687,314.3813,11.648071,17.844452,0.69241905,-1,-1,-1
286,3323,655.99115,229.72565,8.331482,10.173019,0.4407853,-1,-1,-1
286,3306,657.6833,301.52594,10.469482,13.750702,0.68845594,-1,-1,-1
286,3158,659.55743,250.66849,9.569885,10.326355,0.73357296,-1,-1,-1
286,3216,693.7876,266.4234,13.322327,14.95755,0.29469582,-1,-1,-1
286,3313,632.1625,238.45366,9.061707,9.424515,0.6055498,-1,-1,-1
286,3338,602.16144,301.3495,10.325928,14.050659,0.56501186,-1,-1,-1
286,3349,646.0332,211.6,8.965881,10.070709,0.52931255,-1,-1,-1
286,3387,643.85675,260.12747,9.175842,12.381073,0.39872304,-1,-1,-1
286,2777,658.8155,261.83417,10.502319,11.059479,0.5708559,-1,-1,-1
286,3312,659.51697,314.88922,11.396301,16.028137,0.29034418,-1,-1,-1
286,3371,616.8024,303.11508,9.2716675,13.852417,0.2983644,-1,-1,-1
286,3397,831.5674,489.08527,23.421326,28.43457,0.32914087,-1,-1,-1
287,2908,645.2447,272.7678,11.082947,13.467957,0.7273257,-1,-1,-1
287,2460,665.8992,283.37103,11.930359,14.257568,0.7615468,-1,-1,-1
287,3148,673.8353,301.7421,12.6814575,14.356812,0.7186133,-1,-1,-1
287,3154,662.236,268.96512,12.477295,13.429138,0.6166651,-1,-1,-1
287,3159,649.6043,287.4597,11.00885,13.581665,0.75838375,-1,-1,-1
287,3157,612.07947,280.1809,9.643066,11.910126,0.81538427,-1,-1,-1
287,3234,614.0383,314.6047,11.809143,17.641968,0.64726144,-1,-1,-1
287,3323,655.9966,229.50589,8.35553,10.243729,0.38714948,-1,-1,-1
287,3306,657.6681,301.56372,10.601074,13.586395,0.64098924,-1,-1,-1
287,3158,659.5771,250.00836,9.544006,10.451324,0.7562127,-1,-1,-1
287,3216,693.94434,266.1962,13.544678,15.295258,0.259588,-1,-1,-1
287,3313,632.00287,238.4718,9.221497,9.509872,0.5858908,-1,-1,-1
287,3338,601.8145,300.70474,10.810181,14.456268,0.61457515,-1,-1,-1
287,3349,645.99774,211.65019,9.0,10.14212,0.49220088,-1,-1,-1
287,2777,658.8839,261.349,10.489197,11.333008,0.5989126,-1,-1,-1
287,3312,659.556,314.6092,11.525024,16.0542,0.25674972,-1,-1,-1
287,3371,617.1109,302.1342,9.01062,13.9184265,0.29414943,-1,-1,-1
287,3397,831.3392,488.04138,23.531067,28.518677,0.3186602,-1,-1,-1
287,3380,586.0038,265.41373,9.896606,9.794586,0.44995645,-1,-1,-1
288,2908,645.2121,271.62146,11.136353,14.249786,0.7421634,-1,-1,-1
288,2460,666.03827,283.39713,11.956787,14.227814,0.77378815,-1,-1,-1
288,3148,673.92596,301.3207,12.628235,14.6189575,0.7595948,-1,-1,-1
288,3154,662.3718,269.11295,12.441162,13.044769,0.60769,-1,-1,-1
288,3159,649.5905,287.1776,11.046997,13.494843,0.72203,-1,-1,-1
288,3157,612.0825,280.05725,9.6698,11.797424,0.8184947,-1,-1,-1
288,3234,613.9893,314.31427,11.874023,17.89267,0.6545244,-1,-1,-1
288,3323,656.11694,229.48438,8.336792,10.274933,0.41403976,-1,-1,-1
288,3306,657.5388,301.4153,10.879028,13.651215,0.56966794,-1,-1,-1
288,3158,659.72235,249.56778,9.451965,10.570007,0.75872976,-1,-1,-1
288,3216,694.20764,266.12305,13.648254,15.423218,0.41733143,-1,-1,-1
288,3313,631.87933,238.54135,9.355896,9.59845,0.64974207,-1,-1,-1
288,3338,601.76886,300.15405,10.9453125,14.630585,0.61415267,-1,-1,-1
288,3349,645.92285,211.76471,9.077698,10.166794,0.5021565,-1,-1,-1
288,2777,659.04736,260.90247,10.5529175,11.610809,0.62810963,-1,-1,-1
288,3371,617.1963,301.63596,9.03186,14.050873,0.26019362,-1,-1,-1
288,3380,586.48364,264.59937,9.992371,10.027679,0.63872373,-1,-1,-1
288,3150,680.66644,319.87515,12.380737,15.759735,0.369655,-1,-1,-1
288,3387,644.2121,259.17392,8.897217,12.309448,0.2514363,-1,-1,-1
289,2908,645.48785,271.18652,10.916199,14.387726,0.7212024,-1,-1,-1
289,2460,666.2411,283.2413,12.039612,14.104095,0.79061985,-1,-1,-1
289,3148,674.34064,300.91794,12.443726,14.777283,0.7673213,-1,-1,-1
289,3154,662.6402,269.33044,12.37561,12.445129,0.56236285,-1,-1,-1
289,3159,649.81616,286.986,10.76947,12.949982,0.71768826,-1,-1,-1
289,3157,612.2953,279.8531,9.509705,11.603485,0.80502725,-1,-1,-1
289,3234,614.02295,314.00128,11.947266,17.734528,0.6634147,-1,-1,-1
289,3323,656.11053,229.52574,8.363647,10.2491,0.50626296,-1,-1,-1
289,3306,657.8397,301.02145,10.860779,13.568176,0.67660886,-1,-1,-1
289,3158,659.9084,249.53154,9.4071045,10.463089,0.72254914,-1,-1,-1
289,3216,694.4956,266.5363,13.323547,15.056763,0.41871968,-1,-1,-1
289,3313,631.8001,238.58858,9.406433,9.67363,0.7356372,-1,-1,-1
289,3338,602.35474,299.3658,10.74646,14.7430725,0.6144039,-1,-1,-1
289,3349,645.7791,211.97871,9.180664,10.2308655,0.58885294,-1,-1,-1
289,2777,659.23456,259.96075,10.718811,12.255371,0.6356811,-1,-1,-1
289,3371,617.4058,300.83844,8.9939575,14.224945,0.49345294,-1,-1,-1
289,3380,586.9704,264.07788,9.767944,9.861176,0.5630509,-1,-1,-1
289,3150,680.7244,319.614,12.363037,15.84137,0.57740134,-1,-1,-1
289,3387,644.29913,259.0128,8.971802,12.80896,0.3587111,-1,-1,-1
289,3160,696.6364,311.8611,13.085449,15.027618,0.36607137,-1,-1,-1
289,3312,659.9034,314.1526,11.5047,15.517029,0.4141463,-1,-1,-1
289,3397,831.9877,486.13528,22.977173,28.020355,0.2797645,-1,-1,-1
290,2908,645.3426,270.5753,11.221436,14.849884,0.697239,-1,-1,-1
290,2460,666.4122,283.1469,12.184326,14.016205,0.79008627,-1,-1,-1
290,3148,674.6945,300.5867,12.32373,14.817871,0.71013993,-1,-1,-1
290,3154,662.3623,268.10376,12.759216,13.221771,0.46924084,-1,-1,-1
290,3159,649.84265,286.0815,10.687378,13.067108,0.70904607,-1,-1,-1
290,3157,612.44165,279.50278,9.4973755,11.562103,0.8101887,-1,-1,-1
290,3234,614.19116,313.74615,11.726013,17.652496,0.5893656,-1,-1,-1
290,3323,656.06726,229.38628,8.412903,10.274689,0.44195268,-1,-1,-1
290,3306,657.9847,300.16946,10.9158325,13.77948,0.63019127,-1,-1,-1
290,3158,659.86426,248.69916,9.499207,10.929504,0.701018,-1,-1,-1
290,3216,694.7927,266.94244,13.084106,14.664886,0.48085743,-1,-1,-1
290,3313,631.75543,238.49123,9.448547,9.784576,0.6938412,-1,-1,-1
290,3338,602.6494,298.86877,10.569946,14.949707,0.56609863,-1,-1,-1
290,3349,645.6731,212.27046,9.281616,10.2065735,0.5737866,-1,-1,-1
290,2777,659.4166,260.29944,11.682861,12.679504,0.4049035,-1,-1,-1
290,3371,617.4549,299.89508,9.049377,14.54718,0.6457977,-1,-1,-1
290,3380,587.3733,263.6595,9.391724,9.57251,0.48678753,-1,-1,-1
290,3150,680.84625,319.00565,12.432007,16.019379,0.43275937,-1,-1,-1
290,3387,644.25824,258.59543,9.1698,12.708069,0.28905156,-1,-1,-1
290,3160,696.91956,312.16553,13.165649,14.991455,0.26578546,-1,-1,-1
290,3312,660.0654,314.14194,11.352722,15.354248,0.32865945,-1,-1,-1
291,2908,645.46484,270.3544,11.089355,14.845367,0.70315546,-1,-1,-1
291,2460,666.6049,282.6199,12.022827,14.231781,0.7816488,-1,-1,-1
291,3148,674.8192,300.21762,12.051453,15.019226,0.7409553,-1,-1,-1
291,3154,661.73846,266.52377,13.223022,14.036652,0.43015954,-1,-1,-1
291,3159,649.9059,285.50577,10.550049,13.130981,0.6739987,-1,-1,-1
291,3157,612.5615,279.1873,9.204163,11.438141,0.80072635,-1,-1,-1
291,3234,614.33655,312.61194,11.6484375,18.217438,0.6312545,-1,-1,-1
291,3323,655.8778,229.09071,8.437073,10.172073,0.40442187,-1,-1,-1
291,3306,658.0852,299.6375,10.969177,13.42569,0.6625869,-1,-1,-1
291,3158,659.7875,247.99245,9.409668,10.965012,0.736133,-1,-1,-1
291,3216,695.4201,267.5404,12.589233,14.10611,0.51525563,-1,-1,-1
291,3313,631.7034,238.36313,9.465759,9.928589,0.70187116,-1,-1,-1
291,3338,602.61615,298.37784,10.683411,14.469299,0.629126,-1,-1,-1
291,3349,645.5827,212.11816,9.372131,10.365158,0.56190395,-1,-1,-1
291,2777,659.5242,260.25894,12.471985,13.94632,0.4232399,-1,-1,-1
291,3371,617.48114,299.24738,8.922852,14.188477,0.4067278,-1,-1,-1
291,3380,587.6524,262.62122,9.432495,9.850586,0.43320268,-1,-1,-1
291,3150,680.7819,318.22186,12.657959,16.473297,0.30299553,-1,-1,-1
291,3387,644.2344,257.86972,8.799622,12.701416,0.4711258,-1,-1,-1
291,3160,697.1183,312.1651,13.123779,15.163879,0.2743602,-1,-1,-1
291,3312,660.1725,313.98297,11.185852,15.115875,0.296829,-1,-1,-1
291,3399,668.8039,215.3327,9.356934,10.336273,0.25177702,-1,-1,-1
292,2908,645.5696,270.1411,11.077087,14.912933,0.70242244,-1,-1,-1
292,2460,666.8498,282.3473,11.8324585,14.206207,0.77980644,-1,-1,-1
292,3148,675.00464,300.0499,11.972839,14.9809265,0.7458099,-1,-1,-1
292,3154,661.51324,265.76273,13.359619,14.355347,0.4792176,-1,-1,-1
292,3159,650.2018,285.28998,10.511536,13.205048,0.6904843,-1,-1,-1
292,3157,612.5291,278.99475,9.109558,11.365326,0.80910814,-1,-1,-1
292,3234,614.5454,311.88644,11.697693,18.573792,0.67599314,-1,-1,-1
292,3323,655.7084,229.03618,8.604065,10.125183,0.38044214,-1,-1,-1
292,3306,658.2406,299.59885,10.9422,13.221741,0.69015706,-1,-1,-1
292,3158,659.80554,247.84485,9.473267,11.007935,0.72814953,-1,-1,-1
292,3216,696.0249,268.63205,12.405151,13.101318,0.49190572,-1,-1,-1
292,3313,631.6345,238.34021,9.494629,10.045349,0.7305198,-1,-1,-1
292,3338,602.81903,298.04617,10.578369,14.4270935,0.6685739,-1,-1,-1
292,3349,645.5168,212.23672,9.557739,10.45282,0.5838764,-1,-1,-1
292,2777,659.5921,260.2832,12.875427,14.273315,0.418589,-1,-1,-1
292,3371,617.34564,299.13348,9.042419,14.289856,0.50075364,-1,-1,-1
292,3380,587.8629,262.1781,9.410156,9.760742,0.27904764,-1,-1,-1
292,3150,680.8093,317.7404,13.038147,17.165619,0.25992644,-1,-1,-1
292,3387,644.1845,257.6172,8.683777,12.748444,0.5366072,-1,-1,-1
292,3160,697.1937,312.31354,13.268127,15.15921,0.37954772,-1,-1,-1
292,3312,660.165,313.95374,11.17865,15.001221,0.32093933,-1,-1,-1
292,3399,668.89105,215.60585,9.61261,10.404572,0.26632428,-1,-1,-1
293,2908,645.77057,270.09824,10.8359375,14.631805,0.7042891,-1,-1,-1
293,2460,667.41547,282.2943,11.441467,13.988495,0.78267527,-1,-1,-1
293,3148,675.3957,299.59982,11.731079,15.091827,0.77204996,-1,-1,-1
293,3154,661.4719,264.42575,13.509155,15.135498,0.5556521,-1,-1,-1
293,3159,650.53546,285.21225,10.356018,13.003143,0.67241925,-1,-1,-1
293,3157,612.4362,278.6515,9.423218,11.293213,0.8077372,-1,-1,-1
293,3234,614.8464,309.97702,11.715759,19.832428,0.6541797,-1,-1,-1
293,3323,655.65857,228.78793,8.658936,10.072128,0.32679322,-1,-1,-1
293,3306,658.3766,299.47385,10.972534,12.882019,0.66768897,-1,-1,-1
293,3158,659.88965,247.53883,9.35083,10.8971405,0.64195216,-1,-1,-1
293,3216,696.3289,268.83365,12.737183,12.895111,0.56856436,-1,-1,-1
293,3313,631.60126,238.10387,9.469421,10.22966,0.7217466,-1,-1,-1
293,3338,602.855,297.74408,10.819092,13.868927,0.67294866,-1,-1,-1
293,3349,645.4102,212.30858,9.6258545,10.510956,0.5872408,-1,-1,-1
293,2777,659.72125,260.17862,13.2387085,15.025909,0.34678492,-1,-1,-1
293,3371,617.41205,299.33405,9.088928,14.324249,0.3810769,-1,-1,-1
293,3150,680.956,317.39212,12.709412,16.909851,0.37155372,-1,-1,-1
293,3387,644.2743,257.03516,8.578796,12.643433,0.60687345,-1,-1,-1
293,3160,697.40967,312.08942,13.554077,15.563568,0.48505425,-1,-1,-1
293,3426,680.74927,234.65056,10.105469,10.95253,0.34302765,-1,-1,-1
294,2908,645.7244,269.97754,10.852234,14.614044,0.69705296,-1,-1,-1
294,2460,667.7495,282.24548,11.313293,13.904968,0.7828858,-1,-1,-1
294,3148,675.45233,299.4479,11.610291,15.00061,0.7205972,-1,-1,-1
294,3154,661.5226,264.71735,13.385193,14.615265,0.5772334,-1,-1,-1
294,3159,650.8911,285.16846,10.223267,12.822968,0.64675766,-1,-1,-1
294,3157,612.4211,278.37476,9.462219,11.252411,0.8189502,-1,-1,-1
294,3234,614.8495,309.33563,11.874268,19.881012,0.6958881,-1,-1,-1
294,3323,655.5486,228.80244,8.707642,10.068039,0.28471622,-1,-1,-1
294,3306,658.4297,299.13843,10.94928,12.914307,0.65592337,-1,-1,-1
294,3158,659.8084,247.48851,9.347107,10.69252,0.6477445,-1,-1,-1
294,3216,696.64514,268.60083,13.141052,13.225586,0.5617647,-1,-1,-1
294,3313,631.42334,238.06561,9.639954,10.464462,0.74868256,-1,-1,-1
294,3338,602.49414,297.4447,11.232178,14.311829,0.6498309,-1,-1,-1
294,3349,645.363,212.5076,9.637939,10.580093,0.51313263,-1,-1,-1
294,2777,659.7308,259.87762,12.8125,14.492096,0.29219428,-1,-1,-1
294,3371,617.2951,299.2284,9.306519,13.947357,0.50122166,-1,-1,-1
294,3387,644.24054,256.5329,8.641296,12.61438,0.4475704,-1,-1,-1
294,3160,697.79767,312.4068,13.648254,15.577057,0.4272232,-1,-1,-1
294,3426,680.73645,234.66498,10.353516,11.085022,0.37988687,-1,-1,-1
294,3428,658.6011,258.84976,11.495178,13.709717,0.37740228,-1,-1,-1
294,3397,831.1331,480.5498,23.902893,28.88507,0.26373512,-1,-1,-1
295,2908,645.6034,269.6943,10.954407,14.514618,0.700973,-1,-1,-1
295,2460,667.87805,281.7908,11.434143,14.070892,0.7957477,-1,-1,-1
295,3148,675.5497,299.16052,11.682922,14.90979,0.68459606,-1,-1,-1
295,3154,661.5092,264.40186,13.43866,14.70401,0.62065375,-1,-1,-1
295,3159,650.82245,284.60028,10.567383,12.952789,0.70734054,-1,-1,-1
295,3157,612.36017,277.66013,9.518616,11.633484,0.82574046,-1,-1,-1
295,3234,615.1261,308.74316,11.629822,19.94458,0.64644015,-1,-1,-1
295,3323,655.21594,228.68703,8.855103,9.940704,0.29918417,-1,-1,-1
295,3306,658.6313,298.46616,10.88092,13.280853,0.7302843,-1,-1,-1
295,3158,659.7043,247.60278,9.552856,10.972443,0.6632797,-1,-1,-1
295,3216,697.0665,268.02594,13.633911,13.88269,0.3768502,-1,-1,-1
295,3313,631.3633,238.01305,9.675476,10.634735,0.7632586,-1,-1,-1
295,3338,602.63617,296.7191,11.1828,14.515625,0.679413,-1,-1,-1
295,3349,645.32294,212.53766,9.671265,10.590439,0.55632776,-1,-1,-1
295,3371,617.36127,299.06903,9.254395,14.001831,0.4768874,-1,-1,-1
295,3387,644.27295,256.18646,8.871338,13.010223,0.38368818,-1,-1,-1
295,3160,698.1935,312.63828,13.803772,15.606903,0.4026605,-1,-1,-1
295,3426,680.9131,234.85529,10.467468,11.107742,0.36164722,-1,-1,-1
295,3428,658.848,257.98013,11.27771,13.315887,0.3144293,-1,-1,-1
295,3380,588.32904,259.8353,9.158325,9.843475,0.29969192,-1,-1,-1
296,2908,645.67706,269.08798,10.782349,14.477783,0.6928748,-1,-1,-1
296,2460,668.04865,281.3784,11.269653,14.248566,0.80650276,-1,-1,-1
296,3148,675.4399,298.96216,11.840881,14.862122,0.64767593,-1,-1,-1
296,3154,661.51215,263.8503,13.447815,14.884399,0.71747607,-1,-1,-1
296,3159,650.9191,284.0907,10.429138,12.89856,0.72300935,-1,-1,-1
296,3157,612.434,277.2041,9.40448,11.807251,0.8137051,-1,-1,-1
296,3234,615.2123,309.13602,11.598145,19.292267,0.5935895,-1,-1,-1
296,3323,655.0124,228.57162,8.766602,9.798569,0.39578053,-1,-1,-1
296,3306,658.67676,298.16742,10.912781,13.411285,0.6936519,-1,-1,-1
296,3158,659.4899,247.7098,9.632507,11.217087,0.6267763,-1,-1,-1
296,3216,697.291,267.8043,13.487732,14.020416,0.5362301,-1,-1,-1
296,3313,631.32697,238.00809,9.647278,10.747894,0.7765508,-1,-1,-1
296,3338,602.9408,296.28018,10.762817,14.705627,0.6869659,-1,-1,-1
296,3349,645.1974,212.57707,9.668396,10.588882,0.5815876,-1,-1,-1
296,3371,617.5499,298.84842,9.087402,13.318909,0.5958789,-1,-1,-1
296,3387,644.2883,255.35176,8.863281,12.207138,0.30662557,-1,-1,-1
296,3160,698.1236,312.64197,14.040161,15.935272,0.48349372,-1,-1,-1
296,3426,680.95,234.88608,10.423645,11.074509,0.40869638,-1,-1,-1
296,3428,658.9605,257.54755,10.954285,12.541504,0.31877047,-1,-1,-1
296,3380,588.6379,258.31198,9.165894,10.401489,0.49311215,-1,-1,-1
297,2908,645.7207,268.54718,10.751587,14.461151,0.708114,-1,-1,-1
297,2460,668.0656,281.10864,11.282654,14.362091,0.804384,-1,-1,-1
297,3148,675.37726,298.75952,11.936523,14.815277,0.6230596,-1,-1,-1
297,3154,661.69775,263.8426,13.445984,14.653473,0.7280697,-1,-1,-1
297,3159,651.03357,283.88962,10.19928,12.800201,0.73214287,-1,-1,-1
297,3157,612.5404,277.04822,9.21637,11.694855,0.8091272,-1,-1,-1
297,3234,615.2952,308.75827,11.487244,19.414886,0.6392414,-1,-1,-1
297,3323,654.8791,228.64789,8.604797,9.551315,0.46597868,-1,-1,-1
297,3306,658.6939,297.88898,10.782837,13.574463,0.6803014,-1,-1,-1
297,3158,659.4253,247.48788,9.562073,11.149902,0.62586427,-1,-1,-1
297,3216,697.57416,267.48065,13.514343,14.3576355,0.4892023,-1,-1,-1
297,3313,631.4493,238.24307,9.434448,10.825485,0.76240647,-1,-1,-1
297,3338,603.182,295.754,10.591797,14.708527,0.70547956,-1,-1,-1
297,3349,645.212,212.91077,9.46814,10.451782,0.588722,-1,-1,-1
297,3371,617.74084,298.769,8.949829,12.955353,0.49205774,-1,-1,-1
297,3387,644.22534,255.05313,8.845581,11.698639,0.31394187,-1,-1,-1
297,3160,698.2817,312.93405,14.170593,15.899475,0.26860666,-1,-1,-1
297,3426,681.07184,234.89784,10.288147,11.20253,0.53839356,-1,-1,-1
297,3428,659.085,257.36108,10.607727,11.787415,0.45681864,-1,-1,-1
297,3380,588.7836,257.59158,9.270081,10.556915,0.43396485,-1,-1,-1
297,3399,669.302,216.2168,9.885986,10.887756,0.25291812,-1,-1,-1
298,2908,645.83887,268.13736,10.628967,14.290222,0.73046607,-1,-1,-1
298,2460,667.879,280.68872,11.50824,14.512604,0.81323624,-1,-1,-1
298,3148,675.24146,298.47284,12.076843,14.830841,0.6727824,-1,-1,-1
298,3154,661.89764,264.07718,13.274658,14.1822815,0.76114184,-1,-1,-1
298,3159,650.9248,283.5242,10.372803,12.798889,0.75311506,-1,-1,-1
298,3157,612.6901,276.81802,9.142456,11.5338745,0.8024475,-1,-1,-1
298,3234,615.3165,308.5839,11.212891,19.068756,0.6683076,-1,-1,-1
298,3323,654.7721,228.63686,8.395203,9.411621,0.5550728,-1,-1,-1
298,3306,658.8222,297.58994,10.593262,13.704407,0.69748294,-1,-1,-1
298,3158,659.479,247.49829,9.504639,11.304169,0.50428593,-1,-1,-1
298,3216,697.9858,267.17157,13.166199,14.732971,0.5394766,-1,-1,-1
298,3313,631.4687,238.4837,9.309387,10.863022,0.7766498,-1,-1,-1
298,3338,602.8813,295.8757,10.82312,14.369446,0.70798415,-1,-1,-1
298,3349,645.21906,213.09387,9.289429,10.44725,0.6465731,-1,-1,-1
298,3371,617.7084,298.49432,8.8966675,12.978607,0.411949,-1,-1,-1
298,3387,644.24066,254.52667,8.617493,11.297943,0.35084537,-1,-1,-1
298,3160,698.6757,312.89914,13.98822,16.051483,0.4748407,-1,-1,-1
298,3426,681.1088,234.84322,10.198853,11.334061,0.5552082,-1,-1,-1
298,3428,659.1739,256.6518,10.363464,11.862518,0.4836609,-1,-1,-1
298,3380,588.9948,256.9128,9.112976,10.409363,0.629667,-1,-1,-1
298,3399,669.39856,216.3014,9.8567505,11.041046,0.36401924,-1,-1,-1
299,2908,645.82306,268.08685,10.63739,14.01181,0.72549975,-1,-1,-1
299,2460,667.7362,280.26855,11.749084,14.63855,0.81205213,-1,-1,-1
299,3148,675.1853,298.17975,12.16748,14.696747,0.6540136,-1,-1,-1
299,3154,661.97815,264.2809,13.1015625,13.738525,0.7753061,-1,-1,-1
299,3159,650.90564,283.17834,10.601624,12.747284,0.7486744,-1,-1,-1
299,3157,612.71484,276.5172,9.19043,11.5164795,0.81130105,-1,-1,-1
299,3234,615.2977,308.42252,11.236084,18.515442,0.71028143,-1,-1,-1
299,3323,654.6484,228.5982,8.344482,9.379517,0.4836952,-1,-1,-1
299,3306,658.88257,297.34076,10.670044,13.911804,0.64859635,-1,-1,-1
299,3158,659.52167,247.33902,9.471497,10.935089,0.50622046,-1,-1,-1
299,3216,698.2775,267.3456,12.960754,14.693848,0.58508635,-1,-1,-1
299,3313,631.521,238.84189,9.157715,10.886948,0.72578186,-1,-1,-1
299,3338,603.0187,295.76672,10.735535,14.428223,0.7236996,-1,-1,-1
299,3349,645.0237,213.25848,9.31665,10.547028,0.6031345,-1,-1,-1
299,3371,617.67303,298.08737,8.986328,13.340057,0.51794875,-1,-1,-1
299,3387,644.16455,254.10329,8.613159,11.247025,0.39458704,-1,-1,-1
299,3426,681.11017,234.88197,10.432068,11.454269,0.5678275,-1,-1,-1
299,3428,659.2083,256.72504,10.314331,11.819122,0.45698926,-1,-1,-1
299,3399,669.49536,216.49051,9.7682495,11.10141,0.27426347,-1,-1,-1
300,2908,645.9384,267.43155,10.701843,14.032806,0.75762135,-1,-1,-1
300,2460,667.75726,279.78165,11.788025,14.672089,0.8062145,-1,-1,-1
300,3148,675.4391,297.73303,11.632141,14.608612,0.7032876,-1,-1,-1
300,3154,662.1501,264.24527,12.955261,13.404633,0.7782275,-1,-1,-1
300,3159,651.1374,282.81735,10.370117,12.737732,0.7526558,-1,-1,-1
300,3157,612.79034,276.35025,9.153503,11.432892,0.81149817,-1,-1,-1
300,3234,615.38837,308.3371,11.313599,18.153687,0.7446224,-1,-1,-1
300,3323,654.64886,228.47925,8.331177,9.4618225,0.49631178,-1,-1,-1
300,3306,658.93195,297.4618,10.923462,13.542236,0.68874735,-1,-1,-1
300,3158,659.7005,247.06602,9.382202,11.172012,0.43181297,-1,-1,-1
300,3216,698.297,266.73306,12.807678,15.203064,0.7373876,-1,-1,-1
300,3313,631.5421,238.92911,9.084656,10.96611,0.7400781,-1,-1,-1
300,3338,603.1257,294.92773,10.759338,14.193665,0.7246226,-1,-1,-1
300,3349,644.8781,213.2024,9.369019,10.720688,0.63930386,-1,-1,-1
300,3371,618.1423,297.40366,8.671143,13.093323,0.39242232,-1,-1,-1
300,3387,644.3035,253.84752,8.606934,11.159134,0.5587578,-1,-1,-1
300,3426,681.2314,234.92352,10.460144,11.532593,0.53803307,-1,-1,-1
300,3428,659.21466,256.68546,10.331787,11.855804,0.38529786,-1,-1,-1
300,3399,669.7105,216.72388,9.56958,11.02594,0.30501664,-1,-1,-1
300,3160,699.6511,313.27762,13.293518,15.772522,0.51502466,-1,-1,-1
301,2908,646.0955,267.12872,10.726929,13.933472,0.75245714,-1,-1,-1
301,2460,667.8538,279.76498,11.839966,14.3298645,0.8091659,-1,-1,-1
301,3148,675.7632,297.35165,11.258728,14.440674,0.68042254,-1,-1,-1
301,3154,662.42865,264.25027,12.837219,13.092865,0.7668175,-1,-1,-1
301,3159,651.4467,282.6009,10.070923,12.649261,0.737527,-1,-1,-1
301,3157,612.8227,276.3468,9.095947,11.232574,0.82296896,-1,-1,-1
301,3234,615.5389,308.1765,11.0877075,17.963501,0.7275454,-1,-1,-1
301,3323,654.6653,228.39528,8.3550415,9.523697,0.44537377,-1,-1,-1
301,3306,659.21747,297.43903,10.669434,13.18573,0.6898413,-1,-1,-1
301,3158,659.7578,246.76373,9.484802,11.586914,0.54531884,-1,-1,-1
301,3216,698.5985,267.12308,12.506531,14.738098,0.7085983,-1,-1,-1
301,3313,631.58765,239.09952,9.007141,11.01004,0.7248733,-1,-1,-1
301,3338,603.1051,294.2829,10.917236,14.68396,0.7298546,-1,-1,-1
301,3349,644.8811,213.35394,9.298462,10.78241,0.6354792,-1,-1,-1
301,3371,617.95636,297.2103,8.82196,12.997192,0.524496,-1,-1,-1
301,3387,644.63464,253.74379,8.7647705,11.242477,0.5608017,-1,-1,-1
301,3426,681.4327,235.0488,10.50769,11.597122,0.38672,-1,-1,-1
301,3428,659.23987,256.28864,10.484619,11.660339,0.43697676,-1,-1,-1
301,3399,669.9932,217.32446,9.509766,10.694351,0.3248469,-1,-1,-1
301,3160,700.1725,313.69888,13.069763,15.498383,0.3415456,-1,-1,-1
301,3312,660.0987,309.57288,11.887878,15.243927,0.49758244,-1,-1,-1
301,3150,680.8082,314.673,13.327515,14.8706665,0.32909474,-1,-1,-1
302,2908,646.0945,267.0688,10.927673,13.537781,0.7405575,-1,-1,-1
302,2460,668.15784,279.7113,11.615906,13.871002,0.8140802,-1,-1,-1
302,3148,675.84674,296.93143,10.920776,14.3263855,0.6391521,-1,-1,-1
302,3154,662.72906,264.74838,12.36322,12.268524,0.76176304,-1,-1,-1
302,3159,651.37195,282.24924,10.340393,12.560028,0.7412038,-1,-1,-1
302,3157,612.72345,276.0361,9.282288,11.272095,0.83040774,-1,-1,-1
302,3234,615.39014,307.81262,11.380432,17.798431,0.74146533,-1,-1,-1
302,3323,654.71124,228.48671,8.214355,9.317688,0.4549337,-1,-1,-1
302,3306,659.2817,297.1649,10.7052,12.994202,0.64370257,-1,-1,-1
302,3158,659.8983,246.49236,9.536011,11.368698,0.60577583,-1,-1,-1
302,3216,698.8412,267.1611,12.465149,14.588928,0.6892713,-1,-1,-1
302,3313,631.6615,239.16951,8.952881,10.938065,0.7254192,-1,-1,-1
302,3338,602.994,293.51993,11.11084,15.024841,0.72747415,-1,-1,-1
302,3349,644.8585,213.40102,9.293701,10.788391,0.6575833,-1,-1,-1
302,3371,617.6397,296.9209,9.267822,13.441803,0.39013523,-1,-1,-1
302,3387,644.7594,253.48567,8.980835,11.428116,0.53747666,-1,-1,-1
302,3426,681.69696,235.04024,10.711426,11.65509,0.4507952,-1,-1,-1
302,3428,659.29846,255.54628,10.526245,11.662064,0.5591175,-1,-1,-1
302,3399,670.429,217.95357,9.384094,10.220856,0.4012122,-1,-1,-1
302,3312,660.1218,309.02222,12.138977,15.573364,0.45959154,-1,-1,-1
302,3150,680.9958,314.47836,13.434814,14.620941,0.2678508,-1,-1,-1
303,2908,646.1032,267.05603,10.975891,13.065094,0.71206385,-1,-1,-1
303,2460,668.35986,279.654,11.489685,13.53064,0.8285675,-1,-1,-1
303,3148,675.8143,296.6028,11.330688,14.555328,0.55798644,-1,-1,-1
303,3154,662.7711,264.89392,12.078369,11.780762,0.7488914,-1,-1,-1
303,3159,651.18677,281.79742,10.628418,12.529236,0.76172477,-1,-1,-1
303,3157,612.594,275.6417,9.422424,11.182556,0.8509814,-1,-1,-1
303,3234,615.3953,307.85605,11.470154,17.54837,0.73892635,-1,-1,-1
303,3323,654.60767,228.53127,8.249634,9.280243,0.44093937,-1,-1,-1
303,3306,659.2501,296.39294,10.71582,13.321991,0.6361898,-1,-1,-1
303,3158,659.9508,246.24278,9.772766,12.0550995,0.5718633,-1,-1,-1
303,3216,698.9207,267.05853,12.523071,14.701965,0.7445613,-1,-1,-1
303,3313,631.6078,239.29477,8.927002,10.9109955,0.7226853,-1,-1,-1
303,3338,603.19574,292.66632,10.891968,15.240601,0.7224647,-1,-1,-1
303,3349,644.7259,213.44437,9.297668,10.850037,0.650104,-1,-1,-1
303,3371,617.4539,296.51132,9.4599,13.403351,0.45061126,-1,-1,-1
303,3387,644.8282,253.39023,9.102051,11.250275,0.4493944,-1,-1,-1
303,3426,681.78015,235.09598,10.668884,11.581329,0.46362284,-1,-1,-1
303,3428,659.3271,254.54753,10.810791,12.21077,0.5424453,-1,-1,-1
303,3399,670.5219,218.1552,9.484375,10.10527,0.30568296,-1,-1,-1
303,3312,660.2016,309.06573,12.326538,15.316498,0.39150453,-1,-1,-1
303,3160,700.4857,314.0339,13.979919,15.280518,0.32415757,-1,-1,-1
304,2908,646.01733,266.11307,10.975342,13.650787,0.68551624,-1,-1,-1
304,2460,668.2716,279.47302,11.593384,13.588654,0.8204323,-1,-1,-1
304,3148,675.7274,296.3543,11.697693,14.616394,0.52353954,-1,-1,-1
304,3154,662.76886,264.93182,12.00647,11.518921,0.7306702,-1,-1,-1
304,3159,651.03436,281.74588,10.646973,12.299438,0.7771655,-1,-1,-1
304,3157,612.4548,275.236,9.532166,11.287811,0.8389645,-1,-1,-1
304,3234,615.3238,307.93814,11.59729,17.372162,0.74763286,-1,-1,-1
304,3323,654.48663,228.58104,8.188416,9.2283325,0.43017286,-1,-1,-1
304,3306,659.2658,296.1021,10.586731,13.27179,0.5869814,-1,-1,-1
304,3158,659.89996,246.07481,9.899048,13.235306,0.56971705,-1,-1,-1
304,3216,699.0199,267.03854,12.628601,14.819214,0.6270346,-1,-1,-1
304,3313,631.51086,239.51382,8.859863,10.867722,0.68344754,-1,-1,-1
304,3338,603.516,291.91476,10.591797,14.91214,0.72826165,-1,-1,-1
304,3349,644.4663,213.36366,9.432495,11.029846,0.6636319,-1,-1,-1
304,3371,617.8987,295.33493,9.231995,13.957611,0.54180825,-1,-1,-1
304,3387,644.8454,253.4099,9.264343,11.148941,0.36419502,-1,-1,-1
304,3426,681.84296,235.30205,10.621155,11.52504,0.4542867,-1,-1,-1
304,3428,659.296,253.20126,10.930603,13.201233,0.5740168,-1,-1,-1
304,3399,670.57916,218.36981,9.506897,10.04744,0.28687334,-1,-1,-1
304,3312,660.2017,308.7397,12.2734375,15.194183,0.36180043,-1,-1,-1
304,3160,700.50397,314.305,14.624878,15.2578125,0.35427228,-1,-1,-1
305,2908,645.92975,264.26843,11.059387,15.111633,0.7157615,-1,-1,-1
305,2460,668.2957,278.77032,11.837585,14.020111,0.82027775,-1,-1,-1
305,3148,675.90063,296.1571,11.625366,14.433105,0.6738237,-1,-1,-1
305,3154,662.7202,264.64093,11.887268,11.498688,0.7277078,-1,-1,-1
305,3159,651.09155,281.5844,10.436523,12.102997,0.7856676,-1,-1,-1
305,3157,612.61334,274.92072,9.336426,11.370483,0.8319843,-1,-1,-1
305,3234,615.46014,307.42267,11.626404,17.560272,0.74577266,-1,-1,-1
305,3323,654.4054,228.61981,8.085999,9.133011,0.5017495,-1,-1,-1
305,3306,659.31006,295.8448,10.50885,13.1910095,0.5875466,-1,-1,-1
305,3158,660.0122,245.96844,9.863586,13.380646,0.5876935,-1,-1,-1
305,3216,699.3958,266.63705,12.471191,15.342773,0.72891456,-1,-1,-1
305,3313,631.3802,239.47768,8.82959,10.998489,0.7110977,-1,-1,-1
305,3338,603.33875,291.75122,10.778931,14.465393,0.72353977,-1,-1,-1
305,3349,644.29785,213.26126,9.512878,11.171097,0.6952164,-1,-1,-1
305,3371,617.98425,294.61264,9.236023,14.438171,0.34721375,-1,-1,-1
305,3426,681.95966,235.32559,10.470459,11.684402,0.4619795,-1,-1,-1
305,3428,659.4687,252.74072,11.090515,13.324249,0.5546118,-1,-1,-1
305,3399,670.6064,218.91844,9.405945,9.719315,0.37166932,-1,-1,-1
305,3312,660.1867,308.3245,12.263855,15.386383,0.28497848,-1,-1,-1
305,3160,700.8431,314.4456,14.593811,15.311493,0.4735538,-1,-1,-1
306,2908,645.9115,263.15497,11.087585,15.8992,0.6376465,-1,-1,-1
306,2460,668.35583,278.16843,11.865967,14.234863,0.81578946,-1,-1,-1
306,3148,675.837,295.90457,11.779968,14.187103,0.6635199,-1,-1,-1
306,3154,662.7122,264.37396,11.745728,11.401703,0.7008884,-1,-1,-1
306,3159,651.2697,280.8554,10.226257,12.0651245,0.75807816,-1,-1,-1
306,3157,612.5952,274.35513,9.292236,11.524841,0.83826596,-1,-1,-1
306,3234,615.555,306.14313,11.72467,18.304993,0.74203163,-1,-1,-1
306,3323,654.4123,228.51779,7.9905396,9.136566,0.4285573,-1,-1,-1
306,3306,659.0838,295.6067,10.807068,13.091278,0.48537388,-1,-1,-1
306,3158,660.13104,245.82799,9.739075,13.347946,0.50575805,-1,-1,-1
306,3216,699.5574,266.1361,12.833374,15.887787,0.67767376,-1,-1,-1
306,3313,631.3569,239.47353,8.804443,11.00769,0.68459153,-1,-1,-1
306,3338,603.5728,291.0059,10.65332,14.520325,0.7469285,-1,-1,-1
306,3349,644.2563,213.08723,9.56604,11.33815,0.65865237,-1,-1,-1
306,3371,617.978,294.15582,9.353577,14.718048,0.30098557,-1,-1,-1
306,3426,682.4309,235.2257,10.360291,11.861374,0.33848026,-1,-1,-1
306,3428,659.5438,252.01303,11.213318,13.705017,0.59605384,-1,-1,-1
306,3399,670.7254,219.23903,9.461365,9.611221,0.25606513,-1,-1,-1
306,3312,659.962,306.88504,12.535706,16.03247,0.28545228,-1,-1,-1
306,3160,701.07025,314.47653,14.941284,15.52597,0.32327142,-1,-1,-1
307,2908,645.96747,262.09186,11.209412,15.647858,0.599783,-1,-1,-1
307,2460,668.60846,276.47983,11.532349,14.082703,0.8017861,-1,-1,-1
307,3148,676.0934,293.78372,11.901672,14.764862,0.7195076,-1,-1,-1
307,3154,663.1878,262.1752,11.872864,11.954071,0.5503565,-1,-1,-1
307,3159,651.7936,278.888,10.184204,12.431,0.76553977,-1,-1,-1
307,3157,612.6686,272.9529,9.248108,11.328491,0.8285081,-1,-1,-1
307,3234,615.7496,304.0996,11.857727,18.578033,0.7106185,-1,-1,-1
307,3323,654.6148,226.29465,8.110962,9.8160095,0.35630906,-1,-1,-1
307,3306,659.1922,293.58838,10.960388,13.064606,0.4431415,-1,-1,-1
307,3158,660.2319,242.66937,9.5286255,11.599869,0.57460785,-1,-1,-1
307,3216,699.55286,264.8345,13.453003,16.109894,0.7265321,-1,-1,-1
307,3313,631.442,238.53941,8.856812,10.656616,0.7425165,-1,-1,-1
307,3338,603.25323,289.0893,10.915405,15.013763,0.72635394,-1,-1,-1
307,3349,644.2533,212.3743,9.560852,10.778244,0.57181144,-1,-1,-1
307,3371,617.8306,292.5363,9.463074,14.015015,0.33200008,-1,-1,-1
307,3426,682.96313,234.1376,10.354187,11.774139,0.42476708,-1,-1,-1
307,3428,659.5947,252.12642,11.504822,12.6489105,0.62342304,-1,-1,-1
307,3399,670.9413,218.17581,9.559998,9.94281,0.34502736,-1,-1,-1
307,3160,701.583,313.26883,14.882568,15.334473,0.40838507,-1,-1,-1
307,3387,644.375,250.7978,9.353699,12.067795,0.40872854,-1,-1,-1
308,2908,646.29486,258.03918,10.981812,15.440613,0.66369873,-1,-1,-1
308,2460,668.77997,272.71667,11.499634,13.993805,0.81298786,-1,-1,-1
308,3148,676.4564,289.81528,11.693665,14.522095,0.5970039,-1,-1,-1
308,3154,663.3327,258.30612,11.951843,12.0538025,0.7279273,-1,-1,-1
308,3159,651.6717,274.78458,10.364746,12.909912,0.77125007,-1,-1,-1
308,3157,612.76465,269.0667,9.178406,11.457397,0.80932146,-1,-1,-1
308,3234,615.77606,299.85178,11.7491455,18.62259,0.7235264,-1,-1,-1
308,3323,654.5074,222.4677,8.519104,10.008438,0.4143968,-1,-1,-1
308,3306,659.52026,289.42737,10.682434,13.649994,0.4334903,-1,-1,-1
308,3158,660.65796,239.76305,9.525574,11.226334,0.31008017,-1,-1,-1
308,3216,700.08386,262.41782,13.119202,15.310822,0.40525404,-1,-1,-1
308,3313,631.44214,235.05833,8.868164,10.612473,0.66496193,-1,-1,-1
308,3338,603.4403,285.2846,10.75647,14.562714,0.75425375,-1,-1,-1
308,3349,644.46466,209.24516,9.242798,10.533066,0.49845317,-1,-1,-1
308,3371,618.06445,288.33966,9.379639,14.968048,0.42503455,-1,-1,-1
308,3428,659.9566,248.63805,11.223877,12.072342,0.4309147,-1,-1,-1
308,3399,671.36456,215.5877,9.635559,9.818695,0.45869556,-1,-1,-1
308,3387,644.8372,247.84781,9.643799,12.358459,0.4122756,-1,-1,-1
308,3397,830.4052,462.82516,22.659729,25.724579,0.2565867,-1,-1,-1
308,3312,660.5785,302.30426,11.974548,15.325897,0.39201617,-1,-1,-1
309,2908,646.2848,252.37744,11.362793,14.699768,0.68853736,-1,-1,-1
309,2460,668.6623,266.3909,11.882996,14.294769,0.79847544,-1,-1,-1
309,3148,676.42816,283.73874,11.784363,14.5355835,0.46996018,-1,-1,-1
309,3154,663.1108,251.66034,12.42688,12.435883,0.7459227,-1,-1,-1
309,3159,651.80963,268.48273,10.687012,13.106934,0.7404068,-1,-1,-1
309,3157,612.7465,262.85858,9.463135,11.479034,0.8285644,-1,-1,-1
309,3234,615.6597,293.9552,12.150757,18.173706,0.7071895,-1,-1,-1
309,3323,654.27313,216.45563,8.776672,10.162781,0.28828713,-1,-1,-1
309,3306,659.61273,283.4232,10.718445,13.664795,0.40759355,-1,-1,-1
309,3158,660.5939,234.15594,9.984009,11.81221,0.31678733,-1,-1,-1
309,3216,700.42487,257.3083,13.259277,14.763916,0.34558758,-1,-1,-1
309,3313,631.42584,229.07506,9.020569,10.985947,0.4571876,-1,-1,-1
309,3338,603.3411,278.99832,10.968628,14.824188,0.74757886,-1,-1,-1
309,3349,644.54456,203.36948,9.091858,10.954819,0.2713207,-1,-1,-1
309,3371,618.18115,281.979,9.4800415,15.027374,0.6758392,-1,-1,-1
309,3160,702.39996,304.13794,15.044495,15.302307,0.37005728,-1,-1,-1
310,2908,646.07605,243.28046,11.509155,16.002502,0.626186,-1,-1,-1
310,2460,668.77094,258.58105,11.909058,14.380676,0.81391853,-1,-1,-1
310,3148,676.4676,276.19693,12.144714,14.541901,0.5702182,-1,-1,-1
310,3154,663.47797,244.06161,12.429565,12.432739,0.7083402,-1,-1,-1
310,3159,651.9247,260.44653,10.869812,13.142975,0.7521673,-1,-1,-1
310,3157,612.959,255.02861,9.225891,11.410294,0.8063292,-1,-1,-1
310,3234,615.9046,285.49023,12.182312,18.517273,0.73170966,-1,-1,-1
310,3323,654.2931,209.1618,8.766663,10.179977,0.3963296,-1,-1,-1
310,3306,659.63245,275.6641,10.889099,13.798706,0.3860914,-1,-1,-1
310,3158,660.9134,226.75418,10.159973,12.914871,0.42497644,-1,-1,-1
310,3216,700.8763,250.33495,13.235962,14.462936,0.33229685,-1,-1,-1
310,3313,631.30286,221.98146,9.205688,10.703049,0.72488624,-1,-1,-1
310,3338,603.1368,271.81332,11.200989,14.347351,0.7433925,-1,-1,-1
310,3349,644.54926,196.44547,9.257141,10.547989,0.52324134,-1,-1,-1
310,3371,618.2403,274.06555,9.340332,14.8638,0.43640834,-1,-1,-1
310,3426,683.78326,217.77414,11.296692,12.0673065,0.4968794,-1,-1,-1
310,3428,660.3676,231.34894,12.197571,15.7464905,0.4483192,-1,-1,-1
310,3399,672.1681,203.11478,9.733765,9.973572,0.40466425,-1,-1,-1
311,2908,646.1477,236.59447,11.52655,15.934586,0.6815749,-1,-1,-1
311,2460,668.91565,251.85114,11.728699,14.104187,0.8050144,-1,-1,-1
311,3148,676.93604,269.48865,12.083008,14.407806,0.6780424,-1,-1,-1
311,3154,663.60425,237.07454,12.342346,12.332184,0.63721687,-1,-1,-1
311,3159,652.1384,253.53098,10.820374,13.038422,0.75528926,-1,-1,-1
311,3157,613.0713,247.96924,9.247559,11.445221,0.8102827,-1,-1,-1
311,3234,615.9273,277.86072,12.171997,19.32129,0.74655676,-1,-1,-1
311,3323,654.2079,202.28621,8.738342,10.299728,0.4378202,-1,-1,-1
311,3306,659.6251,268.74216,11.121643,13.46875,0.47014713,-1,-1,-1
311,3158,661.1547,219.19527,9.87915,11.841858,0.60593617,-1,-1,-1
311,3313,631.2511,215.25656,9.271484,10.760071,0.72045857,-1,-1,-1
311,3338,603.3248,264.16357,11.19635,14.914551,0.7571107,-1,-1,-1
311,3349,644.22656,189.50531,9.423584,10.642075,0.5755456,-1,-1,-1
311,3371,617.89734,267.48962,9.848572,15.423309,0.35635415,-1,-1,-1
311,3428,660.38806,225.01402,11.7838745,14.975998,0.5795294,-1,-1,-1
311,3399,672.3146,196.68332,9.646606,9.922043,0.47059044,-1,-1,-1
311,3397,826.8578,439.60803,22.729187,25.077332,0.29122204,-1,-1,-1
311,3312,660.27124,279.23267,12.485779,16.863495,0.3674578,-1,-1,-1
312,2908,646.43005,230.93115,11.592712,16.850754,0.6174689,-1,-1,-1
312,2460,669.1381,247.45795,12.036926,14.368652,0.7915924,-1,-1,-1
312,3148,677.323,265.06763,11.972229,14.487061,0.5627787,-1,-1,-1
312,3154,663.58997,232.62845,12.677856,12.391647,0.73529506,-1,-1,-1
312,3159,652.1903,248.9584,10.957825,13.528046,0.76889646,-1,-1,-1
312,3157,613.047,243.67444,9.285034,11.399261,0.798661,-1,-1,-1
312,3234,616.0575,274.22446,11.896179,18.600769,0.718085,-1,-1,-1
312,3323,654.6758,197.73476,8.9383545,10.3974,0.40065113,-1,-1,-1
312,3306,659.97534,264.52707,10.806274,13.600494,0.41757736,-1,-1,-1
312,3158,661.30096,214.62466,9.901794,12.033676,0.40893584,-1,-1,-1
312,3313,631.67755,211.23058,9.039185,10.747726,0.5450317,-1,-1,-1
312,3338,603.6229,260.13205,10.97052,14.455231,0.75336033,-1,-1,-1
312,3349,644.6518,185.41081,9.299194,10.583984,0.55404544,-1,-1,-1
312,3371,618.26337,263.30212,9.630737,15.067169,0.48882514,-1,-1,-1
312,3428,660.68365,221.66884,11.301819,13.48642,0.440654,-1,-1,-1
312,3399,672.77545,191.84476,9.817627,10.415329,0.49091867,-1,-1,-1
312,3312,660.9528,276.32074,11.920532,15.930847,0.44398245,-1,-1,-1
312,3426,685.1579,207.26863,10.899658,12.049469,0.28639743,-1,-1,-1
313,2908,646.71716,230.39551,11.305298,16.321,0.6140568,-1,-1,-1
313,2460,669.2369,246.21487,12.036438,14.307495,0.8109867,-1,-1,-1
313,3148,677.25006,263.81064,12.306885,14.606171,0.66742593,-1,-1,-1
313,3154,663.5502,231.34125,12.597107,12.623047,0.69699115,-1,-1,-1
313,3159,652.1356,247.40854,11.132263,13.536316,0.78818285,-1,-1,-1
313,3157,613.25854,242.22377,9.015564,11.476379,0.77002364,-1,-1,-1
313,3234,616.3032,271.70627,11.990906,20.12326,0.6951768,-1,-1,-1
313,3323,654.5159,196.38167,8.866028,10.183151,0.44292518,-1,-1,-1
313,3306,659.9022,263.0025,10.859619,13.872894,0.5712304,-1,-1,-1
313,3158,661.6348,213.0367,9.780762,11.3676605,0.5538272,-1,-1,-1
313,3313,631.6506,210.14429,8.991943,10.953018,0.7355793,-1,-1,-1
313,3338,603.44604,259.39847,11.066345,14.128174,0.7581317,-1,-1,-1
313,3349,644.70496,184.28604,9.092957,10.6232605,0.5529457,-1,-1,-1
313,3371,618.2401,262.6212,9.806274,16.563477,0.43099415,-1,-1,-1
313,3428,660.99335,221.72931,11.486389,12.558517,0.4240274,-1,-1,-1
313,3399,672.89325,190.89958,9.886536,10.516785,0.5193792,-1,-1,-1
313,3312,661.0485,275.2698,11.880493,15.773102,0.61806434,-1,-1,-1
313,3387,644.66296,220.90587,9.960266,12.632065,0.28407592,-1,-1,-1
313,3216,701.8137,238.59267,13.733582,14.608597,0.6289259,-1,-1,-1
314,2908,646.7202,229.54796,11.362549,16.714691,0.60965693,-1,-1,-1
314,2460,669.3352,245.86134,12.103027,14.372787,0.8120793,-1,-1,-1
314,3148,677.05945,263.48203,12.5477295,14.583801,0.62528527,-1,-1,-1
314,3154,663.482,230.48415,12.822632,13.007828,0.6933371,-1,-1,-1
314,3159,652.2066,246.85152,11.255127,13.633133,0.7789007,-1,-1,-1
314,3157,613.37317,241.77007,8.975464,11.524506,0.8019487,-1,-1,-1
314,3234,616.4107,271.63806,12.050903,20.06662,0.674194,-1,-1,-1
314,3323,654.6201,195.99283,8.669128,10.150085,0.40512222,-1,-1,-1
314,3306,659.9511,262.3487,10.964233,14.109863,0.5785644,-1,-1,-1
314,3158,662.01917,212.90892,9.492432,10.699356,0.4563662,-1,-1,-1
314,3313,631.63184,210.0735,9.032715,11.01741,0.7463158,-1,-1,-1
314,3338,603.2822,258.81778,11.304016,14.398712,0.753582,-1,-1,-1
314,3349,644.77094,184.16931,9.002014,10.623535,0.5743412,-1,-1,-1
314,3371,618.3431,261.98428,9.753723,16.281342,0.42424935,-1,-1,-1
314,3428,661.3073,222.1174,11.66803,12.179916,0.4551196,-1,-1,-1
314,3399,673.2364,190.9078,9.869141,10.642578,0.5246324,-1,-1,-1
314,3312,660.9424,275.01587,12.256165,15.57196,0.5562767,-1,-1,-1
314,3216,702.2946,238.32484,13.846741,14.988571,0.57149875,-1,-1,-1
314,3160,704.2345,286.32376,14.540466,15.420471,0.26732633,-1,-1,-1
315,2908,646.6941,229.44948,11.372742,16.378555,0.6212093,-1,-1,-1
315,2460,669.2864,245.53929,12.063782,14.336105,0.80568415,-1,-1,-1
315,3148,676.81885,263.028,13.054871,14.777344,0.66757995,-1,-1,-1
315,3154,663.7461,230.27821,12.57196,12.731277,0.6144186,-1,-1,-1
315,3159,652.1603,246.39893,11.672668,13.7751465,0.7507181,-1,-1,-1
315,3157,613.50854,241.46683,8.9158325,11.349503,0.7431826,-1,-1,-1
315,3234,616.36273,270.51944,12.326538,20.680695,0.6433254,-1,-1,-1
315,3323,654.542,195.65866,8.745972,10.26297,0.3515469,-1,-1,-1
315,3306,659.73083,261.5227,11.313965,14.116577,0.61486065,-1,-1,-1
315,3158,662.15,212.32619,9.278015,10.156021,0.5192148,-1,-1,-1
315,3313,631.5623,209.96382,9.099304,11.035049,0.73713636,-1,-1,-1
315,3338,603.6121,258.02054,10.979187,14.240875,0.7360254,-1,-1,-1
315,3349,644.56726,184.05338,9.045837,10.721802,0.49989358,-1,-1,-1
315,3371,618.06757,261.45563,10.182251,17.295654,0.43958604,-1,-1,-1
315,3428,661.2745,222.17569,11.485474,11.8390045,0.47885016,-1,-1,-1
315,3399,673.27264,190.91405,10.027832,10.761139,0.480497,-1,-1,-1
315,3312,660.9654,274.8123,12.4244995,15.479248,0.41609043,-1,-1,-1
315,3216,702.70557,238.16559,13.914795,15.227234,0.55630773,-1,-1,-1
315,3441,661.6257,224.87254,10.984863,10.171509,0.38957623,-1,-1,-1
315,3160,704.802,286.65604,14.4730835,15.211945,0.25450337,-1,-1,-1
316,2908,647.0149,229.186,11.352356,16.119812,0.65898305,-1,-1,-1
316,2460,669.40155,245.21207,12.207703,14.371155,0.801727,-1,-1,-1
316,3148,676.7242,262.4614,13.344299,15.110931,0.6166662,-1,-1,-1
316,3154,663.9924,229.21439,12.565796,13.276672,0.6485894,-1,-1,-1
316,3159,652.3451,246.16226,11.722839,13.686859,0.74609274,-1,-1,-1
316,3157,613.4207,241.15227,9.004944,11.42189,0.77967244,-1,-1,-1
316,3234,616.2924,270.11786,12.628052,20.455688,0.634526,-1,-1,-1
316,3323,654.4702,195.38065,8.9002075,10.48999,0.39590248,-1,-1,-1
316,3306,659.976,260.93817,11.277771,14.2821045,0.5918361,-1,-1,-1
316,3158,662.26355,211.95439,9.280884,10.038681,0.5024926,-1,-1,-1
316,3313,631.49805,210.04765,9.196228,11.065765,0.7346062,-1,-1,-1
316,3338,603.99817,257.49203,10.723816,14.124542,0.7434145,-1,-1,-1
316,3349,644.51764,183.97331,9.064392,10.811707,0.5364424,-1,-1,-1
316,3371,618.04913,261.21848,10.423889,17.224396,0.53829736,-1,-1,-1
316,3399,673.4619,190.89255,9.980896,10.860718,0.4332013,-1,-1,-1
316,3441,661.4805,223.48479,11.963013,11.150101,0.40364432,-1,-1,-1
317,2908,647.1297,228.73274,11.281494,16.180191,0.66865313,-1,-1,-1
317,2460,669.49493,244.8345,12.341248,14.345673,0.8038204,-1,-1,-1
317,3148,676.7871,261.8489,13.466003,15.399139,0.6647873,-1,-1,-1
317,3154,664.1141,228.69138,12.494263,13.158463,0.6454836,-1,-1,-1
317,3159,652.392,245.95425,11.760132,13.544891,0.73259294,-1,-1,-1
317,3157,613.25653,240.93555,9.205627,11.224075,0.76501715,-1,-1,-1
317,3234,616.2621,268.7095,12.760498,21.366241,0.5580217,-1,-1,-1
317,3323,654.37225,195.43176,8.791809,10.374161,0.39387906,-1,-1,-1
317,3306,660.06134,260.66644,11.362183,13.951263,0.5680016,-1,-1,-1
317,3158,662.13336,211.12587,9.313171,10.420441,0.33537042,-1,-1,-1
317,3313,631.4935,210.10014,9.124084,11.051544,0.7335044,-1,-1,-1
317,3338,604.05066,257.0231,10.552429,14.035736,0.7583586,-1,-1,-1
317,3349,644.30084,183.97055,9.098572,10.820663,0.5601335,-1,-1,-1
317,3371,617.7035,261.11594,10.869385,19.624146,0.51954967,-1,-1,-1
317,3399,673.46594,191.09372,9.908936,10.796509,0.3500759,-1,-1,-1
317,3441,661.33154,222.88747,12.346985,11.860428,0.365043,-1,-1,-1
317,3312,660.9042,274.2506,12.824829,14.986267,0.27614424,-1,-1,-1
318,2908,647.2103,227.66107,11.1710205,16.797607,0.6656443,-1,-1,-1
318,2460,669.69366,244.6494,12.35022,14.132553,0.7978904,-1,-1,-1
318,3148,677.2016,261.6053,13.293274,15.553497,0.685626,-1,-1,-1
318,3154,664.59045,228.4779,12.058228,12.868927,0.6504044,-1,-1,-1
318,3159,652.57306,245.59993,11.888062,13.720993,0.73336905,-1,-1,-1
318,3157,613.26074,240.5254,9.141663,11.015335,0.785442,-1,-1,-1
318,3234,616.3927,268.2663,12.662537,21.2323,0.5892525,-1,-1,-1
318,3323,654.44116,195.1272,8.718506,10.503555,0.32996815,-1,-1,-1
318,3306,660.12555,260.16312,11.51709,13.83667,0.6446993,-1,-1,-1
318,3158,662.2291,210.30406,9.298157,10.731781,0.35287374,-1,-1,-1
318,3313,631.6142,210.17128,9.067505,10.977097,0.7349935,-1,-1,-1
318,3338,604.0516,256.59314,10.848022,14.56958,0.75311255,-1,-1,-1
318,3349,644.27014,183.96701,9.100037,10.833832,0.5455921,-1,-1,-1
318,3371,617.85297,260.85355,10.680908,17.702698,0.47870493,-1,-1,-1
318,3399,673.76086,191.36807,9.647827,10.629196,0.29009667,-1,-1,-1
318,3441,661.4336,222.62013,12.391968,12.131393,0.30809325,-1,-1,-1
318,3312,661.04663,274.1116,12.959351,14.547882,0.26371363,-1,-1,-1
319,2908,647.305,226.40245,10.934753,17.61119,0.6622225,-1,-1,-1
319,2460,669.85425,244.49452,12.208191,13.875076,0.7829642,-1,-1,-1
319,3148,677.34076,261.36288,13.174011,15.748871,0.6680226,-1,-1,-1
319,3154,664.8633,228.34674,11.758057,12.730133,0.65324444,-1,-1,-1
319,3159,652.571,245.21762,11.667114,13.673889,0.7102032,-1,-1,-1
319,3157,613.3339,240.04506,8.952454,11.129425,0.78901345,-1,-1,-1
319,3234,616.3282,268.3659,12.732422,21.264435,0.59899664,-1,-1,-1
319,3323,654.3239,195.03902,8.670288,10.554352,0.39736483,-1,-1,-1
319,3306,660.1495,259.76733,11.557739,13.924286,0.64701277,-1,-1,-1
319,3158,662.2945,210.11295,9.266235,10.817139,0.4042465,-1,-1,-1
319,3313,631.6916,210.22066,8.968323,11.020676,0.76262575,-1,-1,-1
319,3338,603.94836,256.26898,10.881287,14.895905,0.76025677,-1,-1,-1
319,3349,644.1057,183.99713,9.039795,10.868423,0.58666927,-1,-1,-1
319,3371,617.9098,260.94547,10.455933,16.757263,0.32512337,-1,-1,-1
319,3399,673.8905,191.66573,9.5182495,10.6332245,0.3196665,-1,-1,-1
319,3441,661.50726,222.20493,12.080017,12.484283,0.28714782,-1,-1,-1
319,3445,649.6974,148.55403,8.6970825,9.195755,0.37720937,-1,-1,-1
319,3216,704.40454,238.41978,13.147583,15.223923,0.3267347,-1,-1,-1
320,2908,647.31165,225.55891,10.809021,18.17691,0.65303224,-1,-1,-1
320,2460,669.89624,244.28581,12.310242,13.797348,0.7821923,-1,-1,-1
320,3148,677.41974,261.09256,13.0616455,15.913025,0.61497766,-1,-1,-1
320,3154,664.5459,227.7733,12.233948,12.973892,0.6156499,-1,-1,-1
320,3159,652.56726,244.97183,11.48822,13.704498,0.7046965,-1,-1,-1
320,3157,613.4687,239.29955,8.841797,11.509171,0.7893067,-1,-1,-1
320,3234,616.4633,269.7993,12.765198,19.789307,0.62175936,-1,-1,-1
320,3323,654.2974,194.79759,8.820923,10.727692,0.37824968,-1,-1,-1
320,3306,660.34686,259.4751,11.503296,13.978729,0.587749,-1,-1,-1
320,3313,631.7123,210.24455,8.963745,11.053452,0.764261,-1,-1,-1
320,3338,603.8401,255.92555,11.005554,14.800095,0.7442147,-1,-1,-1
320,3349,643.94806,183.96097,9.118347,10.955811,0.5850535,-1,-1,-1
320,3371,618.14307,260.31473,10.218262,15.720551,0.31093842,-1,-1,-1
320,3399,674.36273,192.17693,9.54895,10.377136,0.30937204,-1,-1,-1
320,3445,649.71674,148.28261,8.841797,9.452377,0.4175841,-1,-1,-1
321,2908,647.4138,225.50002,10.760193,17.783112,0.62785876,-1,-1,-1
321,2460,669.8201,243.9691,12.387268,13.910965,0.7810437,-1,-1,-1
321,3148,677.3432,260.90573,13.129944,15.792419,0.5277406,-1,-1,-1
321,3154,664.5852,227.17151,12.453125,13.36702,0.6528948,-1,-1,-1
321,3159,652.59607,244.76643,11.53302,13.720688,0.6980755,-1,-1,-1
321,3157,613.48596,238.94711,8.869385,11.505707,0.7932167,-1,-1,-1
321,3234,616.38635,270.24637,12.906738,18.861176,0.6972449,-1,-1,-1
321,3323,654.44415,194.30074,8.956055,11.150696,0.366056,-1,-1,-1
321,3306,660.4144,259.12607,11.464783,14.086426,0.5137447,-1,-1,-1
321,3313,631.6885,210.19737,9.04071,11.19194,0.7719347,-1,-1,-1
321,3338,604.19116,255.26968,10.663208,14.384003,0.7597855,-1,-1,-1
321,3349,643.86005,183.98389,9.193726,10.9735565,0.56719345,-1,-1,-1
321,3371,618.2132,259.30185,10.011047,14.92276,0.3918238,-1,-1,-1
321,3399,674.7828,192.3221,9.6414795,10.482254,0.31001058,-1,-1,-1
321,3445,649.8718,148.2519,8.97113,9.568649,0.41275665,-1,-1,-1
321,3158,662.54364,209.33928,9.350586,11.648193,0.26854157,-1,-1,-1
322,2908,647.5237,225.83977,10.708191,16.805511,0.6401815,-1,-1,-1
322,2460,669.7938,243.26723,12.485596,14.209793,0.7752949,-1,-1,-1
322,3148,677.46387,260.64136,12.849976,15.53952,0.60922766,-1,-1,-1
322,3154,664.44165,226.74031,12.785767,13.659058,0.67604727,-1,-1,-1
322,3159,652.734,244.4898,11.471497,13.5971985,0.71640736,-1,-1,-1
322,3157,613.4929,238.58961,8.9730835,11.29689,0.7621237,-1,-1,-1
322,3234,616.19415,270.96237,13.086548,18.426483,0.65999097,-1,-1,-1
322,3323,654.54535,193.93765,8.731262,11.452011,0.3559373,-1,-1,-1
322,3306,660.32227,258.75543,11.676453,14.340149,0.5396379,-1,-1,-1
322,3313,631.64453,210.22281,9.079712,11.186203,0.76579046,-1,-1,-1
322,3338,604.18066,254.90579,10.665344,13.823151,0.7250768,-1,-1,-1
322,3349,643.65985,183.93622,9.288818,11.000534,0.5751316,-1,-1,-1
322,3371,618.1256,258.5778,9.938293,14.264557,0.54283655,-1,-1,-1
322,3399,674.94855,192.43604,9.707642,10.546631,0.36388195,-1,-1,-1
322,3445,649.8885,148.17825,8.95636,9.685699,0.4282768,-1,-1,-1
322,3158,662.51556,209.26398,9.576355,12.096802,0.34703597,-1,-1,-1
323,2908,647.58734,226.61789,10.7872925,15.685715,0.63706076,-1,-1,-1
323,2460,669.77203,242.69435,12.80249,14.511398,0.7744844,-1,-1,-1
323,3148,677.53033,260.36664,12.902283,15.454895,0.5759682,-1,-1,-1
323,3154,664.4902,226.58409,12.928406,13.721954,0.678118,-1,-1,-1
323,3159,653.0647,244.12224,11.442078,13.752335,0.70748246,-1,-1,-1
323,3157,613.5623,238.301,8.972778,11.315323,0.7755736,-1,-1,-1
323,3234,616.29065,270.79214,13.243286,17.978943,0.6986283,-1,-1,-1
323,3323,654.62115,193.53943,8.636597,11.622971,0.3832222,-1,-1,-1
323,3306,660.34094,258.57568,11.8237915,14.407227,0.55564713,-1,-1,-1
323,3313,631.70386,210.36963,9.065491,11.1006775,0.74011415,-1,-1,-1
323,3338,604.1887,254.21707,10.675476,13.968018,0.7616084,-1,-1,-1
323,3349,643.54486,184.0184,9.282227,11.001297,0.5359237,-1,-1,-1
323,3371,618.5489,257.68958,9.744141,14.461456,0.6553914,-1,-1,-1
323,3399,675.12396,192.2694,9.8168335,10.932144,0.4300758,-1,-1,-1
323,3445,649.7779,148.15015,9.038818,9.831894,0.39890644,-1,-1,-1
323,3158,662.4717,209.33696,9.818665,12.709442,0.3717603,-1,-1,-1
324,2908,647.4752,225.27582,10.9470215,16.544128,0.63906914,-1,-1,-1
324,2460,669.6678,242.21857,13.041138,14.696472,0.7717635,-1,-1,-1
324,3148,677.50146,260.06342,12.96991,15.283813,0.4915578,-1,-1,-1
324,3154,664.64294,226.32552,13.020203,13.769089,0.67400604,-1,-1,-1
324,3159,653.13434,243.72978,11.354309,13.801743,0.7214348,-1,-1,-1
324,3157,613.54425,237.9652,8.993286,11.445938,0.769323,-1,-1,-1
324,3234,616.11285,270.22437,13.607971,17.838928,0.6665328,-1,-1,-1
324,3323,654.42004,193.24109,8.69458,11.614349,0.33531228,-1,-1,-1
324,3306,660.28394,258.51724,11.850769,14.193176,0.58632535,-1,-1,-1
324,3313,631.5965,210.34187,9.145691,11.195404,0.73175645,-1,-1,-1
324,3338,603.9012,254.25114,10.901001,13.987045,0.7311746,-1,-1,-1
324,3349,643.3814,183.98933,9.320923,11.048737,0.4850943,-1,-1,-1
324,3371,618.6811,256.82367,9.695435,15.023621,0.68887943,-1,-1,-1
324,3399,675.11084,192.20262,9.926392,11.226257,0.42732924,-1,-1,-1
324,3445,649.597,148.16383,9.174988,9.930222,0.37570757,-1,-1,-1
324,3158,662.20654,209.11694,9.93811,13.003372,0.39319888,-1,-1,-1
325,2908,647.3631,224.37988,11.150391,17.002487,0.65874857,-1,-1,-1
325,2460,669.665,241.8473,13.171326,14.804916,0.77315784,-1,-1,-1
325,3148,677.5661,259.834,12.93396,15.083923,0.3893785,-1,-1,-1
325,3154,664.5056,225.27997,13.172302,14.450897,0.66818666,-1,-1,-1
325,3159,653.028,242.88896,11.391968,14.174179,0.74006104,-1,-1,-1
325,3157,613.3627,237.95435,9.1297,11.318253,0.7884165,-1,-1,-1
325,3234,616.19995,269.33112,13.267639,17.84433,0.7309577,-1,-1,-1
325,3323,654.4909,192.97763,8.691895,11.6371,0.3632087,-1,-1,-1
325,3306,660.2972,258.36505,11.947937,14.021881,0.5290562,-1,-1,-1
325,3313,631.5851,210.41249,9.10083,11.149826,0.7117727,-1,-1,-1
325,3338,604.11475,253.6725,10.592468,14.036789,0.7836856,-1,-1,-1
325,3349,643.291,183.95409,9.416748,11.095657,0.5295155,-1,-1,-1
325,3371,618.6703,256.24734,9.687073,15.415436,0.64230675,-1,-1,-1
325,3399,675.5138,192.11078,9.997009,11.476837,0.51980746,-1,-1,-1
325,3445,649.6474,148.09148,9.237061,10.045807,0.38955674,-1,-1,-1
325,3158,662.5537,208.90436,9.795471,12.619247,0.43315822,-1,-1,-1
326,2908,647.3064,223.18796,11.356689,17.833282,0.6408106,-1,-1,-1
326,2460,669.6293,241.43028,13.284607,14.889542,0.76680493,-1,-1,-1
326,3154,664.3433,224.64046,13.256531,14.761993,0.6356665,-1,-1,-1
326,3159,652.9727,242.14604,11.548096,14.5264435,0.7666105,-1,-1,-1
326,3157,613.1376,238.00346,9.251831,11.074402,0.77466846,-1,-1,-1
326,3234,616.4981,268.38293,12.984192,18.303162,0.72333425,-1,-1,-1
326,3323,654.3542,192.75542,8.786499,11.538925,0.43206173,-1,-1,-1
326,3306,660.4444,258.11496,11.909668,13.865906,0.43270788,-1,-1,-1
326,3313,631.54126,210.3864,9.114136,11.240356,0.74863446,-1,-1,-1
326,3338,604.05145,253.3571,10.654419,14.095474,0.75288975,-1,-1,-1
326,3349,643.0969,183.91179,9.567139,11.134506,0.58986175,-1,-1,-1
326,3371,618.60114,256.01328,9.831604,16.200226,0.637954,-1,-1,-1
326,3399,675.54016,192.20152,10.1345215,11.647476,0.5677737,-1,-1,-1
326,3445,649.54425,147.99991,9.21051,10.143814,0.47147894,-1,-1,-1
326,3158,662.50366,208.82718,9.879211,12.437805,0.43213525,-1,-1,-1
326,3380,595.1874,205.78754,9.301147,10.196167,0.32731774,-1,-1,-1
327,2908,647.51636,223.67113,11.32312,17.132828,0.65567476,-1,-1,-1
327,2460,669.8419,241.40126,13.258728,14.627396,0.7655577,-1,-1,-1
327,3154,664.6143,224.53218,12.912659,14.604385,0.61853385,-1,-1,-1
327,3159,652.9078,241.72627,11.752686,14.64415,0.77126056,-1,-1,-1
327,3157,613.16785,237.91254,9.245178,10.906845,0.76289654,-1,-1,-1
327,3234,616.83685,268.49005,12.688171,18.006714,0.69402325,-1,-1,-1
327,3323,654.404,192.82463,8.716248,11.241501,0.4085899,-1,-1,-1
327,3306,660.7282,257.9426,12.014465,13.809296,0.45008025,-1,-1,-1
327,3313,631.6476,210.72533,9.088196,11.153519,0.74316347,-1,-1,-1
327,3338,603.9824,253.50746,10.955505,13.724197,0.7409388,-1,-1,-1
327,3349,643.0265,184.0341,9.703369,11.192657,0.5697734,-1,-1,-1
327,3371,618.7748,255.80025,9.757019,15.89238,0.7029552,-1,-1,-1
327,3399,675.80023,192.69359,10.197937,11.734055,0.5046787,-1,-1,-1
327,3445,649.57733,148.03455,9.201721,10.173706,0.4232224,-1,-1,-1
327,3158,662.6132,208.94646,9.911621,12.665848,0.40785378,-1,-1,-1
327,3148,677.91486,259.7263,13.02356,14.241791,0.26627323,-1,-1,-1
328,2908,647.67975,224.00264,11.429993,16.574188,0.6203977,-1,-1,-1
328,2460,670.1707,241.14957,13.203369,14.530258,0.73944044,-1,-1,-1
328,3154,664.86053,223.92697,12.822449,14.9131775,0.61021125,-1,-1,-1
328,3159,652.96594,241.37845,11.823975,14.767426,0.7617557,-1,-1,-1
328,3157,613.1801,237.33592,9.369995,11.201889,0.80274296,-1,-1,-1
328,3234,617.04565,268.2459,12.478516,18.293854,0.52381265,-1,-1,-1
328,3323,654.3861,192.72566,8.70166,11.113434,0.3958508,-1,-1,-1
328,3306,661.0015,257.57635,12.111206,14.116699,0.3783003,-1,-1,-1
328,3313,631.70526,210.98964,9.009705,11.065002,0.71275043,-1,-1,-1
328,3338,603.82214,253.30124,11.211792,13.805786,0.7514013,-1,-1,-1
328,3349,642.9761,184.03133,9.76062,11.297684,0.5435595,-1,-1,-1
328,3371,618.8132,255.88976,9.832275,15.7895355,0.6590658,-1,-1,-1
328,3399,675.978,193.26672,10.2724,11.691238,0.33179238,-1,-1,-1
328,3445,649.55225,147.9836,9.258606,10.222168,0.37612393,-1,-1,-1
329,2908,647.90906,223.88155,11.388062,16.242355,0.6540612,-1,-1,-1
329,2460,670.435,240.88326,13.095154,14.163635,0.74253315,-1,-1,-1
329,3154,665.4281,223.9937,12.428101,14.523468,0.57520473,-1,-1,-1
329,3159,653.1309,241.04202,11.720764,14.77179,0.7629836,-1,-1,-1
329,3157,613.31604,236.65967,9.25769,11.38385,0.79371494,-1,-1,-1
329,3234,617.2763,268.5933,12.607117,17.941956,0.55651915,-1,-1,-1
329,3323,654.49445,192.55107,8.590942,11.004669,0.49280432,-1,-1,-1
329,3306,661.1491,257.19443,12.009705,14.269165,0.32823792,-1,-1,-1
329,3313,631.89404,211.2454,8.893677,10.932098,0.7386886,-1,-1,-1
329,3338,603.7985,252.604,11.140198,13.944519,0.7335887,-1,-1,-1
329,3349,642.76666,184.10689,9.8741455,11.296753,0.58904475,-1,-1,-1
329,3371,618.7208,255.684,10.18219,15.803482,0.6966865,-1,-1,-1
329,3399,676.2378,193.76048,10.072571,11.508331,0.4951014,-1,-1,-1
329,3445,649.6422,148.2451,9.204163,9.981247,0.3708203,-1,-1,-1
329,3148,678.3567,259.14343,13.138794,13.89563,0.41617876,-1,-1,-1
330,2908,648.02686,224.1449,11.405945,15.752335,0.6023298,-1,-1,-1
330,2460,670.6649,240.71883,12.901794,13.861252,0.73181856,-1,-1,-1
330,3154,665.7423,224.09795,12.163391,14.185638,0.45500565,-1,-1,-1
330,3159,653.40955,240.95876,11.445801,14.384964,0.72215515,-1,-1,-1
330,3157,613.40283,236.18372,9.325989,11.493988,0.7924749,-1,-1,-1
330,3234,617.31274,269.09927,12.763123,17.724518,0.57994044,-1,-1,-1
330,3323,654.5005,192.31992,8.617859,10.952209,0.47086844,-1,-1,-1
330,3313,631.8988,211.33557,8.865356,10.882645,0.7225358,-1,-1,-1
330,3338,603.8463,252.21411,11.2404175,13.824097,0.7370411,-1,-1,-1
330,3349,642.64105,184.07199,9.994385,11.3405,0.5791373,-1,-1,-1
330,3371,618.71,255.36801,10.35498,14.669678,0.696371,-1,-1,-1
330,3399,676.3899,194.20055,10.158752,11.36908,0.48669404,-1,-1,-1
330,3445,649.595,148.3478,9.210205,9.912994,0.3710565,-1,-1,-1
330,3148,678.49445,258.89276,13.135254,13.940216,0.3764705,-1,-1,-1
331,2908,648.1806,223.92145,11.465576,15.710083,0.60644674,-1,-1,-1
331,2460,670.7094,240.0754,13.048645,14.069733,0.72540325,-1,-1,-1
331,3154,665.5672,224.18065,12.102905,13.740433,0.4884372,-1,-1,-1
331,3159,653.73236,240.72786,11.198425,14.086334,0.70400476,-1,-1,-1
331,3157,613.4605,235.75238,9.436829,11.455383,0.77222383,-1,-1,-1
331,3234,617.3985,269.29114,13.004272,17.546936,0.49364957,-1,-1,-1
331,3323,654.5331,192.09358,8.70813,10.975067,0.48949102,-1,-1,-1
331,3313,631.9462,211.4725,8.847961,10.783905,0.7155929,-1,-1,-1
331,3338,603.93567,251.89503,11.195923,13.582291,0.7270553,-1,-1,-1
331,3349,642.52484,184.1021,10.035889,11.233658,0.5709473,-1,-1,-1
331,3371,618.55804,255.16959,10.661438,14.418243,0.7248566,-1,-1,-1
331,3399,676.48065,194.42667,10.241577,11.432312,0.62215805,-1,-1,-1
331,3445,649.4521,148.20396,9.327454,10.043869,0.38207197,-1,-1,-1
331,3148,678.55145,258.78098,13.348267,13.890076,0.4169179,-1,-1,-1
331,3306,661.15375,255.78992,12.163208,14.746216,0.27664167,-1,-1,-1
332,2908,648.2358,222.93768,11.502747,16.009766,0.60074204,-1,-1,-1
332,2460,670.80096,239.37332,13.090271,14.193787,0.719888,-1,-1,-1
332,3154,665.6968,223.95638,11.91626,13.305511,0.46307254,-1,-1,-1
332,3159,653.9324,240.21173,11.193054,13.740784,0.73073107,-1,-1,-1
332,3157,613.52216,235.02632,9.44696,11.274506,0.78472257,-1,-1,-1
332,3234,617.2412,268.6726,12.676147,16.293732,0.55984,-1,-1,-1
332,3323,654.4031,191.7858,8.77478,10.835587,0.50497776,-1,-1,-1
332,3313,631.8397,211.02031,8.8811035,10.841278,0.776747,-1,-1,-1
332,3338,604.142,250.87631,11.080872,13.749512,0.7046431,-1,-1,-1
332,3349,642.4665,183.96783,9.746765,11.073044,0.5272483,-1,-1,-1
332,3371,618.559,254.25745,10.533203,13.730286,0.7053292,-1,-1,-1
332,3399,676.40015,194.21812,10.30304,11.512039,0.6545923,-1,-1,-1
332,3445,649.1798,147.97206,9.360291,10.11676,0.3018697,-1,-1,-1
332,3148,678.5605,258.25134,13.632141,14.090118,0.3614686,-1,-1,-1
332,3380,596.5043,201.04965,9.880371,10.4175415,0.26066488,-1,-1,-1
333,2908,648.0651,220.34787,11.460999,15.49942,0.6547926,-1,-1,-1
333,2460,670.76526,236.72375,12.799988,14.114578,0.7683177,-1,-1,-1
333,3154,665.322,220.98805,12.320007,13.045273,0.6568889,-1,-1,-1
333,3159,653.8702,237.5303,11.278015,13.948959,0.7306834,-1,-1,-1
333,3157,613.6045,231.90773,9.080139,11.266846,0.7780076,-1,-1,-1
333,3234,617.2269,266.6535,12.7109375,15.329071,0.5632951,-1,-1,-1
333,3323,654.0629,189.50633,8.981628,10.387451,0.4997947,-1,-1,-1
333,3313,631.72253,208.55981,8.772888,10.980392,0.7944706,-1,-1,-1
333,3338,604.4157,247.68842,11.04657,13.884888,0.7075551,-1,-1,-1
333,3349,642.3617,182.09427,9.427368,10.598541,0.5989769,-1,-1,-1
333,3371,618.66565,251.15152,10.245239,13.554352,0.73726183,-1,-1,-1
333,3399,676.3095,191.83676,10.110352,11.262558,0.58438003,-1,-1,-1
333,3445,649.19476,145.85503,9.324646,10.168533,0.28983495,-1,-1,-1
333,3148,678.82214,254.92671,13.002075,14.405289,0.651735,-1,-1,-1
333,3158,662.8616,204.35416,9.927673,16.025589,0.3006318,-1,-1,-1
333,3306,661.12964,252.62083,11.813232,13.882126,0.49267745,-1,-1,-1
334,2908,647.83655,213.12556,11.514343,16.8116,0.6596146,-1,-1,-1
334,2460,670.785,230.96371,12.776794,14.09082,0.7372869,-1,-1,-1
334,3154,665.6741,215.94142,11.848572,12.137329,0.67864275,-1,-1,-1
334,3159,653.88544,231.98929,11.355225,13.496841,0.73781604,-1,-1,-1
334,3157,613.55914,226.02357,9.02063,10.926544,0.7542785,-1,-1,-1
334,3234,617.5911,260.96542,12.597046,14.666473,0.6488819,-1,-1,-1
334,3323,654.0816,183.74602,9.01062,10.447754,0.5591361,-1,-1,-1
334,3313,631.57715,202.98457,8.752319,10.95845,0.81805485,-1,-1,-1
334,3338,604.4132,241.84256,11.080322,13.777237,0.72641975,-1,-1,-1
334,3349,642.2202,176.87334,9.458252,10.648178,0.6228927,-1,-1,-1
334,3371,618.8424,245.16365,10.161621,13.230362,0.7394239,-1,-1,-1
334,3399,676.5287,186.63673,10.221741,11.354492,0.6674047,-1,-1,-1
334,3445,649.41974,140.96642,9.076172,9.905487,0.41657713,-1,-1,-1
334,3148,678.7258,249.06686,12.934204,14.276886,0.6001089,-1,-1,-1
334,3158,662.72943,199.79182,10.269653,16.03508,0.39437652,-1,-1,-1
334,3306,661.06036,246.41736,11.88324,13.805725,0.70806,-1,-1,-1
335,2908,648.2038,202.60793,11.521973,17.330902,0.6414309,-1,-1,-1
335,2460,671.0337,220.52142,12.705566,14.032227,0.73211163,-1,-1,-1
335,3154,665.0829,204.3703,12.531372,13.947861,0.5796681,-1,-1,-1
335,3159,654.108,221.54378,11.176025,13.340042,0.6565249,-1,-1,-1
335,3157,614.0208,215.87543,8.825073,10.938171,0.5125207,-1,-1,-1
335,3234,617.7049,247.13553,12.697937,17.279053,0.6360644,-1,-1,-1
335,3323,654.40173,173.33221,8.618042,10.669586,0.32867378,-1,-1,-1
335,3313,631.9575,193.69093,8.830872,11.0729065,0.7601666,-1,-1,-1
335,3338,604.8596,231.62163,10.638245,13.542389,0.6996281,-1,-1,-1
335,3349,642.5353,167.24744,9.388672,10.660522,0.4968103,-1,-1,-1
335,3371,618.7707,234.81967,10.503052,14.257767,0.47054464,-1,-1,-1
335,3399,676.93085,177.24133,10.3342285,11.325027,0.39989355,-1,-1,-1
335,3380,597.4734,180.52873,9.9696045,10.8954315,0.52144283,-1,-1,-1
336,2908,648.9281,187.52011,11.480652,17.17517,0.47381023,-1,-1,-1
336,2460,671.67017,205.40738,12.730713,14.184479,0.75617844,-1,-1,-1
336,3154,665.83966,189.51134,12.40448,13.366058,0.6486372,-1,-1,-1
336,3159,654.4417,206.2064,11.261169,13.655594,0.7379234,-1,-1,-1
336,3157,614.1726,200.61693,8.927612,10.69339,0.7121591,-1,-1,-1
336,3234,618.2876,232.29553,12.600952,16.357834,0.59480184,-1,-1,-1
336,3313,632.3843,178.96283,8.692688,10.683182,0.7951006,-1,-1,-1
336,3338,604.89496,215.9093,11.033386,13.371948,0.7017504,-1,-1,-1
336,3349,642.7638,152.48062,9.5894165,11.021439,0.5924852,-1,-1,-1
336,3371,619.30145,219.58434,10.3497925,13.487549,0.6692456,-1,-1,-1
336,3399,677.8083,163.13158,10.137024,11.169495,0.46663266,-1,-1,-1
336,3380,597.8427,165.68433,9.843567,10.549255,0.462135,-1,-1,-1
336,3306,661.33215,221.17642,13.410278,19.474686,0.46946788,-1,-1,-1
337,2908,649.4849,168.51562,11.618286,16.924026,0.4405884,-1,-1,-1
337,2460,672.3494,186.57585,13.005005,14.250351,0.79248255,-1,-1,-1
337,3154,666.37024,170.31949,12.982178,13.958694,0.41188386,-1,-1,-1
337,3159,654.936,187.2737,11.151855,14.037918,0.72435755,-1,-1,-1
337,3157,614.50665,182.16684,9.116089,10.385712,0.7229228,-1,-1,-1
337,3234,618.56885,213.80847,12.5026245,15.575363,0.6129956,-1,-1,-1
337,3313,633.1703,160.98152,8.663208,10.186615,0.7687203,-1,-1,-1
337,3338,605.4602,196.93147,11.091736,12.714737,0.6939627,-1,-1,-1
337,3349,643.3737,134.43666,9.69458,10.706772,0.5818294,-1,-1,-1
337,3371,619.4883,200.47952,10.777893,12.927582,0.5358715,-1,-1,-1
337,3399,678.7255,144.81895,10.193909,11.201309,0.5238153,-1,-1,-1
337,3380,598.6765,147.26129,10.059021,10.030319,0.31540412,-1,-1,-1
337,3306,661.9249,202.30981,13.442566,20.911621,0.28290105,-1,-1,-1
337,3158,664.26666,156.08833,9.772217,14.239243,0.4115951,-1,-1,-1
337,3323,656.07,140.77927,8.477966,10.079239,0.5543619,-1,-1,-1
338,2908,651.0251,153.13966,10.738098,14.365646,0.55822307,-1,-1,-1
338,2460,673.5522,168.83205,12.799133,14.201218,0.71855426,-1,-1,-1
338,3154,668.2855,153.92429,12.365662,12.681351,0.3351991,-1,-1,-1
338,3159,655.647,168.89801,11.043701,14.389404,0.610135,-1,-1,-1
338,3157,615.0756,164.01328,9.368469,10.379852,0.6296105,-1,-1,-1
338,3234,619.359,196.13843,12.391357,15.877594,0.57688326,-1,-1,-1
338,3313,634.06805,143.06729,8.697449,10.2885895,0.6270246,-1,-1,-1
338,3338,605.93695,178.80653,11.071167,13.261734,0.5944432,-1,-1,-1
338,3371,620.42554,182.19057,10.497864,13.173767,0.63853246,-1,-1,-1
338,3399,680.2109,126.80098,10.314392,11.285721,0.25582469,-1,-1,-1
339,2908,651.62036,141.92758,10.593445,13.275848,0.64095724,-1,-1,-1
339,2460,674.3064,156.5027,12.684082,14.273758,0.7726027,-1,-1,-1
339,3154,669.2869,141.54317,12.108276,12.571121,0.54112846,-1,-1,-1
339,3159,656.2119,156.83493,11.057983,13.943787,0.62828624,-1,-1,-1
339,3157,615.3434,151.61911,9.799438,10.526993,0.7171293,-1,-1,-1
339,3234,619.5392,183.3715,12.468872,16.450165,0.645214,-1,-1,-1
339,3313,634.5156,130.40201,8.793823,10.735458,0.6561872,-1,-1,-1
339,3338,606.2483,167.42102,11.07074,13.066177,0.72167766,-1,-1,-1
339,3371,620.42017,170.32747,11.002502,13.203552,0.5267151,-1,-1,-1
339,3399,681.08905,114.082344,10.373108,11.507477,0.39033207,-1,-1,-1
339,3148,681.40436,174.69229,12.968567,14.030945,0.38450715,-1,-1,-1
340,2908,651.8633,134.55177,10.3984375,13.925293,0.5379013,-1,-1,-1
340,2460,674.6553,150.18352,12.63324,14.291534,0.79584414,-1,-1,-1
340,3154,670.04785,135.59282,11.695862,12.052826,0.46261647,-1,-1,-1
340,3159,656.6505,150.71172,10.685425,13.704071,0.6823216,-1,-1,-1
340,3157,615.4496,145.14288,9.839783,10.654037,0.75854677,-1,-1,-1
340,3234,619.5355,175.5652,12.508972,18.04831,0.5581395,-1,-1,-1
340,3313,634.7735,123.92518,8.624451,10.69445,0.61949897,-1,-1,-1
340,3338,606.8241,160.83672,10.688293,13.291824,0.7277089,-1,-1,-1
340,3371,620.15753,164.52052,11.304871,13.6983795,0.5536743,-1,-1,-1
340,3466,598.49994,179.07657,14.755859,18.279816,0.5009315,-1,-1,-1
340,3148,681.9514,168.55789,12.429443,14.194305,0.5045141,-1,-1,-1
340,3312,664.90027,177.37213,12.36615,14.809982,0.36769524,-1,-1,-1
340,3306,664.25635,166.50702,11.622864,14.091095,0.6944328,-1,-1,-1
341,2908,651.9887,130.92429,10.714722,14.216339,0.6366808,-1,-1,-1
341,2460,675.01086,147.41612,12.5946045,14.288635,0.81316596,-1,-1,-1
341,3154,670.2125,131.51605,12.316956,12.8983,0.6783528,-1,-1,-1
341,3159,656.8446,148.04283,10.772949,13.836456,0.78017235,-1,-1,-1
341,3157,615.74255,141.87361,9.483765,11.128433,0.7124897,-1,-1,-1
341,3234,619.8633,174.52652,12.097839,16.53444,0.6181819,-1,-1,-1
341,3313,634.9227,121.18196,8.552002,10.736588,0.6725519,-1,-1,-1
341,3338,606.873,157.73892,10.947815,13.296188,0.7872761,-1,-1,-1
341,3371,620.46405,161.02159,10.961914,13.716568,0.6924572,-1,-1,-1
341,3466,598.7924,176.37839,14.261414,19.18135,0.45880747,-1,-1,-1
341,3312,665.6597,174.5104,12.000793,14.885208,0.41232398,-1,-1,-1
341,3306,664.9263,163.3641,10.841064,13.352554,0.6530253,-1,-1,-1
342,2908,652.02606,129.60027,10.964355,14.6176605,0.68592995,-1,-1,-1
342,2460,675.0897,146.13571,12.468506,14.464966,0.8033801,-1,-1,-1
342,3154,669.9869,130.18341,12.489624,12.791351,0.6721892,-1,-1,-1
342,3159,656.8258,146.7608,11.0408325,13.881668,0.7834414,-1,-1,-1
342,3157,615.72327,140.22072,9.561401,11.590332,0.7470188,-1,-1,-1
342,3234,619.8822,173.91057,11.901123,15.850464,0.582003,-1,-1,-1
342,3313,634.8825,120.21855,8.5529175,10.665588,0.7058478,-1,-1,-1
342,3338,607.10913,156.65407,10.762207,12.697449,0.7441929,-1,-1,-1
342,3371,620.7743,159.67744,10.565491,13.446747,0.6736199,-1,-1,-1
342,3466,598.7704,175.26942,14.2283325,16.504349,0.5161628,-1,-1,-1
342,3312,665.5914,172.86342,12.168518,15.296066,0.46547717,-1,-1,-1
342,3306,664.77625,162.54547,11.13385,12.980621,0.5749127,-1,-1,-1
343,2908,652.0732,129.49303,10.903381,14.348389,0.5675282,-1,-1,-1
343,2460,675.0777,145.6212,12.557556,14.550644,0.7969577,-1,-1,-1
343,3154,670.0118,129.60036,12.384644,12.853424,0.6321232,-1,-1,-1
343,3159,656.7811,145.72829,11.142456,14.071671,0.7348582,-1,-1,-1
343,3157,615.7776,139.48764,9.719727,11.595993,0.74663186,-1,-1,-1
343,3234,620.10785,173.84721,12.025635,15.423721,0.5314666,-1,-1,-1
343,3313,634.92645,120.06431,8.463623,10.626839,0.66920376,-1,-1,-1
343,3338,607.07416,155.99377,10.5720825,12.660568,0.7377088,-1,-1,-1
343,3371,620.87506,159.0958,10.658264,13.3715515,0.6614246,-1,-1,-1
343,3466,599.0899,174.9037,14.425903,15.238251,0.36916673,-1,-1,-1
343,3312,665.6022,172.41003,12.100403,15.607513,0.3878532,-1,-1,-1
343,3306,664.5796,162.10298,11.522583,13.407974,0.44285017,-1,-1,-1
344,2908,652.0921,128.28642,11.019653,14.99559,0.48847064,-1,-1,-1
344,2460,675.2631,145.18462,12.527222,14.517944,0.7826713,-1,-1,-1
344,3154,670.4099,129.80983,11.909302,12.263153,0.6014519,-1,-1,-1
344,3159,656.90485,145.58969,11.088074,13.58638,0.7153708,-1,-1,-1
344,3157,615.7967,138.8549,9.808472,11.427567,0.720669,-1,-1,-1
344,3234,620.23285,173.78629,11.92627,14.985886,0.6321831,-1,-1,-1
344,3313,634.738,120.10634,8.60968,10.518494,0.6983883,-1,-1,-1
344,3338,607.04755,155.98056,10.454773,12.188416,0.6637992,-1,-1,-1
344,3371,621.01013,158.52492,10.569641,13.455673,0.7269832,-1,-1,-1
344,3466,599.0014,174.01639,14.547119,15.131943,0.28346312,-1,-1,-1
344,3312,665.7057,172.06996,11.976929,15.415344,0.32848293,-1,-1,-1
344,3306,664.5978,161.33499,11.502869,13.4270935,0.4993712,-1,-1,-1
345,2908,652.328,127.0142,10.838562,15.46064,0.5472283,-1,-1,-1
345,2460,675.57574,145.0307,12.562561,14.332489,0.79866815,-1,-1,-1
345,3154,670.56116,129.18575,12.089111,12.601578,0.55779636,-1,-1,-1
345,3159,657.49347,145.04085,10.71698,13.540131,0.6861397,-1,-1,-1
345,3157,615.9232,138.46788,9.949524,11.464554,0.7847514,-1,-1,-1
345,3234,620.4973,173.21275,11.802551,14.910538,0.5798047,-1,-1,-1
345,3313,634.7389,120.02215,8.625549,10.5613785,0.7175891,-1,-1,-1
345,3338,607.3187,155.7025,10.477234,12.463882,0.6589201,-1,-1,-1
345,3371,621.2811,158.08685,10.443909,13.382355,0.67861867,-1,-1,-1
345,3466,599.2415,173.46892,14.665161,19.037033,0.43881947,-1,-1,-1
345,3312,666.18665,172.29373,11.813232,14.929779,0.25537032,-1,-1,-1
345,3306,664.49335,160.49214,11.654358,13.644501,0.3367905,-1,-1,-1
346,2908,652.41394,126.33744,10.778259,15.440086,0.59083617,-1,-1,-1
346,2460,675.8113,144.43848,12.68573,14.213501,0.79409283,-1,-1,-1
346,3154,670.8434,129.32436,11.89386,12.162659,0.50993633,-1,-1,-1
346,3159,657.7354,144.72845,11.065491,13.39064,0.7101945,-1,-1,-1
346,3157,615.9575,138.08429,9.736755,11.153641,0.68249726,-1,-1,-1
346,3234,620.30817,172.39351,12.121704,15.010986,0.5685969,-1,-1,-1
346,3313,634.6604,119.93065,8.724182,10.657593,0.7132183,-1,-1,-1
346,3338,607.02606,155.2589,10.69873,12.541443,0.68654615,-1,-1,-1
346,3371,621.01025,157.9183,10.677856,13.75325,0.57910615,-1,-1,-1
346,3466,599.2644,172.92099,14.86908,21.532928,0.42129362,-1,-1,-1
346,3312,666.2386,172.18517,11.870361,14.51619,0.33948857,-1,-1,-1
346,3306,664.426,159.70638,11.8203125,13.543686,0.5404303,-1,-1,-1
346,3470,644.599,91.64958,9.736145,11.473785,0.3522031,-1,-1,-1
347,2908,652.6129,125.51431,10.798096,15.79248,0.60150397,-1,-1,-1
347,2460,676.24603,144.02896,12.575989,14.118637,0.79333407,-1,-1,-1
347,3154,671.11615,128.72662,11.946106,12.507126,0.48799554,-1,-1,-1
347,3159,658.0887,144.70384,10.919434,13.26326,0.691545,-1,-1,-1
347,3157,616.0734,137.76074,9.723022,11.184387,0.763145,-1,-1,-1
347,3234,620.3597,171.50989,11.998169,16.040009,0.6208201,-1,-1,-1
347,3313,634.71277,119.95676,8.687744,10.686325,0.7417201,-1,-1,-1
347,3338,607.6426,154.65347,10.299988,12.903244,0.67766947,-1,-1,-1
347,3371,621.1379,157.8222,10.4375,13.230576,0.4417901,-1,-1,-1
347,3466,599.24567,172.84254,15.107056,23.837418,0.48267037,-1,-1,-1
347,3312,666.52136,172.29417,12.049866,14.105682,0.28489998,-1,-1,-1
347,3470,644.6699,91.633865,9.667969,11.436661,0.43348423,-1,-1,-1
348,2908,652.62427,125.29385,10.855652,15.694412,0.6516892,-1,-1,-1
348,2460,676.5079,143.69034,12.467651,14.226379,0.7869014,-1,-1,-1
348,3154,671.2538,128.28064,11.826111,12.645798,0.36458772,-1,-1,-1
348,3159,658.13873,144.18552,10.779724,13.477524,0.6414807,-1,-1,-1
348,3157,616.1323,137.01587,9.659485,11.538071,0.7596132,-1,-1,-1
348,3234,620.2579,170.55884,12.093018,16.934204,0.6555275,-1,-1,-1
348,3313,634.6545,119.9805,8.710449,10.664963,0.731011,-1,-1,-1
348,3338,607.17346,153.93254,10.706055,12.828064,0.5499281,-1,-1,-1
348,3371,621.20966,157.13022,10.350098,13.578079,0.534808,-1,-1,-1
348,3466,599.467,172.61125,15.180298,25.631516,0.25162473,-1,-1,-1
348,3312,666.6904,172.0986,11.961121,13.6354065,0.32506844,-1,-1,-1
348,3470,644.44885,91.67519,9.692749,11.593079,0.47706392,-1,-1,-1
348,3306,665.0478,158.64111,11.461609,13.317474,0.36350986,-1,-1,-1
349,2908,652.7999,125.34431,10.717651,15.441322,0.62626165,-1,-1,-1
349,2460,676.86304,143.3456,12.240112,14.223358,0.7782131,-1,-1,-1
349,3154,671.1512,127.82813,11.921936,12.814522,0.4302184,-1,-1,-1
349,3159,658.12213,143.73756,10.97345,13.74025,0.65405023,-1,-1,-1
349,3157,616.056,136.62766,9.755432,11.581482,0.7541877,-1,-1,-1
349,3234,620.2776,170.73717,12.174194,16.944534,0.63613725,-1,-1,-1
349,3313,634.5715,119.94964,8.757263,10.694542,0.7640674,-1,-1,-1
349,3338,607.42175,152.67012,10.441162,13.306717,0.744357,-1,-1,-1
349,3371,621.0947,156.83214,10.434509,13.489883,0.52405405,-1,-1,-1
349,3466,599.3391,172.23749,15.290405,26.293182,0.412338,-1,-1,-1
349,3470,644.3825,91.71262,9.658813,11.627876,0.5557769,-1,-1,-1
349,3306,664.8868,158.01747,11.5668335,13.642792,0.33402064,-1,-1,-1
350,2908,652.84143,125.60138,10.553955,14.53241,0.7010032,-1,-1,-1
350,2460,676.85974,142.82927,12.2786255,14.349869,0.77561146,-1,-1,-1
350,3154,671.262,127.16581,11.977173,12.761818,0.46227273,-1,-1,-1
350,3159,658.12445,143.22859,10.9158325,13.820023,0.71272236,-1,-1,-1
350,3157,616.3426,135.76756,9.68042,11.98085,0.79009223,-1,-1,-1
350,3234,620.4659,170.81467,12.182434,17.509872,0.6334103,-1,-1,-1
350,3313,634.51825,119.822586,8.746521,10.718155,0.7391885,-1,-1,-1
350,3338,607.34973,152.1535,10.490967,13.473618,0.61459845,-1,-1,-1
350,3371,621.2263,156.14838,10.302185,13.657608,0.66433686,-1,-1,-1
350,3470,644.30554,91.63199,9.628418,11.644569,0.5399944,-1,-1,-1
350,3477,830.42957,180.2831,21.39862,18.729904,0.43998998,-1,-1,-1
350,3478,658.91345,95.71145,9.078003,10.714943,0.33813933,-1,-1,-1
351,2908,652.644,123.23059,10.722168,16.18129,0.7111232,-1,-1,-1
351,2460,676.9365,142.39667,12.377563,14.37413,0.78139156,-1,-1,-1
351,3154,671.64355,127.00936,11.713806,12.394966,0.54578507,-1,-1,-1
351,3159,658.1052,142.9772,11.062256,13.839615,0.7378859,-1,-1,-1
351,3157,616.5238,135.06438,9.493591,12.166672,0.79242945,-1,-1,-1
351,3234,620.60266,171.10437,12.136047,17.51677,0.65978885,-1,-1,-1
351,3313,634.4256,119.75359,8.773926,10.797646,0.7697499,-1,-1,-1
351,3338,607.71533,151.77724,10.234253,13.515137,0.6858278,-1,-1,-1
351,3371,621.23865,155.81499,10.314087,13.664169,0.63352144,-1,-1,-1
351,3470,644.3332,91.638535,9.5512085,11.605431,0.60550725,-1,-1,-1
351,3477,829.65674,179.66931,21.771973,19.08931,0.49944997,-1,-1,-1
351,3478,658.95135,95.49232,9.076416,10.553688,0.41124523,-1,-1,-1
351,3479,668.61456,109.30018,9.500488,10.166115,0.3739436,-1,-1,-1
351,3441,667.91785,117.87829,12.183594,13.748756,0.33496198,-1,-1,-1
351,3148,683.5018,160.7045,14.284973,16.20366,0.3135541,-1,-1,-1
351,3466,599.3662,171.19597,15.538757,26.613586,0.31221178,-1,-1,-1
351,3306,664.9911,157.13712,11.671448,13.8927,0.33651435,-1,-1,-1
352,2908,652.58234,122.29706,10.85498,16.457169,0.7328195,-1,-1,-1
352,2460,676.88025,141.9095,12.542786,14.384872,0.76712847,-1,-1,-1
352,3154,671.46857,126.099075,11.952698,12.752991,0.6357539,-1,-1,-1
352,3159,658.1268,142.81229,11.106995,13.55452,0.7393469,-1,-1,-1
352,3157,616.6146,134.75269,9.515198,12.218292,0.8082899,-1,-1,-1
352,3234,620.5855,171.23596,11.997314,17.359604,0.6336295,-1,-1,-1
352,3313,634.41614,119.84627,8.715942,10.69252,0.7724673,-1,-1,-1
352,3338,606.51135,151.76775,11.4001465,13.569092,0.70606375,-1,-1,-1
352,3371,621.3851,154.66629,10.215698,14.213821,0.7199964,-1,-1,-1
352,3470,644.2217,91.65684,9.543274,11.620529,0.6185928,-1,-1,-1
352,3478,658.89734,95.39263,9.07782,10.432495,0.40975013,-1,-1,-1
352,3479,668.474,107.4506,9.450439,10.897736,0.3651962,-1,-1,-1
352,3481,684.1899,105.82519,10.215454,11.77829,0.38861573,-1,-1,-1
352,3482,752.96606,103.66163,13.985779,13.582535,0.3721584,-1,-1,-1
352,3441,668.05176,118.55362,12.351685,13.441711,0.25251192,-1,-1,-1
353,2908,652.6404,121.5203,10.869141,16.786293,0.70155275,-1,-1,-1
353,2460,677.0321,141.61008,12.5703125,14.343521,0.7660057,-1,-1,-1
353,3154,670.9138,124.90609,12.562256,13.441551,0.5768944,-1,-1,-1
353,3159,658.13904,142.18967,11.14093,13.672165,0.75560457,-1,-1,-1
353,3157,616.5738,134.49605,9.629822,12.259384,0.8053103,-1,-1,-1
353,3234,620.61865,170.71715,11.960327,15.924545,0.7083737,-1,-1,-1
353,3313,634.23083,119.837944,8.783081,10.604485,0.790066,-1,-1,-1
353,3338,606.99036,151.17094,11.002686,13.484985,0.672888,-1,-1,-1
353,3371,621.469,154.36104,10.128662,14.165314,0.70167476,-1,-1,-1
353,3470,644.15106,91.613754,9.6015625,11.585632,0.57535034,-1,-1,-1
353,3478,658.9893,95.14251,9.019348,10.320251,0.34665555,-1,-1,-1
353,3479,668.4397,106.98393,9.598572,11.200523,0.4195477,-1,-1,-1
353,3481,684.6611,105.82282,10.040161,11.799194,0.36420143,-1,-1,-1
353,3482,752.95807,103.20894,13.613892,13.129631,0.28010157,-1,-1,-1
353,3477,827.93835,176.0298,22.032349,18.617523,0.544202,-1,-1,-1
354,2908,652.7509,121.637474,10.8703,16.115929,0.66706824,-1,-1,-1
354,2460,677.1947,141.09903,12.70282,14.400574,0.7524079,-1,-1,-1
354,3154,671.00684,124.77665,12.628662,13.13546,0.624883,-1,-1,-1
354,3159,658.305,141.74246,10.940857,13.59642,0.7715606,-1,-1,-1
354,3157,616.5108,134.09872,9.977661,12.117203,0.8168408,-1,-1,-1
354,3234,620.7026,169.84735,12.018311,15.639114,0.67760277,-1,-1,-1
354,3313,634.2152,119.83435,8.8116455,10.528885,0.80099773,-1,-1,-1
354,3338,607.2241,151.09903,10.899841,12.959885,0.62949306,-1,-1,-1
354,3371,621.81287,153.55162,10.261841,14.595261,0.6880878,-1,-1,-1
354,3470,644.1533,91.514435,9.670227,11.472862,0.6367747,-1,-1,-1
354,3478,658.8655,95.04139,8.905823,10.054375,0.42058787,-1,-1,-1
354,3479,668.5336,106.51834,9.675659,11.636742,0.40699443,-1,-1,-1
354,3481,684.8428,106.252556,10.245972,11.5323715,0.39680248,-1,-1,-1
354,3482,752.6686,102.48573,13.753418,13.09185,0.34883574,-1,-1,-1
354,3484,1006.2631,353.65414,17.736877,32.43878,0.34752735,-1,-1,-1
354,3477,827.17566,174.60825,21.934265,17.769363,0.54149455,-1,-1,-1
354,3148,684.07184,158.88554,14.555054,17.137512,0.27685833,-1,-1,-1
354,3306,665.2268,156.5265,11.571228,12.9075775,0.25510365,-1,-1,-1
355,2908,652.83,121.08337,10.927246,16.279427,0.7016786,-1,-1,-1
355,2460,677.1495,140.85054,12.62439,14.18454,0.75424206,-1,-1,-1
355,3154,671.4536,124.45635,12.291138,13.07766,0.66238326,-1,-1,-1
355,3159,658.3061,141.04257,10.964478,13.771545,0.76723987,-1,-1,-1
355,3157,616.4283,133.50435,9.967041,12.024673,0.8101758,-1,-1,-1
355,3234,620.7426,169.35255,12.179443,15.77565,0.64386463,-1,-1,-1
355,3313,634.10504,119.740845,8.806274,10.484436,0.79317635,-1,-1,-1
355,3338,607.8101,150.12035,10.254639,13.057465,0.5569972,-1,-1,-1
355,3371,621.9084,153.12689,10.168579,14.631821,0.7153692,-1,-1,-1
355,3470,644.0428,91.303246,9.686523,11.4045105,0.6434282,-1,-1,-1
355,3478,658.72516,94.64875,8.883484,10.02713,0.42630538,-1,-1,-1
355,3479,668.5885,106.10697,9.675781,11.830025,0.42033994,-1,-1,-1
355,3481,684.8182,106.27724,10.363342,11.551109,0.42895973,-1,-1,-1
355,3482,752.02,101.753975,13.74884,12.818863,0.42658332,-1,-1,-1
355,3484,1006.551,353.13382,17.448975,32.176117,0.3352739,-1,-1,-1
355,3477,826.6551,173.65298,21.495728,17.225418,0.6189932,-1,-1,-1
355,3148,684.04236,158.99104,14.727234,18.403503,0.32461622,-1,-1,-1
355,3306,665.2297,156.18896,11.441711,13.344833,0.411401,-1,-1,-1
356,2908,652.9567,121.43369,10.886169,15.666725,0.64869696,-1,-1,-1
356,2460,677.1929,140.33809,12.697632,14.218918,0.7519304,-1,-1,-1
356,3154,671.83795,124.83291,12.140808,12.529747,0.6642494,-1,-1,-1
356,3159,658.47314,140.55469,10.900818,13.702499,0.7690401,-1,-1,-1
356,3157,616.2358,133.20728,10.193359,12.003738,0.81303394,-1,-1,-1
356,3234,620.8876,168.7135,12.101135,15.748001,0.7120574,-1,-1,-1
356,3313,634.1162,119.75987,8.782043,10.398758,0.78984284,-1,-1,-1
356,3338,607.9644,149.9307,10.128296,12.536331,0.56474113,-1,-1,-1
356,3371,622.1343,152.7438,10.007202,14.306915,0.68173754,-1,-1,-1
356,3470,643.99603,91.176056,9.775818,11.495903,0.6041392,-1,-1,-1
356,3478,658.80084,94.52869,8.894287,9.94635,0.41500938,-1,-1,-1
356,3481,685.11163,106.54005,10.310913,11.357628,0.3504394,-1,-1,-1
356,3484,1006.6713,352.2032,17.328674,32.014374,0.283907,-1,-1,-1
356,3477,826.19934,172.54222,21.758179,16.929794,0.48715565,-1,-1,-1
356,3148,684.08167,158.32767,14.520081,18.789108,0.65485895,-1,-1,-1
356,3306,665.50616,155.61864,11.25354,13.271042,0.3769335,-1,-1,-1
357,2908,652.92554,120.68844,11.138916,15.954491,0.62922055,-1,-1,-1
357,2460,677.09686,139.68256,12.764465,14.303879,0.763075,-1,-1,-1
357,3154,671.92413,123.857864,12.080444,13.14978,0.6775628,-1,-1,-1
357,3159,658.7662,140.12842,10.817566,13.686981,0.7726171,-1,-1,-1
357,3157,616.20856,132.91295,10.169067,11.625793,0.8152871,-1,-1,-1
357,3234,621.04205,168.65675,12.743042,16.875778,0.6535792,-1,-1,-1
357,3313,633.9997,119.76901,8.848816,10.351639,0.8025634,-1,-1,-1
357,3338,608.50543,149.39697,9.778015,12.457672,0.5445434,-1,-1,-1
357,3371,622.20886,152.3406,10.000183,14.05603,0.72327036,-1,-1,-1
357,3470,643.94385,91.18711,9.684387,11.343071,0.61974996,-1,-1,-1
357,3478,658.7609,94.51929,8.871887,9.860153,0.42886412,-1,-1,-1
357,3481,685.42896,106.49318,10.300598,11.454971,0.36563638,-1,-1,-1
357,3484,1007.2959,351.27777,16.692139,32.12323,0.2614472,-1,-1,-1
357,3477,825.4465,170.7133,21.973694,17.152954,0.63931924,-1,-1,-1
357,3148,684.4049,158.11357,15.123657,19.885513,0.3972189,-1,-1,-1
357,3306,665.8076,155.55672,11.516052,14.011551,0.41601375,-1,-1,-1
357,3479,668.66943,105.88398,9.635071,11.701195,0.29371578,-1,-1,-1
358,2908,652.98584,119.66754,11.142273,16.420303,0.6229982,-1,-1,-1
358,2460,677.1468,139.49327,12.7908325,14.179932,0.7749555,-1,-1,-1
358,3154,671.6325,122.965965,12.461182,13.767067,0.68743634,-1,-1,-1
358,3159,658.9644,139.56673,10.904358,13.7957,0.77730286,-1,-1,-1
358,3157,616.1644,132.5895,10.281921,11.521942,0.81843853,-1,-1,-1
358,3234,621.05444,168.48631,12.775696,17.062439,0.57984376,-1,-1,-1
358,3313,633.9847,119.70451,8.816162,10.354507,0.7988318,-1,-1,-1
358,3338,607.9792,149.61456,10.311951,11.991699,0.6047632,-1,-1,-1
358,3371,622.2937,151.95052,10.121033,13.911896,0.7304865,-1,-1,-1
358,3470,643.90936,91.17425,9.644653,11.089684,0.6481904,-1,-1,-1
358,3478,658.77344,94.33618,8.914734,9.935669,0.3741106,-1,-1,-1
358,3481,685.79346,106.388916,10.256836,11.700478,0.46772352,-1,-1,-1
358,3477,824.5664,169.31696,21.707092,17.186127,0.6123604,-1,-1,-1
358,3148,684.552,157.69646,14.994812,19.552307,0.48232278,-1,-1,-1
358,3489,651.4872,111.10108,10.146545,12.261444,0.45262003,-1,-1,-1
358,3490,701.00214,115.76713,12.559509,12.826225,0.3761871,-1,-1,-1
359,2908,653.16,119.23874,10.874634,16.27385,0.5942609,-1,-1,-1
359,2460,677.22064,139.16013,12.783936,13.92836,0.77683,-1,-1,-1
359,3154,671.5404,122.73591,12.584351,13.716286,0.6594198,-1,-1,-1
359,3159,659.1714,139.41354,10.809082,13.391418,0.7678385,-1,-1,-1
359,3157,616.3086,132.45819,10.202759,11.296783,0.8187815,-1,-1,-1
359,3234,621.12463,167.89699,12.749329,16.556366,0.57750046,-1,-1,-1
359,3313,633.9682,119.69108,8.8479,10.291237,0.8040834,-1,-1,-1
359,3338,608.01495,148.95813,10.566711,11.893768,0.5529834,-1,-1,-1
359,3371,622.3555,151.62766,9.880798,13.75029,0.7120778,-1,-1,-1
359,3470,643.8836,91.16007,9.569458,10.847061,0.6701358,-1,-1,-1
359,3478,658.8063,94.17139,9.026489,9.901756,0.3886879,-1,-1,-1
359,3481,686.1601,106.442535,10.1692505,11.583313,0.49302608,-1,-1,-1
359,3477,823.5928,168.20319,21.645569,16.986267,0.634963,-1,-1,-1
359,3148,684.7394,157.12277,15.262939,19.127502,0.3233391,-1,-1,-1
359,3489,651.5774,110.73124,10.234863,12.228256,0.46974903,-1,-1,-1
359,3490,700.96716,115.31436,12.812317,13.076141,0.3240132,-1,-1,-1
359,3306,665.91046,154.56812,11.875305,14.397568,0.36319792,-1,-1,-1
359,3479,668.76154,105.75397,9.546631,13.259087,0.36093634,-1,-1,-1
360,2908,653.166,117.87932,10.980164,17.015076,0.6033712,-1,-1,-1
360,2460,677.3131,138.90405,12.846802,13.799606,0.78069323,-1,-1,-1
360,3154,671.88855,122.47043,12.376648,13.780365,0.637696,-1,-1,-1
360,3159,659.2657,138.63068,10.945801,13.545929,0.736779,-1,-1,-1
360,3157,616.3096,132.21957,10.227234,11.281967,0.8137843,-1,-1,-1
360,3234,621.21027,167.21196,12.674805,15.857208,0.5496331,-1,-1,-1
360,3313,633.8537,119.66199,8.885071,10.260513,0.79601353,-1,-1,-1
360,3338,607.7724,148.76994,10.624207,11.647446,0.6207117,-1,-1,-1
360,3371,622.345,151.33713,9.925537,13.662094,0.65453506,-1,-1,-1
360,3470,643.7922,91.113014,9.5772705,10.827011,0.6576239,-1,-1,-1
360,3478,658.9208,93.60517,9.053711,10.148056,0.38098088,-1,-1,-1
360,3481,686.5182,106.495125,10.138489,11.794754,0.5021868,-1,-1,-1
360,3477,822.9729,167.45421,21.820862,16.718307,0.6375281,-1,-1,-1
360,3148,684.64874,156.813,15.187439,17.265427,0.31330618,-1,-1,-1
360,3489,651.8152,110.830666,10.3029785,13.611145,0.42571598,-1,-1,-1
360,3306,666.0598,153.79944,11.798889,13.689377,0.44395575,-1,-1,-1
360,3479,668.79974,105.58725,9.75415,14.534157,0.4776071,-1,-1,-1
361,2908,653.231,117.71235,10.953796,16.850502,0.6475066,-1,-1,-1
361,2460,677.46954,138.6901,12.774048,13.712173,0.78219455,-1,-1,-1
361,3154,672.0746,122.37259,12.300232,13.680054,0.6287209,-1,-1,-1
361,3159,659.4344,138.50659,11.035034,13.3133545,0.7601146,-1,-1,-1
361,3157,616.3282,132.00139,10.318054,11.19075,0.80467737,-1,-1,-1
361,3234,621.24347,166.25078,12.301331,16.0439,0.5881312,-1,-1,-1
361,3313,633.8481,119.65712,8.895203,10.285019,0.79743356,-1,-1,-1
361,3338,608.48047,147.37035,10.325623,12.265366,0.6362918,-1,-1,-1
361,3371,622.4699,150.49648,9.789246,13.878418,0.6217127,-1,-1,-1
361,3470,643.6902,90.98659,9.674377,11.001724,0.67197067,-1,-1,-1
361,3478,658.95514,93.357704,8.996582,10.095444,0.40178636,-1,-1,-1
361,3481,686.8572,106.78668,10.160828,11.770378,0.57569516,-1,-1,-1
361,3477,821.9413,166.24861,21.720032,16.77678,0.6407819,-1,-1,-1
361,3148,684.79126,156.55405,15.76709,19.435272,0.26377243,-1,-1,-1
361,3489,651.92346,110.61946,10.272766,13.952927,0.5014657,-1,-1,-1
361,3306,666.2429,153.52185,11.559021,13.335419,0.5073916,-1,-1,-1
361,3479,668.7965,105.67873,9.767578,14.940941,0.481746,-1,-1,-1
362,2908,653.38257,117.33014,10.869324,16.712708,0.7007865,-1,-1,-1
362,2460,677.60016,138.18735,12.827698,13.753082,0.78177935,-1,-1,-1
362,3154,671.84436,122.0164,12.308228,13.571045,0.63893384,-1,-1,-1
362,3159,659.5021,138.10411,11.277405,13.299789,0.7602455,-1,-1,-1
362,3157,616.3519,131.52716,10.192139,10.97728,0.7876216,-1,-1,-1
362,3234,621.2212,165.42822,12.32489,16.095474,0.6027288,-1,-1,-1
362,3313,633.8068,119.69626,8.9019165,10.222839,0.7914914,-1,-1,-1
362,3338,608.0652,146.93964,10.582397,12.624222,0.6716439,-1,-1,-1
362,3371,622.44354,150.24077,9.765991,13.699799,0.57073444,-1,-1,-1
362,3470,643.6006,90.79675,9.743103,11.159012,0.67945397,-1,-1,-1
362,3478,659.04926,92.95345,8.942932,10.119141,0.49091285,-1,-1,-1
362,3481,686.98944,106.88709,10.395996,12.046249,0.6200673,-1,-1,-1
362,3477,821.17804,165.30095,21.136658,16.49086,0.65621114,-1,-1,-1
362,3148,684.7582,156.36974,15.562378,18.580078,0.36532587,-1,-1,-1
362,3489,652.07745,110.27345,10.216187,14.854378,0.37387747,-1,-1,-1
362,3306,666.24585,152.89029,11.673096,12.927109,0.5800596,-1,-1,-1
362,3479,668.9796,105.462746,9.844727,15.394363,0.60846,-1,-1,-1
362,3312,667.58527,165.92632,13.15564,13.893341,0.27558526,-1,-1,-1
363,2908,653.454,117.38101,11.022034,15.991928,0.714985,-1,-1,-1
363,2460,677.64594,137.62793,12.965515,13.891174,0.7811458,-1,-1,-1
363,3154,671.69617,121.28624,12.587036,13.697113,0.6351179,-1,-1,-1
363,3159,659.48,137.59792,11.5672,13.46759,0.7321926,-1,-1,-1
363,3157,616.72894,130.35835,10.026855,11.55571,0.7815095,-1,-1,-1
363,3234,621.1961,164.77473,12.141785,16.33847,0.59285885,-1,-1,-1
363,3313,633.6912,119.55236,8.955994,10.241859,0.7806223,-1,-1,-1
363,3338,608.39453,145.83896,10.780884,13.69487,0.60118204,-1,-1,-1
363,3371,622.51514,149.6708,9.947632,13.996826,0.60147125,-1,-1,-1
363,3470,643.5459,90.496765,9.688721,11.324463,0.6650083,-1,-1,-1
363,3478,659.1495,92.44673,8.825867,10.047028,0.5377517,-1,-1,-1
363,3481,687.19037,106.74021,10.469666,12.274521,0.65073633,-1,-1,-1
363,3477,820.0907,163.68167,21.081848,16.438126,0.44879875,-1,-1,-1
363,3148,684.9962,155.97342,16.042664,20.691666,0.43756592,-1,-1,-1
363,3489,652.1154,109.58203,10.400635,16.405373,0.45103148,-1,-1,-1
363,3306,666.2662,151.99481,11.981812,13.122421,0.50075424,-1,-1,-1
363,3479,668.8997,105.04757,10.2560425,16.456123,0.6560347,-1,-1,-1
364,2908,653.56635,115.36936,11.074585,17.313637,0.6894339,-1,-1,-1
364,2460,677.8035,137.03215,13.008301,14.133606,0.7783867,-1,-1,-1
364,3154,671.9055,120.92698,12.557251,13.459007,0.66247475,-1,-1,-1
364,3159,659.66833,137.07426,11.57373,13.64061,0.74971014,-1,-1,-1
364,3157,616.86816,129.9366,9.864868,11.249222,0.78818727,-1,-1,-1
364,3234,621.2958,164.51895,12.380005,16.45366,0.6122105,-1,-1,-1
364,3313,633.6359,119.46441,8.847229,10.205421,0.7736846,-1,-1,-1
364,3338,608.8006,145.42604,10.517395,13.630722,0.67385995,-1,-1,-1
364,3371,622.6171,149.5706,10.032715,13.793228,0.68027675,-1,-1,-1
364,3470,643.4526,90.40754,9.716309,11.355354,0.67013264,-1,-1,-1
364,3478,659.29205,92.01598,8.7872925,10.147041,0.591338,-1,-1,-1
364,3481,687.38403,106.89505,10.4904785,12.19677,0.67769736,-1,-1,-1
364,3477,819.29626,162.2379,20.86737,16.393768,0.3702204,-1,-1,-1
364,3148,685.1046,155.66858,16.351807,20.608658,0.27779353,-1,-1,-1
364,3489,652.2959,109.44963,10.591064,18.725845,0.40680444,-1,-1,-1
364,3306,666.36664,151.03769,11.814331,13.387741,0.6028941,-1,-1,-1
364,3479,669.02313,105.02277,10.500793,16.856483,0.6541738,-1,-1,-1
364,3501,654.1509,53.457253,9.115723,10.533234,0.37302366,-1,-1,-1
364,3490,703.5388,114.31092,12.009949,13.839912,0.43520448,-1,-1,-1
364,3312,667.68005,164.59305,13.679565,14.113449,0.29466808,-1,-1,-1
365,2908,653.5811,115.2649,11.139282,17.162926,0.6952124,-1,-1,-1
365,2460,677.79645,136.71246,13.076111,14.227936,0.7809902,-1,-1,-1
365,3154,671.99426,120.48448,12.737061,13.375732,0.6939767,-1,-1,-1
365,3159,659.72327,136.91507,11.623596,13.636963,0.7378289,-1,-1,-1
365,3157,616.9506,129.38885,9.990662,11.422974,0.7999117,-1,-1,-1
365,3234,621.3964,164.51698,12.211975,16.276459,0.59155804,-1,-1,-1
365,3313,633.3888,119.4954,8.898804,10.189873,0.7770947,-1,-1,-1
365,3338,609.25995,144.95343,10.435608,13.746597,0.6120909,-1,-1,-1
365,3371,622.4477,149.19145,10.21759,13.689972,0.6247913,-1,-1,-1
365,3470,643.31085,90.24165,9.628052,11.469551,0.6568197,-1,-1,-1
365,3478,659.47876,91.5256,8.869324,10.262039,0.62719154,-1,-1,-1
365,3481,687.5914,107.110725,10.4198,12.090622,0.69679713,-1,-1,-1
365,3148,685.1568,155.58284,16.504272,20.138184,0.44090104,-1,-1,-1
365,3489,652.3659,108.7891,10.483704,19.412575,0.3456331,-1,-1,-1
365,3306,666.46423,150.37485,11.622009,13.75798,0.6337435,-1,-1,-1
365,3479,669.00024,104.63953,10.657227,17.148201,0.6484385,-1,-1,-1
365,3501,654.0413,53.251396,9.267578,10.629086,0.439913,-1,-1,-1
365,3490,703.9527,114.378975,11.734497,13.876732,0.5116437,-1,-1,-1
366,2908,653.7204,114.68761,11.047058,17.360886,0.6839194,-1,-1,-1
366,2460,678.03265,136.524,12.894653,14.102142,0.7934308,-1,-1,-1
366,3154,672.0083,120.17668,12.905457,13.166901,0.7080127,-1,-1,-1
366,3159,659.8339,136.86674,11.682617,13.341812,0.7427914,-1,-1,-1
366,3157,617.0717,129.1751,10.020325,11.152695,0.81243676,-1,-1,-1
366,3234,621.5534,164.34344,12.438904,15.844009,0.54162055,-1,-1,-1
366,3313,633.4554,119.52102,8.781616,10.158821,0.77854806,-1,-1,-1
366,3338,609.59436,144.82227,10.177673,13.583145,0.6089797,-1,-1,-1
366,3371,622.70105,148.54022,10.179932,13.951981,0.70628977,-1,-1,-1
366,3470,643.3239,90.29333,9.593018,11.416565,0.68004215,-1,-1,-1
366,3478,659.5746,91.40097,8.797424,10.03318,0.6315852,-1,-1,-1
366,3481,688.0319,107.34094,10.250549,11.946205,0.72776026,-1,-1,-1
366,3148,685.35156,155.13443,16.147888,19.131012,0.27502227,-1,-1,-1
366,3489,652.64496,108.431946,10.280823,19.424149,0.28220606,-1,-1,-1
366,3306,666.5986,149.99382,11.530945,13.771713,0.6519361,-1,-1,-1
366,3479,669.1589,104.615,10.362671,16.862183,0.6260402,-1,-1,-1
366,3501,654.1216,53.31179,9.258606,10.57066,0.38637516,-1,-1,-1
366,3490,704.3524,114.569145,11.703003,13.856804,0.56593657,-1,-1,-1
366,3477,817.3685,159.55165,21.273438,16.948746,0.38132924,-1,-1,-1
367,2908,653.7932,114.058235,10.894592,17.530022,0.6971279,-1,-1,-1
367,2460,678.1689,136.02393,12.804626,14.094543,0.80142,-1,-1,-1
367,3154,672.1684,120.069626,12.863098,12.87886,0.7200166,-1,-1,-1
367,3159,659.8053,136.32028,11.64917,13.49704,0.7219676,-1,-1,-1
367,3157,616.9329,128.66698,10.154907,11.391556,0.8017758,-1,-1,-1
367,3234,621.62225,163.60254,12.069336,15.554443,0.6831683,-1,-1,-1
367,3313,633.47284,119.38311,8.726685,10.243538,0.77303475,-1,-1,-1
367,3338,609.6052,144.10986,10.2771,13.365143,0.62646925,-1,-1,-1
367,3371,622.7919,147.836,10.195801,14.219833,0.69563836,-1,-1,-1
367,3470,643.24097,90.218575,9.452515,11.440796,0.6423685,-1,-1,-1
367,3478,659.5944,91.200035,8.675354,9.940369,0.63215506,-1,-1,-1
367,3481,688.3647,107.46327,10.234924,11.8558655,0.71375364,-1,-1,-1
367,3148,685.5033,154.45831,16.140503,20.413498,0.31493905,-1,-1,-1
367,3489,652.8087,108.34723,10.276062,19.890625,0.37767088,-1,-1,-1
367,3306,666.85974,149.01967,11.099121,14.071472,0.5724884,-1,-1,-1
367,3479,669.3797,104.44689,10.145081,17.02903,0.606995,-1,-1,-1
367,3501,654.19995,53.333626,9.253784,10.58139,0.3801718,-1,-1,-1
367,3490,704.65466,114.14056,11.720825,14.311958,0.5569263,-1,-1,-1
367,3312,667.68787,163.43762,13.736511,14.390503,0.30558136,-1,-1,-1
368,2908,653.9432,114.38184,10.709595,16.939842,0.65250224,-1,-1,-1
368,2460,678.19257,135.73851,13.033936,14.119507,0.79956675,-1,-1,-1
368,3154,672.09863,119.594376,12.869019,13.019043,0.69413304,-1,-1,-1
368,3159,659.7771,136.0161,11.42865,13.391235,0.72588533,-1,-1,-1
368,3157,616.7799,128.41415,10.267334,11.13623,0.8055776,-1,-1,-1
368,3234,621.62933,162.82906,11.8168335,15.458176,0.5469894,-1,-1,-1
368,3313,633.3126,119.2422,8.732361,10.351898,0.7828156,-1,-1,-1
368,3338,609.0892,144.14531,10.402893,13.028992,0.67937523,-1,-1,-1
368,3371,622.8592,147.17892,10.0896,14.524216,0.6392105,-1,-1,-1
368,3470,643.06274,90.044426,9.369568,11.552933,0.61080813,-1,-1,-1
368,3478,659.54626,90.998886,8.742676,9.9086075,0.6223853,-1,-1,-1
368,3481,688.47766,107.45083,10.421753,11.978882,0.6809903,-1,-1,-1
368,3306,666.6664,148.6178,11.708191,14.289963,0.4983159,-1,-1,-1
368,3479,669.2057,103.52735,10.055054,16.269096,0.45216712,-1,-1,-1
368,3501,654.0106,53.53384,9.25592,10.431667,0.29593065,-1,-1,-1
368,3490,704.5714,113.647385,11.845398,14.756989,0.53369296,-1,-1,-1
368,3312,667.6882,162.95015,13.7595215,14.1414795,0.27538428,-1,-1,-1
369,2908,654.1325,114.96011,10.747864,16.036499,0.6436756,-1,-1,-1
369,2460,678.5119,134.96228,12.969666,14.511932,0.7971528,-1,-1,-1
369,3154,672.4628,119.52709,12.587097,12.83416,0.6292493,-1,-1,-1
369,3159,659.99146,135.61557,11.128174,13.331787,0.6951085,-1,-1,-1
369,3157,616.6771,128.06139,10.464233,10.975662,0.81396556,-1,-1,-1
369,3234,621.71405,161.52844,11.520203,16.054565,0.5281879,-1,-1,-1
369,3313,633.3329,119.07111,8.688599,10.460747,0.7900465,-1,-1,-1
369,3338,609.6565,143.26912,10.270508,13.287857,0.6152942,-1,-1,-1
369,3371,622.6828,147.20564,10.400635,14.261276,0.6238337,-1,-1,-1
369,3470,643.1125,89.86825,9.352356,11.710991,0.6409678,-1,-1,-1
369,3478,659.7995,90.71024,8.689148,9.92643,0.6000499,-1,-1,-1
369,3481,688.76154,107.78239,10.452881,11.809212,0.67762405,-1,-1,-1
369,3306,666.7957,148.35185,11.827515,14.085617,0.40862054,-1,-1,-1
369,3479,669.56714,103.3571,9.933838,16.75341,0.4011887,-1,-1,-1
369,3501,654.144,53.73414,9.070923,10.143776,0.2964388,-1,-1,-1
369,3490,704.639,113.335976,12.214355,15.046043,0.4245737,-1,-1,-1
369,3312,667.81854,162.22958,13.608154,14.309525,0.5452477,-1,-1,-1
370,2908,654.2061,114.75855,10.792114,15.779503,0.6371595,-1,-1,-1
370,2460,678.85156,134.69495,12.779907,14.446411,0.7982648,-1,-1,-1
370,3154,672.91437,118.9464,12.6762085,13.104317,0.6898586,-1,-1,-1
370,3159,660.1399,134.96591,11.002197,13.458374,0.7391736,-1,-1,-1
370,3157,616.68915,127.337135,10.477844,11.254662,0.8106137,-1,-1,-1
370,3234,621.83386,161.44019,11.29364,15.488846,0.540814,-1,-1,-1
370,3313,633.29675,118.80249,8.731934,10.579346,0.8048073,-1,-1,-1
370,3338,609.4371,143.05766,10.6831665,13.146103,0.70320106,-1,-1,-1
370,3371,622.7306,146.7767,10.46106,14.205093,0.70932245,-1,-1,-1
370,3470,642.96356,89.77678,9.432983,11.719566,0.6317758,-1,-1,-1
370,3478,659.8473,90.31936,8.720032,9.981583,0.6088743,-1,-1,-1
370,3481,689.06995,108.06058,10.370483,11.618149,0.7058753,-1,-1,-1
370,3306,666.8681,147.49655,12.128662,14.48027,0.5493628,-1,-1,-1
370,3479,669.7968,102.720604,9.845703,16.643517,0.26111615,-1,-1,-1
370,3501,654.03674,53.751667,9.096436,10.224522,0.38510907,-1,-1,-1
370,3490,704.80835,113.75593,12.39917,14.7493515,0.5359747,-1,-1,-1
370,3312,667.98474,161.66995,13.403992,13.941299,0.52673626,-1,-1,-1
370,3505,725.0403,149.26048,13.723267,15.504669,0.57058585,-1,-1,-1
370,3506,652.73694,106.00076,9.647766,15.387367,0.35669684,-1,-1,-1
370,3489,653.6354,107.68194,10.371582,21.579353,0.31556353,-1,-1,-1
371,2908,654.3021,114.07179,10.817139,15.916489,0.6824495,-1,-1,-1
371,2460,678.8797,134.35733,13.108765,14.459305,0.80258626,-1,-1,-1
371,3154,673.1979,118.23075,13.017578,13.54438,0.656529,-1,-1,-1
371,3159,660.3179,134.4168,10.792358,13.393524,0.72689575,-1,-1,-1
371,3157,616.67316,126.97711,10.574829,11.056061,0.80734855,-1,-1,-1
371,3234,622.0275,160.7264,11.88324,15.794617,0.6323019,-1,-1,-1
371,3313,633.3855,118.74712,8.578918,10.483528,0.79270595,-1,-1,-1
371,3338,610.0419,141.82016,10.054138,12.3806,0.6203189,-1,-1,-1
371,3371,622.9161,146.33885,10.602112,13.876587,0.69662726,-1,-1,-1
371,3470,643.04974,89.67472,9.504089,11.793961,0.6477668,-1,-1,-1
371,3478,660.08704,90.02959,8.644836,9.967293,0.6011336,-1,-1,-1
371,3481,689.41943,108.156525,10.621765,11.737236,0.74554527,-1,-1,-1
371,3306,667.1268,146.86423,12.181213,14.776611,0.45894662,-1,-1,-1
371,3479,670.2142,102.29724,9.697327,16.632423,0.26352823,-1,-1,-1
371,3501,654.0933,53.64114,9.157654,10.293858,0.38758257,-1,-1,-1
371,3490,705.3074,114.01567,12.442139,14.576447,0.5901323,-1,-1,-1
371,3312,668.2103,161.12866,13.392273,14.105209,0.6268115,-1,-1,-1
371,3505,725.356,149.33476,14.027771,15.407028,0.61880946,-1,-1,-1
371,3506,653.0451,105.75508,9.581726,16.107704,0.26630995,-1,-1,-1
371,3509,669.8151,108.22568,10.360168,13.339333,0.41739187,-1,-1,-1
371,3489,653.9877,108.216866,10.577026,21.369926,0.39873177,-1,-1,-1
371,3477,813.85834,153.30142,20.96466,16.224457,0.31376404,-1,-1,-1
372,2908,654.1994,113.02537,10.924133,16.60302,0.6879499,-1,-1,-1
372,2460,679.062,134.09157,13.090332,14.379517,0.8023118,-1,-1,-1
372,3154,673.6715,117.760124,12.998169,13.729698,0.64211124,-1,-1,-1
372,3159,660.43304,133.80112,10.700562,13.36203,0.72384185,-1,-1,-1
372,3157,616.7524,126.40183,10.671753,11.111565,0.79446334,-1,-1,-1
372,3234,622.1387,160.71786,11.834473,15.221298,0.5211995,-1,-1,-1
372,3313,633.31793,118.38502,8.618347,10.637688,0.79781216,-1,-1,-1
372,3338,609.9932,141.67035,10.328735,12.419052,0.6537666,-1,-1,-1
372,3371,622.9427,145.8946,10.548889,13.746185,0.77158713,-1,-1,-1
372,3470,642.7669,89.56516,9.661682,11.770294,0.60194093,-1,-1,-1
372,3478,660.00684,89.59916,8.821655,10.143814,0.6012415,-1,-1,-1
372,3481,689.61206,108.21243,10.841309,11.773476,0.7245937,-1,-1,-1
372,3306,667.0695,146.62498,12.396301,14.415527,0.47704548,-1,-1,-1
372,3501,653.93744,53.510506,9.378113,10.409039,0.35818806,-1,-1,-1
372,3490,705.4517,113.845245,12.835144,14.75943,0.49603257,-1,-1,-1
372,3312,668.99475,161.59607,13.041443,13.597,0.43552333,-1,-1,-1
372,3505,725.5391,149.73854,14.641052,15.063293,0.511713,-1,-1,-1
372,3506,653.06287,105.65958,9.682678,16.218391,0.37081107,-1,-1,-1
372,3509,669.8869,106.80547,10.375366,13.971306,0.42040297,-1,-1,-1
373,2908,654.30963,112.826805,10.766113,16.349571,0.69125843,-1,-1,-1
373,2460,679.24713,133.85512,12.749451,14.299255,0.79693896,-1,-1,-1
373,3154,674.0646,117.45229,12.514404,13.512642,0.65765053,-1,-1,-1
373,3159,660.39856,133.31445,10.701172,13.141769,0.7538276,-1,-1,-1
373,3157,616.7968,126.12738,10.54895,10.900879,0.7862852,-1,-1,-1
373,3234,622.3227,160.75069,12.238892,14.437088,0.65491396,-1,-1,-1
373,3313,633.2192,118.33969,8.5354,10.460403,0.7924724,-1,-1,-1
373,3338,609.99207,140.324,10.179993,12.336395,0.61908025,-1,-1,-1
373,3371,622.9817,145.51225,10.647888,13.501831,0.7902655,-1,-1,-1
373,3470,642.684,89.53419,9.502014,11.571632,0.6176316,-1,-1,-1
373,3478,660.0277,89.29305,8.773804,10.029762,0.6016818,-1,-1,-1
373,3481,689.74426,108.46847,10.953247,11.678963,0.7492718,-1,-1,-1
373,3306,667.0901,146.3511,12.010071,13.934418,0.5704244,-1,-1,-1
373,3501,653.9061,53.31721,9.364075,10.327316,0.4384426,-1,-1,-1
373,3490,705.7263,113.85264,12.850769,14.5405655,0.59935576,-1,-1,-1
373,3312,669.6386,161.76855,12.777893,13.559219,0.53230906,-1,-1,-1
373,3505,725.6439,149.71136,15.218933,15.192612,0.6269668,-1,-1,-1
373,3506,653.1819,105.36577,9.4991455,14.250885,0.45248395,-1,-1,-1
373,3509,669.7644,108.538795,10.216309,12.141487,0.44509748,-1,-1,-1
374,2908,654.2265,111.81995,10.772034,17.06392,0.6701063,-1,-1,-1
374,2460,679.62286,133.20518,12.579468,14.370773,0.79519874,-1,-1,-1
374,3154,673.705,116.56392,12.707336,13.897522,0.6590281,-1,-1,-1
374,3159,660.508,132.92381,10.541138,12.889389,0.75783354,-1,-1,-1
374,3157,616.6528,125.98774,10.593445,10.697334,0.7966885,-1,-1,-1
374,3234,622.3992,160.76993,11.904602,13.991394,0.65785617,-1,-1,-1
374,3313,633.0877,118.10033,8.596252,10.646454,0.7966539,-1,-1,-1
374,3338,609.98816,140.40414,10.059326,11.858948,0.62504435,-1,-1,-1
374,3371,622.86475,145.54707,10.704834,13.374435,0.7930819,-1,-1,-1
374,3470,642.5896,89.56981,9.501709,11.421089,0.62449974,-1,-1,-1
374,3478,660.0315,89.15858,8.725037,9.822319,0.55798876,-1,-1,-1
374,3481,689.93243,108.54214,11.162109,11.811562,0.73925626,-1,-1,-1
374,3306,667.1452,146.34152,12.130859,13.529373,0.61932945,-1,-1,-1
374,3501,653.86005,53.41202,9.294678,10.1081505,0.39325687,-1,-1,-1
374,3490,705.902,114.12644,12.827209,14.251732,0.60607386,-1,-1,-1
374,3312,669.8605,161.30626,12.369263,12.929138,0.5447257,-1,-1,-1
374,3505,726.0494,149.87592,15.349487,15.1515045,0.43695438,-1,-1,-1
374,3506,653.18036,105.47784,9.52301,14.46917,0.36727494,-1,-1,-1
374,3509,669.7148,110.11372,10.305725,10.865967,0.29235747,-1,-1,-1
374,3479,670.36725,100.91955,9.39093,12.628273,0.35812896,-1,-1,-1
375,2908,654.3641,110.16351,10.822937,17.978546,0.6858689,-1,-1,-1
375,2460,679.9086,132.83357,12.3012085,14.274551,0.7983201,-1,-1,-1
375,3154,673.7501,116.26008,12.499207,13.933998,0.6546701,-1,-1,-1
375,3159,660.6073,132.4931,10.447388,12.914902,0.7456522,-1,-1,-1
375,3157,616.65454,126.037125,10.604309,10.32016,0.7797248,-1,-1,-1
375,3234,622.5285,160.92436,11.973511,13.290176,0.4476367,-1,-1,-1
375,3313,633.14655,117.9524,8.494873,10.7714,0.80263835,-1,-1,-1
375,3338,609.6652,139.37523,10.518494,12.531967,0.6358701,-1,-1,-1
375,3371,623.1151,145.29756,10.500366,13.440781,0.73008806,-1,-1,-1
375,3470,642.5548,89.13292,9.5563965,11.709755,0.6386579,-1,-1,-1
375,3478,660.217,88.705185,8.664551,9.808792,0.5267426,-1,-1,-1
375,3481,690.2383,108.5155,11.291199,11.926933,0.73477316,-1,-1,-1
375,3306,667.36755,146.42752,12.399292,13.579193,0.5361905,-1,-1,-1
375,3501,653.9167,53.287064,9.280884,10.118134,0.35328895,-1,-1,-1
375,3490,706.21136,114.56344,12.83551,13.920387,0.5500358,-1,-1,-1
375,3312,669.7439,160.61386,12.402405,13.01265,0.55367595,-1,-1,-1
375,3506,653.4756,105.40927,9.785828,16.486717,0.37728184,-1,-1,-1
375,3509,669.7942,110.00078,10.162903,10.263237,0.3040068,-1,-1,-1
375,3479,670.5359,100.73458,9.294434,12.227219,0.31787935,-1,-1,-1
375,3477,811.1095,148.8275,20.374817,15.741013,0.30279803,-1,-1,-1
376,2908,654.5628,111.99044,10.671875,15.830681,0.7041284,-1,-1,-1
376,2460,680.2004,132.5685,11.923889,13.866638,0.8196576,-1,-1,-1
376,3154,673.89746,116.12636,12.201904,13.836624,0.67601675,-1,-1,-1
376,3159,660.7415,132.29587,10.488464,12.566177,0.7674276,-1,-1,-1
376,3157,616.7939,125.57014,10.494263,10.536156,0.79052323,-1,-1,-1
376,3234,622.547,161.21748,11.738037,13.028671,0.4878888,-1,-1,-1
376,3313,633.08453,117.69483,8.51123,10.906319,0.80213827,-1,-1,-1
376,3338,609.7155,139.23079,10.228882,12.358414,0.6681391,-1,-1,-1
376,3371,623.185,144.76352,10.346924,13.719757,0.7832329,-1,-1,-1
376,3470,642.4643,88.96377,9.4626465,11.872261,0.62706,-1,-1,-1
376,3478,660.19977,88.53687,8.60907,9.548058,0.5607091,-1,-1,-1
376,3481,690.58105,108.301315,11.231689,12.298958,0.7446186,-1,-1,-1
376,3306,667.2794,145.64577,12.848328,13.952927,0.6493962,-1,-1,-1
376,3501,653.9406,53.196434,9.27356,10.146873,0.3892345,-1,-1,-1
376,3490,706.8041,114.73682,12.67981,13.704132,0.5851451,-1,-1,-1
376,3312,669.77936,159.9097,12.424866,13.001633,0.53067094,-1,-1,-1
376,3506,653.59955,104.808136,9.307617,14.426613,0.49529675,-1,-1,-1
376,3509,669.98724,110.300514,10.010254,9.803535,0.46592376,-1,-1,-1
376,3479,670.7641,99.85124,8.970581,11.589333,0.4216823,-1,-1,-1
376,3477,810.34814,147.39594,20.289429,15.796509,0.5049043,-1,-1,-1
376,3489,654.28784,107.47381,10.451233,20.242874,0.4517958,-1,-1,-1
377,2908,654.6281,111.12756,10.584656,16.0626,0.72707236,-1,-1,-1
377,2460,680.45514,132.15358,11.803772,13.662064,0.8312877,-1,-1,-1
377,3154,674.1931,116.23604,11.871521,13.473648,0.6675897,-1,-1,-1
377,3159,660.7486,132.20634,10.656311,12.371384,0.77261645,-1,-1,-1
377,3157,617.03784,125.048836,10.320374,10.5431595,0.7532705,-1,-1,-1
377,3234,622.60736,160.63483,11.716675,13.095032,0.43896216,-1,-1,-1
377,3313,633.10675,117.4996,8.498535,10.946442,0.79030675,-1,-1,-1
377,3338,609.54645,138.34547,10.667603,13.022614,0.6749567,-1,-1,-1
377,3371,623.3001,144.54973,10.309509,13.685165,0.71396357,-1,-1,-1
377,3470,642.4355,88.69667,9.455444,12.076515,0.61798084,-1,-1,-1
377,3478,660.20416,88.37717,8.511719,9.407555,0.54347926,-1,-1,-1
377,3481,690.8481,108.11315,11.30072,12.596863,0.719765,-1,-1,-1
377,3306,667.2969,145.27377,12.687561,13.584763,0.58469224,-1,-1,-1
377,3501,653.93896,52.939793,9.330688,10.32465,0.4301642,-1,-1,-1
377,3490,707.06287,114.59905,12.925293,13.660408,0.48965713,-1,-1,-1
377,3312,669.8018,159.6019,12.532532,13.324936,0.44295204,-1,-1,-1
377,3506,653.6376,104.13922,9.229004,15.043419,0.3450141,-1,-1,-1
377,3509,670.2149,108.59305,9.955688,10.935791,0.4217703,-1,-1,-1
377,3479,670.8472,99.73367,9.133606,12.534889,0.3900016,-1,-1,-1
377,3477,809.4093,145.86337,20.278503,15.790375,0.4795848,-1,-1,-1
377,3505,728.06866,150.26021,14.461426,14.580902,0.34481403,-1,-1,-1
378,2908,654.7998,111.5867,10.539612,15.0868225,0.73594177,-1,-1,-1
378,2460,680.6986,131.76004,11.799377,13.70282,0.8309229,-1,-1,-1
378,3154,674.19604,115.52206,12.042664,13.727531,0.6309417,-1,-1,-1
378,3159,661.001,131.27122,10.6380005,13.047852,0.7806252,-1,-1,-1
378,3157,617.3862,123.82746,10.080017,11.247978,0.79575515,-1,-1,-1
378,3234,622.6391,159.53764,11.638733,13.826996,0.33321944,-1,-1,-1
378,3313,633.1151,117.15482,8.551575,11.094002,0.7735587,-1,-1,-1
378,3338,609.9826,137.77945,10.19812,13.037064,0.67649096,-1,-1,-1
378,3371,623.49286,144.12704,10.2144165,13.582809,0.77081203,-1,-1,-1
378,3470,642.43097,88.50405,9.414185,12.200302,0.5961914,-1,-1,-1
378,3478,660.29767,87.97521,8.445557,9.470238,0.5145032,-1,-1,-1
378,3481,691.2517,107.71449,11.265503,12.962212,0.6601715,-1,-1,-1
378,3306,667.3169,144.47964,12.834473,13.913864,0.7245575,-1,-1,-1
378,3501,654.0043,52.819103,9.28241,10.370209,0.4586451,-1,-1,-1
378,3490,707.34503,114.5,13.02301,13.661758,0.42115808,-1,-1,-1
378,3312,669.86725,159.0607,12.67627,13.176025,0.4926071,-1,-1,-1
378,3506,653.78265,103.26512,9.036804,13.30349,0.3923409,-1,-1,-1
378,3479,671.2244,99.23347,9.196472,12.659843,0.47662246,-1,-1,-1
378,3477,808.83844,144.56995,19.921692,15.628311,0.6186848,-1,-1,-1
378,3505,728.63605,150.13176,14.425842,14.624893,0.29102612,-1,-1,-1
379,2908,654.7159,110.0576,10.73999,15.957535,0.73159033,-1,-1,-1
379,2460,680.82733,130.91148,12.216858,14.165436,0.82230127,-1,-1,-1
379,3154,674.4033,115.25361,12.181885,13.428902,0.61849266,-1,-1,-1
379,3159,661.26715,130.89922,10.489563,13.284348,0.78801006,-1,-1,-1
379,3157,617.61566,123.382645,9.888672,11.105423,0.80290663,-1,-1,-1
379,3313,633.4024,116.98955,8.406738,11.116333,0.7668032,-1,-1,-1
379,3338,609.8298,137.31493,10.480774,13.506622,0.6897809,-1,-1,-1
379,3371,623.48987,143.36661,10.253967,14.055389,0.7781946,-1,-1,-1
379,3470,642.31964,88.15433,9.47467,12.434059,0.5866038,-1,-1,-1
379,3478,660.23615,87.49793,8.459473,9.589844,0.48408946,-1,-1,-1
379,3481,691.73193,107.33928,11.21936,13.305977,0.67393565,-1,-1,-1
379,3306,667.4221,144.02715,12.819763,13.925446,0.7324162,-1,-1,-1
379,3501,653.8861,52.687542,9.4262085,10.486279,0.476536,-1,-1,-1
379,3490,707.5788,114.61287,13.043579,13.599686,0.26773375,-1,-1,-1
379,3312,669.73584,158.40819,13.131592,13.460449,0.40105537,-1,-1,-1
379,3479,671.32837,99.022675,9.188965,13.656021,0.44175604,-1,-1,-1
379,3477,808.0846,143.44218,19.78424,15.453323,0.35660124,-1,-1,-1
379,3509,670.77466,106.748146,9.794922,11.941254,0.45670483,-1,-1,-1
380,2908,654.8248,109.90963,11.027466,15.655968,0.7210194,-1,-1,-1
380,2460,680.75165,130.51106,12.321838,14.259674,0.81691927,-1,-1,-1
380,3154,674.6165,114.845535,12.247559,13.468536,0.6057392,-1,-1,-1
380,3159,661.44073,130.43048,10.47998,13.315704,0.7782882,-1,-1,-1
380,3157,617.57715,122.489395,10.020203,11.405701,0.8059772,-1,-1,-1
380,3313,633.2281,116.76949,8.491333,11.287498,0.7704446,-1,-1,-1
380,3338,609.86285,137.06271,10.358765,13.399628,0.56408536,-1,-1,-1
380,3371,623.4874,142.73615,10.402344,14.145996,0.77255076,-1,-1,-1
380,3470,642.10034,88.0157,9.506287,12.507614,0.5048819,-1,-1,-1
380,3478,660.0297,87.106316,8.563477,9.60141,0.49066323,-1,-1,-1
380,3481,691.9853,107.12394,11.2335205,13.573822,0.6733167,-1,-1,-1
380,3306,667.4774,143.6633,12.821594,13.894119,0.7032371,-1,-1,-1
380,3501,653.69055,52.591084,9.460083,10.489712,0.5069585,-1,-1,-1
380,3490,707.93634,114.75616,13.512756,13.394508,0.25720367,-1,-1,-1
380,3312,669.67,157.80412,13.133301,13.386642,0.5210906,-1,-1,-1
380,3479,671.46844,98.9966,9.104736,12.9338455,0.42176694,-1,-1,-1
380,3477,807.57635,142.29378,19.27063,15.2686,0.31322342,-1,-1,-1
380,3509,670.9466,106.917915,9.576599,11.377846,0.3258411,-1,-1,-1
380,3234,622.43066,157.29977,12.088196,14.866058,0.6497918,-1,-1,-1
380,3505,729.3726,149.71492,14.349243,14.898727,0.34578118,-1,-1,-1
381,2908,654.83453,108.38904,11.170349,16.586823,0.7132241,-1,-1,-1
381,2460,680.6405,129.88449,12.616638,14.437866,0.8004932,-1,-1,-1
381,3154,674.1562,113.87794,12.880432,13.704155,0.56358725,-1,-1,-1
381,3159,661.5587,129.9845,10.836426,13.39093,0.71928334,-1,-1,-1
381,3157,617.39056,122.22539,10.188416,11.077499,0.8158735,-1,-1,-1
381,3313,633.07806,116.600395,8.663025,11.210106,0.7864021,-1,-1,-1
381,3338,609.9355,136.42935,10.420532,13.593185,0.5693275,-1,-1,-1
381,3371,623.4743,141.82388,10.627441,14.766022,0.803562,-1,-1,-1
381,3470,642.01764,87.81864,9.598816,12.560959,0.6090692,-1,-1,-1
381,3478,660.091,86.52777,8.601074,9.883438,0.50296944,-1,-1,-1
381,3481,692.1595,106.85668,11.25415,13.60907,0.68649113,-1,-1,-1
381,3306,667.3732,142.60493,12.89856,13.886795,0.6375422,-1,-1,-1
381,3501,653.7033,52.410122,9.435852,10.526569,0.4715982,-1,-1,-1
381,3490,708.11536,114.19083,13.917053,13.644943,0.36144805,-1,-1,-1
381,3312,669.4832,156.75954,13.54071,13.920502,0.42640367,-1,-1,-1
381,3479,671.3595,98.565865,9.135986,13.650314,0.5573738,-1,-1,-1
381,3477,806.76685,141.16745,18.965515,15.005844,0.5917583,-1,-1,-1
381,3509,671.19653,107.47042,9.541504,10.589943,0.29213735,-1,-1,-1
381,3505,729.5453,149.5541,14.474976,15.042023,0.25235417,-1,-1,-1
381,3489,654.1765,102.28419,10.725159,22.533157,0.33668047,-1,-1,-1
382,2908,655.1647,108.484985,10.985413,16.174248,0.7264688,-1,-1,-1
382,2460,680.6658,129.52031,13.083923,14.559326,0.8067465,-1,-1,-1
382,3154,674.2627,112.8254,12.884888,14.136185,0.5200349,-1,-1,-1
382,3159,661.75885,129.3801,10.747498,13.408798,0.7081542,-1,-1,-1
382,3157,617.3972,121.610565,10.169556,11.193222,0.83051544,-1,-1,-1
382,3313,633.1229,116.20477,8.622009,11.296577,0.7956119,-1,-1,-1
382,3338,609.6698,135.68898,10.998108,14.259354,0.59887683,-1,-1,-1
382,3371,623.74567,141.10048,10.641541,15.204208,0.7844967,-1,-1,-1
382,3470,642.1421,87.73103,9.420837,12.484421,0.63924533,-1,-1,-1
382,3478,660.23364,86.20958,8.430603,9.817574,0.54649496,-1,-1,-1
382,3481,692.22296,106.46057,11.401733,13.971092,0.71348965,-1,-1,-1
382,3306,667.57104,142.0973,12.798889,13.875305,0.56366014,-1,-1,-1
382,3501,653.6851,52.279186,9.327332,10.377029,0.55629885,-1,-1,-1
382,3490,708.3764,114.08529,13.743774,13.5980835,0.39679748,-1,-1,-1
382,3312,669.78204,155.89267,13.467102,14.617737,0.4951629,-1,-1,-1
382,3479,671.5792,98.27936,9.086853,13.165596,0.5204136,-1,-1,-1
382,3477,805.81793,139.52353,18.820496,15.166428,0.6007523,-1,-1,-1
382,3509,671.55725,107.48439,9.332581,10.470497,0.26006192,-1,-1,-1
382,3516,998.6667,471.95584,25.333313,40.006042,0.40842697,-1,-1,-1
382,3489,654.45935,101.71787,10.30719,22.307999,0.33259147,-1,-1,-1
383,2908,655.2381,108.20861,10.925293,16.206177,0.71311384,-1,-1,-1
383,2460,680.9744,129.08809,12.9599,14.263351,0.8236827,-1,-1,-1
383,3154,674.7957,112.86982,12.433655,13.427361,0.5890863,-1,-1,-1
383,3159,661.85425,128.93091,10.980713,13.330261,0.6706654,-1,-1,-1
383,3157,617.3385,120.87443,10.243225,11.34417,0.839231,-1,-1,-1
383,3313,633.0275,116.20505,8.627441,11.03801,0.7972804,-1,-1,-1
383,3338,609.9553,134.83745,10.777771,13.706329,0.65206075,-1,-1,-1
383,3371,623.6945,140.5956,10.740845,15.881622,0.69342554,-1,-1,-1
383,3470,642.11694,87.64631,9.5130005,12.367409,0.6632154,-1,-1,-1
383,3478,660.3759,85.73574,8.444336,9.801338,0.52135336,-1,-1,-1
383,3481,692.4906,106.21795,11.375366,14.197708,0.7142705,-1,-1,-1
383,3306,667.3587,141.51408,13.101624,13.791138,0.5082046,-1,-1,-1
383,3501,653.65704,52.072018,9.324219,10.331497,0.48266447,-1,-1,-1
383,3312,669.66785,154.76282,13.767395,14.841934,0.47899768,-1,-1,-1
383,3479,671.58966,97.204094,9.108154,13.42263,0.55060595,-1,-1,-1
383,3477,804.992,138.02303,18.962341,15.048553,0.65185046,-1,-1,-1
383,3509,671.6631,105.977844,9.144226,10.668045,0.6204208,-1,-1,-1
383,3489,654.58716,101.59627,10.33313,22.266106,0.25471458,-1,-1,-1
384,2908,655.41425,107.77999,10.69873,16.046936,0.737232,-1,-1,-1
384,2460,681.14465,129.00334,12.945557,14.031326,0.8201357,-1,-1,-1
384,3154,674.5877,111.18352,12.717163,14.559296,0.59019834,-1,-1,-1
384,3159,661.81714,128.17535,10.308716,13.321304,0.6716498,-1,-1,-1
384,3157,617.2286,120.368,10.299194,11.345474,0.8305366,-1,-1,-1
384,3313,632.9582,116.187065,8.551147,10.915352,0.7987512,-1,-1,-1
384,3338,610.0147,134.13872,10.799622,13.944504,0.65410894,-1,-1,-1
384,3371,623.8022,140.34409,10.509277,15.319534,0.7333044,-1,-1,-1
384,3470,642.0998,87.68746,9.395996,12.311661,0.58320546,-1,-1,-1
384,3478,660.4739,85.45096,8.33844,9.52552,0.55430883,-1,-1,-1
384,3481,692.6996,106.1396,11.308105,14.427055,0.6821657,-1,-1,-1
384,3306,667.4505,141.25456,13.200745,13.506805,0.48035705,-1,-1,-1
384,3501,653.72217,52.068317,9.173035,10.187733,0.49661782,-1,-1,-1
384,3312,669.9201,154.20724,13.478516,14.644485,0.4776046,-1,-1,-1
384,3479,671.91125,97.134285,8.867065,12.051346,0.52370274,-1,-1,-1
384,3477,804.1211,136.83206,18.534607,14.596024,0.7013083,-1,-1,-1
384,3509,672.08,106.65099,9.112488,10.655495,0.35876167,-1,-1,-1
384,3489,654.7744,101.47339,10.242432,22.243805,0.3147324,-1,-1,-1
384,3505,730.64954,148.45291,14.416443,15.874161,0.3742228,-1,-1,-1
384,3490,709.4351,113.91107,13.115112,13.579483,0.434681,-1,-1,-1
385,2908,655.5806,106.96609,10.429199,16.270493,0.7341685,-1,-1,-1
385,2460,681.225,128.378,12.9729,14.099838,0.80363846,-1,-1,-1
385,3154,674.29626,110.03776,13.0130005,15.207199,0.5460825,-1,-1,-1
385,3159,661.8331,127.720276,10.031738,13.15683,0.6613528,-1,-1,-1
385,3157,617.30396,119.91972,10.408691,11.202423,0.8159882,-1,-1,-1
385,3313,632.89,115.738266,8.572754,10.935982,0.810594,-1,-1,-1
385,3338,610.61847,133.44853,9.968811,13.016006,0.42542645,-1,-1,-1
385,3371,623.4912,140.2358,10.742432,15.436493,0.6547951,-1,-1,-1
385,3470,642.1879,87.604904,9.337463,12.1347885,0.5841405,-1,-1,-1
385,3478,660.69714,84.79112,8.274658,9.739067,0.52163136,-1,-1,-1
385,3481,693.2169,106.8327,11.079712,13.961105,0.6374113,-1,-1,-1
385,3306,667.25366,141.04474,13.70636,13.427322,0.35732362,-1,-1,-1
385,3501,653.83276,51.959824,8.996887,10.158787,0.55107903,-1,-1,-1
385,3312,670.0558,153.57732,13.699463,15.2829895,0.39788255,-1,-1,-1
385,3479,672.2087,95.648544,8.611328,11.118416,0.4520985,-1,-1,-1
385,3477,803.5635,135.90387,18.39215,14.007904,0.70035833,-1,-1,-1
385,3509,672.4557,107.03584,9.384766,10.960358,0.3846663,-1,-1,-1
385,3505,731.16656,148.60454,14.19928,15.685852,0.6271403,-1,-1,-1
385,3490,710.24243,113.50944,12.5224,13.751549,0.4059898,-1,-1,-1
385,3148,688.8454,146.65141,17.208069,22.89299,0.32203785,-1,-1,-1
386,2908,655.65985,106.60163,10.375366,16.289398,0.5926899,-1,-1,-1
386,2460,681.2136,128.07669,12.868347,14.15535,0.7871403,-1,-1,-1
386,3154,674.13416,109.30923,13.331848,15.617683,0.48056862,-1,-1,-1
386,3159,661.70074,127.23149,9.970642,13.150116,0.6297797,-1,-1,-1
386,3157,617.20654,119.831535,10.464111,11.075966,0.79907966,-1,-1,-1
386,3313,632.98926,115.461,8.398865,10.940018,0.797216,-1,-1,-1
386,3338,610.40674,133.28099,10.051758,12.983398,0.46551457,-1,-1,-1
386,3371,623.23413,139.72913,10.9088745,14.6298065,0.6797246,-1,-1,-1
386,3470,642.06616,87.60821,9.339478,11.994186,0.43905455,-1,-1,-1
386,3478,660.7315,84.43586,8.335693,9.847923,0.45665747,-1,-1,-1
386,3481,693.42303,106.01998,11.337402,15.193306,0.5412097,-1,-1,-1
386,3306,667.6217,140.5748,13.270996,13.066162,0.35687128,-1,-1,-1
386,3501,653.6884,52.06218,8.983276,10.042065,0.42710662,-1,-1,-1
386,3312,670.5656,153.25565,13.656128,14.873627,0.30655238,-1,-1,-1
386,3479,672.2624,95.35682,8.65979,10.947182,0.41125885,-1,-1,-1
386,3477,802.6042,134.84462,18.216125,13.982468,0.74023944,-1,-1,-1
386,3505,731.34375,148.72018,14.466309,15.547363,0.49696663,-1,-1,-1
386,3148,689.0605,145.72498,17.477295,23.196182,0.57070756,-1,-1,-1
387,2908,655.8181,106.35343,10.51062,16.02652,0.5742628,-1,-1,-1
387,2460,681.6577,127.43214,12.22052,14.120293,0.7549983,-1,-1,-1
387,3154,674.83636,109.00138,12.892761,15.441177,0.5721876,-1,-1,-1
387,3159,661.77466,126.89461,10.141724,12.735443,0.6888361,-1,-1,-1
387,3157,617.2737,119.67593,10.55249,10.772896,0.7820444,-1,-1,-1
387,3313,633.2538,114.98344,8.286926,11.031296,0.8077875,-1,-1,-1
387,3338,610.6263,132.83977,9.811157,12.597366,0.5898546,-1,-1,-1
387,3371,623.3464,139.37753,11.093018,13.980011,0.7391388,-1,-1,-1
387,3470,642.0121,87.65288,9.40863,11.701294,0.46683517,-1,-1,-1
387,3478,660.91113,84.305695,8.249451,9.746788,0.46046045,-1,-1,-1
387,3481,693.59186,106.22809,11.578613,15.366333,0.4652214,-1,-1,-1
387,3501,653.7157,52.075684,8.917053,9.901936,0.4776553,-1,-1,-1
387,3479,672.4619,94.91745,8.851074,10.996902,0.3661071,-1,-1,-1
387,3477,802.11536,133.99425,17.449646,13.601135,0.5224587,-1,-1,-1
387,3505,731.6271,148.91046,14.943115,15.2565155,0.3314679,-1,-1,-1
388,2908,655.8197,105.95174,10.751221,15.791931,0.5709804,-1,-1,-1
388,2460,681.62134,127.139084,12.39386,14.081604,0.7862189,-1,-1,-1
388,3154,674.8962,109.02162,12.903748,15.09729,0.6217762,-1,-1,-1
388,3159,661.8866,126.38226,10.109192,12.642578,0.73279697,-1,-1,-1
388,3157,617.3571,119.49879,10.526672,10.681618,0.7961711,-1,-1,-1
388,3313,633.1665,114.7157,8.277954,11.102554,0.79925597,-1,-1,-1
388,3338,610.1342,132.44904,10.321106,12.697144,0.63670546,-1,-1,-1
388,3371,623.6065,139.03479,11.045654,14.111893,0.6305532,-1,-1,-1
388,3470,641.60175,87.912575,9.494446,11.288132,0.46765488,-1,-1,-1
388,3478,660.80194,83.93458,8.364502,9.836067,0.48839852,-1,-1,-1
388,3481,693.7105,106.919975,11.653748,14.943306,0.5172106,-1,-1,-1
388,3501,653.58826,52.133953,8.95813,9.79673,0.42481244,-1,-1,-1
388,3479,672.3267,94.47135,9.178284,11.267883,0.27985752,-1,-1,-1
388,3477,801.35034,132.464,17.358948,13.987625,0.4258597,-1,-1,-1
388,3505,731.88885,148.83626,15.085266,15.329132,0.3376756,-1,-1,-1
388,3489,655.27936,101.21448,10.78595,19.987457,0.26615477,-1,-1,-1
389,2908,655.93445,106.376045,10.849365,14.588371,0.627538,-1,-1,-1
389,2460,681.984,126.584785,12.005249,14.149498,0.7920324,-1,-1,-1
389,3154,675.6936,109.55433,12.422302,14.224365,0.63890916,-1,-1,-1
389,3159,662.03284,125.88794,10.198975,12.693817,0.75793016,-1,-1,-1
389,3157,617.4909,118.76348,10.401062,10.787163,0.74277824,-1,-1,-1
389,3313,633.12024,114.39654,8.286865,11.31588,0.80382305,-1,-1,-1
389,3338,610.07983,131.38087,10.601868,13.557053,0.5953354,-1,-1,-1
389,3371,623.4949,139.17139,11.632935,16.413834,0.41632634,-1,-1,-1
389,3470,641.4792,87.920044,9.57019,11.059326,0.61114675,-1,-1,-1
389,3478,660.7387,83.5567,8.457153,9.753174,0.5489347,-1,-1,-1
389,3481,694.24097,107.426735,11.590637,14.612236,0.54287916,-1,-1,-1
389,3501,653.5325,52.064285,8.978821,9.7314,0.42985728,-1,-1,-1
389,3477,800.6093,130.66516,17.373535,14.430374,0.27776906,-1,-1,-1
389,3490,711.5199,113.506096,13.034851,13.638817,0.2948809,-1,-1,-1
389,3312,670.2194,150.71172,14.1675415,14.999741,0.37118694,-1,-1,-1
390,2908,655.8794,106.54344,11.074158,13.733383,0.615839,-1,-1,-1
390,2460,682.0983,126.41343,12.221069,13.975838,0.76201427,-1,-1,-1
390,3154,675.4141,109.28823,12.686768,14.124611,0.6720641,-1,-1,-1
390,3159,661.8389,125.02666,10.64563,13.317642,0.7367048,-1,-1,-1
390,3157,617.68536,117.97081,10.273743,10.9088745,0.7414862,-1,-1,-1
390,3313,633.05865,114.15541,8.349304,11.364662,0.7915645,-1,-1,-1
390,3338,610.5028,130.8807,10.062195,13.286591,0.63322824,-1,-1,-1
390,3371,623.66455,138.26007,11.228088,15.272491,0.4927814,-1,-1,-1
390,3470,641.41406,87.831825,9.535522,10.953171,0.5872632,-1,-1,-1
390,3478,660.7512,83.182144,8.5164795,9.579117,0.49731547,-1,-1,-1
390,3481,694.4815,107.22123,11.94635,14.840057,0.45886087,-1,-1,-1
390,3501,653.33575,51.85475,9.073242,9.743328,0.41762078,-1,-1,-1
390,3477,799.69604,129.36206,17.508179,14.409256,0.4734188,-1,-1,-1
390,3524,987.45123,451.69934,36.548767,38.2894,0.61526376,-1,-1,-1
390,3525,689.62756,69.162575,10.25946,11.168182,0.41571605,-1,-1,-1
390,3306,667.3293,138.57155,14.141113,13.362915,0.25128815,-1,-1,-1
390,3479,672.0905,93.174126,9.65387,12.332649,0.2685366,-1,-1,-1
391,2908,655.9844,105.776344,11.135254,13.845779,0.6654394,-1,-1,-1
391,2460,682.26013,125.816826,12.426819,14.001488,0.7453156,-1,-1,-1
391,3154,675.76733,109.28856,12.399414,13.750946,0.5942562,-1,-1,-1
391,3159,662.0439,124.48493,10.611755,13.491234,0.75811595,-1,-1,-1
391,3157,617.76105,117.0645,10.288879,11.340271,0.7762213,-1,-1,-1
391,3313,633.0193,113.93601,8.381714,11.356422,0.7721621,-1,-1,-1
391,3338,610.60547,130.35295,10.044434,12.694275,0.5300157,-1,-1,-1
391,3371,623.7356,137.4754,10.930237,14.594147,0.6800149,-1,-1,-1
391,3470,641.3508,87.74087,9.418579,10.719017,0.5923769,-1,-1,-1
391,3478,660.77783,82.71306,8.624756,9.495682,0.47903433,-1,-1,-1
391,3481,694.76196,107.00028,11.935242,15.119469,0.32837355,-1,-1,-1
391,3501,653.3715,51.656437,9.070923,9.810909,0.4223092,-1,-1,-1
391,3477,798.96375,128.02856,17.352722,14.155334,0.46794325,-1,-1,-1
391,3524,986.8807,450.17093,37.119324,37.955444,0.43346196,-1,-1,-1
391,3525,689.89484,69.38637,10.167358,10.944107,0.33691564,-1,-1,-1
391,3306,668.0415,138.12054,13.59552,13.252289,0.40153587,-1,-1,-1
392,2908,656.1376,105.133865,11.24707,14.131805,0.5400885,-1,-1,-1
392,2460,682.3953,125.43244,12.767639,13.877907,0.725499,-1,-1,-1
392,3154,676.2232,109.39956,12.091919,13.174484,0.53706414,-1,-1,-1
392,3159,662.35986,123.75471,10.661804,13.946739,0.73883456,-1,-1,-1
392,3157,617.996,116.603134,10.198486,11.116814,0.7692394,-1,-1,-1
392,3313,632.95544,113.73917,8.4053955,11.472885,0.78675306,-1,-1,-1
392,3338,610.85736,130.23256,9.902344,12.10582,0.5666111,-1,-1,-1
392,3371,623.65485,136.61003,11.184753,14.446503,0.7613673,-1,-1,-1
392,3470,641.4009,87.47358,9.344543,10.744255,0.56909746,-1,-1,-1
392,3478,660.89105,82.298195,8.572998,9.431206,0.44320086,-1,-1,-1
392,3481,695.3486,108.33439,11.777954,14.022713,0.25984362,-1,-1,-1
392,3501,653.46326,51.55658,9.065063,9.814953,0.35694036,-1,-1,-1
392,3477,798.3681,126.50528,17.284729,14.48848,0.52359426,-1,-1,-1
392,3524,985.57166,447.74252,38.428345,38.219635,0.40806863,-1,-1,-1
392,3525,690.30615,69.84563,10.090393,10.5905075,0.41955972,-1,-1,-1
392,3306,668.2773,137.16983,12.943176,13.335693,0.41153115,-1,-1,-1
392,3479,672.64105,92.214615,9.629272,14.401588,0.27613625,-1,-1,-1
393,2908,656.2087,104.33401,11.432617,14.544136,0.58398086,-1,-1,-1
393,2460,682.5921,125.03342,12.711121,13.762863,0.685656,-1,-1,-1
393,3154,676.3518,108.86501,12.212219,13.114868,0.42786458,-1,-1,-1
393,3159,662.54517,123.128716,10.61792,13.872429,0.7886636,-1,-1,-1
393,3157,617.83405,115.97228,10.439331,11.196121,0.794754,-1,-1,-1
393,3313,632.7668,113.35259,8.540405,11.795784,0.78807616,-1,-1,-1
393,3338,610.5277,129.91942,10.3376465,12.406006,0.6228281,-1,-1,-1
393,3371,623.8009,136.18893,11.412964,14.450439,0.78175527,-1,-1,-1
393,3470,641.18414,87.22756,9.589966,10.921265,0.6027667,-1,-1,-1
393,3478,661.05304,81.93216,8.622925,9.536514,0.37544626,-1,-1,-1
393,3481,695.6241,108.559875,11.816406,13.964691,0.37522903,-1,-1,-1
393,3501,653.4341,51.519814,9.072693,9.846462,0.4276329,-1,-1,-1
393,3477,797.3743,125.21713,17.82959,14.439102,0.6696765,-1,-1,-1
393,3524,984.24927,444.92328,39.750732,38.011078,0.4891255,-1,-1,-1
393,3525,690.6474,69.612175,10.237366,10.828438,0.38301075,-1,-1,-1
393,3306,668.4363,136.6528,12.477539,13.176392,0.45261836,-1,-1,-1
394,2908,656.2337,103.465355,11.363464,14.854385,0.5756341,-1,-1,-1
394,2460,682.39496,124.50784,12.870422,13.682297,0.69824064,-1,-1,-1
394,3154,676.3989,108.26768,12.129822,13.180214,0.4122325,-1,-1,-1
394,3159,662.4637,122.8337,11.18927,13.540047,0.7564085,-1,-1,-1
394,3157,617.9182,115.41116,10.37384,10.928673,0.81158257,-1,-1,-1
394,3313,632.6189,113.00946,8.721436,11.901169,0.7822647,-1,-1,-1
394,3338,610.50415,129.04002,10.561157,12.139343,0.6303708,-1,-1,-1
394,3371,623.99194,135.81711,11.218506,14.863037,0.8000325,-1,-1,-1
394,3470,641.00494,86.80361,9.712219,11.178276,0.57129765,-1,-1,-1
394,3478,661.17847,81.79669,8.313171,9.271576,0.3860323,-1,-1,-1
394,3481,695.77264,108.3517,11.862244,13.972885,0.4593282,-1,-1,-1
394,3501,653.334,51.453983,8.9348755,9.6705475,0.41542402,-1,-1,-1
394,3477,796.82227,123.85896,17.694824,14.395355,0.68745583,-1,-1,-1
394,3524,982.17554,441.9528,41.824463,39.399323,0.404981,-1,-1,-1
394,3525,690.65533,69.4639,10.232117,10.788483,0.35401815,-1,-1,-1
394,3306,668.1426,135.709,12.734375,13.03421,0.30534178,-1,-1,-1
395,2908,656.2096,103.35368,11.415039,14.549919,0.6187849,-1,-1,-1
395,2460,682.52734,123.881645,12.898376,13.861153,0.7226027,-1,-1,-1
395,3154,676.7021,107.65307,12.340637,12.976074,0.5053872,-1,-1,-1
395,3159,662.5265,122.23294,11.355713,13.643417,0.7506063,-1,-1,-1
395,3157,617.69086,114.41349,10.504028,11.083954,0.8254223,-1,-1,-1
395,3313,632.4366,112.84914,8.7977295,11.713814,0.7722084,-1,-1,-1
395,3338,610.87195,128.05849,10.026184,11.954529,0.68922716,-1,-1,-1
395,3371,624.1097,134.71252,11.124634,15.784393,0.8137601,-1,-1,-1
395,3470,640.8185,86.46616,9.740234,11.457115,0.6046534,-1,-1,-1
395,3478,661.2438,81.49739,8.354736,9.334084,0.34720674,-1,-1,-1
395,3481,695.81964,108.27235,12.44574,14.105614,0.5536191,-1,-1,-1
395,3501,653.0128,51.301216,9.069519,9.684906,0.47442105,-1,-1,-1
395,3477,796.20557,122.77704,17.558289,14.183716,0.7112229,-1,-1,-1
395,3524,980.3772,438.93796,43.622803,40.03427,0.5498937,-1,-1,-1
395,3525,690.82477,69.29746,10.18042,10.949211,0.40148532,-1,-1,-1
395,3306,668.25165,134.6444,12.653015,13.402527,0.28464812,-1,-1,-1
396,2908,656.3307,102.91901,11.356262,14.497704,0.6554403,-1,-1,-1
396,2460,682.5901,123.41957,12.981995,13.896576,0.7412883,-1,-1,-1
396,3154,677.24414,107.12288,12.073914,12.843323,0.5967054,-1,-1,-1
396,3159,662.63947,121.72701,11.117859,13.45121,0.72181946,-1,-1,-1
396,3157,617.6268,113.92241,10.568115,10.9189,0.80805033,-1,-1,-1
396,3313,632.31525,112.65151,8.887695,11.522575,0.7838719,-1,-1,-1
396,3338,610.80084,127.41733,10.353027,12.016373,0.55966634,-1,-1,-1
396,3371,624.07367,134.33682,10.989075,15.776703,0.8090178,-1,-1,-1
396,3470,640.7492,86.479485,9.671082,11.454575,0.6151967,-1,-1,-1
396,3478,661.2012,81.06423,8.482666,9.4244995,0.35459107,-1,-1,-1
396,3481,696.12085,108.66305,12.661011,14.083481,0.34232306,-1,-1,-1
396,3501,652.78516,51.164703,9.156067,9.685802,0.41726896,-1,-1,-1
396,3477,795.5112,121.54484,17.340637,14.2407,0.6595066,-1,-1,-1
396,3524,979.298,437.8175,44.484497,37.99344,0.5630054,-1,-1,-1
396,3525,690.9249,69.22677,10.244812,10.954849,0.445281,-1,-1,-1
396,3306,668.2091,134.17041,12.939819,13.403198,0.30398822,-1,-1,-1
396,3532,672.9951,99.98151,10.588379,12.877922,0.40799505,-1,-1,-1
397,2908,656.32544,102.77371,11.234131,14.188614,0.6595343,-1,-1,-1
397,2460,682.72217,123.13963,12.929993,13.850311,0.7482456,-1,-1,-1
397,3154,677.6622,106.859634,11.865601,12.946564,0.6306987,-1,-1,-1
397,3159,662.7524,121.084404,10.935486,13.573784,0.75700974,-1,-1,-1
397,3157,617.6511,113.67911,10.403442,10.809166,0.80886024,-1,-1,-1
397,3313,632.1434,112.45096,8.979065,11.499542,0.78181446,-1,-1,-1
397,3338,610.4594,127.23184,10.524841,11.85878,0.57189363,-1,-1,-1
397,3371,624.07324,133.39673,11.116516,15.85112,0.78509206,-1,-1,-1
397,3470,640.6286,86.25756,9.713318,11.562164,0.5783319,-1,-1,-1
397,3478,661.1506,80.742676,8.496338,9.473839,0.3983541,-1,-1,-1
397,3481,696.29425,108.679146,12.796936,14.146904,0.5038975,-1,-1,-1
397,3501,652.5492,51.08723,9.292847,9.729111,0.38905928,-1,-1,-1
397,3477,794.7501,120.45954,17.44635,14.034615,0.6989772,-1,-1,-1
397,3525,691.1696,69.091034,10.305786,11.151451,0.5770122,-1,-1,-1
397,3306,668.2911,133.862,13.122681,13.159943,0.40378135,-1,-1,-1
397,3532,673.10376,99.868484,10.166321,12.626602,0.42756012,-1,-1,-1
397,3490,715.0227,112.90243,12.288208,13.002991,0.35102925,-1,-1,-1
397,3312,671.98315,147.07645,13.121216,14.83429,0.2763286,-1,-1,-1
398,2908,656.459,102.52952,11.037964,13.889404,0.6485594,-1,-1,-1
398,2460,682.7504,122.82561,13.096741,13.764755,0.7558796,-1,-1,-1
398,3154,678.05945,107.17411,11.6901245,12.429565,0.7214834,-1,-1,-1
398,3159,662.7704,121.0836,11.133545,13.172867,0.7649832,-1,-1,-1
398,3157,617.7256,113.632965,10.343689,10.606804,0.8056874,-1,-1,-1
398,3313,632.0857,112.23699,9.076233,11.342163,0.7626351,-1,-1,-1
398,3338,610.44336,126.97165,10.740356,11.751419,0.63192934,-1,-1,-1
398,3371,624.1051,133.46136,10.997253,15.277908,0.7552878,-1,-1,-1
398,3470,640.45935,85.85297,9.851257,11.650726,0.572698,-1,-1,-1
398,3478,661.1921,79.584496,8.858337,10.421547,0.45125926,-1,-1,-1
398,3481,696.6327,108.81774,12.755005,13.845177,0.5503983,-1,-1,-1
398,3501,652.302,50.8108,9.414734,9.767117,0.3517889,-1,-1,-1
398,3477,794.13025,119.08391,17.54596,14.1129,0.5559587,-1,-1,-1
398,3525,691.3168,68.77101,10.577942,11.279221,0.53406966,-1,-1,-1
398,3532,672.85925,97.57465,10.247437,13.517738,0.5285493,-1,-1,-1
398,3490,715.3355,112.755,12.414429,12.955147,0.401614,-1,-1,-1
398,3524,977.1494,432.66937,44.33893,37.670776,0.33066294,-1,-1,-1
399,2908,656.5686,102.11424,11.113342,13.863968,0.6825669,-1,-1,-1
399,2460,682.857,122.29386,13.072998,13.60746,0.7249446,-1,-1,-1
399,3154,678.2125,106.304146,11.896545,12.730606,0.69070333,-1,-1,-1
399,3159,662.7162,120.43971,10.96283,13.074341,0.75675696,-1,-1,-1
399,3157,617.58777,113.30845,10.516663,10.40229,0.7890751,-1,-1,-1
399,3313,632.0191,111.90295,9.047668,11.31797,0.79276276,-1,-1,-1
399,3338,610.63763,126.27319,10.494202,11.469971,0.65539676,-1,-1,-1
399,3371,623.99567,133.172,11.45282,14.544479,0.76891047,-1,-1,-1
399,3470,640.53925,85.692184,9.717346,11.576225,0.6360419,-1,-1,-1
399,3478,661.3817,79.08015,8.716675,10.334,0.41170597,-1,-1,-1
399,3481,696.88837,108.55939,12.838928,14.02581,0.6105555,-1,-1,-1
399,3501,652.23663,50.478836,9.434326,9.841145,0.40554643,-1,-1,-1
399,3477,793.6618,117.58675,17.145996,13.646118,0.55261,-1,-1,-1
399,3525,691.7219,68.48976,10.713013,11.502739,0.39316404,-1,-1,-1
399,3532,673.087,98.8191,10.048645,11.746178,0.4627189,-1,-1,-1
399,3490,715.7444,112.85358,12.258057,12.799713,0.46325278,-1,-1,-1
400,2908,656.668,101.71928,11.300842,13.602028,0.67915606,-1,-1,-1
400,2460,682.9117,121.65519,13.202698,13.543083,0.7449819,-1,-1,-1
400,3154,678.4992,106.36168,11.735046,12.135315,0.68636143,-1,-1,-1
400,3159,662.94684,119.82465,10.522339,12.931725,0.77955836,-1,-1,-1
400,3157,617.6669,112.67437,10.6553955,10.66848,0.77309346,-1,-1,-1
400,3313,632.04486,111.67884,8.981384,11.2528305,0.78081673,-1,-1,-1
400,3338,610.52997,125.4305,10.583679,11.843872,0.6995203,-1,-1,-1
400,3371,623.9692,132.94041,11.715698,14.903366,0.78609955,-1,-1,-1
400,3470,640.48224,85.681564,9.719116,11.464371,0.6526253,-1,-1,-1
400,3478,661.3556,78.608986,8.80658,10.148842,0.4306849,-1,-1,-1
400,3481,697.1094,108.6305,13.013794,13.973274,0.6673463,-1,-1,-1
400,3501,652.2438,50.23013,9.361633,9.864166,0.35723633,-1,-1,-1
400,3477,792.6447,116.24292,17.149353,13.688553,0.5915509,-1,-1,-1
400,3525,692.0056,68.458145,10.627563,11.495712,0.4151283,-1,-1,-1
400,3532,673.1086,98.63204,9.957336,10.78511,0.49030498,-1,-1,-1
400,3490,715.80054,112.50948,12.568298,13.107994,0.45439413,-1,-1,-1
400,3306,669.11304,132.75352,12.655579,12.546082,0.45755163,-1,-1,-1
400,3312,671.9288,145.42601,13.0598755,14.450836,0.3342112,-1,-1,-1
401,2908,656.92,101.96332,11.396423,12.884003,0.5978372,-1,-1,-1
401,2460,683.0297,121.3418,13.058105,13.326172,0.7527861,-1,-1,-1
401,3154,678.346,105.65099,11.894653,12.130417,0.66384965,-1,-1,-1
401,3159,663.2529,119.12035,10.210693,13.017479,0.7649847,-1,-1,-1
401,3157,617.6864,112.1132,10.623779,10.559967,0.71898574,-1,-1,-1
401,3313,631.9436,111.78382,9.023865,11.0132065,0.7793256,-1,-1,-1
401,3338,610.4386,125.13319,11.011047,11.875298,0.5702797,-1,-1,-1
401,3371,624.0294,132.67036,11.653442,14.609451,0.7251074,-1,-1,-1
401,3470,640.41516,85.78608,9.702209,11.329117,0.63385326,-1,-1,-1
401,3478,661.40375,78.08717,8.9592285,10.129707,0.44773677,-1,-1,-1
401,3481,697.3295,108.87088,12.993225,13.695602,0.66491944,-1,-1,-1
401,3501,652.18445,50.23282,9.413635,9.854759,0.37913185,-1,-1,-1
401,3477,791.6988,114.83298,17.345276,14.063492,0.66565675,-1,-1,-1
401,3525,692.2226,68.4826,10.996948,11.289635,0.5938724,-1,-1,-1
401,3532,673.4087,99.256645,10.272339,9.945152,0.28463793,-1,-1,-1
401,3490,716.15485,112.32372,12.515625,13.23764,0.50548863,-1,-1,-1
401,3539,603.551,142.43427,12.968079,17.020218,0.44479793,-1,-1,-1
401,3306,669.6525,132.46346,11.999207,12.469421,0.52529395,-1,-1,-1
401,3524,973.59595,425.23697,44.760254,38.403137,0.32308865,-1,-1,-1
402,2908,656.91125,101.532234,11.268738,12.625992,0.56011075,-1,-1,-1
402,2460,682.94507,120.8393,12.990967,13.336678,0.7642451,-1,-1,-1
402,3154,678.1523,105.2989,11.831421,11.978889,0.6259266,-1,-1,-1
402,3159,663.2306,118.62019,10.069031,12.959976,0.7654326,-1,-1,-1
402,3157,617.8377,111.175865,10.354919,11.012672,0.74785596,-1,-1,-1
402,3313,631.83563,111.4666,9.051758,11.13813,0.7836692,-1,-1,-1
402,3338,610.244,124.88566,10.963623,11.879295,0.59415346,-1,-1,-1
402,3371,623.94226,132.12306,11.357483,14.199631,0.744615,-1,-1,-1
402,3470,640.2396,85.64218,9.708435,11.376053,0.6406332,-1,-1,-1
402,3478,661.4383,77.86531,8.904114,9.957939,0.44612983,-1,-1,-1
402,3481,697.61694,108.93163,12.814453,13.717239,0.66006285,-1,-1,-1
402,3501,651.99084,49.987316,9.461853,9.965191,0.2987667,-1,-1,-1
402,3477,790.7878,113.715866,17.225769,13.684189,0.54251915,-1,-1,-1
402,3525,692.3118,68.39734,11.1484375,11.273796,0.59268874,-1,-1,-1
402,3490,716.2611,112.25206,12.510193,13.299683,0.44230688,-1,-1,-1
402,3306,669.62396,132.15875,11.857178,12.540039,0.63784605,-1,-1,-1
402,3540,768.55304,140.65337,16.77539,19.052597,0.44042674,-1,-1,-1
403,2908,656.9311,101.60988,11.165894,12.003021,0.3486928,-1,-1,-1
403,2460,683.2197,120.47607,13.026733,13.175301,0.74783933,-1,-1,-1
403,3154,678.24133,104.4973,11.719055,12.548309,0.5920852,-1,-1,-1
403,3159,663.51117,118.15053,9.992615,12.874023,0.7445642,-1,-1,-1
403,3157,618.0022,110.77885,10.201355,10.749229,0.7419714,-1,-1,-1
403,3313,631.6994,111.23097,9.158142,11.298943,0.7647589,-1,-1,-1
403,3338,610.4126,124.41751,10.82135,11.418655,0.5624356,-1,-1,-1
403,3371,624.39026,131.27757,11.007019,14.693817,0.723126,-1,-1,-1
403,3470,640.0759,85.45959,9.762268,11.368584,0.59779775,-1,-1,-1
403,3478,661.57947,77.92345,8.881653,9.651184,0.36945394,-1,-1,-1
403,3481,698.26044,108.49919,12.501709,13.902687,0.6434442,-1,-1,-1
403,3477,790.24365,112.29173,17.220825,13.450317,0.6512167,-1,-1,-1
403,3525,692.4679,68.06277,11.506836,11.4188,0.6080487,-1,-1,-1
403,3490,716.5302,112.095245,12.853882,13.415222,0.42906743,-1,-1,-1
403,3306,669.8969,131.79633,11.589233,12.309265,0.6349683,-1,-1,-1
403,3540,767.8635,139.52518,16.340515,15.541473,0.39523342,-1,-1,-1
403,3524,971.6818,421.2818,44.09955,37.82318,0.36465004,-1,-1,-1
404,2908,656.7857,100.76419,11.32489,12.279343,0.38654,-1,-1,-1
404,2460,683.42053,119.916275,13.125305,13.082123,0.774603,-1,-1,-1
404,3154,678.1347,103.88367,11.785156,12.795906,0.5370163,-1,-1,-1
404,3159,663.4654,117.71409,10.31427,12.79142,0.7546788,-1,-1,-1
404,3157,617.8748,110.43612,10.305054,10.63356,0.76484394,-1,-1,-1
404,3313,631.6053,111.15492,9.188171,11.229446,0.7608895,-1,-1,-1
404,3338,610.61523,123.95611,10.499573,11.212212,0.54630136,-1,-1,-1
404,3371,624.2644,131.17877,11.271606,14.344299,0.757296,-1,-1,-1
404,3470,639.98016,85.0545,9.848572,11.495949,0.6385404,-1,-1,-1
404,3478,661.5569,77.673836,8.909302,9.554169,0.41084906,-1,-1,-1
404,3481,698.55396,108.63349,12.700684,13.743652,0.6917412,-1,-1,-1
404,3477,789.8683,111.116776,17.055176,13.214729,0.64253235,-1,-1,-1
404,3525,692.70496,67.96914,11.690186,11.46347,0.47388694,-1,-1,-1
404,3490,716.75,112.33116,13.141724,13.122482,0.6254747,-1,-1,-1
404,3306,669.8739,131.5111,11.625,11.821487,0.5878613,-1,-1,-1
404,3540,767.63635,138.61365,15.926147,13.998032,0.4577836,-1,-1,-1
404,3524,970.65186,419.0526,43.507812,36.70645,0.3699538,-1,-1,-1
404,3501,651.9174,49.668976,9.397156,9.994522,0.263532,-1,-1,-1
405,2908,656.8368,100.32072,11.281555,12.413658,0.31814402,-1,-1,-1
405,2460,683.65717,119.29586,13.2196045,13.301292,0.7448402,-1,-1,-1
405,3154,678.5986,103.28373,11.360474,12.782364,0.48262537,-1,-1,-1
405,3159,663.6121,117.277824,10.043091,12.668587,0.76347,-1,-1,-1
405,3157,617.88965,109.733246,10.545715,10.782684,0.77127236,-1,-1,-1
405,3313,632.0886,110.45312,8.984619,11.519875,0.76570356,-1,-1,-1
405,3338,610.5848,123.241325,10.77002,11.357399,0.5616875,-1,-1,-1
405,3371,624.3546,130.94325,11.503723,14.455673,0.77961886,-1,-1,-1
405,3470,639.98444,84.75841,9.796509,11.683342,0.6537338,-1,-1,-1
405,3478,661.72,77.04819,8.9991455,9.892792,0.50766814,-1,-1,-1
405,3481,699.0912,108.35285,12.558289,14.044395,0.7083943,-1,-1,-1
405,3477,788.9715,109.99884,17.125122,13.112022,0.6943563,-1,-1,-1
405,3525,692.98505,67.817055,11.668518,11.639374,0.5472758,-1,-1,-1
405,3490,717.0959,112.06829,13.1848755,13.29171,0.60960656,-1,-1,-1
405,3306,670.2457,131.04149,11.444519,11.803207,0.57041806,-1,-1,-1
405,3540,767.17676,137.69684,15.740112,13.291565,0.5217053,-1,-1,-1
405,3524,969.6464,416.86115,43.315125,36.094635,0.46066266,-1,-1,-1
405,3501,651.889,49.557926,9.431763,10.147594,0.3117427,-1,-1,-1
406,2908,656.93555,99.037926,11.388245,13.343452,0.35514048,-1,-1,-1
406,2460,683.68335,118.63956,13.257996,13.581848,0.72564256,-1,-1,-1
406,3154,678.48157,102.56592,11.434509,12.945938,0.49635825,-1,-1,-1
406,3159,663.73315,117.04682,10.100098,12.509468,0.75179267,-1,-1,-1
406,3157,617.88196,108.923134,10.7724,11.149643,0.76426476,-1,-1,-1
406,3313,632.28186,109.973114,8.931702,11.542274,0.7592986,-1,-1,-1
406,3338,610.9385,122.401344,10.656006,11.541908,0.5282877,-1,-1,-1
406,3371,624.3197,130.51686,11.389465,14.461731,0.8070844,-1,-1,-1
406,3470,640.029,84.41544,9.996094,11.938805,0.6560491,-1,-1,-1
406,3478,661.9583,76.64498,9.027527,10.01429,0.5147894,-1,-1,-1
406,3481,699.6129,108.36366,12.534058,14.2159195,0.7152069,-1,-1,-1
406,3477,788.28973,108.95303,17.167053,13.350319,0.7151796,-1,-1,-1
406,3525,693.2407,67.817535,11.661072,11.594048,0.56893533,-1,-1,-1
406,3490,717.26697,112.098,13.330688,13.384254,0.5472561,-1,-1,-1
406,3306,670.52185,130.33043,11.530457,12.1306305,0.5266723,-1,-1,-1
406,3540,766.44653,136.09628,16.051208,13.300339,0.66268224,-1,-1,-1
406,3524,969.02997,414.51828,42.80652,35.980774,0.65818214,-1,-1,-1
406,3501,651.8223,49.43579,9.476501,10.299507,0.29308647,-1,-1,-1
406,3505,737.80347,145.97163,18.22528,16.5027,0.33294034,-1,-1,-1
406,3539,603.96136,138.3781,13.531494,16.260757,0.26167884,-1,-1,-1
407,2908,657.26544,98.96499,11.3063965,13.080643,0.46962452,-1,-1,-1
407,2460,683.9371,118.00765,13.327209,13.942558,0.7510426,-1,-1,-1
407,3154,678.63556,102.20814,11.506348,12.821747,0.5917384,-1,-1,-1
407,3159,663.81976,116.72285,10.255554,12.276344,0.7567408,-1,-1,-1
407,3157,617.9457,108.15741,10.792603,11.278091,0.74584895,-1,-1,-1
407,3313,632.318,109.863884,8.981445,11.364746,0.74176025,-1,-1,-1
407,3338,610.7991,121.91484,10.862793,11.873245,0.5180369,-1,-1,-1
407,3371,624.43317,129.97778,11.142456,14.222015,0.804646,-1,-1,-1
407,3470,640.06,84.26042,10.083435,11.956718,0.6876116,-1,-1,-1
407,3478,662.056,76.255646,9.116028,9.989105,0.5382132,-1,-1,-1
407,3481,700.25104,108.369255,12.5234375,14.139648,0.75258464,-1,-1,-1
407,3477,787.9409,107.71002,17.214417,13.582924,0.74405783,-1,-1,-1
407,3525,693.6373,67.92606,11.505676,11.479538,0.61730623,-1,-1,-1
407,3490,717.55896,112.05626,13.520874,13.336891,0.42225218,-1,-1,-1
407,3306,670.7367,129.6932,11.797607,12.295151,0.4210604,-1,-1,-1
407,3540,766.14716,135.13785,16.085938,13.083786,0.69067603,-1,-1,-1
407,3524,968.31775,412.56427,42.413025,35.037506,0.5310916,-1,-1,-1
407,3501,651.8446,49.326897,9.459595,10.320732,0.36864784,-1,-1,-1
407,3505,738.1658,145.89427,18.037537,16.329681,0.48831722,-1,-1,-1
407,3539,603.8427,138.06558,13.872925,16.325897,0.43417525,-1,-1,-1
408,2908,657.52075,98.28642,11.150879,13.232719,0.4349572,-1,-1,-1
408,2460,684.0212,117.59857,13.3220215,13.867706,0.736522,-1,-1,-1
408,3154,678.2741,101.38125,12.049866,13.009811,0.63702947,-1,-1,-1
408,3159,664.06146,116.01648,10.144165,12.212021,0.7167243,-1,-1,-1
408,3157,617.76746,107.481514,10.890503,11.147675,0.7186048,-1,-1,-1
408,3313,632.10626,109.46281,9.112732,11.599564,0.77226543,-1,-1,-1
408,3338,611.24854,120.82305,10.529785,12.312508,0.36411044,-1,-1,-1
408,3371,624.4711,129.79994,10.9921875,14.88765,0.79025906,-1,-1,-1
408,3470,640.0782,83.9882,10.153259,11.977798,0.67176086,-1,-1,-1
408,3478,662.1166,75.41009,9.2099,10.313385,0.4531984,-1,-1,-1
408,3481,700.52234,107.876,12.893066,14.601173,0.7365457,-1,-1,-1
408,3477,787.5918,106.5,17.143494,13.592796,0.64747787,-1,-1,-1
408,3525,693.88873,67.779274,11.552124,11.491585,0.5690425,-1,-1,-1
408,3490,717.8343,111.895325,13.775085,13.412125,0.2906706,-1,-1,-1
408,3306,670.25696,129.15642,12.332947,12.687714,0.42861572,-1,-1,-1
408,3540,765.70123,134.06952,15.865967,12.6145935,0.7598162,-1,-1,-1
408,3501,651.81866,49.136307,9.527039,10.354115,0.27496028,-1,-1,-1
408,3539,603.86505,137.82477,13.691223,16.449234,0.31804162,-1,-1,-1
409,2908,657.2712,97.53021,11.327759,13.424423,0.2885462,-1,-1,-1
409,2460,684.1561,116.96312,13.374756,14.023163,0.71040547,-1,-1,-1
409,3154,678.6848,100.98731,11.674072,12.656799,0.6141007,-1,-1,-1
409,3159,664.08887,115.59201,10.222473,12.1399765,0.73356915,-1,-1,-1
409,3157,617.8271,107.09611,10.721924,11.078812,0.69588864,-1,-1,-1
409,3313,631.83203,109.133095,9.28772,11.683739,0.7649206,-1,-1,-1
409,3338,611.521,120.028786,10.330566,12.111977,0.5327106,-1,-1,-1
409,3371,624.5404,129.25542,11.379883,16.660568,0.7683332,-1,-1,-1
409,3470,639.95734,83.90836,10.181274,11.805466,0.6363094,-1,-1,-1
409,3478,662.2493,74.7832,9.134277,10.514923,0.4099184,-1,-1,-1
409,3481,700.73224,107.548965,12.952026,14.942909,0.72199464,-1,-1,-1
409,3477,787.22925,104.78157,16.68982,13.531387,0.6424281,-1,-1,-1
409,3525,693.97437,67.62551,11.836365,11.6957245,0.50116014,-1,-1,-1
409,3306,670.3941,128.7916,12.630676,13.116699,0.41465753,-1,-1,-1
409,3540,765.3004,132.58212,15.988342,12.9891205,0.6925242,-1,-1,-1
409,3539,604.1102,137.43735,13.282959,15.659821,0.4235041,-1,-1,-1
409,3524,966.89514,407.6003,41.327698,34.741577,0.29874995,-1,-1,-1
410,2908,657.04584,95.67013,11.55542,14.754944,0.27944484,-1,-1,-1
410,2460,684.25226,116.317444,13.808228,14.225555,0.7453669,-1,-1,-1
410,3154,679.1052,100.95983,11.402893,12.298218,0.6152603,-1,-1,-1
410,3159,664.43274,114.74557,10.227173,12.303246,0.63482106,-1,-1,-1
410,3157,617.8656,106.90675,10.7786255,11.033829,0.63700414,-1,-1,-1
410,3313,631.8331,108.62437,9.356995,11.895531,0.7673567,-1,-1,-1
410,3338,611.2076,119.74805,10.590759,11.877838,0.35249746,-1,-1,-1
410,3371,624.593,129.1696,11.503967,16.640182,0.7847247,-1,-1,-1
410,3470,639.88654,83.54875,10.241882,11.878433,0.64718,-1,-1,-1
410,3478,662.302,74.568794,9.127014,10.548347,0.32457483,-1,-1,-1
410,3481,701.1408,107.792816,12.804138,14.799156,0.71360767,-1,-1,-1
410,3477,786.55457,103.322205,16.530273,13.8834915,0.72443473,-1,-1,-1
410,3525,694.36414,67.5442,11.71759,11.708038,0.4618425,-1,-1,-1
410,3306,670.88794,128.0537,12.284729,12.661652,0.3720577,-1,-1,-1
410,3540,764.8391,131.10582,16.079895,13.198669,0.646053,-1,-1,-1
410,3539,604.3175,136.63312,13.210999,15.094772,0.3412661,-1,-1,-1
410,3524,966.4213,405.52417,40.732605,34.5354,0.3391833,-1,-1,-1
410,3490,718.707,111.779236,13.950745,13.518913,0.45090792,-1,-1,-1
411,2908,657.2677,95.3511,11.340759,14.507614,0.38504106,-1,-1,-1
411,2460,684.28284,115.8002,13.6762085,14.209824,0.72450036,-1,-1,-1
411,3154,679.0131,100.496086,11.588806,12.237312,0.7034643,-1,-1,-1
411,3159,664.5077,114.312195,10.289429,12.12278,0.6807236,-1,-1,-1
411,3157,617.7755,106.50192,10.768555,10.882851,0.7064017,-1,-1,-1
411,3313,631.92084,108.51112,9.264221,11.746025,0.7537514,-1,-1,-1
411,3338,611.59265,119.45955,10.345032,11.4387665,0.47502074,-1,-1,-1
411,3371,624.7952,128.856,11.3186035,16.519424,0.76295245,-1,-1,-1
411,3470,639.8061,83.33268,10.159485,11.854492,0.6675059,-1,-1,-1
411,3478,662.4308,74.39584,9.081421,10.3745575,0.38719603,-1,-1,-1
411,3481,701.60864,108.15792,12.581055,14.43148,0.7599339,-1,-1,-1
411,3477,785.66693,101.995026,17.038147,14.110489,0.7650708,-1,-1,-1
411,3525,694.7209,67.523445,11.706604,11.60154,0.5360117,-1,-1,-1
411,3306,671.22217,127.249374,12.09491,12.261749,0.38047343,-1,-1,-1
411,3540,764.471,129.4907,15.76532,13.410309,0.6503404,-1,-1,-1
411,3539,604.0732,136.42331,13.4487915,14.680069,0.4394908,-1,-1,-1
411,3524,965.27185,402.50754,41.024353,35.899384,0.45976654,-1,-1,-1
411,3545,743.0983,79.826836,13.767029,13.086441,0.50228596,-1,-1,-1
411,3490,718.91504,111.59312,14.36615,13.678848,0.4618312,-1,-1,-1
412,2908,657.4885,94.58434,11.230347,14.60331,0.52363414,-1,-1,-1
412,2460,684.22675,115.27438,13.646301,14.077988,0.71486956,-1,-1,-1
412,3154,679.0871,100.00529,11.687134,12.38562,0.7269315,-1,-1,-1
412,3159,664.5507,113.41026,10.523682,12.340927,0.711027,-1,-1,-1
412,3157,617.9202,105.864624,10.690186,10.936195,0.70454544,-1,-1,-1
412,3313,632.022,108.35823,9.222961,11.881775,0.7453386,-1,-1,-1
412,3338,611.64795,118.99245,10.237671,11.086105,0.4344197,-1,-1,-1
412,3371,624.65094,128.15393,11.805725,17.886429,0.7552465,-1,-1,-1
412,3470,639.678,83.12256,10.156311,11.831955,0.71368814,-1,-1,-1
412,3478,662.4038,73.71641,9.165955,10.505005,0.42730686,-1,-1,-1
412,3481,701.97253,108.06566,12.588501,14.47554,0.7330124,-1,-1,-1
412,3477,785.0502,100.77857,17.087097,13.976364,0.73682225,-1,-1,-1
412,3525,695.3185,67.407684,11.634644,11.663498,0.541969,-1,-1,-1
412,3306,671.5135,126.5783,11.876465,12.1104965,0.3999199,-1,-1,-1
412,3540,763.96906,128.13187,15.87561,13.389908,0.746973,-1,-1,-1
412,3539,603.7058,135.60663,13.936584,15.306992,0.4337505,-1,-1,-1
412,3524,964.05756,399.72003,41.312683,35.41028,0.26927626,-1,-1,-1
412,3545,742.9416,78.97372,13.592285,13.220131,0.49982858,-1,-1,-1
412,3490,719.7852,111.43607,14.035339,13.6165085,0.44292015,-1,-1,-1
412,3501,651.5144,47.91389,9.800232,10.882088,0.32298648,-1,-1,-1
413,2908,657.7208,94.158165,11.129761,14.534233,0.4570006,-1,-1,-1
413,2460,684.2476,114.9259,13.531799,13.793076,0.69741935,-1,-1,-1
413,3154,679.55444,100.22601,11.373535,11.87291,0.74721354,-1,-1,-1
413,3159,664.6954,113.14432,10.251587,12.334373,0.68630064,-1,-1,-1
413,3157,618.16644,105.11719,10.524292,11.293999,0.68655497,-1,-1,-1
413,3313,632.09845,108.066826,9.197388,11.993225,0.7078123,-1,-1,-1
413,3338,611.6736,118.08052,10.439941,11.991577,0.5021906,-1,-1,-1
413,3371,624.7685,126.90233,11.545898,16.429092,0.64556867,-1,-1,-1
413,3470,639.66394,83.10991,9.897034,11.567375,0.7174929,-1,-1,-1
413,3478,662.5912,73.03426,9.210693,10.532379,0.5722457,-1,-1,-1
413,3481,702.1845,108.000465,12.718994,14.5334015,0.7133419,-1,-1,-1
413,3477,784.4236,99.42476,16.964783,13.74498,0.73030865,-1,-1,-1
413,3525,695.7431,67.09848,11.614746,11.90992,0.58243513,-1,-1,-1
413,3540,763.4246,126.7983,15.843628,13.134743,0.55920947,-1,-1,-1
413,3539,603.8877,134.63327,13.994995,15.672348,0.36160755,-1,-1,-1
413,3524,962.88464,397.18436,41.73651,35.539124,0.25655922,-1,-1,-1
413,3545,742.53217,78.078926,13.472168,13.305092,0.57668495,-1,-1,-1
413,3490,720.1538,110.99181,14.546448,14.065063,0.40731442,-1,-1,-1
413,3501,651.458,47.771027,9.81073,10.9706955,0.3827765,-1,-1,-1
413,3479,674.14777,83.883934,10.059753,11.321701,0.36049291,-1,-1,-1
414,2908,657.6487,93.938255,11.4817505,14.400017,0.4708231,-1,-1,-1
414,2460,684.361,114.417175,13.859863,13.848007,0.72312045,-1,-1,-1
414,3154,679.5637,99.464905,12.017761,12.400459,0.7076336,-1,-1,-1
414,3159,664.80115,112.3029,10.137024,12.75856,0.6528965,-1,-1,-1
414,3157,618.7878,104.56312,10.422119,10.996857,0.7148046,-1,-1,-1
414,3313,631.9004,107.76075,9.300781,12.149536,0.703177,-1,-1,-1
414,3338,611.6795,117.38525,10.849182,12.223045,0.51714677,-1,-1,-1
414,3371,624.94214,126.31397,11.448547,15.599617,0.689725,-1,-1,-1
414,3470,639.6409,82.85673,9.961975,11.53537,0.7406781,-1,-1,-1
414,3478,662.67194,72.667,9.340515,10.462509,0.5663111,-1,-1,-1
414,3481,702.35913,107.55614,13.144714,14.8936,0.71926004,-1,-1,-1
414,3477,784.12823,98.07125,16.819946,13.514778,0.69208336,-1,-1,-1
414,3525,696.14935,66.9687,11.480652,11.926987,0.5647777,-1,-1,-1
414,3540,763.2489,125.745895,15.307678,12.96347,0.26876745,-1,-1,-1
414,3539,604.26294,133.97504,13.916443,15.528244,0.4461233,-1,-1,-1
414,3524,961.9275,395.317,41.182556,35.561768,0.5314174,-1,-1,-1
414,3545,742.3958,77.47795,13.545471,13.156876,0.48528695,-1,-1,-1
414,3501,651.4123,47.594776,9.935913,11.142403,0.3122263,-1,-1,-1
414,3550,920.88947,296.94113,29.162354,24.533478,0.3764812,-1,-1,-1
414,3551,648.3653,228.35338,14.792175,21.597488,0.41023988,-1,-1,-1
414,3479,674.16833,82.70055,10.320618,11.52652,0.2900729,-1,-1,-1
415,2908,657.5319,91.689095,11.789795,16.028557,0.49877623,-1,-1,-1
415,2460,684.4892,113.697685,13.737671,13.899185,0.7298736,-1,-1,-1
415,3154,679.9735,99.11646,11.808899,12.5097275,0.67970383,-1,-1,-1
415,3159,664.75275,111.76679,10.422302,12.934784,0.69680864,-1,-1,-1
415,3157,618.5902,104.06454,10.556641,11.125465,0.7286152,-1,-1,-1
415,3313,631.65466,107.54262,9.467957,12.447212,0.6440601,-1,-1,-1
415,3338,611.51294,116.99468,11.28302,12.45974,0.46254689,-1,-1,-1
415,3371,625.04425,125.458984,11.698669,16.308105,0.6685951,-1,-1,-1
415,3470,639.6251,82.64811,10.031128,11.633408,0.7318789,-1,-1,-1
415,3478,662.88806,72.69179,9.21637,10.063065,0.50692064,-1,-1,-1
415,3481,702.57477,107.406715,13.302246,15.078644,0.6822651,-1,-1,-1
415,3477,783.7466,97.196724,16.595581,13.448128,0.6748194,-1,-1,-1
415,3525,696.3049,66.958405,11.541748,11.937805,0.57012963,-1,-1,-1
415,3540,762.98755,124.3301,15.37738,12.822807,0.3824117,-1,-1,-1
415,3539,604.4721,132.92302,14.02002,15.665512,0.5106793,-1,-1,-1
415,3524,960.9642,393.58163,41.051147,34.94287,0.49603403,-1,-1,-1
415,3545,742.2686,76.65261,13.3797,13.098755,0.5602108,-1,-1,-1
415,3501,651.3341,47.529034,9.920532,11.188446,0.34959456,-1,-1,-1
415,3550,921.2824,296.18237,29.315125,24.420197,0.28725687,-1,-1,-1
415,3551,648.363,227.9045,14.804565,21.78978,0.47745743,-1,-1,-1
416,2908,657.58014,89.79856,11.915466,17.215134,0.64338833,-1,-1,-1
416,2460,684.61914,113.42231,13.52594,13.70369,0.7181634,-1,-1,-1
416,3154,680.22266,98.45114,11.601929,12.749123,0.6762292,-1,-1,-1
416,3159,664.4329,111.08638,10.863831,13.070404,0.7035708,-1,-1,-1
416,3157,618.7052,103.94134,10.404602,10.504791,0.6997892,-1,-1,-1
416,3313,631.6303,107.13014,9.409668,12.430519,0.6707978,-1,-1,-1
416,3338,611.59186,116.146645,11.2126465,12.298836,0.39874616,-1,-1,-1
416,3371,625.30414,124.830124,11.419556,16.091064,0.6645522,-1,-1,-1
416,3470,639.6059,82.161514,10.029968,11.872162,0.74522,-1,-1,-1
416,3478,663.0299,72.33511,9.105225,9.803673,0.55473286,-1,-1,-1
416,3481,702.8632,107.4142,13.227112,14.973976,0.5536429,-1,-1,-1
416,3477,782.83344,96.16538,16.742981,13.54847,0.6491797,-1,-1,-1
416,3525,696.6053,66.89519,11.709778,11.938087,0.48476085,-1,-1,-1
416,3540,762.7645,122.622116,14.822937,13.13089,0.63069206,-1,-1,-1
416,3539,604.40796,132.2531,14.179199,15.842361,0.35048065,-1,-1,-1
416,3524,960.3284,390.84427,40.897034,35.153595,0.61617196,-1,-1,-1
416,3545,742.2922,76.12708,12.951111,12.690811,0.5440461,-1,-1,-1
416,3501,651.2556,47.324436,9.916809,11.192562,0.42486063,-1,-1,-1
416,3551,648.5039,227.26497,14.926086,22.00589,0.43797657,-1,-1,-1
416,3306,671.4666,124.94243,12.564758,11.469269,0.30390346,-1,-1,-1
417,2908,657.87195,89.39151,11.7230835,17.101494,0.3928681,-1,-1,-1
417,2460,684.6504,112.49355,13.861511,13.898796,0.6449447,-1,-1,-1
417,3154,680.3157,97.73867,11.601013,12.886566,0.5622126,-1,-1,-1
417,3159,664.1974,110.41057,11.269836,12.844109,0.62580603,-1,-1,-1
417,3157,618.45844,102.999794,10.677795,10.666443,0.7031447,-1,-1,-1
417,3313,631.3458,106.45515,9.376343,12.204872,0.5776429,-1,-1,-1
417,3338,611.5478,115.721565,11.297302,12.039902,0.3466348,-1,-1,-1
417,3371,625.52844,124.43847,11.1154175,14.341759,0.7203287,-1,-1,-1
417,3470,639.50275,81.912834,10.053345,11.907272,0.7023022,-1,-1,-1
417,3478,662.94275,71.948845,9.186035,9.711784,0.40952218,-1,-1,-1
417,3481,703.115,107.39206,13.258911,15.021873,0.4349696,-1,-1,-1
417,3477,782.6549,95.01689,16.770508,13.235733,0.5735361,-1,-1,-1
417,3525,696.8892,66.86291,12.012695,11.830765,0.3861346,-1,-1,-1
417,3540,762.02057,121.44953,15.153931,12.747871,0.5651621,-1,-1,-1
417,3539,604.25464,131.5499,14.220154,15.984726,0.2966265,-1,-1,-1
417,3524,959.91595,388.19403,40.1344,35.235413,0.7113365,-1,-1,-1
417,3545,742.1727,75.35975,12.919067,12.611374,0.44664896,-1,-1,-1
417,3551,648.7227,226.58669,14.863525,22.718414,0.5271859,-1,-1,-1
417,3306,671.529,123.84893,13.061035,12.110924,0.34641215,-1,-1,-1
417,3550,922.10944,294.63416,29.148682,24.529053,0.46022633,-1,-1,-1
418,2908,658.15015,88.756165,11.715881,17.362656,0.57016844,-1,-1,-1
418,2460,684.7852,111.91318,14.255493,14.193924,0.65628254,-1,-1,-1
418,3154,679.8556,96.51421,12.147644,13.662811,0.58069134,-1,-1,-1
418,3159,664.2343,110.02023,11.354126,12.780006,0.6265304,-1,-1,-1
418,3157,618.24445,102.44751,10.94519,10.749016,0.6180477,-1,-1,-1
418,3313,631.21075,106.24754,9.583313,11.88472,0.66705954,-1,-1,-1
418,3371,625.6715,123.88721,11.042114,13.59639,0.7602963,-1,-1,-1
418,3470,639.3617,81.6918,10.101013,11.908333,0.763213,-1,-1,-1
418,3478,663.14716,71.785835,9.071533,9.477249,0.44896093,-1,-1,-1
418,3481,703.4651,107.39379,13.167175,15.045448,0.37085408,-1,-1,-1
418,3477,782.40704,93.75351,16.742065,13.455414,0.41796085,-1,-1,-1
418,3525,697.2788,66.88143,11.763916,11.703316,0.35951236,-1,-1,-1
418,3540,761.7624,120.302155,15.323975,12.93956,0.31151214,-1,-1,-1
418,3539,604.4502,131.2707,13.88092,15.831253,0.37803844,-1,-1,-1
418,3524,959.47534,386.2293,39.83783,34.59503,0.5536498,-1,-1,-1
418,3545,742.2117,74.60238,12.76593,12.482552,0.39021394,-1,-1,-1
418,3551,649.10736,225.93388,14.604248,22.619507,0.58383906,-1,-1,-1
418,3501,651.02106,47.03184,9.943176,11.153755,0.3328396,-1,-1,-1
419,2908,658.0849,88.61578,11.787598,17.155525,0.54672515,-1,-1,-1
419,2460,684.9544,111.39338,14.499695,14.399635,0.607035,-1,-1,-1
419,3154,680.3115,96.69591,11.637207,12.996254,0.5217482,-1,-1,-1
419,3159,664.48334,109.09259,11.163147,13.148041,0.49331835,-1,-1,-1
419,3157,618.4484,101.92694,10.695984,10.708214,0.6126845,-1,-1,-1
419,3313,631.14087,105.90243,9.741638,11.723259,0.62879926,-1,-1,-1
419,3371,625.8352,123.73734,10.831421,13.807915,0.6996806,-1,-1,-1
419,3470,639.3112,81.26142,10.133789,12.132698,0.74979854,-1,-1,-1
419,3478,663.2022,71.19842,8.943726,9.752075,0.39213812,-1,-1,-1
419,3481,703.8783,107.180534,13.106995,15.27018,0.27709994,-1,-1,-1
419,3477,781.68445,92.33799,16.651733,13.318436,0.5062779,-1,-1,-1
419,3525,697.5107,66.56628,11.678833,11.791145,0.41484505,-1,-1,-1
419,3540,761.68475,118.77435,15.362976,13.150131,0.33707672,-1,-1,-1
419,3524,958.3178,383.92175,39.791504,34.235443,0.625791,-1,-1,-1
419,3545,742.28424,73.54805,12.232666,12.504829,0.2651098,-1,-1,-1
419,3551,649.22455,226.05461,14.911438,22.393066,0.5242496,-1,-1,-1
419,3501,650.9453,46.884197,9.863831,11.121502,0.32170883,-1,-1,-1
419,3490,722.5817,108.97124,14.696716,14.653488,0.31310773,-1,-1,-1
419,3550,923.0899,293.54767,29.175903,24.593811,0.30794364,-1,-1,-1
420,2908,658.1465,88.58107,11.975891,16.802422,0.5566858,-1,-1,-1
420,2460,685.1892,111.0084,14.523987,14.564911,0.62741345,-1,-1,-1
420,3154,680.13794,96.17484,12.057861,13.047432,0.58034134,-1,-1,-1
420,3159,664.76794,108.81571,11.121765,13.112953,0.60638535,-1,-1,-1
420,3157,618.44916,101.44976,10.639587,10.811707,0.5713427,-1,-1,-1
420,3313,630.9946,105.55386,9.986267,11.819458,0.62679124,-1,-1,-1
420,3371,625.7458,123.72852,11.1987915,14.304405,0.66322815,-1,-1,-1
420,3470,639.2539,81.09433,10.08551,12.190445,0.77827203,-1,-1,-1
420,3478,663.2501,70.764366,8.931091,9.898727,0.33610225,-1,-1,-1
420,3481,704.20886,107.34382,13.363586,15.3583145,0.3318314,-1,-1,-1
420,3477,780.9571,90.96913,16.155579,13.530899,0.6172247,-1,-1,-1
420,3525,697.7412,67.01323,11.534363,11.470642,0.5076878,-1,-1,-1
420,3524,958.0621,381.84793,39.068848,33.78488,0.54983085,-1,-1,-1
420,3545,742.0463,72.48099,12.117676,12.744301,0.27282527,-1,-1,-1
420,3551,649.61957,226.14581,15.105774,22.281952,0.5760534,-1,-1,-1
420,3501,650.9041,46.894154,9.84552,11.086372,0.4388392,-1,-1,-1
420,3490,723.46655,109.187904,14.330933,14.452553,0.3386369,-1,-1,-1
420,3306,671.70416,121.658005,13.168518,12.769745,0.4052297,-1,-1,-1
421,2908,657.96564,88.0362,12.088501,16.778282,0.56266844,-1,-1,-1
421,2460,685.1691,110.3299,14.51062,14.662819,0.5874218,-1,-1,-1
421,3154,679.4245,95.81064,12.522644,12.777336,0.49690416,-1,-1,-1
421,3159,664.84955,108.03761,11.210144,13.329155,0.4441063,-1,-1,-1
421,3157,618.154,101.11817,10.752075,10.632851,0.49838045,-1,-1,-1
421,3313,630.74695,105.29727,10.189087,11.756958,0.61666787,-1,-1,-1
421,3371,625.6434,123.60654,11.367065,14.493164,0.64754754,-1,-1,-1
421,3470,639.22034,81.03427,10.009033,12.034897,0.7610133,-1,-1,-1
421,3478,663.2007,70.089096,8.993713,10.210037,0.42614284,-1,-1,-1
421,3481,704.29584,107.235146,13.745117,15.436035,0.29620564,-1,-1,-1
421,3477,779.96454,89.737404,16.321594,13.623718,0.64509505,-1,-1,-1
421,3525,698.023,66.6377,11.459412,11.656258,0.5075409,-1,-1,-1
421,3524,957.28564,379.78525,39.231567,33.656036,0.5383682,-1,-1,-1
421,3545,742.0415,71.43783,12.022156,12.821327,0.47995713,-1,-1,-1
421,3551,649.68396,225.94298,15.14563,22.087524,0.56132966,-1,-1,-1
421,3501,650.745,46.76232,9.879883,11.0242,0.40581247,-1,-1,-1
421,3490,723.9422,109.01432,14.178528,14.312103,0.26396528,-1,-1,-1
421,3306,671.9633,121.15833,12.567932,12.659828,0.47179618,-1,-1,-1
421,3539,603.49207,129.04095,14.560791,16.987595,0.25140193,-1,-1,-1
422,2908,658.16534,87.802246,11.889099,16.54641,0.53611887,-1,-1,-1
422,2460,685.49524,109.75384,14.542908,14.239464,0.553077,-1,-1,-1
422,3154,679.428,95.47518,12.796631,12.359917,0.5954473,-1,-1,-1
422,3159,664.9274,107.672195,11.296204,12.687134,0.45980182,-1,-1,-1
422,3157,617.938,100.56726,10.854675,10.452011,0.5140346,-1,-1,-1
422,3313,630.87885,105.224106,10.264282,11.707451,0.55291885,-1,-1,-1
422,3371,625.6816,122.72566,11.40802,13.875748,0.5976267,-1,-1,-1
422,3470,639.1378,80.98053,9.971313,11.891426,0.7591863,-1,-1,-1
422,3478,663.32745,69.78856,9.097534,10.277397,0.3587428,-1,-1,-1
422,3477,779.4967,88.66355,16.63269,13.572975,0.49810332,-1,-1,-1
422,3525,698.4832,65.736435,11.763855,12.288765,0.5234755,-1,-1,-1
422,3524,956.39734,376.91733,39.115112,33.930878,0.6404734,-1,-1,-1
422,3545,741.9408,70.65711,12.369873,12.637825,0.4495937,-1,-1,-1
422,3551,649.99084,225.53232,15.016113,22.350525,0.5436539,-1,-1,-1
422,3501,650.6548,46.568863,9.874451,10.947556,0.40990975,-1,-1,-1
422,3306,672.0024,120.63789,13.036499,12.741425,0.55835754,-1,-1,-1
422,3540,760.1687,115.15295,15.610962,12.867195,0.30340922,-1,-1,-1
423,2908,658.2917,87.35039,11.88916,16.505745,0.51006824,-1,-1,-1
423,2460,685.5839,109.13027,14.73053,14.230812,0.5377152,-1,-1,-1
423,3154,679.4472,95.035545,12.690552,12.219002,0.4951442,-1,-1,-1
423,3159,665.04346,106.825745,11.445557,12.768944,0.45049587,-1,-1,-1
423,3157,617.8954,100.07865,10.942322,10.382027,0.48369834,-1,-1,-1
423,3313,631.1212,104.50052,9.944397,12.09597,0.5164411,-1,-1,-1
423,3371,625.5667,122.272446,11.586243,13.354935,0.61961645,-1,-1,-1
423,3470,638.9485,80.499344,10.159241,12.065964,0.7261439,-1,-1,-1
423,3478,663.50275,69.438484,9.1605835,10.364227,0.25302574,-1,-1,-1
423,3477,778.9935,87.61392,16.633545,13.234688,0.45960945,-1,-1,-1
423,3525,699.0283,65.40781,11.777649,12.556351,0.5190742,-1,-1,-1
423,3545,741.7565,70.05441,12.687622,12.537498,0.28672576,-1,-1,-1
423,3551,650.18066,224.82095,15.248779,22.587646,0.5186128,-1,-1,-1
423,3501,650.5842,46.44641,9.916199,10.912231,0.298468,-1,-1,-1
423,3306,671.89465,120.19839,13.606812,12.959312,0.4779801,-1,-1,-1
423,3540,759.7679,113.71902,15.378906,12.674629,0.35603273,-1,-1,-1
423,3539,603.2869,127.471176,15.118042,15.98587,0.31793612,-1,-1,-1
424,2908,658.39374,86.779434,11.753052,16.459175,0.52471447,-1,-1,-1
424,2460,685.78253,108.20247,14.687622,14.310715,0.51522523,-1,-1,-1
424,3154,679.4148,94.461784,12.779541,12.45694,0.5611986,-1,-1,-1
424,3159,665.01556,106.12542,11.666748,13.042122,0.53952396,-1,-1,-1
424,3157,618.17615,99.13004,10.853394,10.843193,0.42139345,-1,-1,-1
424,3313,631.1534,104.223434,9.847839,12.212685,0.50266933,-1,-1,-1
424,3371,625.5169,120.95286,11.981812,14.06913,0.513542,-1,-1,-1
424,3470,638.8182,80.06781,10.241455,12.280968,0.7372123,-1,-1,-1
424,3478,663.3632,68.9823,9.340271,10.484688,0.28484187,-1,-1,-1
424,3477,778.3941,86.20358,16.48352,12.984711,0.5546731,-1,-1,-1
424,3525,699.26733,64.970985,11.733887,12.954613,0.6017302,-1,-1,-1
424,3545,741.35126,69.225914,12.828308,12.1054535,0.40944433,-1,-1,-1
424,3551,650.5087,224.25182,15.4401245,22.458008,0.64914,-1,-1,-1
424,3501,650.48047,46.34463,9.882751,10.817299,0.30833158,-1,-1,-1
424,3306,671.96484,119.58353,13.731018,13.832184,0.51823866,-1,-1,-1
424,3540,759.49896,112.79567,15.126526,12.46595,0.38788956,-1,-1,-1
424,3532,675.27167,79.84143,11.726807,18.639694,0.4986944,-1,-1,-1
425,2908,658.5937,87.11536,11.573486,15.626251,0.5432604,-1,-1,-1
425,2460,686.0074,107.604065,14.507324,14.367882,0.48268747,-1,-1,-1
425,3154,679.33734,93.24418,13.268005,13.23465,0.6124466,-1,-1,-1
425,3159,664.93317,105.7594,11.807861,13.059471,0.53507423,-1,-1,-1
425,3157,618.33386,98.25691,10.982422,10.826393,0.46609488,-1,-1,-1
425,3313,631.23596,103.4883,9.795166,12.239174,0.49600434,-1,-1,-1
425,3371,625.2773,119.72744,12.623718,15.123543,0.4146507,-1,-1,-1
425,3470,638.6301,79.540825,10.356689,12.6239395,0.76054835,-1,-1,-1
425,3478,663.568,68.50138,9.344666,10.501389,0.43294173,-1,-1,-1
425,3477,777.7971,84.868744,16.751282,13.140923,0.5179776,-1,-1,-1
425,3525,699.4864,64.73479,11.65509,13.071617,0.613593,-1,-1,-1
425,3545,741.0898,68.42915,12.868286,12.162651,0.5895174,-1,-1,-1
425,3551,650.5633,223.68259,15.682678,22.485718,0.5813783,-1,-1,-1
425,3501,650.43646,46.166485,9.784424,10.723915,0.46087793,-1,-1,-1
425,3306,671.9723,119.09574,13.652893,13.891655,0.55278254,-1,-1,-1
425,3540,759.14056,111.240425,15.20813,12.858734,0.42830575,-1,-1,-1
425,3532,675.3584,79.09803,11.667969,18.783005,0.5070815,-1,-1,-1
426,2908,658.56116,85.78642,11.708252,16.11618,0.57329655,-1,-1,-1
426,2460,686.20184,107.08389,14.323181,14.126106,0.59852946,-1,-1,-1
426,3154,679.4325,92.600876,13.69458,13.577629,0.673651,-1,-1,-1
426,3159,664.8678,105.39242,11.802429,12.889397,0.5864512,-1,-1,-1
426,3157,618.5634,97.79009,10.977783,10.446358,0.5779235,-1,-1,-1
426,3313,631.13,103.02383,9.703857,12.15094,0.6231021,-1,-1,-1
426,3371,625.3976,119.40812,12.6501465,15.499123,0.4344661,-1,-1,-1
426,3470,638.44684,78.98806,10.58252,12.8854065,0.73484445,-1,-1,-1
426,3478,663.8732,67.51395,9.162415,10.977196,0.36046794,-1,-1,-1
426,3477,776.9499,83.704346,16.622192,13.367958,0.53053963,-1,-1,-1
426,3525,699.6689,64.26027,11.567566,13.333977,0.6107065,-1,-1,-1
426,3545,740.8639,67.14714,12.605896,12.464981,0.551832,-1,-1,-1
426,3551,650.70514,223.54709,15.738159,22.06778,0.5319806,-1,-1,-1
426,3501,650.3623,45.925434,9.729858,10.595596,0.2909721,-1,-1,-1
426,3306,672.141,118.50408,13.358643,13.520485,0.6181364,-1,-1,-1
426,3540,758.7948,109.85369,15.066406,12.891335,0.47713017,-1,-1,-1
426,3532,675.4449,78.91407,11.298645,18.11512,0.4801703,-1,-1,-1
426,3481,706.4444,108.23943,13.863647,14.580383,0.32394794,-1,-1,-1
426,3539,603.87537,125.18591,15.01062,15.417007,0.30999652,-1,-1,-1
427,2908,658.4012,84.44413,11.9210205,16.658379,0.4725444,-1,-1,-1
427,2460,686.2246,106.83605,14.389404,14.140327,0.5031615,-1,-1,-1
427,3154,679.5527,91.868126,14.03302,13.849625,0.54697776,-1,-1,-1
427,3159,664.77185,105.10448,11.7213745,12.6661,0.39917654,-1,-1,-1
427,3157,618.1867,97.47484,11.483704,10.24778,0.3828377,-1,-1,-1
427,3313,630.95306,102.69774,9.924927,12.239655,0.39279416,-1,-1,-1
427,3371,625.36676,118.596924,12.703491,15.3936,0.29374287,-1,-1,-1
427,3470,638.3292,78.64359,10.704712,13.0411,0.6995209,-1,-1,-1
427,3478,664.0659,67.04033,9.198486,11.04776,0.33462572,-1,-1,-1
427,3477,776.07245,82.30641,17.14801,13.705246,0.34415582,-1,-1,-1
427,3525,699.84717,64.13483,11.603638,13.481216,0.52117866,-1,-1,-1
427,3545,740.4981,66.09906,12.314392,12.822769,0.43314347,-1,-1,-1
427,3551,650.85333,223.3549,15.5911255,21.961334,0.5154839,-1,-1,-1
427,3501,650.25854,45.48865,9.867615,10.682159,0.28670928,-1,-1,-1
427,3306,672.2736,117.881935,13.862488,13.835533,0.36428845,-1,-1,-1
427,3540,758.31006,108.62118,15.170776,12.854477,0.31533968,-1,-1,-1
428,2908,658.4801,83.18904,11.756958,17.248558,0.49752092,-1,-1,-1
428,2460,686.4206,106.21004,14.019104,14.037941,0.5676139,-1,-1,-1
428,3154,679.7682,91.30583,13.844727,13.913826,0.59869766,-1,-1,-1
428,3159,664.8728,104.51884,11.55603,12.67408,0.41821232,-1,-1,-1
428,3157,618.318,97.195984,11.245422,10.032639,0.47717842,-1,-1,-1
428,3313,630.78595,102.40003,10.009949,12.135704,0.53398913,-1,-1,-1
428,3371,625.6059,118.31574,12.128662,14.65255,0.45040116,-1,-1,-1
428,3470,638.33246,78.19229,10.652832,13.154709,0.73286134,-1,-1,-1
428,3478,663.9732,66.594124,9.329651,11.189178,0.4519576,-1,-1,-1
428,3477,775.461,81.22511,16.915894,13.301277,0.46593112,-1,-1,-1
428,3525,700.1371,64.15212,11.52478,13.470543,0.4836846,-1,-1,-1
428,3545,740.453,65.38229,11.921082,12.677216,0.49957037,-1,-1,-1
428,3551,651.03906,223.30263,15.557129,21.509506,0.48599273,-1,-1,-1
428,3501,649.9871,44.955616,9.934631,10.888416,0.387611,-1,-1,-1
428,3306,672.423,116.85579,13.287964,13.590668,0.40449917,-1,-1,-1
428,3540,757.81995,107.304794,14.981079,12.742935,0.2515563,-1,-1,-1
429,2908,658.3404,82.22288,11.965759,17.707832,0.49080476,-1,-1,-1
429,2460,686.58264,105.71116,13.9279175,14.0696945,0.5445062,-1,-1,-1
429,3154,679.7923,90.87702,13.59314,13.914169,0.67636067,-1,-1,-1
429,3159,664.9864,104.02482,11.385864,12.47374,0.45666742,-1,-1,-1
429,3157,618.2906,96.609665,11.468689,10.163918,0.52700394,-1,-1,-1
429,3313,630.57166,102.31211,10.1521,12.255806,0.50059366,-1,-1,-1
429,3371,625.45685,118.02467,12.334045,14.557205,0.5137811,-1,-1,-1
429,3470,638.34674,77.96066,10.533325,13.21225,0.7415951,-1,-1,-1
429,3478,663.82104,66.495895,9.499634,10.905159,0.46896827,-1,-1,-1
429,3477,774.8454,80.124245,16.35913,13.028351,0.46230033,-1,-1,-1
429,3525,700.33246,64.045044,11.520081,13.495613,0.55228835,-1,-1,-1
429,3545,740.01355,64.50622,12.117737,12.860298,0.65556127,-1,-1,-1
429,3551,651.03314,223.10165,15.577209,21.325989,0.48116833,-1,-1,-1
429,3501,649.7138,44.710022,9.957642,10.888538,0.48382822,-1,-1,-1
429,3306,672.26764,115.85413,13.353577,13.742287,0.38143316,-1,-1,-1
429,3540,757.0669,105.708626,14.770813,12.986229,0.30164573,-1,-1,-1
429,3490,725.2533,107.571884,14.882446,14.574905,0.42587775,-1,-1,-1
429,3481,707.57416,108.514275,13.38855,14.025925,0.32199985,-1,-1,-1
430,2908,658.5172,81.72544,11.799988,17.851181,0.46853513,-1,-1,-1
430,2460,686.6883,105.42831,14.172913,13.996109,0.5592915,-1,-1,-1
430,3154,680.33307,90.82457,12.989136,13.57814,0.6247819,-1,-1,-1
430,3159,665.1856,103.560646,11.240356,12.4537735,0.4593351,-1,-1,-1
430,3157,618.38446,96.17208,11.210327,10.145462,0.2931926,-1,-1,-1
430,3313,630.22394,101.80965,10.583862,12.562378,0.44779137,-1,-1,-1
430,3371,625.4859,117.78223,12.5303955,15.155243,0.5026225,-1,-1,-1
430,3470,638.3895,77.83109,10.35321,13.2239,0.7420988,-1,-1,-1
430,3478,663.9025,66.17058,9.490173,10.743843,0.4899923,-1,-1,-1
430,3477,774.2644,78.96085,16.028015,12.905342,0.5052643,-1,-1,-1
430,3525,700.5389,64.148735,11.707642,13.379601,0.50969225,-1,-1,-1
430,3545,739.75366,63.67766,12.514526,12.810688,0.63754183,-1,-1,-1
430,3551,651.0978,222.77025,15.906494,21.471329,0.4945032,-1,-1,-1
430,3501,649.5337,44.317047,10.07312,11.099369,0.55408454,-1,-1,-1
430,3306,672.42896,115.114105,13.235535,13.852783,0.48336583,-1,-1,-1
430,3540,756.0234,104.00484,15.048889,13.4464035,0.6396512,-1,-1,-1
430,3490,725.6809,107.42817,14.969971,14.603134,0.45583642,-1,-1,-1
430,3481,708.32733,108.333916,13.14856,13.915512,0.25802916,-1,-1,-1
430,3532,674.8046,78.869835,11.890625,16.46952,0.30606616,-1,-1,-1
431,2908,658.4479,82.09415,12.104675,17.3162,0.37005728,-1,-1,-1
431,2460,686.6625,104.87619,14.187744,13.950256,0.61188716,-1,-1,-1
431,3154,680.8675,90.46292,12.326538,13.330605,0.52283555,-1,-1,-1
431,3159,664.9826,102.83231,11.667725,12.702873,0.49812746,-1,-1,-1
431,3157,618.4909,95.332825,11.129517,10.243454,0.5112243,-1,-1,-1
431,3313,630.04083,101.29596,10.747986,12.778786,0.42131186,-1,-1,-1
431,3371,625.4157,117.16738,12.579651,14.930321,0.44443172,-1,-1,-1
431,3470,638.2448,77.40627,10.30365,13.48716,0.74591273,-1,-1,-1
431,3478,664.0373,65.749535,9.3186035,10.579735,0.42203772,-1,-1,-1
431,3477,773.70355,77.665855,16.073608,13.263405,0.3302113,-1,-1,-1
431,3525,700.8255,64.56739,11.641724,12.699867,0.47293782,-1,-1,-1
431,3545,739.6273,62.89409,12.343567,12.325203,0.6184564,-1,-1,-1
431,3551,651.0152,222.60289,16.086426,21.310593,0.31253043,-1,-1,-1
431,3501,649.2155,43.90482,10.135986,11.196705,0.62963784,-1,-1,-1
431,3306,672.3373,114.58529,13.257568,13.541283,0.4849065,-1,-1,-1
431,3540,755.4472,102.68478,15.121338,13.414871,0.7257823,-1,-1,-1
431,3490,726.0377,107.57203,15.44812,14.320694,0.3443857,-1,-1,-1
431,3481,708.5711,108.14896,13.142456,13.950081,0.42606682,-1,-1,-1
431,3539,603.653,121.79007,15.939148,16.04985,0.30114675,-1,-1,-1
432,2908,658.48926,81.68605,12.142029,17.276245,0.38363862,-1,-1,-1
432,2460,686.7005,104.42849,14.125488,13.787079,0.637693,-1,-1,-1
432,3154,680.3314,90.04959,12.730896,13.0972595,0.472548,-1,-1,-1
432,3159,665.3446,102.18314,11.661621,12.86422,0.29818112,-1,-1,-1
432,3157,618.1727,94.78461,11.171997,10.249481,0.4374056,-1,-1,-1
432,3313,630.1124,101.0462,10.9487915,12.718498,0.26522493,-1,-1,-1
432,3371,625.63617,116.54435,12.306213,14.501015,0.5133304,-1,-1,-1
432,3470,638.2324,77.23815,10.258362,13.390564,0.73125875,-1,-1,-1
432,3478,664.3214,65.29516,9.050964,10.298744,0.3015858,-1,-1,-1
432,3477,772.7488,76.59706,16.239563,13.0624695,0.3641067,-1,-1,-1
432,3525,701.3445,64.86421,11.561829,12.3657,0.35524827,-1,-1,-1
432,3545,739.28503,62.447758,12.580078,12.260929,0.39707005,-1,-1,-1
432,3551,651.2328,222.54216,15.962769,20.873016,0.4069605,-1,-1,-1
432,3501,649.04675,43.738434,10.217712,11.137806,0.58938384,-1,-1,-1
432,3540,754.71967,101.82624,15.36145,13.029556,0.7055093,-1,-1,-1
432,3490,726.5747,107.47355,15.638611,14.093803,0.27196497,-1,-1,-1
432,3481,708.4428,108.62352,13.745056,13.444305,0.34392217,-1,-1,-1
432,3539,602.4939,121.43289,16.777222,15.729538,0.30921006,-1,-1,-1
433,2908,658.76697,81.352844,12.04657,17.332405,0.37539405,-1,-1,-1
433,2460,686.8948,103.698,14.1067505,13.976074,0.575218,-1,-1,-1
433,3154,680.96124,89.42508,12.269775,13.06411,0.3389668,-1,-1,-1
433,3159,665.46497,101.59327,11.450012,12.495705,0.53268915,-1,-1,-1
433,3157,617.8929,94.29515,11.42511,10.1506195,0.49950862,-1,-1,-1
433,3313,630.15094,100.65791,11.069824,12.658035,0.38467488,-1,-1,-1
433,3371,626.0066,115.90939,12.169067,14.97644,0.41354817,-1,-1,-1
433,3470,638.1828,77.37297,10.241577,13.180328,0.71210665,-1,-1,-1
433,3477,772.2867,75.35785,15.857666,12.77153,0.42881775,-1,-1,-1
433,3525,701.94214,65.23968,11.427246,11.870766,0.41571444,-1,-1,-1
433,3545,738.9517,61.559566,12.584045,12.141369,0.39668357,-1,-1,-1
433,3551,651.59827,222.19032,15.851746,20.836456,0.3044236,-1,-1,-1
433,3501,648.81287,43.52457,10.30658,11.185722,0.53022605,-1,-1,-1
433,3540,754.79834,100.890366,14.808472,12.580162,0.5131449,-1,-1,-1
433,3481,708.51294,108.401794,14.104675,13.589401,0.39351043,-1,-1,-1
433,3539,603.3297,120.827484,16.194214,15.187775,0.2960659,-1,-1,-1
433,3306,672.6707,114.04887,13.332581,13.241318,0.3405128,-1,-1,-1
434,2908,659.23193,81.25036,11.626404,16.870651,0.4372478,-1,-1,-1
434,2460,687.1563,103.37393,14.069763,13.945419,0.65747875,-1,-1,-1
434,3154,680.6925,88.47646,12.864075,13.403038,0.29652235,-1,-1,-1
434,3159,665.6429,100.82732,11.371521,12.354355,0.6259094,-1,-1,-1
434,3157,618.0175,93.49742,11.201599,10.523842,0.59173477,-1,-1,-1
434,3313,630.55396,100.42626,10.71759,12.317078,0.50985396,-1,-1,-1
434,3371,626.2992,115.223526,11.933289,14.742401,0.54565483,-1,-1,-1
434,3470,638.08655,77.666756,10.2960205,12.571159,0.7494183,-1,-1,-1
434,3477,771.8233,74.431496,15.704834,12.12632,0.5687494,-1,-1,-1
434,3525,702.4566,65.38961,11.351013,11.546959,0.28837588,-1,-1,-1
434,3545,738.8306,60.595646,12.546509,12.3501625,0.4867332,-1,-1,-1
434,3501,648.7624,43.472477,10.190918,11.040531,0.5085324,-1,-1,-1
434,3540,754.4854,99.20293,14.868347,12.747513,0.533453,-1,-1,-1
434,3481,708.52234,108.42896,14.746887,13.6189575,0.3517839,-1,-1,-1
434,3306,672.7788,113.512886,13.915283,13.460144,0.4168829,-1,-1,-1
434,3478,664.3246,64.5519,9.313538,10.278854,0.28619134,-1,-1,-1
434,3490,727.64404,107.32641,14.805176,13.745644,0.273024,-1,-1,-1
435,2908,659.3618,80.97913,11.550537,16.484413,0.46681595,-1,-1,-1
435,2460,687.2803,103.04111,14.021362,13.770996,0.62724423,-1,-1,-1
435,3159,665.6428,100.207695,11.378357,12.510063,0.6647452,-1,-1,-1
435,3157,618.26117,92.891396,11.635864,10.742287,0.457314,-1,-1,-1
435,3313,630.5672,100.35342,10.88678,11.939507,0.4186702,-1,-1,-1
435,3371,626.35944,114.8824,11.805237,13.907867,0.31827924,-1,-1,-1
435,3470,638.0414,77.23619,10.241577,12.667496,0.7616327,-1,-1,-1
435,3477,771.48987,73.37661,15.413574,12.08503,0.36152676,-1,-1,-1
435,3525,702.6004,65.15526,11.414307,11.682663,0.32966015,-1,-1,-1
435,3545,738.73663,59.76283,12.266602,12.444523,0.4717054,-1,-1,-1
435,3501,648.8939,43.25733,10.020081,10.958874,0.6091486,-1,-1,-1
435,3540,754.1707,97.5973,14.379089,13.071487,0.74098825,-1,-1,-1
435,3481,708.5184,108.51728,15.145996,13.426239,0.3180564,-1,-1,-1
435,3306,672.9481,113.29318,14.05603,14.222778,0.48600423,-1,-1,-1
435,3478,664.3717,64.08717,9.328918,10.308136,0.2721373,-1,-1,-1
435,3490,727.9816,107.24794,14.788879,13.677689,0.26141578,-1,-1,-1
436,2908,659.45575,80.80637,11.452881,15.895241,0.53393596,-1,-1,-1
436,2460,687.4841,102.371216,13.779968,13.728142,0.6862904,-1,-1,-1
436,3159,665.7614,99.4782,11.682861,12.8737335,0.7036994,-1,-1,-1
436,3157,618.6288,92.19242,11.545044,10.4012985,0.68843037,-1,-1,-1
436,3313,630.38776,100.18834,10.769409,11.655251,0.5767161,-1,-1,-1
436,3371,626.56903,113.84148,11.957397,13.666237,0.4077403,-1,-1,-1
436,3470,637.9325,76.4561,10.476624,13.121063,0.7512845,-1,-1,-1
436,3477,770.7615,72.25224,15.410645,12.262421,0.28446397,-1,-1,-1
436,3545,738.5396,58.66974,12.516174,12.57563,0.557993,-1,-1,-1
436,3501,648.81836,43.099022,10.120422,10.82637,0.62707293,-1,-1,-1
436,3540,753.5969,96.45431,14.439575,13.006416,0.74439824,-1,-1,-1
436,3481,708.8764,108.12143,15.42865,13.604195,0.57234097,-1,-1,-1
436,3306,673.1001,112.42572,13.839844,13.231598,0.6758958,-1,-1,-1
436,3478,664.43506,63.268406,9.811523,10.504116,0.31555334,-1,-1,-1
436,3539,603.4817,118.48004,16.120056,16.126114,0.35649076,-1,-1,-1
436,3154,680.4249,87.79289,13.143066,12.796928,0.37843946,-1,-1,-1
437,2908,659.4491,80.50327,11.395935,15.549019,0.42097938,-1,-1,-1
437,2460,687.6364,102.09311,13.507629,13.6768265,0.64784825,-1,-1,-1
437,3159,665.7794,99.00012,11.820435,13.024483,0.6749106,-1,-1,-1
437,3157,618.7669,91.692276,11.411011,10.2920685,0.6070436,-1,-1,-1
437,3313,630.3296,99.95752,10.792358,11.443146,0.5554112,-1,-1,-1
437,3371,626.7395,113.688805,11.816101,13.528603,0.3899066,-1,-1,-1
437,3470,637.6383,75.896736,10.720581,13.394463,0.67431444,-1,-1,-1
437,3501,648.8656,43.044487,10.021301,10.714367,0.56559426,-1,-1,-1
437,3540,752.9421,95.144196,14.653259,13.050087,0.77884334,-1,-1,-1
437,3481,709.6227,107.95896,15.399353,13.895409,0.5437052,-1,-1,-1
437,3306,673.4307,111.89711,13.793945,13.20488,0.67676514,-1,-1,-1
437,3154,680.6338,87.02788,13.125122,13.128769,0.31853485,-1,-1,-1
437,3551,652.6221,220.11217,16.33075,21.696915,0.3109473,-1,-1,-1
438,2908,659.22473,78.95967,11.582764,16.371368,0.45864856,-1,-1,-1
438,2460,687.80884,101.39072,13.403137,13.440659,0.6050637,-1,-1,-1
438,3159,665.7684,98.58338,11.80072,13.036453,0.646319,-1,-1,-1
438,3157,618.1848,91.64767,11.91748,10.144478,0.61854327,-1,-1,-1
438,3313,630.31964,99.556145,10.478638,11.3309555,0.5914089,-1,-1,-1
438,3371,626.8144,112.944,11.914795,14.017784,0.42754093,-1,-1,-1
438,3470,637.31287,75.41104,10.878662,13.550018,0.6428627,-1,-1,-1
438,3501,648.8596,42.9523,9.951416,10.648895,0.5346798,-1,-1,-1
438,3540,752.8999,94.213486,14.340271,12.635727,0.7279052,-1,-1,-1
438,3481,710.53973,108.1176,14.912842,13.777779,0.44446588,-1,-1,-1
438,3306,673.5688,111.44008,13.758728,13.548111,0.66757727,-1,-1,-1
438,3154,680.66064,86.32198,13.351501,13.452629,0.38463628,-1,-1,-1
438,3551,652.83923,219.7798,16.210205,21.783676,0.38008884,-1,-1,-1
439,2908,659.2806,77.513016,11.66626,17.054428,0.4573992,-1,-1,-1
439,2460,687.98456,100.95792,13.44397,13.194572,0.48938507,-1,-1,-1
439,3159,666.0223,97.77846,11.869751,12.992287,0.58806235,-1,-1,-1
439,3157,618.13226,90.76065,11.732117,10.2603,0.5720372,-1,-1,-1
439,3313,630.2649,99.271576,10.630127,11.37635,0.45624876,-1,-1,-1
439,3371,626.8575,112.25183,11.813965,14.345818,0.26704568,-1,-1,-1
439,3470,637.4183,75.16339,10.721863,13.403519,0.6872972,-1,-1,-1
439,3501,648.9197,42.99262,9.754517,10.405632,0.42345893,-1,-1,-1
439,3540,752.7182,92.91521,14.327698,12.594017,0.6066924,-1,-1,-1
439,3481,710.94977,108.26565,15.102051,13.504082,0.29602146,-1,-1,-1
439,3306,673.6857,110.730865,13.908142,13.69352,0.65510464,-1,-1,-1
439,3154,681.4232,85.96463,12.979614,13.256477,0.31268927,-1,-1,-1
439,3551,653.12946,219.7733,16.193481,21.476639,0.3864952,-1,-1,-1
439,3545,738.1919,55.751564,13.080139,12.859489,0.28647628,-1,-1,-1
439,3478,664.9151,61.82203,9.748047,10.215012,0.2925053,-1,-1,-1
440,2908,659.2133,76.0847,11.766174,17.682,0.45662227,-1,-1,-1
440,2460,688.50183,100.24404,13.455078,13.102966,0.61334014,-1,-1,-1
440,3159,665.9093,97.14959,11.762878,12.817734,0.6246344,-1,-1,-1
440,3157,618.2461,90.20633,11.903564,10.301552,0.49939206,-1,-1,-1
440,3313,630.1587,98.44769,10.940674,11.801796,0.42106378,-1,-1,-1
440,3371,627.26044,111.84441,11.823853,14.119392,0.39081717,-1,-1,-1
440,3470,637.56836,74.98899,10.560364,13.242218,0.75671065,-1,-1,-1
440,3501,648.76965,42.62557,9.926331,10.5415,0.555379,-1,-1,-1
440,3540,752.20953,91.56508,14.639587,13.07856,0.60597163,-1,-1,-1
440,3481,711.89795,107.96296,14.600525,13.525719,0.3663681,-1,-1,-1
440,3306,673.60254,110.21154,14.445435,14.774956,0.63325053,-1,-1,-1
440,3154,681.4624,85.33904,13.001709,13.261711,0.5248411,-1,-1,-1
440,3551,653.7833,219.65796,16.01709,21.072556,0.3475145,-1,-1,-1
440,3545,738.042,54.618748,13.308533,13.021786,0.5034508,-1,-1,-1
440,3478,665.09174,61.684074,9.511963,9.836624,0.41029397,-1,-1,-1
440,3525,704.2472,63.93407,11.97406,12.304272,0.30434588,-1,-1,-1
440,3477,769.17395,66.87388,15.080688,12.215118,0.48332644,-1,-1,-1
441,2908,659.38666,75.775925,11.705994,17.390617,0.40847847,-1,-1,-1
441,2460,688.59283,99.58032,13.526733,12.960579,0.53072464,-1,-1,-1
441,3159,666.0815,96.22408,11.514221,13.040512,0.61792403,-1,-1,-1
441,3157,618.4013,89.426735,11.71051,10.105186,0.5209546,-1,-1,-1
441,3313,630.2953,97.90219,10.845886,11.730431,0.48229882,-1,-1,-1
441,3371,627.5254,111.21168,11.72113,14.048767,0.5113974,-1,-1,-1
441,3470,637.7316,74.72485,10.298279,13.18251,0.7508183,-1,-1,-1
441,3501,648.6323,42.188244,9.969055,10.573948,0.54438466,-1,-1,-1
441,3540,751.9768,89.83161,14.719299,13.597847,0.63294995,-1,-1,-1
441,3481,712.8139,107.615135,14.086426,13.626572,0.47084412,-1,-1,-1
441,3306,673.6232,109.734764,14.643921,15.566116,0.5386287,-1,-1,-1
441,3154,681.5937,84.7256,12.807983,13.137505,0.37287834,-1,-1,-1
441,3551,654.2596,219.13222,15.98999,21.078415,0.4360591,-1,-1,-1
441,3545,737.7972,53.43624,13.515015,13.3578415,0.2780429,-1,-1,-1
441,3478,665.22473,60.831093,9.490662,10.201172,0.44161585,-1,-1,-1
441,3525,704.6678,63.220253,12.00592,12.813187,0.40515402,-1,-1,-1
441,3477,768.46765,65.52901,15.175232,12.571838,0.55506146,-1,-1,-1
442,2908,659.53064,75.46798,11.70282,17.382278,0.35246307,-1,-1,-1
442,2460,688.70636,99.04459,13.415527,12.707321,0.46643066,-1,-1,-1
442,3159,666.47205,95.568924,11.1188965,12.801071,0.6333988,-1,-1,-1
442,3157,618.553,88.5216,11.506897,10.079575,0.5138015,-1,-1,-1
442,3313,630.2219,97.47507,11.062683,11.749168,0.34873027,-1,-1,-1
442,3371,627.58844,111.13898,11.718933,13.759308,0.37187904,-1,-1,-1
442,3470,637.82086,74.35816,10.156433,13.1132965,0.7538907,-1,-1,-1
442,3501,648.45844,41.63339,10.487122,10.917099,0.54155684,-1,-1,-1
442,3540,751.5783,88.65842,15.056885,13.447952,0.59588146,-1,-1,-1
442,3481,713.42444,107.28108,13.993652,13.927589,0.4387199,-1,-1,-1
442,3306,673.862,109.14511,14.705078,16.380821,0.5503947,-1,-1,-1
442,3154,681.688,84.58115,12.476501,12.834396,0.347079,-1,-1,-1
442,3551,654.4406,218.70796,15.945129,21.42157,0.5656507,-1,-1,-1
442,3545,737.7435,52.71675,13.407227,13.429596,0.47285464,-1,-1,-1
442,3478,665.3814,60.333836,9.50647,10.26128,0.39721593,-1,-1,-1
442,3525,705.1332,62.659454,11.867004,13.18438,0.497424,-1,-1,-1
442,3477,767.82745,64.2827,15.549255,12.849678,0.2630188,-1,-1,-1
442,3338,613.9816,99.145065,10.178589,11.5733795,0.3280371,-1,-1,-1
443,2908,659.565,75.29265,11.8526,17.203903,0.395015,-1,-1,-1
443,2460,688.7994,98.21352,13.272583,13.008163,0.36562586,-1,-1,-1
443,3159,666.53436,94.891304,10.951599,12.718727,0.68659234,-1,-1,-1
443,3157,618.28046,88.31857,11.485107,9.822334,0.54437757,-1,-1,-1
443,3313,629.8208,97.20229,11.3619995,11.6214905,0.36049488,-1,-1,-1
443,3371,627.5182,110.61827,11.904907,13.498039,0.50846136,-1,-1,-1
443,3470,637.7704,74.47316,10.067383,12.746338,0.7739997,-1,-1,-1
443,3501,648.36005,41.360996,10.640381,11.004753,0.5903178,-1,-1,-1
443,3540,751.1247,87.442795,14.608459,12.962334,0.56284493,-1,-1,-1
443,3481,713.8425,107.137054,13.908752,13.990715,0.5497131,-1,-1,-1
443,3306,674.1334,108.47741,14.531311,16.456436,0.5322689,-1,-1,-1
443,3154,681.6385,84.01406,12.527527,12.831795,0.32350156,-1,-1,-1
443,3551,654.4699,218.39903,16.123657,21.49147,0.54066336,-1,-1,-1
443,3545,737.6444,51.83597,13.047302,13.493061,0.6282139,-1,-1,-1
443,3478,665.44305,59.913,9.514099,10.158184,0.5180369,-1,-1,-1
443,3525,705.4117,62.47889,11.772827,13.2172165,0.53155375,-1,-1,-1
443,3477,766.9928,63.156864,15.376038,12.793995,0.6209642,-1,-1,-1
443,3338,614.2885,98.6056,10.197693,11.305542,0.33530635,-1,-1,-1
444,2908,659.87305,74.65232,11.727234,17.33564,0.5027139,-1,-1,-1
444,2460,689.04626,97.86826,12.855103,12.897629,0.4423615,-1,-1,-1
444,3159,666.70465,94.25644,10.885742,12.627884,0.65136224,-1,-1,-1
444,3157,618.03546,87.561485,11.643982,9.952026,0.6077563,-1,-1,-1
444,3313,630.1077,96.56536,11.013306,11.723709,0.45646328,-1,-1,-1
444,3371,627.74347,110.07139,11.796082,13.726501,0.36174253,-1,-1,-1
444,3470,637.82886,74.305466,9.984009,12.586166,0.78759927,-1,-1,-1
444,3501,648.3935,41.131798,10.612244,10.952816,0.5701257,-1,-1,-1
444,3540,750.9494,86.44948,14.282898,12.656677,0.6706275,-1,-1,-1
444,3481,714.2016,107.15819,14.3029175,13.878006,0.51379424,-1,-1,-1
444,3306,674.27264,107.81671,14.69989,16.578117,0.5863341,-1,-1,-1
444,3551,654.52747,218.12193,16.428406,21.381866,0.48266223,-1,-1,-1
444,3478,665.7879,59.239883,9.500488,10.173759,0.5708321,-1,-1,-1
444,3525,705.60187,62.049232,11.963135,13.528427,0.4886918,-1,-1,-1
444,3477,766.5742,62.197414,14.923645,12.487347,0.5323084,-1,-1,-1
444,3338,614.10657,98.436714,10.386841,11.2117,0.3730948,-1,-1,-1
445,2908,660.03326,74.248146,11.644836,17.20034,0.5808889,-1,-1,-1
445,2460,689.3242,96.89008,12.957275,13.16684,0.5028332,-1,-1,-1
445,3159,666.9383,93.41631,10.875549,12.930008,0.6866812,-1,-1,-1
445,3157,617.9736,86.621666,11.806274,10.086418,0.61012816,-1,-1,-1
445,3313,630.3523,95.80058,10.864624,11.965836,0.5521004,-1,-1,-1
445,3371,627.8231,108.85129,11.783752,13.595573,0.42019305,-1,-1,-1
445,3470,637.9093,73.72228,10.034973,12.626656,0.787986,-1,-1,-1
445,3501,648.2935,41.07385,10.592529,10.677475,0.53774744,-1,-1,-1
445,3540,750.8242,84.97216,13.765503,12.671799,0.74076414,-1,-1,-1
445,3481,714.7251,107.41044,14.371765,13.575264,0.46625644,-1,-1,-1
445,3306,674.48737,107.17212,14.888611,16.85231,0.52641946,-1,-1,-1
445,3551,655.05444,217.69472,16.569214,21.228378,0.5873991,-1,-1,-1
445,3478,665.88226,58.78747,9.526611,10.117001,0.64618486,-1,-1,-1
445,3525,705.9616,62.211227,11.826599,13.127113,0.35306957,-1,-1,-1
445,3477,766.0854,61.26326,14.532349,12.190559,0.34330088,-1,-1,-1
445,3338,614.0799,97.217476,10.528381,12.28801,0.46454835,-1,-1,-1
446,2908,660.16754,74.25109,11.580627,16.638077,0.50239825,-1,-1,-1
446,2460,689.23254,95.818794,13.06781,13.480583,0.566521,-1,-1,-1
446,3159,667.0219,92.75344,10.994507,13.030304,0.6955313,-1,-1,-1
446,3157,618.57214,85.94609,11.680847,10.009308,0.60798734,-1,-1,-1
446,3313,630.39044,95.097435,11.17865,12.105301,0.3303961,-1,-1,-1
446,3470,637.61676,72.99429,10.259766,12.867966,0.77539057,-1,-1,-1
446,3501,648.0863,40.96486,10.483093,10.541153,0.48854768,-1,-1,-1
446,3540,750.69025,83.762634,13.739075,12.708923,0.6367015,-1,-1,-1
446,3481,715.10486,107.26761,14.239136,13.479332,0.4267634,-1,-1,-1
446,3306,674.5765,106.65221,14.87677,17.085358,0.6220926,-1,-1,-1
446,3551,655.1906,217.28966,16.760742,21.047623,0.58503914,-1,-1,-1
446,3478,666.15155,58.21671,9.491211,10.257397,0.61575663,-1,-1,-1
446,3525,706.3257,62.20593,11.673645,12.835209,0.3165417,-1,-1,-1
446,3338,614.30865,96.16839,10.606262,12.68647,0.41284657,-1,-1,-1
447,2908,660.8189,74.30993,11.289978,15.694572,0.35296196,-1,-1,-1
447,2460,689.0358,95.50026,13.821289,13.64019,0.5048033,-1,-1,-1
447,3159,667.0779,92.41802,11.252136,12.89743,0.61676794,-1,-1,-1
447,3157,618.4685,85.28624,12.161011,10.37709,0.67677474,-1,-1,-1
447,3470,637.3517,72.473465,10.462952,12.915497,0.7700196,-1,-1,-1
447,3501,648.00806,40.887226,10.594666,10.429108,0.4825358,-1,-1,-1
447,3540,750.5601,82.493935,13.471558,12.507767,0.46008134,-1,-1,-1
447,3481,715.46735,106.977036,14.15509,13.482239,0.40854082,-1,-1,-1
447,3306,674.81464,106.308136,14.954712,17.050545,0.5697961,-1,-1,-1
447,3551,655.3548,216.98285,16.989319,20.92427,0.4543076,-1,-1,-1
447,3478,666.36646,57.704693,9.497742,10.365803,0.5963487,-1,-1,-1
447,3525,706.4778,62.56428,11.833862,12.340328,0.33293363,-1,-1,-1
447,3338,614.3826,95.90712,10.77533,12.355598,0.27443528,-1,-1,-1
448,2908,660.7942,74.346886,11.389893,15.1933975,0.3216281,-1,-1,-1
448,3159,667.33746,91.93786,11.267761,12.882156,0.55798435,-1,-1,-1
448,3157,618.3828,85.08109,12.181274,10.533333,0.65749675,-1,-1,-1
448,3470,637.20593,72.19719,10.507141,12.994568,0.7651272,-1,-1,-1
448,3501,647.96155,40.860332,10.589905,10.319622,0.42435747,-1,-1,-1
448,3540,750.06903,81.31779,13.713745,12.720444,0.28605938,-1,-1,-1
448,3481,715.7607,106.62376,14.300903,13.832985,0.3404673,-1,-1,-1
448,3306,674.87946,105.8041,14.636169,15.544846,0.47269297,-1,-1,-1
448,3551,655.4892,216.62718,17.1922,20.867722,0.25532895,-1,-1,-1
448,3478,666.5493,56.973522,9.466431,10.745045,0.5291599,-1,-1,-1
448,3313,630.4305,94.418015,11.008667,12.167084,0.29212177,-1,-1,-1
449,2908,660.57434,73.35328,11.759094,15.318626,0.36632314,-1,-1,-1
449,3159,667.54,91.52224,11.22168,12.82402,0.5516035,-1,-1,-1
449,3157,618.1716,84.53725,12.453552,10.6944275,0.6153387,-1,-1,-1
449,3470,636.96075,72.19578,10.608582,12.749519,0.7422406,-1,-1,-1
449,3501,647.90173,40.65037,10.363647,9.892731,0.2804899,-1,-1,-1
449,3540,749.8219,79.632774,14.024231,13.314232,0.28216487,-1,-1,-1
449,3306,675.0822,104.99867,13.705627,14.631454,0.26854146,-1,-1,-1
449,3551,655.78864,216.03175,17.394287,21.061905,0.31797957,-1,-1,-1
449,3478,666.71643,56.304577,9.362549,11.045727,0.45817465,-1,-1,-1
449,3313,630.3633,94.3198,10.623962,11.819878,0.28618765,-1,-1,-1
449,3154,683.3379,80.287155,12.949341,13.3798065,0.2889095,-1,-1,-1
449,2460,689.62286,94.42607,14.034668,13.853821,0.26442868,-1,-1,-1
450,3159,667.60236,90.90927,11.198486,12.891998,0.41673627,-1,-1,-1
450,3157,618.15344,83.70379,12.53894,10.727219,0.4607791,-1,-1,-1
450,3470,636.97687,71.60957,10.6073,13.008957,0.7132456,-1,-1,-1
450,3540,749.35736,78.22904,13.739197,13.528023,0.518874,-1,-1,-1
450,3551,656.06866,215.61404,17.28711,21.21399,0.26583058,-1,-1,-1
450,3313,630.39355,93.99385,10.6073,11.791176,0.45046845,-1,-1,-1
451,3159,667.7845,90.025406,11.166504,13.009766,0.4580402,-1,-1,-1
451,3157,618.0536,83.45047,12.601807,10.655228,0.48831055,-1,-1,-1
451,3470,637.08307,71.52981,10.660217,12.89492,0.6868248,-1,-1,-1
451,3540,749.21814,77.04891,13.571045,13.535126,0.76031643,-1,-1,-1
451,3313,630.4339,93.55367,10.794556,12.004135,0.43661663,-1,-1,-1
451,3477,762.691,53.07647,14.690369,13.39444,0.33132625,-1,-1,-1
451,3501,648.1651,40.271084,9.965149,9.5641365,0.35375363,-1,-1,-1
451,3478,667.0594,55.71511,9.227905,10.841415,0.26655126,-1,-1,-1
451,3154,683.73895,79.54447,13.131287,13.214088,0.25732595,-1,-1,-1
452,3159,667.6461,89.28661,11.613586,13.11985,0.4534355,-1,-1,-1
452,3157,618.10565,82.72938,12.637573,10.588791,0.47552538,-1,-1,-1
452,3470,637.03357,71.425835,10.645996,12.576775,0.6722537,-1,-1,-1
452,3540,748.8479,76.2624,13.494446,13.326775,0.48018637,-1,-1,-1
452,3313,630.36194,92.78166,11.044067,12.547134,0.42985564,-1,-1,-1
453,3159,667.6223,88.766235,11.598389,12.989189,0.4491916,-1,-1,-1
453,3157,618.0051,82.1913,12.460876,10.662209,0.48864684,-1,-1,-1
453,3470,637.13916,71.227104,10.596985,12.456306,0.7100408,-1,-1,-1
453,3540,748.6825,75.56148,12.839172,12.756477,0.48317567,-1,-1,-1
453,3481,717.29816,105.6554,15.142456,14.129402,0.26442516,-1,-1,-1
453,3551,656.90894,214.33807,17.36554,21.960312,0.27569076,-1,-1,-1
454,3159,667.6137,88.21481,11.373962,13.010948,0.3713274,-1,-1,-1
454,3157,617.5992,81.739105,12.4539795,10.7561035,0.53055906,-1,-1,-1
454,3470,637.2576,70.56217,10.631287,12.826187,0.67426246,-1,-1,-1
454,3540,748.4328,74.52948,12.461975,12.324982,0.35613495,-1,-1,-1
454,3551,657.1994,214.12393,17.541748,22.069916,0.2714835,-1,-1,-1
454,3501,647.80396,39.409515,10.035522,9.754467,0.36428025,-1,-1,-1
454,3313,630.3412,91.90181,11.146423,14.34893,0.26251268,-1,-1,-1
455,3159,667.93,87.6805,11.250122,13.030411,0.30092308,-1,-1,-1
455,3157,617.3753,80.69619,12.928406,11.047462,0.52079386,-1,-1,-1
455,3470,637.011,69.509514,10.899353,13.319786,0.6959599,-1,-1,-1
455,3540,748.0114,72.82586,12.459534,12.664162,0.30800828,-1,-1,-1
455,3551,657.7698,213.91269,17.159058,21.900558,0.45576012,-1,-1,-1
455,3501,647.611,38.667797,10.127991,10.294182,0.35974348,-1,-1,-1
455,3478,667.03436,53.386,9.877441,11.411446,0.26476863,-1,-1,-1
456,3159,668.048,87.19139,11.052551,13.119553,0.30944726,-1,-1,-1
456,3157,617.1865,80.09792,13.379578,12.181145,0.41743198,-1,-1,-1
456,3470,636.9001,69.1668,10.8828125,13.347572,0.71181566,-1,-1,-1
456,3540,747.681,71.547935,12.537231,12.828346,0.30198222,-1,-1,-1
456,3551,658.10944,213.61162,16.875854,22.115738,0.5029778,-1,-1,-1
456,3501,647.45526,38.29046,10.198425,10.518421,0.29707748,-1,-1,-1
456,3478,667.03094,52.99557,9.870422,11.390095,0.25536144,-1,-1,-1
456,2908,660.9327,67.674416,12.065491,17.556885,0.347452,-1,-1,-1
457,3157,617.33844,79.441925,13.448608,11.994141,0.6245972,-1,-1,-1
457,3470,636.95404,69.12984,10.804077,13.103485,0.75275564,-1,-1,-1
457,3540,747.26764,70.43312,12.608704,12.894012,0.29211843,-1,-1,-1
457,3551,658.4157,213.34056,16.611633,22.204224,0.6185777,-1,-1,-1
457,3501,647.3798,38.146908,10.216553,10.419361,0.2848646,-1,-1,-1
458,3157,617.31036,79.15019,13.632751,11.740166,0.63932014,-1,-1,-1
458,3470,636.93176,69.07399,10.71228,12.833778,0.76312834,-1,-1,-1
458,3551,658.68256,213.09435,16.503235,22.367523,0.3835928,-1,-1,-1
458,3501,647.2694,38.10104,10.209717,10.313293,0.2894523,-1,-1,-1
458,3159,667.7269,85.259445,11.580078,13.779808,0.26872325,-1,-1,-1
459,3157,617.0177,78.878,13.812256,11.775787,0.6537994,-1,-1,-1
459,3470,637.04156,68.52749,10.588745,12.949196,0.76346064,-1,-1,-1
459,3501,647.192,37.792164,10.151062,10.390533,0.29412645,-1,-1,-1
459,3490,737.6827,101.31039,15.962158,14.941498,0.3820221,-1,-1,-1
460,3157,616.5082,78.4511,14.41449,12.250427,0.49847674,-1,-1,-1
460,3470,637.15643,68.29475,10.469788,12.916092,0.70923156,-1,-1,-1
460,3490,738.00903,100.89075,16.194458,15.144203,0.2628104,-1,-1,-1
461,3157,616.5675,77.86139,14.2908325,13.650032,0.4797698,-1,-1,-1
461,3470,637.2005,68.13091,10.41626,12.772354,0.7337944,-1,-1,-1
461,3154,683.9117,74.173935,14.006836,12.6768875,0.27314192,-1,-1,-1
462,3157,616.49365,77.34437,14.345459,12.079666,0.44344413,-1,-1,-1
462,3470,637.16406,67.89554,10.470703,12.682167,0.76418155,-1,-1,-1
462,3154,683.3906,73.63579,14.384888,12.7614975,0.40140614,-1,-1,-1
462,3501,646.9114,36.95773,10.082275,10.209515,0.2522821,-1,-1,-1
463,3157,616.85626,76.90238,13.87738,11.644379,0.5253059,-1,-1,-1
463,3470,637.3354,67.666756,10.271545,12.677452,0.79224014,-1,-1,-1
463,3501,647.16394,36.996593,9.663086,9.896984,0.25854072,-1,-1,-1
463,3306,676.38873,95.4662,14.360352,14.193588,0.31222355,-1,-1,-1
463,3490,740.19543,99.859634,14.69104,14.901367,0.3157573,-1,-1,-1
464,3157,616.7188,76.02524,13.95459,11.643486,0.44631132,-1,-1,-1
464,3470,637.1138,66.807205,10.325806,12.955658,0.7678451,-1,-1,-1
464,3306,676.3189,95.07602,14.642761,14.68853,0.25845483,-1,-1,-1
464,3490,740.8444,99.709755,14.288696,14.399872,0.26807734,-1,-1,-1
465,3157,616.7688,75.45234,14.001465,11.049164,0.54369384,-1,-1,-1
465,3470,636.9603,66.45055,10.5581665,12.993011,0.7890136,-1,-1,-1
465,3551,660.35266,209.83513,17.24121,24.110031,0.27467197,-1,-1,-1
466,3157,616.97363,75.14312,13.650635,11.08226,0.49833918,-1,-1,-1
466,3470,636.8183,66.52418,10.7439575,12.850853,0.8054181,-1,-1,-1
466,3551,660.575,209.93272,17.089905,24.046509,0.3670128,-1,-1,-1
467,3157,616.59796,74.40227,13.909973,11.271973,0.4644889,-1,-1,-1
467,3470,636.68317,66.34823,10.726379,12.66729,0.80211025,-1,-1,-1
467,3551,660.5532,209.86324,17.228516,24.185944,0.29276687,-1,-1,-1
467,3478,667.0329,47.81718,10.460876,11.064453,0.3195673,-1,-1,-1
467,3306,676.444,93.95425,14.981567,14.530914,0.26849782,-1,-1,-1
468,3157,616.6983,73.86524,14.1779785,11.341522,0.43875703,-1,-1,-1
468,3470,636.8122,65.76744,10.5894165,12.758438,0.7945485,-1,-1,-1
468,3551,660.5342,210.0543,17.58319,24.018494,0.40834796,-1,-1,-1
468,3478,667.31573,47.678253,10.29657,10.826477,0.2544433,-1,-1,-1
468,3501,647.1305,36.27525,9.433655,10.302563,0.29329494,-1,-1,-1
469,3157,617.0451,73.186935,13.805847,11.307419,0.3696779,-1,-1,-1
469,3470,637.01245,65.2479,10.336548,12.885963,0.79569376,-1,-1,-1
469,3551,660.8005,210.04674,17.912476,23.953491,0.36875135,-1,-1,-1
469,3478,667.8266,47.410545,10.029114,10.639847,0.3155954,-1,-1,-1
469,3501,646.8487,35.63048,9.750549,10.804855,0.2740314,-1,-1,-1
469,3306,676.9335,92.974915,14.620056,13.914131,0.27572027,-1,-1,-1
470,3157,616.8825,72.79295,14.0877075,11.453369,0.44849607,-1,-1,-1
470,3470,636.86774,65.107635,10.355347,12.972511,0.78777784,-1,-1,-1
470,3551,660.9831,210.17912,18.170532,23.753983,0.3348825,-1,-1,-1
470,3478,667.9472,47.2664,9.940063,10.521328,0.36557412,-1,-1,-1
470,3501,646.6715,35.49012,9.801086,10.970207,0.30063912,-1,-1,-1
471,3157,616.9917,72.487045,14.101807,11.552536,0.4287668,-1,-1,-1
471,3470,636.91254,64.99034,10.380981,13.128342,0.7837603,-1,-1,-1
471,3551,661.3661,210.29788,18.580383,23.819,0.35081938,-1,-1,-1
472,3157,616.62915,72.15715,14.420959,12.636261,0.31704247,-1,-1,-1
472,3470,636.88916,64.899765,10.424438,13.1875,0.7684547,-1,-1,-1
473,3157,616.9583,71.77052,14.778564,12.159645,0.35825613,-1,-1,-1
473,3470,636.9268,64.9514,10.327698,12.873482,0.7222612,-1,-1,-1
473,3159,669.9785,79.38565,11.144165,12.177048,0.352918,-1,-1,-1
473,3551,661.76825,210.47437,19.280457,23.835297,0.25321105,-1,-1,-1
474,3157,616.79877,71.76194,14.425354,12.752563,0.36902082,-1,-1,-1
474,3470,637.26587,64.84949,10.43042,12.656738,0.6895954,-1,-1,-1
474,3159,670.04877,78.89369,11.298096,12.319412,0.28062463,-1,-1,-1
475,3157,617.05054,71.57857,14.648743,12.580505,0.36779237,-1,-1,-1
475,3470,637.34564,65.37325,10.342957,12.043892,0.70799416,-1,-1,-1
475,3159,670.26764,78.85882,11.346497,12.15966,0.35187614,-1,-1,-1
475,3501,647.4079,35.1882,10.272827,11.110928,0.29255107,-1,-1,-1
476,3157,617.1271,71.11345,14.911682,11.806747,0.47197947,-1,-1,-1
476,3470,637.28174,65.591255,10.494934,11.742844,0.67265415,-1,-1,-1
476,3561,616.1372,71.637764,14.899048,15.210068,0.36312887,-1,-1,-1
476,3501,647.54016,35.096245,10.440857,11.0990715,0.34694138,-1,-1,-1
476,2908,662.93567,59.31529,12.894104,15.724339,0.28980392,-1,-1,-1
477,3157,617.2589,70.71515,14.817566,11.877319,0.43276793,-1,-1,-1
477,3470,637.2508,65.73018,10.587036,11.613495,0.66084146,-1,-1,-1
477,3561,616.26764,71.30959,14.805786,14.9563675,0.26992527,-1,-1,-1
477,3501,647.63983,35.07734,10.475952,11.119755,0.28121367,-1,-1,-1
478,3157,617.59625,70.21399,14.519165,12.062119,0.40984365,-1,-1,-1
478,3470,637.57666,65.42667,10.604797,11.796913,0.6922106,-1,-1,-1
478,3501,647.8427,34.916817,10.458618,11.221436,0.38131878,-1,-1,-1
478,3306,678.89355,88.91027,14.559143,13.320671,0.33647346,-1,-1,-1
479,3157,617.7179,70.02982,14.442078,11.677475,0.40411606,-1,-1,-1
479,3470,637.49316,65.64898,10.583862,11.585785,0.6667484,-1,-1,-1
479,3501,648.0033,34.864166,10.318909,11.184105,0.39502817,-1,-1,-1
479,3306,678.83575,88.69975,15.030334,13.517082,0.37186876,-1,-1,-1
480,3157,617.43585,69.95043,14.759766,11.238762,0.32318136,-1,-1,-1
480,3470,637.5263,65.556366,10.687317,11.472206,0.6399264,-1,-1,-1
480,3501,647.9253,34.90899,10.350098,11.190231,0.333198,-1,-1,-1
480,3306,679.0501,88.52645,15.083923,13.687691,0.31140578,-1,-1,-1
480,3562,950.8303,248.33893,32.01642,24.812378,0.32605124,-1,-1,-1
