2,5312,584.6979,72.480865,50.70746,68.37192,0.8830899,-1,-1,-1
2,5313,513.7965,282.2683,60.85138,75.05295,0.88535225,-1,-1,-1
2,5314,394.09744,320.23132,52.233368,82.26596,0.86951053,-1,-1,-1
2,5315,64.103645,391.31265,91.918785,53.490234,0.86880773,-1,-1,-1
2,5316,469.71756,172.56189,71.90634,82.33768,0.8732426,-1,-1,-1
2,5317,407.34753,183.99382,50.73108,74.3322,0.85402155,-1,-1,-1
2,5318,510.5911,0.11373848,46.25235,61.413456,0.86025184,-1,-1,-1
2,5319,46.79252,341.0831,94.27282,55.005066,0.8649713,-1,-1,-1
2,5320,602.4308,435.78467,57.358704,80.72717,0.85132545,-1,-1,-1
2,5321,638.52545,370.9853,57.353027,92.50867,0.8512814,-1,-1,-1
2,5322,860.40173,39.38385,79.40094,43.709084,0.8373497,-1,-1,-1
2,5323,972.17053,478.63095,51.1015,60.605988,0.76979333,-1,-1,-1
2,5324,220.91681,0.0,84.91846,105.94243,0.81100565,-1,-1,-1
2,5325,494.98898,488.47702,47.432037,49.639374,0.5176576,-1,-1,-1
2,5326,0.0,426.0169,25.529196,53.97281,0.51189536,-1,-1,-1
2,5327,604.81744,0.19392481,63.45984,38.076427,0.46902338,-1,-1,-1
3,5312,584.0194,68.20393,49.821167,67.11963,0.86941004,-1,-1,-1
3,5313,512.32153,281.6553,60.57184,74.78412,0.8756871,-1,-1,-1
3,5314,393.74026,323.46567,51.70752,82.63428,0.8717611,-1,-1,-1
3,5315,62.638775,387.9119,91.370026,52.69931,0.86896336,-1,-1,-1
3,5316,469.5914,172.16368,71.44229,82.58844,0.8774867,-1,-1,-1
3,5317,408.4783,187.3898,50.351044,73.93091,0.85531884,-1,-1,-1
3,5318,511.37155,0.095663935,43.78018,55.776714,0.83951294,-1,-1,-1
3,5319,45.38057,336.73105,94.240906,55.106995,0.8661949,-1,-1,-1
3,5320,600.2569,436.4279,56.194214,81.23178,0.8372541,-1,-1,-1
3,5321,633.68207,366.53748,59.503174,90.38068,0.8564305,-1,-1,-1
3,5322,861.9848,42.325832,79.09741,44.1462,0.8427484,-1,-1,-1
3,5323,969.79266,482.1971,52.44342,57.314056,0.7751191,-1,-1,-1
3,5324,219.8536,0.0,87.95465,106.12565,0.8110697,-1,-1,-1
3,5326,0.0,421.6785,23.972788,48.5029,0.54490405,-1,-1,-1
4,5312,583.0248,62.336853,49.12921,66.43448,0.8817347,-1,-1,-1
4,5313,511.02863,281.0463,60.246765,74.69772,0.8839648,-1,-1,-1
4,5314,393.3466,327.84894,51.49765,82.960266,0.87109596,-1,-1,-1
4,5315,60.381336,384.86038,91.25104,52.168243,0.8709776,-1,-1,-1
4,5316,469.44147,171.84958,71.10651,82.75682,0.8787153,-1,-1,-1
4,5317,410.53412,191.05579,49.120758,74.39047,0.85932136,-1,-1,-1
4,5318,511.73627,0.30340448,41.832153,47.66677,0.81796235,-1,-1,-1
4,5319,43.51041,332.7908,95.10785,55.610138,0.88360554,-1,-1,-1
4,5320,597.6629,436.9699,55.684814,81.22351,0.8410293,-1,-1,-1
4,5321,629.0436,361.23907,60.174194,90.96509,0.86835086,-1,-1,-1
4,5322,863.7896,44.998623,79.13721,44.323505,0.8610475,-1,-1,-1
4,5323,965.07874,487.22156,54.785828,51.016113,0.6498662,-1,-1,-1
4,5324,219.08981,0.0,90.17084,106.45522,0.7737624,-1,-1,-1
4,5326,0.0,416.6952,22.083145,52.48178,0.5812274,-1,-1,-1
5,5312,581.8735,56.383347,48.766724,66.05224,0.86734635,-1,-1,-1
5,5313,510.24316,280.55777,59.82727,75.31702,0.8846514,-1,-1,-1
5,5314,393.6179,331.17,50.70282,83.049286,0.86988884,-1,-1,-1
5,5315,58.725483,382.48187,90.63327,49.89612,0.8701557,-1,-1,-1
5,5316,469.30984,171.41737,71.021576,83.24196,0.8791677,-1,-1,-1
5,5317,411.89786,195.14145,48.256348,74.34335,0.8737268,-1,-1,-1
5,5318,514.8339,0.07010921,37.805237,40.462223,0.7660401,-1,-1,-1
5,5319,42.14243,329.16763,95.168976,55.07428,0.85255057,-1,-1,-1
5,5320,594.342,437.8306,55.76642,80.52652,0.840971,-1,-1,-1
5,5321,625.8629,356.5717,58.805847,92.12686,0.8578149,-1,-1,-1
5,5322,865.16064,47.91291,79.73529,44.023308,0.8522301,-1,-1,-1
5,5323,963.1005,491.40567,52.7807,46.928375,0.49568328,-1,-1,-1
5,5324,228.75478,0.0,81.82066,110.62458,0.85803306,-1,-1,-1
5,5326,0.0,412.76462,19.23425,46.743317,0.59793967,-1,-1,-1
6,5312,581.13434,50.099716,48.181396,66.98567,0.8788353,-1,-1,-1
6,5313,508.55063,279.9518,59.98471,75.739136,0.86642,-1,-1,-1
6,5314,391.2156,335.25967,52.380096,83.94748,0.8616285,-1,-1,-1
6,5315,56.89524,377.80783,90.992714,49.957764,0.8610568,-1,-1,-1
6,5316,469.14062,171.00859,70.868164,83.6026,0.8803227,-1,-1,-1
6,5317,413.5571,198.51521,47.22406,74.73024,0.85701126,-1,-1,-1
6,5318,514.8686,0.040200952,37.075195,33.688137,0.52532077,-1,-1,-1
6,5319,41.38593,325.85794,94.45766,53.25351,0.8642487,-1,-1,-1
6,5320,592.1457,438.0731,54.795044,80.68417,0.85553455,-1,-1,-1
6,5321,621.7541,351.28714,59.454346,91.395355,0.8635834,-1,-1,-1
6,5322,865.5005,51.731594,80.98047,43.23765,0.8542997,-1,-1,-1
6,5323,960.9164,495.90964,51.770325,42.60251,0.43056348,-1,-1,-1
6,5324,239.12201,0.0,73.11624,114.98008,0.85484225,-1,-1,-1
6,5326,0.0,407.6211,17.857843,48.13449,0.5902539,-1,-1,-1
7,5312,580.65344,44.78642,47.987183,66.11781,0.86311305,-1,-1,-1
7,5313,508.06235,279.88837,58.350616,75.57803,0.87461907,-1,-1,-1
7,5314,391.89655,338.6072,51.09305,84.27756,0.85948104,-1,-1,-1
7,5315,55.6816,374.21307,90.38992,49.280884,0.8668091,-1,-1,-1
7,5316,469.15833,170.59306,70.595825,84.00278,0.881548,-1,-1,-1
7,5317,414.18945,202.6534,47.60446,74.57713,0.8521062,-1,-1,-1
7,5319,40.378044,322.7457,94.14959,51.99402,0.87582,-1,-1,-1
7,5320,589.99097,438.6608,53.05713,81.43497,0.8439801,-1,-1,-1
7,5321,618.3238,346.4509,59.076904,90.11041,0.8661304,-1,-1,-1
7,5322,866.8065,54.716248,81.100525,43.77231,0.8854542,-1,-1,-1
7,5324,245.48749,0.0,68.4621,117.60612,0.86957985,-1,-1,-1
7,5326,0.0,402.70825,15.793325,47.501648,0.53219044,-1,-1,-1
7,5330,350.274,0.34040618,44.70346,32.490303,0.45425323,-1,-1,-1
8,5312,580.96,39.40714,46.69214,65.88327,0.86302996,-1,-1,-1
8,5313,505.8135,279.41537,58.8898,75.4108,0.87089455,-1,-1,-1
8,5314,391.65305,342.62442,50.589386,84.06323,0.86420953,-1,-1,-1
8,5315,53.617294,370.42847,90.46158,48.318542,0.8901091,-1,-1,-1
8,5316,469.2273,170.11452,70.256226,84.48192,0.8806892,-1,-1,-1
8,5317,415.35663,206.68173,46.85974,74.07202,0.8788008,-1,-1,-1
8,5319,38.400368,319.15717,94.78916,50.48523,0.8757396,-1,-1,-1
8,5320,588.1501,439.28647,51.9823,81.38791,0.8433473,-1,-1,-1
8,5321,615.26483,340.47244,59.44171,91.558044,0.8732952,-1,-1,-1
8,5322,868.94055,57.618748,80.77759,43.86059,0.86019534,-1,-1,-1
8,5324,248.92815,0.0,67.52266,118.45448,0.8687385,-1,-1,-1
8,5326,0.0,397.13245,14.411645,49.507446,0.5328016,-1,-1,-1
8,5330,353.65787,0.23873787,43.254242,34.841656,0.47138503,-1,-1,-1
9,5312,580.254,32.984955,46.56305,66.26206,0.866315,-1,-1,-1
9,5313,504.5158,279.1385,58.564636,75.11514,0.87085223,-1,-1,-1
9,5314,391.61758,345.58737,50.303925,85.14288,0.8564179,-1,-1,-1
9,5315,52.023678,366.5904,90.812256,47.174805,0.8817792,-1,-1,-1
9,5316,469.3541,169.65065,69.80472,84.90924,0.87987274,-1,-1,-1
9,5317,416.65927,210.12059,46.164642,75.27632,0.878298,-1,-1,-1
9,5319,37.12839,314.85254,94.910446,49.60617,0.87661934,-1,-1,-1
9,5320,585.47186,440.09918,51.442383,81.29065,0.8651983,-1,-1,-1
9,5321,611.9871,334.98035,58.034973,90.77231,0.85848475,-1,-1,-1
9,5322,870.71765,61.031017,80.10486,44.000134,0.85435355,-1,-1,-1
9,5324,250.18538,0.0,68.939835,118.745926,0.8801992,-1,-1,-1
9,5326,0.009425293,391.12088,12.498233,47.287354,0.47033557,-1,-1,-1
9,5330,356.20782,0.47656786,44.600983,37.53477,0.37049425,-1,-1,-1
10,5312,580.5571,27.847134,45.66638,65.84691,0.85613126,-1,-1,-1
10,5313,503.3779,278.65213,58.03885,75.10907,0.8734035,-1,-1,-1
10,5314,391.03998,349.57025,49.237305,84.87384,0.85132885,-1,-1,-1
10,5315,50.92187,361.79944,90.82942,47.221893,0.8815005,-1,-1,-1
10,5316,469.25864,169.09451,69.51962,85.31966,0.88040155,-1,-1,-1
10,5317,417.30237,213.94083,46.007294,75.5166,0.852365,-1,-1,-1
10,5319,36.368973,310.34592,94.66902,49.769867,0.8535209,-1,-1,-1
10,5320,582.24927,439.98962,51.6109,81.09833,0.85248584,-1,-1,-1
10,5321,608.3004,329.70892,57.235474,89.98474,0.8467562,-1,-1,-1
10,5322,872.13367,64.73728,80.720215,43.17383,0.8683042,-1,-1,-1
10,5324,250.67441,0.0,70.85129,119.5329,0.8709045,-1,-1,-1
10,5326,0.009635301,386.19092,11.406288,49.666107,0.36358908,-1,-1,-1
10,5330,358.90753,0.012136677,44.054626,41.374878,0.5494395,-1,-1,-1
11,5312,579.81647,21.798962,45.887024,65.62637,0.8592367,-1,-1,-1
11,5313,502.28116,277.3367,57.442963,76.09274,0.87266487,-1,-1,-1
11,5314,390.33963,353.53827,48.57193,84.427734,0.85530835,-1,-1,-1
11,5315,49.310066,357.96017,90.23974,46.77417,0.8705952,-1,-1,-1
11,5316,469.2663,168.63837,69.0437,85.51636,0.8796638,-1,-1,-1
11,5317,418.27237,217.38441,44.84848,74.951035,0.8619835,-1,-1,-1
11,5319,35.544315,306.26935,94.37378,49.329315,0.84961814,-1,-1,-1
11,5320,579.89886,439.87695,50.267822,81.647644,0.85228413,-1,-1,-1
11,5321,605.7034,324.5978,56.334778,89.87692,0.8845563,-1,-1,-1
11,5322,872.7652,68.04071,80.712036,43.931442,0.85901034,-1,-1,-1
11,5324,251.79158,0.0,71.30846,120.99007,0.86183375,-1,-1,-1
11,5326,0.036257908,381.258,10.1567135,51.06076,0.33865103,-1,-1,-1
11,5330,361.30774,0.0,44.363342,44.164562,0.68436086,-1,-1,-1
12,5312,578.86664,16.049345,46.628296,65.337425,0.840025,-1,-1,-1
12,5313,500.79297,276.5181,57.307373,76.2594,0.87660515,-1,-1,-1
12,5314,389.66095,356.9192,48.17624,84.56082,0.8618893,-1,-1,-1
12,5315,48.103733,353.24503,89.63628,45.947205,0.8764727,-1,-1,-1
12,5316,469.28986,167.89706,68.60126,86.031494,0.87694794,-1,-1,-1
12,5317,418.83292,221.23613,44.16455,74.87715,0.85187966,-1,-1,-1
12,5319,34.364265,301.65,94.30341,48.73108,0.86291647,-1,-1,-1
12,5320,577.9594,440.35098,48.97119,81.833405,0.8483023,-1,-1,-1
12,5321,603.1309,319.09583,55.5036,90.00983,0.856635,-1,-1,-1
12,5322,874.87427,71.18125,81.06299,43.962753,0.85633266,-1,-1,-1
12,5324,254.32661,0.0,69.99138,122.067154,0.8547059,-1,-1,-1
12,5326,0.051240176,376.01273,8.738535,50.44156,0.2800141,-1,-1,-1
12,5330,363.4193,0.0,45.35254,47.28806,0.7446012,-1,-1,-1
13,5312,577.4166,9.210742,48.053284,66.73895,0.8338976,-1,-1,-1
13,5313,498.90912,275.46643,57.971497,77.03784,0.8797603,-1,-1,-1
13,5314,388.70224,360.83954,47.884033,85.0484,0.8815099,-1,-1,-1
13,5315,46.280426,349.51965,90.15765,45.35916,0.89059776,-1,-1,-1
13,5316,469.12955,167.22919,68.15225,86.38527,0.8715875,-1,-1,-1
13,5317,419.81897,224.69241,43.267242,74.77356,0.8562366,-1,-1,-1
13,5319,34.11421,296.03665,93.4594,50.02115,0.8499594,-1,-1,-1
13,5320,574.8433,440.93674,48.902405,80.9512,0.8520168,-1,-1,-1
13,5321,599.8538,312.96255,55.21631,89.772644,0.84920925,-1,-1,-1
13,5322,876.97974,75.349525,81.06079,43.10591,0.8728038,-1,-1,-1
13,5324,256.16025,0.0,69.51495,124.52564,0.84406286,-1,-1,-1
13,5330,365.27615,0.0,45.616394,50.244484,0.7793686,-1,-1,-1
14,5312,577.56604,4.0938764,48.134155,65.9812,0.8407119,-1,-1,-1
14,5313,498.2649,275.2559,56.42755,76.86075,0.8899519,-1,-1,-1
14,5314,387.57443,364.2911,48.066345,84.82849,0.8639476,-1,-1,-1
14,5315,44.70733,344.868,90.10757,44.36798,0.87566847,-1,-1,-1
14,5316,469.7259,167.19164,67.075745,86.212875,0.8700098,-1,-1,-1
14,5317,420.2938,228.26659,42.827667,75.3499,0.8531736,-1,-1,-1
14,5319,32.591335,291.1883,93.71083,49.601715,0.8491478,-1,-1,-1
14,5320,571.5972,440.5949,48.904907,81.47107,0.84727186,-1,-1,-1
14,5321,597.3572,307.5374,54.822876,89.419495,0.85895944,-1,-1,-1
14,5322,878.2938,79.23319,81.80133,42.865746,0.8608338,-1,-1,-1
14,5324,259.12793,0.0,69.006836,127.404564,0.8263681,-1,-1,-1
14,5330,368.1055,0.0,45.622253,53.169792,0.7941791,-1,-1,-1
15,5312,577.9796,0.0,48.31964,64.698105,0.8389833,-1,-1,-1
15,5313,497.02362,274.81195,56.23871,76.74921,0.8733717,-1,-1,-1
15,5314,386.36487,367.7914,47.86801,85.74036,0.854894,-1,-1,-1
15,5315,43.127293,340.12787,90.08118,44.000854,0.8816943,-1,-1,-1
15,5316,469.93924,166.68803,66.518036,86.44684,0.868535,-1,-1,-1
15,5317,420.36108,231.7425,42.855194,75.350555,0.8589556,-1,-1,-1
15,5319,31.26134,286.2347,94.496086,49.89044,0.83925897,-1,-1,-1
15,5320,568.88336,440.52853,47.6604,81.89194,0.8569064,-1,-1,-1
15,5321,594.8915,301.6646,53.520935,90.12561,0.84579486,-1,-1,-1
15,5322,879.6835,82.64748,82.53082,43.207397,0.8509065,-1,-1,-1
15,5324,261.33548,0.0,68.88782,129.12112,0.81557786,-1,-1,-1
15,5330,371.32986,0.0,44.71045,56.2482,0.80561036,-1,-1,-1
16,5312,579.5639,0.0,48.055115,59.141163,0.7725992,-1,-1,-1
16,5313,494.98087,273.9465,56.797394,76.81152,0.8615339,-1,-1,-1
16,5314,385.63672,370.4535,46.785522,86.89172,0.8535382,-1,-1,-1
16,5315,41.06669,336.02432,91.207634,43.764587,0.874686,-1,-1,-1
16,5316,471.29358,166.5654,64.69183,86.30197,0.8689683,-1,-1,-1
16,5317,420.75098,234.89243,42.367798,76.07504,0.8553923,-1,-1,-1
16,5319,30.451464,282.86844,94.65463,48.286865,0.85799503,-1,-1,-1
16,5320,566.5575,440.59888,46.72998,82.0188,0.8445755,-1,-1,-1
16,5321,592.2155,295.8098,51.41284,90.24368,0.844592,-1,-1,-1
16,5322,881.388,86.24931,82.18939,43.38675,0.8581003,-1,-1,-1
16,5324,264.27618,0.0,68.230896,130.67326,0.83766586,-1,-1,-1
16,5330,374.4283,0.0,43.4758,59.160374,0.8238875,-1,-1,-1
17,5312,582.82715,0.0,45.580017,53.916756,0.5986777,-1,-1,-1
17,5313,494.20486,273.51556,56.81009,76.4057,0.8737663,-1,-1,-1
17,5314,385.31265,374.1537,45.031036,86.45679,0.8557778,-1,-1,-1
17,5315,40.645164,331.25366,90.63801,42.938446,0.8726135,-1,-1,-1
17,5316,470.7747,165.72568,65.13602,86.84268,0.8621421,-1,-1,-1
17,5317,420.94635,238.47522,42.14926,76.68976,0.85629183,-1,-1,-1
17,5319,29.400702,278.4895,94.22105,46.859863,0.8551084,-1,-1,-1
17,5320,564.17474,440.55286,45.701782,81.92792,0.84511125,-1,-1,-1
17,5321,590.1407,289.31055,50.21692,90.64514,0.8470661,-1,-1,-1
17,5322,882.8347,89.94621,81.72687,43.12242,0.8518525,-1,-1,-1
17,5324,265.63245,0.0,68.24664,130.87308,0.85586363,-1,-1,-1
17,5330,376.4084,0.0,43.92566,62.085102,0.840683,-1,-1,-1
18,5312,585.84125,0.0,43.045654,50.080982,0.6875304,-1,-1,-1
18,5313,492.8575,272.83237,56.584747,76.89142,0.86178136,-1,-1,-1
18,5314,384.46133,377.66544,44.23236,87.227325,0.8623891,-1,-1,-1
18,5315,39.532734,326.50345,91.16011,42.401703,0.8699722,-1,-1,-1
18,5316,470.66388,164.7847,64.86017,87.63565,0.85980123,-1,-1,-1
18,5317,421.30756,241.8693,41.585815,76.60858,0.85308385,-1,-1,-1
18,5319,29.258734,273.9936,93.9369,46.116333,0.8613086,-1,-1,-1
18,5320,561.7591,441.39297,44.947998,81.57266,0.83467233,-1,-1,-1
18,5321,587.747,283.37567,50.233887,91.51782,0.8508062,-1,-1,-1
18,5322,883.9906,93.72327,81.49365,43.23439,0.85581553,-1,-1,-1
18,5324,267.74435,0.0,67.537476,130.36363,0.866562,-1,-1,-1
18,5330,378.9374,0.113341354,43.631073,64.38322,0.821605,-1,-1,-1
19,5312,589.1184,0.0,40.786743,43.618954,0.6169922,-1,-1,-1
19,5313,491.5504,271.98236,56.797913,77.336975,0.8599624,-1,-1,-1
19,5314,383.20038,380.93524,43.53665,87.74936,0.8557859,-1,-1,-1
19,5315,38.457874,321.5723,91.26466,41.867584,0.8517752,-1,-1,-1
19,5316,470.81497,163.75186,64.73563,88.36726,0.86797297,-1,-1,-1
19,5317,421.56662,245.50374,41.13437,76.969986,0.8535207,-1,-1,-1
19,5319,28.154016,268.14325,95.37991,46.460693,0.85490227,-1,-1,-1
19,5320,558.6464,440.82687,44.352356,81.94504,0.8468525,-1,-1,-1
19,5321,586.1478,278.47238,49.661987,90.42941,0.85077417,-1,-1,-1
19,5322,886.24243,97.518135,81.284,43.16851,0.8524066,-1,-1,-1
19,5324,269.6151,0.0,66.70212,131.18115,0.886432,-1,-1,-1
19,5330,382.9485,0.86769015,42.160126,67.154625,0.81897277,-1,-1,-1
20,5313,490.83752,270.74863,55.58893,77.93964,0.8663802,-1,-1,-1
20,5314,382.2131,383.86688,42.536987,88.03421,0.86819154,-1,-1,-1
20,5315,38.189762,316.9312,90.57391,41.025696,0.8550554,-1,-1,-1
20,5316,470.90512,162.98206,64.5275,88.796585,0.8728619,-1,-1,-1
20,5317,421.8906,248.63799,40.642212,77.16112,0.85363996,-1,-1,-1
20,5319,27.825401,263.80078,95.08575,45.43448,0.8559143,-1,-1,-1
20,5320,556.0115,441.0807,44.26709,81.95239,0.84537303,-1,-1,-1
20,5321,583.8139,272.22125,50.34674,91.53595,0.8558178,-1,-1,-1
20,5322,887.9225,101.80473,81.553345,42.59398,0.86090356,-1,-1,-1
20,5324,272.0128,0.0,65.936584,133.31984,0.8786532,-1,-1,-1
20,5330,386.12012,0.75390184,41.42157,70.69751,0.82445306,-1,-1,-1
21,5313,489.60596,269.638,55.894592,78.72601,0.86775225,-1,-1,-1
21,5314,381.22903,387.9122,41.593414,87.52823,0.8595262,-1,-1,-1
21,5315,36.923454,311.89877,90.71215,41.20633,0.84792906,-1,-1,-1
21,5316,470.9968,161.92664,64.41196,89.554474,0.87477505,-1,-1,-1
21,5317,421.90424,252.0003,40.255188,78.13727,0.8497179,-1,-1,-1
21,5319,26.8887,259.59174,95.699776,44.50592,0.82980144,-1,-1,-1
21,5320,553.4666,440.81354,43.46692,82.10065,0.8439401,-1,-1,-1
21,5321,581.1049,266.46228,51.260193,91.8902,0.87088084,-1,-1,-1
21,5322,889.1244,105.49284,82.43414,42.974747,0.84965277,-1,-1,-1
21,5324,273.36746,0.0,66.31171,135.25122,0.8712448,-1,-1,-1
21,5330,388.5176,0.46310088,41.362396,74.47737,0.8213411,-1,-1,-1
22,5313,488.3709,268.76102,55.440613,78.61322,0.87125736,-1,-1,-1
22,5314,379.77295,391.49664,41.269165,87.092926,0.8685252,-1,-1,-1
22,5315,36.442596,306.64502,89.73661,40.45764,0.85484135,-1,-1,-1
22,5316,471.37296,161.13008,64.2153,89.83299,0.87223786,-1,-1,-1
22,5317,421.8036,255.39162,39.985687,78.61977,0.85498434,-1,-1,-1
22,5319,27.200247,254.95409,94.900955,43.266556,0.8512148,-1,-1,-1
22,5320,550.78046,441.3689,42.78485,81.55414,0.8424723,-1,-1,-1
22,5321,579.79193,260.24652,50.32965,92.91498,0.84485614,-1,-1,-1
22,5322,890.48224,109.605255,83.08533,42.85466,0.85234344,-1,-1,-1
22,5324,274.99945,0.0,67.28824,137.75871,0.88183826,-1,-1,-1
22,5330,391.38443,0.13184148,40.36844,77.6087,0.85388464,-1,-1,-1
23,5313,487.61758,268.03076,54.527252,78.15396,0.86993504,-1,-1,-1
23,5314,377.74008,395.04837,40.91098,87.0607,0.8607661,-1,-1,-1
23,5315,35.976128,301.56204,89.0342,40.055756,0.85032403,-1,-1,-1
23,5316,471.9579,160.45096,63.630554,89.89374,0.8707841,-1,-1,-1
23,5317,421.6159,258.869,38.98471,78.502045,0.8473119,-1,-1,-1
23,5319,27.275429,250.00972,94.45662,42.76567,0.865757,-1,-1,-1
23,5320,547.43274,440.97656,42.319763,81.92987,0.844842,-1,-1,-1
23,5321,578.3341,254.44876,50.03894,92.940186,0.84391356,-1,-1,-1
23,5322,892.36774,113.7324,82.34308,43.09458,0.90648776,-1,-1,-1
23,5324,278.1895,0.0,65.69141,139.78487,0.8922484,-1,-1,-1
23,5330,394.4123,0.030708501,39.478912,81.06071,0.83637995,-1,-1,-1
24,5313,486.82953,267.05637,54.226868,78.75412,0.880848,-1,-1,-1
24,5314,375.72992,398.2645,40.95221,87.16101,0.86191523,-1,-1,-1
24,5315,35.494453,297.0626,89.156425,39.34555,0.8764883,-1,-1,-1
24,5316,472.57718,159.82074,62.93399,90.12541,0.86868376,-1,-1,-1
24,5317,421.7046,262.3719,38.26703,78.816315,0.8563305,-1,-1,-1
24,5319,26.723183,244.82056,95.613396,42.202423,0.86074805,-1,-1,-1
24,5320,544.61176,440.25137,42.092407,82.15933,0.8483271,-1,-1,-1
24,5321,577.58405,247.97414,49.176086,94.098465,0.8657874,-1,-1,-1
24,5322,893.85596,117.96786,82.007385,43.145363,0.8671557,-1,-1,-1
24,5324,281.37534,0.0,63.289734,140.30667,0.8828521,-1,-1,-1
24,5330,397.29977,1.4326274,39.058105,83.33657,0.8526991,-1,-1,-1
25,5313,486.4209,266.57376,53.42444,78.251465,0.8853802,-1,-1,-1
25,5314,373.49332,401.45,41.10428,87.90723,0.85468626,-1,-1,-1
25,5315,35.32896,291.50912,89.05873,39.388214,0.8452745,-1,-1,-1
25,5316,473.38287,159.41373,62.007446,90.0173,0.8687053,-1,-1,-1
25,5317,420.9968,265.98254,38.71878,78.558136,0.8907809,-1,-1,-1
25,5319,26.94442,239.27109,95.24748,42.24301,0.85539734,-1,-1,-1
25,5320,542.571,439.8818,40.879395,82.176056,0.8498187,-1,-1,-1
25,5321,576.79407,242.31035,48.06183,92.94621,0.86314404,-1,-1,-1
25,5322,894.6296,121.55765,83.11359,43.861893,0.86003274,-1,-1,-1
25,5324,283.34662,0.0,64.27396,139.90991,0.86332184,-1,-1,-1
25,5330,399.9232,4.3975997,38.60382,83.7558,0.8364852,-1,-1,-1
26,5313,486.16797,265.437,52.901733,79.12872,0.8729177,-1,-1,-1
26,5314,371.07703,404.80853,40.434204,87.417145,0.8678269,-1,-1,-1
26,5315,35.21135,286.46503,88.270645,39.138245,0.8356825,-1,-1,-1
26,5316,475.0763,158.64893,60.56659,90.37097,0.889977,-1,-1,-1
26,5317,420.42484,269.43472,38.14917,78.286316,0.8563329,-1,-1,-1
26,5319,27.282091,234.41327,94.506645,42.378387,0.8446189,-1,-1,-1
26,5320,540.96216,439.60608,38.95819,82.36755,0.8481326,-1,-1,-1
26,5321,576.33563,235.8795,47.801697,93.26634,0.87231004,-1,-1,-1
26,5322,896.4613,125.66627,82.116455,43.646385,0.8432893,-1,-1,-1
26,5324,284.84402,0.0,65.01169,141.26566,0.88876635,-1,-1,-1
26,5330,402.06,7.6332226,38.532288,82.85629,0.8402548,-1,-1,-1
27,5313,485.60284,264.3777,52.596924,79.81012,0.87380815,-1,-1,-1
27,5314,369.86697,407.78568,39.03366,87.57535,0.8638088,-1,-1,-1
27,5315,35.055916,280.51755,88.410324,39.23056,0.8555832,-1,-1,-1
27,5316,475.94354,158.1106,59.715393,90.60701,0.87096775,-1,-1,-1
27,5317,419.76245,272.83694,37.640472,78.199585,0.85135925,-1,-1,-1
27,5319,27.552546,228.6955,94.32153,42.43225,0.8603068,-1,-1,-1
27,5320,538.12933,439.25076,38.684265,82.193695,0.83731174,-1,-1,-1
27,5321,575.7507,229.9768,46.910828,93.36676,0.8590346,-1,-1,-1
27,5322,897.4282,129.50827,82.842224,44.203262,0.8547022,-1,-1,-1
27,5324,285.76617,0.0313209,65.94458,143.295,0.91464657,-1,-1,-1
27,5330,404.2535,10.316043,38.499634,83.922295,0.8510907,-1,-1,-1
28,5313,485.02036,263.31747,52.095123,80.07489,0.86967224,-1,-1,-1
28,5314,367.82715,410.3851,38.813385,88.22513,0.85817075,-1,-1,-1
28,5315,34.52704,275.20248,88.6845,39.84378,0.8691607,-1,-1,-1
28,5316,476.78033,157.59856,59.094543,90.68103,0.8682023,-1,-1,-1
28,5317,419.3264,276.50458,37.396454,77.93561,0.85568,-1,-1,-1
28,5319,27.392233,223.45456,94.97783,42.38965,0.8403642,-1,-1,-1
28,5320,535.1762,439.2425,38.70685,82.079285,0.85472107,-1,-1,-1
28,5321,575.16345,223.70331,46.72174,94.3909,0.86265045,-1,-1,-1
28,5322,899.3551,133.69199,83.57367,44.626465,0.8478122,-1,-1,-1
28,5324,287.5215,0.028948631,67.65372,145.60765,0.869887,-1,-1,-1
28,5330,406.65085,13.751641,37.9953,84.19054,0.8546597,-1,-1,-1
29,5313,484.67746,262.22644,51.477325,80.44122,0.86948574,-1,-1,-1
29,5314,366.42596,414.4564,38.59961,87.50833,0.86225843,-1,-1,-1
29,5315,35.037228,270.52103,88.349915,38.794037,0.8432657,-1,-1,-1
29,5316,477.59018,157.20535,58.43045,90.77771,0.8626859,-1,-1,-1
29,5317,418.3407,279.9449,37.508423,78.04425,0.84806126,-1,-1,-1
29,5319,27.635897,217.04486,95.93119,43.17801,0.8477575,-1,-1,-1
29,5320,532.59973,438.75037,38.07843,82.171265,0.8809155,-1,-1,-1
29,5321,574.8571,217.80106,46.27838,94.003876,0.85237885,-1,-1,-1
29,5322,901.4104,138.27274,83.17102,43.868027,0.87498254,-1,-1,-1
29,5324,290.9078,0.0028753437,65.99545,147.2399,0.91094637,-1,-1,-1
29,5330,408.24533,16.70738,38.780914,84.54474,0.870972,-1,-1,-1
30,5313,484.3731,261.32782,50.695435,80.60437,0.86993307,-1,-1,-1
30,5314,364.01376,417.69788,39.072144,86.847626,0.8540856,-1,-1,-1
30,5315,34.2676,265.05142,88.53045,38.147797,0.8682801,-1,-1,-1
30,5316,478.1658,156.54414,57.70761,91.02768,0.86038345,-1,-1,-1
30,5317,417.1916,282.98157,37.83908,78.67053,0.8493743,-1,-1,-1
30,5319,27.513279,212.377,95.87874,42.51689,0.8630635,-1,-1,-1
30,5320,529.514,437.5185,38.11316,81.915955,0.86299294,-1,-1,-1
30,5321,574.59845,211.38374,45.5011,94.50206,0.84925586,-1,-1,-1
30,5322,902.5236,142.62428,82.81079,43.968674,0.85997033,-1,-1,-1
30,5324,293.8947,0.002582681,63.42874,149.53346,0.903014,-1,-1,-1
30,5330,411.10095,19.893204,38.11371,84.95497,0.8471208,-1,-1,-1
31,5313,483.98105,260.68277,49.821503,80.68527,0.86579573,-1,-1,-1
31,5314,361.03534,420.67532,39.09085,87.65497,0.85115635,-1,-1,-1
31,5315,34.235367,259.66403,88.03993,37.80313,0.833378,-1,-1,-1
31,5316,479.10754,155.91139,56.482666,90.98465,0.8530429,-1,-1,-1
31,5317,416.2295,286.5524,37.670563,77.96771,0.8497381,-1,-1,-1
31,5319,27.88405,206.80212,96.91179,42.44899,0.84319806,-1,-1,-1
31,5320,527.25555,437.14096,36.871155,81.82254,0.84470123,-1,-1,-1
31,5321,574.61346,205.55038,44.28485,94.165924,0.8458815,-1,-1,-1
31,5322,903.8872,147.0715,83.28076,43.773575,0.8445257,-1,-1,-1
31,5324,295.11844,0.062527984,65.256226,151.96837,0.8985153,-1,-1,-1
31,5330,413.26538,22.886745,37.941223,85.12952,0.84314525,-1,-1,-1
32,5313,483.7682,260.178,48.688843,79.949615,0.89845455,-1,-1,-1
32,5314,357.7652,423.42996,39.292725,87.95981,0.85905707,-1,-1,-1
32,5315,34.485134,253.94037,88.20404,38.540375,0.8418614,-1,-1,-1
32,5316,480.21283,154.95428,56.19757,91.87663,0.86025536,-1,-1,-1
32,5317,415.222,290.4384,37.0625,77.930145,0.85167444,-1,-1,-1
32,5319,28.813189,200.98424,96.075005,43.344086,0.8376969,-1,-1,-1
32,5320,523.83386,436.19763,38.02185,82.13013,0.84037507,-1,-1,-1
32,5321,574.6364,199.30768,44.049927,94.65155,0.84432834,-1,-1,-1
32,5322,904.90265,151.18736,82.7312,43.84546,0.8955196,-1,-1,-1
32,5324,295.6615,0.13790764,67.99103,152.8935,0.89300466,-1,-1,-1
32,5330,415.5044,26.186832,37.601135,85.19083,0.84224635,-1,-1,-1
33,5313,483.26242,259.73837,48.458282,79.61673,0.8739683,-1,-1,-1
33,5314,354.92905,427.1501,39.71103,87.45709,0.86108506,-1,-1,-1
33,5315,34.780983,248.71916,87.815674,38.25618,0.8339183,-1,-1,-1
33,5316,481.6574,154.30441,55.12091,92.20561,0.87305576,-1,-1,-1
33,5317,413.71338,294.33078,37.34079,77.50949,0.8584568,-1,-1,-1
33,5319,29.366247,195.69453,95.95535,43.70706,0.8305982,-1,-1,-1
33,5320,521.5259,435.44193,37.51422,82.44034,0.8501824,-1,-1,-1
33,5321,575.07214,193.66418,43.48999,94.07001,0.8458922,-1,-1,-1
33,5322,906.4273,155.30411,82.523315,44.18062,0.85472536,-1,-1,-1
33,5324,296.59048,0.12003183,70.10718,153.3161,0.87897134,-1,-1,-1
33,5330,416.99216,29.596952,38.053253,85.018745,0.85552114,-1,-1,-1
34,5313,483.02167,258.76898,47.940063,79.70651,0.8553806,-1,-1,-1
34,5314,352.11725,431.11206,39.701843,85.97894,0.86642015,-1,-1,-1
34,5315,35.104595,243.47911,87.563156,38.468155,0.84822184,-1,-1,-1
34,5316,483.3995,153.57436,53.499176,91.60628,0.85647553,-1,-1,-1
34,5317,412.61258,297.34888,37.167236,77.893005,0.8438117,-1,-1,-1
34,5319,30.508656,189.80605,95.59253,44.331543,0.87810534,-1,-1,-1
34,5320,518.90674,434.80725,37.452576,82.82062,0.85379887,-1,-1,-1
34,5321,575.4095,187.30606,43.773254,94.36401,0.83972436,-1,-1,-1
34,5322,907.51886,159.19814,82.53296,44.638535,0.8605962,-1,-1,-1
34,5324,297.22406,0.046757977,70.35501,153.86076,0.8842684,-1,-1,-1
34,5330,418.76624,33.197098,37.743958,85.378716,0.8829894,-1,-1,-1
35,5313,482.87668,258.01404,47.433014,79.72403,0.8538545,-1,-1,-1
35,5314,349.50394,433.61597,39.684875,87.27405,0.856316,-1,-1,-1
35,5315,35.514088,237.7936,88.00023,39.60182,0.82139456,-1,-1,-1
35,5316,484.78326,153.11969,52.64044,91.19412,0.8533408,-1,-1,-1
35,5317,411.46423,301.41718,37.275604,76.86139,0.8552312,-1,-1,-1
35,5319,31.08409,183.847,96.05287,44.949142,0.8196231,-1,-1,-1
35,5320,517.0273,433.6429,36.552185,83.06467,0.8585926,-1,-1,-1
35,5321,575.7889,181.57516,43.440063,94.01419,0.8463205,-1,-1,-1
35,5322,908.33014,163.2424,82.327515,45.606842,0.8347631,-1,-1,-1
35,5324,299.29,0.05592773,70.102905,156.79399,0.8576893,-1,-1,-1
35,5330,420.4016,36.746964,37.468323,84.66611,0.8514914,-1,-1,-1
35,5345,184.52177,490.62958,49.750076,46.025085,0.40451044,-1,-1,-1
36,5313,482.57364,256.96814,46.325836,80.36441,0.8593989,-1,-1,-1
36,5314,345.87323,436.17606,39.253967,87.58676,0.8552113,-1,-1,-1
36,5315,36.039925,232.38138,87.634155,39.727905,0.8611182,-1,-1,-1
36,5316,485.8561,152.56708,51.933136,91.02844,0.847137,-1,-1,-1
36,5317,409.83844,305.11002,37.32675,76.59302,0.8394168,-1,-1,-1
36,5319,32.087368,178.67668,95.92001,45.197083,0.8609215,-1,-1,-1
36,5320,514.46783,433.2199,36.52588,82.7641,0.84248304,-1,-1,-1
36,5321,575.92664,176.40823,44.191833,93.21448,0.8370838,-1,-1,-1
36,5322,910.3153,166.92789,82.01868,45.666702,0.84191036,-1,-1,-1
36,5324,302.13153,0.02374359,68.474915,158.59288,0.85629433,-1,-1,-1
36,5330,422.13385,40.482807,37.444336,84.224594,0.87251544,-1,-1,-1
36,5345,181.7597,486.7394,48.79834,49.33957,0.56237954,-1,-1,-1
37,5313,482.09058,256.0833,46.22351,80.7558,0.87288517,-1,-1,-1
37,5314,342.26904,439.30298,40.607605,87.6192,0.8537345,-1,-1,-1
37,5315,36.290142,226.6171,87.62958,40.104065,0.84126145,-1,-1,-1
37,5316,486.75577,151.58727,52.12314,91.05827,0.8699087,-1,-1,-1
37,5317,408.48355,309.3474,36.754272,76.330444,0.8376227,-1,-1,-1
37,5319,33.425037,173.26411,94.444855,45.16101,0.86522454,-1,-1,-1
37,5320,511.65298,432.7588,37.393402,82.32434,0.8470489,-1,-1,-1
37,5321,576.2239,169.90315,44.677246,93.803696,0.84479004,-1,-1,-1
37,5322,911.6481,171.44383,82.42792,46.01367,0.8438423,-1,-1,-1
37,5324,304.23227,0.08419349,68.44348,159.42616,0.85538197,-1,-1,-1
37,5330,422.88553,45.377098,38.2323,82.775826,0.84107316,-1,-1,-1
37,5345,180.33032,483.52234,53.149612,52.599426,0.686808,-1,-1,-1
38,5313,481.79498,255.38309,45.808167,80.837494,0.86819756,-1,-1,-1
38,5314,338.97186,443.08997,40.814453,86.649475,0.8592398,-1,-1,-1
38,5315,36.775417,221.28232,87.10213,39.58127,0.82831925,-1,-1,-1
38,5316,487.9297,151.11885,50.456116,91.03296,0.85282415,-1,-1,-1
38,5317,406.637,312.84882,36.98114,76.10373,0.84679127,-1,-1,-1
38,5319,34.36417,168.22604,95.13225,45.828583,0.83005804,-1,-1,-1
38,5320,509.02347,431.581,37.634308,83.08667,0.851876,-1,-1,-1
38,5321,576.7144,163.86124,45.072937,93.71799,0.844949,-1,-1,-1
38,5322,912.112,175.70688,82.45117,45.740204,0.8603238,-1,-1,-1
38,5324,307.16534,0.056778822,66.81006,160.14348,0.7909186,-1,-1,-1
38,5330,424.03873,48.70996,38.95279,83.52347,0.8428829,-1,-1,-1
38,5345,178.65573,479.8825,52.9382,56.437073,0.7302812,-1,-1,-1
38,5347,948.2816,17.143131,25.552856,31.49279,0.6904036,-1,-1,-1
39,5313,481.89917,254.67328,45.146606,80.897156,0.8683525,-1,-1,-1
39,5314,336.2262,445.831,41.745514,86.07837,0.84742725,-1,-1,-1
39,5315,36.609848,215.93271,87.35013,39.10034,0.8486242,-1,-1,-1
39,5316,489.05026,150.48012,49.20468,91.32657,0.84935707,-1,-1,-1
39,5317,404.76596,315.3743,37.91205,76.57864,0.8479685,-1,-1,-1
39,5319,35.561054,163.8044,95.48105,44.79596,0.83603233,-1,-1,-1
39,5320,506.854,430.24518,37.767517,83.211365,0.8476136,-1,-1,-1
39,5321,577.7484,158.03453,44.557922,93.75014,0.8491106,-1,-1,-1
39,5322,913.1498,179.96104,82.49097,46.107895,0.8511594,-1,-1,-1
39,5324,307.75006,0.14732112,69.89618,162.99829,0.8156513,-1,-1,-1
39,5330,425.195,51.95002,39.379883,84.299355,0.859832,-1,-1,-1
39,5345,176.9248,476.81268,53.08017,59.852417,0.79428023,-1,-1,-1
39,5347,951.2873,22.39641,25.093445,30.2208,0.79080546,-1,-1,-1
40,5313,481.99725,254.20898,44.644165,80.516846,0.86301947,-1,-1,-1
40,5314,333.19476,447.82166,42.072388,87.229675,0.848704,-1,-1,-1
40,5315,37.704506,210.42783,88.00138,40.72757,0.86525905,-1,-1,-1
40,5316,489.94083,149.72194,48.288055,91.83748,0.8400524,-1,-1,-1
40,5317,402.85675,318.5351,39.26953,76.599304,0.84527856,-1,-1,-1
40,5319,37.129566,157.48692,94.65172,45.862915,0.83940876,-1,-1,-1
40,5320,504.83673,429.0959,37.29425,83.41901,0.84929764,-1,-1,-1
40,5321,578.5193,151.73499,45.85663,94.35161,0.8386315,-1,-1,-1
40,5322,913.7718,183.3752,83.173645,47.69522,0.8687183,-1,-1,-1
40,5324,308.85852,0.17184837,71.21658,165.17136,0.8245657,-1,-1,-1
40,5330,426.56204,54.947906,39.897003,84.6156,0.8577783,-1,-1,-1
40,5345,174.60616,473.47928,53.688705,63.02121,0.8059187,-1,-1,-1
40,5347,954.5086,26.125795,25.042236,31.010996,0.6271646,-1,-1,-1
41,5313,482.04434,253.53302,44.018707,79.816956,0.8888689,-1,-1,-1
41,5314,329.37674,450.9541,42.30661,86.44855,0.8540695,-1,-1,-1
41,5315,38.83422,205.35242,87.49121,41.05887,0.84864455,-1,-1,-1
41,5316,491.12323,149.14622,47.358276,91.96277,0.84722334,-1,-1,-1
41,5317,401.22095,321.4563,39.979523,77.022095,0.8480523,-1,-1,-1
41,5319,38.796413,153.17097,93.73236,46.20656,0.8546369,-1,-1,-1
41,5320,502.6423,428.2949,37.125458,83.05936,0.85026973,-1,-1,-1
41,5321,579.9992,145.87169,45.346436,94.36409,0.8423606,-1,-1,-1
41,5322,914.4166,187.61794,82.6734,48.474655,0.86576074,-1,-1,-1
41,5324,310.2459,0.18286742,71.45703,166.83315,0.7938539,-1,-1,-1
41,5330,427.0751,58.92834,41.00461,84.79118,0.8491185,-1,-1,-1
41,5345,172.5667,469.8398,54.573883,66.24228,0.81588227,-1,-1,-1
41,5347,956.50574,30.623507,26.59845,29.948675,0.7975006,-1,-1,-1
42,5313,482.19717,253.20627,43.60147,78.927185,0.86577713,-1,-1,-1
42,5314,325.5667,454.46768,43.376526,84.05307,0.8632756,-1,-1,-1
42,5315,40.09457,200.13777,86.522125,40.998077,0.8471247,-1,-1,-1
42,5316,492.67755,148.78365,46.21045,91.88689,0.8511901,-1,-1,-1
42,5317,399.32202,325.4104,41.16504,76.43286,0.8614868,-1,-1,-1
42,5319,40.279194,146.98343,93.4462,47.196426,0.85333437,-1,-1,-1
42,5320,500.898,427.6251,36.561523,82.95987,0.8465372,-1,-1,-1
42,5321,580.82996,139.29256,46.331787,94.90785,0.8335057,-1,-1,-1
42,5322,915.73395,192.24278,82.46857,48.538803,0.85430074,-1,-1,-1
42,5324,312.112,0.17728491,71.915344,167.05081,0.80445784,-1,-1,-1
42,5330,428.0039,62.58843,41.149994,84.52971,0.85408956,-1,-1,-1
42,5345,170.46402,466.08887,54.349228,69.52173,0.8254573,-1,-1,-1
42,5347,959.41406,35.487053,26.325867,29.774841,0.6707349,-1,-1,-1
42,5350,509.94034,0.13803376,35.9924,40.230278,0.47385645,-1,-1,-1
43,5313,482.2184,252.80888,43.482452,78.31023,0.8727135,-1,-1,-1
43,5314,322.4603,457.44196,44.04312,81.85748,0.8584455,-1,-1,-1
43,5315,41.317665,194.93042,86.22685,41.286606,0.8407629,-1,-1,-1
43,5316,494.48886,149.23158,45.197052,91.120514,0.8729264,-1,-1,-1
43,5317,397.64368,329.32492,41.24759,76.76468,0.8430743,-1,-1,-1
43,5319,41.930805,143.34373,93.72867,45.70468,0.83734083,-1,-1,-1
43,5320,498.75995,426.7772,37.05249,83.21222,0.8453659,-1,-1,-1
43,5321,582.54846,134.08986,46.417114,94.155594,0.8554634,-1,-1,-1
43,5322,917.0065,196.52919,82.80267,48.18866,0.85612535,-1,-1,-1
43,5324,314.38495,0.15950887,71.85324,167.31908,0.81827044,-1,-1,-1
43,5330,428.9863,66.89197,42.074615,84.532394,0.8682268,-1,-1,-1
43,5345,168.29344,462.5989,56.764465,72.18582,0.82336473,-1,-1,-1
43,5347,962.48785,39.570293,26.425232,30.33363,0.7172512,-1,-1,-1
43,5350,513.7037,0.084642686,34.492065,42.068165,0.70003563,-1,-1,-1
44,5313,482.1185,251.17247,43.11905,79.71883,0.8666264,-1,-1,-1
44,5314,319.32114,460.11844,44.831238,78.76083,0.8441815,-1,-1,-1
44,5315,42.93019,190.38278,85.96155,41.67729,0.88437945,-1,-1,-1
44,5316,496.04965,148.28967,43.67575,91.37332,0.85210115,-1,-1,-1
44,5317,396.12076,332.67322,40.91925,76.73053,0.8454663,-1,-1,-1
44,5319,43.844425,138.33435,92.49103,45.96559,0.867283,-1,-1,-1
44,5320,496.3567,425.9826,38.112183,83.16086,0.8501016,-1,-1,-1
44,5321,584.5816,128.30988,46.69684,94.09035,0.8403492,-1,-1,-1
44,5322,917.32635,200.01538,82.96387,49.71118,0.8542312,-1,-1,-1
44,5324,316.1839,0.17889513,72.01181,167.86482,0.77398205,-1,-1,-1
44,5330,429.34772,71.08245,42.914032,83.57401,0.85727435,-1,-1,-1
44,5345,167.25247,459.02924,56.25154,75.37451,0.8175026,-1,-1,-1
44,5347,964.8672,43.976295,27.38916,30.333519,0.74903756,-1,-1,-1
44,5350,516.05035,0.06406272,34.551697,44.5225,0.74212366,-1,-1,-1
45,5313,482.00302,250.10223,42.857086,80.3483,0.8726551,-1,-1,-1
45,5314,316.02814,462.88696,44.77133,76.18439,0.8408075,-1,-1,-1
45,5315,43.678135,184.86925,86.694885,42.372192,0.83759964,-1,-1,-1
45,5316,497.2948,147.91518,42.83551,91.2048,0.8516688,-1,-1,-1
45,5317,394.1029,336.36066,41.177338,77.16409,0.84406257,-1,-1,-1
45,5319,46.3862,133.19197,91.40381,46.351334,0.8292517,-1,-1,-1
45,5320,494.49973,424.93253,38.101593,82.6189,0.84888685,-1,-1,-1
45,5321,586.6877,122.63863,46.733154,93.57433,0.8497065,-1,-1,-1
45,5322,918.2406,204.62503,82.35358,49.352493,0.8483271,-1,-1,-1
45,5324,317.0137,0.22812974,72.11868,171.1624,0.7700709,-1,-1,-1
45,5330,430.23514,74.57268,43.66504,83.77164,0.8611603,-1,-1,-1
45,5345,165.99991,455.3298,56.542313,79.67978,0.82572794,-1,-1,-1
45,5347,967.11847,48.561638,27.792297,30.680275,0.6994904,-1,-1,-1
45,5350,518.935,0.065351374,35.377563,46.74049,0.78598565,-1,-1,-1
46,5313,482.11435,249.33305,42.421112,80.43495,0.8717482,-1,-1,-1
46,5314,313.30167,465.56403,44.503754,73.46112,0.82928973,-1,-1,-1
46,5315,44.815212,180.14969,86.82379,42.5011,0.84562975,-1,-1,-1
46,5316,498.71185,147.80693,41.90912,90.68944,0.848014,-1,-1,-1
46,5317,391.84735,339.71774,41.242676,77.64694,0.8462066,-1,-1,-1
46,5319,48.438477,128.20467,92.29236,48.09787,0.82527876,-1,-1,-1
46,5320,492.8276,423.68546,38.716217,82.43976,0.8466132,-1,-1,-1
46,5321,588.35315,117.82791,48.194153,92.546326,0.8499854,-1,-1,-1
46,5322,919.0403,208.45946,81.35126,49.89647,0.84628165,-1,-1,-1
46,5324,317.85095,0.27102613,74.04474,172.75871,0.76848435,-1,-1,-1
46,5330,431.3556,78.21384,43.802277,83.7462,0.87041056,-1,-1,-1
46,5345,164.23863,451.69684,57.68593,83.80255,0.8318505,-1,-1,-1
46,5347,970.40015,53.607468,27.214905,29.551239,0.7885474,-1,-1,-1
46,5350,522.18225,0.08900392,34.71826,49.115772,0.8015198,-1,-1,-1
47,5313,482.25003,248.56654,42.199615,80.15007,0.86955,-1,-1,-1
47,5314,310.85217,468.5501,43.749847,70.15399,0.8251152,-1,-1,-1
47,5315,46.935627,175.46529,85.85071,42.561768,0.85483956,-1,-1,-1
47,5316,499.95877,147.23375,41.302826,90.82938,0.84347785,-1,-1,-1
47,5317,390.00906,343.068,42.373352,77.755554,0.84514797,-1,-1,-1
47,5319,50.607983,123.691574,91.51869,47.91504,0.85682577,-1,-1,-1
47,5320,491.1372,422.69836,38.815308,81.97748,0.8507302,-1,-1,-1
47,5321,589.9266,112.17931,49.68097,92.72173,0.8429292,-1,-1,-1
47,5322,919.26135,211.27287,81.09595,52.114,0.8704901,-1,-1,-1
47,5324,319.09628,0.16816169,75.70767,173.80579,0.76456696,-1,-1,-1
47,5330,431.42285,82.30247,44.37726,83.465904,0.86397856,-1,-1,-1
47,5345,163.19586,448.2249,56.64566,86.86041,0.84111834,-1,-1,-1
47,5347,972.74664,57.775875,27.424866,29.360004,0.73446804,-1,-1,-1
47,5350,524.9712,0.0027862596,34.834473,51.282303,0.7899069,-1,-1,-1
47,5353,968.2344,2.5543902,15.310303,12.751255,0.7037183,-1,-1,-1
48,5313,482.5509,248.21094,41.538025,79.49219,0.8614226,-1,-1,-1
48,5314,308.37134,470.84055,44.503387,67.228424,0.8482194,-1,-1,-1
48,5315,49.055817,170.91478,85.37814,42.889465,0.84049886,-1,-1,-1
48,5316,501.42416,147.16052,40.299957,90.94794,0.8438589,-1,-1,-1
48,5317,387.8939,346.89395,43.265015,77.585236,0.8475932,-1,-1,-1
48,5319,53.075035,119.42259,90.238716,47.572372,0.8908054,-1,-1,-1
48,5320,489.32684,421.6179,39.72473,82.298004,0.85087544,-1,-1,-1
48,5321,591.8159,107.55795,49.40625,91.60344,0.8567968,-1,-1,-1
48,5322,919.5441,216.15186,81.34735,51.19931,0.84847176,-1,-1,-1
48,5324,319.98135,0.3015123,76.726685,175.017,0.64826804,-1,-1,-1
48,5330,431.99655,87.055824,44.475494,83.40174,0.85898775,-1,-1,-1
48,5345,162.12451,445.47427,56.59091,87.239716,0.85253114,-1,-1,-1
48,5347,975.40656,62.249077,27.176208,30.435867,0.79653925,-1,-1,-1
48,5350,527.0639,0.13904643,35.0459,54.0246,0.78716654,-1,-1,-1
48,5353,971.4998,6.385983,14.697266,13.529739,0.7527911,-1,-1,-1
48,5355,0.36335468,139.58012,13.298407,67.36284,0.41713426,-1,-1,-1
49,5313,482.79895,247.8266,41.063293,79.31366,0.8563948,-1,-1,-1
49,5314,305.27417,473.57883,45.65329,63.240387,0.85444134,-1,-1,-1
49,5315,50.896034,166.66226,85.6894,44.07628,0.8442385,-1,-1,-1
49,5316,502.78122,147.37856,39.56424,90.85983,0.86309415,-1,-1,-1
49,5317,385.45355,350.2106,45.130157,77.98447,0.85124075,-1,-1,-1
49,5319,54.58002,115.37889,91.149445,48.02408,0.83467925,-1,-1,-1
49,5320,486.8865,420.7651,40.575104,82.2139,0.8396137,-1,-1,-1
49,5321,593.8284,102.0595,50.54785,91.13642,0.83475184,-1,-1,-1
49,5322,919.89905,220.02081,81.288574,51.17459,0.86474156,-1,-1,-1
49,5324,318.51257,4.305232,79.4147,176.27931,0.7053534,-1,-1,-1
49,5330,432.82394,91.58845,44.91034,82.28474,0.84741646,-1,-1,-1
49,5345,160.61835,442.08136,57.23091,86.6488,0.83100027,-1,-1,-1
49,5347,977.8161,66.74615,26.808105,29.785637,0.7994192,-1,-1,-1
49,5350,529.40594,0.18443757,35.19568,56.454952,0.81945735,-1,-1,-1
49,5353,974.36743,10.226214,14.985657,14.185945,0.47377643,-1,-1,-1
49,5355,0.5467019,141.69356,15.841955,56.796066,0.43530166,-1,-1,-1
50,5313,482.97913,247.44173,40.7843,79.0656,0.8519826,-1,-1,-1
50,5314,302.28214,476.3441,45.94287,60.18814,0.81674385,-1,-1,-1
50,5315,52.616257,162.08946,84.818924,44.63916,0.8476988,-1,-1,-1
50,5316,503.4568,147.38339,39.839844,90.456116,0.8518428,-1,-1,-1
50,5317,383.7768,353.92355,45.477844,78.31448,0.8466346,-1,-1,-1
50,5319,56.279728,110.85565,91.83653,48.03035,0.8360531,-1,-1,-1
50,5320,484.93826,420.14264,41.239166,82.1221,0.84736484,-1,-1,-1
50,5321,596.34503,96.54022,50.9646,91.30905,0.8569877,-1,-1,-1
50,5322,919.9394,224.12746,81.70624,51.75377,0.85558563,-1,-1,-1
50,5324,319.4961,5.9105773,80.37668,177.34688,0.76827097,-1,-1,-1
50,5330,433.11487,95.49906,45.69464,82.6106,0.8575685,-1,-1,-1
50,5345,159.45076,439.25504,57.272537,86.330536,0.83788675,-1,-1,-1
50,5347,979.2659,71.19815,26.80774,29.844765,0.7553893,-1,-1,-1
50,5350,531.2798,0.1857075,35.91931,59.116837,0.8272611,-1,-1,-1
50,5355,0.55657196,130.52489,17.655796,52.899933,0.55005604,-1,-1,-1
51,5313,483.37424,247.23576,40.15927,78.8271,0.84853786,-1,-1,-1
51,5314,299.19177,479.83234,45.54001,57.118164,0.7963183,-1,-1,-1
51,5315,54.628933,157.6744,84.4337,44.661377,0.84974486,-1,-1,-1
51,5316,504.21725,147.33238,39.95511,90.11249,0.8600331,-1,-1,-1
51,5317,381.77246,357.51907,45.597656,78.09451,0.85107446,-1,-1,-1
51,5319,59.228786,106.4155,90.11325,48.818466,0.8436399,-1,-1,-1
51,5320,483.0103,419.9413,41.819824,81.21384,0.8627894,-1,-1,-1
51,5321,598.7126,91.72339,52.295227,90.31557,0.8518723,-1,-1,-1
51,5322,920.1171,227.77109,81.43695,51.94763,0.8532915,-1,-1,-1
51,5324,319.1909,9.939118,82.24155,177.47879,0.73073816,-1,-1,-1
51,5330,433.2599,99.67367,46.3067,82.35432,0.8525393,-1,-1,-1
51,5345,158.74825,436.25024,56.66426,86.99103,0.8351149,-1,-1,-1
51,5347,980.44244,75.626366,26.869995,29.112709,0.61794007,-1,-1,-1
51,5350,533.43616,0.52704966,35.969177,61.395706,0.82837194,-1,-1,-1
51,5355,0.49750388,124.96405,20.06094,50.354156,0.5171839,-1,-1,-1
51,5353,979.5568,19.489754,14.576538,13.331532,0.59201306,-1,-1,-1
52,5313,483.58417,246.9581,39.74298,78.50653,0.8475274,-1,-1,-1
52,5314,297.0099,482.70865,44.39624,54.76938,0.7949279,-1,-1,-1
52,5315,55.505943,153.61632,85.63793,44.944397,0.85717064,-1,-1,-1
52,5316,504.99472,147.10788,40.490204,90.53418,0.8554247,-1,-1,-1
52,5317,379.41843,361.73035,45.92868,77.77817,0.85336834,-1,-1,-1
52,5319,61.471893,102.07849,89.71901,50.340424,0.8522228,-1,-1,-1
52,5320,481.46594,419.05588,42.178894,80.25552,0.8769113,-1,-1,-1
52,5321,600.52234,85.98087,53.637634,91.03777,0.8515421,-1,-1,-1
52,5322,919.959,230.88553,81.382324,52.995148,0.8651084,-1,-1,-1
52,5324,320.86658,11.498431,82.15155,179.08037,0.6997239,-1,-1,-1
52,5330,433.42435,103.713646,46.764618,81.789406,0.84814966,-1,-1,-1
52,5345,158.90215,433.56717,53.767838,86.25424,0.852851,-1,-1,-1
52,5347,981.7964,79.97754,27.467407,29.451942,0.5614954,-1,-1,-1
52,5350,535.7223,0.29537553,36.00818,63.379337,0.8459618,-1,-1,-1
52,5355,0.468954,116.28348,22.837347,53.09503,0.65654474,-1,-1,-1
52,5360,984.43616,2.0618112,14.885803,11.692941,0.6227067,-1,-1,-1
52,5353,981.4719,24.478817,14.155823,12.597012,0.28646418,-1,-1,-1
53,5313,483.69833,246.6739,39.666718,78.305466,0.85011065,-1,-1,-1
53,5314,294.61484,485.9673,43.573334,51.82892,0.7659081,-1,-1,-1
53,5315,58.043762,150.63542,84.97061,45.093475,0.8456969,-1,-1,-1
53,5316,505.92712,146.9079,40.497498,90.85184,0.85376287,-1,-1,-1
53,5317,377.548,365.42276,46.273712,78.071686,0.8622864,-1,-1,-1
53,5319,64.346756,98.48995,89.212265,50.271767,0.87909645,-1,-1,-1
53,5320,480.01035,417.56183,42.619293,80.93939,0.8566481,-1,-1,-1
53,5321,602.93634,81.38322,53.863464,89.69547,0.85659087,-1,-1,-1
53,5322,920.3586,234.7018,80.94,53.619705,0.85202485,-1,-1,-1
53,5324,317.27463,6.938094,86.598206,188.6507,0.67334694,-1,-1,-1
53,5330,433.2496,107.697,47.728485,82.2423,0.85818404,-1,-1,-1
53,5345,157.77127,431.4536,55.226685,85.86456,0.8367176,-1,-1,-1
53,5347,983.1224,84.917114,27.485962,28.769867,0.4309103,-1,-1,-1
53,5350,537.33777,0.27375036,36.91034,66.17595,0.8402644,-1,-1,-1
53,5355,0.44678688,113.53733,25.605822,50.548424,0.69466186,-1,-1,-1
53,5360,986.5575,6.153628,14.856934,12.108343,0.69980884,-1,-1,-1
53,5353,983.6997,28.087387,13.619263,13.418285,0.439577,-1,-1,-1
54,5313,483.80737,246.56381,39.529114,78.12042,0.8505733,-1,-1,-1
54,5314,291.52438,488.67584,43.904663,48.745544,0.642581,-1,-1,-1
54,5315,60.240967,146.16609,84.20958,45.970184,0.86082095,-1,-1,-1
54,5316,506.97882,147.24913,40.30493,91.13812,0.85557324,-1,-1,-1
54,5317,375.12656,368.88806,47.187256,77.78281,0.8511731,-1,-1,-1
54,5319,66.69185,95.056786,89.67999,49.852318,0.83737946,-1,-1,-1
54,5320,478.39258,416.86774,42.8786,80.87512,0.8533937,-1,-1,-1
54,5321,605.5266,76.192116,54.66992,90.112785,0.84106255,-1,-1,-1
54,5322,920.19525,238.214,80.93164,53.679306,0.85454667,-1,-1,-1
54,5324,316.61606,5.362776,88.654755,193.18263,0.73042,-1,-1,-1
54,5330,433.17297,112.36606,48.67102,82.00032,0.8576009,-1,-1,-1
54,5345,157.5628,428.27164,54.820282,85.68497,0.832827,-1,-1,-1
54,5347,984.0597,89.29407,27.573853,28.963928,0.63205886,-1,-1,-1
54,5350,539.2787,0.26664412,37.433594,68.3957,0.83724344,-1,-1,-1
54,5355,0.44800338,109.92677,28.060493,49.865814,0.6947211,-1,-1,-1
54,5360,988.96027,9.752306,14.688843,12.585144,0.7328899,-1,-1,-1
54,5353,985.9555,32.201073,13.782288,13.459805,0.44103178,-1,-1,-1
55,5313,484.25793,246.32515,39.560486,78.75542,0.8779961,-1,-1,-1
55,5314,289.17264,491.55057,43.87375,45.68741,0.47526792,-1,-1,-1
55,5315,61.86841,142.13612,84.79216,46.83191,0.8413137,-1,-1,-1
55,5316,508.3361,147.54823,40.066498,90.64006,0.8624911,-1,-1,-1
55,5317,372.6839,373.00687,47.99771,77.07501,0.8518983,-1,-1,-1
55,5319,69.019035,91.31796,89.565834,51.012375,0.8389788,-1,-1,-1
55,5320,477.287,415.97314,43.22278,80.38272,0.853279,-1,-1,-1
55,5321,608.0643,71.45923,56.20514,88.827286,0.8614994,-1,-1,-1
55,5322,920.33014,242.08469,80.83478,53.483215,0.8619539,-1,-1,-1
55,5324,317.2767,5.168057,90.40433,196.99452,0.7737422,-1,-1,-1
55,5330,433.42435,116.91166,48.89273,81.21871,0.8531587,-1,-1,-1
55,5345,156.68823,424.95367,55.142334,86.44476,0.8399518,-1,-1,-1
55,5347,986.0376,92.79359,26.84729,29.057869,0.6419802,-1,-1,-1
55,5350,541.55316,0.19351827,38.376526,71.005585,0.84558487,-1,-1,-1
55,5355,0.4316749,105.033646,30.748524,50.172882,0.70441777,-1,-1,-1
55,5360,991.19507,13.78218,14.3302,12.65256,0.6580678,-1,-1,-1
55,5353,988.01935,36.830982,13.937256,12.958473,0.27990577,-1,-1,-1
56,5313,484.38507,246.2228,39.66992,78.4561,0.85344845,-1,-1,-1
56,5314,286.24722,494.63303,43.577484,43.22403,0.48030278,-1,-1,-1
56,5315,64.44851,139.31721,84.634605,47.399063,0.8450928,-1,-1,-1
56,5316,509.74512,147.9204,39.493958,90.017334,0.86384135,-1,-1,-1
56,5317,370.435,376.249,49.290283,77.40747,0.85200053,-1,-1,-1
56,5319,72.007935,88.773605,88.833084,50.67833,0.83194804,-1,-1,-1
56,5320,475.88766,415.0583,43.69919,80.05307,0.8565022,-1,-1,-1
56,5321,611.38605,66.47552,55.117065,88.82018,0.85940397,-1,-1,-1
56,5322,920.233,244.91566,80.84277,54.69771,0.86194736,-1,-1,-1
56,5324,319.0735,5.5151668,91.156525,199.98045,0.80267173,-1,-1,-1
56,5330,432.9279,121.6885,50.11151,81.143196,0.8712991,-1,-1,-1
56,5345,156.98396,422.35156,53.668198,86.00897,0.8402299,-1,-1,-1
56,5347,986.8994,97.330956,27.277832,28.534554,0.41653654,-1,-1,-1
56,5350,543.48456,0.15573482,39.243103,74.31586,0.8404501,-1,-1,-1
56,5355,0.3897237,101.4858,32.838062,49.572823,0.7826894,-1,-1,-1
56,5360,992.6982,18.72743,14.649658,12.448025,0.6774657,-1,-1,-1
56,5353,989.4662,40.642197,14.17749,13.472103,0.42685756,-1,-1,-1
57,5313,484.6692,246.3195,39.519836,78.31044,0.8579608,-1,-1,-1
57,5314,284.31683,497.4712,42.626038,40.131165,0.3928523,-1,-1,-1
57,5315,67.113075,135.93349,82.834816,47.589203,0.84133506,-1,-1,-1
57,5316,510.69278,148.37724,39.315033,89.529816,0.861383,-1,-1,-1
57,5317,368.28494,380.45932,50.44989,77.12482,0.85571367,-1,-1,-1
57,5319,74.28445,84.19537,88.673744,53.52414,0.846631,-1,-1,-1
57,5320,474.479,414.37787,44.596924,79.34744,0.8588884,-1,-1,-1
57,5321,613.92896,61.706463,56.076416,88.82941,0.8576935,-1,-1,-1
57,5322,919.9017,248.04237,80.48889,55.062973,0.8666184,-1,-1,-1
57,5324,320.37128,6.156296,92.05261,202.50697,0.8402819,-1,-1,-1
57,5330,432.68225,125.71523,50.942383,81.41515,0.86011475,-1,-1,-1
57,5345,155.92049,418.77124,54.151398,87.15198,0.8601984,-1,-1,-1
57,5347,988.04663,101.82547,26.465332,27.795319,0.57396716,-1,-1,-1
57,5350,545.2928,0.43642765,39.291565,76.26375,0.849672,-1,-1,-1
57,5355,0.4956788,94.62988,35.249184,53.06816,0.76920116,-1,-1,-1
57,5360,994.224,23.088285,14.506165,12.302355,0.74348754,-1,-1,-1
57,5353,990.8859,44.845978,14.202454,13.509666,0.7710219,-1,-1,-1
57,5361,999.90955,1.545462,13.93512,11.7289095,0.6942124,-1,-1,-1
58,5313,484.8463,246.22604,39.46399,78.19354,0.85730135,-1,-1,-1
58,5315,69.0141,132.22249,83.222565,48.197647,0.86531305,-1,-1,-1
58,5316,511.57706,148.76823,38.932404,88.702866,0.8587959,-1,-1,-1
58,5317,365.87552,384.4066,50.89084,75.93216,0.8534866,-1,-1,-1
58,5319,77.70912,81.4299,87.32242,52.566116,0.84417355,-1,-1,-1
58,5320,473.6583,412.49194,44.859283,80.70157,0.8601391,-1,-1,-1
58,5321,617.2746,57.352356,55.721375,88.12334,0.87464315,-1,-1,-1
58,5322,919.3065,251.60025,80.16394,55.032166,0.84820765,-1,-1,-1
58,5324,322.20428,7.763101,91.83566,202.88345,0.8359737,-1,-1,-1
58,5330,432.6497,130.07538,50.90338,80.715256,0.85881615,-1,-1,-1
58,5345,156.32124,416.13937,53.232147,86.84927,0.83653975,-1,-1,-1
58,5347,988.91925,105.9246,26.710083,28.102898,0.65314204,-1,-1,-1
58,5350,546.62585,1.8490341,39.63202,77.34721,0.83675647,-1,-1,-1
58,5355,0.5319397,89.70758,38.213448,54.089706,0.7677212,-1,-1,-1
58,5360,995.70135,27.134047,14.604004,12.769541,0.7698586,-1,-1,-1
58,5353,991.87897,48.99633,14.562683,13.698814,0.632907,-1,-1,-1
58,5361,1001.63525,4.394885,14.3845215,12.431977,0.72786176,-1,-1,-1
59,5313,485.65295,246.0193,38.977417,78.29002,0.8567902,-1,-1,-1
59,5315,70.441574,128.82426,84.58432,48.833237,0.8444303,-1,-1,-1
59,5316,512.1206,149.15808,38.94104,88.33154,0.8544417,-1,-1,-1
59,5317,363.57962,387.9885,50.865906,76.44733,0.8544059,-1,-1,-1
59,5319,80.34441,78.39106,87.08437,53.02639,0.8539808,-1,-1,-1
59,5320,471.95697,411.2466,45.46173,80.90256,0.8530077,-1,-1,-1
59,5321,620.1699,52.306953,54.91638,88.19224,0.84729844,-1,-1,-1
59,5322,918.93646,255.37074,80.72626,54.66707,0.8555741,-1,-1,-1
59,5324,319.5066,8.487552,94.9238,204.7735,0.8684656,-1,-1,-1
59,5330,432.09995,134.9558,51.552155,80.61171,0.8782831,-1,-1,-1
59,5345,156.28741,413.21622,52.797653,86.81964,0.834064,-1,-1,-1
59,5347,989.1192,110.40653,26.75946,28.128105,0.3849923,-1,-1,-1
59,5350,548.3564,4.44247,38.845337,77.16885,0.8400619,-1,-1,-1
59,5355,0.51177895,85.48578,40.56538,55.144424,0.7712144,-1,-1,-1
59,5360,996.9239,31.057213,14.863831,13.03981,0.60643774,-1,-1,-1
59,5353,992.787,52.64527,14.866089,14.216408,0.5229807,-1,-1,-1
59,5361,1002.49164,8.316787,15.006409,12.914027,0.70403516,-1,-1,-1
60,5313,485.48532,245.97078,39.175385,78.17729,0.846751,-1,-1,-1
60,5315,73.52472,125.96155,83.423874,49.150284,0.85021853,-1,-1,-1
60,5316,512.71936,149.54337,39.25702,88.12125,0.8525074,-1,-1,-1
60,5317,361.5075,391.54892,50.48172,76.47461,0.8671288,-1,-1,-1
60,5319,83.03091,75.822914,87.167854,52.960854,0.8513832,-1,-1,-1
60,5320,470.8474,410.36993,45.22168,80.53522,0.8642348,-1,-1,-1
60,5321,623.33295,47.374725,54.8338,88.19568,0.8608358,-1,-1,-1
60,5322,918.63367,258.2149,78.99469,55.7265,0.8500085,-1,-1,-1
60,5324,319.3546,11.769968,96.22562,205.11435,0.8780228,-1,-1,-1
60,5330,431.78372,139.34647,52.575256,81.08426,0.8809556,-1,-1,-1
60,5345,156.58063,410.75143,52.29706,86.789825,0.84568584,-1,-1,-1
60,5347,988.9949,114.381454,27.330933,27.725525,0.6424112,-1,-1,-1
60,5350,549.9866,6.9500914,38.829895,78.01622,0.8407107,-1,-1,-1
60,5355,0.5078498,80.05037,43.699497,56.984802,0.8107012,-1,-1,-1
60,5360,998.3631,35.03112,14.861572,13.168568,0.67045486,-1,-1,-1
60,5353,993.5781,56.418148,14.937927,14.325321,0.62938845,-1,-1,-1
60,5361,1003.837,12.402012,14.927673,13.153906,0.72854334,-1,-1,-1
61,5313,485.6038,245.92369,39.32675,77.62184,0.8478108,-1,-1,-1
61,5315,75.82875,123.37853,82.55983,48.981255,0.8551591,-1,-1,-1
61,5316,513.3151,149.60104,39.403687,88.12613,0.8498123,-1,-1,-1
61,5317,359.67154,394.86166,49.698547,76.09274,0.86154777,-1,-1,-1
61,5319,85.46687,72.74086,87.400055,54.04502,0.83016354,-1,-1,-1
61,5320,469.97595,409.46313,44.787354,80.39761,0.8594888,-1,-1,-1
61,5321,625.95197,43.53289,54.916687,87.258415,0.8631407,-1,-1,-1
61,5322,918.26434,261.88507,77.88867,54.9382,0.8653013,-1,-1,-1
61,5324,319.8925,15.905419,96.558105,204.29408,0.89369357,-1,-1,-1
61,5330,431.09155,143.77486,52.824036,80.175934,0.86902815,-1,-1,-1
61,5345,157.62694,408.81805,51.282944,85.80234,0.8416781,-1,-1,-1
61,5347,989.3047,118.40977,26.964478,27.7174,0.44082537,-1,-1,-1
61,5350,551.33527,10.098773,39.162964,77.42202,0.8380869,-1,-1,-1
61,5355,0.50443554,76.66705,46.089054,56.792755,0.8092752,-1,-1,-1
61,5360,999.5323,38.793743,14.885986,13.23074,0.6362171,-1,-1,-1
61,5353,994.5453,60.078358,14.802795,14.48695,0.41803983,-1,-1,-1
61,5361,1005.1331,16.41602,14.878113,13.010017,0.58870673,-1,-1,-1
62,5313,485.87057,245.93217,39.28189,77.10939,0.8506082,-1,-1,-1
62,5315,78.7064,120.38953,82.0897,49.78459,0.8415552,-1,-1,-1
62,5316,514.2956,149.64072,38.976868,88.37265,0.8449634,-1,-1,-1
62,5317,356.8739,398.6082,50.315155,74.87143,0.8638926,-1,-1,-1
62,5319,87.92641,70.12536,87.46419,54.47969,0.8368966,-1,-1,-1
62,5320,469.15543,408.718,44.962677,79.63562,0.85935783,-1,-1,-1
62,5321,628.6792,38.70344,54.628906,87.30257,0.85337925,-1,-1,-1
62,5322,917.50354,264.37753,78.19098,55.93402,0.8580459,-1,-1,-1
62,5324,317.28366,18.531725,99.16156,204.5963,0.90082127,-1,-1,-1
62,5330,430.50165,147.8579,53.298004,80.544876,0.88037485,-1,-1,-1
62,5345,157.932,406.9448,50.333298,85.03366,0.8425014,-1,-1,-1
62,5350,553.3341,12.799409,38.80902,76.60897,0.83678406,-1,-1,-1
62,5355,0.6395852,73.75069,48.535263,57.04854,0.78739864,-1,-1,-1
62,5360,1000.25574,42.290695,15.11908,13.342369,0.40203074,-1,-1,-1
62,5353,995.3207,64.08595,14.942078,14.48674,0.5795789,-1,-1,-1
62,5361,1006.78503,20.587318,14.411682,12.696388,0.6068605,-1,-1,-1
63,5313,486.13898,246.05031,39.12036,76.77098,0.8528064,-1,-1,-1
63,5315,81.05183,117.66415,82.025475,50.45707,0.86276907,-1,-1,-1
63,5316,515.0803,150.50157,39.031372,88.93349,0.8409039,-1,-1,-1
63,5317,354.34207,401.60605,51.392822,75.84985,0.8623054,-1,-1,-1
63,5319,91.17867,67.54704,85.961586,54.56936,0.8398166,-1,-1,-1
63,5320,468.18195,407.85098,45.519226,79.0889,0.86240983,-1,-1,-1
63,5321,631.2887,34.839466,55.073975,85.946304,0.8576495,-1,-1,-1
63,5322,916.9654,267.46344,78.46527,55.845367,0.87302816,-1,-1,-1
63,5324,317.27603,22.164923,99.598755,203.55406,0.91858983,-1,-1,-1
63,5330,429.53006,152.35066,53.674377,80.5685,0.8915576,-1,-1,-1
63,5345,158.60757,404.2254,49.446014,85.42679,0.83854955,-1,-1,-1
63,5350,554.8204,15.893669,39.396423,75.66986,0.838348,-1,-1,-1
63,5355,0.6692,68.61897,51.374046,59.64595,0.7564197,-1,-1,-1
63,5360,1001.11,46.121086,15.434998,13.645336,0.2779422,-1,-1,-1
63,5353,996.76605,68.26315,14.478149,14.187042,0.5647901,-1,-1,-1
63,5361,1007.9254,24.682232,14.647949,12.691208,0.33002,-1,-1,-1
63,5347,989.83057,125.833664,26.971375,27.564362,0.73183,-1,-1,-1
64,5313,486.28336,246.21262,39.015045,76.250885,0.8546768,-1,-1,-1
64,5315,82.49374,115.25316,82.74023,50.412964,0.86682564,-1,-1,-1
64,5316,515.6924,151.29272,39.244934,88.85388,0.838243,-1,-1,-1
64,5317,351.78748,405.5513,52.252197,75.42532,0.8698774,-1,-1,-1
64,5319,93.7649,65.58248,85.47022,54.350914,0.84536105,-1,-1,-1
64,5320,467.27087,406.82172,46.21875,78.7395,0.8686866,-1,-1,-1
64,5321,634.3371,30.702208,54.416138,84.49305,0.8742588,-1,-1,-1
64,5322,916.02057,269.83548,78.24628,56.725403,0.85774195,-1,-1,-1
64,5324,318.11823,25.161245,99.4259,204.02542,0.92565995,-1,-1,-1
64,5330,428.59827,156.81738,53.37964,79.21838,0.87497103,-1,-1,-1
64,5345,158.75876,401.33002,49.361526,85.41342,0.8341764,-1,-1,-1
64,5350,556.57446,18.764774,38.74707,75.14476,0.8408803,-1,-1,-1
64,5355,0.7210738,65.67294,54.081924,59.822716,0.77277744,-1,-1,-1
64,5360,1002.28986,49.950478,15.338196,14.222038,0.27955893,-1,-1,-1
64,5353,997.5452,72.148315,14.088501,13.964844,0.45567754,-1,-1,-1
64,5347,989.8875,129.22859,26.862854,27.807938,0.42215577,-1,-1,-1
65,5313,486.30685,246.10416,39.298126,76.107574,0.85601646,-1,-1,-1
65,5315,85.50973,112.88939,81.91096,51.24051,0.8427384,-1,-1,-1
65,5316,515.9609,151.91624,39.95703,88.195526,0.8432712,-1,-1,-1
65,5317,349.36774,408.96457,52.256012,75.08972,0.86886805,-1,-1,-1
65,5319,96.63962,63.34832,85.41051,55.54975,0.8395362,-1,-1,-1
65,5320,466.4975,405.87097,46.678467,78.688354,0.8675503,-1,-1,-1
65,5321,636.7286,26.487034,55.685852,84.408615,0.85723627,-1,-1,-1
65,5322,914.80774,272.14706,78.237305,56.620422,0.86727184,-1,-1,-1
65,5324,319.56296,29.311363,98.89938,202.31412,0.91630745,-1,-1,-1
65,5330,427.3275,161.10979,53.877777,79.52066,0.8817057,-1,-1,-1
65,5345,158.80827,399.21127,49.258316,85.1546,0.8516244,-1,-1,-1
65,5350,557.52527,20.730747,39.46942,76.21825,0.84962314,-1,-1,-1
65,5355,0.51898384,64.72232,56.45661,58.141693,0.72164553,-1,-1,-1
65,5347,989.64307,132.37527,27.147156,27.682312,0.5435827,-1,-1,-1
66,5313,486.25037,246.08542,39.660767,75.77005,0.8557165,-1,-1,-1
66,5315,88.02239,110.62998,81.25625,51.941307,0.86219776,-1,-1,-1
66,5316,516.83484,152.00316,39.303772,88.15317,0.8674993,-1,-1,-1
66,5317,347.03217,412.48578,52.279144,74.74988,0.8661778,-1,-1,-1
66,5319,99.40436,61.42169,85.25421,56.152542,0.8397342,-1,-1,-1
66,5320,465.8316,404.161,46.68744,79.224945,0.86563015,-1,-1,-1
66,5321,640.44586,22.801126,54.913147,82.95912,0.8583442,-1,-1,-1
66,5322,913.668,275.5207,78.94824,56.0242,0.8467804,-1,-1,-1
66,5324,316.67383,31.502123,102.07767,201.90387,0.908644,-1,-1,-1
66,5330,426.13333,165.40819,54.36255,79.127,0.87315845,-1,-1,-1
66,5345,159.48582,396.6059,48.62535,85.446625,0.83997875,-1,-1,-1
66,5350,558.7144,23.289394,39.158752,76.1783,0.8538809,-1,-1,-1
66,5355,0.6819976,65.00614,58.843433,54.879272,0.75394076,-1,-1,-1
67,5313,486.68494,245.8072,39.6109,75.57561,0.8570892,-1,-1,-1
67,5315,90.454506,108.2387,80.207985,51.658516,0.8474778,-1,-1,-1
67,5316,517.60114,152.35725,39.02594,87.810425,0.8496709,-1,-1,-1
67,5317,344.17905,416.12378,53.29648,74.41989,0.86082494,-1,-1,-1
67,5319,102.3016,59.669044,84.38731,55.75453,0.8297616,-1,-1,-1
67,5320,464.9447,402.7865,47.110596,79.27722,0.86599916,-1,-1,-1
67,5321,643.32764,18.71102,54.20874,82.04614,0.8609075,-1,-1,-1
67,5322,912.49786,277.75073,78.86755,56.355286,0.83475655,-1,-1,-1
67,5324,316.54956,34.795006,103.36597,199.96509,0.90946007,-1,-1,-1
67,5330,425.25378,169.36354,54.520935,78.95711,0.8751962,-1,-1,-1
67,5345,160.12494,395.01157,48.545868,84.150635,0.84036624,-1,-1,-1
67,5350,559.93506,25.612173,39.067993,75.24098,0.8417581,-1,-1,-1
67,5355,1.1109663,59.04526,61.612507,59.53567,0.75696903,-1,-1,-1
67,5347,989.1009,138.88152,27.571838,27.823074,0.64592886,-1,-1,-1
68,5313,486.671,245.6043,39.683014,75.73305,0.85960346,-1,-1,-1
68,5315,93.09203,106.09257,79.20533,52.06208,0.8459934,-1,-1,-1
68,5316,517.9701,152.74864,38.869995,87.56926,0.8599238,-1,-1,-1
68,5317,341.57617,419.49954,53.590454,74.16693,0.86913574,-1,-1,-1
68,5319,104.737755,57.82866,84.35229,55.699013,0.8278769,-1,-1,-1
68,5320,463.68204,402.53638,48.254852,76.78635,0.8797227,-1,-1,-1
68,5321,645.99554,14.072856,55.391907,82.350266,0.85473144,-1,-1,-1
68,5322,911.4023,280.12106,79.32068,56.569244,0.8581342,-1,-1,-1
68,5324,317.5564,39.335857,103.19147,198.68909,0.91700065,-1,-1,-1
68,5330,424.26163,173.46577,54.842133,79.364624,0.8820676,-1,-1,-1
68,5345,160.55432,393.3092,47.84424,83.547424,0.838077,-1,-1,-1
68,5350,560.40533,28.249838,39.81494,75.03595,0.84801006,-1,-1,-1
68,5355,0.8976341,57.345955,64.50674,57.7044,0.7467589,-1,-1,-1
68,5347,989.4402,142.38383,26.758911,27.491074,0.37453687,-1,-1,-1
69,5313,486.72165,245.5024,39.73123,75.58623,0.8604512,-1,-1,-1
69,5315,95.33993,104.34827,79.54246,52.255585,0.8677877,-1,-1,-1
69,5316,518.1803,153.36761,39.168945,87.06625,0.856095,-1,-1,-1
69,5317,339.133,422.8406,53.78122,73.13187,0.86056334,-1,-1,-1
69,5319,107.21472,56.47952,84.04584,55.69972,0.85802805,-1,-1,-1
69,5320,463.2975,400.99225,47.118927,76.92813,0.8619665,-1,-1,-1
69,5321,648.49994,10.599662,55.55829,81.646614,0.8484414,-1,-1,-1
69,5322,909.9707,281.86407,79.56848,57.89267,0.84332514,-1,-1,-1
69,5324,318.86118,43.55798,102.4848,197.74193,0.9134362,-1,-1,-1
69,5330,422.96713,177.73299,54.95096,79.064835,0.8723743,-1,-1,-1
69,5345,162.47118,391.0019,46.171097,83.171814,0.8334957,-1,-1,-1
69,5350,560.9475,31.067781,40.07135,74.917305,0.84633094,-1,-1,-1
69,5355,0.9282145,55.4845,67.25142,57.542233,0.7813435,-1,-1,-1
69,5347,989.3106,145.38853,26.879578,27.232864,0.55714375,-1,-1,-1
70,5313,486.787,245.47293,39.665283,75.10562,0.8626744,-1,-1,-1
70,5315,97.71445,102.82993,79.612625,52.24375,0.8677998,-1,-1,-1
70,5316,518.1898,152.80888,39.53827,88.34801,0.8453681,-1,-1,-1
70,5317,336.89722,425.8668,53.4942,72.854675,0.86304307,-1,-1,-1
70,5319,109.993164,55.784313,83.133255,54.551563,0.85795635,-1,-1,-1
70,5320,462.57037,399.6789,47.00125,76.86017,0.8617274,-1,-1,-1
70,5321,651.4339,6.815854,55.469543,79.96857,0.85071075,-1,-1,-1
70,5322,909.0628,284.0331,78.71271,57.98117,0.8521507,-1,-1,-1
70,5324,315.71786,47.533283,106.16391,194.62119,0.9160194,-1,-1,-1
70,5330,421.83954,181.67859,55.57379,79.19122,0.87302524,-1,-1,-1
70,5345,162.00516,387.52585,46.65306,84.68356,0.84733343,-1,-1,-1
70,5350,561.9625,33.733402,39.749084,74.44879,0.85592973,-1,-1,-1
70,5355,0.75634575,52.414658,70.31901,58.527267,0.7959369,-1,-1,-1
70,5347,989.0613,149.16826,26.940857,26.391678,0.2508911,-1,-1,-1
71,5313,486.79172,245.43454,39.553925,74.6189,0.8666308,-1,-1,-1
71,5315,99.696686,101.20231,80.30643,52.149254,0.8493474,-1,-1,-1
71,5316,518.23346,153.11887,39.99695,88.34804,0.84648216,-1,-1,-1
71,5317,334.4172,429.6549,53.85205,72.52167,0.8717707,-1,-1,-1
71,5319,112.40405,53.806637,82.84976,55.00819,0.85188663,-1,-1,-1
71,5320,461.79538,398.62488,47.20697,75.83682,0.86042714,-1,-1,-1
71,5321,654.6067,2.556534,56.084534,79.521095,0.8486899,-1,-1,-1
71,5322,907.6945,286.31912,77.50232,57.30771,0.84341496,-1,-1,-1
71,5324,315.0619,52.356327,107.506836,191.6196,0.9235597,-1,-1,-1
71,5330,420.84427,186.01599,55.461548,78.70526,0.88698196,-1,-1,-1
71,5345,162.85387,386.0398,46.150024,83.71127,0.8315031,-1,-1,-1
71,5350,562.6813,36.023773,39.60565,75.397224,0.85322154,-1,-1,-1
71,5355,0.7242278,51.896214,72.576195,56.831936,0.8025507,-1,-1,-1
71,5347,988.7629,151.57707,26.886108,26.87201,0.7074874,-1,-1,-1
72,5313,486.92966,245.3754,39.391876,74.11215,0.86523527,-1,-1,-1
72,5315,102.279915,99.541,79.56588,51.887924,0.8435198,-1,-1,-1
72,5316,518.6493,153.94992,40.478027,87.10988,0.8430904,-1,-1,-1
72,5317,332.46707,432.5659,53.140747,73.106415,0.8689391,-1,-1,-1
72,5319,114.672585,51.991837,82.81432,55.971283,0.84408164,-1,-1,-1
72,5320,461.16553,397.13733,47.893066,75.97928,0.85801476,-1,-1,-1
72,5321,657.3926,0.0,56.21112,76.49861,0.8504805,-1,-1,-1
72,5322,906.3084,287.97266,77.586365,57.44168,0.8436105,-1,-1,-1
72,5324,315.67502,56.319675,106.82648,191.01688,0.92954004,-1,-1,-1
72,5330,419.64053,190.49315,55.126953,77.59871,0.87807596,-1,-1,-1
72,5345,163.81886,384.34848,45.487625,82.84329,0.8357272,-1,-1,-1
72,5350,563.5656,39.020603,39.40039,73.84921,0.8430124,-1,-1,-1
72,5355,0.48510203,51.570766,75.293015,55.440556,0.82572687,-1,-1,-1
72,5347,987.92554,154.20328,27.402405,27.086716,0.5516898,-1,-1,-1
73,5313,487.1415,245.38266,39.171844,73.76761,0.86204976,-1,-1,-1
73,5315,104.78002,98.09968,78.35084,52.09043,0.8521413,-1,-1,-1
73,5316,519.4649,154.23363,39.90338,86.86514,0.85727036,-1,-1,-1
73,5317,330.5307,435.80316,52.502655,72.31906,0.8619007,-1,-1,-1
73,5319,117.83146,50.95219,80.950676,55.918667,0.84809864,-1,-1,-1
73,5320,460.63406,395.72165,48.205414,76.11014,0.86427754,-1,-1,-1
73,5321,660.0506,0.0,56.170166,72.16199,0.83526397,-1,-1,-1
73,5322,905.42896,289.96826,77.03735,57.704834,0.8676532,-1,-1,-1
73,5324,316.7673,59.025288,105.88321,191.65785,0.9330076,-1,-1,-1
73,5330,418.45825,194.67429,54.65027,78.24039,0.8733634,-1,-1,-1
73,5345,164.17004,382.95923,45.453568,81.9747,0.8470135,-1,-1,-1
73,5350,564.362,40.646217,39.24469,74.42316,0.84426403,-1,-1,-1
73,5355,0.24350376,49.88445,78.589485,55.59788,0.8368478,-1,-1,-1
73,5364,979.22156,0.6409444,44.604553,44.47698,0.38109076,-1,-1,-1
74,5313,487.41882,245.44028,38.943726,73.19235,0.85961765,-1,-1,-1
74,5315,106.67875,97.23916,77.871605,51.76963,0.8457411,-1,-1,-1
74,5316,519.4159,154.98943,40.62378,86.238754,0.85306174,-1,-1,-1
74,5317,327.71387,438.70682,52.46167,72.03717,0.8621841,-1,-1,-1
74,5319,119.85109,50.150948,80.68854,55.81794,0.8464152,-1,-1,-1
74,5320,460.18597,394.62817,48.453125,76.01987,0.8702508,-1,-1,-1
74,5321,662.791,0.0,54.869263,68.57102,0.8150312,-1,-1,-1
74,5322,904.669,291.96448,76.74536,57.361145,0.8728448,-1,-1,-1
74,5324,313.5649,62.980377,108.30182,189.82175,0.9325441,-1,-1,-1
74,5330,417.0233,198.8946,54.585175,77.933395,0.8817752,-1,-1,-1
74,5345,164.7076,381.31363,45.570328,81.67331,0.83521557,-1,-1,-1
74,5350,565.2554,43.35906,38.52643,73.46541,0.84164083,-1,-1,-1
74,5355,0.55341077,47.701694,81.13487,56.023457,0.84883463,-1,-1,-1
74,5364,980.2338,0.9398418,43.562805,46.58645,0.29055724,-1,-1,-1
74,5347,986.8928,159.5589,26.154175,26.187042,0.29598987,-1,-1,-1
75,5313,487.9161,245.92952,38.286713,72.20085,0.85815954,-1,-1,-1
75,5315,109.287895,95.61608,76.55193,51.405037,0.8580775,-1,-1,-1
75,5316,519.15125,155.52869,40.90918,86.17824,0.84783983,-1,-1,-1
75,5317,325.23828,442.5123,52.582703,72.204315,0.866651,-1,-1,-1
75,5319,121.84691,48.954872,80.73332,55.862686,0.8642465,-1,-1,-1
75,5320,459.60556,393.65494,48.793243,75.22476,0.8676759,-1,-1,-1
75,5321,665.87726,0.0,53.848877,63.39609,0.80490047,-1,-1,-1
75,5322,903.5251,293.67996,76.614685,57.234497,0.86720246,-1,-1,-1
75,5324,312.57385,67.61816,108.87271,186.8266,0.93043774,-1,-1,-1
75,5330,415.1338,202.81564,55.085297,77.47461,0.87414825,-1,-1,-1
75,5345,165.53857,379.31784,44.387894,81.2641,0.8309343,-1,-1,-1
75,5350,565.84375,45.83107,38.496033,72.96291,0.8454946,-1,-1,-1
75,5355,1.289687,46.540844,82.60073,54.94456,0.8645299,-1,-1,-1
75,5364,981.6191,0.6754631,42.073914,49.148506,0.26345283,-1,-1,-1
76,5313,488.0952,246.14206,37.94049,71.680115,0.86107457,-1,-1,-1
76,5315,111.698875,94.422745,76.40354,51.42151,0.847782,-1,-1,-1
76,5316,519.62177,156.14008,41.147644,85.310074,0.85765284,-1,-1,-1
76,5317,322.97995,446.2324,52.039124,72.096466,0.8730467,-1,-1,-1
76,5319,124.052734,47.461918,81.0036,56.33543,0.83934814,-1,-1,-1
76,5320,459.07846,392.85376,48.120026,74.409485,0.8697238,-1,-1,-1
76,5321,669.2177,0.0,52.575317,58.67652,0.8009643,-1,-1,-1
76,5322,902.43884,295.10678,75.89209,57.18344,0.85331607,-1,-1,-1
76,5324,312.6843,70.66154,108.714966,186.91653,0.93715054,-1,-1,-1
76,5330,413.38754,206.76868,54.94879,77.685425,0.8792104,-1,-1,-1
76,5345,166.09956,376.9228,44.37947,81.685974,0.836451,-1,-1,-1
76,5350,566.6365,48.122356,38.435364,72.923996,0.84625506,-1,-1,-1
76,5355,2.5644436,45.007935,83.58182,55.081276,0.8519862,-1,-1,-1
76,5347,984.9791,164.28575,26.300842,25.713135,0.47754103,-1,-1,-1
77,5313,488.02927,245.80682,38.15042,71.80713,0.85834575,-1,-1,-1
77,5315,113.57878,92.68837,76.6111,52.08969,0.86066806,-1,-1,-1
77,5316,519.9568,156.57803,41.17914,85.25755,0.8562205,-1,-1,-1
77,5317,320.50397,449.99786,51.91858,70.30994,0.8587976,-1,-1,-1
77,5319,126.20561,46.260883,81.04605,56.17796,0.8404263,-1,-1,-1
77,5320,458.9702,391.82535,47.55725,74.273926,0.870691,-1,-1,-1
77,5321,671.7276,0.0,54.847534,54.287643,0.75542665,-1,-1,-1
77,5322,900.89307,296.80453,75.99213,57.265594,0.84274524,-1,-1,-1
77,5324,313.3945,72.7601,107.56348,188.53879,0.93769884,-1,-1,-1
77,5330,412.04532,210.3924,54.930298,78.00491,0.8813127,-1,-1,-1
77,5345,166.47914,375.06912,44.51265,82.12021,0.83527315,-1,-1,-1
77,5350,566.9954,50.31309,38.859497,72.84567,0.84383684,-1,-1,-1
77,5355,4.494957,43.964775,83.74033,55.26654,0.868586,-1,-1,-1
77,5347,983.77106,166.54715,26.802124,25.879852,0.43240836,-1,-1,-1
77,5364,981.2863,0.5240822,42.62616,55.582535,0.30903408,-1,-1,-1
78,5313,487.8914,245.15732,38.161835,72.098145,0.8597864,-1,-1,-1
78,5315,114.88148,91.295815,76.63528,52.719246,0.8703844,-1,-1,-1
78,5316,520.24335,156.97191,41.147705,85.001816,0.85648924,-1,-1,-1
78,5317,318.5422,453.15076,50.946014,69.9989,0.853836,-1,-1,-1
78,5319,128.89897,45.559044,80.02254,55.600624,0.8529189,-1,-1,-1
78,5320,458.46603,390.73697,48.14102,73.8121,0.8804793,-1,-1,-1
78,5321,674.76245,0.0,53.96826,49.831894,0.74182236,-1,-1,-1
78,5322,899.53345,298.1942,76.059875,57.103485,0.8624858,-1,-1,-1
78,5324,314.43448,74.62712,106.520294,189.3008,0.9298237,-1,-1,-1
78,5330,410.32233,215.40784,55.003998,76.85208,0.8901518,-1,-1,-1
78,5345,166.72964,373.58246,44.607224,81.95566,0.8297376,-1,-1,-1
78,5350,568.00354,51.852467,38.567078,73.283844,0.83990645,-1,-1,-1
78,5355,7.404964,42.419743,82.95189,55.812893,0.86983156,-1,-1,-1
78,5365,523.01013,0.3952158,45.48053,38.904472,0.68919045,-1,-1,-1
79,5313,488.0063,245.30252,38.21173,71.81351,0.86158645,-1,-1,-1
79,5315,117.02362,89.79353,76.17937,53.496048,0.87346774,-1,-1,-1
79,5316,520.56396,157.34938,40.92975,84.68202,0.85562664,-1,-1,-1
79,5317,316.0619,456.25192,51.746338,70.08615,0.8562655,-1,-1,-1
79,5319,131.1941,44.89713,79.17172,55.4976,0.8485712,-1,-1,-1
79,5320,458.01407,389.5641,47.795563,74.095245,0.8657932,-1,-1,-1
79,5321,677.5594,0.0,53.8891,45.356247,0.6807451,-1,-1,-1
79,5322,898.5364,299.14786,75.444336,57.2312,0.86192614,-1,-1,-1
79,5324,310.93665,79.53722,109.82712,186.24968,0.93385726,-1,-1,-1
79,5330,408.5585,219.27669,55.559082,76.972855,0.88871044,-1,-1,-1
79,5345,167.70782,372.20984,44.282608,80.44772,0.82263404,-1,-1,-1
79,5350,567.8964,53.958324,39.04895,72.97829,0.8421028,-1,-1,-1
79,5355,9.28654,41.05453,84.07201,55.48811,0.8666472,-1,-1,-1
79,5365,522.3762,0.37387955,45.92224,43.0348,0.6913616,-1,-1,-1
79,5347,982.101,169.64742,26.678284,26.81137,0.33314592,-1,-1,-1
79,5364,981.34937,0.5407975,42.514343,59.54018,0.5894164,-1,-1,-1
80,5313,487.94073,245.21085,38.314026,71.5636,0.86518025,-1,-1,-1
80,5315,119.0941,88.97985,75.82115,53.43003,0.8596861,-1,-1,-1
80,5316,520.67175,157.77486,40.908325,84.31668,0.85669994,-1,-1,-1
80,5317,313.31705,459.398,52.544464,70.71893,0.8608272,-1,-1,-1
80,5319,133.55293,44.761837,78.184525,54.606525,0.8527083,-1,-1,-1
80,5320,457.55966,388.6409,47.723633,73.54416,0.8691727,-1,-1,-1
80,5321,681.3137,0.0,52.67456,40.424965,0.66233784,-1,-1,-1
80,5322,897.25836,300.71408,74.88385,57.004486,0.85611653,-1,-1,-1
80,5324,309.2868,82.94009,111.05887,185.02335,0.93865526,-1,-1,-1
80,5330,407.27457,223.08157,55.355774,76.50192,0.8863842,-1,-1,-1
80,5345,168.23235,370.1046,43.40776,81.11163,0.8386092,-1,-1,-1
80,5350,567.8815,56.24664,39.33075,72.34923,0.85377914,-1,-1,-1
80,5355,11.632877,39.925564,83.91469,55.28905,0.87168044,-1,-1,-1
80,5365,520.223,0.2711658,48.501038,47.835335,0.731148,-1,-1,-1
80,5347,981.11646,172.40439,26.303528,26.069672,0.25090152,-1,-1,-1
80,5364,981.51215,0.4781635,42.32617,61.756504,0.64031786,-1,-1,-1
81,5313,488.09186,245.1658,38.21411,70.9816,0.86596704,-1,-1,-1
81,5315,120.19368,88.569725,76.24806,52.585045,0.8453422,-1,-1,-1
81,5316,520.88385,158.21417,40.851135,83.911194,0.85771954,-1,-1,-1
81,5317,310.86377,462.41193,52.322388,70.88904,0.85291046,-1,-1,-1
81,5319,135.31877,43.715107,78.09476,54.927517,0.8624291,-1,-1,-1
81,5320,457.26895,387.6492,47.589935,72.80853,0.87058455,-1,-1,-1
81,5321,683.9934,0.0,51.84845,36.300465,0.47952724,-1,-1,-1
81,5322,894.9753,301.79825,75.90021,56.73044,0.8455357,-1,-1,-1
81,5324,309.2407,85.454414,111.257324,185.20578,0.9395117,-1,-1,-1
81,5330,406.2404,227.12323,54.77133,76.26898,0.8871846,-1,-1,-1
81,5345,169.67213,369.46082,42.679443,79.16455,0.81784225,-1,-1,-1
81,5350,568.14154,58.190186,39.50934,72.2601,0.85136247,-1,-1,-1
81,5355,13.58575,38.848335,84.08519,55.242683,0.85484636,-1,-1,-1
81,5365,518.55505,0.20885009,51.417847,53.243744,0.7522152,-1,-1,-1
81,5364,979.48145,0.4628391,44.39032,64.44043,0.54411733,-1,-1,-1
82,5313,488.14014,245.11775,38.23889,70.69997,0.8659389,-1,-1,-1
82,5315,122.30753,87.69765,75.5884,52.560364,0.84666616,-1,-1,-1
82,5316,521.0104,158.47237,40.94983,83.55884,0.8584286,-1,-1,-1
82,5317,308.26,465.83963,52.140015,69.1221,0.84819037,-1,-1,-1
82,5319,137.5672,43.11853,77.2704,55.04402,0.86581767,-1,-1,-1
82,5320,456.76584,386.0997,47.907227,72.95825,0.88874215,-1,-1,-1
82,5322,894.2463,303.05426,74.711975,57.06195,0.8595514,-1,-1,-1
82,5324,309.64224,87.40454,110.63513,186.18396,0.94336635,-1,-1,-1
82,5330,404.72318,230.96849,54.349304,75.337296,0.89208055,-1,-1,-1
82,5345,171.2863,368.0878,41.134216,78.51117,0.81982505,-1,-1,-1
82,5350,568.5895,59.924362,39.48712,72.14456,0.85876185,-1,-1,-1
82,5355,16.002962,37.713234,83.33227,55.31555,0.84930325,-1,-1,-1
82,5365,517.3779,0.12487924,53.313354,57.669327,0.79818124,-1,-1,-1
82,5364,978.7992,0.36098412,45.115784,67.34266,0.48149407,-1,-1,-1
82,5360,999.254,101.16384,15.707886,13.708649,0.3651523,-1,-1,-1
83,5313,488.10052,245.03146,38.253113,70.45221,0.8650879,-1,-1,-1
83,5315,124.64488,87.16471,74.92543,52.383812,0.8437486,-1,-1,-1
83,5316,521.0639,157.94283,41.003418,83.981705,0.8623156,-1,-1,-1
83,5317,305.38004,469.03482,52.779785,67.36386,0.8231733,-1,-1,-1
83,5319,138.80835,42.46334,77.53404,55.767143,0.8490658,-1,-1,-1
83,5320,456.60587,385.3051,47.40735,72.798706,0.86802703,-1,-1,-1
83,5322,893.0789,304.0403,74.61066,57.14456,0.87398577,-1,-1,-1
83,5324,306.3716,91.418884,113.08307,184.71692,0.9393753,-1,-1,-1
83,5330,402.64038,234.71503,54.799164,75.61368,0.8799868,-1,-1,-1
83,5345,172.59578,366.81558,40.053345,78.26584,0.83062005,-1,-1,-1
83,5350,569.0963,61.588562,39.806213,72.14934,0.8614838,-1,-1,-1
83,5355,18.353497,36.533817,82.89549,55.70783,0.8347876,-1,-1,-1
83,5365,515.5264,0.089848876,54.004517,62.24586,0.8441614,-1,-1,-1
83,5364,977.6528,0.5645401,46.226807,69.70825,0.41757715,-1,-1,-1
83,5360,998.6496,102.709755,15.144226,13.947037,0.26584992,-1,-1,-1
83,5347,977.9553,177.2004,26.671753,26.42456,0.44723585,-1,-1,-1
84,5313,488.0353,244.93985,38.48239,70.19049,0.86472553,-1,-1,-1
84,5315,126.44502,86.31595,74.803635,52.02339,0.8486328,-1,-1,-1
84,5316,521.06274,157.91464,40.835876,83.71974,0.8598592,-1,-1,-1
84,5317,303.6045,472.24518,52.30606,64.8974,0.8246481,-1,-1,-1
84,5319,140.50247,41.719215,77.596985,55.635117,0.8503741,-1,-1,-1
84,5320,456.49878,384.31342,47.364594,72.732574,0.87719804,-1,-1,-1
84,5322,891.75073,305.17566,75.08246,57.037292,0.8733113,-1,-1,-1
84,5324,305.69208,94.73972,113.56839,183.03091,0.9460503,-1,-1,-1
84,5330,400.42407,238.83894,55.72534,75.061295,0.9096448,-1,-1,-1
84,5345,173.43689,365.5384,39.92874,78.30609,0.8365796,-1,-1,-1
84,5350,569.1454,63.028645,40.129517,72.97366,0.8602535,-1,-1,-1
84,5355,21.387941,35.53844,82.187546,56.16144,0.8348646,-1,-1,-1
84,5365,514.4828,0.08874818,53.649902,67.78623,0.8803862,-1,-1,-1
84,5364,976.79333,3.2206903,47.02423,68.83445,0.4585637,-1,-1,-1
84,5360,997.805,104.43344,14.563843,13.846931,0.34698197,-1,-1,-1
84,5347,976.51495,179.47871,27.30774,25.871033,0.35787255,-1,-1,-1
85,5313,488.11154,244.9366,38.503998,69.664505,0.8658487,-1,-1,-1
85,5315,128.1351,85.519066,74.43092,52.583458,0.8522419,-1,-1,-1
85,5316,521.1877,158.10265,40.65619,83.40802,0.85852873,-1,-1,-1
85,5317,301.38315,475.2079,53.164307,62.381836,0.8229733,-1,-1,-1
85,5319,142.62958,41.563713,76.7984,55.005615,0.8503099,-1,-1,-1
85,5320,456.40912,383.04474,47.6734,72.42636,0.8799036,-1,-1,-1
85,5322,890.56793,306.14252,74.81561,56.69626,0.8589565,-1,-1,-1
85,5324,305.45068,97.55291,113.24063,181.83038,0.9483427,-1,-1,-1
85,5330,398.63065,242.57141,56.337128,75.171326,0.87885183,-1,-1,-1
85,5345,173.90349,364.03287,39.947998,78.045654,0.8454817,-1,-1,-1
85,5350,569.42816,65.143845,39.727905,72.20099,0.84905565,-1,-1,-1
85,5355,24.025148,34.811867,81.69398,55.662292,0.8459622,-1,-1,-1
85,5365,513.1089,1.2376935,54.22284,71.13018,0.8699879,-1,-1,-1
85,5364,976.44794,5.4926453,47.251404,68.197395,0.7127282,-1,-1,-1
85,5360,997.311,106.62273,14.108887,13.15065,0.35131282,-1,-1,-1
85,5347,976.1458,180.9172,26.455322,24.976303,0.25820643,-1,-1,-1
86,5313,488.0992,244.82729,38.589508,69.28883,0.86273474,-1,-1,-1
86,5315,130.152,84.67575,73.49684,52.991714,0.85229456,-1,-1,-1
86,5316,521.5739,158.6701,40.600037,83.266174,0.85684294,-1,-1,-1
86,5317,299.97055,478.2585,52.920197,59.84195,0.7936175,-1,-1,-1
86,5319,144.63478,41.00525,76.27472,55.158752,0.8396478,-1,-1,-1
86,5320,456.4803,382.17825,47.391235,72.0621,0.88213074,-1,-1,-1
86,5322,889.5785,307.11615,74.03192,56.646545,0.8590174,-1,-1,-1
86,5324,305.38696,99.7314,113.00125,182.64235,0.9441231,-1,-1,-1
86,5330,396.6904,246.06099,56.6369,75.66167,0.8762526,-1,-1,-1
86,5345,174.27599,362.3489,40.520752,78.44626,0.8282763,-1,-1,-1
86,5350,569.76575,67.05337,39.578674,71.75739,0.8594037,-1,-1,-1
86,5355,26.19466,34.044853,81.01907,55.276436,0.859756,-1,-1,-1
86,5365,511.47028,3.9134035,55.490784,73.07143,0.8733828,-1,-1,-1
86,5364,976.1812,7.4661803,47.504944,67.53631,0.76471543,-1,-1,-1
86,5347,975.20776,182.33553,25.83075,25.628815,0.3009921,-1,-1,-1
86,5367,406.74356,501.54236,45.458344,35.902466,0.35225508,-1,-1,-1
87,5313,488.11435,244.6366,38.571014,69.096375,0.86063033,-1,-1,-1
87,5315,131.63017,84.1681,73.578125,52.729683,0.86779696,-1,-1,-1
87,5316,522.00946,159.54942,40.494385,82.40553,0.85648364,-1,-1,-1
87,5317,298.65015,481.43594,52.367004,57.175446,0.72431153,-1,-1,-1
87,5319,146.81056,40.613636,75.17952,54.914883,0.84524155,-1,-1,-1
87,5320,456.43716,381.3392,47.13498,71.750916,0.87923,-1,-1,-1
87,5322,888.1746,308.1332,74.26227,56.097412,0.8444639,-1,-1,-1
87,5324,305.31573,102.86534,112.48297,182.38939,0.936651,-1,-1,-1
87,5330,395.07697,250.26126,56.387634,74.996796,0.8985021,-1,-1,-1
87,5345,174.89807,361.17102,40.600647,78.27957,0.81102747,-1,-1,-1
87,5350,570.10406,68.58133,39.446777,71.28079,0.85926384,-1,-1,-1
87,5355,28.683784,33.919754,80.11889,54.4411,0.85794556,-1,-1,-1
87,5365,510.25217,8.398691,55.93222,73.12641,0.87950546,-1,-1,-1
87,5364,977.1426,9.828035,46.32483,66.17987,0.7349264,-1,-1,-1
87,5347,974.55676,183.58458,25.32544,25.801682,0.33270767,-1,-1,-1
87,5367,406.39725,500.18527,45.111694,37.187897,0.42526814,-1,-1,-1
88,5313,488.142,244.48232,38.62491,68.88185,0.86063945,-1,-1,-1
88,5315,133.23843,84.04471,73.60155,52.18741,0.85096616,-1,-1,-1
88,5316,522.18945,160.09285,40.661987,81.815,0.8582132,-1,-1,-1
88,5317,297.1692,484.48334,52.01938,54.169556,0.6821243,-1,-1,-1
88,5319,148.58273,39.908924,75.07864,55.227154,0.84793985,-1,-1,-1
88,5320,456.72772,380.22272,46.55829,71.83734,0.87573594,-1,-1,-1
88,5322,886.5375,308.78943,74.21228,56.11075,0.84749764,-1,-1,-1
88,5324,303.25827,107.12471,113.9281,181.24675,0.94995564,-1,-1,-1
88,5330,393.78748,254.17041,55.253998,74.83383,0.87398314,-1,-1,-1
88,5345,175.60023,359.64813,40.733597,78.33371,0.8347671,-1,-1,-1
88,5350,570.18207,70.20892,39.51233,70.89955,0.86283386,-1,-1,-1
88,5355,31.39985,33.253017,79.42094,54.821476,0.8523293,-1,-1,-1
88,5365,509.13397,13.454686,54.652344,72.699135,0.8835822,-1,-1,-1
88,5364,976.3154,11.699312,46.544556,65.93039,0.774114,-1,-1,-1
88,5367,406.15625,498.32077,45.033295,39.210052,0.50680786,-1,-1,-1
89,5313,488.16263,244.33098,38.651947,68.71803,0.8599037,-1,-1,-1
89,5315,135.1975,83.707565,72.89726,51.832123,0.8554122,-1,-1,-1
89,5316,522.11993,159.62288,40.787537,81.83574,0.85708904,-1,-1,-1
89,5317,295.7413,487.20535,51.225372,51.048004,0.6774524,-1,-1,-1
89,5319,150.3089,39.9354,74.75284,54.888454,0.8610699,-1,-1,-1
89,5320,456.6794,379.1079,46.398407,71.49884,0.8786284,-1,-1,-1
89,5322,885.5181,309.39224,72.789734,56.23694,0.8494004,-1,-1,-1
89,5324,302.42856,110.35035,114.233215,180.30453,0.94894177,-1,-1,-1
89,5330,392.10333,258.25146,55.127167,74.15872,0.88433874,-1,-1,-1
89,5345,176.36182,357.26968,40.30156,79.42999,0.83422136,-1,-1,-1
89,5350,570.97974,71.94554,38.72766,70.638214,0.86226356,-1,-1,-1
89,5355,33.575172,32.432186,78.73131,55.287785,0.8643821,-1,-1,-1
89,5365,507.35422,17.525448,54.682953,73.478226,0.8826134,-1,-1,-1
89,5364,974.9753,13.750005,47.62964,66.15333,0.7673047,-1,-1,-1
89,5367,405.8414,496.3951,44.829773,41.222748,0.567042,-1,-1,-1
90,5313,488.18323,244.1447,38.526245,68.72911,0.85677123,-1,-1,-1
90,5315,137.2193,83.12016,71.89194,51.685715,0.86213714,-1,-1,-1
90,5316,522.07056,159.49327,40.838074,81.7751,0.8583311,-1,-1,-1
90,5317,294.48245,490.13522,50.075684,47.86252,0.5977237,-1,-1,-1
90,5319,151.87117,39.670315,74.72423,54.900196,0.8576417,-1,-1,-1
90,5320,456.69983,378.07178,46.271606,71.17056,0.87814885,-1,-1,-1
90,5322,884.3283,310.3481,72.03894,55.86856,0.84492075,-1,-1,-1
90,5324,302.3249,113.305435,113.96948,179.49068,0.933858,-1,-1,-1
90,5330,389.9658,261.84094,55.379974,74.35504,0.8765785,-1,-1,-1
90,5345,177.6905,356.26657,39.95279,78.27719,0.82802844,-1,-1,-1
90,5350,570.9246,73.375145,38.867554,70.65827,0.86152184,-1,-1,-1
90,5355,36.13363,31.653797,77.45272,55.912968,0.8551357,-1,-1,-1
90,5365,505.84607,22.280321,54.98108,73.14227,0.89000833,-1,-1,-1
90,5364,974.8468,15.719548,47.13739,65.63496,0.72242224,-1,-1,-1
90,5367,404.96652,495.43585,45.564514,42.34082,0.59602445,-1,-1,-1
91,5313,488.03513,244.05515,38.88626,68.76929,0.8574299,-1,-1,-1
91,5315,138.86322,82.6603,71.54346,51.404884,0.85522056,-1,-1,-1
91,5316,522.1496,159.48346,40.76587,81.7377,0.8602459,-1,-1,-1
91,5317,293.50043,493.0101,48.82773,44.59256,0.4947392,-1,-1,-1
91,5319,152.64879,38.865913,75.2706,55.68831,0.8438168,-1,-1,-1
91,5320,456.50446,376.77954,46.46631,70.811035,0.8762568,-1,-1,-1
91,5322,883.4679,311.22183,71.112854,55.588745,0.8594502,-1,-1,-1
91,5324,300.39526,118.83711,112.936676,177.61415,0.94126815,-1,-1,-1
91,5330,387.82565,265.3563,55.407135,74.08304,0.8745031,-1,-1,-1
91,5345,178.83234,355.27927,39.75148,77.70981,0.82523257,-1,-1,-1
91,5350,571.0929,74.89602,38.823975,70.26554,0.86177665,-1,-1,-1
91,5355,37.902298,31.226494,77.667625,55.996742,0.86610043,-1,-1,-1
91,5365,504.4991,27.349506,54.51358,72.44667,0.9202153,-1,-1,-1
91,5364,974.3266,16.830103,46.61255,66.08574,0.6079614,-1,-1,-1
91,5367,404.80518,494.43503,45.575867,43.48355,0.62546533,-1,-1,-1
92,5313,488.42844,244.16696,38.521393,68.519775,0.85611117,-1,-1,-1
92,5315,140.0314,82.2153,71.90611,51.41104,0.85277104,-1,-1,-1
92,5316,522.2388,159.41676,40.692627,81.81644,0.861183,-1,-1,-1
92,5317,292.16153,496.0836,48.120026,41.72641,0.49201033,-1,-1,-1
92,5319,154.41344,38.672466,74.77516,55.78599,0.8525566,-1,-1,-1
92,5320,456.2702,375.8718,46.67386,70.6012,0.8782672,-1,-1,-1
92,5322,882.3917,312.0883,71.04596,55.246765,0.8663825,-1,-1,-1
92,5324,299.8256,122.69063,111.88727,177.76753,0.9497639,-1,-1,-1
92,5330,385.93924,268.9382,55.52643,74.5408,0.87156165,-1,-1,-1
92,5345,180.04071,354.53757,39.922775,77.4281,0.84373885,-1,-1,-1
92,5350,570.9956,76.3487,39.132812,70.07552,0.8657351,-1,-1,-1
92,5355,39.68785,31.204224,77.757416,55.71421,0.8631893,-1,-1,-1
92,5365,502.50613,32.36952,53.940582,72.262985,0.88924235,-1,-1,-1
92,5364,973.95026,18.577934,46.692688,65.75065,0.7757948,-1,-1,-1
92,5367,404.2562,493.52078,46.20987,44.729523,0.69273216,-1,-1,-1
93,5313,488.65677,244.0682,38.449493,68.48883,0.85700876,-1,-1,-1
93,5315,141.43059,81.808304,72.08153,51.770508,0.84932905,-1,-1,-1
93,5316,522.36774,159.47093,40.81317,81.868744,0.860563,-1,-1,-1
93,5317,291.42108,499.47983,46.28,38.05728,0.3892021,-1,-1,-1
93,5319,156.34624,38.69359,74.17517,55.450264,0.85823774,-1,-1,-1
93,5320,456.05896,374.88992,47.116974,70.53943,0.87643874,-1,-1,-1
93,5322,881.26227,312.58694,71.33362,55.284485,0.8642959,-1,-1,-1
93,5324,299.94183,125.4268,110.90863,177.56654,0.9559729,-1,-1,-1
93,5330,383.74557,273.0326,55.666748,75.243866,0.8744834,-1,-1,-1
93,5345,180.63847,353.24557,39.924545,77.63248,0.84161144,-1,-1,-1
93,5350,570.9219,77.587,39.084167,70.672676,0.86200035,-1,-1,-1
93,5355,41.42136,31.159609,77.50366,55.146828,0.8722737,-1,-1,-1
93,5365,501.17722,36.580894,53.789948,72.70584,0.8959533,-1,-1,-1
93,5364,972.9525,20.022972,47.04297,65.61652,0.7613999,-1,-1,-1
93,5367,403.7917,492.68066,46.842316,45.845947,0.7174024,-1,-1,-1
94,5313,488.72427,243.99051,38.54532,68.51056,0.8599988,-1,-1,-1
94,5315,143.45984,80.854004,71.72427,52.418915,0.8991755,-1,-1,-1
94,5316,522.54834,159.48859,40.71228,81.84798,0.85962415,-1,-1,-1
94,5319,157.33054,38.839207,75.25075,55.010212,0.8647437,-1,-1,-1
94,5320,456.17432,373.88925,47.21161,70.47662,0.88042974,-1,-1,-1
94,5322,880.0916,313.1229,70.99524,54.85208,0.85498756,-1,-1,-1
94,5324,300.33685,128.30692,110.39694,177.47598,0.95095897,-1,-1,-1
94,5330,382.06332,277.08142,56.072754,74.56146,0.8856217,-1,-1,-1
94,5345,181.1195,351.7504,39.451187,77.665955,0.8352929,-1,-1,-1
94,5350,571.04193,78.78304,39.05652,70.900566,0.8609232,-1,-1,-1
94,5355,43.660122,30.854774,76.88202,55.014503,0.86183137,-1,-1,-1
94,5365,499.71375,41.81677,53.47223,71.578766,0.89930886,-1,-1,-1
94,5364,971.532,21.047976,47.7063,65.76655,0.73943824,-1,-1,-1
94,5367,403.3319,491.1169,47.451843,47.421417,0.75056344,-1,-1,-1
95,5313,488.71094,243.93109,38.61133,68.41681,0.85971546,-1,-1,-1
95,5315,145.2857,80.304085,71.10683,52.977318,0.8770514,-1,-1,-1
95,5316,522.5921,159.59454,40.715637,81.77055,0.85923016,-1,-1,-1
95,5319,159.67819,38.98309,73.970474,54.88808,0.84749174,-1,-1,-1
95,5320,456.15833,373.01288,46.826447,69.9028,0.8817627,-1,-1,-1
95,5322,878.4154,313.13837,71.6933,55.1174,0.8533,-1,-1,-1
95,5324,300.89072,131.66284,108.94028,178.28772,0.94895303,-1,-1,-1
95,5330,380.6026,280.67578,55.983032,74.25571,0.874706,-1,-1,-1
95,5345,182.06369,351.0579,38.6781,77.13443,0.8295444,-1,-1,-1
95,5350,571.2631,80.24112,38.82776,70.62094,0.8533243,-1,-1,-1
95,5355,45.982822,30.630394,76.417145,54.83973,0.8647568,-1,-1,-1
95,5365,497.89883,46.709187,54.579865,71.54355,0.9110325,-1,-1,-1
95,5364,970.69617,22.934639,47.72101,65.1953,0.54944515,-1,-1,-1
95,5367,402.79996,489.74786,48.027435,48.74994,0.7743932,-1,-1,-1
96,5313,488.60544,243.59079,38.697052,68.615845,0.8624902,-1,-1,-1
96,5315,146.36827,80.37348,70.82178,52.647865,0.85787827,-1,-1,-1
96,5316,522.85516,159.65453,40.380005,81.67554,0.8586193,-1,-1,-1
96,5319,160.96162,38.97838,73.81062,54.67012,0.8519216,-1,-1,-1
96,5320,455.9743,372.37485,47.246033,69.65311,0.8758322,-1,-1,-1
96,5322,876.8676,313.46136,71.75073,55.062622,0.8637013,-1,-1,-1
96,5324,297.82538,135.23744,110.07861,178.4984,0.95753783,-1,-1,-1
96,5330,379.29294,284.50644,55.149384,73.03186,0.8800229,-1,-1,-1
96,5345,183.454,350.5313,38.14943,76.63571,0.8132277,-1,-1,-1
96,5350,571.3719,81.237206,38.71472,70.51742,0.8545958,-1,-1,-1
96,5355,47.80754,30.380434,75.474144,54.581726,0.8660686,-1,-1,-1
96,5365,496.18756,51.064625,54.506165,71.66615,0.89005744,-1,-1,-1
96,5364,970.1591,24.49077,46.77887,64.10023,0.72713196,-1,-1,-1
96,5367,403.11462,488.14438,47.664307,50.713715,0.7782388,-1,-1,-1
97,5313,488.49243,243.3116,38.94348,68.63835,0.8650594,-1,-1,-1
97,5315,147.26555,80.705154,70.64287,52.03061,0.8721372,-1,-1,-1
97,5316,522.8619,159.81494,40.281616,81.57347,0.8587818,-1,-1,-1
97,5319,162.2806,39.0674,73.54361,54.39712,0.8562663,-1,-1,-1
97,5320,455.77008,371.5531,47.880524,69.55234,0.8766546,-1,-1,-1
97,5322,875.29736,313.83197,71.410645,55.048615,0.8587644,-1,-1,-1
97,5324,296.66235,137.78728,110.40103,177.61095,0.9512564,-1,-1,-1
97,5330,377.7347,288.24066,54.94153,73.38208,0.88332915,-1,-1,-1
97,5345,185.2006,350.65872,36.70584,75.23935,0.80659276,-1,-1,-1
97,5350,571.4817,82.80821,38.11438,69.809875,0.86278033,-1,-1,-1
97,5355,49.293053,30.374304,75.022896,54.281815,0.86513305,-1,-1,-1
97,5365,493.82178,55.834736,54.526367,71.12808,0.8890809,-1,-1,-1
97,5364,969.04175,25.531746,47.403137,64.16645,0.6433026,-1,-1,-1
97,5367,402.5377,487.01172,48.39334,51.768677,0.7933517,-1,-1,-1
98,5313,488.45654,243.21289,39.171814,68.39993,0.86861914,-1,-1,-1
98,5315,149.28807,80.810165,70.38255,51.790085,0.87342614,-1,-1,-1
98,5316,522.86743,159.98843,40.397827,81.45508,0.8596085,-1,-1,-1
98,5319,163.88568,39.221294,72.80629,54.229107,0.86020947,-1,-1,-1
98,5320,455.69406,370.60608,48.268036,69.78418,0.8778578,-1,-1,-1
98,5322,873.97125,314.1239,70.75122,54.828857,0.8567353,-1,-1,-1
98,5324,295.75513,140.5456,110.64151,176.45914,0.9464291,-1,-1,-1
98,5330,375.81024,292.23093,55.615234,73.08084,0.8764683,-1,-1,-1
98,5345,186.8127,350.1482,35.394318,74.31052,0.8087944,-1,-1,-1
98,5350,571.63104,84.21338,37.829712,69.617935,0.8610115,-1,-1,-1
98,5355,51.314972,30.427723,74.781876,54.336246,0.8705343,-1,-1,-1
98,5365,492.28824,60.86864,55.134186,70.732925,0.8900575,-1,-1,-1
98,5364,967.1126,26.470888,48.566345,65.33915,0.64925706,-1,-1,-1
98,5367,402.42444,485.817,48.579712,53.37436,0.8039217,-1,-1,-1
99,5313,488.41885,243.00415,39.2894,68.598236,0.8672005,-1,-1,-1
99,5315,150.98415,81.16551,69.52232,51.370834,0.8557116,-1,-1,-1
99,5316,522.74164,159.92767,40.795166,81.541534,0.8612067,-1,-1,-1
99,5319,165.25735,39.43204,72.7773,54.134365,0.8646961,-1,-1,-1
99,5320,455.5134,369.5542,49.012177,70.22775,0.8818229,-1,-1,-1
99,5322,872.2489,314.19006,71.46631,54.77292,0.85294855,-1,-1,-1
99,5324,296.0164,144.52237,109.18112,174.3822,0.93952656,-1,-1,-1
99,5330,373.9658,295.6699,55.373505,73.494415,0.87920636,-1,-1,-1
99,5345,187.95906,349.29968,35.441742,73.87332,0.8265944,-1,-1,-1
99,5350,571.7578,85.64923,37.17108,69.449234,0.8654993,-1,-1,-1
99,5355,52.68224,30.307959,75.56505,54.28649,0.8625351,-1,-1,-1
99,5365,490.79398,65.260826,54.498444,70.89001,0.8865297,-1,-1,-1
99,5364,964.30365,27.47502,50.38391,66.12647,0.62796414,-1,-1,-1
99,5367,401.91156,484.4254,49.240906,54.65619,0.80479366,-1,-1,-1
100,5313,488.43085,242.82315,39.454895,68.639984,0.8707802,-1,-1,-1
100,5315,152.40088,81.34774,68.81952,51.02308,0.85174626,-1,-1,-1
100,5316,522.68286,160.23326,41.06714,81.28761,0.86045873,-1,-1,-1
100,5319,166.52829,39.609947,72.662735,53.99961,0.8546411,-1,-1,-1
100,5320,455.53708,368.80447,49.121887,70.23001,0.88473606,-1,-1,-1
100,5322,871.27026,314.59872,70.61444,54.53235,0.8545786,-1,-1,-1
100,5324,293.11035,148.96097,111.46115,174.82751,0.9171395,-1,-1,-1
100,5330,372.16,299.44736,55.77118,73.63223,0.88186604,-1,-1,-1
100,5345,189.2379,348.82596,35.650635,72.63962,0.82680684,-1,-1,-1
100,5350,571.69446,87.09354,37.20746,69.50714,0.86672515,-1,-1,-1
100,5355,54.607872,30.49205,75.24384,53.877144,0.8668844,-1,-1,-1
100,5365,489.05417,69.74769,53.838715,70.382195,0.88443524,-1,-1,-1
100,5364,962.6547,28.474386,51.11328,66.666374,0.53615,-1,-1,-1
100,5367,401.14758,482.96478,50.194,55.99298,0.81169945,-1,-1,-1
101,5313,488.4676,242.7281,39.458008,68.51701,0.87294894,-1,-1,-1
101,5315,153.29991,81.25913,68.70154,50.9311,0.85167,-1,-1,-1
101,5316,522.62335,160.824,41.393494,81.086426,0.8636176,-1,-1,-1
101,5319,167.88594,39.648415,71.695496,54.10491,0.84181094,-1,-1,-1
101,5320,455.6633,368.1918,48.90439,69.82291,0.8811209,-1,-1,-1
101,5322,870.389,314.73755,70.01526,54.5007,0.85883844,-1,-1,-1
101,5324,291.71902,152.05882,112.237,174.93163,0.92230994,-1,-1,-1
101,5330,370.5118,303.43762,55.447784,72.8389,0.88805974,-1,-1,-1
101,5345,189.93881,347.9138,35.440308,72.540344,0.8237131,-1,-1,-1
101,5350,571.5403,88.29195,37.310913,69.393005,0.8646635,-1,-1,-1
101,5355,56.66526,30.494568,74.654625,53.109512,0.85349935,-1,-1,-1
101,5365,487.49973,74.595894,53.879852,69.86532,0.88515645,-1,-1,-1
101,5364,961.53253,30.787766,50.743103,65.55271,0.63136727,-1,-1,-1
101,5367,401.2995,481.4716,50.401123,57.488556,0.8151125,-1,-1,-1
102,5313,488.58722,242.70555,39.28131,68.33739,0.8730098,-1,-1,-1
102,5315,154.05142,81.16722,69.29593,50.984894,0.8500116,-1,-1,-1
102,5316,522.35645,161.26312,41.80298,80.51715,0.863453,-1,-1,-1
102,5319,169.05917,39.40198,71.84982,54.561337,0.84173054,-1,-1,-1
102,5320,455.7494,367.60526,48.484467,69.20459,0.8792167,-1,-1,-1
102,5322,869.4388,315.063,69.54602,54.247986,0.8587767,-1,-1,-1
102,5324,291.32727,155.73236,112.01999,173.43195,0.9118154,-1,-1,-1
102,5330,368.99075,307.16522,55.11676,73.00229,0.8726913,-1,-1,-1
102,5345,190.60844,346.87653,35.579163,73.00198,0.8246231,-1,-1,-1
102,5350,571.3635,89.41296,37.634827,69.2067,0.86862123,-1,-1,-1
102,5355,58.568832,30.490286,74.079895,53.478302,0.8592631,-1,-1,-1
102,5365,485.36465,79.37457,53.730194,69.498795,0.894495,-1,-1,-1
102,5364,960.7727,31.454512,50.640198,65.58208,0.75629884,-1,-1,-1
102,5367,400.61288,480.95685,51.09619,58.143066,0.81344426,-1,-1,-1
103,5313,488.75793,242.84955,39.06317,67.944855,0.87499493,-1,-1,-1
103,5315,155.87683,81.04346,68.909836,51.211685,0.8637863,-1,-1,-1
103,5316,522.1432,161.91167,42.14624,79.847855,0.8639607,-1,-1,-1
103,5319,170.69363,39.453423,70.66559,54.686157,0.85491097,-1,-1,-1
103,5320,455.86716,366.85825,48.146973,68.736084,0.8816848,-1,-1,-1
103,5322,868.1666,315.22083,69.479004,54.105804,0.8530736,-1,-1,-1
103,5324,291.6164,160.25888,111.115326,170.70596,0.8645476,-1,-1,-1
103,5330,367.35126,310.73068,54.603302,73.18323,0.8823958,-1,-1,-1
103,5345,191.51831,345.69562,35.508865,73.21466,0.8240974,-1,-1,-1
103,5350,571.25006,90.700455,37.65448,68.95262,0.86615944,-1,-1,-1
103,5355,60.53838,29.917507,73.87929,54.08575,0.8644565,-1,-1,-1
103,5365,483.66846,83.983246,53.398376,69.234634,0.8855588,-1,-1,-1
103,5364,960.3722,32.811768,49.75409,65.07349,0.7263915,-1,-1,-1
103,5367,400.10693,479.71698,51.398438,59.4917,0.8170317,-1,-1,-1
104,5313,488.79724,242.85349,38.94928,67.725494,0.87536216,-1,-1,-1
104,5315,157.77794,81.051796,68.2637,51.348854,0.8621089,-1,-1,-1
104,5316,521.9195,162.61876,42.517212,79.11304,0.86598617,-1,-1,-1
104,5319,171.84679,40.005917,70.34462,54.165424,0.87575233,-1,-1,-1
104,5320,455.97644,365.9897,48.07141,68.41635,0.8757676,-1,-1,-1
104,5322,867.0775,315.40985,69.29443,53.94098,0.856601,-1,-1,-1
104,5324,288.7932,165.30907,111.908875,169.3821,0.8777132,-1,-1,-1
104,5330,365.65158,314.81824,54.216858,72.8176,0.88231426,-1,-1,-1
104,5345,192.41237,344.66766,35.413788,73.45108,0.8222075,-1,-1,-1
104,5350,571.10956,92.019035,37.4552,69.248634,0.85925275,-1,-1,-1
104,5355,62.178795,30.262857,73.38471,53.717888,0.8644464,-1,-1,-1
104,5365,482.01514,88.741486,53.101074,68.81801,0.8924249,-1,-1,-1
104,5364,960.3668,33.976852,48.008606,64.603745,0.6203364,-1,-1,-1
104,5367,399.85858,478.44177,51.83014,60.805176,0.82584035,-1,-1,-1
105,5313,488.71124,242.80846,38.900146,67.65724,0.8750475,-1,-1,-1
105,5315,158.23856,81.44195,68.99852,50.860054,0.8753302,-1,-1,-1
105,5316,521.77423,163.61842,42.7782,78.21098,0.8707094,-1,-1,-1
105,5319,173.53755,40.398685,70.37422,54.055622,0.85561335,-1,-1,-1
105,5320,455.7873,365.09503,48.372375,68.17221,0.87610114,-1,-1,-1
105,5322,865.675,315.48328,69.82208,53.87503,0.85107666,-1,-1,-1
105,5324,287.91254,168.69685,111.45395,169.64854,0.905721,-1,-1,-1
105,5330,363.63297,318.76212,54.270386,71.91522,0.8771732,-1,-1,-1
105,5345,193.39684,344.1463,35.13098,73.40958,0.82128596,-1,-1,-1
105,5350,570.9035,93.431465,37.302307,69.28533,0.8576981,-1,-1,-1
105,5355,63.608948,30.708971,72.975006,53.522804,0.86823225,-1,-1,-1
105,5365,479.53488,93.71724,53.426544,68.49606,0.89146763,-1,-1,-1
105,5364,957.68146,35.862057,49.743042,63.509678,0.38447085,-1,-1,-1
105,5367,400.1233,477.02005,51.778168,61.857697,0.83674836,-1,-1,-1
106,5313,488.62482,242.72476,38.9104,67.49057,0.8748451,-1,-1,-1
106,5315,159.06458,81.426025,69.25345,50.831207,0.85812056,-1,-1,-1
106,5316,521.81445,163.00647,42.801086,79.23917,0.8675098,-1,-1,-1
106,5319,174.57144,40.519558,70.96898,53.875866,0.8452418,-1,-1,-1
106,5320,455.93967,364.1354,48.328613,68.341705,0.88393176,-1,-1,-1
106,5322,864.28235,315.6325,69.90112,53.69455,0.8573541,-1,-1,-1
106,5324,288.01892,171.86244,110.403046,169.04817,0.8893565,-1,-1,-1
106,5330,361.66925,322.4476,54.01306,71.900116,0.87978387,-1,-1,-1
106,5345,194.97379,343.69727,34.999496,72.86978,0.8290488,-1,-1,-1
106,5350,570.74506,94.49383,37.052856,69.27741,0.86244094,-1,-1,-1
106,5355,64.778435,31.046171,72.88398,53.48835,0.8669835,-1,-1,-1
106,5365,478.05487,98.640564,53.151062,67.70781,0.8909074,-1,-1,-1
106,5364,956.30615,36.972664,49.865356,62.89611,0.3537154,-1,-1,-1
106,5367,400.1204,475.8856,52.25052,63.03763,0.8401663,-1,-1,-1
107,5313,488.48407,242.70982,38.983154,67.55821,0.8758399,-1,-1,-1
107,5315,160.82425,81.86081,67.99898,50.536484,0.8587783,-1,-1,-1
107,5316,521.8028,162.92416,42.701965,79.46153,0.87640935,-1,-1,-1
107,5319,175.44034,40.524178,71.2173,53.837418,0.8434815,-1,-1,-1
107,5320,456.20016,363.34256,47.7937,67.96985,0.8789695,-1,-1,-1
107,5322,862.9873,315.9259,69.35693,53.263367,0.86020374,-1,-1,-1
107,5324,288.23547,175.39029,109.077576,167.38266,0.8654069,-1,-1,-1
107,5330,360.05756,326.42224,53.35962,71.56079,0.8876524,-1,-1,-1
107,5345,196.03542,343.13354,34.986343,72.26337,0.82245606,-1,-1,-1
107,5350,570.5291,95.74515,36.76013,68.92316,0.8668199,-1,-1,-1
107,5355,66.03651,31.306942,73.186,53.82401,0.8665255,-1,-1,-1
107,5365,476.94534,102.69544,52.319916,68.03304,0.8935735,-1,-1,-1
107,5364,956.186,37.967224,48.981262,62.208275,0.62779343,-1,-1,-1
107,5367,400.18652,474.60178,52.370667,64.0383,0.84438086,-1,-1,-1
107,5368,500.23743,489.59534,40.979248,47.89087,0.6722836,-1,-1,-1
108,5313,488.40527,242.6208,39.09192,67.59352,0.8751081,-1,-1,-1
108,5315,161.99252,82.09504,67.44646,50.369667,0.8795206,-1,-1,-1
108,5316,521.4184,163.69392,42.822815,78.48622,0.8662264,-1,-1,-1
108,5319,176.514,40.578964,71.05411,53.676895,0.8518019,-1,-1,-1
108,5320,456.44263,362.71112,47.32718,67.37317,0.87403274,-1,-1,-1
108,5322,861.19904,315.80414,69.678894,53.090485,0.8542928,-1,-1,-1
108,5324,285.10522,177.83698,110.018555,167.64197,0.87514037,-1,-1,-1
108,5330,358.1179,330.55975,53.664917,70.69858,0.89599425,-1,-1,-1
108,5345,197.67044,342.48248,34.30002,72.12811,0.8201062,-1,-1,-1
108,5350,570.3387,96.912895,36.543945,68.48835,0.8656239,-1,-1,-1
108,5355,67.263145,31.676842,73.345604,53.589798,0.8593574,-1,-1,-1
108,5365,475.4217,107.13347,52.128723,67.97536,0.9133421,-1,-1,-1
108,5364,955.9176,39.50955,47.090332,61.141422,0.46979538,-1,-1,-1
108,5367,400.22644,473.16028,52.345184,65.07745,0.84998333,-1,-1,-1
108,5368,500.42566,482.77658,42.983948,54.07437,0.8348948,-1,-1,-1
109,5313,488.31046,242.51242,39.037933,67.37729,0.8755495,-1,-1,-1
109,5315,163.50339,81.90932,67.64815,50.56633,0.87050205,-1,-1,-1
109,5316,521.20905,164.26376,42.768738,77.7845,0.8649079,-1,-1,-1
109,5319,177.0715,41.16181,70.80394,53.113594,0.8530848,-1,-1,-1
109,5320,456.60797,362.10126,46.647644,66.90756,0.87334937,-1,-1,-1
109,5322,859.6406,315.79797,69.77112,52.956024,0.86126614,-1,-1,-1
109,5324,283.2958,180.32869,110.188965,169.16872,0.91946125,-1,-1,-1
109,5330,356.3421,334.1175,53.54648,70.771576,0.8817655,-1,-1,-1
109,5345,198.7996,342.01886,34.120285,72.0004,0.81168276,-1,-1,-1
109,5350,570.06134,98.01191,36.339966,68.18255,0.86627156,-1,-1,-1
109,5355,68.47944,31.573969,73.30425,53.429535,0.854246,-1,-1,-1
109,5365,473.18808,111.7964,52.183624,67.728836,0.89297074,-1,-1,-1
109,5364,955.1113,39.940937,46.462402,61.196377,0.7383254,-1,-1,-1
109,5367,400.16718,471.47083,52.6669,66.39899,0.8602903,-1,-1,-1
109,5368,500.93246,475.5786,45.68576,60.401917,0.8556819,-1,-1,-1
110,5313,488.1957,242.32098,39.074127,67.081085,0.8736342,-1,-1,-1
110,5315,164.88138,81.80576,67.42723,50.668022,0.8686735,-1,-1,-1
110,5316,521.1266,164.53561,42.69641,77.32341,0.86643517,-1,-1,-1
110,5319,177.99297,41.525047,70.09363,52.775627,0.85805154,-1,-1,-1
110,5320,456.66287,361.07828,46.463226,66.77136,0.8737142,-1,-1,-1
110,5322,859.083,315.8439,67.92352,52.885437,0.8615158,-1,-1,-1
110,5324,282.6339,183.66374,109.545105,168.66048,0.91127616,-1,-1,-1
110,5330,354.5088,337.1832,53.252075,71.00662,0.8841255,-1,-1,-1
110,5345,199.578,341.7292,33.53662,71.05249,0.8027217,-1,-1,-1
110,5350,569.8961,99.18539,35.970825,67.84605,0.8661544,-1,-1,-1
110,5355,70.31532,31.792196,72.711716,53.306534,0.8622149,-1,-1,-1
110,5365,471.1849,116.19291,51.85672,67.842705,0.8918009,-1,-1,-1
110,5364,951.3236,39.61856,48.560608,62.417862,0.6435398,-1,-1,-1
110,5367,400.1598,469.95035,52.818695,68.124054,0.8686118,-1,-1,-1
110,5368,502.0575,468.3003,47.35144,64.23596,0.86156327,-1,-1,-1
111,5313,488.0256,242.03516,39.16562,67.00534,0.87273896,-1,-1,-1
111,5315,165.86708,81.744774,67.19466,50.84194,0.8586966,-1,-1,-1
111,5316,520.97876,164.70161,42.745117,77.07553,0.8662608,-1,-1,-1
111,5319,178.96095,41.914783,69.80591,52.543118,0.8740933,-1,-1,-1
111,5320,456.56912,360.26813,46.59561,66.73123,0.87303734,-1,-1,-1
111,5322,857.8649,315.8338,67.268555,52.653107,0.8631733,-1,-1,-1
111,5324,282.84753,187.2743,108.12537,167.3318,0.8632152,-1,-1,-1
111,5330,352.44757,341.06247,53.868652,70.88916,0.88343084,-1,-1,-1
111,5345,200.06143,341.21503,33.87419,70.57547,0.7984723,-1,-1,-1
111,5350,569.68286,100.38469,35.703613,67.84427,0.86340356,-1,-1,-1
111,5355,71.462585,31.917234,72.4259,53.16983,0.862102,-1,-1,-1
111,5365,469.2584,120.39153,51.595245,67.71183,0.890675,-1,-1,-1
111,5364,949.39716,40.74587,48.73236,61.98332,0.7242789,-1,-1,-1
111,5367,400.36942,468.73984,52.76187,68.53024,0.86207795,-1,-1,-1
111,5368,504.26166,461.58514,47.66455,65.70038,0.8701417,-1,-1,-1
112,5313,487.8756,241.84016,38.9718,66.95076,0.87029976,-1,-1,-1
112,5315,166.04239,82.0404,67.87813,50.439476,0.8860319,-1,-1,-1
112,5316,521.017,165.3265,42.452515,76.510345,0.8710353,-1,-1,-1
112,5319,179.01024,41.430843,71.74255,53.39713,0.85391915,-1,-1,-1
112,5320,456.6001,359.50528,46.976593,66.64432,0.87571216,-1,-1,-1
112,5322,856.37427,315.77783,67.61322,52.651886,0.85876656,-1,-1,-1
112,5324,285.28348,189.92262,106.25925,166.0468,0.7914649,-1,-1,-1
112,5330,349.9308,344.9961,54.41269,70.24292,0.8807356,-1,-1,-1
112,5345,200.54573,340.37714,33.90413,70.252045,0.79722476,-1,-1,-1
112,5350,569.34863,101.37876,35.723267,67.76873,0.86359894,-1,-1,-1
112,5355,73.08601,31.814812,72.08032,53.590584,0.86042845,-1,-1,-1
112,5365,467.14667,124.71748,51.813354,67.18033,0.8850736,-1,-1,-1
112,5364,948.33984,41.329987,48.259583,62.457092,0.5930009,-1,-1,-1
112,5367,400.74533,467.69525,52.378265,67.91156,0.85500526,-1,-1,-1
112,5368,506.62546,454.3547,47.314545,66.104706,0.8594371,-1,-1,-1
113,5313,487.6547,241.73096,38.889435,66.870575,0.8689685,-1,-1,-1
113,5315,166.71695,82.27813,68.00906,50.13366,0.8604091,-1,-1,-1
113,5316,520.76416,165.23894,42.420044,76.53964,0.86219275,-1,-1,-1
113,5319,179.47868,41.414352,72.39522,53.851135,0.8476496,-1,-1,-1
113,5320,456.65607,358.63666,47.7334,66.70221,0.8778921,-1,-1,-1
113,5322,854.8904,315.2189,68.18219,52.98477,0.85706836,-1,-1,-1
113,5324,281.75247,195.03755,107.36142,163.09898,0.7645886,-1,-1,-1
113,5330,348.03958,348.49457,54.36209,70.52869,0.8822603,-1,-1,-1
113,5345,200.89838,339.85736,34.364395,69.890686,0.7907576,-1,-1,-1
113,5350,569.08246,102.4367,35.57318,67.446266,0.86276245,-1,-1,-1
113,5355,74.09843,31.761068,72.53532,53.932823,0.8597928,-1,-1,-1
113,5365,465.13474,128.75974,51.911957,67.45116,0.8752914,-1,-1,-1
113,5364,946.5051,42.338253,48.388855,62.502285,0.6028896,-1,-1,-1
113,5367,401.05087,466.06787,52.365906,68.60889,0.8555184,-1,-1,-1
113,5368,509.00958,447.69858,48.093506,67.16147,0.8729912,-1,-1,-1
114,5313,487.52652,241.57225,38.800934,66.6183,0.87074,-1,-1,-1
114,5315,167.81934,82.30842,67.605774,50.00274,0.858615,-1,-1,-1
114,5316,520.5865,165.22221,42.342712,76.38669,0.86485356,-1,-1,-1
114,5319,181.2921,42.0951,71.32425,53.57643,0.84636986,-1,-1,-1
114,5320,456.83722,357.57556,47.707336,66.86206,0.880157,-1,-1,-1
114,5322,853.845,315.28638,68.13971,52.753082,0.85614693,-1,-1,-1
114,5324,279.46024,198.17117,108.28839,164.7638,0.82836634,-1,-1,-1
114,5330,346.19168,351.87756,54.144623,70.69711,0.8827556,-1,-1,-1
114,5345,201.43083,339.33734,34.37059,69.606415,0.8018934,-1,-1,-1
114,5350,569.6413,103.15983,34.840942,67.16375,0.8675133,-1,-1,-1
114,5355,75.606575,31.582973,72.057396,53.924786,0.86097395,-1,-1,-1
114,5365,463.33252,133.26253,51.429626,66.79285,0.8887782,-1,-1,-1
114,5364,944.5772,42.795967,49.666626,63.39657,0.5764386,-1,-1,-1
114,5367,401.45697,464.98965,52.188446,68.581024,0.85577214,-1,-1,-1
114,5368,511.66483,440.54636,48.27707,67.13983,0.84577376,-1,-1,-1
115,5313,487.41776,241.50255,38.70517,66.286545,0.87056005,-1,-1,-1
115,5315,169.17345,82.25149,66.89455,50.010475,0.8605405,-1,-1,-1
115,5316,520.5502,165.62032,42.246704,75.91463,0.86504674,-1,-1,-1
115,5319,182.68513,42.45758,70.58281,53.266396,0.8496084,-1,-1,-1
115,5320,457.0059,356.85577,47.298218,66.453064,0.880157,-1,-1,-1
115,5322,852.74475,315.23074,67.33215,52.84967,0.8609449,-1,-1,-1
115,5324,279.41742,201.1397,107.56998,165.03914,0.8316603,-1,-1,-1
115,5330,344.34088,356.1943,54.057068,69.64542,0.9035041,-1,-1,-1
115,5345,202.70818,338.594,34.06703,69.47052,0.82161695,-1,-1,-1
115,5350,568.95917,103.94444,34.986267,67.10666,0.85667044,-1,-1,-1
115,5355,76.79197,31.59058,72.06666,53.94694,0.8644058,-1,-1,-1
115,5365,461.5255,137.28688,51.364685,66.88321,0.8886014,-1,-1,-1
115,5364,943.2,43.31433,50.11786,63.590256,0.47884414,-1,-1,-1
115,5367,401.92004,463.76215,52.418915,68.305786,0.8600759,-1,-1,-1
115,5368,516.16815,433.8652,46.672363,65.29126,0.86070657,-1,-1,-1
116,5313,487.43216,241.49341,38.509003,65.48929,0.86436886,-1,-1,-1
116,5315,170.56114,82.355606,66.50568,50.0623,0.8687525,-1,-1,-1
116,5316,520.3614,165.25455,42.30121,76.229996,0.8589682,-1,-1,-1
116,5319,184.21147,42.98784,69.149765,52.687668,0.855041,-1,-1,-1
116,5320,457.34875,356.4196,46.37906,65.38733,0.8779006,-1,-1,-1
116,5322,851.72894,315.50342,67.4176,52.198578,0.8632754,-1,-1,-1
116,5324,275.46484,203.19241,108.736084,165.08417,0.84299326,-1,-1,-1
116,5330,342.6068,359.76483,53.675476,69.69693,0.8798608,-1,-1,-1
116,5345,203.85509,338.13193,33.696823,69.02704,0.8283767,-1,-1,-1
116,5350,568.7255,104.74021,34.875244,66.87293,0.85334694,-1,-1,-1
116,5355,78.01914,31.996775,71.66839,53.534042,0.8566018,-1,-1,-1
116,5365,459.2875,141.6254,51.506653,67.106125,0.8816564,-1,-1,-1
116,5364,942.7678,45.688347,49.262573,61.93676,0.6523584,-1,-1,-1
116,5367,402.19794,462.30582,52.895477,67.50827,0.863016,-1,-1,-1
116,5368,519.71234,427.35718,45.529907,63.60965,0.8563604,-1,-1,-1
117,5313,487.4958,241.21521,38.73987,65.055115,0.87694716,-1,-1,-1
117,5315,171.83621,82.41623,66.093475,50.113434,0.8612318,-1,-1,-1
117,5316,520.3251,165.72472,42.15381,75.66809,0.86176646,-1,-1,-1
117,5319,185.81252,43.598377,68.178375,52.165676,0.8564381,-1,-1,-1
117,5320,457.7579,355.66727,45.622925,64.93588,0.87852997,-1,-1,-1
117,5322,850.2126,315.36813,67.778076,52.074432,0.86243945,-1,-1,-1
117,5324,273.65445,204.80122,108.76785,167.13643,0.88759285,-1,-1,-1
117,5330,341.322,363.0936,52.829895,69.42795,0.8792633,-1,-1,-1
117,5345,204.95644,337.59583,33.498672,68.698,0.8349838,-1,-1,-1
117,5350,568.7656,105.555695,34.338013,66.65451,0.8463023,-1,-1,-1
117,5355,78.952576,32.32628,71.88219,53.573975,0.8530166,-1,-1,-1
117,5365,457.46356,145.72612,51.63849,67.01813,0.8822815,-1,-1,-1
117,5364,943.184,46.527527,47.808044,61.021675,0.7087074,-1,-1,-1
117,5367,402.14258,461.22974,53.40515,67.43402,0.861583,-1,-1,-1
117,5368,522.84906,420.93665,45.011597,62.907867,0.86112314,-1,-1,-1
118,5313,487.61722,241.11046,38.189667,64.56792,0.8666036,-1,-1,-1
118,5315,173.08667,82.641884,65.66295,50.014854,0.8799842,-1,-1,-1
118,5316,520.2081,166.02681,42.133667,75.31999,0.8579307,-1,-1,-1
118,5319,187.20612,44.049934,67.94968,51.713097,0.8839345,-1,-1,-1
118,5320,457.9168,354.81723,45.449554,64.76254,0.87882364,-1,-1,-1
118,5322,848.4648,314.58878,68.185974,52.635925,0.8641621,-1,-1,-1
118,5324,272.52017,208.30711,108.59732,167.3673,0.86073595,-1,-1,-1
118,5330,339.3253,366.6299,52.933044,69.209076,0.8795464,-1,-1,-1
118,5345,206.23723,337.19666,32.902283,68.20676,0.83909994,-1,-1,-1
118,5350,568.98444,106.40538,34.03656,66.726,0.8556376,-1,-1,-1
118,5355,80.205345,32.92645,71.66372,53.10191,0.8525477,-1,-1,-1
118,5365,455.6228,150.07469,51.507904,66.41281,0.8850241,-1,-1,-1
118,5364,942.70026,46.96468,46.64215,60.884403,0.7627492,-1,-1,-1
118,5367,402.7598,459.93982,52.469757,66.69855,0.86538965,-1,-1,-1
118,5368,526.1483,414.97632,43.832825,61.493866,0.8800861,-1,-1,-1
119,5313,487.7573,240.93938,37.792572,64.35994,0.8667948,-1,-1,-1
119,5315,174.13406,82.638466,65.411255,50.146904,0.8661888,-1,-1,-1
119,5316,519.98376,165.3644,42.089905,76.15521,0.8546959,-1,-1,-1
119,5319,187.86067,43.87592,68.60918,52.1682,0.84620035,-1,-1,-1
119,5320,458.19998,353.90732,45.01776,64.29846,0.87918997,-1,-1,-1
119,5322,847.02606,314.27737,68.414246,52.567627,0.86133826,-1,-1,-1
119,5324,271.83755,212.27957,107.71689,166.5524,0.8130048,-1,-1,-1
119,5330,337.18213,370.22104,53.14203,68.73828,0.87739164,-1,-1,-1
119,5345,206.8888,336.59952,32.481903,68.178955,0.82398677,-1,-1,-1
119,5350,568.58246,107.37598,33.775696,66.74112,0.8454538,-1,-1,-1
119,5355,81.839195,33.516552,70.93394,52.654957,0.8499963,-1,-1,-1
119,5365,453.3423,154.27686,51.49698,66.41362,0.87834644,-1,-1,-1
119,5364,941.33606,47.25644,46.59912,61.603035,0.7694308,-1,-1,-1
119,5367,403.41956,458.28638,52.078217,66.57959,0.8742014,-1,-1,-1
119,5368,529.6445,408.33145,43.402954,61.237793,0.8911706,-1,-1,-1
120,5313,487.8325,240.7846,37.55606,64.24893,0.8676202,-1,-1,-1
120,5315,174.82516,83.268845,64.93297,49.293137,0.8613108,-1,-1,-1
120,5316,519.84985,165.75424,41.637085,75.47894,0.8634903,-1,-1,-1
120,5319,188.84058,43.975567,68.61655,52.30096,0.84601736,-1,-1,-1
120,5320,458.41678,352.44595,44.968414,64.515045,0.89171886,-1,-1,-1
120,5322,846.95825,314.4265,65.97034,52.058105,0.8595516,-1,-1,-1
120,5324,270.56204,218.86238,106.88339,162.4981,0.75721085,-1,-1,-1
120,5330,335.44656,373.70886,52.97348,68.28534,0.8816752,-1,-1,-1
120,5345,206.78288,335.3089,32.738953,69.625885,0.8160949,-1,-1,-1
120,5350,568.4829,108.34478,33.305603,66.21447,0.847921,-1,-1,-1
120,5355,82.88278,33.964706,70.88434,52.351784,0.8429402,-1,-1,-1
120,5365,451.52795,158.52647,50.939087,65.77757,0.88452345,-1,-1,-1
120,5364,938.849,47.45889,47.520752,61.90965,0.77905303,-1,-1,-1
120,5367,404.02896,456.72427,51.774048,66.76199,0.8665069,-1,-1,-1
120,5368,531.5515,401.4407,43.921936,61.094727,0.8952871,-1,-1,-1
121,5313,487.95886,240.77045,37.380554,64.03323,0.87013215,-1,-1,-1
121,5315,175.56535,83.28945,65.55069,49.09046,0.8970858,-1,-1,-1
121,5316,519.77234,165.97641,41.533447,75.11246,0.86221224,-1,-1,-1
121,5319,189.7794,44.28195,68.261795,51.858177,0.8484229,-1,-1,-1
121,5320,458.3036,351.92087,45.076843,64.11932,0.87569505,-1,-1,-1
121,5322,846.17267,314.37695,65.814575,51.4653,0.86437225,-1,-1,-1
121,5324,270.00314,221.71635,106.85681,161.6721,0.80093414,-1,-1,-1
121,5330,333.87253,376.8384,52.31006,68.79059,0.87956035,-1,-1,-1
121,5345,206.9535,334.40552,32.86786,69.78076,0.8145326,-1,-1,-1
121,5350,568.5304,109.426956,33.084656,65.89926,0.849901,-1,-1,-1
121,5355,84.85166,34.336033,70.00141,51.827312,0.8526361,-1,-1,-1
121,5365,449.90756,162.80952,50.653717,65.60704,0.89059716,-1,-1,-1
121,5364,936.8741,48.075138,48.572388,61.780857,0.77608526,-1,-1,-1
121,5367,404.68243,454.84854,51.35898,66.6124,0.8685399,-1,-1,-1
121,5368,533.0265,394.8913,44.936584,62.35907,0.90116423,-1,-1,-1
122,5313,487.82864,240.56337,37.526154,63.915573,0.87041515,-1,-1,-1
122,5315,176.73734,83.586235,65.15555,48.82615,0.8628904,-1,-1,-1
122,5316,519.6304,166.08177,41.520325,74.85164,0.85850257,-1,-1,-1
122,5319,190.57025,44.587555,68.143036,51.377808,0.8584931,-1,-1,-1
122,5320,458.63815,350.96786,44.53882,63.9404,0.8802901,-1,-1,-1
122,5322,845.3043,313.29413,65.13037,52.20935,0.8600618,-1,-1,-1
122,5324,269.41913,223.1358,106.94275,162.3775,0.8233967,-1,-1,-1
122,5330,332.03735,380.38123,51.931793,67.70831,0.8863176,-1,-1,-1
122,5345,207.33156,333.9311,32.721664,69.507355,0.8142739,-1,-1,-1
122,5350,568.1028,109.68902,33.137756,66.07661,0.8533068,-1,-1,-1
122,5355,86.20573,34.308544,69.7658,51.867153,0.8504927,-1,-1,-1
122,5365,448.0815,167.32571,50.511658,65.12686,0.8877902,-1,-1,-1
122,5364,936.1108,48.52165,48.26233,61.63448,0.73423344,-1,-1,-1
122,5367,405.54877,453.82904,50.552124,65.67322,0.86201984,-1,-1,-1
122,5368,535.0409,388.27606,45.076782,62.669098,0.8924807,-1,-1,-1
123,5313,487.72412,240.4842,37.616577,63.869217,0.86989605,-1,-1,-1
123,5315,177.73125,83.79955,64.94356,48.633324,0.8614358,-1,-1,-1
123,5316,519.5495,166.09566,41.43396,74.70007,0.8572671,-1,-1,-1
123,5319,191.34056,45.20723,67.97569,50.681587,0.86027795,-1,-1,-1
123,5320,458.9524,350.47034,43.832245,63.474884,0.8712523,-1,-1,-1
123,5322,843.8999,313.43573,65.7926,51.70706,0.8583652,-1,-1,-1
123,5324,269.23813,224.9468,106.541595,163.1751,0.7982123,-1,-1,-1
123,5330,330.5421,383.8885,51.26883,67.92093,0.88146,-1,-1,-1
123,5345,208.36925,333.57867,32.22026,69.026855,0.82381094,-1,-1,-1
123,5350,567.84094,110.54903,33.13434,65.70064,0.85977006,-1,-1,-1
123,5355,87.435684,34.540222,69.50934,51.614853,0.85128045,-1,-1,-1
123,5365,446.05347,171.55165,50.222748,64.643555,0.89232403,-1,-1,-1
123,5364,935.1379,49.189133,47.51538,61.483826,0.73418915,-1,-1,-1
123,5367,405.83493,453.0212,50.154755,65.14401,0.86717385,-1,-1,-1
123,5368,537.6579,381.99823,45.50415,62.477295,0.8828288,-1,-1,-1
124,5313,487.68442,240.3748,37.631073,63.797012,0.8704048,-1,-1,-1
124,5315,178.53526,84.04954,65.032074,48.463875,0.856743,-1,-1,-1
124,5316,519.6059,166.143,41.054565,74.58557,0.85864973,-1,-1,-1
124,5319,192.02695,45.62643,67.68634,49.948566,0.85948384,-1,-1,-1
124,5320,459.04657,349.76578,43.616943,63.317352,0.871572,-1,-1,-1
124,5322,842.5849,313.36374,65.875244,51.32016,0.8556759,-1,-1,-1
124,5324,269.14072,227.35919,104.16498,162.86984,0.7757968,-1,-1,-1
124,5330,328.87012,387.10092,51.536377,67.73831,0.88220084,-1,-1,-1
124,5345,209.33307,332.61758,31.795624,69.384735,0.82619995,-1,-1,-1
124,5350,567.72076,111.42787,32.845947,65.29239,0.86180305,-1,-1,-1
124,5355,88.65706,34.752007,69.18451,51.75122,0.84707546,-1,-1,-1
124,5365,444.13464,175.744,50.17804,64.89984,0.8872678,-1,-1,-1
124,5364,933.8366,49.522953,47.619507,61.408466,0.6878268,-1,-1,-1
124,5367,406.26495,451.84146,49.847168,65.14267,0.8690454,-1,-1,-1
124,5368,540.2245,375.47784,45.85144,62.203552,0.8760509,-1,-1,-1
125,5313,487.70535,240.28934,37.280853,63.449005,0.86999786,-1,-1,-1
125,5315,178.87631,84.19704,65.157455,48.274307,0.85528606,-1,-1,-1
125,5316,519.66833,166.17758,40.382446,74.46486,0.8587344,-1,-1,-1
125,5319,192.829,45.895294,67.53902,49.623985,0.8587176,-1,-1,-1
125,5320,459.41122,349.026,43.33539,62.72226,0.8733207,-1,-1,-1
125,5322,841.83234,313.51938,65.50293,50.608215,0.86742204,-1,-1,-1
125,5324,269.4561,228.48616,102.47577,163.58159,0.8294286,-1,-1,-1
125,5330,326.9637,390.0618,51.602386,68.41983,0.88175416,-1,-1,-1
125,5345,210.67337,331.79327,30.981445,69.45807,0.83248234,-1,-1,-1
125,5350,567.42957,112.625755,32.42383,64.55445,0.86600727,-1,-1,-1
125,5355,90.11561,35.16028,68.41729,51.30777,0.8571307,-1,-1,-1
125,5365,442.26694,179.97202,49.91501,64.816635,0.8928389,-1,-1,-1
125,5364,932.4526,49.882355,47.828064,61.25493,0.7101427,-1,-1,-1
125,5367,406.92017,450.87115,49.390045,64.68976,0.87336403,-1,-1,-1
125,5368,542.4095,369.39536,46.226868,61.929993,0.8802148,-1,-1,-1
126,5313,487.79745,240.22112,36.76004,63.11888,0.872149,-1,-1,-1
126,5315,180.17607,84.17321,64.686035,48.478355,0.85503864,-1,-1,-1
126,5316,519.612,166.21529,39.80951,74.32666,0.86123693,-1,-1,-1
126,5319,193.59093,45.685352,68.22533,50.346676,0.85369235,-1,-1,-1
126,5320,459.70453,348.11844,43.311676,62.344696,0.8781115,-1,-1,-1
126,5322,841.0752,313.20615,64.97125,50.47473,0.8669869,-1,-1,-1
126,5324,268.01044,232.8909,101.396576,161.66116,0.8626196,-1,-1,-1
126,5330,325.01797,394.0639,51.313843,67.13165,0.9005761,-1,-1,-1
126,5345,212.04924,331.35315,30.28624,69.453,0.8359493,-1,-1,-1
126,5350,567.0151,113.49396,32.32007,64.10376,0.86979145,-1,-1,-1
126,5355,90.78491,34.430984,69.07022,51.872803,0.85919863,-1,-1,-1
126,5365,440.03952,184.1489,49.67392,64.45918,0.88534224,-1,-1,-1
126,5364,931.01996,50.800407,48.598694,60.72107,0.74247646,-1,-1,-1
126,5367,406.66513,449.7611,49.559296,64.01605,0.8701383,-1,-1,-1
126,5368,544.7678,363.1405,45.81122,60.85977,0.8962662,-1,-1,-1
127,5313,487.7579,240.00331,36.679596,62.805435,0.8726361,-1,-1,-1
127,5315,180.94348,84.39416,64.72969,48.20986,0.8582468,-1,-1,-1
127,5316,519.5889,166.42761,39.396973,74.01915,0.85715383,-1,-1,-1
127,5319,194.62622,45.81437,68.2449,50.719658,0.8586145,-1,-1,-1
127,5320,459.61917,347.54083,43.365997,61.989685,0.881791,-1,-1,-1
127,5322,839.85376,312.83948,64.75458,50.564056,0.86645854,-1,-1,-1
127,5324,267.37494,234.73593,101.076416,161.7268,0.8683585,-1,-1,-1
127,5330,323.00885,397.9054,51.335632,66.84982,0.8766078,-1,-1,-1
127,5345,213.27689,330.9702,29.849945,69.15033,0.84233034,-1,-1,-1
127,5350,566.83185,114.44863,32.317993,63.78913,0.8700435,-1,-1,-1
127,5355,91.451645,34.131413,69.42,52.231182,0.85470927,-1,-1,-1
127,5365,438.27747,188.43658,48.92395,64.558655,0.8930895,-1,-1,-1
127,5364,930.64813,51.718616,48.030212,59.812023,0.80234903,-1,-1,-1
127,5367,407.24695,447.8826,48.933716,64.377594,0.87483454,-1,-1,-1
127,5368,547.4551,357.1432,45.47888,60.409637,0.880468,-1,-1,-1
128,5313,487.8669,239.81915,36.4628,62.519135,0.8701388,-1,-1,-1
128,5315,181.67673,85.13643,64.613205,47.276123,0.86240906,-1,-1,-1
128,5316,519.39703,165.92003,39.54431,74.788956,0.85313797,-1,-1,-1
128,5319,195.89844,46.50348,67.07199,50.04039,0.86225474,-1,-1,-1
128,5320,460.1468,346.1342,43.035095,62.310577,0.89272183,-1,-1,-1
128,5322,837.9891,312.4606,65.4635,50.566345,0.86946183,-1,-1,-1
128,5324,267.47372,236.82043,100.53964,161.745,0.8642478,-1,-1,-1
128,5330,321.28625,401.441,51.379364,66.19986,0.87869924,-1,-1,-1
128,5345,214.16664,330.32974,29.936203,68.88104,0.839577,-1,-1,-1
128,5350,566.7765,115.120674,32.00879,63.887474,0.87172866,-1,-1,-1
128,5355,92.493774,34.997692,69.24963,51.608288,0.8494095,-1,-1,-1
128,5365,436.07138,193.11533,48.451782,64.22867,0.8833701,-1,-1,-1
128,5364,930.15424,52.40323,47.14148,59.244118,0.790096,-1,-1,-1
128,5367,407.80374,447.1235,48.26935,63.7099,0.86747277,-1,-1,-1
128,5368,549.1558,350.8957,46.44153,62.368896,0.86802983,-1,-1,-1
129,5313,487.85474,239.51959,36.3515,62.250336,0.8672531,-1,-1,-1
129,5315,182.93724,84.82591,64.220795,47.55905,0.8634833,-1,-1,-1
129,5316,519.3676,165.73994,39.38098,74.89009,0.8523068,-1,-1,-1
129,5319,196.78902,46.269978,67.45998,50.999836,0.8606787,-1,-1,-1
129,5320,460.14145,345.6189,43.430237,62.174744,0.88777274,-1,-1,-1
129,5322,836.74536,311.93884,65.37891,50.804535,0.8728143,-1,-1,-1
129,5324,267.91733,239.44472,99.93497,161.21413,0.8550699,-1,-1,-1
129,5330,319.52594,404.37762,50.86966,67.09012,0.8741866,-1,-1,-1
129,5345,214.76015,329.57227,30.120514,68.77786,0.82948685,-1,-1,-1
129,5350,566.64734,115.99951,31.70868,63.58716,0.8678264,-1,-1,-1
129,5355,93.654915,35.627884,68.99583,51.22326,0.8478983,-1,-1,-1
129,5365,433.87488,196.99673,48.563446,64.201935,0.88813245,-1,-1,-1
129,5364,929.57104,52.78818,46.027954,59.12376,0.771199,-1,-1,-1
129,5367,408.25656,445.77795,47.86606,63.720673,0.8702143,-1,-1,-1
129,5368,551.33734,345.0755,46.601135,62.539,0.8704931,-1,-1,-1
130,5313,487.86493,239.2534,36.300354,62.017044,0.8635675,-1,-1,-1
130,5315,184.26381,84.82208,63.76567,47.512817,0.8626252,-1,-1,-1
130,5316,519.2927,165.62727,39.228394,74.81035,0.85163933,-1,-1,-1
130,5319,197.69073,46.535866,67.25748,51.12523,0.8677424,-1,-1,-1
130,5320,460.19193,344.88528,43.47339,62.10495,0.8818517,-1,-1,-1
130,5322,835.5767,311.6373,65.40033,50.763885,0.87219036,-1,-1,-1
130,5324,268.44165,242.60106,99.36969,159.78996,0.83296,-1,-1,-1
130,5330,317.70355,408.02173,50.621674,67.06726,0.87386286,-1,-1,-1
130,5345,215.33986,329.14282,30.131348,68.22177,0.82343465,-1,-1,-1
130,5350,566.51825,116.625565,31.480835,63.404114,0.86880505,-1,-1,-1
130,5355,95.03294,35.81218,68.16118,50.85785,0.85177916,-1,-1,-1
130,5365,432.01196,201.1532,48.623383,63.51956,0.9034568,-1,-1,-1
130,5364,927.4165,52.9794,46.417786,59.53701,0.6988578,-1,-1,-1
130,5367,408.21323,444.3295,48.256714,63.50705,0.87651557,-1,-1,-1
130,5368,553.9546,338.42163,46.15808,61.98764,0.8788328,-1,-1,-1
130,5370,1013.9688,320.56583,9.7091675,22.302216,0.39254308,-1,-1,-1
131,5313,487.89902,239.03033,36.08615,61.717896,0.86117166,-1,-1,-1
131,5315,185.26727,85.00175,63.525833,47.39022,0.8609227,-1,-1,-1
131,5316,519.1667,165.58092,38.972107,74.615265,0.85106,-1,-1,-1
131,5319,198.67058,46.87811,66.62572,50.916157,0.87789786,-1,-1,-1
131,5320,460.37164,344.12964,43.286835,61.628662,0.87775886,-1,-1,-1
131,5322,834.478,311.52914,65.4292,50.516693,0.8719422,-1,-1,-1
131,5324,265.39035,246.44547,101.242584,158.95477,0.82727283,-1,-1,-1
131,5330,316.26624,411.26163,50.437042,67.12457,0.8734748,-1,-1,-1
131,5345,215.68759,328.755,30.145874,67.3916,0.8223079,-1,-1,-1
131,5350,566.38666,117.19296,31.299622,63.496475,0.86878884,-1,-1,-1
131,5355,96.25469,35.856995,67.614494,50.783203,0.85651773,-1,-1,-1
131,5365,429.8632,205.27034,48.87741,62.940414,0.8869651,-1,-1,-1
131,5364,925.7666,53.18663,46.406006,59.669533,0.676806,-1,-1,-1
131,5367,408.66034,443.08325,48.091736,63.003754,0.87749726,-1,-1,-1
131,5368,556.9471,332.44647,45.749756,61.11972,0.8804831,-1,-1,-1
131,5370,1012.4964,320.98306,11.023926,21.20755,0.36669716,-1,-1,-1
132,5313,487.90256,238.82486,36.06241,61.599762,0.86131203,-1,-1,-1
132,5315,186.26608,85.15014,63.2946,47.335,0.85959005,-1,-1,-1
132,5316,519.1683,165.66162,38.83185,74.30844,0.85156304,-1,-1,-1
132,5319,199.9209,47.44089,65.72269,50.4445,0.87674505,-1,-1,-1
132,5320,460.70267,343.2703,43.104218,61.350403,0.8800386,-1,-1,-1
132,5322,833.1986,311.36493,65.73309,50.479645,0.8663125,-1,-1,-1
132,5324,264.74225,249.17204,101.22522,159.47649,0.797261,-1,-1,-1
132,5330,314.64987,414.53528,50.094116,66.51352,0.8783389,-1,-1,-1
132,5345,215.82515,328.1603,30.326263,67.236084,0.82950276,-1,-1,-1
132,5350,566.1903,117.686584,31.375305,63.59221,0.8705781,-1,-1,-1
132,5355,96.83925,35.659042,68.2982,51.16964,0.8641782,-1,-1,-1
132,5365,427.4836,209.22041,49.490723,63.42772,0.889874,-1,-1,-1
132,5364,924.91205,53.81963,46.160522,59.426876,0.6526564,-1,-1,-1
132,5367,409.07574,442.018,47.857025,62.737488,0.87285686,-1,-1,-1
132,5368,560.49506,327.6261,44.428467,59.181793,0.875475,-1,-1,-1
133,5313,487.697,238.76575,36.51059,61.69339,0.86222404,-1,-1,-1
133,5315,186.61285,85.63956,63.318314,46.852676,0.8602018,-1,-1,-1
133,5316,519.11255,165.69388,38.63568,73.93228,0.85094315,-1,-1,-1
133,5319,200.59357,47.6483,65.54721,50.183678,0.8615259,-1,-1,-1
133,5320,461.03595,342.4793,42.952057,61.151062,0.88009465,-1,-1,-1
133,5322,833.1813,311.38968,64.387024,50.07901,0.86525214,-1,-1,-1
133,5324,261.04172,251.5172,103.48862,161.86089,0.7588064,-1,-1,-1
133,5330,312.8306,417.5211,49.930145,66.97211,0.88017076,-1,-1,-1
133,5345,216.10603,328.00656,30.27153,66.690674,0.81842154,-1,-1,-1
133,5350,566.1259,118.66823,31.104248,63.063934,0.8726298,-1,-1,-1
133,5355,98.186386,36.278492,67.69362,50.915203,0.84586763,-1,-1,-1
133,5365,426.06607,213.64449,48.821655,62.629868,0.9149295,-1,-1,-1
133,5364,923.59595,54.269184,46.488403,58.96818,0.6199529,-1,-1,-1
133,5367,409.57022,440.70682,47.880737,62.756042,0.8646636,-1,-1,-1
133,5368,563.87134,321.65475,43.954773,59.038727,0.8758051,-1,-1,-1
134,5313,487.6846,238.60469,36.29013,61.424515,0.8583734,-1,-1,-1
134,5315,187.14806,85.72527,63.106796,46.73797,0.85890085,-1,-1,-1
134,5316,519.6182,166.02228,37.911377,72.96541,0.8490165,-1,-1,-1
134,5319,201.30869,47.808704,65.46561,49.9706,0.86145127,-1,-1,-1
134,5320,461.4364,341.66272,42.738342,61.39984,0.88281614,-1,-1,-1
134,5322,832.70074,311.20837,63.708252,49.633606,0.8652387,-1,-1,-1
134,5324,261.09625,254.43707,102.80762,162.66687,0.7758046,-1,-1,-1
134,5330,310.75204,421.5743,50.336395,66.13727,0.88496137,-1,-1,-1
134,5345,216.81961,327.80164,30.100922,66.225555,0.8014513,-1,-1,-1
134,5350,566.23566,119.42093,30.70874,62.839752,0.8736121,-1,-1,-1
134,5355,99.242134,36.141254,67.57467,51.105305,0.8459884,-1,-1,-1
134,5365,424.29276,217.49515,48.724915,62.706696,0.89843607,-1,-1,-1
134,5364,922.7456,53.959343,46.44391,59.237175,0.5984545,-1,-1,-1
134,5367,409.70648,439.52335,47.898346,63.4198,0.86259013,-1,-1,-1
134,5368,566.99457,316.23767,43.215515,57.855896,0.87514603,-1,-1,-1
135,5313,487.6152,238.47658,36.240997,61.198624,0.8603833,-1,-1,-1
135,5315,187.73088,85.95427,62.753525,46.49431,0.8599687,-1,-1,-1
135,5316,519.82684,166.21436,37.4292,72.29561,0.8503743,-1,-1,-1
135,5319,202.12769,47.94294,65.13464,49.825203,0.8588339,-1,-1,-1
135,5320,461.70218,341.0427,42.88217,61.268738,0.8836256,-1,-1,-1
135,5322,832.05615,311.08557,63.429993,49.429016,0.86679894,-1,-1,-1
135,5324,262.45062,257.64575,100.65823,162.60074,0.77815664,-1,-1,-1
135,5330,308.84802,425.5505,50.85382,64.96817,0.87447375,-1,-1,-1
135,5345,218.52576,327.7282,29.054825,65.223175,0.8143152,-1,-1,-1
135,5350,566.2129,120.324356,30.456543,62.497864,0.87086344,-1,-1,-1
135,5355,100.320755,36.416134,67.08852,50.970913,0.84923077,-1,-1,-1
135,5365,422.7084,221.62762,48.29358,63.043213,0.8871938,-1,-1,-1
135,5364,922.10297,54.64755,46.06549,58.574238,0.7052001,-1,-1,-1
135,5367,410.15048,438.60358,47.64215,63.084625,0.8734068,-1,-1,-1
135,5368,570.0299,310.61102,43.11255,57.54126,0.8957291,-1,-1,-1
135,5371,465.5097,0.106409304,38.47882,29.145597,0.5799102,-1,-1,-1
136,5313,487.59293,238.40903,36.235687,61.043518,0.8638179,-1,-1,-1
136,5315,188.5763,86.130394,62.350693,46.43943,0.8637495,-1,-1,-1
136,5316,519.87634,166.23929,37.25305,71.92589,0.850424,-1,-1,-1
136,5319,202.83823,48.028008,65.21542,49.835938,0.85821617,-1,-1,-1
136,5320,462.03235,340.0883,42.63318,61.24637,0.9119569,-1,-1,-1
136,5322,830.8978,310.69028,63.700134,49.61801,0.86944276,-1,-1,-1
136,5324,256.1914,260.34036,103.8862,162.69727,0.8257857,-1,-1,-1
136,5330,307.0474,428.5696,50.29248,65.53699,0.87489444,-1,-1,-1
136,5345,219.19267,327.29395,28.990677,65.01724,0.82871556,-1,-1,-1
136,5350,566.1549,120.86684,30.41394,62.631317,0.87275755,-1,-1,-1
136,5355,101.43475,36.73351,66.51074,50.82028,0.84668595,-1,-1,-1
136,5365,421.19086,226.27591,47.850616,61.9039,0.903084,-1,-1,-1
136,5364,921.2785,55.164253,45.89502,58.217262,0.7090203,-1,-1,-1
136,5367,410.77945,437.84607,47.18048,62.30368,0.87496674,-1,-1,-1
136,5368,572.83344,304.76904,42.57202,57.433044,0.8878724,-1,-1,-1
136,5371,464.68515,0.16331658,38.456696,32.138283,0.71943176,-1,-1,-1
137,5313,487.683,238.15839,36.151764,61.059143,0.86467856,-1,-1,-1
137,5315,189.19286,86.140236,62.52112,46.516304,0.86266583,-1,-1,-1
137,5316,519.8409,166.15437,37.07367,71.75046,0.85009325,-1,-1,-1
137,5319,203.52571,48.11242,65.14296,49.79918,0.8579004,-1,-1,-1
137,5320,462.1352,339.51822,42.756348,61.064575,0.88302773,-1,-1,-1
137,5322,829.85077,309.93314,63.714905,49.786407,0.8743205,-1,-1,-1
137,5324,253.99153,263.11758,104.045975,162.04861,0.835108,-1,-1,-1
137,5330,305.47742,431.4698,49.83841,65.907074,0.8778444,-1,-1,-1
137,5345,219.76193,326.56506,29.289505,65.17819,0.8308256,-1,-1,-1
137,5350,566.05316,121.359375,30.339355,62.604477,0.8720039,-1,-1,-1
137,5355,101.73028,36.904877,66.79652,50.500443,0.84980416,-1,-1,-1
137,5365,419.1578,230.3209,47.901855,61.705856,0.88595164,-1,-1,-1
137,5364,919.43866,54.918053,47.022278,58.689842,0.72693396,-1,-1,-1
137,5367,411.34286,436.73148,47.061462,61.98285,0.87656623,-1,-1,-1
137,5368,574.87524,298.6539,43.31421,57.95331,0.88300186,-1,-1,-1
137,5371,463.5185,0.098068126,39.562134,36.084824,0.78511316,-1,-1,-1
138,5313,487.54742,237.97878,35.973694,61.18013,0.86562437,-1,-1,-1
138,5315,189.90105,85.99426,62.60515,46.6864,0.86323404,-1,-1,-1
138,5316,519.76135,166.03293,36.915222,71.845856,0.8498147,-1,-1,-1
138,5319,204.03177,48.3885,65.0885,49.621983,0.86134714,-1,-1,-1
138,5320,462.25812,338.7856,42.74939,61.0347,0.88369703,-1,-1,-1
138,5322,829.04877,309.4938,63.275146,49.54654,0.8737807,-1,-1,-1
138,5324,253.38673,265.843,103.87157,161.18558,0.8282668,-1,-1,-1
138,5330,303.91156,434.6352,50.36969,65.970184,0.8812434,-1,-1,-1
138,5345,220.5252,326.0401,29.359161,65.07031,0.8150416,-1,-1,-1
138,5350,565.90625,121.97574,30.186646,62.362885,0.8699274,-1,-1,-1
138,5355,102.25487,37.14227,67.02867,50.360157,0.8521043,-1,-1,-1
138,5365,416.8539,234.16798,47.910095,61.696182,0.89161366,-1,-1,-1
138,5364,918.57764,55.272224,47.492188,58.498146,0.6962222,-1,-1,-1
138,5367,411.69913,435.97366,46.70822,61.25406,0.880696,-1,-1,-1
138,5368,577.7196,293.07037,43.003418,57.97287,0.89151293,-1,-1,-1
138,5371,461.50418,0.060587075,41.762817,39.66212,0.8064728,-1,-1,-1
139,5313,487.3454,237.87595,35.846558,61.31955,0.8636653,-1,-1,-1
139,5315,190.62465,85.91633,62.482895,46.745125,0.86483216,-1,-1,-1
139,5316,519.1372,165.69974,37.4057,72.53221,0.8485675,-1,-1,-1
139,5319,204.45955,48.70932,65.12938,49.434647,0.86564505,-1,-1,-1
139,5320,462.3244,338.2184,42.68582,60.67914,0.8838228,-1,-1,-1
139,5322,828.36346,309.3578,62.859985,49.258514,0.8753194,-1,-1,-1
139,5324,253.5542,268.83524,103.049835,161.13538,0.80431724,-1,-1,-1
139,5330,301.9604,437.8882,50.283295,66.082214,0.8755692,-1,-1,-1
139,5345,220.74118,325.73837,29.654434,64.94412,0.7971682,-1,-1,-1
139,5350,566.2241,122.72856,29.65155,62.395996,0.8696648,-1,-1,-1
139,5355,102.94364,37.389812,67.09246,50.337452,0.85038126,-1,-1,-1
139,5365,414.60587,238.75914,47.858704,60.946518,0.90010524,-1,-1,-1
139,5364,918.00745,55.81793,47.300476,58.431812,0.7359531,-1,-1,-1
139,5367,411.98682,434.9451,46.46393,61.02881,0.8789054,-1,-1,-1
139,5368,579.635,286.99454,43.1203,57.91919,0.8915353,-1,-1,-1
139,5371,460.5387,0.09040276,42.345917,42.5978,0.8245157,-1,-1,-1
140,5313,487.09088,237.691,36.199036,61.134476,0.86931443,-1,-1,-1
140,5315,191.41951,85.83478,62.28441,46.819443,0.86514646,-1,-1,-1
140,5316,518.943,165.46124,37.871277,72.803635,0.84607804,-1,-1,-1
140,5319,204.94528,48.89654,65.27011,49.33991,0.87086743,-1,-1,-1
140,5320,462.64645,337.57748,42.545837,60.147583,0.8859346,-1,-1,-1
140,5322,827.9891,308.90427,61.977417,49.4068,0.88444555,-1,-1,-1
140,5324,251.3666,273.92975,104.28267,158.04932,0.7966573,-1,-1,-1
140,5330,300.19525,441.09433,49.864777,65.807556,0.8793349,-1,-1,-1
140,5345,221.19136,325.47507,29.775726,64.3815,0.7348473,-1,-1,-1
140,5350,566.09265,123.00335,29.569397,62.523582,0.85875314,-1,-1,-1
140,5355,103.770134,37.05122,67.244576,50.771626,0.8506418,-1,-1,-1
140,5365,412.93323,242.52045,47.733246,61.39731,0.8999426,-1,-1,-1
140,5364,916.6493,55.600925,47.14209,59.14397,0.77560765,-1,-1,-1
140,5367,412.3689,433.64993,46.326416,61.49936,0.87579215,-1,-1,-1
140,5368,582.1378,281.00272,43.5177,58.440643,0.8898753,-1,-1,-1
140,5371,459.19104,0.04638153,43.51117,45.856956,0.83295393,-1,-1,-1
141,5313,487.30255,237.67004,36.018738,61.0036,0.8652251,-1,-1,-1
141,5315,192.03828,85.846725,62.161713,46.850525,0.86500764,-1,-1,-1
141,5316,518.9087,165.46927,37.888367,72.77869,0.84617823,-1,-1,-1
141,5319,205.45404,49.19314,65.18143,49.091362,0.87809604,-1,-1,-1
141,5320,462.77332,336.8023,42.459015,60.40384,0.88591623,-1,-1,-1
141,5322,827.1596,308.6642,62.0484,49.044556,0.8752322,-1,-1,-1
141,5324,249.28984,276.4254,103.98732,158.25894,0.8151615,-1,-1,-1
141,5330,298.35428,444.6901,49.792633,65.50198,0.88001966,-1,-1,-1
141,5345,221.99817,325.50644,29.85617,63.897522,0.72148114,-1,-1,-1
141,5350,566.1948,123.43337,29.26056,62.496635,0.8597668,-1,-1,-1
141,5355,104.29454,36.70534,67.577225,51.045918,0.84713936,-1,-1,-1
141,5365,411.18246,246.49124,46.946503,61.372925,0.89191663,-1,-1,-1
141,5364,916.05096,55.36105,47.051636,58.940243,0.6655155,-1,-1,-1
141,5367,412.7949,432.42374,46.245636,61.641785,0.87789106,-1,-1,-1
141,5368,584.9777,275.79138,43.015747,57.711914,0.88741094,-1,-1,-1
141,5371,457.90347,0.026470117,44.563263,48.93325,0.853853,-1,-1,-1
142,5313,487.59995,237.51865,35.704376,60.931885,0.8688045,-1,-1,-1
142,5315,192.50085,85.79048,62.34395,47.014526,0.8633872,-1,-1,-1
142,5316,518.9336,165.70859,37.747375,72.45883,0.8461883,-1,-1,-1
142,5319,206.08392,49.330505,64.96164,49.024445,0.8789328,-1,-1,-1
142,5320,462.8636,335.87027,42.527405,60.280945,0.89320415,-1,-1,-1
142,5322,825.926,308.3677,62.35254,48.69507,0.87372094,-1,-1,-1
142,5324,248.36977,278.59842,103.90929,158.23157,0.8081843,-1,-1,-1
142,5330,296.55804,448.4253,49.838318,64.940125,0.87532014,-1,-1,-1
142,5345,222.3482,324.79114,30.347595,64.70361,0.74733657,-1,-1,-1
142,5350,566.17017,123.79642,29.158936,62.70024,0.86087185,-1,-1,-1
142,5355,105.09469,36.625393,67.52029,51.128628,0.8489893,-1,-1,-1
142,5365,408.9154,250.41154,47.404694,61.28331,0.8875166,-1,-1,-1
142,5364,914.8774,55.117283,47.381836,59.711887,0.70982283,-1,-1,-1
142,5367,413.19748,431.35135,46.397614,61.555267,0.87411183,-1,-1,-1
142,5368,587.63855,270.0074,43.006287,57.261627,0.8803019,-1,-1,-1
142,5371,456.22607,0.0,45.040527,52.783325,0.8574066,-1,-1,-1
143,5313,487.7508,237.41507,35.535645,60.814667,0.870866,-1,-1,-1
143,5315,192.94136,85.92822,62.634064,46.938858,0.86232376,-1,-1,-1
143,5316,518.8966,165.7924,37.47223,72.20213,0.8468623,-1,-1,-1
143,5319,206.61603,49.631866,64.83124,48.8198,0.87302095,-1,-1,-1
143,5320,463.03372,334.97638,42.482697,60.331024,0.8932694,-1,-1,-1
143,5322,824.852,308.2681,62.326843,48.32312,0.8655909,-1,-1,-1
143,5324,248.45447,281.7825,103.767365,157.09943,0.757149,-1,-1,-1
143,5330,294.4698,452.00577,49.885376,64.196625,0.86846393,-1,-1,-1
143,5345,222.89522,324.30017,30.186401,64.89487,0.7795497,-1,-1,-1
143,5350,565.8258,124.0961,29.570496,63.31067,0.8622277,-1,-1,-1
143,5355,105.73316,37.023056,67.31585,50.826866,0.8463471,-1,-1,-1
143,5365,407.03616,254.67067,47.871307,61.043625,0.8821519,-1,-1,-1
143,5364,913.36786,55.21236,47.85724,59.62029,0.75163674,-1,-1,-1
143,5367,413.6673,430.3858,46.43741,61.414276,0.874359,-1,-1,-1
143,5368,590.235,264.3897,42.924133,57.59604,0.8816386,-1,-1,-1
143,5371,454.8213,0.00043986717,44.89792,55.7532,0.8709309,-1,-1,-1
144,5313,487.78333,237.35956,35.325012,60.745087,0.8699224,-1,-1,-1
144,5315,193.3161,85.95705,62.706665,46.909393,0.8619038,-1,-1,-1
144,5316,518.79944,165.7932,37.194275,72.123856,0.84844893,-1,-1,-1
144,5319,206.46779,49.81582,64.76137,48.64731,0.86973464,-1,-1,-1
144,5320,463.15125,334.3475,42.34076,60.292816,0.89206356,-1,-1,-1
144,5322,823.9454,308.27396,62.29535,48.003357,0.85898685,-1,-1,-1
144,5324,245.78606,285.49268,102.06529,158.00311,0.83932316,-1,-1,-1
144,5330,292.70773,454.94232,49.523315,64.54144,0.8757331,-1,-1,-1
144,5345,223.17448,323.90796,30.292175,64.79245,0.7968936,-1,-1,-1
144,5350,565.4812,124.682335,29.81372,63.370552,0.8608572,-1,-1,-1
144,5355,106.464455,37.55227,66.983894,50.255646,0.8473457,-1,-1,-1
144,5365,404.76443,258.44266,48.119263,61.868896,0.888271,-1,-1,-1
144,5364,911.8284,55.419018,48.45642,59.818493,0.72863835,-1,-1,-1
144,5367,413.5644,429.27948,46.830994,61.516144,0.8805315,-1,-1,-1
144,5368,592.9258,259.05402,42.364807,57.252594,0.88259023,-1,-1,-1
144,5371,452.99356,0.8687842,45.407715,58.101105,0.874733,-1,-1,-1
145,5313,487.67078,237.14754,35.27942,60.761154,0.87324774,-1,-1,-1
145,5315,193.6807,85.91687,62.812958,46.966095,0.8608666,-1,-1,-1
145,5316,518.7381,165.65125,37.05072,71.97272,0.85058564,-1,-1,-1
145,5319,206.70337,49.823208,64.69177,48.643276,0.8849666,-1,-1,-1
145,5320,463.2315,333.74988,42.175354,60.153503,0.8918009,-1,-1,-1
145,5322,823.20953,308.1175,62.212402,47.85504,0.86085486,-1,-1,-1
145,5324,244.51631,286.84818,101.85387,159.57245,0.86617565,-1,-1,-1
145,5330,291.0673,458.22354,49.398193,64.805084,0.87024516,-1,-1,-1
145,5345,223.39629,323.40778,30.274597,64.51514,0.82059205,-1,-1,-1
145,5350,565.2451,125.35826,29.972229,63.181915,0.8583676,-1,-1,-1
145,5355,106.754295,37.85781,67.05602,50.114197,0.8441714,-1,-1,-1
145,5365,402.0224,263.03598,48.555176,62.116913,0.88800544,-1,-1,-1
145,5364,910.8866,55.85767,48.35431,59.61736,0.6935583,-1,-1,-1
145,5367,413.9036,428.70593,46.557556,61.693512,0.8743279,-1,-1,-1
145,5368,595.4893,253.45999,42.185486,57.397064,0.8865482,-1,-1,-1
145,5371,451.92786,3.315426,44.572723,58.951588,0.88746285,-1,-1,-1
146,5313,487.53513,237.14676,35.22061,60.502533,0.87478644,-1,-1,-1
146,5315,193.70134,86.19464,62.957382,46.734497,0.86005217,-1,-1,-1
146,5316,518.6573,165.70993,37.030823,71.86142,0.848933,-1,-1,-1
146,5319,207.31741,49.768875,64.83731,48.80709,0.8604839,-1,-1,-1
146,5320,463.23004,333.0828,41.968964,59.926727,0.89149874,-1,-1,-1
146,5322,822.8789,308.2413,61.69397,47.657684,0.8619679,-1,-1,-1
146,5324,242.94647,287.66794,102.72885,160.81952,0.88197297,-1,-1,-1
146,5330,289.03833,461.63568,49.40042,64.75305,0.8720458,-1,-1,-1
146,5345,223.55824,322.99332,30.204605,64.06482,0.82180214,-1,-1,-1
146,5350,565.06244,126.02405,29.977722,63.02487,0.86057603,-1,-1,-1
146,5355,107.216415,37.97259,67.006836,50.179325,0.84428483,-1,-1,-1
146,5365,400.23108,267.5593,48.264862,62.13977,0.89683884,-1,-1,-1
146,5364,909.9149,56.3376,48.38434,59.2769,0.77065206,-1,-1,-1
146,5367,414.0981,428.02246,46.412537,61.710144,0.8765695,-1,-1,-1
146,5368,598.0501,247.99007,41.97815,56.86653,0.9019665,-1,-1,-1
146,5371,450.6101,6.307912,43.791443,58.93941,0.87904704,-1,-1,-1
147,5313,487.65668,237.0328,35.068237,59.916534,0.87732095,-1,-1,-1
147,5315,194.09656,86.33072,62.70703,46.573227,0.8618644,-1,-1,-1
147,5316,518.6749,165.67839,36.863464,71.5275,0.85048866,-1,-1,-1
147,5319,207.8486,49.78561,64.71689,48.777134,0.859513,-1,-1,-1
147,5320,463.71948,332.6323,41.574738,59.24765,0.8899601,-1,-1,-1
147,5322,822.4732,307.82236,61.347107,47.75113,0.86821586,-1,-1,-1
147,5324,242.2416,289.47046,102.9218,160.61609,0.8832743,-1,-1,-1
147,5330,287.2405,465.06757,49.055664,64.506226,0.8669811,-1,-1,-1
147,5345,224.25752,322.41162,30.110764,63.655975,0.8231936,-1,-1,-1
147,5350,564.9419,126.54642,29.943604,62.87401,0.86499864,-1,-1,-1
147,5355,107.763,37.94334,66.97978,50.183193,0.84423196,-1,-1,-1
147,5365,398.9711,271.4686,46.96176,62.339417,0.9019318,-1,-1,-1
147,5364,909.519,56.66279,47.81604,58.745064,0.7924204,-1,-1,-1
147,5367,414.46088,427.27164,46.159546,61.398224,0.8846574,-1,-1,-1
147,5368,600.4481,242.57523,42.161194,56.538177,0.8822737,-1,-1,-1
147,5371,449.08545,9.2241745,43.1976,58.933327,0.8839203,-1,-1,-1
148,5313,487.72495,236.88382,35.049286,59.675262,0.8797106,-1,-1,-1
148,5315,194.58217,86.3625,62.402847,46.520935,0.85950756,-1,-1,-1
148,5316,518.6258,165.63934,36.74353,71.29065,0.85211414,-1,-1,-1
148,5319,208.38197,49.632866,64.83125,48.733337,0.85548735,-1,-1,-1
148,5320,464.09427,332.04443,41.38028,58.853577,0.889302,-1,-1,-1
148,5322,822.1728,307.43002,61.169006,47.97348,0.8656887,-1,-1,-1
148,5324,241.75568,291.92053,103.0571,160.00754,0.8794621,-1,-1,-1
148,5330,285.13608,468.28802,49.444458,64.06641,0.87252617,-1,-1,-1
148,5345,224.83835,321.84412,30.12999,63.44409,0.83393186,-1,-1,-1
148,5350,564.7611,127.09338,29.939941,62.683533,0.8694238,-1,-1,-1
148,5355,108.2467,37.937317,66.87713,50.188004,0.8407164,-1,-1,-1
148,5365,397.06912,275.45624,47.02011,62.380096,0.8961069,-1,-1,-1
148,5364,908.8021,56.84288,47.84973,58.457573,0.7823562,-1,-1,-1
148,5367,414.76984,426.37335,46.294495,61.300934,0.8893387,-1,-1,-1
148,5368,602.9837,237.28285,42.437378,56.12578,0.8799931,-1,-1,-1
148,5371,447.31915,12.098224,43.113464,58.845135,0.8827345,-1,-1,-1
149,5313,487.67297,236.67397,34.98004,59.604355,0.8804383,-1,-1,-1
149,5315,194.76839,85.98616,62.576553,46.923096,0.8697593,-1,-1,-1
149,5316,519.23474,165.22884,35.72516,71.53575,0.8545606,-1,-1,-1
149,5319,208.76665,49.564816,64.80864,48.752262,0.8530694,-1,-1,-1
149,5320,464.23923,331.34552,41.34381,58.739532,0.8886706,-1,-1,-1
149,5322,821.5748,307.34518,61.066162,47.68515,0.8700776,-1,-1,-1
149,5324,239.3412,296.02356,103.87361,158.17801,0.8555372,-1,-1,-1
149,5330,283.15613,471.75577,49.300446,63.88272,0.8571661,-1,-1,-1
149,5345,225.12816,321.24707,30.689957,64.802826,0.84400177,-1,-1,-1
149,5350,564.6998,127.93834,29.704895,62.172485,0.8708599,-1,-1,-1
149,5355,108.98336,37.996353,66.48296,50.15265,0.8360381,-1,-1,-1
149,5365,394.89438,279.88605,47.150482,61.742218,0.90081084,-1,-1,-1
149,5364,907.9374,56.984585,47.868774,58.34756,0.7805063,-1,-1,-1
149,5367,414.8936,425.52975,46.42169,61.04016,0.8879761,-1,-1,-1
149,5368,605.53186,231.93314,41.897522,55.77243,0.8764167,-1,-1,-1
149,5371,445.68042,15.418133,42.68811,58.753994,0.8944617,-1,-1,-1
150,5313,487.7373,236.28204,34.574158,59.737152,0.8779079,-1,-1,-1
150,5315,195.4935,86.39651,62.332123,46.4432,0.85895413,-1,-1,-1
150,5316,519.35254,164.9409,35.41101,71.66078,0.8572283,-1,-1,-1
150,5319,209.20227,49.59644,64.72403,48.690823,0.8521235,-1,-1,-1
150,5320,464.23032,330.60147,41.500336,58.87674,0.887025,-1,-1,-1
150,5322,821.38904,306.73703,60.410706,48.134552,0.86650777,-1,-1,-1
150,5324,238.63057,298.58804,104.07753,157.39392,0.8448558,-1,-1,-1
150,5330,281.2652,475.35773,49.20337,62.642334,0.8544905,-1,-1,-1
150,5345,225.12746,320.80673,31.234573,65.16101,0.84125316,-1,-1,-1
150,5350,564.665,128.65009,29.543762,61.769577,0.8676403,-1,-1,-1
150,5355,109.7451,38.157665,66.28154,50.25308,0.83488077,-1,-1,-1
150,5365,392.8926,283.7047,46.76999,62.10022,0.90129274,-1,-1,-1
150,5364,907.4795,57.025932,47.715637,58.56205,0.7912729,-1,-1,-1
150,5367,414.90527,424.94202,46.630066,60.89447,0.8876569,-1,-1,-1
150,5368,607.8572,226.63072,42.193787,55.519608,0.8766828,-1,-1,-1
150,5371,444.56387,18.999922,42.02835,57.923714,0.89829326,-1,-1,-1
151,5313,487.6809,235.85918,34.503967,59.90178,0.87939113,-1,-1,-1
151,5315,195.9968,86.52567,62.29944,46.14068,0.8607392,-1,-1,-1
151,5316,519.39453,164.75562,35.28302,71.710144,0.86034775,-1,-1,-1
151,5319,209.6627,49.57422,64.76567,48.707947,0.8545816,-1,-1,-1
151,5320,464.07852,329.55896,41.829803,59.61316,0.8892807,-1,-1,-1
151,5322,821.12866,306.22412,60.00348,48.283234,0.8682631,-1,-1,-1
151,5324,235.85275,302.36612,105.47562,155.62747,0.8344613,-1,-1,-1
151,5330,279.98465,478.7093,48.499115,60.461,0.8498619,-1,-1,-1
151,5345,225.43372,320.1194,31.529236,65.44217,0.8430866,-1,-1,-1
151,5350,564.73535,129.16501,29.327759,61.372086,0.86858875,-1,-1,-1
151,5355,110.36307,38.45296,66.23537,50.091366,0.837831,-1,-1,-1
151,5365,391.0573,287.8664,46.891052,62.2247,0.8904366,-1,-1,-1
151,5364,907.1216,57.117428,47.626953,58.389744,0.8003137,-1,-1,-1
151,5367,415.18857,424.09665,46.50659,60.791412,0.8905331,-1,-1,-1
151,5368,610.5252,221.08487,41.97766,55.554657,0.8882793,-1,-1,-1
151,5371,443.04364,22.5232,41.80951,57.537285,0.90166247,-1,-1,-1
151,5382,0.118398294,263.84528,19.512337,32.8497,0.35300902,-1,-1,-1
152,5313,487.56113,235.62944,34.812775,59.903,0.88110214,-1,-1,-1
152,5315,196.40312,86.396454,62.461563,46.21025,0.8608453,-1,-1,-1
152,5316,519.38513,164.4161,35.19702,71.8259,0.8537554,-1,-1,-1
152,5319,209.8742,49.5406,64.841034,48.587223,0.85736674,-1,-1,-1
152,5320,464.02438,328.89374,41.904022,59.87433,0.88914526,-1,-1,-1
152,5322,820.6023,305.88492,60.02545,48.27484,0.86923516,-1,-1,-1
152,5324,234.67209,305.01678,105.80002,154.84668,0.83409196,-1,-1,-1
152,5330,278.6243,481.77618,48.355927,57.532898,0.83603257,-1,-1,-1
152,5345,226.05176,319.84952,31.302216,65.20007,0.83995974,-1,-1,-1
152,5350,564.63495,129.47595,29.51587,61.25354,0.8674894,-1,-1,-1
152,5355,110.97286,38.661163,66.01345,49.988335,0.8370785,-1,-1,-1
152,5365,389.2301,292.54535,46.97281,61.906006,0.8945,-1,-1,-1
152,5364,906.19354,57.06809,47.927124,58.25529,0.7970411,-1,-1,-1
152,5367,415.51022,423.2942,46.268005,60.696625,0.8887847,-1,-1,-1
152,5368,613.3917,215.54596,41.566467,55.389496,0.87454027,-1,-1,-1
152,5371,441.40015,25.631506,41.884277,57.279175,0.9001448,-1,-1,-1
152,5382,0.1437593,263.87784,20.438175,33.147522,0.334773,-1,-1,-1
153,5313,487.44128,235.23451,34.798706,59.958725,0.8800987,-1,-1,-1
153,5315,196.84575,86.28193,62.476883,46.21444,0.8614288,-1,-1,-1
153,5316,518.6731,164.48842,35.729614,71.7621,0.8509027,-1,-1,-1
153,5319,210.23282,49.57651,64.75552,48.522114,0.86289823,-1,-1,-1
153,5320,463.98486,328.3423,42.009247,60.006042,0.88951164,-1,-1,-1
153,5322,820.16693,305.65973,60.108765,48.250916,0.8694956,-1,-1,-1
153,5324,233.44852,306.59555,106.12613,155.47522,0.8419605,-1,-1,-1
153,5330,277.44214,485.22784,47.467957,53.706604,0.83796173,-1,-1,-1
153,5345,226.53758,319.49783,31.129593,64.85886,0.8396844,-1,-1,-1
153,5350,564.74915,130.01399,29.514954,61.207962,0.86780673,-1,-1,-1
153,5355,111.57619,38.90668,65.791336,49.68481,0.8362075,-1,-1,-1
153,5365,387.26462,296.7711,46.598816,61.6232,0.8964141,-1,-1,-1
153,5364,904.8807,57.200485,48.912964,58.300537,0.7829851,-1,-1,-1
153,5367,415.95694,422.5417,45.746704,60.98697,0.88802487,-1,-1,-1
153,5368,615.82434,210.40099,41.797607,55.205856,0.8855306,-1,-1,-1
153,5371,439.69113,28.84479,41.63922,57.53604,0.89993167,-1,-1,-1
153,5382,0.10283003,263.56458,21.160353,32.76895,0.35653976,-1,-1,-1
154,5313,487.39786,234.8831,34.765594,59.905014,0.87960297,-1,-1,-1
154,5315,197.31895,86.228714,62.327805,46.188248,0.859268,-1,-1,-1
154,5316,518.3669,164.47202,36.00647,71.6837,0.8515058,-1,-1,-1
154,5319,210.70587,49.661316,64.58359,48.495598,0.8690985,-1,-1,-1
154,5320,463.91754,327.79492,42.31787,59.85199,0.9101302,-1,-1,-1
154,5322,819.35394,305.37906,60.47754,48.047394,0.87543124,-1,-1,-1
154,5324,232.60583,308.85562,106.26373,155.62463,0.8418828,-1,-1,-1
154,5330,276.79745,488.36328,46.043884,49.921448,0.82825893,-1,-1,-1
154,5345,226.76277,319.4132,31.290268,64.479614,0.8397091,-1,-1,-1
154,5350,564.7502,130.57472,29.528564,61.485184,0.86474234,-1,-1,-1
154,5355,112.06541,39.03201,65.789085,49.556034,0.8391728,-1,-1,-1
154,5365,385.19293,300.98016,46.539215,61.95685,0.8940846,-1,-1,-1
154,5364,903.8725,57.177197,49.550354,58.581226,0.7623097,-1,-1,-1
154,5367,416.16956,421.7992,45.66327,61.03424,0.8879558,-1,-1,-1
154,5368,618.4355,205.19597,41.40619,55.237076,0.8847024,-1,-1,-1
154,5371,438.46994,32.062485,41.337738,57.051605,0.8992118,-1,-1,-1
154,5382,0.058605384,263.28543,21.892355,33.19806,0.38724658,-1,-1,-1
155,5313,487.374,234.56621,34.763702,59.84224,0.8789202,-1,-1,-1
155,5315,197.68802,86.252525,62.086212,46.06156,0.86025965,-1,-1,-1
155,5316,518.15674,164.44765,36.23169,71.5856,0.8520103,-1,-1,-1
155,5319,211.14941,49.735733,64.311035,48.4522,0.8727251,-1,-1,-1
155,5320,463.91302,327.39185,41.980927,59.86667,0.8918431,-1,-1,-1
155,5322,818.3052,305.08807,60.94098,47.95755,0.8768644,-1,-1,-1
155,5324,232.88425,311.68747,105.627716,154.66833,0.82044667,-1,-1,-1
155,5330,276.58676,491.2411,44.00586,46.559082,0.81539536,-1,-1,-1
155,5345,226.9098,319.1517,31.356674,64.01886,0.84011585,-1,-1,-1
155,5350,564.7768,131.41086,29.70935,61.455414,0.87060434,-1,-1,-1
155,5355,112.03254,38.55661,66.52732,49.964752,0.84092224,-1,-1,-1
155,5365,383.75714,305.56137,46.266907,61.591064,0.9058191,-1,-1,-1
155,5364,903.5119,57.01397,48.999817,58.82424,0.7764604,-1,-1,-1
155,5367,416.31454,421.1087,45.668,60.392426,0.88990486,-1,-1,-1
155,5368,620.7939,199.74498,41.44342,55.144485,0.8847455,-1,-1,-1
155,5371,436.76505,35.225895,41.454834,57.164684,0.89215106,-1,-1,-1
155,5382,0.021547684,263.0606,22.67809,33.852997,0.3286302,-1,-1,-1
156,5313,487.32755,234.1921,34.862274,59.98433,0.8777616,-1,-1,-1
156,5315,198.41496,85.90033,61.556076,46.22139,0.8606279,-1,-1,-1
156,5316,518.0382,164.30513,36.390137,71.48053,0.85255104,-1,-1,-1
156,5319,211.63916,49.858795,63.99164,48.267357,0.87751955,-1,-1,-1
156,5320,463.98215,326.9918,41.684174,59.687042,0.8906371,-1,-1,-1
156,5322,817.4826,304.94705,61.136963,47.598724,0.8762247,-1,-1,-1
156,5324,230.22505,313.1003,105.07347,157.0209,0.8203008,-1,-1,-1
156,5330,276.10956,494.0927,42.775818,43.66162,0.7620255,-1,-1,-1
156,5345,227.23555,318.63412,31.396988,64.0094,0.83671504,-1,-1,-1
156,5350,564.651,132.12173,29.981812,61.551483,0.8677891,-1,-1,-1
156,5355,112.67452,38.303738,66.12754,49.79662,0.8328775,-1,-1,-1
156,5365,381.53003,309.6025,46.454926,61.077667,0.90177405,-1,-1,-1
156,5364,903.53174,57.045048,48.503845,58.86308,0.7895703,-1,-1,-1
156,5367,416.56137,420.23102,45.545166,60.281372,0.88935715,-1,-1,-1
156,5368,623.6745,194.49677,40.996826,54.92241,0.88917595,-1,-1,-1
156,5371,435.1466,38.100727,41.697327,57.17355,0.8882515,-1,-1,-1
156,5382,0.0035599684,263.04193,23.165405,33.643982,0.30799997,-1,-1,-1
157,5313,487.35886,234.00458,34.832184,59.858795,0.8753817,-1,-1,-1
157,5315,198.88936,85.74427,61.258682,46.14219,0.8610715,-1,-1,-1
157,5316,517.9793,164.28229,36.47644,71.280426,0.8530604,-1,-1,-1
157,5319,212.08554,49.92656,63.776,48.176987,0.8808208,-1,-1,-1
157,5320,464.08893,326.64017,41.435425,59.507782,0.8904014,-1,-1,-1
157,5322,816.85187,304.9129,61.127808,47.172302,0.87944824,-1,-1,-1
157,5324,229.30225,314.90076,104.581085,157.95111,0.8531193,-1,-1,-1
157,5330,274.88303,497.48813,42.236664,40.731354,0.7641852,-1,-1,-1
157,5345,227.78813,318.60922,30.80632,63.59076,0.8402981,-1,-1,-1
157,5350,564.56976,132.87254,29.959595,61.462585,0.86266446,-1,-1,-1
157,5355,113.21176,38.325127,65.8103,49.575928,0.82650954,-1,-1,-1
157,5365,379.08466,313.792,46.58838,61.50168,0.8850888,-1,-1,-1
157,5364,903.5782,57.16505,48.034058,58.51099,0.8030794,-1,-1,-1
157,5367,416.5909,419.49503,45.49048,60.608643,0.8864984,-1,-1,-1
157,5368,626.2685,189.44135,40.69763,54.349747,0.8826518,-1,-1,-1
157,5371,433.4801,41.345528,41.759216,57.44837,0.88768554,-1,-1,-1
157,5382,0.005837842,263.0897,23.664925,33.589264,0.43940127,-1,-1,-1
158,5313,487.3223,233.81354,34.877777,59.79953,0.87429565,-1,-1,-1
158,5315,199.23143,85.69114,61.133347,46.064293,0.85811245,-1,-1,-1
158,5316,517.92737,164.25557,36.56494,71.11856,0.85332465,-1,-1,-1
158,5319,212.37584,49.90061,63.780106,48.26004,0.8820904,-1,-1,-1
158,5320,464.23422,326.32468,41.22464,59.2153,0.88985527,-1,-1,-1
158,5322,816.4906,304.7032,61.141296,47.075195,0.878257,-1,-1,-1
158,5324,228.60426,316.65823,104.7003,158.76608,0.8640042,-1,-1,-1
158,5330,273.73187,500.8788,41.75122,37.49533,0.6147004,-1,-1,-1
158,5345,227.8984,318.4258,30.771454,63.55002,0.8402362,-1,-1,-1
158,5350,564.6104,133.47968,30.10498,61.486633,0.85741436,-1,-1,-1
158,5355,113.28107,38.87495,65.95941,49.196285,0.828485,-1,-1,-1
158,5365,377.25995,318.51227,46.565216,61.295715,0.90635234,-1,-1,-1
158,5364,903.6501,57.402885,47.17102,57.638702,0.80148286,-1,-1,-1
158,5367,416.6854,418.87335,45.44055,60.704132,0.88644814,-1,-1,-1
158,5368,628.60516,184.2197,41.058533,54.455215,0.8854173,-1,-1,-1
158,5371,432.07614,44.55299,41.638306,57.086178,0.8999539,-1,-1,-1
158,5382,0.0,263.12625,24.148045,33.20462,0.45666355,-1,-1,-1
159,5313,487.2925,233.59673,34.90042,59.83467,0.87253934,-1,-1,-1
159,5315,199.65294,85.65056,61.02449,46.000732,0.856285,-1,-1,-1
159,5316,517.9182,164.22246,36.58203,71.02574,0.8524737,-1,-1,-1
159,5319,212.74776,49.942947,63.70143,48.242577,0.88337374,-1,-1,-1
159,5320,464.32822,326.01605,41.174225,58.88376,0.8918603,-1,-1,-1
159,5322,816.02704,304.37204,61.298706,47.12314,0.8784278,-1,-1,-1
159,5324,228.48155,319.20514,103.98561,158.71823,0.87080634,-1,-1,-1
159,5330,273.33188,504.33087,39.747375,34.448486,0.53660864,-1,-1,-1
159,5345,228.10262,318.11118,30.803665,63.56241,0.8356755,-1,-1,-1
159,5350,564.55096,134.32013,30.056824,61.217636,0.85529774,-1,-1,-1
159,5355,113.53493,38.544575,65.98149,49.310886,0.8327849,-1,-1,-1
159,5365,375.36133,322.63464,46.149017,60.96414,0.89992243,-1,-1,-1
159,5364,903.6007,57.546066,46.50116,57.150352,0.8014485,-1,-1,-1
159,5367,416.81857,418.24774,45.397278,60.704224,0.87970376,-1,-1,-1
159,5368,630.91907,178.88986,41.0968,54.914795,0.8886482,-1,-1,-1
159,5371,430.23346,47.68866,42.12982,57.233,0.8983762,-1,-1,-1
159,5382,0.0,263.11337,24.546715,33.587036,0.5040205,-1,-1,-1
160,5313,487.0849,233.31607,35.051514,60.07306,0.8700846,-1,-1,-1
160,5315,199.96841,85.5326,61.262573,46.26548,0.8657226,-1,-1,-1
160,5316,517.9322,164.22104,36.56964,70.83293,0.85443753,-1,-1,-1
160,5319,213.00328,49.94432,63.61989,48.189934,0.8812058,-1,-1,-1
160,5320,464.35684,325.67706,41.07431,58.76169,0.8919947,-1,-1,-1
160,5322,816.10925,303.8202,60.385742,47.751343,0.8832116,-1,-1,-1
160,5324,228.50955,322.3181,103.19171,158.98737,0.8718721,-1,-1,-1
160,5345,228.27505,317.80484,31.05191,63.633636,0.83811355,-1,-1,-1
160,5350,564.513,135.10667,29.939941,61.10579,0.85775125,-1,-1,-1
160,5355,114.00108,38.33321,65.79913,49.296215,0.83776367,-1,-1,-1
160,5365,373.0757,326.41312,46.35254,62.17508,0.8910861,-1,-1,-1
160,5364,902.9512,57.61573,46.677734,57.020737,0.80082864,-1,-1,-1
160,5367,417.02106,417.761,45.071625,60.57251,0.8805578,-1,-1,-1
160,5368,633.2651,173.56827,40.982544,54.6593,0.89011323,-1,-1,-1
160,5371,428.62494,50.51542,42.07675,57.079597,0.8958767,-1,-1,-1
160,5382,0.0,262.93414,24.858135,33.86142,0.57754046,-1,-1,-1
161,5313,486.97913,233.13556,35.211792,60.1463,0.8697524,-1,-1,-1
161,5315,200.18202,85.550224,61.434464,46.334343,0.86203754,-1,-1,-1
161,5316,517.8901,164.18552,36.71753,70.869446,0.8552358,-1,-1,-1
161,5319,213.22511,49.998383,63.60002,48.174377,0.87957835,-1,-1,-1
161,5320,464.28946,325.29626,41.10791,58.86911,0.8942524,-1,-1,-1
161,5322,815.39655,303.90796,60.829224,47.365753,0.87627935,-1,-1,-1
161,5324,228.50417,325.56668,102.07503,158.92096,0.8466006,-1,-1,-1
161,5345,228.21428,317.47437,31.307785,63.496918,0.83542454,-1,-1,-1
161,5350,564.57043,135.89787,29.993408,60.94211,0.8566734,-1,-1,-1
161,5355,114.375244,38.39381,65.600525,49.184162,0.8400152,-1,-1,-1
161,5365,371.3485,330.72845,46.477478,62.332336,0.9115859,-1,-1,-1
161,5364,902.91956,57.661976,46.0177,56.987614,0.8092606,-1,-1,-1
161,5367,417.1855,417.07245,44.899902,60.71112,0.8837325,-1,-1,-1
161,5368,635.8472,168.27802,40.829712,54.52588,0.88089687,-1,-1,-1
161,5371,426.86432,53.65918,42.306274,57.384224,0.8835288,-1,-1,-1
161,5382,0.0,262.82025,25.177568,33.819916,0.5529815,-1,-1,-1
161,5383,508.64883,0.045477107,47.321747,34.525208,0.51792413,-1,-1,-1
162,5313,486.89874,232.89789,35.188416,60.134583,0.86456215,-1,-1,-1
162,5315,200.32405,85.39172,61.56682,46.37529,0.89699584,-1,-1,-1
162,5316,517.7642,164.04192,36.891724,70.76282,0.8543077,-1,-1,-1
162,5319,213.45796,49.880608,63.437607,48.21131,0.87819195,-1,-1,-1
162,5320,464.23993,324.94604,41.198975,58.93918,0.89426965,-1,-1,-1
162,5322,815.0095,303.77313,60.901306,47.170044,0.876055,-1,-1,-1
162,5324,226.27562,327.95596,102.699875,158.14447,0.78425545,-1,-1,-1
162,5345,227.75584,316.86526,32.027237,63.527985,0.83615434,-1,-1,-1
162,5350,564.32654,136.54599,30.354553,60.940002,0.8617296,-1,-1,-1
162,5355,114.837006,38.2441,65.248276,49.162945,0.84213656,-1,-1,-1
162,5365,368.9495,334.3825,46.8562,62.884613,0.8920414,-1,-1,-1
162,5364,902.7245,57.593693,45.718872,57.203655,0.81022644,-1,-1,-1
162,5367,417.3315,416.379,44.8786,60.49167,0.88922256,-1,-1,-1
162,5368,638.55927,163.15604,40.574463,54.156097,0.8841746,-1,-1,-1
162,5371,425.54202,56.635807,41.981842,57.342007,0.891276,-1,-1,-1
162,5382,0.0,262.62857,25.652952,33.4021,0.5548598,-1,-1,-1
162,5383,507.32114,0.04094533,49.462006,36.175705,0.5098767,-1,-1,-1
163,5313,486.68805,232.78217,35.10858,60.1232,0.8629558,-1,-1,-1
163,5315,200.42102,85.23213,61.61145,46.496643,0.873907,-1,-1,-1
163,5316,517.56824,163.96184,36.808655,70.548294,0.85469323,-1,-1,-1
163,5319,213.6513,49.763268,63.370605,48.275963,0.87932175,-1,-1,-1
163,5320,464.04852,324.639,41.212036,58.947357,0.89370394,-1,-1,-1
163,5322,814.50085,303.46136,60.775513,47.4935,0.88492227,-1,-1,-1
163,5324,225.28871,330.99847,102.37395,156.76349,0.7564282,-1,-1,-1
163,5345,227.80824,316.66675,32.01848,63.29483,0.83940715,-1,-1,-1
163,5350,564.2221,137.515,30.532288,60.715683,0.8645945,-1,-1,-1
163,5355,115.24553,38.03044,65.00041,49.09265,0.84535825,-1,-1,-1
163,5365,365.99222,338.7436,47.207947,62.79236,0.88296396,-1,-1,-1
163,5364,902.2576,57.66865,45.76825,57.452938,0.8033316,-1,-1,-1
163,5367,417.39944,415.9583,44.77954,60.301666,0.8906419,-1,-1,-1
163,5368,640.9786,157.6397,40.80432,54.344147,0.8769293,-1,-1,-1
163,5371,423.81003,59.944202,42.201355,57.01598,0.88758564,-1,-1,-1
163,5382,0.0,262.59473,26.01336,33.11148,0.47819066,-1,-1,-1
163,5383,506.61487,0.051151715,52.223145,38.357872,0.3146384,-1,-1,-1
164,5313,486.48114,232.62228,35.10266,59.96408,0.86249167,-1,-1,-1
164,5315,200.09834,85.25354,62.08577,46.26747,0.88595486,-1,-1,-1
164,5316,517.3746,163.44656,36.990234,71.046936,0.8571893,-1,-1,-1
164,5319,213.88504,49.570873,63.29834,48.30634,0.87961566,-1,-1,-1
164,5320,463.95718,324.33246,41.20334,59.02707,0.89383334,-1,-1,-1
164,5322,814.03906,303.31076,60.86615,47.209015,0.87584394,-1,-1,-1
164,5324,222.85371,334.3888,102.76085,154.20148,0.75252014,-1,-1,-1
164,5345,227.88298,316.44135,31.945206,63.185547,0.8439833,-1,-1,-1
164,5350,563.84076,138.15656,31.068726,61.261536,0.8651398,-1,-1,-1
164,5355,115.42478,37.93427,64.98414,48.933277,0.8448165,-1,-1,-1
164,5365,363.65924,343.31464,47.3302,62.432373,0.9088099,-1,-1,-1
164,5364,902.7745,57.92111,45.056213,57.125195,0.7932261,-1,-1,-1
164,5367,417.45532,415.49918,44.780304,60.044006,0.89388764,-1,-1,-1
164,5368,643.65546,152.09622,40.763245,54.302612,0.88994366,-1,-1,-1
164,5371,422.3941,62.77243,42.067017,56.96737,0.8900904,-1,-1,-1
164,5382,0.0,262.44214,26.364326,32.840332,0.42050108,-1,-1,-1
164,5383,505.1466,0.009261849,54.03125,39.674442,0.37159082,-1,-1,-1
165,5313,486.23944,232.61832,35.268982,59.90692,0.86215806,-1,-1,-1
165,5315,200.12625,84.96279,61.996185,46.38398,0.879964,-1,-1,-1
165,5316,517.2982,163.20338,37.000732,71.153046,0.8582057,-1,-1,-1
165,5319,214.08891,49.343254,63.273514,48.24566,0.8777792,-1,-1,-1
165,5320,463.8706,324.16702,41.261963,58.82907,0.8938472,-1,-1,-1
165,5322,813.6777,303.08884,60.924133,47.18799,0.8756433,-1,-1,-1
165,5324,217.37506,338.9237,103.757935,154.12225,0.7668097,-1,-1,-1
165,5345,228.14336,316.10516,31.68959,63.08133,0.8475847,-1,-1,-1
165,5350,563.83746,139.13608,31.230286,61.08606,0.86715716,-1,-1,-1
165,5355,115.53317,37.754196,64.9933,48.87536,0.83992153,-1,-1,-1
165,5365,361.60367,347.85483,46.930573,61.87326,0.88789415,-1,-1,-1
165,5364,903.0338,58.06174,44.51355,56.849957,0.7856791,-1,-1,-1
165,5367,417.4078,414.9972,44.92334,59.99594,0.8947238,-1,-1,-1
165,5368,646.52795,147.07935,40.011353,53.80304,0.90526456,-1,-1,-1
165,5371,420.84006,65.78761,42.05902,56.845955,0.8800018,-1,-1,-1
165,5382,0.0,262.09625,26.719677,32.99707,0.43974993,-1,-1,-1
165,5383,503.81808,0.0,55.58725,40.8252,0.44688553,-1,-1,-1
166,5313,486.09372,232.59206,35.268158,59.896133,0.8639481,-1,-1,-1
166,5315,200.30946,84.70897,61.8394,46.487305,0.8684252,-1,-1,-1
166,5316,517.32227,162.95834,36.898376,71.02171,0.8688842,-1,-1,-1
166,5319,214.1089,49.169525,63.333694,48.160423,0.8792442,-1,-1,-1
166,5320,463.6121,323.98135,41.29773,58.911133,0.8957256,-1,-1,-1
166,5322,813.2815,302.78284,60.962524,47.378387,0.8725161,-1,-1,-1
166,5324,214.86224,341.4741,104.3374,154.61737,0.8341157,-1,-1,-1
166,5345,228.36745,316.01648,31.476883,63.46814,0.85191375,-1,-1,-1
166,5350,563.86066,139.95749,31.363403,61.02118,0.8711678,-1,-1,-1
166,5355,115.6173,37.51794,65.03808,48.925488,0.83311373,-1,-1,-1
166,5365,359.1288,352.30695,46.936584,62.098114,0.88332367,-1,-1,-1
166,5364,901.9617,58.012142,45.068237,57.048367,0.7850985,-1,-1,-1
166,5367,417.41635,414.4688,44.90738,59.9498,0.8955147,-1,-1,-1
166,5368,649.06055,142.49503,40.05493,53.132584,0.8897203,-1,-1,-1
166,5371,419.3032,68.64658,41.96591,57.074547,0.8971002,-1,-1,-1
166,5382,0.0,261.76495,26.991274,33.101624,0.5063554,-1,-1,-1
166,5383,502.80884,0.0,56.69763,41.810738,0.49573138,-1,-1,-1
167,5313,485.96298,232.5001,35.21884,59.797134,0.8653079,-1,-1,-1
167,5315,200.89182,84.66824,60.97229,45.874115,0.8652082,-1,-1,-1
167,5316,517.09015,162.93565,37.122925,70.998886,0.86099297,-1,-1,-1
167,5319,214.2178,49.012257,63.362366,48.106693,0.8758847,-1,-1,-1
167,5320,463.5059,323.78506,41.22357,58.86859,0.8982303,-1,-1,-1
167,5322,812.57245,302.56143,61.281616,47.50052,0.86685115,-1,-1,-1
167,5324,213.83131,343.34256,104.300705,155.17618,0.85243237,-1,-1,-1
167,5345,228.41829,315.8323,31.351974,63.651733,0.86015725,-1,-1,-1
167,5350,563.995,140.81885,31.446228,60.803955,0.8706399,-1,-1,-1
167,5355,115.53449,37.782578,65.78661,48.98713,0.8358867,-1,-1,-1
167,5365,357.2022,357.02847,47.36374,61.70877,0.88859797,-1,-1,-1
167,5364,901.3572,57.93909,45.516357,56.954815,0.7912961,-1,-1,-1
167,5367,417.30612,413.77316,45.136078,59.92874,0.8956417,-1,-1,-1
167,5368,651.57086,137.35492,40.090637,52.990692,0.8869801,-1,-1,-1
167,5371,417.8216,71.88745,41.87384,56.568756,0.90472203,-1,-1,-1
167,5382,0.0,261.5883,27.131748,32.786102,0.45815384,-1,-1,-1
167,5383,501.76672,0.0,58.150818,43.034367,0.4855809,-1,-1,-1
168,5313,486.01596,232.18233,35.26651,59.817703,0.8657614,-1,-1,-1
168,5315,201.2376,84.428825,60.53743,45.711784,0.86818486,-1,-1,-1
168,5316,517.09094,162.73538,37.16394,70.96265,0.86142665,-1,-1,-1
168,5319,214.33047,48.58451,63.409363,48.216194,0.8692892,-1,-1,-1
168,5320,463.5163,323.4128,41.248566,58.970398,0.8978512,-1,-1,-1
168,5322,812.38306,302.2488,61.301025,47.802338,0.86440516,-1,-1,-1
168,5324,213.65916,345.31897,103.80168,154.89331,0.85167694,-1,-1,-1
168,5345,228.86862,315.0859,30.747803,63.81848,0.8611283,-1,-1,-1
168,5350,563.941,141.56902,31.966248,60.3963,0.884713,-1,-1,-1
168,5355,115.70271,37.58582,65.96971,49.006794,0.83719075,-1,-1,-1
168,5365,355.43323,360.83154,47.322815,62.16214,0.9102559,-1,-1,-1
168,5364,901.1264,57.785233,45.676086,57.385696,0.7750383,-1,-1,-1
168,5367,417.27347,413.1579,45.299133,59.808838,0.89177203,-1,-1,-1
168,5368,653.4592,131.86418,41.476135,53.3537,0.8769609,-1,-1,-1
168,5371,416.2828,74.54527,41.956177,56.957,0.8999857,-1,-1,-1
168,5382,0.0,260.91718,27.563982,32.754395,0.34790006,-1,-1,-1
168,5383,500.62097,0.0,59.45642,44.401512,0.38495687,-1,-1,-1
168,5386,1016.97205,335.48505,6.9265137,25.296265,0.32815862,-1,-1,-1
169,5313,486.0868,231.9896,35.206177,59.841125,0.86484545,-1,-1,-1
169,5315,201.51442,84.11377,60.25908,45.781143,0.86903983,-1,-1,-1
169,5316,517.07043,162.62173,37.165833,70.90332,0.85919714,-1,-1,-1
169,5319,214.39699,48.196682,63.340225,48.23466,0.87115973,-1,-1,-1
169,5320,463.46597,323.0882,41.21515,59.054535,0.89693326,-1,-1,-1
169,5322,812.8067,302.65067,59.820496,47.65222,0.8717683,-1,-1,-1
169,5324,213.36717,348.54123,103.33949,153.39124,0.8458079,-1,-1,-1
169,5345,228.71326,314.80078,30.586334,63.1474,0.8498882,-1,-1,-1
169,5350,564.42236,142.51677,32.020386,60.062775,0.87296486,-1,-1,-1
169,5355,116.04076,37.43292,65.837875,48.88657,0.83967066,-1,-1,-1
169,5365,352.83237,365.39288,47.346252,61.96524,0.873714,-1,-1,-1
169,5364,900.6724,57.903877,45.837402,57.11905,0.77672946,-1,-1,-1
169,5367,417.35175,412.68546,45.145172,59.375366,0.89003307,-1,-1,-1
169,5368,656.31604,126.54458,40.911133,53.20922,0.881386,-1,-1,-1
169,5371,414.5568,77.42873,42.328613,56.567047,0.89214134,-1,-1,-1
169,5382,0.0,260.47632,27.6364,32.739502,0.3422531,-1,-1,-1
169,5383,500.00537,0.0,60.379517,47.558716,0.4714578,-1,-1,-1
169,5386,1016.7725,335.52765,7.098938,25.03067,0.3048319,-1,-1,-1
170,5313,486.10074,231.90608,35.138275,59.675705,0.86311644,-1,-1,-1
170,5315,201.74779,83.930244,60.09236,45.839592,0.8708674,-1,-1,-1
170,5316,517.02136,162.61824,37.25128,70.847305,0.8598397,-1,-1,-1
170,5319,214.50839,48.05322,63.22226,48.070385,0.87030953,-1,-1,-1
170,5320,463.4079,322.84253,41.102386,59.13333,0.89693964,-1,-1,-1
170,5322,812.86005,302.8027,59.385315,47.546448,0.87075317,-1,-1,-1
170,5324,213.33627,351.68814,102.620056,152.54529,0.8237145,-1,-1,-1
170,5345,228.85478,314.29327,30.544022,63.039276,0.8481951,-1,-1,-1
170,5350,564.5677,143.60976,32.61328,59.804688,0.8690757,-1,-1,-1
170,5355,116.41068,37.3786,65.667046,48.64781,0.84356064,-1,-1,-1
170,5365,350.65088,369.6529,47.309143,62.30188,0.89138544,-1,-1,-1
170,5364,900.83655,57.827236,45.554016,57.287174,0.77544606,-1,-1,-1
170,5367,417.24597,412.32693,45.252045,59.140106,0.8859423,-1,-1,-1
170,5368,658.7624,121.198,41.260803,53.73822,0.89759475,-1,-1,-1
170,5371,413.08423,80.26979,42.307007,57.21852,0.8943777,-1,-1,-1
170,5382,0.0,259.9547,27.880587,33.0495,0.28705537,-1,-1,-1
170,5383,499.2368,0.0,60.506073,50.482605,0.5494406,-1,-1,-1
170,5386,1016.3047,335.29327,7.599304,25.068298,0.35915077,-1,-1,-1
171,5313,486.13132,231.73402,35.111603,59.558395,0.86298376,-1,-1,-1
171,5315,201.92862,83.65197,59.89447,45.854424,0.87166905,-1,-1,-1
171,5316,516.9207,162.44682,37.31897,70.85379,0.8623716,-1,-1,-1
171,5319,214.55743,47.685535,63.214905,47.978115,0.86947215,-1,-1,-1
171,5320,463.33746,322.6175,41.07611,59.18103,0.89577657,-1,-1,-1
171,5322,812.3893,302.62317,60.306396,47.63617,0.8677867,-1,-1,-1
171,5324,210.82768,353.9673,103.54671,152.54044,0.77590346,-1,-1,-1
171,5345,228.92876,313.58823,30.618057,63.33429,0.8471676,-1,-1,-1
171,5350,564.3622,144.65114,33.22766,59.94229,0.8713791,-1,-1,-1
171,5355,116.592155,37.117325,65.697,48.532394,0.8479973,-1,-1,-1
171,5365,348.92557,373.94528,46.680267,62.299408,0.88732874,-1,-1,-1
171,5364,900.5051,57.87415,45.676697,57.281376,0.77195466,-1,-1,-1
171,5367,417.27484,411.9895,45.13394,58.80374,0.88653344,-1,-1,-1
171,5368,661.3031,116.12153,41.724365,53.67684,0.88274276,-1,-1,-1
171,5371,411.69376,83.35181,41.983032,56.696793,0.8961966,-1,-1,-1
171,5382,0.0,259.67496,27.977821,33.1362,0.3399119,-1,-1,-1
171,5383,498.02182,0.0,62.28122,52.208496,0.6704446,-1,-1,-1
171,5386,1015.7822,335.40225,8.142639,24.996765,0.40863588,-1,-1,-1
172,5313,486.03143,231.61702,35.136414,59.40468,0.8639253,-1,-1,-1
172,5315,202.06885,83.49821,59.74228,45.746284,0.8704023,-1,-1,-1
172,5316,516.8509,162.23413,37.262695,70.888885,0.86430097,-1,-1,-1
172,5319,214.6203,47.24233,63.444824,48.165867,0.86861557,-1,-1,-1
172,5320,463.27463,322.35318,41.11496,59.15329,0.89434385,-1,-1,-1
172,5322,811.96484,302.45288,60.77478,47.79593,0.8693049,-1,-1,-1
172,5324,209.45312,357.56445,103.83328,151.7583,0.801704,-1,-1,-1
172,5345,229.0489,312.99396,30.54863,63.76126,0.8470661,-1,-1,-1
172,5350,564.75433,145.3104,33.44568,60.474716,0.8845931,-1,-1,-1
172,5355,117.008,36.55516,65.428444,48.599174,0.84695977,-1,-1,-1
172,5365,346.80203,378.1489,46.27832,62.570557,0.8831382,-1,-1,-1
172,5364,899.8995,58.136524,46.090576,57.276646,0.77517694,-1,-1,-1
172,5367,416.93283,411.3084,45.200104,59.240723,0.88820297,-1,-1,-1
172,5368,663.3235,111.40196,41.943542,52.960556,0.89024335,-1,-1,-1
172,5371,410.14368,86.48008,41.83499,56.826714,0.89026713,-1,-1,-1
172,5382,0.0,259.17557,28.074236,33.55017,0.43123025,-1,-1,-1
172,5383,496.98514,0.0,63.86081,53.861553,0.6108065,-1,-1,-1
172,5386,1015.684,335.62164,8.257751,24.896942,0.3707374,-1,-1,-1
173,5313,485.9816,231.45871,35.18631,59.24347,0.8645718,-1,-1,-1
173,5315,202.16385,83.12682,59.703552,45.707207,0.8687673,-1,-1,-1
173,5316,516.9218,162.13031,37.416077,70.88681,0.8634537,-1,-1,-1
173,5319,214.81435,46.909588,63.430496,48.182796,0.8690135,-1,-1,-1
173,5320,463.2473,322.21198,41.065826,58.990112,0.89484715,-1,-1,-1
173,5322,811.47974,302.57047,61.081604,47.557526,0.8679122,-1,-1,-1
173,5324,209.07318,359.9153,103.5202,151.47028,0.80532646,-1,-1,-1
173,5345,229.21555,312.612,30.709442,63.809265,0.8440769,-1,-1,-1
173,5350,564.8419,146.94383,33.809326,60.152054,0.87790895,-1,-1,-1
173,5355,117.21494,35.964928,65.47959,48.721558,0.84885657,-1,-1,-1
173,5365,344.83496,382.8516,45.98703,62.128265,0.8783969,-1,-1,-1
173,5364,899.46625,58.23299,46.47473,57.446667,0.7756884,-1,-1,-1
173,5367,417.20535,409.7625,45.08725,60.021393,0.8939561,-1,-1,-1
173,5368,665.07477,106.37287,42.855713,52.963722,0.86693823,-1,-1,-1
173,5371,408.54404,89.76064,41.74933,56.261787,0.88542455,-1,-1,-1
173,5382,0.0,258.7864,28.26429,33.921448,0.46418694,-1,-1,-1
173,5383,496.2511,0.0,64.8595,55.762688,0.47235498,-1,-1,-1
173,5386,1015.4701,335.83145,8.529907,24.899567,0.37619376,-1,-1,-1
174,5313,486.2045,231.2563,34.93216,58.806656,0.8729895,-1,-1,-1
174,5315,202.15218,82.8476,59.77379,45.663948,0.86805224,-1,-1,-1
174,5316,516.9216,161.99443,37.43683,70.90967,0.8628925,-1,-1,-1
174,5319,215.09065,46.649582,63.303726,48.148094,0.86828256,-1,-1,-1
174,5320,463.19833,322.0082,41.22519,59.0123,0.89568627,-1,-1,-1
174,5322,811.5145,302.57413,60.997986,47.51416,0.8685498,-1,-1,-1
174,5324,207.15547,362.04837,103.949356,150.93698,0.80399567,-1,-1,-1
174,5345,229.47356,312.4526,30.688858,63.60733,0.8467573,-1,-1,-1
174,5350,564.92395,148.33958,34.37805,60.042282,0.8751215,-1,-1,-1
174,5355,117.15494,35.343433,65.931015,48.97201,0.8530932,-1,-1,-1
174,5365,342.5113,387.27777,46.025665,62.469574,0.88013935,-1,-1,-1
174,5364,900.03375,58.29624,45.86133,57.397064,0.77293515,-1,-1,-1
174,5367,416.6957,409.7848,45.467773,59.803345,0.88108575,-1,-1,-1
174,5368,667.4983,101.10654,42.685303,53.375305,0.8727315,-1,-1,-1
174,5371,406.97153,92.91598,42.042053,56.334663,0.89016914,-1,-1,-1
174,5382,0.0,258.22775,28.5511,34.325745,0.49366271,-1,-1,-1
174,5383,495.73746,0.0,65.07803,57.719326,0.46258423,-1,-1,-1
174,5386,1015.44366,336.34207,8.556335,24.44342,0.32710445,-1,-1,-1
175,5313,486.26987,231.05556,34.9133,58.73607,0.8750435,-1,-1,-1
175,5315,202.30997,81.97476,59.948853,46.156036,0.8653738,-1,-1,-1
175,5316,516.9485,161.8749,37.570312,70.86417,0.86347663,-1,-1,-1
175,5319,215.65744,46.90966,62.447144,47.385727,0.86780435,-1,-1,-1
175,5320,463.12714,321.7393,41.28119,59.010468,0.8950178,-1,-1,-1
175,5322,811.3706,302.62085,61.11377,47.39682,0.8702547,-1,-1,-1
175,5324,206.49286,364.0906,103.84784,150.13632,0.81657755,-1,-1,-1
175,5345,229.61229,312.26035,30.614853,63.26834,0.8461928,-1,-1,-1
175,5350,565.03845,149.31487,34.660828,60.10396,0.86753356,-1,-1,-1
175,5355,117.25249,35.04751,66.2401,48.621033,0.8559243,-1,-1,-1
175,5365,339.77744,392.05283,46.400024,62.13614,0.8847884,-1,-1,-1
175,5364,899.90393,58.458683,45.94403,57.29092,0.78011674,-1,-1,-1
175,5367,416.19037,409.48755,45.832184,60.006287,0.8788797,-1,-1,-1
175,5368,669.967,95.25948,42.98462,54.736168,0.8849637,-1,-1,-1
175,5371,405.68765,95.65855,41.942657,56.436913,0.9031491,-1,-1,-1
175,5382,0.0,257.65253,28.852964,34.62613,0.5056859,-1,-1,-1
175,5383,494.76022,0.0,65.42935,59.642334,0.36112732,-1,-1,-1
175,5386,1015.1867,336.86703,8.813293,23.990906,0.35224012,-1,-1,-1
176,5313,486.02582,230.92339,35.013428,58.885635,0.8652482,-1,-1,-1
176,5315,202.20677,81.667175,60.43605,46.16411,0.88038087,-1,-1,-1
176,5316,516.9265,161.79861,37.744934,70.79884,0.8636239,-1,-1,-1
176,5319,215.7674,46.223232,62.91211,47.86929,0.85796803,-1,-1,-1
176,5320,462.9848,321.5244,41.32483,58.925323,0.8945218,-1,-1,-1
176,5322,811.13745,302.59113,61.03601,47.407074,0.87130505,-1,-1,-1
176,5324,206.61307,366.12717,101.98535,150.50711,0.8388495,-1,-1,-1
176,5345,229.58702,312.02914,30.881973,63.059753,0.84969586,-1,-1,-1
176,5350,565.5955,150.57434,34.49524,59.637466,0.8668003,-1,-1,-1
176,5355,117.60274,34.671024,66.302216,48.671062,0.854377,-1,-1,-1
176,5365,337.52866,396.4124,46.66046,62.424316,0.88458014,-1,-1,-1
176,5364,899.63495,58.617687,46.227173,57.22855,0.78188413,-1,-1,-1
176,5367,416.39725,409.05295,45.595734,60.061584,0.88521236,-1,-1,-1
176,5368,672.31287,90.265724,43.756775,54.65757,0.88231444,-1,-1,-1
176,5371,404.07037,98.67806,42.279602,56.744026,0.8998671,-1,-1,-1
176,5382,0.0,257.16434,29.04197,34.848145,0.51908493,-1,-1,-1
176,5383,493.86517,0.0,65.71893,60.662144,0.44550672,-1,-1,-1
176,5386,1014.72064,337.21295,9.279358,23.71701,0.3800792,-1,-1,-1
177,5313,485.99286,230.76178,35.11731,58.922485,0.86578107,-1,-1,-1
177,5315,202.89215,81.59697,59.821686,45.736176,0.86420244,-1,-1,-1
177,5316,517.07623,161.64682,37.702393,70.670685,0.8615114,-1,-1,-1
177,5319,215.95184,45.764973,63.06201,48.061703,0.85529137,-1,-1,-1
177,5320,462.90134,321.35593,41.07263,58.77417,0.8992894,-1,-1,-1
177,5322,811.10645,302.6183,60.89447,47.371277,0.87093216,-1,-1,-1
177,5324,206.50966,368.48172,100.46776,149.61618,0.8621437,-1,-1,-1
177,5345,229.61317,311.73755,31.289383,62.95282,0.8521441,-1,-1,-1
177,5350,565.9736,151.62737,34.52069,59.492767,0.86263996,-1,-1,-1
177,5355,117.66793,33.949207,66.57186,49.147945,0.8543117,-1,-1,-1
177,5365,334.92563,400.46,47.22055,63.38504,0.88105303,-1,-1,-1
177,5364,899.9702,58.691525,45.70703,57.361103,0.77770436,-1,-1,-1
177,5367,416.37216,408.56143,45.63965,60.097443,0.8844336,-1,-1,-1
177,5368,675.43396,85.53133,42.472168,53.823395,0.8869346,-1,-1,-1
177,5371,402.4872,101.120735,42.183807,57.01142,0.8924171,-1,-1,-1
177,5382,0.0,256.82266,29.15622,34.477783,0.5023465,-1,-1,-1
177,5383,492.54117,0.0,67.25192,62.69241,0.54913676,-1,-1,-1
177,5386,1014.6071,337.6747,9.392883,23.202759,0.3225415,-1,-1,-1
178,5313,485.90857,230.5589,35.253418,58.842377,0.86534923,-1,-1,-1
178,5315,203.18724,81.43864,59.71617,45.595474,0.86299825,-1,-1,-1
178,5316,517.1473,161.51326,37.702576,70.4993,0.85922545,-1,-1,-1
178,5319,216.0875,45.46145,63.07718,48.05948,0.8547741,-1,-1,-1
178,5320,462.82892,321.1239,41.345856,58.741913,0.89498687,-1,-1,-1
178,5322,811.0596,302.5824,60.779297,47.363922,0.87087,-1,-1,-1
178,5324,203.86386,369.16925,101.444244,151.14392,0.8410345,-1,-1,-1
178,5345,229.59937,311.62643,31.632172,62.473053,0.8560776,-1,-1,-1
178,5350,566.1369,152.55446,35.031006,60.224075,0.86251384,-1,-1,-1
178,5355,117.90549,33.708836,66.49153,49.047054,0.8569265,-1,-1,-1
178,5365,333.02124,404.89447,46.66974,63.509705,0.8818151,-1,-1,-1
178,5364,899.8784,58.719425,45.822083,57.484875,0.7827615,-1,-1,-1
178,5367,416.2837,408.1253,45.729156,60.21292,0.88026494,-1,-1,-1
178,5368,678.2244,80.44327,42.306946,53.87033,0.8705996,-1,-1,-1
178,5371,400.99506,104.10904,42.177216,56.522385,0.8875374,-1,-1,-1
178,5382,0.0,256.36676,29.348307,34.473114,0.54342103,-1,-1,-1
178,5383,490.81436,0.0,68.11594,65.54504,0.6430513,-1,-1,-1
178,5386,1014.5494,338.12958,9.450623,22.720154,0.26212496,-1,-1,-1
179,5313,485.80472,230.38762,35.42282,58.731247,0.86569446,-1,-1,-1
179,5315,203.45238,81.31745,59.554733,45.490967,0.86344624,-1,-1,-1
179,5316,517.2705,161.50989,37.602905,70.22783,0.8572917,-1,-1,-1
179,5319,216.23003,45.301163,63.00255,47.894653,0.85510594,-1,-1,-1
179,5320,462.64792,321.01266,41.466278,58.617004,0.8936142,-1,-1,-1
179,5322,810.93176,302.53546,60.444397,47.466125,0.87268496,-1,-1,-1
179,5324,202.75012,371.35953,101.3288,151.07431,0.84757173,-1,-1,-1
179,5345,229.29909,311.59225,32.166916,63.283325,0.87036026,-1,-1,-1
179,5350,566.39825,153.87503,35.177307,60.288925,0.8571527,-1,-1,-1
179,5355,117.86662,33.301662,66.65831,49.141926,0.8531968,-1,-1,-1
179,5365,330.5636,409.32056,47.10327,63.109528,0.8730987,-1,-1,-1
179,5364,900.0891,58.92527,45.586,57.282738,0.77648264,-1,-1,-1
179,5367,415.8263,407.68643,46.157013,60.701355,0.87306356,-1,-1,-1
179,5368,681.5804,75.54937,41.01593,53.025826,0.8810953,-1,-1,-1
179,5371,399.58197,106.908165,41.953552,56.80004,0.8914729,-1,-1,-1
179,5382,0.0,256.05078,29.449192,34.21042,0.5545157,-1,-1,-1
179,5383,489.72916,0.0,68.58536,67.853615,0.6584371,-1,-1,-1
180,5313,485.66956,230.19861,35.624207,58.77942,0.8660967,-1,-1,-1
180,5315,203.63611,80.963646,59.460815,45.584694,0.86510736,-1,-1,-1
180,5316,517.3801,161.32689,37.473938,70.17297,0.8562611,-1,-1,-1
180,5319,216.30324,45.164574,63.04445,47.73365,0.8531246,-1,-1,-1
180,5320,462.5281,320.78928,41.26007,58.78351,0.9020232,-1,-1,-1
180,5322,810.74603,302.48044,60.339417,47.490417,0.8754582,-1,-1,-1
180,5324,199.84802,374.08917,103.01062,149.64368,0.82271606,-1,-1,-1
180,5345,229.63239,311.20807,31.911255,62.84961,0.85758096,-1,-1,-1
180,5350,566.594,155.00743,35.45276,60.137177,0.85418755,-1,-1,-1
180,5355,117.904465,33.02814,66.60083,48.9828,0.85657406,-1,-1,-1
180,5365,327.9175,413.75345,47.095947,63.72119,0.8720197,-1,-1,-1
180,5364,900.00726,59.11867,45.742065,57.395092,0.7812961,-1,-1,-1
180,5367,415.65808,407.21603,46.466156,60.760803,0.8678519,-1,-1,-1
180,5368,684.0945,70.456696,40.820984,52.858414,0.8845755,-1,-1,-1
180,5371,397.97638,110.11137,42.150787,56.57949,0.8904775,-1,-1,-1
180,5382,0.0,255.68443,29.403082,33.612442,0.53566134,-1,-1,-1
180,5383,489.26056,0.0,68.34357,69.64647,0.58401656,-1,-1,-1
180,5389,489.597,0.0,68.06079,70.11173,0.57043177,-1,-1,-1
181,5313,485.595,230.11382,35.711823,58.68834,0.8661247,-1,-1,-1
181,5315,203.73598,80.51356,59.46135,45.85988,0.86607987,-1,-1,-1
181,5316,517.3999,161.22255,37.52472,70.1523,0.85839146,-1,-1,-1
181,5319,216.48706,44.944042,63.1575,47.765804,0.85217243,-1,-1,-1
181,5320,462.46918,320.7404,41.338135,58.3732,0.8915973,-1,-1,-1
181,5322,810.53394,302.52222,60.48633,47.549316,0.8736086,-1,-1,-1
181,5324,198.94643,376.55273,102.82686,148.04388,0.8468389,-1,-1,-1
181,5345,229.81729,310.77737,31.737305,62.804626,0.8605486,-1,-1,-1
181,5350,566.81274,156.18942,35.662537,59.76007,0.8507899,-1,-1,-1
181,5355,118.12877,32.711052,66.63695,48.895897,0.85441786,-1,-1,-1
181,5365,325.46707,418.44138,47.415558,63.493774,0.88124496,-1,-1,-1
181,5364,900.1667,59.951435,45.684265,56.946445,0.78606254,-1,-1,-1
181,5367,415.33572,406.78104,46.842865,60.870087,0.85948837,-1,-1,-1
181,5368,687.27844,65.74158,40.161255,52.267433,0.8849878,-1,-1,-1
181,5371,396.55283,113.147514,42.008118,56.590096,0.8903283,-1,-1,-1
181,5382,0.0,255.41766,29.32642,33.217712,0.47631535,-1,-1,-1
181,5383,488.5222,0.0,69.11099,72.14035,0.32736564,-1,-1,-1
181,5389,489.19897,0.0,68.03119,71.01451,0.63420665,-1,-1,-1
182,5313,485.70667,229.75955,35.66156,58.633118,0.86742806,-1,-1,-1
182,5315,203.68858,79.862015,59.557724,46.114334,0.8678652,-1,-1,-1
182,5316,517.39966,161.00911,37.461365,69.958145,0.8550958,-1,-1,-1
182,5319,216.55173,44.483334,63.21222,48.02741,0.8520882,-1,-1,-1
182,5320,462.3787,320.49606,41.39148,58.12857,0.8890873,-1,-1,-1
182,5322,810.44867,302.4625,60.366943,47.560303,0.8737472,-1,-1,-1
182,5324,197.84608,379.2933,102.49788,148.54556,0.8222168,-1,-1,-1
182,5345,229.84074,310.29797,31.809708,63.83911,0.8622489,-1,-1,-1
182,5350,567.02673,157.57375,36.120483,59.11522,0.8591937,-1,-1,-1
182,5355,118.27439,32.452446,66.54476,48.836914,0.8491709,-1,-1,-1
182,5365,323.67902,423.07126,46.895874,63.032654,0.8882721,-1,-1,-1
182,5364,900.2174,60.2312,45.78717,56.724068,0.7983176,-1,-1,-1
182,5367,415.0394,406.2288,47.17865,60.670807,0.8607381,-1,-1,-1
182,5368,690.0504,61.074677,39.84735,51.795456,0.88289744,-1,-1,-1
182,5371,394.95157,116.194046,41.987915,55.98584,0.88610107,-1,-1,-1
182,5382,0.0,255.07889,29.354958,32.81308,0.4640526,-1,-1,-1
183,5313,485.69345,229.46617,35.780243,58.984207,0.86893696,-1,-1,-1
183,5315,203.78487,79.266136,59.639084,46.26647,0.8693984,-1,-1,-1
183,5316,517.42175,160.86034,37.637024,69.867676,0.85665125,-1,-1,-1
183,5319,216.59094,43.988888,63.279144,48.273655,0.8521802,-1,-1,-1
183,5320,462.32272,320.29163,41.38144,57.986877,0.8870769,-1,-1,-1
183,5322,810.262,302.48923,60.208496,47.59085,0.8731508,-1,-1,-1
183,5324,197.56372,381.84668,101.67316,146.1018,0.8117022,-1,-1,-1
183,5345,229.88815,309.89835,31.740936,64.07391,0.8695222,-1,-1,-1
183,5350,567.2651,158.72441,36.470276,59.087982,0.86069447,-1,-1,-1
183,5355,118.33553,32.124805,66.52445,48.6646,0.8478712,-1,-1,-1
183,5365,320.7587,427.0489,47.6026,63.99173,0.8701677,-1,-1,-1
183,5364,900.12146,60.562046,45.91742,56.358532,0.7996073,-1,-1,-1
183,5367,414.71152,405.91757,47.549072,60.406128,0.86721426,-1,-1,-1
183,5368,693.40424,55.27141,39.408325,52.57839,0.86504036,-1,-1,-1
183,5371,393.3769,118.737144,42.153748,56.1215,0.896431,-1,-1,-1
183,5382,0.0,254.39203,29.439734,32.612274,0.4276208,-1,-1,-1
183,5383,487.0816,0.14141423,68.27515,74.38931,0.36562786,-1,-1,-1
184,5313,485.76,229.33928,35.760986,59.074905,0.8672714,-1,-1,-1
184,5315,203.6528,78.656906,59.694946,46.8443,0.8712921,-1,-1,-1
184,5316,517.5736,160.85336,37.654297,69.54083,0.85473883,-1,-1,-1
184,5319,216.66092,43.3804,63.414,48.556908,0.8519375,-1,-1,-1
184,5320,462.3545,320.11502,41.311615,57.904755,0.88591814,-1,-1,-1
184,5322,810.117,302.60516,60.033875,47.48465,0.87197155,-1,-1,-1
184,5324,198.5408,384.03015,98.34985,144.32178,0.75818974,-1,-1,-1
184,5345,229.89867,309.44687,31.690628,64.06143,0.87314755,-1,-1,-1
184,5350,567.64215,160.02934,36.66638,59.060654,0.86172014,-1,-1,-1
184,5355,118.36926,30.847486,66.72066,49.509926,0.8417658,-1,-1,-1
184,5365,318.7348,431.49377,47.388214,63.40396,0.86765,-1,-1,-1
184,5364,900.019,60.396034,46.111633,56.65187,0.7937006,-1,-1,-1
184,5367,414.82974,405.7355,47.373077,59.92914,0.8753438,-1,-1,-1
184,5368,695.8073,50.260784,39.818176,52.317333,0.8748745,-1,-1,-1
184,5371,391.93497,121.68361,42.05139,56.15251,0.90514725,-1,-1,-1
184,5382,0.0,253.79169,29.5378,33.098877,0.51614106,-1,-1,-1
184,5383,485.30875,0.33122632,69.74826,75.49305,0.515498,-1,-1,-1
185,5313,485.76306,229.05067,35.723755,59.29149,0.8685456,-1,-1,-1
185,5315,204.0574,78.10405,59.680145,46.99196,0.8709582,-1,-1,-1
185,5316,517.54517,160.73419,37.70526,69.51155,0.8556327,-1,-1,-1
185,5319,216.76398,42.86386,63.613403,48.71656,0.8518018,-1,-1,-1
185,5320,462.3044,319.8835,41.310974,57.858948,0.8858377,-1,-1,-1
185,5322,809.7627,302.75323,60.151306,47.243042,0.87301916,-1,-1,-1
185,5324,195.5588,385.47745,98.89249,147.46127,0.7884448,-1,-1,-1
185,5345,229.85384,308.89957,31.905472,64.14267,0.87476677,-1,-1,-1
185,5350,567.9889,161.21774,36.916687,58.91507,0.860575,-1,-1,-1
185,5355,118.945045,30.158092,66.40948,49.662014,0.84669495,-1,-1,-1
185,5365,316.73087,436.15497,47.25351,63.45633,0.8783273,-1,-1,-1
185,5364,899.7226,60.369568,46.53888,57.05169,0.7905512,-1,-1,-1
185,5367,414.3664,405.35532,47.826538,60.003296,0.8688446,-1,-1,-1
185,5368,699.0856,44.822433,39.232788,52.039345,0.8929539,-1,-1,-1
185,5371,390.4907,125.188354,42.031677,55.715073,0.9154987,-1,-1,-1
185,5382,0.0,253.26054,29.678284,33.198166,0.32910255,-1,-1,-1
185,5383,483.8601,0.36888802,71.41144,77.87027,0.5933532,-1,-1,-1
186,5313,485.85526,228.86536,35.658356,59.147797,0.8690683,-1,-1,-1
186,5315,203.78151,77.90265,59.79268,46.904404,0.8732941,-1,-1,-1
186,5316,517.64276,160.5935,37.56537,69.514694,0.8542066,-1,-1,-1
186,5319,215.95988,42.56672,64.90346,48.717766,0.8546826,-1,-1,-1
186,5320,462.28506,319.72357,41.302673,57.766083,0.8846359,-1,-1,-1
186,5322,809.6419,302.78845,60.17334,47.282898,0.8737771,-1,-1,-1
186,5324,194.16978,387.43503,98.48518,146.58981,0.84709996,-1,-1,-1
186,5345,229.80693,308.53192,31.957321,63.83426,0.87545675,-1,-1,-1
186,5350,568.05414,162.4011,37.258423,58.735596,0.87251264,-1,-1,-1
186,5355,119.621445,29.883984,65.67796,49.383892,0.8481681,-1,-1,-1
186,5365,314.31073,440.53674,47.03476,63.514038,0.8641179,-1,-1,-1
186,5364,899.3792,60.549232,46.980957,57.233047,0.7867496,-1,-1,-1
186,5367,414.45062,405.01437,47.571533,59.952423,0.87069696,-1,-1,-1
186,5368,701.75354,40.61417,39.369446,50.976788,0.8805808,-1,-1,-1
186,5371,388.88608,127.60284,41.6084,56.46192,0.8914953,-1,-1,-1
186,5382,0.0,252.52121,29.883633,33.547516,0.3469807,-1,-1,-1
186,5383,482.73312,0.3725035,71.46744,80.25283,0.6270294,-1,-1,-1
187,5313,485.93433,228.62152,35.519897,58.92868,0.86900604,-1,-1,-1
187,5315,203.86017,77.72882,59.778076,46.765015,0.86947656,-1,-1,-1
187,5316,517.8619,160.30328,37.03595,69.52989,0.85658026,-1,-1,-1
187,5319,216.67833,42.038765,63.999832,49.02021,0.8539169,-1,-1,-1
187,5320,462.26636,319.49753,41.393158,57.79074,0.8856493,-1,-1,-1
187,5322,809.5741,302.70807,60.171936,47.39331,0.87460834,-1,-1,-1
187,5324,192.99075,389.4387,98.52542,144.20139,0.82904506,-1,-1,-1
187,5345,229.66367,308.0264,32.284546,63.899445,0.8767921,-1,-1,-1
187,5350,568.78314,163.81398,37.54608,58.8683,0.86213267,-1,-1,-1
187,5355,120.15481,29.587643,65.34693,49.1571,0.85257643,-1,-1,-1
187,5365,311.63336,445.51666,47.17694,63.149292,0.86523765,-1,-1,-1
187,5364,899.0743,60.62492,47.59253,57.463184,0.78867507,-1,-1,-1
187,5367,414.04517,404.52646,47.93683,60.01883,0.86427605,-1,-1,-1
187,5368,704.31714,35.34362,40.039734,51.14952,0.87138444,-1,-1,-1
187,5371,387.17596,130.37656,41.775116,56.34587,0.8935339,-1,-1,-1
187,5382,0.0,251.76569,30.023392,33.90924,0.4001807,-1,-1,-1
187,5383,482.1869,0.3266454,71.019165,82.45907,0.54023296,-1,-1,-1
188,5313,485.9635,228.47668,35.344116,58.82431,0.8700083,-1,-1,-1
188,5315,203.91614,77.53294,59.72345,46.6306,0.86727303,-1,-1,-1
188,5316,517.84186,160.11563,36.864502,69.41429,0.85728663,-1,-1,-1
188,5319,217.03908,41.70323,63.685318,49.177963,0.8538085,-1,-1,-1
188,5320,462.209,319.23825,41.355927,57.822998,0.8845267,-1,-1,-1
188,5322,809.4316,302.61057,60.09149,47.568207,0.87514234,-1,-1,-1
188,5324,189.12479,392.02576,100.7818,141.54181,0.83837205,-1,-1,-1
188,5345,229.47842,307.46576,32.427216,63.911713,0.875979,-1,-1,-1
188,5350,569.6355,165.23949,37.34308,59.084015,0.8706185,-1,-1,-1
188,5355,120.14641,29.123087,65.559784,49.30735,0.8503274,-1,-1,-1
188,5365,309.173,450.4268,47.263123,63.230743,0.88024545,-1,-1,-1
188,5364,899.2565,60.880676,47.36499,57.389214,0.7870032,-1,-1,-1
188,5367,413.68622,403.96964,48.20642,60.28766,0.86258554,-1,-1,-1
188,5368,707.323,30.291039,39.818665,51.19458,0.86422163,-1,-1,-1
188,5371,385.52194,133.33517,41.58368,56.375824,0.89986837,-1,-1,-1
188,5382,0.0,251.05315,30.21634,33.94136,0.3482526,-1,-1,-1
188,5383,481.9053,0.3068541,70.58389,84.529655,0.5099803,-1,-1,-1
189,5313,485.93997,228.44615,35.365448,58.65016,0.87099487,-1,-1,-1
189,5315,203.96944,77.414,59.486374,46.14541,0.87293077,-1,-1,-1
189,5316,517.90155,160.08003,36.766174,69.14377,0.861279,-1,-1,-1
189,5319,217.48145,41.446674,63.390076,49.225124,0.8532759,-1,-1,-1
189,5320,462.1824,319.05188,41.36261,57.858704,0.88504064,-1,-1,-1
189,5322,809.28107,302.7727,60.030823,47.50717,0.87443125,-1,-1,-1
189,5324,187.09337,394.89194,101.629776,137.57596,0.8289363,-1,-1,-1
189,5345,229.44217,306.95325,32.40216,64.10626,0.8769574,-1,-1,-1
189,5350,570.35504,166.55516,37.407104,59.170715,0.87710863,-1,-1,-1
189,5355,120.30118,28.791145,65.50154,49.299393,0.8515185,-1,-1,-1
189,5365,306.91046,454.52957,47.357452,63.390778,0.8604033,-1,-1,-1
189,5364,898.8528,61.151966,47.858276,57.48521,0.7865738,-1,-1,-1
189,5367,415.10327,402.8045,46.814972,60.74521,0.8724407,-1,-1,-1
189,5368,710.3143,25.176674,39.90045,51.255013,0.85699797,-1,-1,-1
189,5371,383.82996,136.54016,41.83368,56.2274,0.8873187,-1,-1,-1
189,5382,0.0,250.64293,30.563951,33.975662,0.32703328,-1,-1,-1
189,5383,480.59134,0.35876352,70.54764,86.04318,0.59960234,-1,-1,-1
190,5313,485.93936,228.35701,35.43051,58.656113,0.8706703,-1,-1,-1
190,5315,203.99019,77.14423,59.426315,45.8927,0.8869077,-1,-1,-1
190,5316,517.97705,160.01921,36.860046,68.98341,0.8642448,-1,-1,-1
190,5319,217.62737,41.143364,63.33055,49.29798,0.85277504,-1,-1,-1
190,5320,462.13077,318.88232,41.478302,57.8761,0.88363326,-1,-1,-1
190,5322,809.2044,302.73138,59.97943,47.670685,0.8760266,-1,-1,-1
190,5324,183.26593,397.5271,103.66843,135.69415,0.824649,-1,-1,-1
190,5345,229.30391,306.3196,32.55977,64.597565,0.8775975,-1,-1,-1
190,5350,570.5881,167.71675,37.89624,59.389404,0.8873204,-1,-1,-1
190,5355,120.384895,28.29906,65.61933,49.392246,0.8531147,-1,-1,-1
190,5365,303.6841,459.20395,47.787445,63.349945,0.8505431,-1,-1,-1
190,5364,898.69495,61.20115,48.250977,57.574448,0.7841528,-1,-1,-1
190,5367,415.8528,402.34137,46.07132,60.774353,0.8970066,-1,-1,-1
190,5368,714.11176,20.416275,39.25067,50.654556,0.867107,-1,-1,-1
190,5371,382.16852,139.40677,41.983856,55.996216,0.8977096,-1,-1,-1
190,5383,479.20874,0.3871645,70.63263,87.816345,0.74968755,-1,-1,-1
191,5313,486.05408,228.23982,35.569336,58.48262,0.86963284,-1,-1,-1
191,5315,204.42929,76.536995,59.74057,46.36962,0.86082995,-1,-1,-1
191,5316,518.12604,159.85585,37.028687,68.919586,0.8656624,-1,-1,-1
191,5319,217.78705,40.862686,63.221283,49.166977,0.852143,-1,-1,-1
191,5320,462.0592,318.63727,41.632355,58.003967,0.88453305,-1,-1,-1
191,5322,809.15283,302.7648,60.04077,47.745544,0.8761767,-1,-1,-1
191,5324,179.92213,399.76572,105.583664,134.10947,0.82092726,-1,-1,-1
191,5345,229.29922,306.1221,32.557373,64.34482,0.8757109,-1,-1,-1
191,5350,570.7744,169.72551,38.690186,58.566757,0.88174015,-1,-1,-1
191,5355,120.65874,27.803572,65.62129,49.49118,0.85633475,-1,-1,-1
191,5365,300.96432,463.8397,48.054596,63.643097,0.8626753,-1,-1,-1
191,5364,899.3347,61.41445,47.9057,57.63391,0.79064447,-1,-1,-1
191,5367,415.6466,402.3967,46.281006,60.544952,0.8678466,-1,-1,-1
191,5368,716.8608,15.568635,39.705505,50.165527,0.8652165,-1,-1,-1
191,5371,380.9272,142.64058,41.680634,55.15381,0.89753354,-1,-1,-1
191,5383,478.23755,0.8961169,70.36267,89.88227,0.8301078,-1,-1,-1
191,5392,1001.2327,351.2534,22.491882,25.37149,0.36472496,-1,-1,-1
192,5313,486.13797,228.10826,35.574005,58.434464,0.86787635,-1,-1,-1
192,5315,204.7146,76.072556,59.81613,46.417908,0.8618179,-1,-1,-1
192,5316,518.2412,159.70209,37.164368,68.956726,0.86648816,-1,-1,-1
192,5319,218.13072,40.54462,63.035507,49.038105,0.85082793,-1,-1,-1
192,5320,462.06454,318.4402,41.67801,58.076843,0.8835655,-1,-1,-1
192,5322,809.1382,302.78992,59.90619,47.80426,0.8770489,-1,-1,-1
192,5324,178.3464,401.96082,105.70801,131.96051,0.81433445,-1,-1,-1
192,5345,229.39105,305.8243,32.570892,64.39966,0.8735858,-1,-1,-1
192,5350,571.03436,170.99547,39.34558,58.340637,0.86771387,-1,-1,-1
192,5355,120.787735,27.368631,65.62961,49.51776,0.8530302,-1,-1,-1
192,5365,298.2665,467.92523,48.148773,63.49646,0.8533912,-1,-1,-1
192,5364,899.2488,61.625935,48.314392,57.834667,0.796773,-1,-1,-1
192,5367,415.81958,402.18677,46.112183,60.55069,0.86483836,-1,-1,-1
192,5368,719.51074,10.680015,39.837097,49.962048,0.85970837,-1,-1,-1
192,5371,379.05804,145.54756,42.032257,55.622406,0.90681607,-1,-1,-1
192,5383,477.2754,1.5082332,70.28595,92.062874,0.82076055,-1,-1,-1
192,5392,1000.7131,351.53775,22.680237,24.611145,0.34929395,-1,-1,-1
193,5313,486.56882,227.77002,35.160248,58.3443,0.86770344,-1,-1,-1
193,5315,204.98982,75.82454,59.90776,46.15368,0.8586887,-1,-1,-1
193,5316,518.43024,159.59512,37.25598,68.91974,0.86543304,-1,-1,-1
193,5319,218.5016,40.310963,62.782333,48.93607,0.85233504,-1,-1,-1
193,5320,462.03555,318.29807,41.69525,58.097137,0.8828305,-1,-1,-1
193,5322,809.4072,302.44977,59.458313,48.452515,0.8756301,-1,-1,-1
193,5324,178.52768,404.66992,103.21292,129.5423,0.78421754,-1,-1,-1
193,5345,229.38611,305.39783,32.64676,64.35281,0.8685082,-1,-1,-1
193,5350,571.18,172.40326,40.039368,58.19948,0.8638762,-1,-1,-1
193,5355,120.61225,26.687912,65.86959,49.741615,0.85302085,-1,-1,-1
193,5365,295.57156,473.26816,48.15042,62.47287,0.83020073,-1,-1,-1
193,5364,899.4283,61.642803,48.24359,57.795544,0.7988285,-1,-1,-1
193,5367,415.93503,401.85287,45.875183,60.73767,0.8676974,-1,-1,-1
193,5368,722.22675,6.1502194,39.81604,49.54656,0.8613703,-1,-1,-1
193,5371,377.26187,148.48143,42.390015,55.34198,0.89984655,-1,-1,-1
193,5383,476.43912,3.5244188,70.18753,91.91195,0.79567885,-1,-1,-1
193,5393,594.24664,0.21883802,40.84619,31.649166,0.61622834,-1,-1,-1
194,5313,486.57837,227.45769,35.11786,58.446945,0.86513513,-1,-1,-1
194,5315,205.0697,75.39669,60.206024,46.331604,0.8660206,-1,-1,-1
194,5316,518.45917,159.41394,37.38733,69.0486,0.865346,-1,-1,-1
194,5319,218.54282,39.845497,62.908752,49.111458,0.8529002,-1,-1,-1
194,5320,462.02884,318.18094,41.67581,58.09082,0.88210607,-1,-1,-1
194,5322,809.17786,302.7481,59.798096,48.070404,0.876157,-1,-1,-1
194,5324,178.04091,407.2823,101.712814,127.84564,0.75671417,-1,-1,-1
194,5345,229.22823,304.97556,32.633804,64.25299,0.8653039,-1,-1,-1
194,5350,571.7276,173.90903,40.31549,57.88925,0.8653603,-1,-1,-1
194,5355,120.581085,26.080072,65.96118,50.00119,0.8560237,-1,-1,-1
194,5365,293.07568,478.12766,47.88504,59.493927,0.8208321,-1,-1,-1
194,5364,899.8162,61.82917,47.899475,57.77382,0.80270153,-1,-1,-1
194,5367,415.17142,401.53763,46.814636,60.611603,0.8622774,-1,-1,-1
194,5368,725.2195,1.555637,39.522156,49.214165,0.86715055,-1,-1,-1
194,5371,375.8565,151.41501,42.125214,55.238876,0.8971171,-1,-1,-1
194,5383,475.43338,5.1958036,70.5394,92.094734,0.68522745,-1,-1,-1
194,5393,593.02167,0.23103061,42.661316,33.626236,0.69334805,-1,-1,-1
194,5392,996.361,351.97092,26.686768,23.77948,0.27103496,-1,-1,-1
195,5313,486.43207,227.3675,35.407288,58.24765,0.863608,-1,-1,-1
195,5315,205.4388,75.24557,59.811996,45.926155,0.86334413,-1,-1,-1
195,5316,518.4679,159.27913,37.590332,69.10629,0.86618567,-1,-1,-1
195,5319,218.77802,39.437748,62.995605,49.21459,0.8533361,-1,-1,-1
195,5320,462.0336,318.00555,41.645508,58.28058,0.8830839,-1,-1,-1
195,5322,809.1317,303.03348,59.74237,47.741272,0.87575525,-1,-1,-1
195,5324,177.88972,409.52344,100.52269,125.89087,0.6572493,-1,-1,-1
195,5345,229.2754,304.67374,32.476395,64.0083,0.8630358,-1,-1,-1
195,5350,572.46796,175.41525,40.424988,58.33487,0.8564574,-1,-1,-1
195,5355,120.69882,25.751684,65.876755,49.8244,0.85216963,-1,-1,-1
195,5365,290.77896,482.50046,47.632965,55.822784,0.77516997,-1,-1,-1
195,5364,900.0277,61.969376,47.51367,57.62702,0.8073631,-1,-1,-1
195,5367,414.90475,401.1525,47.210266,60.723724,0.8612357,-1,-1,-1
195,5368,728.0354,0.0,39.642456,45.775864,0.86804205,-1,-1,-1
195,5371,374.62372,154.28345,41.74466,54.95668,0.8950851,-1,-1,-1
195,5383,474.3917,6.5191913,70.22757,92.236755,0.56698954,-1,-1,-1
195,5393,591.55194,0.0833205,42.476624,36.485058,0.75741047,-1,-1,-1
196,5313,486.38458,227.13954,35.435913,58.299942,0.8619995,-1,-1,-1
196,5315,205.70798,74.952324,59.68271,45.846153,0.86361414,-1,-1,-1
196,5316,518.47943,159.11708,37.654236,69.160095,0.8660383,-1,-1,-1
196,5319,218.97527,39.03307,63.028366,49.192097,0.85511476,-1,-1,-1
196,5320,462.0424,317.83636,41.59485,58.335236,0.88416123,-1,-1,-1
196,5322,809.1354,303.17493,59.644104,47.579163,0.87730896,-1,-1,-1
196,5324,176.57814,411.23813,100.65712,124.30148,0.6547926,-1,-1,-1
196,5345,229.20045,304.22626,32.266434,64.36679,0.8647552,-1,-1,-1
196,5350,573.54065,177.02356,40.0094,58.313263,0.8580808,-1,-1,-1
196,5355,120.79523,25.156351,65.84624,49.886818,0.85191095,-1,-1,-1
196,5365,288.87952,487.0822,47.058502,51.259033,0.751842,-1,-1,-1
196,5364,900.5014,62.187256,46.923767,57.413246,0.80931246,-1,-1,-1
196,5367,415.0237,400.7719,47.198364,60.494568,0.8638856,-1,-1,-1
196,5368,731.0489,0.0,39.077026,40.667908,0.8215084,-1,-1,-1
196,5371,372.9852,157.07843,41.902557,54.83745,0.90222883,-1,-1,-1
196,5383,472.8868,8.123152,70.339325,92.26154,0.4988906,-1,-1,-1
196,5393,589.90643,0.018974973,43.52777,39.170628,0.8072287,-1,-1,-1
196,5394,176.80383,410.77594,101.48187,122.904175,0.5345519,-1,-1,-1
196,5382,0.044811565,247.32585,30.568102,33.545517,0.2516012,-1,-1,-1
197,5313,486.47107,226.94547,35.321106,58.32074,0.86124057,-1,-1,-1
197,5315,206.07936,74.49113,59.62938,45.966965,0.8633585,-1,-1,-1
197,5316,518.6346,159.01123,37.611694,69.080215,0.86597234,-1,-1,-1
197,5319,219.43947,39.02431,62.72136,48.791813,0.85859907,-1,-1,-1
197,5320,462.05637,317.6814,41.519867,58.287354,0.88584965,-1,-1,-1
197,5322,809.1211,303.1823,59.599,47.55243,0.87852675,-1,-1,-1
197,5324,175.75395,413.27756,100.60805,122.34305,0.53440654,-1,-1,-1
197,5345,229.18884,303.96216,32.015717,64.22122,0.8684805,-1,-1,-1
197,5350,574.4838,178.41927,40.163025,58.67691,0.8558086,-1,-1,-1
197,5355,121.12902,24.913351,65.55157,49.612213,0.85492843,-1,-1,-1
197,5365,287.04703,491.88565,45.77881,46.558746,0.67689526,-1,-1,-1
197,5364,900.6609,62.336357,46.87384,57.038673,0.8060384,-1,-1,-1
197,5367,415.0589,400.40536,47.33133,60.385254,0.8647365,-1,-1,-1
197,5368,734.33966,0.0,36.83368,35.523724,0.8033546,-1,-1,-1
197,5371,371.40482,160.04959,41.95938,55.0795,0.9008655,-1,-1,-1
197,5383,472.0511,10.2495165,70.612305,91.22589,0.42717457,-1,-1,-1
197,5393,588.5373,0.0,44.743774,41.484825,0.8248993,-1,-1,-1
197,5394,177.06493,412.90463,100.38948,121.82413,0.673531,-1,-1,-1
197,5382,0.041542318,246.45416,30.70278,33.686127,0.40968314,-1,-1,-1
198,5313,486.58563,226.93326,35.313354,57.86911,0.86951154,-1,-1,-1
198,5315,206.56415,73.97761,59.3024,46.287872,0.8647882,-1,-1,-1
198,5316,518.7299,158.99448,37.576294,68.975784,0.8655697,-1,-1,-1
198,5319,219.53201,38.7973,62.59018,48.767834,0.86063415,-1,-1,-1
198,5320,462.0575,317.62805,41.392944,58.10562,0.8878745,-1,-1,-1
198,5322,809.00946,303.17218,59.48163,47.602753,0.87962586,-1,-1,-1
198,5324,174.90796,415.88278,100.18198,119.868195,0.56125236,-1,-1,-1
198,5345,229.26047,303.74692,31.821838,64.118774,0.86899644,-1,-1,-1
198,5350,575.1073,180.01758,40.496826,59.0663,0.8591757,-1,-1,-1
198,5355,121.390686,24.756945,65.26483,49.5066,0.85568094,-1,-1,-1
198,5365,286.36948,496.8231,43.510162,41.276947,0.5443785,-1,-1,-1
198,5364,900.3074,62.52634,47.11487,56.980984,0.806373,-1,-1,-1
198,5367,414.92932,400.14084,47.55243,60.361145,0.86644405,-1,-1,-1
198,5368,737.4404,0.0,34.873596,30.951626,0.7999243,-1,-1,-1
198,5371,369.76535,163.447,41.97473,54.47455,0.8996534,-1,-1,-1
198,5383,470.9135,11.5847,70.25281,92.09291,0.54736316,-1,-1,-1
198,5393,588.04425,0.0,45.67926,43.693127,0.82576597,-1,-1,-1
198,5394,176.63565,415.79688,99.27591,119.49744,0.6612954,-1,-1,-1
198,5382,0.033389412,245.53488,30.62846,33.89386,0.501771,-1,-1,-1
199,5313,486.77252,226.6379,35.025085,58.203537,0.8650908,-1,-1,-1
199,5315,206.79027,73.57707,59.26927,46.401497,0.8668558,-1,-1,-1
199,5316,518.8033,158.95947,37.629333,68.934326,0.86598325,-1,-1,-1
199,5319,219.79333,38.697647,62.386993,48.63967,0.86294603,-1,-1,-1
199,5320,462.10303,317.63675,41.10138,57.919373,0.88962644,-1,-1,-1
199,5322,808.95435,303.14417,59.33734,47.680603,0.87988424,-1,-1,-1
199,5324,174.0387,418.38333,99.57355,118.116425,0.71309143,-1,-1,-1
199,5345,229.40123,303.58807,31.762314,63.753265,0.86872214,-1,-1,-1
199,5350,575.958,181.55424,40.299683,59.10971,0.86442363,-1,-1,-1
199,5355,121.69915,24.53014,65.06364,49.516888,0.84984297,-1,-1,-1
199,5364,900.62396,62.715015,46.976013,57.05685,0.80419457,-1,-1,-1
199,5367,415.15982,399.95822,47.359253,59.902283,0.87441295,-1,-1,-1
199,5368,740.01483,0.0,33.41559,26.03687,0.56670105,-1,-1,-1
199,5371,368.2549,166.38184,41.853485,54.295,0.90083116,-1,-1,-1
199,5383,469.77322,13.281988,70.34061,92.914215,0.53006464,-1,-1,-1
199,5393,586.9001,0.029192014,46.731934,45.867367,0.8378393,-1,-1,-1
199,5394,176.1306,418.73462,98.32399,116.78546,0.7377005,-1,-1,-1
199,5382,0.08158231,244.90717,30.648886,34.12805,0.5433316,-1,-1,-1
200,5313,486.76917,226.29588,34.942078,58.048508,0.8664838,-1,-1,-1
200,5315,206.75887,73.01563,59.41783,46.5736,0.8676564,-1,-1,-1
200,5316,518.79254,158.76027,37.666016,68.92604,0.86681706,-1,-1,-1
200,5319,219.95322,38.370613,62.43094,48.570145,0.86278373,-1,-1,-1
200,5320,462.09497,317.42984,40.99716,57.937073,0.89155346,-1,-1,-1
200,5322,808.92285,303.07535,59.355286,47.764557,0.87959105,-1,-1,-1
200,5324,173.10155,420.90533,99.30507,115.91821,0.44372943,-1,-1,-1
200,5345,229.31245,303.21082,31.804794,63.45862,0.8665358,-1,-1,-1
200,5350,576.7339,183.21022,40.335632,58.45288,0.867987,-1,-1,-1
200,5355,122.01744,24.197557,64.76367,49.301872,0.84798837,-1,-1,-1
200,5364,900.66785,62.845303,47.069885,56.97022,0.8111238,-1,-1,-1
200,5367,415.51865,399.5449,47.025482,59.78952,0.8704416,-1,-1,-1
200,5371,366.32523,169.29514,42.36035,54.121323,0.90593797,-1,-1,-1
200,5383,468.68753,15.402693,70.59549,92.94708,0.7634647,-1,-1,-1
200,5393,585.70496,0.0,47.375854,47.95756,0.83569604,-1,-1,-1
200,5394,175.52003,421.26187,97.46803,114.15732,0.80146706,-1,-1,-1
200,5382,0.03577333,244.4423,30.73173,34.220505,0.51512134,-1,-1,-1
201,5313,486.97568,226.04813,34.899567,58.076202,0.8668614,-1,-1,-1
201,5315,206.7213,72.42058,59.527237,46.906387,0.8677398,-1,-1,-1
201,5316,518.8497,158.54341,37.84314,69.05208,0.86511415,-1,-1,-1
201,5319,220.13797,38.07629,62.382782,48.574657,0.86326724,-1,-1,-1
201,5320,462.11673,317.1912,40.999695,58.067993,0.89278996,-1,-1,-1
201,5322,808.9044,303.181,59.21826,47.640594,0.88055074,-1,-1,-1
201,5345,229.22841,302.6964,31.963516,63.47528,0.8647135,-1,-1,-1
201,5350,577.53015,184.65897,40.469727,58.39569,0.8614278,-1,-1,-1
201,5355,122.3661,23.878344,64.79122,49.402847,0.8483835,-1,-1,-1
201,5364,901.09406,62.956387,46.839966,57.01476,0.8139074,-1,-1,-1
201,5367,415.41556,399.27145,47.07312,59.802887,0.8662956,-1,-1,-1
201,5371,364.7348,172.03105,42.33008,54.192368,0.9076029,-1,-1,-1
201,5383,467.61346,17.46754,71.07379,92.415726,0.72337246,-1,-1,-1
201,5393,584.2013,0.015389488,47.718872,50.693558,0.84197515,-1,-1,-1
201,5382,0.03804821,243.94717,30.86089,34.113373,0.5212717,-1,-1,-1
202,5313,487.02634,225.86961,35.17575,58.222366,0.8672313,-1,-1,-1
202,5315,206.68706,72.11104,59.713364,46.979897,0.8646041,-1,-1,-1
202,5316,519.07806,158.53735,37.682007,68.90396,0.8607533,-1,-1,-1
202,5319,220.35919,37.827915,62.353516,48.50246,0.86470467,-1,-1,-1
202,5320,462.22986,316.99097,40.94467,58.097992,0.89253104,-1,-1,-1
202,5322,808.93463,303.19766,59.12567,47.710358,0.88048714,-1,-1,-1
202,5345,229.27107,302.22787,32.027267,63.446533,0.8630129,-1,-1,-1
202,5350,578.29517,186.30728,40.37903,58.087524,0.86494863,-1,-1,-1
202,5355,122.78359,23.413895,64.30578,49.4886,0.85471994,-1,-1,-1
202,5364,901.28455,63.071133,46.96924,57.393482,0.8082781,-1,-1,-1
202,5367,415.79312,399.11856,46.62802,59.611023,0.8670464,-1,-1,-1
202,5371,362.9444,175.13408,42.37784,54.3367,0.89002174,-1,-1,-1
202,5383,466.93713,18.712528,70.90344,92.93515,0.8420653,-1,-1,-1
202,5393,582.56494,0.04290618,48.208313,52.47107,0.85221136,-1,-1,-1
202,5382,0.06743831,243.43053,31.025545,34.59764,0.5586638,-1,-1,-1
202,5324,172.11252,425.41248,97.09677,111.51874,0.80404556,-1,-1,-1
203,5313,487.1504,225.6256,35.313904,58.128708,0.8716715,-1,-1,-1
203,5315,206.74481,71.44498,60.21866,47.746117,0.90025765,-1,-1,-1
203,5316,519.20636,158.41252,37.60382,68.94061,0.8598078,-1,-1,-1
203,5319,220.41653,37.38843,62.530853,48.627758,0.8672603,-1,-1,-1
203,5320,462.33432,316.47522,40.95291,58.204742,0.8964685,-1,-1,-1
203,5322,808.9861,303.3194,59.079346,47.716858,0.881043,-1,-1,-1
203,5345,229.25414,301.569,32.31761,63.44922,0.86323225,-1,-1,-1
203,5350,578.8499,187.85535,40.572327,58.4758,0.85943323,-1,-1,-1
203,5355,122.95839,23.172447,64.14084,49.169518,0.85654,-1,-1,-1
203,5364,901.77673,63.18078,46.86859,57.50943,0.80847985,-1,-1,-1
203,5367,415.94733,398.8759,46.385834,59.646027,0.8635034,-1,-1,-1
203,5371,361.72534,178.06271,42.021606,54.63977,0.8931123,-1,-1,-1
203,5383,466.33215,20.657476,70.57715,92.991646,0.81335527,-1,-1,-1
203,5393,581.2163,0.24191909,48.17224,54.0193,0.87156856,-1,-1,-1
203,5382,0.0729224,243.11613,31.085697,34.557938,0.55100095,-1,-1,-1
203,5324,171.08453,427.61615,96.2001,109.79254,0.8567936,-1,-1,-1
204,5313,487.17422,225.39256,35.3356,57.793655,0.8713934,-1,-1,-1
204,5315,206.82133,71.15049,60.43889,47.961044,0.888941,-1,-1,-1
204,5316,519.29596,158.35484,37.442505,68.85132,0.8588701,-1,-1,-1
204,5319,220.44092,36.893013,62.796844,48.8301,0.8707287,-1,-1,-1
204,5320,462.35062,316.17892,40.985107,58.17624,0.9074164,-1,-1,-1
204,5322,809.02716,303.35037,59.083557,47.797333,0.88030547,-1,-1,-1
204,5345,229.34363,301.24017,32.134644,63.349213,0.863273,-1,-1,-1
204,5350,579.8043,189.68456,40.336853,58.312164,0.8600125,-1,-1,-1
204,5355,122.97257,22.954311,64.17698,48.88223,0.85700184,-1,-1,-1
204,5364,902.0311,63.206676,46.904297,57.774418,0.81073713,-1,-1,-1
204,5367,416.30002,398.55133,46.001312,59.546143,0.86517847,-1,-1,-1
204,5371,359.9459,181.24255,42.424957,54.49231,0.89888567,-1,-1,-1
204,5383,465.37112,23.049658,70.03244,92.450775,0.7045577,-1,-1,-1
204,5393,579.82025,1.3021535,47.48285,55.42018,0.8716707,-1,-1,-1
204,5382,0.062363278,242.61751,31.039495,34.314743,0.62397224,-1,-1,-1
204,5324,170.01695,429.71173,95.83919,107.9068,0.864526,-1,-1,-1
205,5313,487.1289,225.16983,35.26355,57.88434,0.87043345,-1,-1,-1
205,5315,206.84683,70.760376,60.644745,48.25309,0.8667332,-1,-1,-1
205,5316,519.31525,158.20473,37.36383,68.79903,0.8594461,-1,-1,-1
205,5319,219.96385,36.100357,62.512558,49.327766,0.86895704,-1,-1,-1
205,5320,462.3009,316.27005,40.97998,57.91458,0.8928226,-1,-1,-1
205,5322,809.0301,303.4374,59.052856,47.686157,0.8801999,-1,-1,-1
205,5345,229.23665,300.71274,32.107986,63.46109,0.8618762,-1,-1,-1
205,5350,580.5127,191.34189,40.496704,58.398544,0.8596881,-1,-1,-1
205,5355,122.911415,22.492023,64.45191,48.991,0.8472611,-1,-1,-1
205,5364,902.08124,63.260147,47.159058,57.90954,0.80300033,-1,-1,-1
205,5367,416.45718,398.26886,45.837677,59.592865,0.8636098,-1,-1,-1
205,5371,358.1898,184.25659,42.446198,54.226776,0.8939953,-1,-1,-1
205,5383,464.14395,24.94815,70.17197,92.77586,0.68035996,-1,-1,-1
205,5393,578.09015,2.6562827,47.91986,56.171688,0.8588612,-1,-1,-1
205,5382,0.023213252,242.00076,31.104153,33.60788,0.61284876,-1,-1,-1
205,5324,169.18405,432.61893,95.62573,104.75168,0.86238545,-1,-1,-1
205,5396,464.26263,24.450167,70.42346,93.61415,0.3335859,-1,-1,-1
206,5313,487.19763,225.00125,35.200012,57.724884,0.87012446,-1,-1,-1
206,5315,206.27115,70.317116,61.430145,48.5054,0.8815998,-1,-1,-1
206,5316,519.3505,158.13635,37.402893,68.526215,0.85980594,-1,-1,-1
206,5319,220.24846,35.787624,63.00081,49.31531,0.8628326,-1,-1,-1
206,5320,462.33786,316.21848,40.960144,57.739258,0.8937846,-1,-1,-1
206,5322,809.0276,303.43405,59.023987,47.798645,0.88110214,-1,-1,-1
206,5345,229.35844,300.59985,31.808273,63.22342,0.8606917,-1,-1,-1
206,5350,581.59796,192.95003,40.577087,58.803375,0.8801194,-1,-1,-1
206,5355,123.049446,21.978193,64.466835,49.154488,0.84598076,-1,-1,-1
206,5364,902.2713,63.325634,47.17981,57.79952,0.8057686,-1,-1,-1
206,5367,415.85043,397.90607,46.413666,60.068756,0.8631688,-1,-1,-1
206,5371,356.67636,187.49704,42.088715,54.010757,0.8944013,-1,-1,-1
206,5383,463.42438,26.881079,69.734375,93.30116,0.7005234,-1,-1,-1
206,5393,576.3941,4.494041,48.333313,56.59762,0.8574456,-1,-1,-1
206,5382,0.015580695,241.52383,31.125145,33.401886,0.51890117,-1,-1,-1
206,5324,168.51732,435.55133,94.837234,101.62537,0.8713644,-1,-1,-1
207,5313,487.31903,224.6996,34.970825,58.121445,0.87235713,-1,-1,-1
207,5315,206.6726,70.213356,60.674744,48.004944,0.861415,-1,-1,-1
207,5316,519.3207,158.0686,37.427795,68.45024,0.85919136,-1,-1,-1
207,5319,220.19972,35.086216,63.686813,49.718258,0.8562707,-1,-1,-1
207,5320,462.32904,316.00833,40.94864,57.76416,0.8927855,-1,-1,-1
207,5322,809.0636,303.65665,58.86975,47.615784,0.8809725,-1,-1,-1
207,5345,229.21938,300.16342,32.03389,63.525726,0.8606739,-1,-1,-1
207,5350,582.1862,194.77296,40.923218,58.873184,0.86855614,-1,-1,-1
207,5355,123.2079,21.816807,65.001724,49.262897,0.8452893,-1,-1,-1
207,5364,902.7725,63.574352,46.745544,57.56291,0.8069284,-1,-1,-1
207,5367,415.72202,397.6366,46.524445,60.19873,0.8660535,-1,-1,-1
207,5371,355.17038,190.57193,41.804016,54.232895,0.9015436,-1,-1,-1
207,5383,461.65057,29.066557,70.73547,93.21457,0.70251393,-1,-1,-1
207,5393,574.9116,6.537225,48.820496,57.13683,0.8539271,-1,-1,-1
207,5382,0.020888392,241.06596,31.038183,33.41417,0.62456506,-1,-1,-1
207,5324,167.60147,437.89874,94.46835,99.14703,0.86769843,-1,-1,-1
208,5313,487.37515,224.45059,34.926666,58.396667,0.87240297,-1,-1,-1
208,5315,206.84712,70.07436,60.3705,47.78444,0.8608395,-1,-1,-1
208,5316,519.2196,157.69037,37.706604,69.04799,0.85699934,-1,-1,-1
208,5319,220.26501,34.734688,63.975708,49.83235,0.8585582,-1,-1,-1
208,5320,462.2939,315.55267,41.089264,58.09665,0.90017766,-1,-1,-1
208,5322,809.10376,303.7975,58.76288,47.536804,0.8806125,-1,-1,-1
208,5345,229.27745,300.04745,31.998947,63.68927,0.8681669,-1,-1,-1
208,5350,583.0001,196.59367,41.25177,58.42758,0.875743,-1,-1,-1
208,5355,123.44661,21.61373,65.17587,49.178352,0.8472735,-1,-1,-1
208,5364,902.7804,63.66933,46.89502,57.42232,0.8039886,-1,-1,-1
208,5367,415.51123,397.29907,46.75061,60.3331,0.8663279,-1,-1,-1
208,5371,353.44785,193.66803,42.100037,54.149612,0.9022928,-1,-1,-1
208,5383,460.2673,31.055378,71.200165,92.92415,0.7653633,-1,-1,-1
208,5393,574.0393,8.541863,48.51709,57.012543,0.8613718,-1,-1,-1
208,5382,0.030524047,239.87085,31.519817,33.635376,0.56570506,-1,-1,-1
208,5324,166.67209,439.91205,93.62845,97.09552,0.86526406,-1,-1,-1
209,5313,487.34253,224.21338,34.95941,58.428925,0.8871992,-1,-1,-1
209,5315,207.05609,69.85581,60.075287,47.735405,0.8587613,-1,-1,-1
209,5316,519.10077,157.5949,38.10785,68.99928,0.8564595,-1,-1,-1
209,5319,220.24799,34.42583,64.09503,49.845936,0.8579715,-1,-1,-1
209,5320,462.24753,315.1932,41.173676,58.308533,0.90817076,-1,-1,-1
209,5322,809.11725,303.7724,58.755005,47.58725,0.8811902,-1,-1,-1
209,5345,229.39774,299.73276,31.858246,63.75421,0.8593351,-1,-1,-1
209,5350,583.27026,198.37694,41.90686,58.068253,0.87836933,-1,-1,-1
209,5355,123.47242,21.340284,65.42536,49.10846,0.855979,-1,-1,-1
209,5364,903.1066,63.809284,46.520813,57.181423,0.80725265,-1,-1,-1
209,5367,416.06775,396.03024,46.425995,60.98874,0.8859469,-1,-1,-1
209,5371,352.01865,196.66624,42.15393,54.408035,0.8934075,-1,-1,-1
209,5383,459.5657,33.096275,70.43234,92.514,0.8224352,-1,-1,-1
209,5393,573.0162,11.085257,47.89691,56.36315,0.86259305,-1,-1,-1
209,5382,0.03948118,239.14395,31.862526,34.098846,0.5612254,-1,-1,-1
209,5324,165.0476,442.38388,93.130585,94.5325,0.85415316,-1,-1,-1
210,5313,487.49042,224.02966,34.930847,58.35193,0.89153975,-1,-1,-1
210,5315,207.21399,69.67157,60.007233,47.64865,0.85835755,-1,-1,-1
210,5316,519.2053,157.28384,38.023132,69.39522,0.85639,-1,-1,-1
210,5319,220.2423,34.029453,64.272354,49.97012,0.85636395,-1,-1,-1
210,5320,462.28036,315.01553,41.16162,58.30597,0.8963223,-1,-1,-1
210,5322,809.1961,303.74005,58.67981,47.697906,0.8808523,-1,-1,-1
210,5345,229.59067,299.6705,31.551788,63.66208,0.8582409,-1,-1,-1
210,5350,583.9288,200.12787,42.20874,57.947784,0.87135845,-1,-1,-1
210,5355,123.691986,21.163431,65.40254,48.921005,0.85304826,-1,-1,-1
210,5364,903.4776,63.87688,46.652527,56.70371,0.80408686,-1,-1,-1
210,5367,416.15338,395.432,46.450287,61.521545,0.89107645,-1,-1,-1
210,5371,350.16876,199.47183,42.22113,54.796387,0.8896533,-1,-1,-1
210,5383,458.64597,35.14184,70.065094,92.38109,0.8322344,-1,-1,-1
210,5393,571.80597,13.372614,47.26654,56.150345,0.85709053,-1,-1,-1
210,5382,0.036757816,238.99135,31.981407,34.371445,0.66568315,-1,-1,-1
210,5324,164.51007,445.09772,91.62601,91.87933,0.85728925,-1,-1,-1
211,5313,487.57782,223.83577,34.892944,58.451584,0.88941073,-1,-1,-1
211,5315,207.38203,69.39972,59.892532,47.63732,0.85960054,-1,-1,-1
211,5316,519.23254,157.11124,38.130615,69.535355,0.85757816,-1,-1,-1
211,5319,220.37926,33.633278,64.23595,50.036415,0.85616773,-1,-1,-1
211,5320,462.45395,314.9717,41.03189,57.887238,0.89264506,-1,-1,-1
211,5322,809.173,303.70935,58.731323,47.6839,0.8808525,-1,-1,-1
211,5345,229.57324,299.35135,31.476013,63.76776,0.8577368,-1,-1,-1
211,5350,584.7047,201.99968,42.57019,58.21843,0.875276,-1,-1,-1
211,5355,123.94084,20.847393,65.250244,48.965466,0.8567059,-1,-1,-1
211,5364,903.6798,63.80402,46.80963,56.717396,0.79852664,-1,-1,-1
211,5367,416.2201,395.61227,46.322998,60.815094,0.86578846,-1,-1,-1
211,5371,348.12262,202.2611,42.695374,54.93657,0.8873671,-1,-1,-1
211,5383,457.69565,37.264046,70.45145,92.29949,0.8661354,-1,-1,-1
211,5393,569.98926,15.48382,47.53839,56.021873,0.86219686,-1,-1,-1
211,5382,0.026808752,238.7515,32.018036,34.50467,0.6843287,-1,-1,-1
211,5324,163.8449,447.12442,90.203186,89.90781,0.8586673,-1,-1,-1
212,5313,487.45416,223.54424,34.652283,58.351303,0.88127404,-1,-1,-1
212,5315,207.52806,69.07278,59.66942,47.675087,0.8618721,-1,-1,-1
212,5316,519.20197,156.98837,38.23633,69.56795,0.85926265,-1,-1,-1
212,5319,220.54948,33.349766,64.14018,50.072254,0.85343647,-1,-1,-1
212,5320,462.54608,314.8442,40.955353,57.73044,0.8904703,-1,-1,-1
212,5322,809.17,303.72546,58.73993,47.756317,0.88099104,-1,-1,-1
212,5345,229.59818,299.16434,31.36557,63.743835,0.85517776,-1,-1,-1
212,5350,585.6746,203.70114,42.293396,58.126617,0.8731181,-1,-1,-1
212,5355,124.04387,20.553972,65.186325,48.94545,0.8537973,-1,-1,-1
212,5364,903.6699,63.866505,47.108704,56.71178,0.80367744,-1,-1,-1
212,5367,416.04782,395.5077,46.50064,60.78369,0.86011106,-1,-1,-1
212,5371,346.27933,205.28552,42.821198,55.20395,0.8906649,-1,-1,-1
212,5383,456.45288,39.703625,70.81073,92.468475,0.8751857,-1,-1,-1
212,5393,568.5919,17.540571,47.43689,56.045837,0.8709552,-1,-1,-1
212,5382,0.004809858,238.11908,32.23717,34.82791,0.684967,-1,-1,-1
212,5324,162.92412,450.85095,89.42552,86.8988,0.8682625,-1,-1,-1
213,5313,487.4323,223.24292,34.53711,58.40631,0.88052285,-1,-1,-1
213,5315,207.52657,68.722305,59.710922,47.764122,0.8612334,-1,-1,-1
213,5316,519.2336,156.91063,38.2583,69.56969,0.85907894,-1,-1,-1
213,5319,220.57068,33.116547,64.20184,50.104523,0.8505035,-1,-1,-1
213,5320,462.5293,314.6728,40.93985,57.707703,0.8892409,-1,-1,-1
213,5322,809.15546,303.74152,58.731323,47.82666,0.8815577,-1,-1,-1
213,5345,229.44978,299.1129,31.900314,64.30536,0.8593473,-1,-1,-1
213,5350,586.40106,205.52376,42.41626,58.11125,0.869515,-1,-1,-1
213,5355,123.94629,20.126589,65.199036,48.954422,0.84493434,-1,-1,-1
213,5364,903.78064,63.89918,47.028442,56.72553,0.8057421,-1,-1,-1
213,5367,415.94638,395.29117,46.536896,60.61548,0.86170787,-1,-1,-1
213,5371,344.48196,208.26561,43.164215,54.897842,0.9159316,-1,-1,-1
213,5383,455.69965,41.659283,70.64099,92.541565,0.8639344,-1,-1,-1
213,5393,567.2412,19.967968,47.75177,55.99809,0.86461306,-1,-1,-1
213,5382,0.0,237.37881,32.469246,35.184174,0.54802233,-1,-1,-1
213,5324,162.7944,453.1972,88.43686,84.36102,0.8513982,-1,-1,-1
214,5313,487.56454,223.04405,34.479645,58.319412,0.8801121,-1,-1,-1
214,5315,207.57649,68.479576,59.67354,47.77581,0.8623244,-1,-1,-1
214,5316,519.2624,156.91536,38.292786,69.49846,0.8591101,-1,-1,-1
214,5319,220.66707,33.067444,64.251755,49.97606,0.84924537,-1,-1,-1
214,5320,462.6072,314.5935,41.01181,57.593353,0.8875239,-1,-1,-1
214,5322,809.14355,303.85266,58.78296,47.729523,0.88183963,-1,-1,-1
214,5345,229.5458,299.13126,31.871063,64.33972,0.8691599,-1,-1,-1
214,5350,587.5218,207.00818,41.986084,58.3685,0.89297044,-1,-1,-1
214,5355,124.16044,19.822027,65.04293,49.081642,0.8381448,-1,-1,-1
214,5364,903.68744,63.997177,47.108765,56.720963,0.8003472,-1,-1,-1
214,5367,415.7627,395.1369,46.78839,60.970947,0.85718876,-1,-1,-1
214,5371,342.57245,211.79187,42.777527,55.044006,0.90065044,-1,-1,-1
214,5383,454.827,43.877197,70.7496,92.314224,0.8734217,-1,-1,-1
214,5393,565.7408,22.331322,48.348083,56.0343,0.8706843,-1,-1,-1
214,5382,0.0,236.64554,32.635876,35.588715,0.26696694,-1,-1,-1
214,5324,162.46832,455.6537,87.18364,81.94171,0.855416,-1,-1,-1
215,5313,487.56732,222.8862,34.471436,58.431366,0.8806202,-1,-1,-1
215,5315,207.64088,68.26173,59.580368,47.726295,0.8638813,-1,-1,-1
215,5316,519.31573,156.88033,38.271362,69.44183,0.85919416,-1,-1,-1
215,5319,220.7917,32.8773,64.182144,49.886684,0.8508104,-1,-1,-1
215,5320,462.59384,314.4356,41.026978,57.613464,0.8879033,-1,-1,-1
215,5322,809.1731,303.9408,58.68286,47.6929,0.8817893,-1,-1,-1
215,5345,229.5036,298.94357,31.952759,64.535095,0.86685294,-1,-1,-1
215,5350,588.0781,209.10939,42.28961,57.764877,0.8883576,-1,-1,-1
215,5355,124.29656,19.378942,65.24528,49.57775,0.8416943,-1,-1,-1
215,5364,903.7553,64.01854,47.293213,56.68467,0.7951908,-1,-1,-1
215,5367,415.8554,394.89868,46.807953,61.349304,0.8527598,-1,-1,-1
215,5371,340.86514,214.9666,42.915802,54.910294,0.89243823,-1,-1,-1
215,5383,453.8875,46.32661,70.34039,91.692505,0.8181806,-1,-1,-1
215,5393,563.95795,24.558084,49.016052,56.2106,0.8668329,-1,-1,-1
215,5324,162.10786,458.59497,86.151764,79.12622,0.85067326,-1,-1,-1
216,5313,487.5309,222.77655,34.5455,58.401886,0.8831309,-1,-1,-1
216,5315,207.64842,68.076675,59.62422,47.73123,0.8633757,-1,-1,-1
216,5316,519.35785,157.00092,38.398865,69.28558,0.86090493,-1,-1,-1
216,5319,220.94913,32.65618,64.183044,49.905533,0.84870744,-1,-1,-1
216,5320,462.54895,314.22382,41.086975,57.729584,0.88701546,-1,-1,-1
216,5322,809.23096,303.98047,58.629883,47.654663,0.88175935,-1,-1,-1
216,5345,229.38934,298.83658,32.115936,64.61105,0.859843,-1,-1,-1
216,5350,588.95483,210.81505,42.454895,57.42549,0.86897033,-1,-1,-1
216,5355,124.34951,19.359146,65.44279,49.48519,0.84919,-1,-1,-1
216,5364,903.82825,64.26632,47.30487,56.485268,0.8038369,-1,-1,-1
216,5367,415.94788,394.69763,46.830902,61.505493,0.85377854,-1,-1,-1
216,5371,339.31198,217.99022,42.601562,55.287247,0.90658915,-1,-1,-1
216,5383,452.21674,47.606403,70.63568,92.574844,0.72223437,-1,-1,-1
216,5393,562.49475,26.972109,49.00305,55.963165,0.8802342,-1,-1,-1
216,5324,162.86891,460.57388,84.43883,77.21036,0.8423805,-1,-1,-1
216,5382,0.0035643186,236.73665,32.585205,34.907455,0.29514223,-1,-1,-1
217,5313,487.5277,222.51497,34.51892,58.518906,0.8802147,-1,-1,-1
217,5315,207.64012,67.88882,59.64769,47.69892,0.86461097,-1,-1,-1
217,5316,519.35504,156.99129,38.491882,69.19815,0.8607588,-1,-1,-1
217,5319,221.30872,32.533867,63.908997,49.78347,0.8454804,-1,-1,-1
217,5320,462.5557,313.9954,41.081024,57.830536,0.8853618,-1,-1,-1
217,5322,809.1709,304.00266,58.634094,47.63257,0.8832744,-1,-1,-1
217,5345,229.1725,298.52832,32.47261,64.70154,0.8560889,-1,-1,-1
217,5350,589.77185,212.452,42.811523,57.48465,0.872096,-1,-1,-1
217,5355,124.23876,19.308182,65.58634,49.278152,0.84374285,-1,-1,-1
217,5364,903.6408,64.325485,47.487793,56.3863,0.79763746,-1,-1,-1
217,5367,416.0498,394.45007,46.848907,61.575348,0.8522521,-1,-1,-1
217,5371,337.45093,221.08261,42.888794,55.7648,0.8876051,-1,-1,-1
217,5383,451.54196,48.53096,70.34238,93.59267,0.72307825,-1,-1,-1
217,5393,561.4553,29.08213,48.153137,56.229683,0.8674769,-1,-1,-1
217,5324,161.19708,462.52405,83.56058,75.668396,0.83844537,-1,-1,-1
217,5382,0.026588209,236.77557,32.499187,34.68802,0.27712083,-1,-1,-1
218,5313,487.40784,222.24936,34.704407,58.622772,0.87921077,-1,-1,-1
218,5315,207.62224,67.649124,59.61125,47.70559,0.86553943,-1,-1,-1
218,5316,519.29395,156.91975,38.64154,69.21474,0.8611989,-1,-1,-1
218,5319,221.62273,32.399925,63.787064,49.763405,0.8471997,-1,-1,-1
218,5320,462.50873,313.78494,41.00833,57.875977,0.88630676,-1,-1,-1
218,5322,809.2039,304.15933,58.509155,47.501038,0.8842239,-1,-1,-1
218,5345,229.00417,298.2629,32.590927,64.75745,0.85941595,-1,-1,-1
218,5350,590.7958,214.56386,42.923584,57.62065,0.8704055,-1,-1,-1
218,5355,124.45282,18.622572,65.001755,49.693283,0.84076095,-1,-1,-1
218,5364,903.58417,64.41552,47.56775,56.463852,0.79837745,-1,-1,-1
218,5367,416.21094,394.1208,46.728302,61.12561,0.8542273,-1,-1,-1
218,5371,335.6562,224.16147,42.398315,55.905396,0.9025815,-1,-1,-1
218,5383,450.58182,50.47264,70.44821,93.98715,0.515748,-1,-1,-1
218,5393,560.40204,30.949537,47.835815,55.902283,0.87679386,-1,-1,-1
218,5324,160.57352,466.0893,81.58963,71.35358,0.8256779,-1,-1,-1
218,5382,0.008473205,236.7972,32.3998,34.240982,0.27367127,-1,-1,-1
219,5313,487.36475,221.91156,34.81079,58.66977,0.8771615,-1,-1,-1
219,5315,207.55632,67.32554,59.583847,47.718277,0.8651635,-1,-1,-1
219,5316,519.2549,156.7072,38.842102,69.47296,0.8618127,-1,-1,-1
219,5319,222.01842,32.591255,62.58055,49.162727,0.8476292,-1,-1,-1
219,5320,462.37997,313.49323,41.117706,57.972412,0.88501924,-1,-1,-1
219,5322,809.0891,304.1976,58.51062,47.44345,0.8836719,-1,-1,-1
219,5345,228.8643,298.0311,32.776566,64.69687,0.86200887,-1,-1,-1
219,5350,591.7036,216.38518,42.867188,57.482834,0.887458,-1,-1,-1
219,5355,124.41218,18.103245,65.00974,49.96851,0.83692986,-1,-1,-1
219,5364,903.6451,64.43643,47.42517,56.493202,0.8002564,-1,-1,-1
219,5367,416.34973,393.79333,46.58969,60.71643,0.85913897,-1,-1,-1
219,5371,333.6937,227.17867,42.550476,55.982925,0.88650197,-1,-1,-1
219,5383,448.60468,52.774246,71.099304,93.81818,0.41841015,-1,-1,-1
219,5393,559.25867,32.649677,47.830627,56.329136,0.87622076,-1,-1,-1
219,5324,159.97917,468.64178,80.948456,68.79834,0.8212842,-1,-1,-1
219,5382,0.0,236.49358,32.452694,34.198624,0.290559,-1,-1,-1
220,5313,487.30496,221.68712,34.902557,58.743057,0.87751913,-1,-1,-1
220,5315,207.58054,67.09817,59.661163,47.710846,0.8637951,-1,-1,-1
220,5316,519.12915,156.5335,39.061157,69.68417,0.85980684,-1,-1,-1
220,5319,222.21042,32.578976,62.22235,48.99397,0.8642505,-1,-1,-1
220,5320,462.34894,313.2558,41.056946,57.925507,0.8861709,-1,-1,-1
220,5322,809.1205,304.26678,58.500732,47.431793,0.8845132,-1,-1,-1
220,5345,228.77003,297.78296,32.818954,64.649536,0.86233884,-1,-1,-1
220,5350,592.6899,218.11014,42.80591,57.749725,0.8754323,-1,-1,-1
220,5355,124.43262,17.724504,65.11986,50.1456,0.840883,-1,-1,-1
220,5364,903.5753,64.554794,47.40161,56.357285,0.7950782,-1,-1,-1
220,5367,416.38614,393.56067,46.522797,60.704437,0.85526353,-1,-1,-1
220,5371,331.90152,230.42255,42.424408,55.719757,0.88578856,-1,-1,-1
220,5383,446.97403,55.51376,71.59317,92.64662,0.42803234,-1,-1,-1
220,5393,557.6242,34.914375,47.836304,56.519173,0.86646795,-1,-1,-1
220,5324,159.98709,471.03003,79.60959,66.41992,0.81773907,-1,-1,-1
220,5382,0.0030557849,236.21176,32.43568,34.425934,0.31444234,-1,-1,-1
221,5313,487.23456,221.50839,34.95642,58.799713,0.87574726,-1,-1,-1
221,5315,207.61028,66.89513,59.674667,47.635307,0.86452204,-1,-1,-1
221,5316,519.0545,156.35942,39.095337,69.88222,0.8599564,-1,-1,-1
221,5319,222.28944,32.49328,62.0869,48.766304,0.86863416,-1,-1,-1
221,5320,462.25485,312.9554,41.288116,58.020477,0.885477,-1,-1,-1
221,5322,809.0949,304.25674,58.425415,47.518616,0.88477516,-1,-1,-1
221,5345,228.66426,297.37448,32.862015,64.856445,0.8644988,-1,-1,-1
221,5350,593.5163,219.70801,42.855713,58.14377,0.9042744,-1,-1,-1
221,5355,124.335655,17.502466,65.22532,50.048973,0.8421837,-1,-1,-1
221,5364,903.48724,64.537285,47.614746,56.49556,0.79569364,-1,-1,-1
221,5367,416.40067,393.30463,46.437714,60.601715,0.8542668,-1,-1,-1
221,5371,330.1387,233.95216,42.33899,55.665268,0.889708,-1,-1,-1
221,5383,446.7426,57.500694,71.36035,93.0823,0.44989413,-1,-1,-1
221,5393,556.487,37.200867,47.42212,55.76567,0.88842475,-1,-1,-1
221,5324,159.48103,473.2902,78.31154,63.754974,0.8067184,-1,-1,-1
221,5382,0.0,236.08096,32.27418,34.3302,0.36550868,-1,-1,-1
222,5313,487.18277,221.35728,34.99533,58.721848,0.8747333,-1,-1,-1
222,5315,207.54861,66.696045,59.745422,47.60533,0.8652688,-1,-1,-1
222,5316,518.96783,156.39445,39.279175,69.37947,0.8594274,-1,-1,-1
222,5319,222.33063,32.432858,62.096313,48.57414,0.877856,-1,-1,-1
222,5320,462.09863,312.59314,41.48282,58.145935,0.8859997,-1,-1,-1
222,5322,809.0888,304.2567,58.415527,47.58246,0.8840468,-1,-1,-1
222,5345,228.64978,297.02612,32.7836,64.92053,0.86520755,-1,-1,-1
222,5350,594.1406,221.86684,43.14691,57.152878,0.87673044,-1,-1,-1
222,5355,124.367874,17.279531,65.248825,50.03859,0.8439451,-1,-1,-1
222,5364,903.62366,64.68401,47.3006,56.358963,0.7961373,-1,-1,-1
222,5367,416.50195,393.10593,46.285767,60.198944,0.85906416,-1,-1,-1
222,5371,328.61356,237.0233,41.917206,55.65251,0.90515274,-1,-1,-1
222,5383,445.9718,59.709732,71.12537,92.993484,0.47954556,-1,-1,-1
222,5393,555.04456,39.167953,47.496216,55.92978,0.88491,-1,-1,-1
222,5324,158.78928,475.20343,77.173325,61.736877,0.79350096,-1,-1,-1
222,5382,0.0,235.57999,32.42227,34.03784,0.26107532,-1,-1,-1
222,5397,445.29092,58.634296,70.46976,93.04921,0.32926682,-1,-1,-1
223,5313,487.1512,221.00829,34.98587,58.752213,0.86717904,-1,-1,-1
223,5315,207.54231,66.40671,59.860153,47.699226,0.865462,-1,-1,-1
223,5316,518.86566,156.2347,39.356567,69.21582,0.860164,-1,-1,-1
223,5319,222.22676,32.192577,62.324936,48.572025,0.8832808,-1,-1,-1
223,5320,461.95905,312.20126,41.80374,58.37439,0.8849789,-1,-1,-1
223,5322,809.0157,304.1858,58.473022,47.61133,0.8842629,-1,-1,-1
223,5345,228.61932,296.9519,32.661957,64.714264,0.86446995,-1,-1,-1
223,5350,594.85504,223.40453,43.278503,56.925735,0.8843043,-1,-1,-1
223,5355,124.74753,17.153728,64.87877,49.894253,0.84244514,-1,-1,-1
223,5364,903.51013,64.69033,47.341553,56.32283,0.800328,-1,-1,-1
223,5367,416.63474,392.8481,46.18579,60.138336,0.85561967,-1,-1,-1
223,5371,326.5793,240.19147,42.4971,56.03885,0.89575064,-1,-1,-1
223,5383,444.07532,61.684757,70.89801,92.41211,0.7858214,-1,-1,-1
223,5393,553.32135,41.084454,47.701477,56.07005,0.88808495,-1,-1,-1
223,5324,159.71259,477.05453,75.1456,59.83072,0.7624557,-1,-1,-1
224,5313,487.1103,220.69011,34.999023,58.78557,0.8641556,-1,-1,-1
224,5315,207.4931,66.11285,60.115875,47.8683,0.8641604,-1,-1,-1
224,5316,518.82294,156.04878,39.340454,68.993515,0.85942477,-1,-1,-1
224,5319,222.13022,31.946712,62.478638,48.625614,0.8883701,-1,-1,-1
224,5320,461.8454,311.92957,41.952606,58.542633,0.88563967,-1,-1,-1
224,5322,808.9583,304.12415,58.55237,47.709137,0.88346016,-1,-1,-1
224,5345,228.67482,296.67136,32.3481,64.70981,0.86452633,-1,-1,-1
224,5350,595.4157,224.70522,44.024292,57.12422,0.8840912,-1,-1,-1
224,5355,124.93784,17.067654,64.75385,49.742886,0.8405062,-1,-1,-1
224,5364,903.67755,64.81224,47.21881,56.150467,0.80311316,-1,-1,-1
224,5367,417.71356,392.24188,44.750122,60.805298,0.84692395,-1,-1,-1
224,5371,324.96802,243.43468,42.324097,55.791153,0.90348023,-1,-1,-1
224,5383,442.6903,63.34765,70.32355,93.09545,0.8645674,-1,-1,-1
224,5393,551.5024,42.663704,48.072144,56.652046,0.89214736,-1,-1,-1
224,5324,158.66566,479.89542,73.55748,57.429474,0.7321342,-1,-1,-1
225,5313,486.99646,220.62466,35.023926,58.68051,0.8638161,-1,-1,-1
225,5315,207.44888,65.86528,60.293243,47.938705,0.8623277,-1,-1,-1
225,5316,518.8349,155.97324,39.313477,68.812195,0.85853165,-1,-1,-1
225,5319,222.0975,31.724636,62.500305,48.650013,0.8864642,-1,-1,-1
225,5320,461.80325,311.71774,42.049652,58.655975,0.8853427,-1,-1,-1
225,5322,809.02325,304.23557,58.52594,47.552032,0.8836349,-1,-1,-1
225,5345,228.6984,296.51428,32.412323,64.69974,0.8648415,-1,-1,-1
225,5350,596.82166,226.69426,43.933105,57.126175,0.8807663,-1,-1,-1
225,5355,124.82691,16.90269,64.890175,49.781918,0.835924,-1,-1,-1
225,5364,903.59186,64.97175,47.267517,56.236786,0.8028291,-1,-1,-1
225,5367,418.06726,392.00156,44.242065,60.85327,0.84829634,-1,-1,-1
225,5371,323.37585,246.86542,41.846954,55.59897,0.8981307,-1,-1,-1
225,5383,441.45496,65.73012,69.57889,93.181595,0.8259728,-1,-1,-1
225,5393,549.9424,44.91514,48.32959,56.62581,0.87801224,-1,-1,-1
225,5324,158.79204,482.32565,71.70987,55.084015,0.746306,-1,-1,-1
226,5313,486.94446,220.43782,35.02661,58.645157,0.8642863,-1,-1,-1
226,5315,207.37288,65.56726,60.474228,47.97435,0.8597426,-1,-1,-1
226,5316,518.8038,155.74002,39.298645,68.81784,0.8587309,-1,-1,-1
226,5319,222.01093,31.42093,62.567963,48.794106,0.88500327,-1,-1,-1
226,5320,461.61673,311.31717,42.387787,58.882782,0.8863518,-1,-1,-1
226,5322,808.99817,304.04703,58.495483,47.676178,0.88286567,-1,-1,-1
226,5345,228.67073,296.15488,32.323624,64.49515,0.86447334,-1,-1,-1
226,5350,597.26666,228.58429,44.361023,56.74234,0.8767868,-1,-1,-1
226,5355,124.21888,16.664598,65.4858,50.330147,0.824446,-1,-1,-1
226,5364,903.6778,64.926544,47.194153,56.22947,0.80771226,-1,-1,-1
226,5367,417.70032,391.73346,44.60489,60.6398,0.8561259,-1,-1,-1
226,5371,321.381,249.83067,41.827454,55.71898,0.9019798,-1,-1,-1
226,5383,440.63013,67.843864,69.16446,92.870964,0.52450675,-1,-1,-1
226,5393,548.77606,46.914852,47.987244,56.869534,0.87999016,-1,-1,-1
226,5324,158.17915,484.763,70.749374,52.666077,0.68647414,-1,-1,-1
227,5313,486.90674,220.29245,35.039,58.641968,0.86599165,-1,-1,-1
227,5315,207.61777,65.00306,60.21469,48.288498,0.85779333,-1,-1,-1
227,5316,518.8033,155.51491,39.310364,68.87662,0.85911936,-1,-1,-1
227,5319,221.68445,31.001884,63.12564,49.0979,0.85738325,-1,-1,-1
227,5320,461.45734,310.9713,42.45993,58.970062,0.8887473,-1,-1,-1
227,5322,808.9534,304.02472,58.33307,47.68622,0.8825669,-1,-1,-1
227,5345,228.44373,295.94336,32.33383,63.893494,0.8680785,-1,-1,-1
227,5350,598.14703,230.19196,44.39978,57.043915,0.8796402,-1,-1,-1
227,5355,124.002144,16.44614,65.710976,50.472652,0.8371834,-1,-1,-1
227,5364,903.6207,64.815254,47.213684,56.339012,0.8077506,-1,-1,-1
227,5367,417.2164,392.10565,45.10028,59.60797,0.8571755,-1,-1,-1
227,5371,319.3576,253.08806,41.853943,55.869156,0.89322114,-1,-1,-1
227,5383,438.84576,69.30515,69.99887,93.5619,0.6401923,-1,-1,-1
227,5393,547.31866,48.810146,47.93994,56.993923,0.8911976,-1,-1,-1
227,5324,157.38539,486.88678,69.5918,50.631653,0.60816693,-1,-1,-1
228,5313,486.95236,220.1557,34.905243,58.610657,0.86565286,-1,-1,-1
228,5315,207.72574,64.7827,59.99951,48.271248,0.85917366,-1,-1,-1
228,5316,518.8215,155.18996,39.21875,69.23247,0.8579326,-1,-1,-1
228,5319,221.57333,30.721033,63.25946,49.249115,0.85798347,-1,-1,-1
228,5320,461.443,310.6808,42.304596,58.943787,0.88926375,-1,-1,-1
228,5322,808.78625,303.96753,58.379333,47.676514,0.8817775,-1,-1,-1
228,5345,228.52466,295.9288,32.197845,63.527588,0.86284494,-1,-1,-1
228,5350,599.09937,231.73009,44.394775,57.529648,0.8779103,-1,-1,-1
228,5355,124.2025,16.398672,65.582886,50.37079,0.8450208,-1,-1,-1
228,5364,903.59357,64.84363,47.22296,56.33822,0.80277896,-1,-1,-1
228,5367,417.0429,392.08353,45.250427,59.274628,0.86142105,-1,-1,-1
228,5371,317.69632,256.1679,41.3804,55.655365,0.90396196,-1,-1,-1
228,5383,437.96216,71.40577,70.085144,92.988686,0.36761963,-1,-1,-1
228,5393,545.84656,50.726498,48.102173,57.20167,0.87811613,-1,-1,-1
228,5324,157.11568,488.66626,68.652405,48.74231,0.6238219,-1,-1,-1
229,5313,486.88596,220.03961,35.005096,58.604645,0.8655163,-1,-1,-1
229,5315,207.77255,64.60315,60.343964,48.370056,0.8633213,-1,-1,-1
229,5316,518.83636,154.88104,39.204834,69.47786,0.8585854,-1,-1,-1
229,5319,221.60951,30.426842,63.26326,49.352608,0.8573983,-1,-1,-1
229,5320,461.43555,310.43314,42.24295,59.011658,0.88892657,-1,-1,-1
229,5322,808.70184,303.93668,58.3125,47.731476,0.88147926,-1,-1,-1
229,5345,228.22798,295.7635,32.436813,63.385315,0.8604578,-1,-1,-1
229,5350,600.06165,233.27853,44.235474,57.316986,0.8797167,-1,-1,-1
229,5355,124.25541,16.33715,65.62145,50.234932,0.8458552,-1,-1,-1
229,5364,903.6512,64.85809,47.18817,56.283615,0.8020214,-1,-1,-1
229,5367,416.52,391.77377,45.72989,59.420197,0.8577654,-1,-1,-1
229,5371,315.81177,259.05835,41.940765,55.87857,0.9058429,-1,-1,-1
229,5383,436.47305,73.806076,70.36252,92.67392,0.36999428,-1,-1,-1
229,5393,544.2705,52.993187,48.192444,57.271553,0.8745457,-1,-1,-1
229,5324,156.93327,490.9172,67.02643,46.363007,0.6075986,-1,-1,-1
229,5401,437.06006,73.34654,70.49841,92.357056,0.3552402,-1,-1,-1
230,5313,486.83932,219.90865,34.848907,58.80037,0.86506057,-1,-1,-1
230,5315,207.80629,64.466156,60.00099,48.164665,0.86199635,-1,-1,-1
230,5316,518.772,154.50848,39.131836,69.80672,0.85826874,-1,-1,-1
230,5319,221.65443,30.12237,63.18828,49.489044,0.8567852,-1,-1,-1
230,5320,461.40363,310.15665,42.069,59.060852,0.890829,-1,-1,-1
230,5322,808.4754,303.93045,58.416626,47.816895,0.881659,-1,-1,-1
230,5345,227.82643,295.34763,32.870987,63.430573,0.8579443,-1,-1,-1
230,5350,600.7547,234.66924,44.44403,57.563766,0.8816066,-1,-1,-1
230,5355,124.06378,16.064695,65.782196,50.226433,0.8417281,-1,-1,-1
230,5364,903.5204,64.93912,47.033142,56.44413,0.80544454,-1,-1,-1
230,5367,416.19336,391.40668,45.958893,59.67752,0.8634455,-1,-1,-1
230,5371,313.80045,262.0868,42.088654,55.8826,0.9150237,-1,-1,-1
230,5383,435.33185,75.44292,70.36493,93.381546,0.6383755,-1,-1,-1
230,5393,542.9738,55.081573,48.26477,57.119705,0.8868004,-1,-1,-1
230,5324,157.09677,492.66177,66.20024,44.79727,0.5881838,-1,-1,-1
230,5401,435.49026,74.45918,71.04535,94.269455,0.3054207,-1,-1,-1
231,5313,486.9846,219.76755,34.549164,58.693268,0.8788963,-1,-1,-1
231,5315,207.78009,64.370346,59.84613,48.043602,0.86410856,-1,-1,-1
231,5316,518.787,154.2413,39.082153,69.999435,0.85776436,-1,-1,-1
231,5319,221.64365,29.908073,63.18213,49.66561,0.85621554,-1,-1,-1
231,5320,461.3645,309.9386,42.054016,59.08258,0.89051163,-1,-1,-1
231,5322,808.2957,304.01025,58.49353,47.718384,0.8830145,-1,-1,-1
231,5345,227.40028,295.00333,33.35112,63.59903,0.8595181,-1,-1,-1
231,5350,601.54224,236.02324,44.66388,57.69124,0.88699245,-1,-1,-1
231,5355,124.22093,15.878897,65.54904,50.116898,0.8472694,-1,-1,-1
231,5364,903.33905,65.115395,47.065002,56.334175,0.8076607,-1,-1,-1
231,5367,415.60413,391.1658,46.578796,59.869537,0.8620767,-1,-1,-1
231,5371,311.8905,265.3522,42.360077,55.895325,0.89435375,-1,-1,-1
231,5383,434.63925,77.61054,69.837006,93.318474,0.48973945,-1,-1,-1
231,5393,541.6077,57.087082,48.11676,57.124237,0.90075064,-1,-1,-1
231,5324,155.49846,495.21674,65.621506,42.492737,0.56587774,-1,-1,-1
231,5401,434.13513,76.532234,71.09445,94.46105,0.2976316,-1,-1,-1
232,5313,486.90356,219.62704,34.534363,58.68512,0.8732899,-1,-1,-1
232,5315,207.73021,64.18904,59.734787,47.96897,0.8658842,-1,-1,-1
232,5316,518.761,154.02864,39.039978,70.048584,0.8576822,-1,-1,-1
232,5319,221.70474,29.710014,63.130554,49.700768,0.8542611,-1,-1,-1
232,5320,461.58047,309.6461,41.47351,58.772797,0.89207137,-1,-1,-1
232,5322,808.33453,304.01398,58.46039,47.866913,0.8826907,-1,-1,-1
232,5345,227.06813,294.81448,33.597244,63.502045,0.8605622,-1,-1,-1
232,5350,602.1413,237.4242,45.28607,57.66992,0.87719095,-1,-1,-1
232,5355,124.378265,15.53525,65.39313,50.087296,0.85148853,-1,-1,-1
232,5364,903.2253,65.24075,47.096436,56.35151,0.8136853,-1,-1,-1
232,5367,415.46735,390.8372,46.678528,59.869904,0.869419,-1,-1,-1
232,5371,310.21393,268.27518,42.183716,55.979126,0.8942353,-1,-1,-1
232,5383,432.80963,79.56373,70.33368,93.4506,0.49095464,-1,-1,-1
232,5393,540.1326,59.34014,48.10211,57.060974,0.8904639,-1,-1,-1
232,5324,155.94055,496.88373,61.21173,40.9364,0.5504903,-1,-1,-1
233,5313,486.7734,219.51495,34.66568,58.820953,0.86478937,-1,-1,-1
233,5315,207.39856,63.74548,60.651917,48.35832,0.87058616,-1,-1,-1
233,5316,518.66327,153.8499,39.08435,70.07306,0.8577102,-1,-1,-1
233,5319,221.66844,29.429594,63.126938,49.831642,0.85449404,-1,-1,-1
233,5320,461.21887,309.50095,41.64041,58.7742,0.8931901,-1,-1,-1
233,5322,808.2504,304.10056,58.33661,47.770416,0.88261235,-1,-1,-1
233,5345,226.64275,294.44205,33.93605,63.48697,0.860925,-1,-1,-1
233,5350,603.2215,239.35762,45.081055,57.77574,0.8729791,-1,-1,-1
233,5355,124.47406,15.2426,65.255005,49.976402,0.8538607,-1,-1,-1
233,5364,903.1483,65.36193,47.19812,56.283455,0.8091196,-1,-1,-1
233,5367,415.64972,389.76376,46.586304,60.585754,0.8758887,-1,-1,-1
233,5371,307.97363,271.56454,42.822083,56.108826,0.88908106,-1,-1,-1
233,5383,431.54428,81.18182,70.36493,93.88548,0.6019254,-1,-1,-1
233,5393,538.3699,61.57771,48.0614,56.722416,0.89123607,-1,-1,-1
233,5324,155.76422,498.45883,58.857315,39.367157,0.43422937,-1,-1,-1
234,5313,486.6203,219.37292,34.70514,58.711823,0.86412823,-1,-1,-1
234,5315,207.53667,63.76182,60.00862,48.043385,0.86685055,-1,-1,-1
234,5316,518.58545,154.41916,38.86798,69.53151,0.8588439,-1,-1,-1
234,5319,221.71611,29.22244,63.02623,49.810555,0.8526969,-1,-1,-1
234,5320,461.07755,309.16104,41.651917,58.647095,0.89828265,-1,-1,-1
234,5322,808.2185,304.12173,58.277405,47.77881,0.8837921,-1,-1,-1
234,5345,226.43285,294.18872,34.043564,63.33969,0.8606077,-1,-1,-1
234,5350,603.87067,241.12068,45.209106,57.8351,0.869396,-1,-1,-1
234,5355,124.57592,14.951808,65.13073,49.869137,0.8529324,-1,-1,-1
234,5364,903.05853,65.36243,47.265686,56.33219,0.81149375,-1,-1,-1
234,5367,415.64816,389.12518,46.57019,60.847076,0.88049936,-1,-1,-1
234,5371,305.9012,274.3741,42.935516,56.419617,0.89667153,-1,-1,-1
234,5383,430.38748,83.33679,69.97385,93.60097,0.7796117,-1,-1,-1
234,5393,537.09863,63.611046,47.73584,56.68048,0.8889853,-1,-1,-1
234,5324,155.0144,501.02487,57.40033,36.85324,0.40502325,-1,-1,-1
235,5313,486.57468,219.21852,34.639496,58.546524,0.8632331,-1,-1,-1
235,5315,207.53343,63.65555,59.79518,47.87757,0.86794853,-1,-1,-1
235,5316,518.7661,154.34525,38.259155,69.52435,0.85822153,-1,-1,-1
235,5319,221.60663,28.69428,63.280914,49.822937,0.85555637,-1,-1,-1
235,5320,460.95898,308.97174,41.628845,58.512756,0.8943366,-1,-1,-1
235,5322,808.04376,304.0294,58.391968,47.973328,0.8819025,-1,-1,-1
235,5345,226.40195,293.8319,33.956024,63.320953,0.8603953,-1,-1,-1
235,5350,604.92706,242.70732,44.63037,58.21077,0.88933265,-1,-1,-1
235,5355,124.76481,14.672195,64.89799,49.792503,0.8548351,-1,-1,-1
235,5364,902.9434,65.42811,47.390686,56.477776,0.810543,-1,-1,-1
235,5367,415.46753,389.0272,46.413208,60.539337,0.8955634,-1,-1,-1
235,5371,304.2346,277.79587,42.670197,55.971527,0.8953871,-1,-1,-1
235,5383,428.29373,86.25152,70.91641,92.277214,0.49074164,-1,-1,-1
235,5393,535.5429,65.5671,47.63202,57.078545,0.8791466,-1,-1,-1
235,5324,154.46046,503.2646,57.333694,34.29297,0.2891276,-1,-1,-1
236,5313,486.47745,219.03214,34.581512,58.60742,0.8629023,-1,-1,-1
236,5315,207.52914,63.325928,59.786163,47.95443,0.8673492,-1,-1,-1
236,5316,518.8328,154.04985,37.98163,69.741455,0.85964453,-1,-1,-1
236,5319,221.50635,28.30681,63.585083,49.768654,0.85633105,-1,-1,-1
236,5320,460.89438,308.7258,41.62204,58.391052,0.8926625,-1,-1,-1
236,5322,807.91046,304.07886,58.461,47.963715,0.88226694,-1,-1,-1
236,5345,226.24812,293.5022,33.959854,63.37982,0.8592404,-1,-1,-1
236,5350,605.8159,244.02914,44.25592,58.9476,0.8806967,-1,-1,-1
236,5355,124.82288,14.046601,64.853294,50.037598,0.8537192,-1,-1,-1
236,5364,902.9518,65.39948,47.394226,56.55052,0.8110617,-1,-1,-1
236,5367,414.93774,388.96793,46.827637,60.30954,0.8678757,-1,-1,-1
236,5371,302.14816,280.6588,42.7547,56.281097,0.8992945,-1,-1,-1
236,5383,426.9193,87.96898,70.91669,92.970764,0.5247024,-1,-1,-1
236,5393,533.8363,67.79333,47.768066,56.78512,0.87806934,-1,-1,-1
236,5402,427.14743,87.61705,70.66354,93.10101,0.39763364,-1,-1,-1
237,5313,486.36618,218.9014,34.582,58.569733,0.86145705,-1,-1,-1
237,5315,207.51973,62.991344,59.800247,47.995525,0.8653415,-1,-1,-1
237,5316,518.72906,153.72038,38.07953,69.850204,0.86081946,-1,-1,-1
237,5319,221.43468,27.828196,63.560013,49.768433,0.8601087,-1,-1,-1
237,5320,460.776,308.3483,41.60147,58.20392,0.8889233,-1,-1,-1
237,5322,807.65546,303.8969,58.659912,48.119324,0.8812459,-1,-1,-1
237,5345,225.93582,293.08124,34.019104,63.62732,0.8569149,-1,-1,-1
237,5350,606.5006,245.77869,45.107666,58.48697,0.88075227,-1,-1,-1
237,5355,124.77008,13.468814,64.79735,50.350323,0.8482914,-1,-1,-1
237,5364,902.74475,65.39311,47.559814,56.612648,0.8074996,-1,-1,-1
237,5367,414.99142,388.69366,46.708984,59.995728,0.8781679,-1,-1,-1
237,5371,299.9225,283.67072,43.154083,56.434265,0.8889633,-1,-1,-1
237,5383,426.05154,89.75448,70.37396,93.738625,0.58968824,-1,-1,-1
237,5393,532.4256,69.69362,47.684998,57.06595,0.8881187,-1,-1,-1
237,5402,426.03082,89.55787,71.14435,93.07998,0.49697357,-1,-1,-1
237,5404,502.30243,0.09292481,41.713257,30.578009,0.43523708,-1,-1,-1
238,5313,486.57266,218.75983,34.31772,58.359497,0.86349446,-1,-1,-1
238,5315,207.45227,62.674835,59.828064,48.002693,0.8650107,-1,-1,-1
238,5316,518.549,153.79617,38.548218,69.401505,0.86300874,-1,-1,-1
238,5319,221.36519,27.543081,63.49498,49.690636,0.8593201,-1,-1,-1
238,5320,460.419,307.97357,41.88318,58.09323,0.88691944,-1,-1,-1
238,5322,807.4612,303.79294,58.730286,48.36676,0.881051,-1,-1,-1
238,5345,225.5771,292.60138,34.193283,64.05411,0.8576465,-1,-1,-1
238,5350,607.07263,247.5337,45.673645,57.95485,0.887508,-1,-1,-1
238,5355,124.74282,13.210203,64.61439,50.147697,0.85468113,-1,-1,-1
238,5364,902.27155,65.283165,47.82794,57.733925,0.8093878,-1,-1,-1
238,5367,414.75427,388.47357,46.88626,59.997253,0.8763488,-1,-1,-1
238,5371,298.29822,286.48123,42.6929,56.41696,0.90087175,-1,-1,-1
238,5383,424.82053,92.29057,71.78009,93.20729,0.29517674,-1,-1,-1
238,5393,530.87933,71.96812,47.689148,56.9748,0.8906605,-1,-1,-1
238,5404,500.2988,0.50095564,43.21512,32.90991,0.35795757,-1,-1,-1
239,5313,486.59958,218.56537,34.24185,58.34912,0.8769906,-1,-1,-1
239,5315,207.42505,62.4377,59.780396,47.918465,0.8644521,-1,-1,-1
239,5316,518.4442,153.77135,38.759155,69.1685,0.86500853,-1,-1,-1
239,5319,221.3153,27.430721,63.271057,49.457592,0.85835314,-1,-1,-1
239,5320,460.30344,307.73914,41.76364,57.98822,0.88604105,-1,-1,-1
239,5322,807.03436,303.6958,58.91504,48.506348,0.87911695,-1,-1,-1
239,5345,225.30533,292.34006,34.38217,64.234985,0.8588242,-1,-1,-1
239,5350,607.79474,249.02614,45.881714,57.831863,0.8930597,-1,-1,-1
239,5355,124.80304,12.9696865,64.71161,50.093964,0.8599157,-1,-1,-1
239,5364,902.38403,65.59089,47.66632,57.027115,0.8068041,-1,-1,-1
239,5367,414.3205,388.14722,47.25418,60.07199,0.87205696,-1,-1,-1
239,5371,296.3048,289.959,42.30847,55.769226,0.8855693,-1,-1,-1
239,5383,423.42444,94.180565,72.06772,93.11701,0.4027006,-1,-1,-1
239,5393,529.4117,73.84519,47.77704,56.851845,0.9004129,-1,-1,-1
239,5404,498.29047,0.6348408,45.286682,35.8054,0.54672635,-1,-1,-1
240,5313,486.19083,218.37764,34.4133,58.587936,0.8586619,-1,-1,-1
240,5315,207.44614,62.18701,59.585022,47.742073,0.8648112,-1,-1,-1
240,5316,518.3874,153.51201,38.954834,69.266235,0.86554754,-1,-1,-1
240,5319,221.32224,27.131002,63.165894,49.330544,0.8591964,-1,-1,-1
240,5320,460.1926,307.2629,41.880035,58.023743,0.8852747,-1,-1,-1
240,5322,806.7338,303.67313,59.13452,48.692444,0.87893337,-1,-1,-1
240,5345,225.04326,292.21622,34.558853,63.951996,0.851331,-1,-1,-1
240,5350,609.01465,250.6431,45.471558,57.656006,0.88233745,-1,-1,-1
240,5355,124.86051,12.886189,64.31219,49.811626,0.85461277,-1,-1,-1
240,5364,902.3884,65.711365,47.62915,56.8256,0.80607283,-1,-1,-1
240,5367,413.89175,387.7725,47.55612,59.921387,0.867277,-1,-1,-1
240,5371,294.26465,293.1189,42.459473,55.509064,0.88934594,-1,-1,-1
240,5383,422.4169,96.58484,72.39575,92.41974,0.5073258,-1,-1,-1
240,5393,527.7399,75.60798,47.8985,56.94349,0.89402,-1,-1,-1
240,5404,496.5966,0.23079166,46.264313,39.544228,0.6996365,-1,-1,-1
241,5313,485.82306,218.29488,34.617126,58.650925,0.8561046,-1,-1,-1
241,5315,207.3526,61.862305,59.627502,47.612885,0.86255366,-1,-1,-1
241,5316,518.3669,153.21992,38.92108,69.3336,0.8639138,-1,-1,-1
241,5319,221.3969,26.887321,62.961166,49.04677,0.860103,-1,-1,-1
241,5320,459.98846,306.83447,41.97409,58.01828,0.8842605,-1,-1,-1
241,5322,806.3021,303.72318,59.468567,48.7106,0.8754623,-1,-1,-1
241,5345,224.80144,291.9839,34.63237,64.04312,0.8480734,-1,-1,-1
241,5350,609.99133,252.52463,45.272766,57.562653,0.88006973,-1,-1,-1
241,5355,124.55151,12.295014,64.26219,49.85366,0.8549741,-1,-1,-1
241,5364,902.3541,65.87746,47.547974,56.6845,0.8133105,-1,-1,-1
241,5367,413.64777,387.47308,47.70868,59.787567,0.86166203,-1,-1,-1
241,5371,292.24585,296.3201,42.519684,55.890503,0.87702966,-1,-1,-1
241,5383,421.46167,99.02927,72.01877,92.24249,0.4912266,-1,-1,-1
241,5393,526.50366,77.68769,47.30719,56.66259,0.8854161,-1,-1,-1
241,5404,494.02332,0.06794523,48.631165,42.61657,0.78975767,-1,-1,-1
242,5313,485.63034,217.96584,34.6445,58.735672,0.8573583,-1,-1,-1
242,5315,207.32372,61.32035,59.681442,47.639114,0.86334276,-1,-1,-1
242,5316,518.53955,152.72559,38.316284,69.73534,0.86288553,-1,-1,-1
242,5319,222.09015,26.902409,61.873016,48.56416,0.86028767,-1,-1,-1
242,5320,459.77625,306.3593,42.01062,58.10025,0.8847582,-1,-1,-1
242,5322,805.91473,304.12418,59.358948,48.21991,0.8762567,-1,-1,-1
242,5345,224.62852,291.5743,34.68596,64.15088,0.8465537,-1,-1,-1
242,5350,610.54584,254.12709,45.547485,57.361893,0.8826395,-1,-1,-1
242,5355,124.4676,11.225768,64.01284,50.305195,0.8532823,-1,-1,-1
242,5364,902.1501,65.99804,47.679382,56.574562,0.814497,-1,-1,-1
242,5367,413.51175,386.8532,47.4635,60.267548,0.86452043,-1,-1,-1
242,5371,290.31918,299.25992,42.57312,56.25122,0.89751744,-1,-1,-1
242,5383,419.48325,100.34068,71.37314,92.16618,0.2611834,-1,-1,-1
242,5393,524.82385,79.85313,47.541138,56.575478,0.8842556,-1,-1,-1
242,5404,492.12854,0.008658276,49.970642,44.964783,0.8191174,-1,-1,-1
243,5313,485.3869,217.74062,34.770508,58.64299,0.8626633,-1,-1,-1
243,5315,207.28406,60.82471,59.721405,47.62733,0.8669147,-1,-1,-1
243,5316,518.42035,152.52951,38.2843,69.7601,0.8641157,-1,-1,-1
243,5319,222.32227,26.780937,61.555603,48.2901,0.86249167,-1,-1,-1
243,5320,459.56042,305.90515,42.015076,58.174072,0.8876274,-1,-1,-1
243,5322,805.58813,304.36624,59.280945,48.073486,0.8783009,-1,-1,-1
243,5345,224.54405,291.30743,34.651047,64.020935,0.8450467,-1,-1,-1
243,5350,611.2668,255.67642,45.670532,57.263,0.8820272,-1,-1,-1
243,5355,124.63607,10.962936,63.734688,50.013294,0.8533874,-1,-1,-1
243,5364,902.227,66.06026,47.510925,56.547607,0.8093952,-1,-1,-1
243,5367,413.58722,386.3173,47.104523,60.47589,0.866253,-1,-1,-1
243,5371,288.0923,302.2407,42.982452,56.228455,0.8945481,-1,-1,-1
243,5383,418.15952,101.84017,70.495575,92.83924,0.3960019,-1,-1,-1
243,5393,523.3196,81.69092,47.486877,56.71724,0.88447624,-1,-1,-1
243,5404,490.41684,0.0,49.99008,47.52328,0.8351469,-1,-1,-1
243,5405,418.4608,101.198524,70.53577,93.64176,0.3598548,-1,-1,-1
244,5313,485.10114,217.5461,34.962524,58.799454,0.86349547,-1,-1,-1
244,5315,207.21431,60.374107,59.72029,47.633057,0.8671738,-1,-1,-1
244,5316,518.2107,152.40366,38.426025,69.68367,0.86616695,-1,-1,-1
244,5319,222.4821,26.589045,61.43788,48.15795,0.8625276,-1,-1,-1
244,5320,459.29175,305.6099,42.095795,58.045624,0.8944483,-1,-1,-1
244,5322,805.1372,304.52393,59.375793,48.06192,0.8765352,-1,-1,-1
244,5345,224.77486,290.93542,34.37947,64.61258,0.8450753,-1,-1,-1
244,5350,612.2272,256.8875,45.490723,58.21103,0.898483,-1,-1,-1
244,5355,124.70618,10.783274,63.88138,49.826546,0.84742254,-1,-1,-1
244,5364,902.1697,66.19544,47.466003,56.5158,0.8105908,-1,-1,-1
244,5367,413.13214,386.05017,47.339355,60.389526,0.8570689,-1,-1,-1
244,5371,285.99106,305.50348,42.78601,56.276245,0.8885884,-1,-1,-1
244,5383,416.8899,103.509926,70.49487,93.47929,0.3465547,-1,-1,-1
244,5393,521.74036,83.74819,47.65326,56.49996,0.88903135,-1,-1,-1
244,5404,488.7353,0.0,50.37848,49.852097,0.84791875,-1,-1,-1
244,5405,418.00238,103.64317,69.865295,92.92496,0.35937268,-1,-1,-1
245,5313,484.77948,217.3631,35.16559,58.922913,0.8671701,-1,-1,-1
245,5315,207.25317,60.10152,59.618195,47.595524,0.8679965,-1,-1,-1
245,5316,517.95807,152.31677,38.677246,69.66559,0.8685375,-1,-1,-1
245,5319,222.43835,26.373262,61.562714,48.171867,0.86234725,-1,-1,-1
245,5320,459.04556,305.27496,41.973785,58.11679,0.89606375,-1,-1,-1
245,5322,804.8764,304.6668,59.29663,48.058716,0.8755509,-1,-1,-1
245,5345,224.83206,290.5298,33.950897,64.894745,0.8469388,-1,-1,-1
245,5350,613.31024,258.65283,45.55194,58.218964,0.881669,-1,-1,-1
245,5355,124.71365,10.303304,63.983124,49.952953,0.8426793,-1,-1,-1
245,5364,901.9345,66.45611,47.690186,56.50615,0.8125281,-1,-1,-1
245,5367,412.6909,386.42825,47.626038,59.528595,0.86848795,-1,-1,-1
245,5371,284.18506,308.83813,42.374603,55.514038,0.8838336,-1,-1,-1
245,5383,415.67606,105.99214,70.15988,93.509094,0.31356815,-1,-1,-1
245,5393,520.07666,86.05729,47.68866,56.143547,0.8838291,-1,-1,-1
245,5404,487.06552,0.0,49.771027,52.583843,0.847188,-1,-1,-1
245,5405,418.14597,106.32042,67.943115,92.58359,0.44889382,-1,-1,-1
246,5313,484.51904,217.14476,35.22711,59.026443,0.86741114,-1,-1,-1
246,5315,207.17099,59.630974,59.480072,47.63301,0.86554307,-1,-1,-1
246,5316,517.52997,152.11647,39.101624,69.68797,0.87065107,-1,-1,-1
246,5319,222.31754,26.080479,61.759705,48.057697,0.8615876,-1,-1,-1
246,5320,458.79324,304.7995,42.064667,58.244537,0.8985794,-1,-1,-1
246,5322,805.18585,304.61496,58.152832,48.473938,0.880495,-1,-1,-1
246,5345,224.97763,289.91336,33.427094,65.171295,0.8464807,-1,-1,-1
246,5350,614.00806,260.2039,45.8031,57.904785,0.88109356,-1,-1,-1
246,5355,124.52693,9.632712,64.16675,50.069782,0.8466333,-1,-1,-1
246,5364,901.7596,66.630486,47.656006,56.48713,0.8151642,-1,-1,-1
246,5367,412.42343,386.4584,47.34091,58.992126,0.8728678,-1,-1,-1
246,5371,281.75757,311.676,42.840393,55.667694,0.88104284,-1,-1,-1
246,5383,413.82928,107.99408,70.55417,93.00737,0.3925333,-1,-1,-1
246,5393,518.4064,87.911194,47.84857,55.891693,0.8933466,-1,-1,-1
246,5404,485.7788,0.0,49.411682,55.075157,0.85386884,-1,-1,-1
246,5405,414.52676,107.79012,69.86304,92.86475,0.33664343,-1,-1,-1
247,5313,484.3083,217.01103,35.182983,58.838364,0.8692945,-1,-1,-1
247,5315,207.15129,59.15492,59.55272,47.866657,0.866401,-1,-1,-1
247,5316,517.33575,151.94064,39.20221,69.66911,0.87145317,-1,-1,-1
247,5319,221.96918,25.54887,62.117615,48.28245,0.8604853,-1,-1,-1
247,5320,458.5741,304.3896,42.11795,58.336395,0.89891,-1,-1,-1
247,5322,804.5722,304.93707,58.629395,48.0614,0.87445426,-1,-1,-1
247,5345,224.96626,289.4236,32.78267,65.39935,0.84691924,-1,-1,-1
247,5350,614.91736,261.88177,45.89807,57.622833,0.8757019,-1,-1,-1
247,5355,124.29837,9.040282,64.45738,50.094788,0.85098994,-1,-1,-1
247,5364,901.5425,66.78052,47.776123,56.448517,0.8135006,-1,-1,-1
247,5367,412.77762,385.30118,46.426697,59.68048,0.8803528,-1,-1,-1
247,5371,279.6734,314.67795,42.79669,55.90384,0.881457,-1,-1,-1
247,5383,412.76285,110.4454,71.288055,92.80558,0.39990115,-1,-1,-1
247,5393,516.823,89.79478,47.910156,55.88485,0.8896211,-1,-1,-1
247,5404,483.66846,0.09154338,49.61841,57.4157,0.8654879,-1,-1,-1
247,5405,412.48636,109.53366,70.75784,92.60292,0.35329267,-1,-1,-1
248,5313,484.05902,216.8799,35.312927,58.725235,0.87067425,-1,-1,-1
248,5315,207.25334,58.82778,59.505417,47.88315,0.8650153,-1,-1,-1
248,5316,517.22034,151.76521,39.18573,69.57808,0.8712276,-1,-1,-1
248,5319,221.77928,25.113703,61.848312,48.468575,0.8719713,-1,-1,-1
248,5320,458.37833,304.00555,42.141144,58.4198,0.8977126,-1,-1,-1
248,5322,804.31696,305.29337,58.381958,47.82904,0.87599933,-1,-1,-1
248,5345,224.69656,289.11566,32.507996,65.22888,0.84399134,-1,-1,-1
248,5350,615.49927,263.83292,46.04138,57.112,0.8845753,-1,-1,-1
248,5355,124.11529,8.7317,64.89802,50.106033,0.8485899,-1,-1,-1
248,5364,901.1452,66.97316,48.104553,56.589462,0.81252587,-1,-1,-1
248,5367,411.9139,385.86588,46.797913,58.398956,0.8682394,-1,-1,-1
248,5371,277.58307,317.7786,42.959564,55.815735,0.8923694,-1,-1,-1
248,5383,411.30225,112.480934,72.16333,92.73841,0.32702953,-1,-1,-1
248,5393,515.3376,91.6805,47.747314,55.740936,0.88553,-1,-1,-1
248,5404,481.5568,1.66707,50.050262,59.26818,0.86472327,-1,-1,-1
248,5405,410.51016,111.42118,71.87576,92.27595,0.41821933,-1,-1,-1
249,5313,483.7526,216.73898,35.48874,58.69449,0.87189823,-1,-1,-1
249,5315,207.24315,58.501675,59.520157,47.82934,0.8637945,-1,-1,-1
249,5316,517.0658,151.76506,39.101868,69.114426,0.8718381,-1,-1,-1
249,5319,221.73781,24.552345,62.317856,48.78868,0.8614185,-1,-1,-1
249,5320,458.26337,303.63977,42.04721,58.46527,0.89772856,-1,-1,-1
249,5322,804.26666,305.4588,58.12567,47.73694,0.8765502,-1,-1,-1
249,5345,224.63289,288.92465,31.841873,64.80734,0.84606993,-1,-1,-1
249,5350,616.3237,265.99582,45.82611,56.265472,0.87831783,-1,-1,-1
249,5355,123.80717,8.19864,65.373146,50.00332,0.8502922,-1,-1,-1
249,5364,900.8237,67.10856,48.183105,56.510956,0.8037003,-1,-1,-1
249,5367,411.6682,385.83044,46.66742,57.901154,0.86883754,-1,-1,-1
249,5371,275.01633,320.88422,43.554535,55.729584,0.8921043,-1,-1,-1
249,5393,513.8789,93.61878,47.556824,56.107704,0.88037986,-1,-1,-1
249,5404,479.8152,3.991013,49.954346,59.107166,0.8773614,-1,-1,-1
250,5313,483.56985,216.56694,35.531464,58.731033,0.87111616,-1,-1,-1
250,5315,207.31024,57.93086,59.9682,48.369328,0.87718785,-1,-1,-1
250,5316,516.88965,151.7473,39.148132,68.673294,0.8692191,-1,-1,-1
250,5319,221.77753,24.016403,62.542816,49.036987,0.86098796,-1,-1,-1
250,5320,458.12326,303.31778,42.02661,58.44986,0.89732486,-1,-1,-1
250,5322,804.037,305.77304,58.04492,47.708984,0.87445915,-1,-1,-1
250,5345,224.49812,288.981,31.360214,64.06961,0.8463055,-1,-1,-1
250,5350,616.5596,267.48978,46.030823,56.60974,0.8830626,-1,-1,-1
250,5355,123.91439,7.9216456,65.37925,49.75626,0.8540911,-1,-1,-1
250,5364,900.3768,67.405365,48.565186,57.037857,0.79770726,-1,-1,-1
250,5367,411.27,385.546,46.895386,58.40573,0.8664168,-1,-1,-1
250,5371,272.92395,324.24374,43.19156,55.32202,0.88115114,-1,-1,-1
250,5393,512.45654,95.60908,47.33197,56.124413,0.8808639,-1,-1,-1
250,5404,478.1459,6.5119233,49.67325,59.386223,0.87529385,-1,-1,-1
250,5382,0.0017487823,223.5028,28.209558,32.96164,0.3358914,-1,-1,-1
250,5383,407.51398,115.31016,72.18787,92.93655,0.5285736,-1,-1,-1
251,5313,483.28998,216.39796,35.678833,58.495285,0.8735049,-1,-1,-1
251,5315,207.29248,57.68191,59.833008,48.13653,0.8646655,-1,-1,-1
251,5316,516.6943,151.5282,39.187805,68.48715,0.8683036,-1,-1,-1
251,5319,221.66202,23.46026,62.749603,49.310898,0.85626316,-1,-1,-1
251,5320,457.93826,302.96564,42.045563,58.276947,0.8995367,-1,-1,-1
251,5322,803.6681,305.86975,58.071533,47.91986,0.87107426,-1,-1,-1
251,5345,223.96674,288.57248,31.30896,63.741882,0.8470886,-1,-1,-1
251,5350,617.08875,268.90982,45.928284,56.58487,0.87836516,-1,-1,-1
251,5355,123.82037,7.653687,65.48511,49.651543,0.8466899,-1,-1,-1
251,5364,899.80145,67.489586,48.91925,57.170395,0.78386503,-1,-1,-1
251,5367,411.4738,385.23666,46.303497,58.08496,0.867241,-1,-1,-1
251,5371,270.50372,327.3072,43.043793,55.181274,0.8883082,-1,-1,-1
251,5393,510.91266,97.802956,47.33441,56.164345,0.87806904,-1,-1,-1
251,5404,476.4537,9.231638,49.961945,58.94529,0.8768257,-1,-1,-1
251,5410,406.61935,116.88114,72.28781,93.18626,0.33150828,-1,-1,-1
251,5382,0.0,223.68936,27.49714,31.910995,0.44388717,-1,-1,-1
251,5383,407.05157,117.75272,71.724945,92.53315,0.44790456,-1,-1,-1
252,5313,482.9115,216.14731,35.847717,58.543518,0.8716245,-1,-1,-1
252,5315,207.27695,57.288837,59.733734,48.078373,0.8601982,-1,-1,-1
252,5316,516.50775,151.27281,39.240845,68.364624,0.8676149,-1,-1,-1
252,5319,221.3601,22.651415,63.38629,49.70732,0.8531673,-1,-1,-1
252,5320,457.84872,302.493,41.917206,58.24121,0.8989699,-1,-1,-1
252,5322,803.24603,305.7018,58.255493,48.369568,0.86888295,-1,-1,-1
252,5345,223.5583,288.13412,31.3573,63.400146,0.84924227,-1,-1,-1
252,5350,618.02277,270.1447,45.949768,57.34146,0.8746396,-1,-1,-1
252,5355,123.55302,7.2274175,65.696266,49.626255,0.83918756,-1,-1,-1
252,5364,899.64453,67.69244,48.887573,57.18933,0.7991231,-1,-1,-1
252,5367,411.0529,384.9465,46.224396,57.561615,0.8790396,-1,-1,-1
252,5371,268.30453,330.35364,43.17737,55.021973,0.8792703,-1,-1,-1
252,5393,509.15518,99.77048,47.5466,56.114304,0.8760456,-1,-1,-1
252,5404,474.57852,11.887713,49.959747,58.570362,0.87412494,-1,-1,-1
252,5410,405.77466,118.90227,71.88251,93.26984,0.29622543,-1,-1,-1
252,5382,0.0,223.5393,26.998404,31.378067,0.5277123,-1,-1,-1
252,5383,405.2192,119.52044,71.88327,92.93215,0.33016297,-1,-1,-1
253,5313,482.77975,215.92215,35.739716,58.509277,0.8722832,-1,-1,-1
253,5315,207.28334,56.523506,59.421005,48.317886,0.85489696,-1,-1,-1
253,5316,516.4705,150.9527,39.34546,68.86322,0.8636067,-1,-1,-1
253,5319,221.03845,21.910717,63.898376,49.884502,0.8553558,-1,-1,-1
253,5320,457.7571,302.07953,41.80078,58.0885,0.89871734,-1,-1,-1
253,5322,802.94324,305.7831,58.260925,48.558746,0.87036407,-1,-1,-1
253,5345,223.3075,287.91342,31.071304,63.05368,0.85145724,-1,-1,-1
253,5350,618.78845,271.66776,45.98114,57.842712,0.8838291,-1,-1,-1
253,5355,123.243866,6.360611,65.83243,49.691196,0.83470106,-1,-1,-1
253,5364,899.67053,67.78736,48.509766,57.102722,0.8069051,-1,-1,-1
253,5367,410.546,384.44003,46.277283,57.391785,0.8779741,-1,-1,-1
253,5371,266.04718,333.60132,43.179565,55.09494,0.8911122,-1,-1,-1
253,5393,507.75793,101.365944,47.627686,56.30053,0.8752448,-1,-1,-1
253,5404,472.72556,13.8217,49.985138,59.291336,0.8701141,-1,-1,-1
253,5410,403.87323,121.4498,71.99628,91.8322,0.31266055,-1,-1,-1
253,5382,0.0,223.03105,26.684124,31.189026,0.3798644,-1,-1,-1
253,5383,404.35574,121.82682,71.21475,92.1168,0.48439628,-1,-1,-1
254,5313,482.7201,215.76572,35.637634,58.448242,0.87140924,-1,-1,-1
254,5315,207.20476,55.836224,59.245712,48.598125,0.8528919,-1,-1,-1
254,5316,516.53094,150.27315,39.27063,69.25983,0.8584763,-1,-1,-1
254,5319,220.94182,21.430794,64.012375,49.88092,0.85445166,-1,-1,-1
254,5320,457.56006,301.79376,41.777344,57.839752,0.8983378,-1,-1,-1
254,5322,802.4693,305.93784,58.261353,48.651306,0.8722029,-1,-1,-1
254,5345,222.84744,287.50015,31.166641,63.1196,0.8520741,-1,-1,-1
254,5350,619.1531,273.55032,46.479187,57.20047,0.8800193,-1,-1,-1
254,5355,123.58579,5.5908914,65.41129,49.80703,0.83155245,-1,-1,-1
254,5364,899.8222,68.10305,48.13031,56.93643,0.8011553,-1,-1,-1
254,5367,410.00653,383.99716,46.31357,57.447174,0.87491256,-1,-1,-1
254,5371,263.86838,336.57205,43.37265,55.28604,0.88824624,-1,-1,-1
254,5393,505.92883,103.65218,47.94568,56.08251,0.8762196,-1,-1,-1
254,5404,470.74066,16.558943,50.210693,59.004135,0.8713228,-1,-1,-1
254,5410,401.71646,123.647545,71.9859,91.747185,0.44665965,-1,-1,-1
254,5383,403.20773,124.20217,71.055084,91.68896,0.6049725,-1,-1,-1
255,5313,482.46967,215.79103,35.58246,58.1313,0.87029535,-1,-1,-1
255,5315,207.06328,55.143295,59.169235,48.750793,0.85265243,-1,-1,-1
255,5316,516.57733,150.06194,39.29248,69.1763,0.8567318,-1,-1,-1
255,5319,220.94368,20.866432,63.842484,49.904556,0.8536389,-1,-1,-1
255,5320,457.3405,301.43707,41.710205,57.614777,0.895673,-1,-1,-1
255,5322,802.1666,306.0949,57.88147,48.804657,0.8754274,-1,-1,-1
255,5345,222.63068,287.2112,31.37384,63.128845,0.85634977,-1,-1,-1
255,5350,619.6767,275.42697,46.777954,56.434814,0.88342637,-1,-1,-1
255,5355,123.83092,5.1063347,65.07248,49.632267,0.83466417,-1,-1,-1
255,5364,900.27435,68.61996,47.539673,56.626778,0.80644643,-1,-1,-1
255,5367,409.56656,383.56448,46.27472,57.563385,0.87614506,-1,-1,-1
255,5371,261.62485,339.34692,43.28018,55.56021,0.8892709,-1,-1,-1
255,5393,504.27203,105.632706,47.97235,56.00769,0.87902915,-1,-1,-1
255,5404,469.13025,19.4088,49.845764,58.887314,0.877887,-1,-1,-1
255,5410,400.06744,125.71735,71.687164,91.99507,0.60651827,-1,-1,-1
255,5383,401.69745,126.337715,70.74332,92.15742,0.29995117,-1,-1,-1
255,5382,0.0,221.32379,26.04677,32.14052,0.44721344,-1,-1,-1
256,5313,482.2003,215.6804,35.561676,58.137863,0.8680857,-1,-1,-1
256,5315,207.05826,54.553967,58.992493,48.713146,0.85396504,-1,-1,-1
256,5316,516.4143,149.63824,39.288086,69.08473,0.852267,-1,-1,-1
256,5319,221.13882,20.546581,63.577393,49.66367,0.85551137,-1,-1,-1
256,5320,457.06195,301.12875,41.682007,57.460083,0.8946223,-1,-1,-1
256,5322,801.9849,306.39566,57.579346,48.733276,0.87633854,-1,-1,-1
256,5345,222.33122,286.6178,31.793701,63.42932,0.86036116,-1,-1,-1
256,5350,620.6565,277.16534,46.287476,55.97812,0.8813814,-1,-1,-1
256,5355,123.93469,4.7910814,65.020996,49.250916,0.8313023,-1,-1,-1
256,5364,900.61646,69.09249,47.117676,56.413086,0.80672055,-1,-1,-1
256,5367,409.1448,382.99158,46.407837,58.053772,0.87346905,-1,-1,-1
256,5371,259.4408,342.10614,43.218384,55.69034,0.87442887,-1,-1,-1
256,5393,502.62524,107.24889,47.895996,56.575996,0.8850092,-1,-1,-1
256,5404,466.9944,22.774162,50.258423,58.36667,0.8744142,-1,-1,-1
256,5382,0.0,220.12468,25.745653,32.68907,0.5195565,-1,-1,-1
257,5313,481.9996,215.51726,35.622345,58.036606,0.8696617,-1,-1,-1
257,5315,206.86337,53.931965,59.037384,48.540676,0.8577524,-1,-1,-1
257,5316,516.3765,149.92355,39.32794,68.56305,0.85052395,-1,-1,-1
257,5319,221.54063,19.978613,62.99565,49.402878,0.8565018,-1,-1,-1
257,5320,456.6366,300.84308,41.76477,57.300415,0.89323354,-1,-1,-1
257,5322,801.65106,306.5073,57.394043,48.87451,0.87623304,-1,-1,-1
257,5345,221.8091,286.0329,32.319748,63.55423,0.86247313,-1,-1,-1
257,5350,621.73334,278.9968,45.733948,56.0773,0.8887204,-1,-1,-1
257,5355,123.334404,4.303938,65.779076,49.011055,0.82214075,-1,-1,-1
257,5364,900.2409,69.5472,47.57251,56.262672,0.80524063,-1,-1,-1
257,5367,408.49963,382.54553,46.776917,58.170807,0.869776,-1,-1,-1
257,5371,257.03873,345.28558,43.18857,55.59143,0.8882539,-1,-1,-1
257,5393,501.39835,109.28105,47.229828,55.970383,0.8798177,-1,-1,-1
257,5404,465.55743,25.171606,50.032654,58.309715,0.88490057,-1,-1,-1
257,5382,0.0,218.18217,25.94128,33.34134,0.41327664,-1,-1,-1
257,5383,397.7017,129.24263,72.1207,92.05263,0.4626179,-1,-1,-1
258,5313,481.7896,215.39912,35.63434,57.797623,0.8703295,-1,-1,-1
258,5315,206.71262,53.35957,59.14566,48.33269,0.8596224,-1,-1,-1
258,5316,516.245,150.02364,39.378662,68.156494,0.8437538,-1,-1,-1
258,5319,221.60385,19.403877,62.927856,49.37018,0.85790604,-1,-1,-1
258,5320,456.12894,300.58838,41.84961,57.179962,0.89304847,-1,-1,-1
258,5322,801.29486,306.93564,57.433167,48.776398,0.8731061,-1,-1,-1
258,5345,221.47362,285.7084,32.494827,63.642365,0.86503154,-1,-1,-1
258,5350,621.9541,280.6823,45.84082,55.520782,0.88076955,-1,-1,-1
258,5355,122.78386,3.086098,66.63533,49.95829,0.82605284,-1,-1,-1
258,5364,899.833,70.01715,47.855164,56.554222,0.79977834,-1,-1,-1
258,5367,407.95923,382.15686,47.012207,58.174255,0.86025965,-1,-1,-1
258,5371,254.70102,348.40894,43.02765,55.921234,0.86852276,-1,-1,-1
258,5393,499.81412,111.69326,46.92746,55.41503,0.8741922,-1,-1,-1
258,5404,464.18158,27.569145,49.37787,58.401894,0.8892939,-1,-1,-1
258,5382,0.0,217.20592,25.748764,32.82782,0.4042247,-1,-1,-1
258,5383,396.49512,131.37283,71.66965,91.68767,0.6474152,-1,-1,-1
259,5313,481.411,215.11858,35.89984,57.856003,0.86970305,-1,-1,-1
259,5315,206.94136,52.513016,58.73854,48.449997,0.8632692,-1,-1,-1
259,5316,515.99133,149.84476,39.329163,67.951324,0.8371067,-1,-1,-1
259,5319,221.56514,18.700333,63.1631,49.458725,0.85637486,-1,-1,-1
259,5320,455.36548,300.07037,42.305634,57.388,0.89336795,-1,-1,-1
259,5322,800.6136,307.13742,57.427856,48.710022,0.875478,-1,-1,-1
259,5345,221.0462,285.17166,32.451385,63.940308,0.87236387,-1,-1,-1
259,5350,622.4232,282.1147,46.00763,55.727325,0.88089293,-1,-1,-1
259,5355,122.90715,2.2293346,66.64336,49.83346,0.8266662,-1,-1,-1
259,5364,900.40125,70.472145,47.40088,56.26506,0.7908173,-1,-1,-1
259,5367,407.24176,381.6893,47.419586,58.579956,0.8532856,-1,-1,-1
259,5371,252.14442,351.2023,43.189102,56.023895,0.8891386,-1,-1,-1
259,5393,498.50305,113.349945,46.506165,55.734573,0.8756721,-1,-1,-1
259,5404,462.31125,30.40409,49.598297,57.776398,0.8829934,-1,-1,-1
259,5382,0.0,216.68254,25.230556,31.747543,0.5121486,-1,-1,-1
259,5383,394.4689,132.80467,71.75107,92.13403,0.39374626,-1,-1,-1
260,5313,481.10153,214.8305,36.075104,58.14447,0.8693646,-1,-1,-1
260,5315,206.85329,51.942623,58.76631,48.4763,0.8676122,-1,-1,-1
260,5316,515.7871,149.72783,39.259705,67.80557,0.81606793,-1,-1,-1
260,5319,221.49576,18.021824,62.68402,49.570896,0.8678564,-1,-1,-1
260,5320,454.95706,299.71707,42.179108,57.50418,0.8922925,-1,-1,-1
260,5322,800.0806,307.3145,57.669556,48.83673,0.86990654,-1,-1,-1
260,5345,220.44746,284.26718,32.590042,64.55231,0.87636244,-1,-1,-1
260,5350,623.07776,283.5336,45.924377,55.768646,0.87432456,-1,-1,-1
260,5355,123.021385,1.6621382,66.60796,49.388233,0.82214826,-1,-1,-1
260,5364,899.81464,70.89052,48.134888,56.317963,0.7892657,-1,-1,-1
260,5367,406.54224,381.1656,47.586212,58.8898,0.8568868,-1,-1,-1
260,5371,249.3296,353.7914,43.45497,56.40561,0.885412,-1,-1,-1
260,5393,496.71896,114.75484,46.772614,56.633774,0.8586299,-1,-1,-1
260,5404,460.3734,32.795708,50.212036,57.646294,0.8771094,-1,-1,-1
260,5382,0.0,214.74055,25.078281,32.134903,0.38147715,-1,-1,-1
260,5383,394.05804,134.96732,70.348785,91.544876,0.3750406,-1,-1,-1
261,5313,480.87894,214.55902,36.27658,58.224243,0.87140256,-1,-1,-1
261,5315,206.84042,51.480766,58.835785,48.458374,0.86931086,-1,-1,-1
261,5316,515.6252,149.6383,39.242798,67.60106,0.825618,-1,-1,-1
261,5319,221.5921,17.526102,62.68808,49.738663,0.85761636,-1,-1,-1
261,5320,454.43085,299.338,42.56375,57.53943,0.89061004,-1,-1,-1
261,5322,799.88135,307.91348,57.6203,48.49762,0.8695156,-1,-1,-1
261,5345,219.99487,283.4592,32.75215,64.836334,0.8807091,-1,-1,-1
261,5350,623.8513,285.23694,45.720398,55.530243,0.87608266,-1,-1,-1
261,5355,123.250114,1.0239146,66.307976,49.218796,0.8065821,-1,-1,-1
261,5364,899.26074,71.08117,49.00708,56.33233,0.7933828,-1,-1,-1
261,5367,406.3396,380.1511,47.27481,59.517242,0.86861044,-1,-1,-1
261,5371,246.89783,356.66846,43.34204,55.931152,0.8711552,-1,-1,-1
261,5393,495.06927,117.03313,46.707764,56.224213,0.86818945,-1,-1,-1
261,5404,458.5445,34.527283,50.79126,58.4237,0.8776086,-1,-1,-1
261,5382,0.0,212.67401,24.833843,32.90631,0.39943933,-1,-1,-1
261,5383,392.17715,136.65205,70.44867,92.11008,0.7326765,-1,-1,-1
262,5313,480.50504,214.18541,36.71176,58.39354,0.87340456,-1,-1,-1
262,5315,206.8709,51.094727,58.72368,48.292976,0.8634131,-1,-1,-1
262,5316,514.9888,149.29015,39.43274,67.52246,0.8216809,-1,-1,-1
262,5319,221.8943,16.60272,62.722427,50.038048,0.8605029,-1,-1,-1
262,5320,453.9962,299.0875,42.344635,57.4776,0.89062554,-1,-1,-1
262,5322,799.3644,308.2437,57.832825,48.64563,0.86846197,-1,-1,-1
262,5345,219.83078,282.84912,32.502182,64.6261,0.8781186,-1,-1,-1
262,5350,624.5869,286.68704,45.576416,55.808746,0.8809229,-1,-1,-1
262,5355,123.48768,1.0596553,66.43272,48.39429,0.82346046,-1,-1,-1
262,5364,899.1,71.66375,49.160034,56.146515,0.77675754,-1,-1,-1
262,5367,405.31064,380.56964,47.51779,58.804413,0.87196153,-1,-1,-1
262,5371,244.56143,359.5737,43.096832,55.64032,0.88397425,-1,-1,-1
262,5393,493.34515,119.13717,47.037476,56.573555,0.86450577,-1,-1,-1
262,5404,456.5406,36.461514,51.823883,58.94521,0.87787193,-1,-1,-1
262,5382,0.0,212.08589,24.300915,31.676529,0.5182383,-1,-1,-1
262,5383,391.00516,138.49077,69.57428,92.5791,0.7672918,-1,-1,-1
263,5313,480.10675,214.11816,36.746704,58.359436,0.86944634,-1,-1,-1
263,5315,207.1743,50.594353,58.8011,48.088913,0.8585843,-1,-1,-1
263,5316,514.7316,149.10919,39.4881,67.48337,0.83762085,-1,-1,-1
263,5319,221.94025,15.862388,62.87448,50.25261,0.8600276,-1,-1,-1
263,5320,453.64038,298.9325,42.098846,57.46286,0.8889279,-1,-1,-1
263,5322,798.5497,308.63135,58.21698,48.59424,0.86933875,-1,-1,-1
263,5345,219.26639,282.133,32.4467,64.611694,0.8762569,-1,-1,-1
263,5350,625.23267,287.91028,45.61725,56.211243,0.87813616,-1,-1,-1
263,5355,124.85009,0.5158879,64.95208,48.220943,0.8242933,-1,-1,-1
263,5364,898.8873,72.56257,49.051453,56.084053,0.7871859,-1,-1,-1
263,5367,404.57043,380.70612,47.433655,58.475067,0.8752692,-1,-1,-1
263,5371,242.10684,362.39117,43.459564,55.607086,0.87265515,-1,-1,-1
263,5393,491.46625,121.04672,47.415283,56.539886,0.8759461,-1,-1,-1
263,5404,454.6209,38.20644,52.098785,59.30089,0.8692453,-1,-1,-1
263,5382,0.0,211.04077,24.027763,31.282684,0.43036327,-1,-1,-1
263,5383,388.22916,140.8476,71.41608,92.30318,0.59633607,-1,-1,-1
263,5415,388.40076,139.93721,71.16519,93.3239,0.56203777,-1,-1,-1
264,5313,479.93436,213.93262,36.6857,58.29013,0.8678214,-1,-1,-1
264,5315,207.31496,49.665287,58.566452,48.24734,0.85698456,-1,-1,-1
264,5316,514.49805,148.76927,39.818787,67.499664,0.8448675,-1,-1,-1
264,5319,222.01053,15.226361,62.963226,50.288586,0.86266357,-1,-1,-1
264,5320,453.32513,298.5151,42.36548,57.31369,0.9007753,-1,-1,-1
264,5322,797.967,308.58966,58.52539,48.939667,0.8704252,-1,-1,-1
264,5345,219.15443,281.4304,31.968842,64.019684,0.8710356,-1,-1,-1
264,5350,625.7693,288.84833,45.96112,56.68399,0.87646747,-1,-1,-1
264,5355,125.3752,0.14331901,64.39676,47.902363,0.8309936,-1,-1,-1
264,5364,898.8046,73.42586,48.962646,56.39647,0.7910431,-1,-1,-1
264,5367,404.18607,380.48743,47.012573,57.89331,0.8658241,-1,-1,-1
264,5371,239.47498,365.33566,43.465363,55.62851,0.8898216,-1,-1,-1
264,5393,489.8662,122.922325,47.23999,56.339622,0.8757921,-1,-1,-1
264,5404,452.8536,40.791397,52.326843,58.721718,0.8711672,-1,-1,-1
264,5382,0.0047637047,209.75917,23.974373,31.051971,0.56756634,-1,-1,-1
264,5383,387.16852,143.02103,70.79947,91.74495,0.6321258,-1,-1,-1
264,5415,387.01715,142.56308,72.15817,91.79152,0.35110596,-1,-1,-1
265,5313,479.49405,213.67767,37.026886,58.257782,0.8690783,-1,-1,-1
265,5315,207.59372,48.863365,58.605713,48.406754,0.85532916,-1,-1,-1
265,5316,514.38776,148.23804,40.12982,67.54381,0.8442629,-1,-1,-1
265,5319,222.24039,14.365943,62.968445,50.455048,0.868953,-1,-1,-1
265,5320,452.7787,298.23434,42.224884,57.616364,0.8898974,-1,-1,-1
265,5322,797.4328,308.67923,58.613647,49.32599,0.8730611,-1,-1,-1
265,5345,218.67734,280.66235,31.914108,63.900604,0.8711449,-1,-1,-1
265,5350,626.6909,290.904,45.669678,55.875183,0.87656116,-1,-1,-1
265,5355,126.32221,0.0,63.480095,46.753212,0.83876854,-1,-1,-1
265,5364,898.61584,74.14536,49.028687,56.65319,0.7959056,-1,-1,-1
265,5367,403.9059,379.9521,46.690582,58.262848,0.8611167,-1,-1,-1
265,5371,236.67735,367.84912,44.021774,56.00769,0.888088,-1,-1,-1
265,5393,488.30884,124.88471,46.846313,56.25506,0.86779803,-1,-1,-1
265,5404,450.8836,43.34905,52.537903,58.970036,0.8769706,-1,-1,-1
265,5382,0.011987775,209.1714,23.544619,30.105911,0.6512,-1,-1,-1
265,5383,384.98682,144.6671,72.341736,91.72832,0.72716653,-1,-1,-1
265,5416,455.43268,508.58456,41.663727,29.102264,0.49060503,-1,-1,-1
266,5313,479.10513,213.54846,37.301605,58.245758,0.86800665,-1,-1,-1
266,5315,207.67924,48.126637,58.585342,48.29848,0.8593615,-1,-1,-1
266,5316,514.472,147.72202,40.121826,67.60681,0.840875,-1,-1,-1
266,5319,222.51494,13.782628,62.634964,50.37425,0.8691741,-1,-1,-1
266,5320,452.2437,297.90955,42.220398,57.765778,0.88658816,-1,-1,-1
266,5322,797.04614,309.03876,58.56714,49.371613,0.87721187,-1,-1,-1
266,5345,218.4331,280.0663,31.534195,63.911163,0.8707423,-1,-1,-1
266,5350,627.6192,292.68967,45.450867,55.936188,0.878022,-1,-1,-1
266,5355,127.190475,0.0,62.798447,45.734455,0.84280604,-1,-1,-1
266,5364,897.98596,74.90263,49.80609,57.004074,0.81176144,-1,-1,-1
266,5367,403.30594,379.7739,46.854187,57.965088,0.8742612,-1,-1,-1
266,5371,234.06978,370.58148,44.273026,55.758087,0.8836449,-1,-1,-1
266,5393,486.93835,126.97959,46.019165,55.721977,0.8682052,-1,-1,-1
266,5404,449.08237,45.87707,52.6727,59.399273,0.8729633,-1,-1,-1
266,5382,0.0014828249,208.01459,23.215889,30.177002,0.5326654,-1,-1,-1
266,5383,385.02344,146.60576,71.040924,91.085846,0.55878717,-1,-1,-1
266,5416,457.55533,505.62488,40.26877,31.978943,0.63583565,-1,-1,-1
267,5313,478.83896,213.48822,37.4653,58.255707,0.8676694,-1,-1,-1
267,5315,207.67015,47.295345,58.53972,48.316998,0.86248904,-1,-1,-1
267,5316,514.49756,146.61607,39.998108,68.20311,0.84303975,-1,-1,-1
267,5319,222.72176,13.165189,62.509018,50.35887,0.8675829,-1,-1,-1
267,5320,451.8117,297.698,42.424744,57.885834,0.886182,-1,-1,-1
267,5322,796.7627,309.4855,58.3407,49.33365,0.8830538,-1,-1,-1
267,5345,218.21599,279.61722,31.352448,63.8461,0.8678256,-1,-1,-1
267,5350,628.2067,294.03156,45.375244,56.106384,0.87528926,-1,-1,-1
267,5355,127.87105,0.0,62.45175,44.924164,0.8320755,-1,-1,-1
267,5364,897.865,75.61731,49.645447,56.87709,0.7991865,-1,-1,-1
267,5367,402.703,379.52225,47.04251,57.66504,0.8747708,-1,-1,-1
267,5371,231.55496,373.53354,43.86029,55.7482,0.8836351,-1,-1,-1
267,5393,485.3427,129.14406,45.857605,55.752716,0.85741687,-1,-1,-1
267,5404,446.91638,47.86432,53.102203,59.914467,0.86664516,-1,-1,-1
267,5382,0.0,206.71495,22.907738,30.388535,0.5001304,-1,-1,-1
267,5383,383.23428,148.29352,71.68927,91.10193,0.6075422,-1,-1,-1
267,5416,458.40637,502.6226,40.366516,34.70334,0.55753523,-1,-1,-1
268,5313,478.477,213.33676,37.673767,58.34906,0.86638,-1,-1,-1
268,5315,207.8031,46.63206,58.618927,48.27017,0.86340934,-1,-1,-1
268,5316,514.6396,145.72481,39.872864,68.725174,0.8419668,-1,-1,-1
268,5319,223.0748,12.7693815,62.385864,50.08145,0.86601436,-1,-1,-1
268,5320,451.32907,297.30096,42.723877,58.07141,0.8849115,-1,-1,-1
268,5322,796.5085,310.18494,58.292297,49.244812,0.8832732,-1,-1,-1
268,5345,217.93236,279.15204,31.051575,63.823853,0.86764824,-1,-1,-1
268,5350,628.7928,295.40005,45.210754,56.376617,0.8719938,-1,-1,-1
268,5355,127.4782,0.0,63.29902,44.205627,0.8106643,-1,-1,-1
268,5364,898.24133,76.514565,49.025757,56.592033,0.8049118,-1,-1,-1
268,5367,402.62683,378.35037,46.64737,58.490997,0.8960749,-1,-1,-1
268,5371,229.16379,376.30905,43.99948,55.814575,0.88552713,-1,-1,-1
268,5393,483.57294,131.19173,45.958313,55.84543,0.8540281,-1,-1,-1
268,5404,445.33276,50.001175,52.773987,59.23481,0.8804227,-1,-1,-1
268,5382,0.0,205.96017,22.529451,30.283356,0.5139361,-1,-1,-1
268,5383,381.57956,150.21458,71.60043,90.80974,0.8198788,-1,-1,-1
268,5416,459.6397,499.71268,39.839905,37.85025,0.6536349,-1,-1,-1
269,5313,478.23886,213.08034,37.770782,58.36586,0.8653737,-1,-1,-1
269,5315,208.03163,45.9793,58.41057,48.226532,0.8610007,-1,-1,-1
269,5316,514.7419,145.0051,39.88672,68.96324,0.8396236,-1,-1,-1
269,5319,223.85759,12.201766,61.763718,49.85556,0.86314875,-1,-1,-1
269,5320,451.03796,296.92096,43.002625,58.138153,0.8848031,-1,-1,-1
269,5322,796.4215,310.7429,58.05316,49.438263,0.88233715,-1,-1,-1
269,5345,217.74222,278.6095,30.745789,63.398346,0.87469214,-1,-1,-1
269,5350,629.4464,296.99747,45.04596,56.41327,0.87279713,-1,-1,-1
269,5355,127.85829,0.0,63.20636,43.340607,0.80438703,-1,-1,-1
269,5364,898.9612,77.26502,48.428955,56.36486,0.8077221,-1,-1,-1
269,5367,401.6239,378.11703,47.14807,58.422577,0.8759667,-1,-1,-1
269,5371,226.61111,378.8998,43.95807,55.64731,0.88988334,-1,-1,-1
269,5393,482.06998,133.08662,45.923492,55.936996,0.8653683,-1,-1,-1
269,5404,443.89636,52.48881,52.12805,59.16215,0.8726716,-1,-1,-1
269,5382,0.011992128,204.03491,22.826538,30.864502,0.4409511,-1,-1,-1
269,5383,379.3816,151.61151,72.3757,90.9091,0.86189175,-1,-1,-1
269,5416,459.4442,496.84927,40.97119,40.581757,0.7146858,-1,-1,-1
270,5313,478.03122,212.85425,37.78531,58.49106,0.86389375,-1,-1,-1
270,5315,208.38951,45.308254,58.205,48.371937,0.86239856,-1,-1,-1
270,5316,514.9379,144.78355,39.48285,68.210144,0.8410612,-1,-1,-1
270,5319,224.39326,11.299134,61.370316,49.993553,0.8591937,-1,-1,-1
270,5320,450.9354,296.51846,43.389313,57.869904,0.88540745,-1,-1,-1
270,5322,796.27655,311.15988,57.824646,49.43869,0.8868892,-1,-1,-1
270,5345,217.52449,277.51523,30.318008,63.6037,0.8685464,-1,-1,-1
270,5350,630.0024,298.39713,45.273804,56.54492,0.87348175,-1,-1,-1
270,5355,128.37492,0.0,62.93341,42.35032,0.8150088,-1,-1,-1
270,5364,899.30493,77.96143,48.264038,56.12072,0.8000296,-1,-1,-1
270,5367,401.09534,377.26132,46.8985,58.76114,0.9023765,-1,-1,-1
270,5371,223.6285,381.46182,44.407333,55.687866,0.8920591,-1,-1,-1
270,5393,480.34097,134.94765,46.049286,56.011642,0.8643765,-1,-1,-1
270,5404,441.80975,54.410763,52.927887,59.604076,0.8745008,-1,-1,-1
270,5382,0.025973229,202.64476,23.050146,30.578705,0.5057118,-1,-1,-1
270,5383,377.68182,153.17859,71.98691,91.23143,0.8091907,-1,-1,-1
270,5416,459.5483,493.412,41.973114,43.754578,0.74595034,-1,-1,-1
271,5313,477.70288,212.6078,37.78003,58.522476,0.8636624,-1,-1,-1
271,5315,208.75574,44.3699,58.06836,48.57015,0.86686236,-1,-1,-1
271,5316,515.1535,144.40367,39.03717,67.76744,0.8689078,-1,-1,-1
271,5319,224.6498,10.406125,61.361893,50.307304,0.8548832,-1,-1,-1
271,5320,450.49316,296.07507,43.237274,57.733063,0.8821734,-1,-1,-1
271,5322,796.00525,311.47757,57.722412,49.762146,0.8866769,-1,-1,-1
271,5345,217.02316,276.67947,30.254913,63.544342,0.86400145,-1,-1,-1
271,5350,630.3421,299.8438,45.41162,56.524628,0.8718472,-1,-1,-1
271,5355,129.21437,0.0,62.134415,41.5452,0.8036821,-1,-1,-1
271,5364,899.3313,78.46978,48.59735,56.27442,0.7967707,-1,-1,-1
271,5367,400.64908,376.8614,46.894226,58.91809,0.87444395,-1,-1,-1
271,5371,220.72444,383.969,44.515884,55.916443,0.88215095,-1,-1,-1
271,5393,478.59555,136.59384,46.2045,56.257812,0.8674465,-1,-1,-1
271,5404,439.733,56.71742,53.224457,59.335674,0.8745862,-1,-1,-1
271,5382,0.0,200.33101,23.016481,31.58818,0.41971496,-1,-1,-1
271,5383,375.82275,155.10439,72.10675,90.53943,0.6995764,-1,-1,-1
271,5416,459.95337,490.0407,42.87857,47.043823,0.78604037,-1,-1,-1
272,5313,477.64368,212.56483,37.63849,58.433426,0.8624124,-1,-1,-1
272,5315,209.07368,43.569138,58.002213,48.811943,0.866443,-1,-1,-1
272,5316,514.8326,144.87077,39.33185,66.87195,0.85825187,-1,-1,-1
272,5319,225.00644,9.724754,61.347717,50.594883,0.8616341,-1,-1,-1
272,5320,449.85498,295.7932,43.650146,57.725098,0.88135445,-1,-1,-1
272,5322,795.6523,311.96912,57.68701,49.852936,0.8888338,-1,-1,-1
272,5345,216.48854,275.68182,30.488754,63.94931,0.8624176,-1,-1,-1
272,5350,630.9185,301.07632,45.2771,57.443665,0.877571,-1,-1,-1
272,5355,129.56659,0.0,61.996902,40.722977,0.805754,-1,-1,-1
272,5364,898.8415,79.2736,49.191467,56.574562,0.79369736,-1,-1,-1
272,5367,400.00433,376.4222,47.320557,58.84311,0.8700334,-1,-1,-1
272,5371,218.01894,386.63745,44.301193,56.01169,0.8767647,-1,-1,-1
272,5393,476.75177,138.76213,46.4292,55.83133,0.86862177,-1,-1,-1
272,5404,438.1357,59.485886,53.300842,59.19747,0.87124884,-1,-1,-1
272,5382,0.015646702,197.6576,22.946905,32.65184,0.3959687,-1,-1,-1
272,5383,374.0367,156.39224,72.35101,90.7153,0.65730643,-1,-1,-1
272,5416,459.8126,486.65298,43.992676,50.905365,0.8580703,-1,-1,-1
273,5313,477.33426,212.41719,37.75168,58.380753,0.86088,-1,-1,-1
273,5315,208.96268,42.74576,57.875458,49.37325,0.8605692,-1,-1,-1
273,5316,515.22186,143.91783,38.837036,67.225845,0.855765,-1,-1,-1
273,5319,225.1098,8.929392,61.512787,51.05356,0.8603131,-1,-1,-1
273,5320,449.31296,295.55945,43.736847,57.61026,0.8796318,-1,-1,-1
273,5322,795.0443,312.316,57.65564,49.873047,0.88909745,-1,-1,-1
273,5345,215.95837,274.95947,30.798248,63.652832,0.86016697,-1,-1,-1
273,5350,631.35846,302.5288,44.9422,57.247772,0.87451994,-1,-1,-1
273,5355,129.63342,0.0,62.132355,39.78128,0.8133195,-1,-1,-1
273,5364,898.69775,80.205215,48.98108,56.537018,0.7768264,-1,-1,-1
273,5367,398.96002,375.95578,47.865814,58.525482,0.85877264,-1,-1,-1
273,5371,215.53052,388.9352,44.420807,56.057343,0.90356916,-1,-1,-1
273,5393,475.30273,140.87169,46.25836,55.52562,0.8662509,-1,-1,-1
273,5404,436.49884,61.61107,53.423706,59.202133,0.8676472,-1,-1,-1
273,5382,0.024717284,196.5036,22.6619,32.590378,0.36223245,-1,-1,-1
273,5383,373.24023,158.45445,72.1051,89.940155,0.5773592,-1,-1,-1
273,5416,459.8951,483.05206,44.6828,53.750183,0.85477954,-1,-1,-1
274,5313,476.91302,212.19589,37.901978,58.288208,0.8606829,-1,-1,-1
274,5315,208.93588,41.897118,57.799286,49.703636,0.86023045,-1,-1,-1
274,5316,515.16943,143.13022,38.746155,67.65451,0.8517371,-1,-1,-1
274,5319,225.42578,8.277571,61.49063,51.375237,0.85767794,-1,-1,-1
274,5320,448.69876,295.40045,43.870636,57.538788,0.8796099,-1,-1,-1
274,5322,794.0052,312.9106,57.81775,49.717438,0.8962026,-1,-1,-1
274,5345,215.66559,274.17252,31.161636,63.58835,0.8634843,-1,-1,-1
274,5350,631.7209,304.6669,45.169495,56.456085,0.8816282,-1,-1,-1
274,5355,130.24847,0.0,61.761353,38.971344,0.80460566,-1,-1,-1
274,5364,898.4872,80.72551,49.009644,56.561005,0.7659707,-1,-1,-1
274,5367,398.13605,375.7079,47.973145,58.293762,0.860843,-1,-1,-1
274,5371,212.71738,391.8558,44.488373,55.626373,0.8814783,-1,-1,-1
274,5393,473.96802,143.00612,45.84973,55.31717,0.86638,-1,-1,-1
274,5404,434.5317,63.89024,53.79956,59.398792,0.86838746,-1,-1,-1
274,5382,0.04719627,196.38306,22.692057,31.35054,0.26919708,-1,-1,-1
274,5383,371.42157,161.14021,73.74295,89.0405,0.43752778,-1,-1,-1
274,5416,460.63086,479.9511,44.88922,56.445435,0.87825656,-1,-1,-1
275,5313,476.48447,211.99977,38.042023,58.208054,0.8620751,-1,-1,-1
275,5315,209.0356,41.013702,57.666306,49.69874,0.863436,-1,-1,-1
275,5316,515.2445,142.53583,38.490173,67.702286,0.851519,-1,-1,-1
275,5319,225.29031,7.3799033,62.339508,51.550205,0.8566812,-1,-1,-1
275,5320,447.9717,295.1568,44.334198,57.616455,0.87741166,-1,-1,-1
275,5322,793.6471,313.75638,57.85846,49.226105,0.87146825,-1,-1,-1
275,5345,215.19667,273.38123,31.369934,63.870758,0.86593246,-1,-1,-1
275,5350,632.0904,306.1724,45.41913,56.440613,0.8826155,-1,-1,-1
275,5355,130.90681,0.0,61.310944,38.29962,0.7938013,-1,-1,-1
275,5364,897.9897,81.50165,49.48523,56.406296,0.7557381,-1,-1,-1
275,5367,397.2456,375.46524,48.165436,58.239258,0.85326964,-1,-1,-1
275,5371,209.44952,394.42892,45.04596,55.591003,0.8785847,-1,-1,-1
275,5393,472.68768,144.7386,45.673096,55.542847,0.86578304,-1,-1,-1
275,5404,433.0459,66.53584,53.544495,59.135284,0.8627908,-1,-1,-1
275,5382,0.030162169,196.0105,22.24704,29.965576,0.50321007,-1,-1,-1
275,5383,369.39685,163.0842,74.18234,88.83176,0.70324606,-1,-1,-1
275,5416,461.48734,476.7644,45.34955,58.34204,0.8654298,-1,-1,-1
275,5423,370.5895,163.07024,74.1319,88.48335,0.34112367,-1,-1,-1
276,5313,476.2954,211.77309,38.03839,58.058945,0.8617611,-1,-1,-1
276,5315,209.39206,40.26386,57.351135,49.537945,0.86551744,-1,-1,-1
276,5316,515.4382,141.84207,38.13208,67.65765,0.84660083,-1,-1,-1
276,5319,225.51712,6.6380773,61.932312,51.696636,0.8540639,-1,-1,-1
276,5320,447.4239,294.8895,44.546814,57.624634,0.875294,-1,-1,-1
276,5322,792.9748,314.21738,58.143677,49.31195,0.871393,-1,-1,-1
276,5345,214.86449,272.88492,31.536438,63.745514,0.86765105,-1,-1,-1
276,5350,632.4086,307.72943,45.56012,56.40753,0.8807061,-1,-1,-1
276,5355,130.50168,0.0,62.529953,37.439342,0.78875995,-1,-1,-1
276,5364,898.6099,82.313995,48.80475,55.83647,0.7705348,-1,-1,-1
276,5367,396.5163,375.19247,48.280457,57.45102,0.8561781,-1,-1,-1
276,5371,206.58488,397.32132,45.18068,55.426666,0.8800118,-1,-1,-1
276,5393,471.01724,146.4793,45.96469,55.709976,0.87303096,-1,-1,-1
276,5404,431.35703,69.12896,53.167664,58.750893,0.8703704,-1,-1,-1
276,5382,0.039403196,194.7509,21.91149,29.633575,0.48022348,-1,-1,-1
276,5383,367.76907,164.40475,73.67377,89.49217,0.76558995,-1,-1,-1
276,5416,461.30176,473.3699,46.954803,59.804413,0.86589015,-1,-1,-1
277,5313,476.02258,211.56366,38.211548,57.99118,0.86367345,-1,-1,-1
277,5315,209.71031,39.085056,58.032578,49.802807,0.86980414,-1,-1,-1
277,5316,515.53784,141.14021,38.297363,67.682556,0.84792274,-1,-1,-1
277,5319,226.11734,6.269915,61.65744,51.06312,0.86038154,-1,-1,-1
277,5320,446.76102,294.64468,44.683655,57.583984,0.87225443,-1,-1,-1
277,5322,792.169,314.63947,58.454285,49.52948,0.8714987,-1,-1,-1
277,5345,214.59181,272.0138,31.4066,63.96112,0.8591621,-1,-1,-1
277,5350,632.6856,309.18427,45.464905,56.871246,0.884843,-1,-1,-1
277,5355,130.7692,0.0,62.29158,36.60245,0.7136696,-1,-1,-1
277,5364,899.10254,83.32225,48.627686,55.65605,0.7731272,-1,-1,-1
277,5367,396.21683,374.83023,48.167114,57.456726,0.86097866,-1,-1,-1
277,5371,203.9086,399.84598,44.93428,55.424164,0.8723017,-1,-1,-1
277,5393,469.56387,148.35466,46.084625,55.931595,0.8711892,-1,-1,-1
277,5404,429.09268,71.22716,53.736115,59.270584,0.8661923,-1,-1,-1
277,5382,0.042727236,192.84093,21.74145,30.520966,0.43900052,-1,-1,-1
277,5383,366.8081,165.69363,73.14789,90.01694,0.68368644,-1,-1,-1
277,5416,462.35284,470.2505,46.87039,59.660217,0.8559618,-1,-1,-1
278,5313,475.7497,210.9257,38.209045,58.038162,0.8666013,-1,-1,-1
278,5315,209.84212,38.153275,57.949844,49.736916,0.868822,-1,-1,-1
278,5316,515.60345,140.06654,38.29492,68.122314,0.8587782,-1,-1,-1
278,5319,226.51764,5.437545,61.409668,50.958435,0.86220455,-1,-1,-1
278,5320,446.45673,294.47534,44.28412,57.162933,0.87622285,-1,-1,-1
278,5322,791.6997,314.93207,58.202698,49.781494,0.87487304,-1,-1,-1
278,5345,213.96375,271.4807,31.31337,64.41788,0.8630673,-1,-1,-1
278,5350,632.7971,310.54745,45.78418,57.012054,0.8846884,-1,-1,-1
278,5355,131.54732,0.0,61.700912,35.627026,0.71450317,-1,-1,-1
278,5364,899.8629,84.39546,48.623535,55.078735,0.77149045,-1,-1,-1
278,5367,395.44177,374.38867,48.362732,57.115692,0.85868543,-1,-1,-1
278,5371,200.75261,402.1435,45.497147,55.299377,0.8845055,-1,-1,-1
278,5393,468.05496,149.91722,46.277313,56.41591,0.8731759,-1,-1,-1
278,5404,427.15952,73.218765,54.16562,59.301086,0.8636959,-1,-1,-1
278,5382,0.03994152,190.93484,21.873167,30.979126,0.36983457,-1,-1,-1
278,5383,365.18674,167.12637,73.04535,90.259766,0.6641045,-1,-1,-1
278,5416,463.62924,466.8814,46.929535,59.342407,0.87391514,-1,-1,-1
278,5424,365.14008,167.1717,73.98746,90.56047,0.6445516,-1,-1,-1
279,5313,475.3355,210.52757,38.41504,58.232224,0.86743814,-1,-1,-1
279,5315,210.09029,37.34281,58.485336,49.768433,0.88355684,-1,-1,-1
279,5316,515.4488,139.20172,38.486877,68.32779,0.8669492,-1,-1,-1
279,5319,226.62564,4.3500414,61.512848,51.340305,0.85819167,-1,-1,-1
279,5320,445.93344,294.25598,44.258972,56.953735,0.88133913,-1,-1,-1
279,5322,791.0968,315.453,58.135498,49.994934,0.8733824,-1,-1,-1
279,5345,213.39908,270.9071,31.144272,64.1142,0.8675755,-1,-1,-1
279,5350,632.85004,312.05478,46.0141,56.683136,0.8800466,-1,-1,-1
279,5355,132.6085,0.0,60.979675,34.727818,0.7234095,-1,-1,-1
279,5364,899.4568,85.149185,48.903076,54.887207,0.7766985,-1,-1,-1
279,5367,394.805,374.0367,48.41165,57.07498,0.85907096,-1,-1,-1
279,5371,197.6386,404.589,45.77707,55.213684,0.8834575,-1,-1,-1
279,5393,466.26608,151.53543,46.93167,56.723053,0.88846695,-1,-1,-1
279,5404,425.38293,75.50145,53.773163,58.98233,0.86972094,-1,-1,-1
279,5382,0.009005584,190.57628,21.82161,29.640396,0.5397239,-1,-1,-1
279,5383,362.85965,168.86552,73.3786,90.78731,0.6183403,-1,-1,-1
279,5416,464.74564,463.5289,47.072815,59.557404,0.86746025,-1,-1,-1
279,5424,363.43997,168.75478,73.99631,90.467636,0.5016186,-1,-1,-1
280,5313,475.15732,210.34612,38.5972,58.044662,0.86720467,-1,-1,-1
280,5315,210.28366,36.820908,57.69162,49.381813,0.8701625,-1,-1,-1
280,5316,515.21106,138.20164,38.785706,68.6593,0.86529887,-1,-1,-1
280,5319,226.87077,3.0528417,61.41469,51.902557,0.86662763,-1,-1,-1
280,5320,445.5278,294.07504,44.149628,56.866425,0.8829224,-1,-1,-1
280,5322,790.51166,316.28915,57.919617,49.845215,0.8713838,-1,-1,-1
280,5345,212.90514,270.2793,30.944565,63.80316,0.8733186,-1,-1,-1
280,5350,633.02203,313.4687,46.45581,56.93622,0.8757116,-1,-1,-1
280,5355,133.85446,0.14449371,60.48767,33.721085,0.7274573,-1,-1,-1
280,5364,899.3302,86.29929,49.22754,54.96398,0.7913623,-1,-1,-1
280,5367,393.86957,373.68823,48.785706,56.384857,0.85825557,-1,-1,-1
280,5371,194.28247,407.067,45.98932,55.039764,0.86859804,-1,-1,-1
280,5393,464.6143,153.12029,47.17096,56.91809,0.87481856,-1,-1,-1
280,5404,423.69977,77.49215,53.304504,59.606407,0.87463146,-1,-1,-1
280,5382,0.009855789,188.90466,21.937769,30.118622,0.5502269,-1,-1,-1
280,5383,360.6323,170.22504,74.1709,90.970856,0.7372921,-1,-1,-1
280,5416,466.26883,460.7604,46.038666,59.14853,0.8900169,-1,-1,-1
281,5313,475.00723,210.0881,38.694183,57.814972,0.86722565,-1,-1,-1
281,5315,210.58525,36.0309,57.324265,49.366524,0.86570513,-1,-1,-1
281,5316,515.1409,137.24142,38.69928,68.563934,0.8664583,-1,-1,-1
281,5319,227.11044,2.1626773,61.291016,51.764103,0.86654377,-1,-1,-1
281,5320,445.13187,293.77713,43.982178,56.93167,0.8881962,-1,-1,-1
281,5322,790.10345,316.91074,57.878418,49.970856,0.8696529,-1,-1,-1
281,5345,212.56953,269.39322,30.653732,63.254883,0.8701036,-1,-1,-1
281,5350,633.5817,315.49173,46.28656,55.991425,0.8792,-1,-1,-1
281,5355,135.12173,0.21490853,59.994705,32.59743,0.7285869,-1,-1,-1
281,5364,899.5421,87.2583,48.971558,55.263733,0.7985349,-1,-1,-1
281,5367,393.47522,371.89932,48.8143,57.8649,0.8605382,-1,-1,-1
281,5371,191.68875,409.5582,45.544235,54.825714,0.8858343,-1,-1,-1
281,5393,463.11023,154.90836,47.176147,56.729538,0.8763756,-1,-1,-1
281,5404,421.8436,79.19632,53.59915,59.961517,0.8698039,-1,-1,-1
281,5382,0.021651193,185.81415,21.814371,31.22734,0.39068672,-1,-1,-1
281,5383,359.26135,172.97827,75.02176,89.97159,0.63839954,-1,-1,-1
281,5416,466.98026,457.7334,46.09915,59.254395,0.8661641,-1,-1,-1
282,5313,475.049,209.84096,38.68579,57.690323,0.86417466,-1,-1,-1
282,5315,211.58331,34.804882,57.404022,49.567646,0.85934025,-1,-1,-1
282,5316,515.1245,136.51877,38.932434,68.33539,0.86866385,-1,-1,-1
282,5319,227.53787,1.2225962,61.487793,51.608902,0.8693183,-1,-1,-1
282,5320,444.8829,293.46326,43.72867,56.987427,0.8895667,-1,-1,-1
282,5322,789.8146,317.62567,57.69226,50.000946,0.86914855,-1,-1,-1
282,5345,212.21973,268.22797,30.518509,63.412567,0.86812514,-1,-1,-1
282,5350,634.06494,317.38654,46.11371,55.58078,0.88125926,-1,-1,-1
282,5355,136.82684,0.067129016,58.56047,31.459555,0.7267697,-1,-1,-1
282,5364,898.959,88.210075,49.40796,55.70365,0.7808491,-1,-1,-1
282,5367,392.89053,371.84064,48.779144,57.764557,0.86588746,-1,-1,-1
282,5371,189.011,412.011,45.48056,54.710815,0.86157715,-1,-1,-1
282,5393,461.6745,156.70155,47.325653,56.848297,0.8733035,-1,-1,-1
282,5404,420.1816,81.95797,53.310852,58.90264,0.8713689,-1,-1,-1
282,5382,0.033271555,183.79039,21.902431,31.867004,0.37637216,-1,-1,-1
282,5383,358.3264,174.86026,75.25046,89.52005,0.51494104,-1,-1,-1
282,5416,468.0941,454.27582,46.430695,59.34906,0.84431094,-1,-1,-1
282,5425,357.19232,174.39616,75.94217,87.84242,0.48623478,-1,-1,-1
283,5313,475.1398,209.62567,38.261383,57.717163,0.864698,-1,-1,-1
283,5315,211.06651,33.939365,58.22905,49.5544,0.8650619,-1,-1,-1
283,5316,515.1651,135.8327,38.925903,68.08475,0.8696976,-1,-1,-1
283,5319,228.18127,0.654778,61.37393,51.286064,0.87480307,-1,-1,-1
283,5320,444.59317,293.22916,43.658417,57.018677,0.8883927,-1,-1,-1
283,5322,789.40186,318.13898,57.25171,50.18213,0.8707306,-1,-1,-1
283,5345,211.78365,267.49088,30.719238,63.551025,0.86767614,-1,-1,-1
283,5350,634.5938,319.13254,45.73828,56.031494,0.882524,-1,-1,-1
283,5355,138.70598,0.05105579,57.395233,30.508127,0.729592,-1,-1,-1
283,5364,898.511,89.1314,50.29834,55.77294,0.8033835,-1,-1,-1
283,5367,392.0786,371.71375,49.31717,57.352966,0.86314106,-1,-1,-1
283,5371,186.0236,414.57822,45.837402,54.475555,0.8887439,-1,-1,-1
283,5393,459.94498,158.73569,47.792603,56.634933,0.8753503,-1,-1,-1
283,5404,417.96982,84.51626,53.587555,58.958626,0.86970085,-1,-1,-1
283,5382,0.026756477,182.80374,21.717434,30.872223,0.6017065,-1,-1,-1
283,5383,356.12366,176.59619,75.7247,88.8949,0.61030126,-1,-1,-1
283,5416,469.13208,451.69586,46.464783,58.803223,0.87256694,-1,-1,-1
283,5425,357.55035,176.2327,74.85828,88.953705,0.44773313,-1,-1,-1
284,5313,475.01352,209.46321,38.22531,57.306137,0.8653096,-1,-1,-1
284,5315,212.19888,32.88551,57.92221,49.61967,0.860891,-1,-1,-1
284,5316,515.46643,135.07881,38.543884,68.03496,0.86352533,-1,-1,-1
284,5319,228.58133,0.16467963,61.306183,50.950275,0.8716683,-1,-1,-1
284,5320,444.36414,292.99954,43.468536,56.89923,0.8897671,-1,-1,-1
284,5322,789.2459,318.64853,57.06848,50.497345,0.8660501,-1,-1,-1
284,5345,211.64395,266.84912,30.616104,63.390564,0.8647524,-1,-1,-1
284,5350,634.8849,320.61673,45.756104,56.331696,0.8787251,-1,-1,-1
284,5355,140.6641,0.21457693,55.86296,29.293247,0.7190874,-1,-1,-1
284,5364,898.9717,90.05597,50.06848,55.653656,0.80397516,-1,-1,-1
284,5367,390.84375,371.34927,49.93393,57.591583,0.86087114,-1,-1,-1
284,5371,182.83913,416.96072,46.08023,54.519745,0.8787754,-1,-1,-1
284,5393,458.4574,160.60905,47.865417,56.82689,0.8768559,-1,-1,-1
284,5404,415.75824,86.5369,54.165955,59.05105,0.8688655,-1,-1,-1
284,5382,0.02150124,180.96986,21.969488,31.413437,0.5380959,-1,-1,-1
284,5383,354.87268,177.63695,75.23874,89.984604,0.8207226,-1,-1,-1
284,5416,469.95032,449.03812,46.444824,58.187073,0.8664009,-1,-1,-1
285,5313,475.08505,209.24313,38.127228,56.908203,0.86307186,-1,-1,-1
285,5315,212.80312,32.05292,57.52925,49.598774,0.8668802,-1,-1,-1
285,5316,515.8286,134.1487,38.163757,68.14346,0.86015576,-1,-1,-1
285,5319,229.20644,0.0,60.97328,50.242832,0.86597717,-1,-1,-1
285,5320,444.0539,292.63675,43.55072,56.75537,0.88646054,-1,-1,-1
285,5322,789.0538,319.6855,56.79535,49.96216,0.8670109,-1,-1,-1
285,5345,211.43623,266.19424,29.9449,63.118774,0.8615956,-1,-1,-1
285,5350,635.3309,322.38092,45.55139,55.9953,0.88354766,-1,-1,-1
285,5355,142.86108,0.3986834,53.909653,27.889313,0.66952944,-1,-1,-1
285,5364,899.7338,91.22216,49.640747,55.824593,0.8130169,-1,-1,-1
285,5367,390.46677,370.7958,49.6687,57.582733,0.8739721,-1,-1,-1
285,5371,179.60892,419.61444,46.146027,54.412537,0.87619954,-1,-1,-1
285,5393,457.14948,162.44873,47.72763,56.866394,0.87374645,-1,-1,-1
285,5404,414.35342,88.9416,53.42511,58.12449,0.8657324,-1,-1,-1
285,5382,0.03508845,178.95757,21.33685,31.872345,0.4314356,-1,-1,-1
285,5383,352.89096,179.45883,75.73447,90.5676,0.776121,-1,-1,-1
285,5416,470.71826,446.0279,46.600952,58.377197,0.8696193,-1,-1,-1
286,5313,474.98465,208.8029,38.49582,56.814774,0.8777519,-1,-1,-1
286,5315,213.3615,31.13856,57.347946,50.07219,0.88276327,-1,-1,-1
286,5316,516.0222,133.47685,37.83844,67.95836,0.8612738,-1,-1,-1
286,5319,229.49031,0.0,60.81865,49.386658,0.86136746,-1,-1,-1
286,5320,443.66553,292.42,43.6019,56.463257,0.8892312,-1,-1,-1
286,5322,788.3273,320.3297,57.190002,49.867462,0.873214,-1,-1,-1
286,5345,211.08694,265.2359,29.821716,63.926666,0.85895944,-1,-1,-1
286,5350,635.3595,324.00467,45.50305,56.089905,0.8815063,-1,-1,-1
286,5355,144.9033,0.59764695,52.351288,26.638577,0.5711853,-1,-1,-1
286,5364,900.28015,92.20352,49.258606,55.437653,0.8046721,-1,-1,-1
286,5367,390.19974,370.41095,49.31021,57.575348,0.87517047,-1,-1,-1
286,5371,176.52498,422.0492,45.952744,54.843384,0.87672853,-1,-1,-1
286,5393,455.2522,164.55324,47.824463,56.74504,0.88817286,-1,-1,-1
286,5404,412.5701,91.30315,53.396637,58.13347,0.8741188,-1,-1,-1
286,5382,0.0030416339,177.02571,21.32636,32.378784,0.34670597,-1,-1,-1
286,5383,350.16855,181.13686,76.32355,90.00441,0.6850076,-1,-1,-1
286,5416,471.43726,442.57132,46.799927,58.688354,0.87032676,-1,-1,-1
287,5313,474.5253,208.51358,38.769928,57.031128,0.860797,-1,-1,-1
287,5315,213.6503,30.277985,56.982513,50.027374,0.8659559,-1,-1,-1
287,5316,516.32416,132.53067,37.443604,67.71231,0.87586147,-1,-1,-1
287,5319,230.00267,0.0,60.26863,48.648586,0.8617046,-1,-1,-1
287,5320,443.0387,292.03287,44.152466,56.378845,0.88848346,-1,-1,-1
287,5322,787.66406,320.5895,57.36609,50.253326,0.8744173,-1,-1,-1
287,5345,210.55049,264.1851,30.043243,64.30206,0.8616427,-1,-1,-1
287,5350,635.3856,325.37115,45.716797,56.289124,0.8801302,-1,-1,-1
287,5355,147.28778,0.50399995,50.412872,25.77231,0.5774982,-1,-1,-1
287,5364,900.0284,93.20374,49.35089,55.21804,0.7880712,-1,-1,-1
287,5367,389.9946,369.89893,48.802612,57.49814,0.87621754,-1,-1,-1
287,5371,173.39589,424.3793,46.101517,54.69873,0.87328106,-1,-1,-1
287,5393,453.31042,166.26443,48.047424,56.803345,0.8755994,-1,-1,-1
287,5404,410.57782,93.098114,53.83731,58.57007,0.8739489,-1,-1,-1
287,5382,0.0,176.88385,21.243048,31.595963,0.3992934,-1,-1,-1
287,5383,348.0694,181.79027,76.35922,90.389114,0.84491456,-1,-1,-1
287,5416,471.963,439.42065,47.29413,58.87982,0.87599033,-1,-1,-1
288,5313,474.30673,208.11942,39.117218,57.149048,0.86255324,-1,-1,-1
288,5315,213.409,29.405119,57.55255,50.326447,0.8725051,-1,-1,-1
288,5316,516.5122,131.41988,37.226074,68.32626,0.85871744,-1,-1,-1
288,5319,230.29922,0.0,60.4498,47.858788,0.86179215,-1,-1,-1
288,5320,442.4743,291.5371,44.456024,56.453552,0.8879247,-1,-1,-1
288,5322,787.1926,320.9712,57.47467,50.523987,0.8743988,-1,-1,-1
288,5345,210.03395,262.9594,30.333084,63.89444,0.85824865,-1,-1,-1
288,5350,636.0294,326.5848,45.67737,56.661835,0.87610096,-1,-1,-1
288,5355,149.70224,0.3417173,48.432358,24.686935,0.55281955,-1,-1,-1
288,5364,899.7345,94.12739,49.947693,55.38456,0.7732587,-1,-1,-1
288,5367,389.34955,369.30865,48.879395,57.608154,0.88029414,-1,-1,-1
288,5371,170.17714,426.45325,46.442932,54.96173,0.87161404,-1,-1,-1
288,5393,451.67227,167.7769,48.041138,57.02452,0.87572074,-1,-1,-1
288,5404,408.84726,95.103806,54.021545,58.409348,0.8794233,-1,-1,-1
288,5382,0.03179684,175.51157,21.20432,31.154922,0.34062642,-1,-1,-1
288,5383,346.24725,182.97963,77.04062,90.537094,0.8722492,-1,-1,-1
288,5416,473.2311,436.96225,46.60367,57.195282,0.8751962,-1,-1,-1
289,5313,474.2612,207.49226,39.04373,57.366287,0.8731074,-1,-1,-1
289,5315,213.78638,28.0569,57.123688,50.529503,0.8599966,-1,-1,-1
289,5316,516.50653,130.33545,37.29193,68.74162,0.86154485,-1,-1,-1
289,5319,231.0031,0.0,60.464523,47.223583,0.85437715,-1,-1,-1
289,5320,441.89172,290.98273,44.743958,56.51114,0.8891542,-1,-1,-1
289,5322,786.802,321.39767,57.141785,50.792694,0.87791026,-1,-1,-1
289,5345,209.49022,262.35184,30.557983,63.129578,0.857646,-1,-1,-1
289,5350,636.44666,328.36877,45.833252,56.151672,0.8841637,-1,-1,-1
289,5355,151.75595,0.14212762,46.67151,23.686733,0.34674886,-1,-1,-1
289,5364,900.33344,94.86078,49.92804,55.38797,0.76901346,-1,-1,-1
289,5367,388.7469,368.77856,48.750153,57.450775,0.8817376,-1,-1,-1
289,5371,166.76553,428.3098,46.563217,55.33206,0.879698,-1,-1,-1
289,5393,450.23447,169.16237,48.2005,57.67021,0.87100327,-1,-1,-1
289,5404,406.81277,97.62173,54.408478,58.371284,0.86848444,-1,-1,-1
289,5382,0.08439001,173.62207,21.382143,31.547134,0.2729655,-1,-1,-1
289,5383,344.25308,184.7775,77.82547,89.80707,0.84316754,-1,-1,-1
289,5416,474.05853,433.9392,46.65265,57.58899,0.8744919,-1,-1,-1
290,5313,473.7666,207.26569,39.59027,57.472473,0.8637841,-1,-1,-1
290,5315,213.95898,26.910618,56.969147,50.563473,0.86731124,-1,-1,-1
290,5316,516.85925,129.38177,36.823975,68.62506,0.85764617,-1,-1,-1
290,5319,231.48988,0.0,60.475082,46.56802,0.8485838,-1,-1,-1
290,5320,441.15286,290.50735,45.20526,56.70627,0.88834614,-1,-1,-1
290,5322,786.41846,321.88474,56.792725,51.08026,0.88078505,-1,-1,-1
290,5345,208.87737,261.82614,30.682999,63.184296,0.8506434,-1,-1,-1
290,5350,636.8157,329.9503,45.84198,56.187195,0.8846369,-1,-1,-1
290,5355,151.27342,0.023318406,47.373352,23.352758,0.28131014,-1,-1,-1
290,5364,901.0638,95.89398,49.40808,54.878235,0.7735433,-1,-1,-1
290,5367,388.19748,368.27576,48.605133,57.339508,0.87513673,-1,-1,-1
290,5371,163.86064,430.62256,46.256195,55.142334,0.8657562,-1,-1,-1
290,5393,448.6523,171.14099,47.92505,57.328796,0.86774725,-1,-1,-1
290,5404,404.25586,99.66993,55.061646,58.56922,0.8660341,-1,-1,-1
290,5382,0.044753045,172.23718,21.32494,30.470184,0.31365028,-1,-1,-1
290,5383,342.56836,187.4013,77.53662,88.37677,0.86877555,-1,-1,-1
290,5416,474.91144,430.94733,46.424255,57.35559,0.86807984,-1,-1,-1
290,5430,1015.66156,413.15613,8.160156,24.347473,0.43317345,-1,-1,-1
291,5313,473.23322,206.7834,39.913513,58.03151,0.8649312,-1,-1,-1
291,5315,214.43265,26.041046,56.766907,50.33246,0.8618844,-1,-1,-1
291,5316,517.21014,128.4339,36.381958,68.1797,0.8540567,-1,-1,-1
291,5319,231.93358,0.0,60.206833,45.462524,0.8478249,-1,-1,-1
291,5320,440.56964,289.98666,45.474243,56.936493,0.8851863,-1,-1,-1
291,5322,786.0418,322.59436,56.72345,51.26178,0.88253564,-1,-1,-1
291,5345,208.20526,260.96692,31.367126,63.267487,0.85789466,-1,-1,-1
291,5350,636.9705,331.31296,45.78412,56.460632,0.90248704,-1,-1,-1
291,5364,901.52203,97.05225,49.200195,54.39167,0.7601984,-1,-1,-1
291,5367,388.03085,366.7546,48.33908,58.125183,0.88531816,-1,-1,-1
291,5371,160.48914,432.7946,46.922943,55.058197,0.87340474,-1,-1,-1
291,5393,447.11777,173.02522,47.92813,57.440643,0.8602396,-1,-1,-1
291,5404,402.5477,100.92705,54.816895,58.83766,0.873269,-1,-1,-1
291,5382,0.06340144,170.79141,21.266947,29.713928,0.33264652,-1,-1,-1
291,5383,341.5914,189.19557,77.437805,88.37108,0.86621714,-1,-1,-1
291,5416,476.0306,427.89725,46.789093,57.22168,0.87388754,-1,-1,-1
291,5430,1014.72284,415.0301,9.024475,24.03244,0.30195177,-1,-1,-1
292,5313,473.0963,206.35532,39.953247,58.412964,0.86618847,-1,-1,-1
292,5315,215.47148,24.85004,56.13463,50.42281,0.86879253,-1,-1,-1
292,5316,517.22253,127.38464,36.374084,68.37216,0.8639161,-1,-1,-1
292,5319,232.79976,0.0,59.828415,44.385067,0.84599143,-1,-1,-1
292,5320,440.05908,289.4928,45.70691,57.249725,0.88489413,-1,-1,-1
292,5322,785.55005,323.124,56.845276,51.552063,0.8792751,-1,-1,-1
292,5345,207.81465,260.1424,31.69983,63.51593,0.8570389,-1,-1,-1
292,5350,637.0808,332.8018,45.81073,56.25641,0.88355035,-1,-1,-1
292,5364,900.9356,98.75495,49.584106,53.90725,0.76910716,-1,-1,-1
292,5367,387.25385,366.44263,48.397003,58.193573,0.879971,-1,-1,-1
292,5371,157.35574,435.06827,47.046265,54.595276,0.88297474,-1,-1,-1
292,5393,445.47372,174.77054,47.66214,57.905045,0.85908204,-1,-1,-1
292,5404,400.69635,103.53765,54.36728,58.311455,0.86953866,-1,-1,-1
292,5382,0.05891809,169.00467,21.263464,29.648224,0.33931944,-1,-1,-1
292,5383,339.8596,189.85368,78.18741,89.07652,0.86325973,-1,-1,-1
292,5416,477.439,424.81485,46.653656,57.06131,0.8770268,-1,-1,-1
292,5430,1014.0273,417.50476,9.759949,22.897522,0.3212231,-1,-1,-1
293,5313,472.91727,205.86772,39.952423,58.64525,0.86525303,-1,-1,-1
293,5315,216.01529,24.019655,56.18091,50.409576,0.87115604,-1,-1,-1
293,5316,517.8689,126.15898,35.643982,67.87854,0.87834626,-1,-1,-1
293,5319,233.25078,0.0,59.83104,43.494785,0.84579146,-1,-1,-1
293,5320,439.43497,289.02707,45.904694,57.351807,0.8841769,-1,-1,-1
293,5322,784.8885,323.94678,56.952026,51.37982,0.87921333,-1,-1,-1
293,5345,207.46556,259.01178,31.78833,63.86325,0.8510946,-1,-1,-1
293,5350,637.29065,334.42654,45.66327,55.942047,0.881649,-1,-1,-1
293,5364,899.8443,100.13495,50.868652,53.37961,0.76235694,-1,-1,-1
293,5367,386.15338,366.13388,49.032196,57.807953,0.8743153,-1,-1,-1
293,5371,154.44218,437.62357,46.43547,54.295074,0.8621396,-1,-1,-1
293,5393,444.02338,176.52892,47.09326,58.353165,0.8620204,-1,-1,-1
293,5404,398.866,104.860214,54.404297,59.141907,0.875053,-1,-1,-1
293,5382,0.018328123,166.55069,21.341398,30.647293,0.28246644,-1,-1,-1
293,5383,337.44867,190.39575,79.03912,90.072754,0.8444204,-1,-1,-1
293,5416,477.98413,421.86697,46.86151,56.87213,0.87463087,-1,-1,-1
293,5430,1013.5006,417.65332,10.296387,23.782776,0.2971645,-1,-1,-1
293,5432,622.0533,0.041992515,45.842163,25.17679,0.36157554,-1,-1,-1
294,5313,472.7391,205.45314,39.821075,58.825577,0.86568224,-1,-1,-1
294,5315,216.60583,23.191355,56.246796,50.2574,0.8682222,-1,-1,-1
294,5316,518.02124,125.04548,35.096558,67.63784,0.8629812,-1,-1,-1
294,5319,233.83069,0.0,59.80005,42.750595,0.8457309,-1,-1,-1
294,5320,438.932,288.5971,45.88742,57.24347,0.8843145,-1,-1,-1
294,5322,784.3592,324.78622,57.01648,51.16684,0.879826,-1,-1,-1
294,5345,207.34535,258.03693,31.531097,64.43872,0.8660283,-1,-1,-1
294,5350,637.7699,336.10468,45.00891,55.239716,0.89028007,-1,-1,-1
294,5364,899.1375,101.134125,51.759705,53.199356,0.77062494,-1,-1,-1
294,5367,384.81952,365.69135,49.752625,57.776062,0.8678301,-1,-1,-1
294,5371,151.76422,439.5548,46.288376,54.63968,0.86656845,-1,-1,-1
294,5393,441.8,178.684,47.828735,57.873672,0.87281734,-1,-1,-1
294,5404,397.09305,107.03358,54.645813,58.62612,0.89283216,-1,-1,-1
294,5382,0.0591575,165.59222,21.513817,30.165558,0.30003348,-1,-1,-1
294,5383,335.58792,191.32585,78.02179,91.11604,0.79398406,-1,-1,-1
294,5416,478.77728,419.1766,47.00647,56.706146,0.8765948,-1,-1,-1
294,5430,1012.85315,418.56744,10.985168,24.418732,0.28382307,-1,-1,-1
294,5432,621.7012,0.06572742,45.791565,25.925217,0.37348902,-1,-1,-1
295,5313,472.5608,204.94958,39.893677,58.596985,0.8645051,-1,-1,-1
295,5315,216.90005,22.396833,56.332886,50.2054,0.86353797,-1,-1,-1
295,5316,518.09735,123.94012,34.833435,67.28292,0.8626693,-1,-1,-1
295,5319,234.42043,0.0,59.891464,41.855637,0.84632546,-1,-1,-1
295,5320,438.4226,288.17657,45.829254,57.1987,0.8809319,-1,-1,-1
295,5322,783.8452,325.63107,56.859375,50.933044,0.87441695,-1,-1,-1
295,5345,207.1021,256.7841,30.92366,64.015015,0.8708307,-1,-1,-1
295,5350,638.0026,337.641,45.26538,55.779907,0.88815385,-1,-1,-1
295,5364,898.78925,101.91478,52.499695,53.27896,0.7622997,-1,-1,-1
295,5367,384.41574,365.08865,49.56967,57.602142,0.8696031,-1,-1,-1
295,5371,148.42157,441.67426,46.718887,54.84964,0.87986666,-1,-1,-1
295,5393,439.75952,180.64067,48.44693,58.08185,0.8748495,-1,-1,-1
295,5404,395.0304,109.655136,54.56848,58.060364,0.8669076,-1,-1,-1
295,5382,0.03751982,164.81215,21.160887,29.242905,0.42927796,-1,-1,-1
295,5383,333.1718,192.7388,78.250305,91.00574,0.838654,-1,-1,-1
295,5416,479.93863,416.3475,46.871246,56.294006,0.868273,-1,-1,-1
295,5430,1012.12146,421.14017,11.768982,23.183228,0.31706655,-1,-1,-1
295,5432,621.30536,0.037752498,45.800537,26.83125,0.33776286,-1,-1,-1
296,5313,472.47495,204.05902,39.955536,58.66211,0.87345666,-1,-1,-1
296,5315,217.5923,20.971964,56.13185,50.23613,0.86556065,-1,-1,-1
296,5316,518.50073,122.96025,34.277405,67.03876,0.8579042,-1,-1,-1
296,5319,235.05132,0.0,59.725906,40.863876,0.8417008,-1,-1,-1
296,5320,437.90186,287.98294,45.730713,56.97998,0.8779111,-1,-1,-1
296,5322,783.44836,326.73746,56.737427,50.480408,0.8754952,-1,-1,-1
296,5345,206.79747,255.84595,30.454971,63.735474,0.8665852,-1,-1,-1
296,5350,638.15454,339.18015,45.300537,55.947906,0.8912052,-1,-1,-1
296,5364,900.3194,102.970955,51.438904,53.825996,0.76898336,-1,-1,-1
296,5367,383.65894,364.31766,49.598846,57.368164,0.8628173,-1,-1,-1
296,5371,145.1347,443.92084,46.656113,54.57956,0.8753971,-1,-1,-1
296,5393,437.57858,182.34735,48.54828,57.779877,0.9169757,-1,-1,-1
296,5404,392.64124,111.552666,55.341187,58.225365,0.8643478,-1,-1,-1
296,5382,0.01998524,162.62453,21.1379,29.498505,0.34383103,-1,-1,-1
296,5383,331.1118,194.40152,78.65155,90.41214,0.8362717,-1,-1,-1
296,5416,481.1444,413.71625,46.874023,55.50705,0.88253033,-1,-1,-1
296,5430,1011.63464,422.47525,12.257935,23.277008,0.26129687,-1,-1,-1
296,5432,621.43744,0.031961992,44.020935,27.69132,0.35025868,-1,-1,-1
297,5313,472.29413,203.36542,40.242004,58.625275,0.8737308,-1,-1,-1
297,5315,218.25418,19.582212,55.98752,50.519775,0.8764157,-1,-1,-1
297,5316,519.8351,121.69792,32.896606,66.13553,0.8865977,-1,-1,-1
297,5319,235.46643,0.0,59.97058,39.993145,0.80883765,-1,-1,-1
297,5320,437.50076,287.84064,45.559784,56.75293,0.88150936,-1,-1,-1
297,5322,783.0428,327.4594,56.851746,50.626617,0.87721455,-1,-1,-1
297,5345,206.48088,255.24768,30.508667,63.32599,0.8630606,-1,-1,-1
297,5350,638.46875,340.5688,45.363037,56.39026,0.8842742,-1,-1,-1
297,5364,900.94867,104.22963,50.762512,53.861008,0.7147513,-1,-1,-1
297,5367,383.02585,363.74973,49.64444,57.239838,0.8636338,-1,-1,-1
297,5371,141.73296,446.16083,46.99922,54.461273,0.8735372,-1,-1,-1
297,5393,436.2351,183.76509,48.812958,58.082855,0.8760486,-1,-1,-1
297,5404,390.0667,113.32424,55.54486,58.058037,0.86703366,-1,-1,-1
297,5383,329.58786,196.90233,78.508484,88.96364,0.8138882,-1,-1,-1
297,5416,481.88193,410.6629,47.329254,55.432312,0.866539,-1,-1,-1
297,5432,621.51685,0.027684385,43.833374,28.622978,0.38531932,-1,-1,-1
298,5313,472.2788,202.77556,40.350647,58.542374,0.8751007,-1,-1,-1
298,5315,218.84387,18.2174,55.890503,50.97184,0.87979704,-1,-1,-1
298,5316,520.0633,120.752945,32.932312,66.43016,0.85712767,-1,-1,-1
298,5319,236.12485,0.0,60.085754,39.129948,0.76047057,-1,-1,-1
298,5320,437.15973,287.5637,45.505646,56.648895,0.88532037,-1,-1,-1
298,5322,782.3392,327.88498,56.987488,50.809845,0.8765473,-1,-1,-1
298,5345,206.01202,254.28821,30.802567,63.13864,0.85427177,-1,-1,-1
298,5350,638.9098,342.4749,45.39673,56.381683,0.8921887,-1,-1,-1
298,5364,902.42957,105.1814,50.008972,53.61357,0.74930084,-1,-1,-1
298,5367,382.44748,363.17917,49.736084,57.076538,0.8776082,-1,-1,-1
298,5371,138.66243,448.07953,47.007233,54.49588,0.89260364,-1,-1,-1
298,5393,434.85788,185.87128,48.632782,57.588028,0.87401253,-1,-1,-1
298,5404,388.19998,115.430824,55.403534,57.341988,0.8644019,-1,-1,-1
298,5383,328.25192,199.21153,77.95349,88.35869,0.7582506,-1,-1,-1
298,5416,482.56216,407.88635,48.14084,55.516113,0.79077184,-1,-1,-1
298,5432,621.5161,0.01747082,44.798157,29.549524,0.37301582,-1,-1,-1
298,5382,0.026792005,158.87585,21.652908,29.556961,0.41990414,-1,-1,-1
