2,8522,0.0,334.48236,143.40916,106.06113,0.9211408,-1,-1,-1
2,8523,802.1084,24.376947,54.002075,29.619955,0.8482868,-1,-1,-1
2,8524,888.8131,24.864985,52.381226,28.810865,0.8445988,-1,-1,-1
2,8525,131.43752,282.16586,67.8145,38.298523,0.81543237,-1,-1,-1
2,8526,245.25131,275.38007,69.70761,38.320465,0.80283463,-1,-1,-1
2,8527,414.42102,225.1438,68.12262,35.073456,0.79650235,-1,-1,-1
2,8528,400.86218,202.54591,63.90097,38.45218,0.7735196,-1,-1,-1
2,8529,333.49017,256.858,64.818665,35.61859,0.3699514,-1,-1,-1
2,8530,310.832,229.47484,67.98859,40.01973,0.66426474,-1,-1,-1
2,8531,912.9693,0.0,49.861877,25.246977,0.399295,-1,-1,-1
2,8533,534.56244,0.4650808,30.827026,25.774994,0.7659878,-1,-1,-1
3,8522,0.0,338.78378,142.09926,107.302765,0.9089908,-1,-1,-1
3,8523,796.0008,25.063414,53.271057,29.811647,0.8469061,-1,-1,-1
3,8524,880.9064,26.27159,50.045776,28.007738,0.8306692,-1,-1,-1
3,8525,129.03722,287.17877,69.47215,39.463684,0.8168268,-1,-1,-1
3,8526,242.99026,280.21524,68.35364,37.150085,0.7495562,-1,-1,-1
3,8527,410.95786,227.10486,71.83737,36.094727,0.7993576,-1,-1,-1
3,8528,398.0478,204.97885,65.680176,39.126007,0.741887,-1,-1,-1
3,8529,333.32886,259.7125,63.625122,37.034058,0.31969625,-1,-1,-1
3,8530,311.13437,232.59396,64.474945,34.43466,0.6335145,-1,-1,-1
3,8531,904.50653,0.0,49.318115,26.003508,0.6511677,-1,-1,-1
3,8533,529.6967,0.7231111,30.591736,28.372332,0.84404594,-1,-1,-1
4,8522,0.0,342.15875,142.64948,108.42432,0.9109807,-1,-1,-1
4,8523,790.14136,27.081139,51.601685,29.159134,0.8216521,-1,-1,-1
4,8524,872.45013,27.043905,49.144836,28.378008,0.84936696,-1,-1,-1
4,8525,126.16364,291.52634,69.033424,38.507904,0.8341348,-1,-1,-1
4,8526,240.90755,283.57718,68.33458,37.67282,0.77913547,-1,-1,-1
4,8527,406.64066,228.64783,72.087006,37.27478,0.8019169,-1,-1,-1
4,8528,396.63843,207.801,62.97525,39.709778,0.68915117,-1,-1,-1
4,8529,322.30353,261.89072,72.94595,35.407776,0.6719829,-1,-1,-1
4,8531,896.7658,0.0,47.779236,26.908026,0.2703916,-1,-1,-1
4,8533,525.9654,2.4780798,30.548767,29.922764,0.8308669,-1,-1,-1
5,8522,0.0,346.35535,141.84581,109.54364,0.9134354,-1,-1,-1
5,8523,783.64417,28.610977,50.875305,28.777374,0.82621443,-1,-1,-1
5,8524,864.32935,28.221497,50.134827,28.540573,0.8581003,-1,-1,-1
5,8525,124.70686,295.3448,68.129745,38.674194,0.82254237,-1,-1,-1
5,8526,239.32626,287.08417,67.78244,37.511963,0.7729783,-1,-1,-1
5,8527,402.79446,230.01205,73.101135,38.039795,0.78528607,-1,-1,-1
5,8528,394.31815,209.86804,61.907684,38.43161,0.58447015,-1,-1,-1
5,8529,325.8935,264.9537,67.44092,37.74289,0.40450972,-1,-1,-1
5,8531,889.4393,0.43760896,47.210632,27.30605,0.6606489,-1,-1,-1
5,8533,521.75354,5.905666,30.919434,30.41695,0.83979505,-1,-1,-1
5,8536,400.31537,212.80226,76.78476,55.144302,0.68968743,-1,-1,-1
6,8522,0.0,350.36127,141.9468,110.54584,0.8907311,-1,-1,-1
6,8523,777.7606,29.99637,50.40442,28.326223,0.8298163,-1,-1,-1
6,8524,856.6061,29.460855,49.599304,28.54939,0.828734,-1,-1,-1
6,8525,122.44246,300.00708,66.43649,38.714264,0.8140693,-1,-1,-1
6,8526,237.29599,290.64978,67.28522,37.746857,0.66677713,-1,-1,-1
6,8527,401.79816,232.17215,71.68469,39.16278,0.7947444,-1,-1,-1
6,8528,389.85138,213.10435,63.855225,39.248077,0.73043376,-1,-1,-1
6,8529,323.57928,268.21582,68.44318,37.067413,0.6952696,-1,-1,-1
6,8531,882.0976,1.8030361,45.974365,26.856861,0.72397435,-1,-1,-1
6,8533,517.0136,9.683721,31.263,30.4136,0.855558,-1,-1,-1
6,8536,393.4077,213.76454,75.75037,53.89128,0.5479061,-1,-1,-1
7,8522,0.0,354.48596,139.54431,112.10153,0.88672954,-1,-1,-1
7,8523,771.7211,31.489809,50.082397,28.00633,0.83792055,-1,-1,-1
7,8524,848.4221,30.536106,49.397156,28.57362,0.84722024,-1,-1,-1
7,8525,120.56654,303.86145,67.05701,38.045044,0.8269155,-1,-1,-1
7,8526,234.9785,294.0272,68.06236,38.305695,0.6472088,-1,-1,-1
7,8527,399.84985,236.12137,70.57431,37.329895,0.80897576,-1,-1,-1
7,8528,387.85886,215.59999,62.961853,39.130997,0.7143543,-1,-1,-1
7,8529,321.8452,271.07785,66.88266,38.287964,0.2786795,-1,-1,-1
7,8531,875.0964,3.323341,43.901184,26.623129,0.78499407,-1,-1,-1
7,8533,512.90533,13.437113,31.931824,30.688936,0.8550882,-1,-1,-1
7,8536,389.78253,215.48276,72.06171,51.941925,0.4023498,-1,-1,-1
8,8522,0.0,357.46683,138.19347,116.7551,0.90967685,-1,-1,-1
8,8523,765.88776,33.342106,49.57361,27.413677,0.8399475,-1,-1,-1
8,8524,841.2352,32.094154,47.870056,28.422604,0.8508568,-1,-1,-1
8,8525,118.82327,307.42215,68.07825,39.083252,0.8115936,-1,-1,-1
8,8526,233.18524,297.19177,68.51523,40.25183,0.6512013,-1,-1,-1
8,8527,396.45844,237.181,72.036224,38.516907,0.6660345,-1,-1,-1
8,8528,385.48514,218.20306,65.27231,43.180847,0.5984738,-1,-1,-1
8,8529,315.20477,273.2718,72.02203,39.542236,0.49946377,-1,-1,-1
8,8531,868.0646,4.611754,43.514954,27.223995,0.78050697,-1,-1,-1
8,8533,508.8938,17.399492,32.200867,30.747324,0.86683565,-1,-1,-1
8,8536,391.58893,220.62134,73.93271,52.938995,0.7876993,-1,-1,-1
8,8539,841.44934,0.0010648649,49.044556,18.205313,0.67386734,-1,-1,-1
8,8540,601.65094,0.357753,42.76239,15.485805,0.65594274,-1,-1,-1
9,8522,0.0,362.9546,139.97395,113.83713,0.90845835,-1,-1,-1
9,8523,759.81995,34.84284,48.99225,27.505913,0.8278077,-1,-1,-1
9,8524,833.56433,33.767113,48.259094,28.264473,0.82984644,-1,-1,-1
9,8525,116.647705,312.37442,67.439575,39.792175,0.7995843,-1,-1,-1
9,8526,230.06123,300.34818,68.59633,40.466156,0.654666,-1,-1,-1
9,8527,393.83185,233.21005,73.19821,44.843567,0.7807049,-1,-1,-1
9,8528,383.36743,220.77846,63.373047,41.81151,0.54197496,-1,-1,-1
9,8531,860.6981,5.8887815,43.147644,27.346573,0.7217815,-1,-1,-1
9,8533,505.1438,21.329502,32.598694,30.6431,0.85365397,-1,-1,-1
9,8536,386.03372,221.36719,70.77487,51.060913,0.43643776,-1,-1,-1
9,8539,833.0769,0.020078091,48.46173,19.819586,0.63330305,-1,-1,-1
9,8540,594.59485,0.5776804,43.79602,16.870895,0.6508709,-1,-1,-1
9,8542,970.4019,0.0,51.493774,22.17281,0.5358317,-1,-1,-1
10,8522,0.0,366.8125,137.89275,115.15918,0.8726105,-1,-1,-1
10,8523,754.38776,36.1623,48.774536,27.402092,0.8253563,-1,-1,-1
10,8524,825.91235,35.49684,47.0885,28.12054,0.83511806,-1,-1,-1
10,8525,114.28546,316.04233,68.419876,40.512573,0.81460077,-1,-1,-1
10,8526,226.85924,304.1681,70.138596,40.203796,0.3280573,-1,-1,-1
10,8527,392.36224,236.89212,72.33591,43.62332,0.7693163,-1,-1,-1
10,8528,381.22354,223.30263,63.096344,44.50865,0.57335556,-1,-1,-1
10,8531,852.4735,6.976951,44.241028,27.593288,0.66171074,-1,-1,-1
10,8533,501.66187,25.30254,32.451843,30.74778,0.8692215,-1,-1,-1
10,8536,387.0561,223.71182,74.72577,54.663055,0.74895775,-1,-1,-1
10,8539,824.5942,0.079290025,47.395996,21.447449,0.6823923,-1,-1,-1
10,8540,587.0795,0.52735025,45.344543,18.80604,0.65745294,-1,-1,-1
10,8542,961.4155,0.0,52.352966,21.920649,0.75541556,-1,-1,-1
11,8522,0.010613053,369.67212,136.88889,118.67926,0.8937558,-1,-1,-1
11,8523,748.7903,37.73835,48.37671,27.558495,0.8358702,-1,-1,-1
11,8524,818.3246,36.74554,46.658325,28.2002,0.83711827,-1,-1,-1
11,8525,111.90952,320.27698,70.29694,40.565674,0.8173076,-1,-1,-1
11,8526,225.19171,306.38937,70.01703,42.08252,0.36036327,-1,-1,-1
11,8527,389.7506,236.74785,71.8074,46.087997,0.76166904,-1,-1,-1
11,8528,376.85773,225.92241,63.776855,41.693985,0.6846284,-1,-1,-1
11,8531,845.0767,9.547849,44.35309,26.65665,0.70803064,-1,-1,-1
11,8533,498.43262,29.223795,32.22351,30.488714,0.85538507,-1,-1,-1
11,8536,381.33917,225.79068,76.906525,53.681427,0.5471276,-1,-1,-1
11,8539,815.52216,0.12305775,46.468018,23.653448,0.7070064,-1,-1,-1
11,8540,580.0695,0.47153434,45.446777,21.050766,0.7183859,-1,-1,-1
11,8542,952.2983,0.0,51.26996,23.054739,0.80037063,-1,-1,-1
11,8529,287.5861,280.05356,94.74649,40.163208,0.43167308,-1,-1,-1
12,8522,0.0,375.25763,138.7278,115.72473,0.8875581,-1,-1,-1
12,8523,742.6919,39.315166,48.516663,27.527813,0.8429233,-1,-1,-1
12,8524,811.319,38.25308,46.62213,28.31593,0.8508439,-1,-1,-1
12,8525,109.902306,324.7265,69.02209,40.36789,0.802395,-1,-1,-1
12,8526,223.46144,310.43097,69.15538,41.085968,0.55666155,-1,-1,-1
12,8527,387.7366,240.6866,71.45688,45.07521,0.78481644,-1,-1,-1
12,8528,374.31546,228.2634,63.437775,40.293213,0.6937259,-1,-1,-1
12,8531,838.20605,10.818423,43.843445,26.728779,0.80811125,-1,-1,-1
12,8533,495.1109,33.044914,32.173645,30.240536,0.8618087,-1,-1,-1
12,8536,379.96765,227.75092,77.82388,54.720367,0.5914156,-1,-1,-1
12,8539,807.4022,0.46792305,46.349854,25.634,0.7755331,-1,-1,-1
12,8540,573.29425,1.504216,43.74536,22.598106,0.6825574,-1,-1,-1
12,8542,942.87775,0.0,50.32959,24.37666,0.8265144,-1,-1,-1
12,8543,283.83746,258.82822,89.79755,62.756744,0.5466684,-1,-1,-1
12,8529,283.0632,278.2004,97.71063,46.13147,0.54348236,-1,-1,-1
13,8522,0.0,378.8338,137.55289,118.601715,0.8816879,-1,-1,-1
13,8523,736.58234,40.73656,47.45868,27.82066,0.82121754,-1,-1,-1
13,8524,803.43787,39.739204,46.608032,28.464233,0.8295206,-1,-1,-1
13,8525,108.34652,328.68173,69.087715,40.07782,0.8250472,-1,-1,-1
13,8527,386.98825,246.98076,70.465,42.290817,0.5771921,-1,-1,-1
13,8528,372.3923,230.8881,64.15463,44.784866,0.6038118,-1,-1,-1
13,8531,830.6311,12.520746,42.710754,26.545004,0.73545074,-1,-1,-1
13,8533,491.17975,37.13342,32.566406,29.876896,0.86030424,-1,-1,-1
13,8536,381.98083,233.73921,74.549774,53.48268,0.75910544,-1,-1,-1
13,8539,798.7523,2.7970505,44.929504,25.3625,0.5693112,-1,-1,-1
13,8540,566.9764,3.012063,44.069153,23.654781,0.6524041,-1,-1,-1
13,8542,932.7375,0.023892695,50.461914,26.403345,0.79391503,-1,-1,-1
13,8543,282.11987,266.86032,95.6192,59.05255,0.49252853,-1,-1,-1
14,8522,0.0,381.88412,136.84749,120.938324,0.8970557,-1,-1,-1
14,8523,730.8809,41.950066,47.273376,28.240433,0.8288354,-1,-1,-1
14,8524,796.15094,41.434128,46.55066,28.395943,0.85658616,-1,-1,-1
14,8525,106.099686,332.46707,70.02106,40.50226,0.81689245,-1,-1,-1
14,8527,383.11185,247.89424,72.09241,43.58345,0.7122208,-1,-1,-1
14,8528,369.71722,233.58717,62.9516,42.393845,0.4134703,-1,-1,-1
14,8531,823.49536,13.899629,43.422913,26.31395,0.75229794,-1,-1,-1
14,8533,487.93347,40.900837,32.34906,29.845432,0.8600668,-1,-1,-1
14,8536,378.34567,234.52759,76.29657,55.58194,0.75183463,-1,-1,-1
14,8539,790.67957,4.6207466,43.678528,25.642334,0.6542137,-1,-1,-1
14,8540,560.6409,4.5258064,44.00348,24.835684,0.63383067,-1,-1,-1
14,8542,924.57764,0.10425929,48.504333,27.128527,0.80780613,-1,-1,-1
14,8526,219.5294,317.04797,69.74089,41.502533,0.3464506,-1,-1,-1
15,8522,0.0073684584,387.19754,137.29208,117.67001,0.8869865,-1,-1,-1
15,8523,725.5729,43.60205,46.53589,28.084686,0.8410091,-1,-1,-1
15,8524,789.55835,43.021492,46.14746,28.33648,0.8306792,-1,-1,-1
15,8525,103.83592,337.48685,69.643906,41.59659,0.821725,-1,-1,-1
15,8528,367.17383,235.8001,61.973724,40.044693,0.48541838,-1,-1,-1
15,8531,817.56177,15.486221,41.375,26.107948,0.7134266,-1,-1,-1
15,8533,484.55698,44.378326,32.43094,30.294899,0.8612656,-1,-1,-1
15,8536,377.55496,237.89119,74.93671,54.99269,0.640833,-1,-1,-1
15,8539,783.1913,6.5752587,42.85437,25.67489,0.53840286,-1,-1,-1
15,8540,553.4343,5.832761,44.532898,25.87392,0.67593175,-1,-1,-1
15,8542,916.0341,0.18381889,48.267273,28.479034,0.80412245,-1,-1,-1
15,8544,880.4146,0.024719976,44.804626,18.991055,0.5571696,-1,-1,-1
15,8526,217.18718,320.52563,71.036026,43.108063,0.4481069,-1,-1,-1
15,8543,278.78864,269.06537,86.495636,63.095795,0.38010293,-1,-1,-1
16,8522,0.032897186,390.907,137.3286,118.311554,0.88432914,-1,-1,-1
16,8523,720.00116,45.412254,46.819275,27.675636,0.8422964,-1,-1,-1
16,8524,782.8983,44.854496,46.207886,28.221653,0.83464736,-1,-1,-1
16,8525,101.69439,341.06332,71.74558,42.09601,0.81761426,-1,-1,-1
16,8528,363.89084,238.77205,62.54889,40.351578,0.6184722,-1,-1,-1
16,8531,810.9235,17.349152,41.529114,25.835545,0.7503367,-1,-1,-1
16,8533,480.80182,48.228516,33.008606,29.773186,0.85799766,-1,-1,-1
16,8536,372.40356,239.28838,78.04297,55.87657,0.7015957,-1,-1,-1
16,8539,776.1502,9.61852,40.862183,24.590794,0.65083444,-1,-1,-1
16,8540,546.6986,9.340115,44.055847,24.491966,0.710783,-1,-1,-1
16,8542,908.6087,1.2531971,46.35016,28.507572,0.7701579,-1,-1,-1
16,8544,873.1193,0.055584602,45.795837,20.096056,0.7740608,-1,-1,-1
16,8526,215.92078,324.03644,69.266815,41.32077,0.41758978,-1,-1,-1
16,8527,379.5339,251.04442,71.88669,45.613358,0.5962435,-1,-1,-1
17,8522,0.018029694,393.74713,136.76744,120.67987,0.89188457,-1,-1,-1
17,8523,714.7016,47.492523,46.224426,27.429688,0.8172135,-1,-1,-1
17,8524,775.6476,47.05937,45.33667,28.129307,0.60684156,-1,-1,-1
17,8525,99.32619,344.67032,71.24742,42.164734,0.80833876,-1,-1,-1
17,8528,362.40982,241.55942,64.48688,46.900208,0.606131,-1,-1,-1
17,8531,803.876,19.258608,41.457153,25.972471,0.6908889,-1,-1,-1
17,8533,478.0272,52.164642,32.894135,29.682663,0.8686534,-1,-1,-1
17,8536,369.0662,240.97896,78.21503,55.787064,0.7075782,-1,-1,-1
17,8539,768.0472,12.402437,41.310364,24.277914,0.52697,-1,-1,-1
17,8540,540.4054,12.637508,43.08368,23.515823,0.72982746,-1,-1,-1
17,8542,900.6117,3.5213509,45.066162,27.626158,0.7008888,-1,-1,-1
17,8544,865.1022,0.08957476,46.123352,21.58734,0.72678345,-1,-1,-1
17,8527,377.48984,254.20981,70.94208,44.91873,0.5129757,-1,-1,-1
17,8543,272.84268,273.99142,96.91025,66.950775,0.57709557,-1,-1,-1
18,8522,0.03395604,397.78607,137.149,119.52869,0.8701992,-1,-1,-1
18,8523,709.4493,48.843197,45.62903,28.025715,0.8291861,-1,-1,-1
18,8524,768.8211,48.84216,45.868958,28.212048,0.8095962,-1,-1,-1
18,8525,97.1123,348.51303,73.288,42.308716,0.7538822,-1,-1,-1
18,8528,360.07465,243.9035,66.595276,46.857483,0.5956097,-1,-1,-1
18,8531,797.7763,20.629206,42.014587,26.042856,0.74478453,-1,-1,-1
18,8533,475.1266,55.635532,33.27762,29.911106,0.85473824,-1,-1,-1
18,8536,364.88223,243.87866,80.094086,55.773895,0.7638192,-1,-1,-1
18,8540,534.6995,15.247353,42.459106,23.146622,0.735311,-1,-1,-1
18,8542,892.24255,5.857984,45.177612,27.211351,0.7113408,-1,-1,-1
18,8544,858.0898,0.06858901,46.02002,23.260431,0.75898683,-1,-1,-1
18,8527,375.5064,257.97357,69.98932,43.05359,0.66573703,-1,-1,-1
18,8526,211.57097,329.92212,70.60585,42.980133,0.365345,-1,-1,-1
19,8522,0.044597857,401.49594,137.5255,120.14981,0.8818059,-1,-1,-1
19,8523,704.4539,50.841908,45.343384,27.689503,0.84652174,-1,-1,-1
19,8524,762.4733,50.728996,44.874023,27.917313,0.7155296,-1,-1,-1
19,8525,95.85919,352.33688,73.70041,42.487335,0.79397064,-1,-1,-1
19,8528,357.13605,246.5179,65.28906,43.537796,0.5413146,-1,-1,-1
19,8531,791.9606,22.973984,40.677734,25.717693,0.5173301,-1,-1,-1
19,8533,472.1856,59.26221,33.624023,29.72105,0.8440581,-1,-1,-1
19,8536,360.14084,246.70842,81.65115,53.98073,0.70101434,-1,-1,-1
19,8540,528.4489,17.88912,42.008545,23.043383,0.7498024,-1,-1,-1
19,8542,884.13763,8.128718,45.044983,26.497189,0.7835777,-1,-1,-1
19,8544,851.0434,0.09641097,44.421936,24.937134,0.6715772,-1,-1,-1
19,8527,371.71735,257.65887,72.78162,45.769653,0.5342768,-1,-1,-1
19,8526,210.60657,332.15747,69.64795,44.553772,0.29480726,-1,-1,-1
19,8543,269.7116,280.41342,83.291565,64.53085,0.49988416,-1,-1,-1
20,8522,0.053589623,404.80493,136.11874,121.56671,0.9169557,-1,-1,-1
20,8523,698.90936,52.82371,45.000305,27.58237,0.8209126,-1,-1,-1
20,8524,755.8167,52.80822,44.374146,27.48835,0.70925736,-1,-1,-1
20,8525,94.30903,356.33734,71.845894,41.853333,0.800858,-1,-1,-1
20,8528,355.4176,249.01184,62.977814,45.129456,0.39478824,-1,-1,-1
20,8531,785.20605,24.86409,41.37549,25.609344,0.654234,-1,-1,-1
20,8533,469.29922,63.140682,34.258087,29.353878,0.84308887,-1,-1,-1
20,8536,357.1649,249.05421,82.41989,53.91121,0.6921309,-1,-1,-1
20,8540,522.9954,20.973398,42.143127,22.900087,0.68855023,-1,-1,-1
20,8542,876.9412,10.242638,43.891785,26.010693,0.8218934,-1,-1,-1
20,8544,844.2451,0.14577074,44.08606,26.662338,0.80217546,-1,-1,-1
20,8527,369.31274,258.47073,73.270294,47.442963,0.6777309,-1,-1,-1
20,8543,269.4677,286.17548,91.31192,62.87091,0.4893531,-1,-1,-1
21,8522,0.062381312,407.684,136.61841,121.928375,0.89807427,-1,-1,-1
21,8523,693.7556,54.59783,44.463196,27.732948,0.79613745,-1,-1,-1
21,8524,749.1225,54.917763,44.012573,27.33805,0.6875925,-1,-1,-1
21,8525,92.27079,360.34296,73.12092,43.40274,0.76704323,-1,-1,-1
21,8528,352.0617,251.48886,64.381744,43.2146,0.5609325,-1,-1,-1
21,8531,779.21716,26.446472,41.25354,25.926468,0.36908078,-1,-1,-1
21,8533,466.50522,67.065735,34.471893,28.904572,0.8411257,-1,-1,-1
21,8536,356.2832,251.36118,81.86658,54.9422,0.66370106,-1,-1,-1
21,8540,516.58954,23.741274,41.888733,22.393435,0.6987375,-1,-1,-1
21,8542,869.15485,12.25093,43.599243,26.112743,0.78209466,-1,-1,-1
21,8544,837.4509,0.19301213,43.813477,28.629608,0.61913985,-1,-1,-1
21,8527,369.83334,261.34995,70.22781,47.11023,0.6030694,-1,-1,-1
21,8543,270.64374,298.43015,89.98108,53.83316,0.38580868,-1,-1,-1
22,8522,0.1260983,412.0059,137.55406,120.455475,0.9139579,-1,-1,-1
22,8523,688.88055,56.446537,44.14618,27.549198,0.82072353,-1,-1,-1
22,8524,743.06586,56.814533,44.174194,27.56107,0.78271216,-1,-1,-1
22,8525,89.69543,364.46393,73.99137,43.781128,0.80817276,-1,-1,-1
22,8528,350.52966,254.09941,62.438538,45.754013,0.35660058,-1,-1,-1
22,8531,773.3838,28.700066,40.75653,24.956917,0.3425024,-1,-1,-1
22,8533,463.34918,70.81417,34.885437,28.892227,0.73536927,-1,-1,-1
22,8536,355.13483,253.47404,81.25421,55.391678,0.6648109,-1,-1,-1
22,8540,510.97733,26.14897,40.107086,22.278185,0.7167541,-1,-1,-1
22,8542,861.10394,14.241016,43.069214,25.775227,0.81926566,-1,-1,-1
22,8544,830.6047,1.2856876,43.053772,29.163008,0.4446248,-1,-1,-1
22,8527,367.59393,263.20187,69.83276,47.663147,0.47924566,-1,-1,-1
22,8543,271.90784,294.0277,89.14923,59.393402,0.30207753,-1,-1,-1
22,8539,731.46497,24.502823,40.476135,23.787098,0.3056517,-1,-1,-1
23,8522,0.032233603,415.80704,139.26077,118.049835,0.920273,-1,-1,-1
23,8523,684.0173,58.61614,44.24353,27.14848,0.80596274,-1,-1,-1
23,8524,737.7856,58.90951,43.11975,27.359653,0.69871527,-1,-1,-1
23,8525,88.071,367.737,75.07887,44.048767,0.80450743,-1,-1,-1
23,8528,348.629,256.6008,63.904907,46.16205,0.454842,-1,-1,-1
23,8533,460.13647,74.53134,35.630096,28.61515,0.80922693,-1,-1,-1
23,8536,351.58313,256.68762,82.19287,55.33664,0.74351156,-1,-1,-1
23,8540,505.31296,28.235195,39.06656,22.73434,0.48096904,-1,-1,-1
23,8542,853.6508,16.152807,43.091614,25.815153,0.6769814,-1,-1,-1
23,8544,823.89575,2.9063208,42.293457,29.292559,0.8106028,-1,-1,-1
23,8527,365.3521,265.0114,69.46048,48.14212,0.5584935,-1,-1,-1
23,8526,202.53665,344.6005,70.91455,46.72522,0.43814233,-1,-1,-1
24,8522,0.0,418.34952,138.08148,119.071075,0.9209618,-1,-1,-1
24,8523,679.29565,60.792236,44.381958,26.90271,0.78626853,-1,-1,-1
24,8524,731.54236,61.347347,43.933655,27.167843,0.6465417,-1,-1,-1
24,8525,86.44563,372.041,72.85565,43.167786,0.7597616,-1,-1,-1
24,8533,457.2103,77.970215,36.092804,28.838867,0.82190394,-1,-1,-1
24,8536,347.68527,259.30347,82.133514,53.70697,0.68169534,-1,-1,-1
24,8540,499.83548,30.62519,39.525055,22.94587,0.6175327,-1,-1,-1
24,8542,846.8727,18.375925,42.558533,25.84197,0.73712933,-1,-1,-1
24,8544,817.2858,4.7044334,41.807373,29.007687,0.79128706,-1,-1,-1
24,8531,761.2312,32.973324,39.63318,24.649284,0.6789392,-1,-1,-1
24,8543,260.05847,299.12057,98.481384,64.11368,0.27203646,-1,-1,-1
24,8539,717.6483,30.305756,39.638428,22.953861,0.303473,-1,-1,-1
25,8522,0.0,420.63483,138.56656,119.36517,0.9129756,-1,-1,-1
25,8523,674.4901,62.383858,43.540894,27.462418,0.82289404,-1,-1,-1
25,8524,725.59863,63.382618,43.934753,27.215816,0.7216646,-1,-1,-1
25,8525,83.84981,375.51715,76.96922,44.15277,0.742766,-1,-1,-1
25,8533,454.56882,81.35578,36.490448,28.726128,0.7723101,-1,-1,-1
25,8536,347.24203,261.62042,82.2616,53.867035,0.6135281,-1,-1,-1
25,8542,839.6389,20.598377,42.510986,25.11657,0.81174886,-1,-1,-1
25,8544,810.7681,6.5415397,42.117493,29.186007,0.8352586,-1,-1,-1
25,8531,755.6481,34.96924,39.15973,24.346642,0.57810163,-1,-1,-1
25,8543,256.18845,303.19794,97.184235,60.864563,0.30246854,-1,-1,-1
25,8528,343.58032,261.6805,72.92221,45.808777,0.35238707,-1,-1,-1
26,8522,0.0,424.00238,139.4775,115.99762,0.9024934,-1,-1,-1
26,8523,669.30945,64.33985,43.28833,27.554016,0.78485256,-1,-1,-1
26,8524,719.6035,64.98474,43.74591,27.635551,0.5321249,-1,-1,-1
26,8525,82.4569,379.40298,76.810555,44.251312,0.7727257,-1,-1,-1
26,8533,451.8078,85.09062,37.371887,28.741112,0.7450701,-1,-1,-1
26,8536,344.474,263.93695,83.32797,54.971252,0.49851206,-1,-1,-1
26,8542,832.7299,23.370455,41.65631,24.289904,0.80007356,-1,-1,-1
26,8544,804.3111,8.951329,41.238342,28.804089,0.7519094,-1,-1,-1
26,8531,749.95715,36.6984,38.968872,24.78043,0.4182306,-1,-1,-1
26,8543,254.25035,303.2257,96.91658,63.662445,0.67371285,-1,-1,-1
26,8527,360.6986,272.35388,69.91785,49.12607,0.47520953,-1,-1,-1
26,8526,196.95068,354.89243,71.28024,46.877808,0.57396156,-1,-1,-1
26,8540,487.88132,36.709267,39.916595,21.416023,0.28437772,-1,-1,-1
27,8522,0.0,428.1225,139.55167,111.8775,0.8932614,-1,-1,-1
27,8523,665.0108,66.00242,42.55902,27.96334,0.6338509,-1,-1,-1
27,8524,713.9319,67.20691,43.19806,27.515167,0.6524307,-1,-1,-1
27,8525,81.17297,383.81735,73.93442,44.40683,0.74635893,-1,-1,-1
27,8533,449.67734,88.491104,37.715515,29.149208,0.6023193,-1,-1,-1
27,8536,342.28918,266.09592,83.22403,54.727905,0.6318386,-1,-1,-1
27,8542,825.8469,25.233366,41.05957,24.743006,0.7813613,-1,-1,-1
27,8544,798.2296,10.870091,41.169373,28.677723,0.81821835,-1,-1,-1
27,8531,744.1967,38.551853,38.620056,24.886223,0.3472942,-1,-1,-1
27,8543,255.37123,304.93582,96.20683,63.873383,0.33588278,-1,-1,-1
27,8527,357.0739,273.97183,70.99658,49.232483,0.5475572,-1,-1,-1
27,8526,195.63818,357.89822,72.34854,47.655853,0.46602082,-1,-1,-1
27,8540,482.03528,38.68596,40.266968,21.611725,0.4651539,-1,-1,-1
27,8539,697.6568,36.92704,39.863403,24.338886,0.26781267,-1,-1,-1
28,8522,0.0,431.60748,139.62917,108.39252,0.8957144,-1,-1,-1
28,8523,660.08514,68.615036,42.82666,27.540466,0.82932186,-1,-1,-1
28,8524,707.9457,69.29665,42.865906,27.740486,0.79350847,-1,-1,-1
28,8525,79.77943,387.70578,74.31141,44.785156,0.6924109,-1,-1,-1
28,8533,446.60687,92.07763,37.87857,29.012741,0.61282164,-1,-1,-1
28,8536,343.7139,269.12677,80.6557,55.29062,0.69852465,-1,-1,-1
28,8542,818.5445,26.877073,41.243347,24.981234,0.83118206,-1,-1,-1
28,8544,791.8087,13.315543,41.004395,28.131683,0.5393619,-1,-1,-1
28,8526,193.94614,361.12256,72.46808,47.257477,0.55640763,-1,-1,-1
28,8540,476.5119,41.216854,39.457092,22.002205,0.5669146,-1,-1,-1
28,8539,691.3394,39.316418,40.10565,24.455044,0.71096367,-1,-1,-1
28,8528,338.38626,269.17764,63.051086,47.100067,0.33910015,-1,-1,-1
29,8522,0.0,434.6791,142.14288,105.32089,0.8680324,-1,-1,-1
29,8523,655.5474,71.08863,43.926514,27.12539,0.8236594,-1,-1,-1
29,8524,702.69885,71.67176,42.69928,27.544327,0.69523823,-1,-1,-1
29,8525,77.74635,391.4216,74.27562,45.23584,0.7689294,-1,-1,-1
29,8533,443.8486,95.12264,38.64734,29.913803,0.33180496,-1,-1,-1
29,8536,338.43475,271.49606,82.289734,54.43155,0.66375726,-1,-1,-1
29,8542,811.7515,28.737675,41.37744,25.351143,0.82023627,-1,-1,-1
29,8544,785.9384,15.882516,40.419495,27.734577,0.70889616,-1,-1,-1
29,8526,192.12656,364.07428,72.157166,46.593597,0.383235,-1,-1,-1
29,8540,471.46756,43.770493,39.034912,22.290016,0.38570654,-1,-1,-1
29,8539,685.3535,42.306683,39.62976,23.970684,0.45366153,-1,-1,-1
29,8552,835.35077,4.6852837,34.552673,23.208233,0.4422396,-1,-1,-1
29,8553,860.05475,9.002909,36.80243,25.44869,0.34571344,-1,-1,-1
29,8531,734.0223,42.86466,36.856934,24.336056,0.3209046,-1,-1,-1
30,8522,0.0014427932,436.70483,140.62332,103.295166,0.86793065,-1,-1,-1
30,8523,651.3581,72.81249,42.5943,27.33197,0.62592816,-1,-1,-1
30,8524,697.96747,73.5491,41.226196,28.210205,0.5314257,-1,-1,-1
30,8525,76.29524,394.0095,74.42049,46.550354,0.7933567,-1,-1,-1
30,8536,336.6999,273.7875,81.93622,54.528625,0.6127506,-1,-1,-1
30,8542,805.3611,31.035997,40.391357,25.561506,0.5969011,-1,-1,-1
30,8544,779.919,18.261566,40.23108,27.267029,0.42787874,-1,-1,-1
30,8526,190.34361,367.66135,70.93419,45.43799,0.3655084,-1,-1,-1
30,8539,679.79285,44.98499,38.574463,23.399952,0.36857092,-1,-1,-1
30,8553,850.389,10.087436,38.77124,25.557224,0.29765582,-1,-1,-1
30,8531,728.73285,45.004322,36.934937,24.343227,0.28582358,-1,-1,-1
30,8527,352.47482,279.0393,69.555725,50.74057,0.48073122,-1,-1,-1
31,8522,0.0,440.2871,140.2584,99.71289,0.8539766,-1,-1,-1
31,8523,647.5055,74.88219,42.509216,27.599861,0.8075792,-1,-1,-1
31,8524,692.16437,75.70264,42.856567,28.135727,0.6517316,-1,-1,-1
31,8525,74.77558,397.83844,71.560036,46.390045,0.7391989,-1,-1,-1
31,8542,798.74316,33.397934,40.844543,25.570904,0.7701408,-1,-1,-1
31,8544,774.3968,20.54267,39.443726,27.211771,0.537788,-1,-1,-1
31,8526,189.61179,370.27954,71.43292,47.663116,0.63534486,-1,-1,-1
31,8539,674.457,47.856236,37.691467,23.522923,0.47955015,-1,-1,-1
31,8531,724.20416,46.991226,36.11902,24.779037,0.4143498,-1,-1,-1
31,8527,345.6947,278.80728,75.19095,53.24933,0.6007562,-1,-1,-1
31,8543,246.49298,315.71994,100.43295,63.594543,0.3706147,-1,-1,-1
31,8533,439.60193,101.99167,40.423004,29.868164,0.4587396,-1,-1,-1
31,8540,460.28415,49.74636,40.00006,21.527763,0.53706175,-1,-1,-1
32,8522,0.0057244785,443.21988,139.98445,96.78012,0.8414934,-1,-1,-1
32,8523,643.2598,77.057816,43.56714,27.206856,0.8368329,-1,-1,-1
32,8524,687.55304,77.81208,42.40442,27.700249,0.7954427,-1,-1,-1
32,8525,73.35914,401.50488,72.77952,45.479218,0.79495686,-1,-1,-1
32,8542,791.9672,35.848717,40.919006,25.454865,0.66920584,-1,-1,-1
32,8526,188.13043,373.41165,71.3551,47.03586,0.58170295,-1,-1,-1
32,8539,669.65674,50.710236,36.77765,22.922394,0.73784906,-1,-1,-1
32,8531,719.8053,49.138157,34.325928,24.419788,0.615517,-1,-1,-1
32,8527,346.13712,281.87112,72.97577,52.57193,0.43867728,-1,-1,-1
32,8543,244.90463,319.7807,89.66147,60.148987,0.3315759,-1,-1,-1
32,8533,438.28387,105.40699,39.514313,29.373436,0.34504408,-1,-1,-1
32,8536,330.00012,278.54376,85.82956,53.15738,0.7363565,-1,-1,-1
33,8522,0.0033585175,445.67108,140.28969,94.32892,0.84371215,-1,-1,-1
33,8523,639.2313,79.13073,41.453003,27.060501,0.79385155,-1,-1,-1
33,8524,682.5311,80.30908,41.55902,27.124367,0.80035853,-1,-1,-1
33,8525,71.772484,404.4231,75.952324,47.197205,0.7972925,-1,-1,-1
33,8542,786.61,38.188282,39.421143,25.00225,0.5918935,-1,-1,-1
33,8526,186.12268,376.119,72.11566,47.016937,0.55177844,-1,-1,-1
33,8539,663.58685,52.77449,37.147278,23.575508,0.7050696,-1,-1,-1
33,8531,714.8603,51.322773,34.568237,24.27708,0.6631214,-1,-1,-1
33,8527,347.12878,285.17532,70.256805,52.060333,0.58033043,-1,-1,-1
33,8533,436.01404,109.2075,40.526978,28.75222,0.36039913,-1,-1,-1
33,8536,328.73996,281.3312,85.63333,54.571716,0.7131706,-1,-1,-1
33,8528,328.59283,280.81403,59.42801,46.81888,0.27987662,-1,-1,-1
33,8544,762.58276,24.537401,39.52179,27.170527,0.37401935,-1,-1,-1
33,8540,450.37653,55.32617,39.15741,21.073082,0.3198842,-1,-1,-1
34,8522,0.0,447.67996,140.70956,92.32004,0.8353712,-1,-1,-1
34,8523,635.0351,81.697685,41.000122,26.816124,0.810201,-1,-1,-1
34,8524,677.2065,82.914116,41.35486,26.975853,0.8161532,-1,-1,-1
34,8525,70.50093,407.84903,75.12891,47.561707,0.80792,-1,-1,-1
34,8542,779.8157,40.143143,39.709167,25.162758,0.46696383,-1,-1,-1
34,8526,185.64034,379.25165,71.11195,47.04477,0.46111137,-1,-1,-1
34,8539,658.0143,55.620316,36.8125,23.279945,0.7496432,-1,-1,-1
34,8531,709.13916,53.541004,36.07776,24.083218,0.26581466,-1,-1,-1
34,8533,434.4624,112.4801,40.718445,28.45987,0.63509667,-1,-1,-1
34,8536,327.33926,283.31787,85.57236,54.69342,0.7606279,-1,-1,-1
34,8528,325.23834,282.7466,63.801758,46.90558,0.3804975,-1,-1,-1
34,8540,445.57217,57.62376,38.68582,21.496197,0.51829714,-1,-1,-1
35,8522,0.0,450.83597,141.54083,89.16403,0.8347987,-1,-1,-1
35,8523,630.68646,84.263725,41.292175,26.163185,0.8017686,-1,-1,-1
35,8524,672.3011,85.45101,41.058167,26.924683,0.70365685,-1,-1,-1
35,8525,69.443184,411.93454,73.66668,47.2594,0.7778252,-1,-1,-1
35,8542,774.01166,42.571445,39.656677,25.18652,0.58320105,-1,-1,-1
35,8526,184.77194,381.36624,70.512955,48.18692,0.7131209,-1,-1,-1
35,8539,652.07874,58.30547,37.15973,22.861027,0.7065465,-1,-1,-1
35,8531,704.57074,56.052105,34.713074,23.616108,0.5014368,-1,-1,-1
35,8536,326.4155,285.353,83.9577,54.468933,0.68148875,-1,-1,-1
35,8528,324.1334,285.0393,62.7323,46.397003,0.26872492,-1,-1,-1
35,8527,346.07556,288.66544,66.26871,51.978058,0.4635486,-1,-1,-1
36,8522,0.0,453.2143,143.27397,86.785706,0.8157667,-1,-1,-1
36,8523,626.6527,86.92178,40.318848,25.457703,0.7696103,-1,-1,-1
36,8524,666.99554,87.80629,41.12964,26.672775,0.77925193,-1,-1,-1
36,8525,67.80112,415.12723,76.10684,46.747345,0.78138226,-1,-1,-1
36,8542,768.34924,44.908985,38.90796,25.142506,0.5200824,-1,-1,-1
36,8526,182.19553,384.20578,72.585236,49.533478,0.66477245,-1,-1,-1
36,8539,646.8991,61.064434,36.473022,23.207363,0.8094434,-1,-1,-1
36,8531,699.3693,57.86891,35.481262,24.285385,0.6070735,-1,-1,-1
36,8536,323.70282,288.77347,85.27722,53.09201,0.61086184,-1,-1,-1
36,8527,342.95584,293.70395,66.54938,49.590332,0.4330655,-1,-1,-1
36,8544,746.8032,31.355368,38.593445,27.335386,0.26632968,-1,-1,-1
36,8533,431.503,119.21578,40.084625,27.962837,0.2608143,-1,-1,-1
37,8522,0.078318685,456.32483,144.113,83.67517,0.795145,-1,-1,-1
37,8523,622.6685,89.24147,40.51941,25.545235,0.8301934,-1,-1,-1
37,8524,662.3792,89.84595,41.340393,26.561699,0.82580847,-1,-1,-1
37,8525,66.90163,417.80338,77.991684,46.292847,0.79436034,-1,-1,-1
37,8542,762.90027,46.81747,38.460327,25.296452,0.6868047,-1,-1,-1
37,8526,181.77202,386.52182,70.947784,49.54294,0.56126904,-1,-1,-1
37,8539,642.2501,63.629948,36.048645,23.27589,0.79106,-1,-1,-1
37,8531,694.6687,60.186184,35.298584,24.21046,0.7544992,-1,-1,-1
37,8536,323.30756,290.85837,85.179016,54.55725,0.5286781,-1,-1,-1
37,8544,741.99774,33.862236,37.34784,27.00447,0.29572046,-1,-1,-1
38,8522,0.027811311,457.2152,143.56123,82.78479,0.75381655,-1,-1,-1
38,8523,618.5639,91.14767,40.33313,25.684563,0.8234979,-1,-1,-1
38,8524,658.1866,91.919106,40.928284,26.651413,0.8091244,-1,-1,-1
38,8525,65.341736,420.91818,77.73273,47.61087,0.8164985,-1,-1,-1
38,8542,757.20624,49.756714,37.834595,24.467232,0.5281472,-1,-1,-1
38,8526,180.41818,389.48447,70.53664,49.919586,0.35625413,-1,-1,-1
38,8539,636.80896,66.18184,36.334473,23.519669,0.765845,-1,-1,-1
38,8531,690.33636,62.687748,33.829163,23.903912,0.76665395,-1,-1,-1
38,8536,318.97455,292.64603,85.633545,53.21515,0.5204687,-1,-1,-1
38,8544,736.8774,36.171535,37.369568,27.14412,0.5222964,-1,-1,-1
38,8527,334.6668,296.08786,72.04837,52.67508,0.47809952,-1,-1,-1
39,8522,0.0,459.0352,144.42763,80.96481,0.729656,-1,-1,-1
39,8523,615.25006,93.81556,39.2229,25.101303,0.73879373,-1,-1,-1
39,8524,653.5457,94.3688,39.802856,26.490677,0.8379218,-1,-1,-1
39,8525,64.8209,424.02917,73.28185,48.02133,0.7820324,-1,-1,-1
39,8542,751.715,52.224133,37.856934,24.015118,0.73340166,-1,-1,-1
39,8526,177.19034,392.26953,71.90263,50.618988,0.4486164,-1,-1,-1
39,8539,632.20825,68.88536,35.427063,22.981682,0.77442217,-1,-1,-1
39,8531,685.2555,64.55301,35.023376,24.409859,0.7703008,-1,-1,-1
39,8536,316.55637,294.78122,85.68021,51.422333,0.4808872,-1,-1,-1
39,8544,731.7081,38.554325,36.49701,26.882298,0.36556506,-1,-1,-1
39,8527,336.27963,297.68234,69.73822,53.631104,0.33872223,-1,-1,-1
40,8522,0.0,461.0519,145.04176,78.94809,0.736909,-1,-1,-1
40,8523,611.515,96.111595,38.42688,24.645485,0.6990149,-1,-1,-1
40,8524,649.23865,96.83571,39.45044,26.331467,0.82584274,-1,-1,-1
40,8525,63.05319,427.16257,74.484116,47.1821,0.7965929,-1,-1,-1
40,8542,745.6679,54.36655,38.400208,24.647083,0.6723813,-1,-1,-1
40,8526,175.94331,395.22223,73.26065,51.663696,0.6803027,-1,-1,-1
40,8539,627.31024,71.428535,35.002197,23.001808,0.66718197,-1,-1,-1
40,8531,680.8057,67.04512,34.881226,23.866814,0.6437577,-1,-1,-1
40,8536,315.03622,297.08603,85.10513,52.42758,0.33853036,-1,-1,-1
41,8522,0.0,461.3502,146.55054,78.64981,0.6479727,-1,-1,-1
41,8523,608.3387,98.77602,38.37445,24.469978,0.7713277,-1,-1,-1
41,8524,644.9892,99.301384,39.16272,26.403847,0.8403114,-1,-1,-1
41,8525,61.85317,429.76392,75.01776,48.34314,0.7943967,-1,-1,-1
41,8542,740.08234,56.747288,38.4433,24.675312,0.8457071,-1,-1,-1
41,8526,175.35468,398.82916,72.5966,48.42456,0.627584,-1,-1,-1
41,8539,622.6528,74.31852,34.829285,23.403572,0.77527237,-1,-1,-1
41,8531,677.0456,69.483246,33.68756,23.407547,0.7183253,-1,-1,-1
41,8536,312.8778,299.81674,85.82376,52.578156,0.57904017,-1,-1,-1
41,8533,423.21475,135.1344,41.447083,27.472397,0.4099722,-1,-1,-1
41,8544,721.8448,42.79091,36.457275,27.182709,0.63253736,-1,-1,-1
41,8527,334.89392,301.67444,66.183136,53.13983,0.32214323,-1,-1,-1
42,8522,2.3007786,459.6073,145.64174,80.3927,0.6925321,-1,-1,-1
42,8523,604.9195,101.03603,37.31201,24.39573,0.817757,-1,-1,-1
42,8524,640.51,101.44576,38.65204,26.587532,0.8395692,-1,-1,-1
42,8525,60.318054,432.6593,76.57051,48.573883,0.7992479,-1,-1,-1
42,8542,735.33203,58.963955,38.356323,24.940365,0.8085171,-1,-1,-1
42,8526,173.87563,400.7696,72.27879,50.610107,0.6900212,-1,-1,-1
42,8539,618.703,77.22946,33.496033,23.089317,0.8284914,-1,-1,-1
42,8531,672.54285,71.348656,33.078186,23.684288,0.8048193,-1,-1,-1
42,8536,311.50665,302.12308,86.76236,52.65396,0.27521208,-1,-1,-1
42,8558,759.6724,34.176804,30.783264,20.929996,0.655322,-1,-1,-1
42,8533,422.0494,137.97095,41.929565,27.617218,0.65555614,-1,-1,-1
42,8544,717.2315,45.23438,35.578125,27.110249,0.79365295,-1,-1,-1
43,8522,8.929958,464.94278,138.23111,74.84335,0.6964323,-1,-1,-1
43,8523,601.3221,103.151794,37.768555,24.550453,0.83391637,-1,-1,-1
43,8524,636.2936,103.53885,38.72278,26.71669,0.83046687,-1,-1,-1
43,8525,59.57019,436.20404,72.96254,47.37982,0.7838162,-1,-1,-1
43,8542,730.009,61.713406,37.81122,24.605259,0.6194641,-1,-1,-1
43,8526,173.24002,403.36545,72.41705,51.644165,0.4374782,-1,-1,-1
43,8539,613.66034,80.22755,33.90863,22.874115,0.82828003,-1,-1,-1
43,8531,668.686,73.99473,32.499817,23.460876,0.82901555,-1,-1,-1
43,8536,314.7701,303.985,83.54608,54.402557,0.4924252,-1,-1,-1
43,8558,754.70734,36.93474,30.897583,20.645859,0.3333809,-1,-1,-1
43,8533,420.71283,141.0787,41.802704,27.022903,0.7074542,-1,-1,-1
43,8544,712.73334,47.33417,35.155396,27.551373,0.6333323,-1,-1,-1
43,8559,773.43677,43.809887,32.056885,22.041576,0.5148098,-1,-1,-1
43,8540,403.2545,82.43496,38.481323,20.507286,0.48043343,-1,-1,-1
44,8522,17.162424,463.12097,130.55728,75.70953,0.6578905,-1,-1,-1
44,8523,597.67084,105.716415,37.460815,24.404114,0.79766494,-1,-1,-1
44,8524,632.5629,106.348465,37.4718,26.357422,0.8167585,-1,-1,-1
44,8525,58.686886,440.0838,72.76311,45.730103,0.76621133,-1,-1,-1
44,8542,725.3057,64.54008,37.171936,24.183197,0.7957218,-1,-1,-1
44,8526,170.9308,405.97836,72.889206,51.477325,0.6749847,-1,-1,-1
44,8539,608.8228,82.7646,33.77899,23.073746,0.813379,-1,-1,-1
44,8531,664.5329,76.57684,31.94696,23.318764,0.84338707,-1,-1,-1
44,8536,309.54153,307.40598,85.792755,53.600403,0.62410563,-1,-1,-1
44,8558,748.77673,39.73997,30.296143,20.529186,0.55285823,-1,-1,-1
44,8533,419.86984,144.605,41.499695,26.63501,0.72049844,-1,-1,-1
44,8544,708.30695,49.836704,34.840332,27.264034,0.71522415,-1,-1,-1
44,8560,808.71716,0.24929284,62.46222,25.715511,0.6742608,-1,-1,-1
44,8540,398.72815,85.67858,37.621002,19.93811,0.27679572,-1,-1,-1
44,8527,329.99823,309.48212,66.66254,52.801422,0.5356924,-1,-1,-1
45,8522,27.965271,465.62735,120.27814,73.244415,0.6903157,-1,-1,-1
45,8523,594.26575,107.96154,36.753418,24.229744,0.787832,-1,-1,-1
45,8524,628.4463,108.93052,37.30017,25.988869,0.8334544,-1,-1,-1
45,8525,57.324947,442.7484,75.23508,47.263428,0.703133,-1,-1,-1
45,8542,720.4918,66.48189,37.61908,24.57473,0.62019354,-1,-1,-1
45,8526,169.03653,409.36975,73.8651,50.776062,0.6669634,-1,-1,-1
45,8539,604.8986,85.72564,33.386475,22.869057,0.81507486,-1,-1,-1
45,8531,660.44653,78.96178,31.997864,23.347237,0.80664027,-1,-1,-1
45,8536,306.47784,309.54346,85.77884,52.327667,0.6597215,-1,-1,-1
45,8558,744.7902,42.397766,30.644165,19.731915,0.5370976,-1,-1,-1
45,8533,418.66476,147.40437,42.01657,26.790833,0.7827408,-1,-1,-1
45,8544,704.30347,51.88761,33.88324,27.456268,0.34431255,-1,-1,-1
45,8560,801.7221,0.39931798,65.41077,27.83349,0.57295704,-1,-1,-1
45,8540,394.29025,88.304405,37.22705,19.778671,0.28637198,-1,-1,-1
45,8527,328.04144,310.7002,67.34372,53.38452,0.5655345,-1,-1,-1
46,8522,39.989555,465.99097,107.93206,72.326904,0.68492156,-1,-1,-1
46,8523,590.8292,109.98361,36.78247,24.59636,0.7744505,-1,-1,-1
46,8524,624.8263,111.43287,36.33136,25.8863,0.83558995,-1,-1,-1
46,8525,56.210648,445.49396,76.31467,47.71826,0.7770597,-1,-1,-1
46,8542,715.8435,68.912735,36.895203,24.536545,0.5951059,-1,-1,-1
46,8526,167.594,412.38297,74.6521,50.40854,0.48108733,-1,-1,-1
46,8539,601.01886,88.57073,32.69214,22.426628,0.7963123,-1,-1,-1
46,8531,656.4128,81.285645,32.43988,22.985283,0.8338448,-1,-1,-1
46,8536,303.55652,311.0224,85.34805,50.236115,0.46618173,-1,-1,-1
46,8533,418.01453,150.32797,42.208435,26.855469,0.73384684,-1,-1,-1
46,8544,700.14685,54.134533,34.411987,27.580273,0.55247885,-1,-1,-1
46,8560,794.9695,0.36238924,67.75073,30.287502,0.51829094,-1,-1,-1
46,8527,328.25558,312.33493,65.58951,53.57306,0.25174013,-1,-1,-1
47,8522,48.333275,457.90762,99.53678,81.45987,0.67042875,-1,-1,-1
47,8523,587.4301,112.07644,36.901978,24.741493,0.81524456,-1,-1,-1
47,8524,621.06696,113.82279,36.710876,26.097221,0.83643264,-1,-1,-1
47,8525,55.162502,448.76242,76.57619,46.594513,0.744981,-1,-1,-1
47,8542,711.74316,71.6427,36.279602,24.35373,0.7616171,-1,-1,-1
47,8526,166.05351,414.1978,73.42169,50.847015,0.5493066,-1,-1,-1
47,8539,596.0191,91.01628,33.762573,22.875137,0.8195607,-1,-1,-1
47,8531,653.1465,83.354675,32.524292,23.162994,0.84435034,-1,-1,-1
47,8536,301.8527,313.51828,87.51196,50.533905,0.6108108,-1,-1,-1
47,8533,417.02975,152.96898,42.635162,26.858017,0.6276214,-1,-1,-1
47,8544,696.089,56.902565,33.58905,26.989388,0.74857366,-1,-1,-1
47,8527,322.5863,315.7362,69.8663,52.19702,0.30270582,-1,-1,-1
47,8558,735.9533,46.83425,28.79535,19.90168,0.39507058,-1,-1,-1
48,8522,47.29633,467.51965,101.77539,72.19702,0.5525255,-1,-1,-1
48,8523,584.2927,114.33063,36.832336,24.75978,0.7946996,-1,-1,-1
48,8524,617.15015,116.15262,37.216003,26.004837,0.82711774,-1,-1,-1
48,8525,53.92247,451.25824,77.2711,46.39801,0.7625303,-1,-1,-1
48,8542,706.68353,74.56086,36.278442,24.235634,0.439755,-1,-1,-1
48,8539,591.81116,93.82744,33.18274,22.682465,0.77517396,-1,-1,-1
48,8531,648.87836,85.38159,32.85431,23.426918,0.82918644,-1,-1,-1
48,8536,300.63782,315.90805,87.17334,51.279297,0.52779037,-1,-1,-1
48,8533,416.44556,155.55109,42.591278,26.624847,0.34816343,-1,-1,-1
48,8544,692.05695,58.89239,33.372925,27.05634,0.6761757,-1,-1,-1
48,8527,319.47208,318.18246,71.89407,52.230682,0.3029457,-1,-1,-1
48,8560,784.7092,0.39170083,68.03052,35.8145,0.44475365,-1,-1,-1
49,8522,48.39653,473.42474,102.22388,65.974365,0.596373,-1,-1,-1
49,8523,581.0755,116.397125,35.71521,24.754578,0.81492686,-1,-1,-1
49,8524,613.4684,118.677765,36.191223,25.544891,0.8406288,-1,-1,-1
49,8525,53.2913,453.7464,76.56099,46.588165,0.62292403,-1,-1,-1
49,8542,702.3055,76.85995,35.595398,23.83574,0.616448,-1,-1,-1
49,8539,587.1829,96.3896,33.064148,22.417648,0.77058583,-1,-1,-1
49,8531,645.0978,87.76143,31.618042,23.263588,0.8310764,-1,-1,-1
49,8536,299.12878,318.52747,87.34241,52.33716,0.538285,-1,-1,-1
49,8533,415.54858,158.3739,42.948547,26.621017,0.80141455,-1,-1,-1
49,8544,688.2077,61.06764,33.730103,27.122303,0.7489888,-1,-1,-1
49,8527,321.29575,321.68893,68.85983,51.567078,0.34067643,-1,-1,-1
49,8540,377.38596,99.03365,37.636383,19.470581,0.49539602,-1,-1,-1
49,8526,164.80577,419.1703,72.130936,53.21524,0.51102984,-1,-1,-1
49,8558,726.9716,51.81015,27.638306,19.76107,0.54333633,-1,-1,-1
50,8522,51.12722,477.94565,98.547356,61.598175,0.61825347,-1,-1,-1
50,8523,578.5285,119.17617,35.770386,24.553871,0.80633503,-1,-1,-1
50,8524,610.1252,120.9916,35.84253,25.531105,0.8379362,-1,-1,-1
50,8525,52.71957,456.00555,75.652695,47.239502,0.6546941,-1,-1,-1
50,8542,698.0526,79.08733,35.91687,23.713997,0.7519443,-1,-1,-1
50,8539,583.0832,99.45887,33.216614,22.415588,0.8219294,-1,-1,-1
50,8531,642.0065,89.76091,30.7594,23.627052,0.8368951,-1,-1,-1
50,8536,297.58786,321.12415,87.78281,52.06534,0.7186999,-1,-1,-1
50,8533,415.24268,161.5894,42.88205,25.47734,0.80221516,-1,-1,-1
50,8544,683.94965,64.12731,33.233093,26.20642,0.7385288,-1,-1,-1
50,8527,320.92667,323.5508,67.92981,51.58658,0.46397585,-1,-1,-1
50,8540,373.849,102.283485,36.462585,18.29216,0.36257327,-1,-1,-1
50,8526,163.61177,422.57553,73.28479,52.11725,0.49927092,-1,-1,-1
50,8558,722.37775,54.218124,28.129517,19.014458,0.6206971,-1,-1,-1
51,8522,52.501595,481.8228,97.54992,57.573547,0.4680735,-1,-1,-1
51,8523,576.1347,120.774765,34.907043,25.055756,0.7839503,-1,-1,-1
51,8524,606.9583,123.33333,35.02594,25.538269,0.8402345,-1,-1,-1
51,8525,52.30246,458.4323,75.97882,47.172363,0.48782912,-1,-1,-1
51,8542,693.9654,81.74794,35.36493,23.317596,0.7460633,-1,-1,-1
51,8539,579.8831,102.0734,32.88617,22.295074,0.81256396,-1,-1,-1
51,8531,638.57764,92.12178,31.53302,23.451988,0.831512,-1,-1,-1
51,8536,298.91025,323.06638,87.03073,52.873047,0.7106191,-1,-1,-1
51,8533,414.9181,164.49585,42.3674,25.488785,0.8329851,-1,-1,-1
51,8544,679.9295,66.79505,33.10663,25.804726,0.49280432,-1,-1,-1
51,8540,370.1754,104.708046,36.073334,18.497047,0.74732953,-1,-1,-1
51,8526,161.18993,425.3968,75.538025,52.130096,0.41361406,-1,-1,-1
51,8558,718.9756,56.983337,28.05072,18.972778,0.7531202,-1,-1,-1
52,8522,53.766125,481.20175,100.16174,58.166473,0.39355797,-1,-1,-1
52,8523,573.3028,123.5069,34.841187,24.534348,0.8320124,-1,-1,-1
52,8524,603.55695,125.67132,35.768677,25.315285,0.8456332,-1,-1,-1
52,8525,50.67113,460.8342,78.377686,46.842163,0.33279896,-1,-1,-1
52,8542,690.3874,84.3103,34.834106,23.187302,0.7212008,-1,-1,-1
52,8539,576.65375,104.23296,32.74829,22.815613,0.7915219,-1,-1,-1
52,8531,635.4427,94.25218,31.001465,23.168015,0.83300406,-1,-1,-1
52,8536,306.8399,325.38742,77.70947,52.75589,0.5962798,-1,-1,-1
52,8533,414.4902,167.2496,42.374786,24.862976,0.8388763,-1,-1,-1
52,8544,676.3984,69.15209,32.65204,25.571114,0.82732934,-1,-1,-1
52,8540,366.8655,106.99057,36.19696,18.607574,0.60130876,-1,-1,-1
52,8558,715.03955,58.87393,27.003784,19.654068,0.66514343,-1,-1,-1
52,8561,729.93774,67.04645,30.097351,20.224052,0.44047844,-1,-1,-1
53,8522,54.117764,480.60983,105.44861,58.789642,0.27822116,-1,-1,-1
53,8523,570.5961,125.77243,33.93341,24.51738,0.78879017,-1,-1,-1
53,8524,600.5745,127.70024,35.270813,25.628906,0.8232193,-1,-1,-1
53,8525,50.9242,464.2818,71.56944,46.682587,0.28020898,-1,-1,-1
53,8542,686.49255,86.157585,35.285522,23.685493,0.80393565,-1,-1,-1
53,8539,572.39594,106.88395,32.862915,23.010002,0.7619418,-1,-1,-1
53,8531,632.2275,96.51269,30.526001,23.1492,0.82563365,-1,-1,-1
53,8536,298.16525,327.04187,83.62927,51.603455,0.501734,-1,-1,-1
53,8533,414.06403,169.67448,42.304413,24.600082,0.8053055,-1,-1,-1
53,8544,672.85864,71.44161,32.69635,25.29322,0.8128934,-1,-1,-1
53,8540,363.54462,109.59934,35.603027,18.382874,0.7780129,-1,-1,-1
53,8558,711.2115,61.32454,26.724731,19.602753,0.74719554,-1,-1,-1
53,8561,726.47815,68.85018,28.925293,21.029617,0.41131055,-1,-1,-1
54,8523,568.14905,128.08945,34.156433,24.09871,0.7896951,-1,-1,-1
54,8524,597.40314,129.80614,35.187317,25.971222,0.8247723,-1,-1,-1
54,8525,50.466156,466.09277,73.302246,48.226868,0.3408668,-1,-1,-1
54,8542,682.8032,89.079544,34.35266,22.955742,0.81172836,-1,-1,-1
54,8539,568.86487,109.39511,33.174255,22.944489,0.80445516,-1,-1,-1
54,8531,629.34155,99.11408,29.895874,22.85685,0.8316968,-1,-1,-1
54,8536,293.31516,328.8019,88.01483,51.332977,0.5019498,-1,-1,-1
54,8533,414.31827,172.30605,42.025146,24.660095,0.8260268,-1,-1,-1
54,8544,670.0316,73.86278,32.104614,24.514084,0.7826813,-1,-1,-1
54,8540,359.95013,112.01722,35.469482,18.426949,0.75638396,-1,-1,-1
54,8558,707.6561,64.038506,26.827148,19.185776,0.7966382,-1,-1,-1
54,8561,721.86334,71.8035,28.937439,20.281105,0.43600845,-1,-1,-1
54,8563,954.10956,0.19556253,27.066467,16.819471,0.56105417,-1,-1,-1
54,8526,158.90561,432.68805,73.859055,51.855896,0.27231547,-1,-1,-1
55,8523,565.3752,130.25572,34.53296,24.114792,0.79777175,-1,-1,-1
55,8524,594.59424,132.3019,34.411255,25.737503,0.8324019,-1,-1,-1
55,8525,49.562656,468.21286,75.972275,48.977753,0.5614621,-1,-1,-1
55,8542,679.17523,91.22255,33.97229,23.079681,0.77621186,-1,-1,-1
55,8539,565.7992,112.38935,33.018616,22.378838,0.8329043,-1,-1,-1
55,8531,626.364,101.30421,29.953735,22.897614,0.82580924,-1,-1,-1
55,8536,290.91803,330.6843,87.92639,51.03015,0.54792005,-1,-1,-1
55,8533,414.65436,174.71423,41.693756,24.55156,0.78853947,-1,-1,-1
55,8544,666.8315,75.97168,31.688354,25.06057,0.8030951,-1,-1,-1
55,8540,355.97803,114.084816,35.982086,18.672523,0.25608003,-1,-1,-1
55,8558,703.9808,66.282845,25.891907,19.052513,0.59319603,-1,-1,-1
55,8563,950.20795,0.40684593,25.859436,18.153946,0.39458033,-1,-1,-1
55,8564,876.9456,0.25838274,27.440063,18.321554,0.4945066,-1,-1,-1
55,8527,316.13956,331.32275,68.06033,53.280914,0.26063952,-1,-1,-1
56,8523,562.83356,132.1837,33.909485,24.66719,0.7940763,-1,-1,-1
56,8524,591.38153,134.75578,34.356995,25.596924,0.84288675,-1,-1,-1
56,8525,49.75153,470.5233,72.148575,49.073456,0.40323487,-1,-1,-1
56,8542,675.88855,93.29083,33.999634,23.383888,0.8069804,-1,-1,-1
56,8539,562.7107,115.004295,32.588867,21.95948,0.79280233,-1,-1,-1
56,8531,623.5046,103.57102,30.512756,22.907715,0.8452745,-1,-1,-1
56,8536,289.76733,332.71826,87.7247,50.660553,0.6945864,-1,-1,-1
56,8533,414.6599,177.32646,41.727478,24.66861,0.84401995,-1,-1,-1
56,8544,663.4358,77.99686,31.482178,25.078392,0.78314745,-1,-1,-1
56,8540,353.0349,116.80352,35.628418,18.532082,0.48127666,-1,-1,-1
56,8558,700.45026,68.43579,26.416443,19.038696,0.67964876,-1,-1,-1
56,8563,945.8525,2.2326643,25.362244,18.410208,0.6411244,-1,-1,-1
56,8564,872.1343,0.6117659,26.976807,20.618471,0.6008244,-1,-1,-1
56,8527,311.17938,333.9239,70.4111,52.664124,0.4786024,-1,-1,-1
56,8561,713.749,75.71373,29.563171,21.478378,0.27961692,-1,-1,-1
56,8526,159.85426,437.68954,72.40715,51.340424,0.39276743,-1,-1,-1
57,8523,560.5587,134.21391,34.011658,24.752625,0.784342,-1,-1,-1
57,8524,588.7343,137.09142,34.237976,25.489227,0.8435034,-1,-1,-1
57,8525,49.473816,472.8464,71.76716,49.746002,0.35996035,-1,-1,-1
57,8542,672.86646,95.849365,33.01776,23.200066,0.8202167,-1,-1,-1
57,8539,559.03076,117.52583,33.34192,22.261337,0.7555632,-1,-1,-1
57,8531,621.10034,105.800316,30.08313,22.786964,0.83055574,-1,-1,-1
57,8536,288.7926,334.2388,88.00168,50.565125,0.6364198,-1,-1,-1
57,8533,414.71127,179.71051,41.865967,24.55191,0.83308053,-1,-1,-1
57,8544,660.734,80.28594,31.057678,25.269554,0.8168739,-1,-1,-1
57,8540,350.04315,118.938156,35.656067,18.640472,0.49828458,-1,-1,-1
57,8558,697.0669,70.95072,26.201233,19.034576,0.77507204,-1,-1,-1
57,8563,942.4064,5.018337,25.465088,17.885656,0.7539866,-1,-1,-1
57,8564,866.75006,2.3651264,26.999634,21.155737,0.67692965,-1,-1,-1
57,8527,312.1681,336.07535,67.56287,52.489685,0.51767355,-1,-1,-1
58,8523,558.517,136.17073,33.630127,24.901245,0.7759727,-1,-1,-1
58,8524,585.78107,139.05208,34.649475,25.808838,0.8451236,-1,-1,-1
58,8542,669.0823,97.60041,33.48407,23.664612,0.7827519,-1,-1,-1
58,8539,555.6799,120.270386,33.732117,22.195358,0.74697644,-1,-1,-1
58,8531,618.52466,108.24867,29.976501,22.487885,0.83071095,-1,-1,-1
58,8536,287.86157,336.25378,88.25278,50.074585,0.25488696,-1,-1,-1
58,8533,414.94244,182.15126,42.18286,24.079239,0.69538736,-1,-1,-1
58,8544,657.7914,82.32613,30.97699,25.442657,0.82520115,-1,-1,-1
58,8540,347.05316,121.09067,35.431854,18.608307,0.56679046,-1,-1,-1
58,8558,694.3246,73.31814,25.4375,18.62297,0.69863474,-1,-1,-1
58,8563,939.2701,7.4059134,23.725098,16.762115,0.7074805,-1,-1,-1
58,8564,861.89026,4.966593,26.526855,21.673859,0.5824008,-1,-1,-1
58,8561,706.9796,81.00796,29.351318,20.450958,0.43983427,-1,-1,-1
59,8523,555.9196,138.40042,33.464966,24.69577,0.6611935,-1,-1,-1
59,8524,583.31525,141.33878,34.420105,25.749664,0.81805104,-1,-1,-1
59,8542,665.83575,100.54462,33.13141,23.025429,0.7892808,-1,-1,-1
59,8539,553.02185,122.5612,33.109802,22.005432,0.65584505,-1,-1,-1
59,8531,616.15955,110.08405,29.826172,22.685844,0.8371366,-1,-1,-1
59,8536,286.70483,338.762,88.8515,50.687744,0.33385137,-1,-1,-1
59,8533,414.6479,184.41437,43.099274,24.611649,0.8033137,-1,-1,-1
59,8544,655.05597,84.47913,30.60382,25.416069,0.82415724,-1,-1,-1
59,8540,343.56464,123.573296,35.56726,18.667519,0.5408874,-1,-1,-1
59,8558,691.31903,75.67404,24.826416,18.558258,0.7697349,-1,-1,-1
59,8563,935.12085,9.454227,23.538086,16.341135,0.6263996,-1,-1,-1
59,8564,856.98285,7.457303,26.569885,21.814735,0.6721359,-1,-1,-1
59,8561,704.02454,83.61349,29.37207,20.61866,0.6000689,-1,-1,-1
60,8523,552.8434,140.55994,33.67737,24.668869,0.6875186,-1,-1,-1
60,8524,581.3085,143.61696,33.80957,25.50763,0.8351632,-1,-1,-1
60,8542,662.9911,103.54871,32.893555,22.072792,0.84225625,-1,-1,-1
60,8539,550.13965,125.07903,33.37372,22.221306,0.68687034,-1,-1,-1
60,8531,613.1714,112.39137,29.767395,22.57135,0.83386594,-1,-1,-1
60,8536,287.21045,340.8118,86.25986,50.233856,0.473609,-1,-1,-1
60,8533,415.0943,186.81288,43.13913,24.390076,0.8147103,-1,-1,-1
60,8544,652.2537,86.75899,30.89978,24.729233,0.8214364,-1,-1,-1
60,8540,340.74033,126.159,35.626404,18.434586,0.62987447,-1,-1,-1
60,8558,688.15485,78.06225,25.854614,18.380913,0.7476998,-1,-1,-1
60,8563,931.749,11.122407,24.23413,16.64579,0.6880752,-1,-1,-1
60,8564,851.82477,10.767739,27.193542,21.13625,0.44975194,-1,-1,-1
60,8561,701.12506,86.64336,28.195679,19.48825,0.46634623,-1,-1,-1
61,8523,550.97974,142.35796,34.625,24.857956,0.6243481,-1,-1,-1
61,8524,578.9542,145.78673,33.71411,25.543396,0.82120377,-1,-1,-1
61,8542,659.7645,105.11658,32.916504,22.505379,0.7891402,-1,-1,-1
61,8539,548.02277,127.62213,33.603943,22.39798,0.30561537,-1,-1,-1
61,8531,611.30865,114.07762,28.776611,22.713745,0.8393449,-1,-1,-1
61,8536,286.40958,342.5129,87.02768,50.62674,0.42150417,-1,-1,-1
61,8533,415.48868,189.27223,42.960175,24.081024,0.8206888,-1,-1,-1
61,8544,649.28796,89.2777,30.953613,24.550224,0.8317896,-1,-1,-1
61,8540,337.974,128.78021,35.38144,17.989822,0.6189505,-1,-1,-1
61,8558,684.9419,80.20893,26.471191,18.118217,0.7613952,-1,-1,-1
61,8563,928.8274,13.042435,24.087708,16.518976,0.65017796,-1,-1,-1
61,8564,847.65515,13.09918,26.652405,21.331217,0.39233547,-1,-1,-1
61,8561,697.7114,88.705696,27.588379,19.692757,0.49774814,-1,-1,-1
61,8565,889.1711,0.26111823,21.345764,14.463693,0.51190317,-1,-1,-1
61,8525,49.16907,480.45767,74.605774,51.132477,0.29164022,-1,-1,-1
62,8523,548.528,144.18367,34.62433,25.201294,0.5469896,-1,-1,-1
62,8524,576.68536,148.29288,33.057434,25.14215,0.8102708,-1,-1,-1
62,8542,657.01306,107.79106,32.986877,22.305298,0.70641816,-1,-1,-1
62,8539,545.2632,129.49686,33.277832,23.29918,0.50506073,-1,-1,-1
62,8531,608.56024,116.17228,29.499268,22.776405,0.8121669,-1,-1,-1
62,8536,284.53607,344.45493,86.08829,50.64264,0.4857904,-1,-1,-1
62,8533,415.93393,191.5696,42.780487,24.219315,0.84677964,-1,-1,-1
62,8544,646.7477,91.100044,31.15802,24.64376,0.7925102,-1,-1,-1
62,8540,335.4399,131.0553,35.17627,18.14418,0.5975285,-1,-1,-1
62,8558,682.36633,82.29588,26.17163,18.086418,0.7598065,-1,-1,-1
62,8563,925.3778,14.740397,23.25122,16.14793,0.6355848,-1,-1,-1
62,8564,843.5797,15.851857,26.12091,20.70956,0.5714364,-1,-1,-1
62,8561,694.685,90.79834,27.739075,19.903404,0.61485434,-1,-1,-1
62,8565,884.93964,1.4288383,20.118225,15.455898,0.643692,-1,-1,-1
63,8523,545.80334,144.47462,34.04486,26.456985,0.3468502,-1,-1,-1
63,8524,574.8224,150.38292,32.610107,24.931366,0.8359995,-1,-1,-1
63,8542,654.4251,109.74527,32.328125,22.678894,0.7694504,-1,-1,-1
63,8539,542.15564,132.1179,33.363586,23.097992,0.3037551,-1,-1,-1
63,8531,606.54846,118.022865,29.532898,22.796425,0.82283455,-1,-1,-1
63,8536,284.03375,346.00644,85.26178,50.74167,0.64357847,-1,-1,-1
63,8533,417.2501,193.79747,42.432434,23.924255,0.79410213,-1,-1,-1
63,8544,644.43964,93.34717,30.915283,24.381508,0.79654515,-1,-1,-1
63,8540,332.24597,132.78842,35.392456,18.371628,0.40383503,-1,-1,-1
63,8558,679.2332,84.22428,25.389221,18.943794,0.7634173,-1,-1,-1
63,8563,921.84644,16.272552,23.170044,16.270966,0.67695993,-1,-1,-1
63,8564,839.0816,18.650341,26.698425,20.951382,0.4291156,-1,-1,-1
63,8561,692.02875,93.23303,27.61206,19.298424,0.5556919,-1,-1,-1
63,8565,880.795,3.6790898,20.443237,16.233665,0.42690817,-1,-1,-1
63,8527,306.85703,347.13818,68.22836,52.574554,0.44321063,-1,-1,-1
63,8525,48.627552,484.48828,76.14369,50.648865,0.26047632,-1,-1,-1
64,8523,544.8803,147.34341,33.804688,25.30223,0.7060531,-1,-1,-1
64,8524,572.6309,152.34547,32.287903,25.143051,0.8486932,-1,-1,-1
64,8542,652.0718,111.73571,31.974792,22.504005,0.8287617,-1,-1,-1
64,8539,539.28,134.46028,33.25531,22.791962,0.7215122,-1,-1,-1
64,8531,604.51953,120.00565,29.006775,22.714546,0.84788287,-1,-1,-1
64,8536,283.65942,347.35663,82.697296,51.22458,0.5580029,-1,-1,-1
64,8533,418.54852,196.07594,41.900757,23.672531,0.7985643,-1,-1,-1
64,8544,641.9858,95.86649,30.363647,24.305359,0.8342616,-1,-1,-1
64,8540,329.22772,134.91951,36.11508,18.655396,0.43259844,-1,-1,-1
64,8558,677.04236,86.28002,24.586182,18.40203,0.72348005,-1,-1,-1
64,8563,919.1234,18.0708,24.04303,16.371151,0.7979555,-1,-1,-1
64,8564,835.44446,21.146593,25.893555,20.893816,0.6128352,-1,-1,-1
64,8561,689.0765,95.02456,27.690308,19.630493,0.56082326,-1,-1,-1
64,8565,876.55164,6.421107,19.521912,16.24002,0.6470186,-1,-1,-1
64,8527,308.5886,348.63113,65.75928,52.675415,0.3921178,-1,-1,-1
64,8525,48.779037,486.16403,71.533,50.068695,0.37730682,-1,-1,-1
65,8523,543.1374,149.86739,34.11798,24.645523,0.63131535,-1,-1,-1
65,8524,570.52655,154.42549,32.583862,24.818573,0.81419736,-1,-1,-1
65,8542,649.07794,114.467964,31.32257,22.243538,0.6667719,-1,-1,-1
65,8539,537.0641,136.80717,33.13214,22.898071,0.74074876,-1,-1,-1
65,8531,602.5877,122.169586,29.190735,22.340805,0.8446173,-1,-1,-1
65,8536,283.06363,349.11438,84.49457,51.059875,0.59408724,-1,-1,-1
65,8533,419.00278,198.24973,42.37796,23.687622,0.8484746,-1,-1,-1
65,8544,639.6829,97.770874,30.341919,24.588615,0.8127711,-1,-1,-1
65,8540,327.29156,137.4138,35.43039,18.19783,0.3642266,-1,-1,-1
65,8558,674.6507,88.140205,24.954163,18.932526,0.76761144,-1,-1,-1
65,8563,916.2668,19.746655,23.456787,16.424,0.6950139,-1,-1,-1
65,8564,831.10583,23.631157,26.08496,20.684895,0.2756664,-1,-1,-1
65,8561,685.6835,97.53311,27.829712,19.660362,0.5065149,-1,-1,-1
65,8565,871.5527,9.4136,20.03241,15.635224,0.5087696,-1,-1,-1
65,8527,311.34723,351.5505,62.694702,51.182037,0.3142326,-1,-1,-1
65,8567,785.0138,49.887188,25.859863,18.077602,0.5371955,-1,-1,-1
66,8523,541.926,152.36096,34.0083,23.774261,0.7163039,-1,-1,-1
66,8524,568.62177,156.27968,32.783813,24.972092,0.840292,-1,-1,-1
66,8542,646.74994,116.57093,31.15863,22.26281,0.8181754,-1,-1,-1
66,8539,534.94696,139.17548,32.628662,22.295639,0.76471454,-1,-1,-1
66,8531,600.45605,124.49783,28.690125,22.219711,0.82996505,-1,-1,-1
66,8536,283.74268,351.63812,85.16507,50.96338,0.42406562,-1,-1,-1
66,8533,419.13162,200.03961,43.39679,23.811905,0.85619175,-1,-1,-1
66,8544,637.5568,100.03773,30.29364,23.980904,0.8243023,-1,-1,-1
66,8558,672.0945,90.63231,25.043396,18.785957,0.7885463,-1,-1,-1
66,8563,913.2753,21.365698,23.581482,16.540907,0.6369739,-1,-1,-1
66,8561,683.4832,100.13307,27.46814,19.222435,0.63031614,-1,-1,-1
66,8565,867.50757,11.887324,20.440613,15.686976,0.67865694,-1,-1,-1
66,8527,313.43124,353.0888,59.783905,50.948883,0.48510587,-1,-1,-1
66,8567,782.7751,51.75209,25.333496,18.019218,0.32222307,-1,-1,-1
66,8525,48.792145,490.09952,79.980804,47.63382,0.27265126,-1,-1,-1
67,8523,539.85425,153.88771,33.886414,24.044739,0.7897431,-1,-1,-1
67,8524,566.6758,158.4111,32.29895,24.937378,0.818879,-1,-1,-1
67,8542,643.9564,118.22714,31.76947,22.683975,0.8112108,-1,-1,-1
67,8539,532.29,141.36281,32.66919,22.297043,0.74667025,-1,-1,-1
67,8531,598.8149,126.48754,28.247559,22.20617,0.84470385,-1,-1,-1
67,8536,282.4725,352.80997,86.11847,50.694977,0.61441207,-1,-1,-1
67,8533,420.47742,202.02167,42.86313,23.500946,0.861769,-1,-1,-1
67,8544,635.61163,102.09565,29.951477,24.2191,0.82933843,-1,-1,-1
67,8558,669.8977,92.59374,25.163635,18.368141,0.73459077,-1,-1,-1
67,8563,910.7173,23.189297,23.224792,16.638496,0.6990049,-1,-1,-1
67,8561,680.8584,102.05923,27.92871,19.244568,0.51235783,-1,-1,-1
67,8565,863.3751,14.654823,19.944397,15.914797,0.67605203,-1,-1,-1
67,8527,308.12256,353.8573,63.42099,51.293854,0.5360238,-1,-1,-1
67,8567,779.4283,54.45324,24.966309,18.137955,0.5357059,-1,-1,-1
67,8540,321.56262,141.50218,36.02652,18.171768,0.314267,-1,-1,-1
67,8564,823.973,28.520315,25.9505,20.300367,0.71726024,-1,-1,-1
68,8523,537.35614,154.78783,36.03247,25.384125,0.6121093,-1,-1,-1
68,8524,564.7398,160.37048,32.71991,24.974152,0.8239509,-1,-1,-1
68,8542,641.4877,120.77189,31.716492,22.318626,0.656306,-1,-1,-1
68,8539,531.2179,144.01457,33.218994,22.711227,0.46919155,-1,-1,-1
68,8531,596.72974,128.52927,29.125488,22.109024,0.8441185,-1,-1,-1
68,8536,281.58438,353.9563,86.7301,50.911194,0.41890743,-1,-1,-1
68,8533,420.82556,203.93396,43.205017,23.529816,0.85380566,-1,-1,-1
68,8544,633.4164,104.07276,30.344177,24.015312,0.7467305,-1,-1,-1
68,8558,667.801,94.66239,25.243652,18.626823,0.53314114,-1,-1,-1
68,8563,908.38965,25.347202,22.445007,15.820583,0.6365511,-1,-1,-1
68,8565,859.81287,17.261744,20.135132,16.23517,0.43813387,-1,-1,-1
68,8527,309.19177,355.32623,63.042816,51.28836,0.32810757,-1,-1,-1
68,8540,319.18314,143.47432,36.016052,18.09822,0.3003883,-1,-1,-1
68,8564,820.6754,30.770887,26.10382,20.816427,0.2924239,-1,-1,-1
69,8523,536.467,157.37408,35.176025,25.019653,0.63393164,-1,-1,-1
69,8524,563.2112,162.49489,32.28589,25.063507,0.85427266,-1,-1,-1
69,8542,639.68396,122.88851,31.424133,22.104118,0.84800464,-1,-1,-1
69,8539,528.8199,146.09752,32.310913,22.5569,0.55253094,-1,-1,-1
69,8531,595.1647,130.22495,29.367188,22.411392,0.83562225,-1,-1,-1
69,8536,280.48907,355.7756,87.380005,50.588745,0.26061803,-1,-1,-1
69,8533,421.93738,205.95114,43.044434,23.61731,0.8354034,-1,-1,-1
69,8544,631.8569,106.32021,29.88208,23.201408,0.8019495,-1,-1,-1
69,8558,665.5734,97.12442,24.253052,18.16877,0.72610366,-1,-1,-1
69,8563,906.2461,26.952879,22.128113,15.481268,0.60778296,-1,-1,-1
69,8565,856.1116,19.531694,20.343323,16.03924,0.72764593,-1,-1,-1
69,8564,817.58374,33.103207,25.95105,20.665386,0.5468842,-1,-1,-1
69,8525,50.342796,494.47586,76.74978,44.71884,0.2608533,-1,-1,-1
69,8561,676.2384,106.75118,28.174072,18.49118,0.5706309,-1,-1,-1
69,8567,773.2998,59.79112,24.501343,17.222073,0.463839,-1,-1,-1
70,8523,535.33606,159.01097,34.76947,25.331314,0.5014274,-1,-1,-1
70,8524,561.8061,164.44832,31.707214,24.885117,0.8321831,-1,-1,-1
70,8542,637.3789,125.108765,31.525513,21.85289,0.7867115,-1,-1,-1
70,8539,526.406,148.0956,32.309082,22.951248,0.51584107,-1,-1,-1
70,8531,593.0892,132.32967,29.733093,22.182312,0.848697,-1,-1,-1
70,8536,280.69583,357.52298,85.6293,50.07074,0.43407425,-1,-1,-1
70,8533,423.44656,207.79291,42.684906,23.479324,0.8073773,-1,-1,-1
70,8544,630.0547,108.2924,29.392517,23.851784,0.81799936,-1,-1,-1
70,8558,663.76807,98.960464,23.893372,17.738327,0.6162883,-1,-1,-1
70,8563,903.9114,28.559874,22.488037,15.454763,0.29238018,-1,-1,-1
70,8565,852.4467,22.286175,20.22644,15.821407,0.28532487,-1,-1,-1
70,8564,814.09125,35.42403,26.068115,20.323963,0.32304695,-1,-1,-1
70,8561,674.1735,108.76183,28.265137,18.511414,0.42723218,-1,-1,-1
70,8567,770.4181,61.90295,24.46167,17.057903,0.43360177,-1,-1,-1
70,8527,311.9672,360.5878,62.036194,49.24051,0.5084142,-1,-1,-1
71,8523,534.21643,160.11794,34.49414,25.587463,0.5527524,-1,-1,-1
71,8524,560.1031,165.67421,32.150085,25.19873,0.83292365,-1,-1,-1
71,8542,635.0449,127.24278,31.210999,21.695068,0.7830534,-1,-1,-1
71,8539,525.38336,151.52007,35.002625,23.507416,0.367255,-1,-1,-1
71,8531,592.22406,133.82967,28.887573,22.143631,0.84878755,-1,-1,-1
71,8536,280.56686,358.58765,84.77844,50.05414,0.57974994,-1,-1,-1
71,8533,424.87875,209.91454,42.838898,23.063538,0.8313692,-1,-1,-1
71,8544,628.3224,109.7433,29.394043,24.126465,0.840932,-1,-1,-1
71,8558,662.19617,100.56231,24.36377,17.758873,0.7443371,-1,-1,-1
71,8565,849.3481,24.529612,19.192566,15.776506,0.5663057,-1,-1,-1
71,8564,810.9503,37.484562,25.655518,20.716244,0.38056356,-1,-1,-1
71,8561,671.1807,110.54861,27.815552,18.578575,0.58843654,-1,-1,-1
71,8567,767.1919,63.99117,24.20044,17.040615,0.63059163,-1,-1,-1
71,8527,313.49133,361.10464,60.120728,50.50107,0.49452245,-1,-1,-1
71,8540,313.59738,149.0769,36.382477,18.262344,0.25745985,-1,-1,-1
72,8523,533.4066,162.41254,33.92993,24.932343,0.6407871,-1,-1,-1
72,8524,558.3756,167.60506,32.112732,25.172852,0.82649064,-1,-1,-1
72,8542,632.69525,129.18118,31.11908,21.644073,0.8228799,-1,-1,-1
72,8539,523.04614,152.97421,32.877197,22.578201,0.4027552,-1,-1,-1
72,8531,590.62994,135.69714,28.59668,21.789734,0.83710825,-1,-1,-1
72,8536,280.10208,359.8466,85.210175,50.017242,0.62453216,-1,-1,-1
72,8533,426.0895,211.58313,42.57544,23.028168,0.833836,-1,-1,-1
72,8544,626.4206,111.74027,29.581665,23.596275,0.8174947,-1,-1,-1
72,8558,660.08575,103.08416,24.07959,17.645416,0.76244444,-1,-1,-1
72,8565,845.8255,26.748926,19.381836,15.688086,0.5493271,-1,-1,-1
72,8561,669.5592,112.958466,26.835022,17.853638,0.7456234,-1,-1,-1
72,8567,764.9697,66.113754,23.981567,16.738464,0.45384237,-1,-1,-1
72,8527,313.18076,361.79245,60.121216,51.320404,0.4059063,-1,-1,-1
72,8563,899.96716,31.726967,21.062683,15.112061,0.287407,-1,-1,-1
73,8523,532.59424,164.29947,33.691895,24.755783,0.7118438,-1,-1,-1
73,8524,557.0327,169.13222,32.24347,25.423569,0.8424289,-1,-1,-1
73,8542,630.58484,130.6417,31.70996,21.985886,0.82604545,-1,-1,-1
73,8539,521.073,154.33235,32.546936,22.59967,0.40019733,-1,-1,-1
73,8531,589.6954,137.63243,27.878662,21.791138,0.8410532,-1,-1,-1
73,8536,280.06967,361.07352,85.61716,49.31012,0.6139271,-1,-1,-1
73,8533,427.21024,213.3994,43.107727,22.925705,0.84509593,-1,-1,-1
73,8544,625.095,113.47156,29.332336,23.410843,0.84570414,-1,-1,-1
73,8558,658.5568,104.98788,23.614624,17.39994,0.78116244,-1,-1,-1
73,8565,842.6113,29.216589,19.953613,15.768702,0.4131987,-1,-1,-1
73,8561,667.88635,114.67703,26.597046,18.314758,0.7438186,-1,-1,-1
73,8567,762.06006,68.22479,23.64978,16.595322,0.6468764,-1,-1,-1
73,8527,309.01196,363.00903,63.58493,50.797363,0.43002066,-1,-1,-1
73,8563,897.93744,33.394062,20.428284,14.648579,0.45117652,-1,-1,-1
73,8564,805.28394,42.0069,25.282166,20.065777,0.59049696,-1,-1,-1
74,8523,530.6465,165.44675,35.220764,25.18721,0.6097781,-1,-1,-1
74,8524,555.5135,170.6076,32.175232,25.435013,0.75436723,-1,-1,-1
74,8542,628.8353,132.61768,31.555908,22.063477,0.7611318,-1,-1,-1
74,8531,588.5715,139.18898,28.463806,22.095184,0.80247074,-1,-1,-1
74,8536,280.5268,362.16583,84.79245,49.250946,0.4208104,-1,-1,-1
74,8533,428.95438,215.0042,42.753693,22.578033,0.81824654,-1,-1,-1
74,8544,623.6915,115.42805,29.214111,23.400505,0.83288485,-1,-1,-1
74,8558,656.8262,106.859924,24.523743,16.971458,0.74102813,-1,-1,-1
74,8565,839.7044,31.424656,19.927368,16.140099,0.3779863,-1,-1,-1
74,8561,665.7765,115.89893,26.822083,18.79528,0.5544191,-1,-1,-1
74,8567,759.96954,70.52162,23.055176,16.263214,0.47835213,-1,-1,-1
74,8527,303.65845,363.81372,68.79834,50.801086,0.39915478,-1,-1,-1
74,8563,896.2455,34.77502,20.305786,14.649776,0.33718893,-1,-1,-1
75,8523,528.82764,166.56516,35.84137,25.00203,0.54061764,-1,-1,-1
75,8524,553.8776,172.57509,32.510193,24.872467,0.7960498,-1,-1,-1
75,8542,627.27844,135.11092,31.49701,21.249985,0.7885804,-1,-1,-1
75,8531,587.0649,140.82036,28.79718,21.94075,0.7811846,-1,-1,-1
75,8536,280.44403,363.42664,86.993195,49.116577,0.28522366,-1,-1,-1
75,8533,430.8761,216.25836,43.219666,22.866364,0.7656115,-1,-1,-1
75,8544,622.2008,117.02081,29.418518,23.5876,0.8181617,-1,-1,-1
75,8558,655.18896,108.65363,24.856567,17.306381,0.65366465,-1,-1,-1
75,8565,836.9926,34.003498,19.109802,15.715153,0.365716,-1,-1,-1
75,8561,664.3602,118.37905,25.72992,17.89515,0.43333644,-1,-1,-1
75,8567,757.6494,72.15906,23.325623,16.924622,0.54789,-1,-1,-1
75,8527,307.27594,365.1645,65.13693,50.403687,0.2687567,-1,-1,-1
75,8563,894.6444,36.545383,20.049927,14.270161,0.44102472,-1,-1,-1
75,8564,799.8521,46.138744,25.022095,20.621151,0.25929806,-1,-1,-1
76,8523,529.0428,168.72475,35.0354,24.720657,0.71329117,-1,-1,-1
76,8524,552.72687,174.25899,32.87738,24.809174,0.85110205,-1,-1,-1
76,8542,625.84924,136.54535,31.54132,21.695328,0.83120716,-1,-1,-1
76,8531,585.8278,142.03902,28.838745,22.112793,0.82802814,-1,-1,-1
76,8536,280.49255,364.61752,87.16269,49.16922,0.4318827,-1,-1,-1
76,8533,432.48022,217.49135,42.60086,22.852936,0.83313036,-1,-1,-1
76,8544,620.715,119.1265,29.250488,22.674644,0.8112222,-1,-1,-1
76,8558,653.5967,110.378975,24.23761,17.347519,0.7363526,-1,-1,-1
76,8565,834.1182,36.002094,20.103699,15.727898,0.52973217,-1,-1,-1
76,8561,662.67206,120.02978,25.8833,17.985237,0.62672544,-1,-1,-1
76,8567,755.11993,74.04351,23.786316,16.97551,0.61702347,-1,-1,-1
76,8527,307.65564,366.20975,64.36151,50.38739,0.4055777,-1,-1,-1
76,8563,892.9139,37.710598,20.557678,14.600376,0.3315937,-1,-1,-1
76,8564,797.01154,48.29086,25.35791,20.030949,0.6883868,-1,-1,-1
76,8539,516.7732,160.77478,31.252136,21.799713,0.30171013,-1,-1,-1
77,8523,529.0803,170.30852,33.787598,24.374603,0.78313094,-1,-1,-1
77,8524,552.2951,176.29785,31.33435,24.102203,0.82480127,-1,-1,-1
77,8542,624.19617,138.38243,31.20514,21.58606,0.7551434,-1,-1,-1
77,8531,584.7587,143.44803,29.046692,22.309067,0.83003736,-1,-1,-1
77,8536,281.42728,366.01965,87.926636,49.914734,0.33643994,-1,-1,-1
77,8533,434.11517,218.83395,42.42398,23.04306,0.7641635,-1,-1,-1
77,8544,619.47327,120.72834,28.665894,22.275826,0.76339763,-1,-1,-1
77,8558,652.35406,111.90822,23.373657,17.255112,0.64096403,-1,-1,-1
77,8565,831.6331,37.744392,20.540405,15.722038,0.71055496,-1,-1,-1
77,8561,661.4084,122.175606,25.775818,17.771706,0.5422299,-1,-1,-1
77,8567,752.8384,75.99127,23.435364,16.881226,0.7717721,-1,-1,-1
77,8527,306.2563,366.82278,66.25125,50.59793,0.31947207,-1,-1,-1
77,8563,891.78394,39.204617,20.387268,14.46072,0.55573195,-1,-1,-1
77,8579,839.757,19.31455,19.825317,12.961218,0.53015167,-1,-1,-1
77,8539,515.2784,162.41383,30.838623,21.332657,0.41629347,-1,-1,-1
78,8523,528.33844,171.62926,33.159485,24.406189,0.7030874,-1,-1,-1
78,8524,551.5074,177.55806,30.999634,24.264542,0.79115945,-1,-1,-1
78,8542,623.00336,140.41434,30.69397,20.965973,0.7538133,-1,-1,-1
78,8531,583.3406,145.04701,29.288452,22.2379,0.82542646,-1,-1,-1
78,8533,435.5978,219.8646,42.249603,23.183578,0.73004055,-1,-1,-1
78,8544,618.73114,122.60298,28.365967,22.430466,0.8178876,-1,-1,-1
78,8558,651.2436,113.1643,24.09674,17.34948,0.46174458,-1,-1,-1
78,8565,828.8362,39.32719,20.000854,15.883274,0.6350547,-1,-1,-1
78,8561,658.92816,122.87815,26.12616,18.708458,0.3985908,-1,-1,-1
78,8567,751.0088,77.64731,22.906616,16.65969,0.7943169,-1,-1,-1
78,8563,890.9059,40.641396,19.765686,14.17992,0.3634634,-1,-1,-1
78,8539,514.0677,164.21642,30.765442,21.871765,0.42686397,-1,-1,-1
78,8564,792.4323,51.825348,25.55835,20.236176,0.4723393,-1,-1,-1
79,8523,528.66705,172.83978,31.848145,24.358765,0.7814675,-1,-1,-1
79,8524,550.71216,179.05704,30.9505,24.272049,0.82317114,-1,-1,-1
79,8542,621.5263,141.94023,30.53241,20.983643,0.83368117,-1,-1,-1
79,8531,582.7694,147.02739,28.857544,21.456635,0.8336383,-1,-1,-1
79,8533,437.8192,221.27913,42.106262,22.742508,0.75169945,-1,-1,-1
79,8544,617.4625,123.76274,28.345154,22.945084,0.84057504,-1,-1,-1
79,8558,650.2504,114.69844,24.242126,17.821548,0.63218814,-1,-1,-1
79,8565,826.2782,42.016914,20.258606,15.471893,0.64089596,-1,-1,-1
79,8561,657.3005,125.09295,25.60254,18.316902,0.6843267,-1,-1,-1
79,8567,748.80164,79.34929,23.5083,16.772049,0.79692984,-1,-1,-1
79,8563,889.60126,41.997627,19.269714,13.736347,0.25169423,-1,-1,-1
79,8539,513.0733,165.49245,30.768494,21.927902,0.65012634,-1,-1,-1
79,8564,790.2506,53.892666,25.708008,19.799381,0.65076053,-1,-1,-1
79,8579,833.0821,23.485794,19.174133,12.667149,0.4166722,-1,-1,-1
80,8523,527.98334,173.91655,32.03076,24.795273,0.7638254,-1,-1,-1
80,8524,549.28864,180.51,31.64746,24.342712,0.8427865,-1,-1,-1
80,8542,620.252,142.91077,30.29834,21.788254,0.8379014,-1,-1,-1
80,8531,581.55237,148.35912,29.090637,21.479996,0.81245786,-1,-1,-1
80,8533,439.45233,222.30171,42.30121,22.92546,0.6860417,-1,-1,-1
80,8544,616.2262,125.359215,28.632385,22.424538,0.8108002,-1,-1,-1
80,8558,648.91754,116.47363,24.11145,17.669937,0.33939555,-1,-1,-1
80,8565,824.1725,43.962303,19.667358,15.358013,0.6868642,-1,-1,-1
80,8561,656.2245,126.87944,25.75055,18.373566,0.48565897,-1,-1,-1
80,8567,747.24866,81.48457,22.91333,16.600357,0.7674888,-1,-1,-1
80,8539,511.9589,167.12123,30.674286,21.907852,0.5716949,-1,-1,-1
80,8579,831.00934,26.13026,20.187378,12.642193,0.6695752,-1,-1,-1
81,8523,527.2394,175.12698,32.29193,24.963654,0.83404344,-1,-1,-1
81,8524,548.1522,182.28082,32.17511,24.052063,0.844922,-1,-1,-1
81,8542,618.80994,144.44223,30.155334,22.187622,0.8422057,-1,-1,-1
81,8531,580.88696,149.73285,28.398376,21.661469,0.83495903,-1,-1,-1
81,8533,441.07257,223.28705,44.72235,22.762878,0.78393745,-1,-1,-1
81,8544,615.09155,127.01287,28.483643,22.189217,0.7984858,-1,-1,-1
81,8558,647.5536,117.695045,24.17566,17.944328,0.5167476,-1,-1,-1
81,8565,822.2396,45.937923,19.048706,15.262798,0.70553607,-1,-1,-1
81,8561,655.23114,128.57645,26.584473,18.216812,0.7077962,-1,-1,-1
81,8567,745.47504,83.426994,23.04773,16.44989,0.7731117,-1,-1,-1
81,8539,510.8166,169.10654,31.424744,21.748398,0.49242342,-1,-1,-1
81,8579,828.53046,28.003675,20.39331,13.081751,0.60364896,-1,-1,-1
81,8589,870.37476,11.061022,16.776917,12.1290245,0.5117673,-1,-1,-1
81,8564,785.7815,58.196754,25.683105,19.328568,0.41034177,-1,-1,-1
82,8523,526.25964,176.47093,32.722107,24.777374,0.7308883,-1,-1,-1
82,8524,547.78516,183.66057,31.964233,24.088425,0.83473843,-1,-1,-1
82,8542,617.825,146.1743,29.7406,22.034576,0.80722135,-1,-1,-1
82,8531,580.39856,151.658,27.600647,21.300232,0.8486665,-1,-1,-1
82,8533,442.5212,224.43031,46.604614,22.948318,0.78294593,-1,-1,-1
82,8544,614.49835,128.90005,28.059998,22.124664,0.8134504,-1,-1,-1
82,8558,646.62573,119.70523,24.206665,17.3611,0.5618234,-1,-1,-1
82,8565,820.0706,48.479237,19.313232,14.751736,0.69591737,-1,-1,-1
82,8561,653.7585,129.8838,26.891235,18.350723,0.49567446,-1,-1,-1
82,8567,743.7425,85.33088,23.188477,16.78592,0.7143576,-1,-1,-1
82,8539,510.1673,171.08202,31.067322,21.452621,0.42474025,-1,-1,-1
82,8579,825.54517,30.433498,21.214233,12.748272,0.66984713,-1,-1,-1
82,8589,868.2278,12.927649,16.643372,12.173695,0.565025,-1,-1,-1
82,8564,783.84686,59.832916,25.022034,19.490875,0.41952455,-1,-1,-1
82,8563,887.3603,46.53876,16.717285,12.549393,0.40812796,-1,-1,-1
83,8523,525.6316,178.08624,33.22113,24.259293,0.7168086,-1,-1,-1
83,8524,547.1978,184.91762,31.928772,24.318405,0.817888,-1,-1,-1
83,8542,617.0098,148.00682,29.48761,21.750336,0.8457364,-1,-1,-1
83,8531,580.0795,153.24696,27.463623,21.096222,0.8505626,-1,-1,-1
83,8533,444.47577,225.72173,47.252777,23.043167,0.82788414,-1,-1,-1
83,8544,613.4564,130.10893,28.31549,22.560349,0.83053666,-1,-1,-1
83,8558,646.1652,121.51475,24.421265,17.256187,0.6259237,-1,-1,-1
83,8565,818.6153,50.07565,18.900513,14.766857,0.7561951,-1,-1,-1
83,8561,652.8891,131.94073,26.525208,17.699265,0.38211218,-1,-1,-1
83,8567,742.06024,87.26127,23.138977,16.715393,0.79119885,-1,-1,-1
83,8539,509.18256,173.06,30.788269,21.414795,0.5386069,-1,-1,-1
83,8579,823.0601,32.319275,21.582642,13.0123825,0.49108496,-1,-1,-1
83,8589,865.36127,15.188308,15.810303,12.090657,0.6231843,-1,-1,-1
83,8564,782.22974,62.345036,24.6427,18.48016,0.703454,-1,-1,-1
83,8563,886.26624,47.569492,16.949158,12.732513,0.5161797,-1,-1,-1
84,8523,525.2833,180.00237,32.031372,23.316437,0.7739761,-1,-1,-1
84,8524,546.757,186.48001,31.273315,23.734802,0.82203627,-1,-1,-1
84,8542,616.4716,149.99612,28.968811,21.443222,0.853643,-1,-1,-1
84,8531,579.90063,154.18832,27.162537,21.25946,0.8368995,-1,-1,-1
84,8533,445.91843,226.92844,46.82547,22.7751,0.8467606,-1,-1,-1
84,8544,612.79517,131.80298,28.639282,22.04953,0.8340727,-1,-1,-1
84,8558,645.3207,123.04021,24.679688,17.069855,0.65132797,-1,-1,-1
84,8565,816.789,51.95741,18.568542,14.831745,0.738265,-1,-1,-1
84,8561,651.9209,133.23093,26.300964,18.306122,0.6710318,-1,-1,-1
84,8567,740.5663,89.17507,22.99054,16.462448,0.77913016,-1,-1,-1
84,8539,508.7776,174.57582,29.16571,21.22168,0.60391605,-1,-1,-1
84,8579,820.5873,34.61662,19.190674,12.662239,0.7277025,-1,-1,-1
84,8589,863.4184,17.13521,15.650818,12.114201,0.52505136,-1,-1,-1
84,8564,780.0208,63.73125,25.278564,19.05563,0.6243463,-1,-1,-1
84,8563,885.82294,48.776295,16.882751,12.799049,0.3193337,-1,-1,-1
85,8523,525.18286,181.7505,31.39264,22.840164,0.8121357,-1,-1,-1
85,8524,546.4165,188.12483,31.12915,23.747131,0.8394422,-1,-1,-1
85,8542,615.4237,151.86592,28.681519,21.062378,0.823502,-1,-1,-1
85,8531,579.0932,155.81721,27.7323,21.049164,0.84382147,-1,-1,-1
85,8533,447.86182,227.86922,47.282227,22.610123,0.7946823,-1,-1,-1
85,8544,612.16364,133.11417,28.411987,22.21135,0.8443659,-1,-1,-1
85,8558,644.27405,124.23552,24.484558,17.259659,0.64735967,-1,-1,-1
85,8565,815.1766,54.19216,18.378662,14.637016,0.60478604,-1,-1,-1
85,8561,650.47754,134.88629,26.74524,18.125977,0.6360494,-1,-1,-1
85,8567,739.3824,90.518845,23.016296,16.518555,0.7953928,-1,-1,-1
85,8539,507.75006,176.13869,29.610474,21.184998,0.67804015,-1,-1,-1
85,8579,818.5292,36.37255,18.667175,12.94315,0.6244608,-1,-1,-1
85,8589,861.4017,19.465025,15.91272,12.025948,0.6256075,-1,-1,-1
85,8564,778.5099,65.110596,25.285583,19.426643,0.4533039,-1,-1,-1
85,8563,884.8632,50.18425,18.0401,12.653023,0.3445677,-1,-1,-1
85,8594,907.27216,0.23728104,18.03778,10.669399,0.41567102,-1,-1,-1
86,8523,524.7774,182.54375,32.30603,23.973373,0.7208467,-1,-1,-1
86,8524,546.16095,189.71745,30.752014,23.619934,0.843509,-1,-1,-1
86,8542,614.40405,153.3479,28.764832,21.09459,0.82341105,-1,-1,-1
86,8531,578.3199,156.96492,27.894653,21.414871,0.855665,-1,-1,-1
86,8533,450.47586,228.82738,46.20584,22.767715,0.8250142,-1,-1,-1
86,8544,611.8003,134.79974,28.26593,22.133682,0.85132384,-1,-1,-1
86,8558,643.86975,125.78596,24.467224,17.127129,0.68807065,-1,-1,-1
86,8565,813.22504,56.050156,18.582458,14.6382065,0.6933326,-1,-1,-1
86,8561,649.3046,135.60228,26.475037,19.040192,0.64790225,-1,-1,-1
86,8567,738.1207,92.36454,22.993591,16.600899,0.79580384,-1,-1,-1
86,8539,507.30206,177.76599,29.30597,21.045883,0.7397155,-1,-1,-1
86,8579,816.6196,38.81793,18.291138,12.704613,0.7074691,-1,-1,-1
86,8589,859.0122,21.809332,16.04712,11.738161,0.41447142,-1,-1,-1
86,8564,777.12744,66.914825,24.958984,19.470932,0.6661456,-1,-1,-1
86,8594,904.3947,0.8831868,20.147034,12.385712,0.4536154,-1,-1,-1
86,8536,286.75504,374.01337,84.352905,49.35141,0.28471687,-1,-1,-1
87,8523,524.6297,183.42004,32.439514,23.738464,0.4458507,-1,-1,-1
87,8524,545.56885,190.82378,30.926025,24.144073,0.8172471,-1,-1,-1
87,8542,613.6704,155.0191,28.906555,20.704102,0.8415374,-1,-1,-1
87,8531,578.0458,158.62202,27.956543,21.260437,0.84848815,-1,-1,-1
87,8533,452.15198,229.52022,45.95993,23.191315,0.83127445,-1,-1,-1
87,8544,611.0996,135.93204,28.270935,22.607422,0.83068585,-1,-1,-1
87,8558,643.50116,126.97489,24.851135,17.727058,0.7306669,-1,-1,-1
87,8565,811.909,58.01964,18.335632,14.616566,0.7240117,-1,-1,-1
87,8561,649.13336,137.34557,25.84906,18.895462,0.7326599,-1,-1,-1
87,8567,736.7133,94.06737,22.730225,16.585999,0.74485064,-1,-1,-1
87,8539,506.85837,179.30435,29.138885,20.89711,0.49451697,-1,-1,-1
87,8579,814.6564,40.408592,17.81305,13.261333,0.77161163,-1,-1,-1
87,8589,856.83014,23.74689,16.442566,11.655615,0.598088,-1,-1,-1
87,8564,775.7599,68.92422,24.563354,19.219788,0.4693054,-1,-1,-1
87,8594,902.18494,1.2428492,20.5531,14.168819,0.5156425,-1,-1,-1
87,8598,833.3957,40.741634,18.665161,13.686905,0.5034022,-1,-1,-1
87,8599,134.18735,478.72644,105.84213,61.27356,0.36566636,-1,-1,-1
88,8523,525.1342,184.4707,31.60028,23.871964,0.5642087,-1,-1,-1
88,8524,545.1872,191.7933,31.295593,24.466324,0.81466335,-1,-1,-1
88,8542,612.63293,156.32066,29.39978,21.060425,0.8417573,-1,-1,-1
88,8531,578.016,160.18465,27.589844,20.888214,0.8359031,-1,-1,-1
88,8533,454.26382,230.28801,45.40695,23.408264,0.7855317,-1,-1,-1
88,8544,610.366,137.4684,28.53064,22.314438,0.837101,-1,-1,-1
88,8558,643.0962,128.92632,24.965393,17.195831,0.5152981,-1,-1,-1
88,8565,810.3592,59.772816,18.809753,14.480732,0.7735533,-1,-1,-1
88,8561,648.3683,138.84007,25.720459,19.06926,0.6767532,-1,-1,-1
88,8567,735.3947,95.657776,23.152832,16.539688,0.79562306,-1,-1,-1
88,8539,506.3908,180.92856,28.720764,20.576859,0.37007222,-1,-1,-1
88,8579,812.94104,42.196247,18.902344,13.298473,0.7781416,-1,-1,-1
88,8589,854.9808,25.405012,17.002136,12.121973,0.7727211,-1,-1,-1
88,8564,774.2177,70.620865,24.722229,19.449692,0.4271657,-1,-1,-1
88,8594,900.1078,2.6076467,20.200928,15.098816,0.6059949,-1,-1,-1
88,8598,832.2511,42.23524,18.66858,13.734512,0.5454425,-1,-1,-1
88,8599,147.64246,480.12488,93.30223,59.875122,0.5201167,-1,-1,-1
88,8536,289.13065,375.9831,82.205475,49.620026,0.41219437,-1,-1,-1
89,8523,525.2205,185.81798,30.766296,23.78592,0.7714573,-1,-1,-1
89,8524,544.70764,193.08229,31.895203,24.392532,0.8344126,-1,-1,-1
89,8542,611.86774,157.68845,29.786316,21.034393,0.83170605,-1,-1,-1
89,8531,577.4719,161.09666,27.586853,21.167892,0.8441629,-1,-1,-1
89,8533,456.66156,231.67967,43.72174,22.783096,0.7712903,-1,-1,-1
89,8544,609.34717,138.7521,28.892334,22.356812,0.8376498,-1,-1,-1
89,8558,642.09674,130.28592,24.649109,17.08966,0.7142753,-1,-1,-1
89,8565,809.0041,61.760315,19.447449,14.552902,0.747563,-1,-1,-1
89,8561,647.1949,140.65231,26.291504,18.740097,0.74392086,-1,-1,-1
89,8567,734.38654,97.19206,23.388489,16.583046,0.7284262,-1,-1,-1
89,8539,505.53616,182.38327,28.876862,20.580978,0.43620947,-1,-1,-1
89,8579,811.2177,43.98262,18.988953,13.469028,0.7650785,-1,-1,-1
89,8589,853.0807,26.962732,16.937378,12.719992,0.71617675,-1,-1,-1
89,8564,772.81506,72.54728,24.647827,19.236801,0.66676426,-1,-1,-1
89,8594,898.1627,5.062085,19.692444,14.586707,0.6513488,-1,-1,-1
89,8598,830.3434,44.396828,19.249878,13.494316,0.63054943,-1,-1,-1
89,8599,156.8455,482.22092,84.39662,57.779083,0.5410953,-1,-1,-1
89,8536,289.58734,376.6629,81.5589,49.554596,0.38139808,-1,-1,-1
90,8523,525.49915,187.20097,30.025635,23.479324,0.79603106,-1,-1,-1
90,8524,544.4413,194.4887,32.020203,24.210846,0.8433232,-1,-1,-1
90,8542,610.9287,158.9862,29.572876,21.445633,0.8222278,-1,-1,-1
90,8531,577.3155,162.43459,27.455994,21.143417,0.8468708,-1,-1,-1
90,8533,458.5373,232.71252,44.449646,22.731064,0.7511966,-1,-1,-1
90,8544,608.8524,140.15215,28.70404,22.237549,0.8272929,-1,-1,-1
90,8558,641.3856,131.79042,24.477966,16.580582,0.64709526,-1,-1,-1
90,8565,807.6617,63.247086,19.528015,14.73835,0.7683335,-1,-1,-1
90,8561,645.9361,141.66518,27.111755,19.145065,0.7244018,-1,-1,-1
90,8567,733.26294,98.69718,23.549805,16.823357,0.71570486,-1,-1,-1
90,8539,504.73917,183.79362,29.117645,20.742981,0.5709484,-1,-1,-1
90,8579,809.1598,45.713673,18.678528,13.593842,0.76422626,-1,-1,-1
90,8589,850.9374,29.218906,16.597168,12.568665,0.7089371,-1,-1,-1
90,8564,771.63873,73.97983,24.144592,19.286842,0.6308666,-1,-1,-1
90,8594,896.1801,7.36324,19.672913,14.561441,0.70537966,-1,-1,-1
90,8598,828.3169,45.815144,19.204834,13.646004,0.6072158,-1,-1,-1
90,8599,156.21964,483.4857,88.008575,56.514313,0.50754255,-1,-1,-1
90,8536,288.59262,377.55103,87.49991,48.42343,0.57397556,-1,-1,-1
91,8523,525.63086,188.20903,29.68927,23.546555,0.79793596,-1,-1,-1
91,8524,544.1828,195.70345,31.767334,24.397324,0.8420272,-1,-1,-1
91,8542,610.1554,160.4528,29.637695,21.270477,0.83875436,-1,-1,-1
91,8531,577.42194,163.5393,27.442871,21.224533,0.85070956,-1,-1,-1
91,8533,460.88107,233.80177,45.859222,22.501816,0.70365727,-1,-1,-1
91,8544,608.68304,141.62701,28.192444,22.442047,0.8346128,-1,-1,-1
91,8558,640.72076,133.18913,25.010254,16.582382,0.6675758,-1,-1,-1
91,8565,806.6245,65.09968,19.018066,14.668556,0.74253625,-1,-1,-1
91,8561,645.24384,142.62497,26.670288,19.36876,0.62043166,-1,-1,-1
91,8567,732.49396,99.81829,23.214905,17.108246,0.63153195,-1,-1,-1
91,8539,504.03125,185.15302,29.281738,21.051392,0.6281593,-1,-1,-1
91,8579,807.47235,47.30437,18.12622,13.734398,0.8036103,-1,-1,-1
91,8589,849.3123,31.129433,16.966797,12.476997,0.78097653,-1,-1,-1
91,8564,770.36694,76.28304,24.227295,18.566269,0.4372088,-1,-1,-1
91,8594,894.26074,8.615045,20.270325,15.356383,0.54186887,-1,-1,-1
91,8598,826.3148,47.35405,20.70758,13.819027,0.64848655,-1,-1,-1
91,8599,159.43079,484.1967,88.11151,55.803314,0.55605775,-1,-1,-1
91,8536,288.96472,378.18967,89.35446,47.587738,0.6119082,-1,-1,-1
92,8523,525.1465,189.48184,30.45105,23.75972,0.7756481,-1,-1,-1
92,8524,544.2534,196.62863,31.498535,24.609512,0.8382451,-1,-1,-1
92,8542,609.6504,162.50308,29.709473,20.733673,0.8194435,-1,-1,-1
92,8531,577.34436,164.97571,27.441956,21.011581,0.83314276,-1,-1,-1
92,8533,463.4811,234.70003,45.806335,22.248123,0.7904801,-1,-1,-1
92,8544,608.6898,142.9575,27.871582,22.281418,0.8086942,-1,-1,-1
92,8558,640.4908,134.79834,24.556763,16.570145,0.69081455,-1,-1,-1
92,8565,805.3361,66.74748,19.184692,14.65892,0.7909283,-1,-1,-1
92,8561,644.52686,144.45528,27.047668,18.92073,0.6182993,-1,-1,-1
92,8567,731.7185,101.79318,23.154175,16.23668,0.7676157,-1,-1,-1
92,8539,503.8671,186.69278,29.556244,20.923538,0.47763902,-1,-1,-1
92,8579,806.13995,49.277695,18.3219,13.599255,0.78564847,-1,-1,-1
92,8589,847.7827,32.82463,17.521057,12.83865,0.7840101,-1,-1,-1
92,8564,769.02954,77.74931,23.98352,18.667168,0.6786265,-1,-1,-1
92,8594,892.26917,10.595814,19.852478,15.036921,0.5349869,-1,-1,-1
92,8598,825.16614,49.468456,20.0047,13.347683,0.6686597,-1,-1,-1
92,8599,161.16826,483.79016,89.60014,56.08087,0.58331,-1,-1,-1
92,8536,291.84042,378.53366,79.33899,48.52646,0.33213258,-1,-1,-1
92,8527,306.3446,380.59708,74.2637,47.754303,0.43122324,-1,-1,-1
93,8523,525.4375,190.55336,29.980225,23.890472,0.70952076,-1,-1,-1
93,8524,544.1775,197.61009,31.51654,24.773193,0.8109877,-1,-1,-1
93,8542,609.2,164.05287,29.891846,20.865585,0.79991806,-1,-1,-1
93,8531,577.22125,165.99998,27.351685,21.18422,0.8236047,-1,-1,-1
93,8533,465.6997,235.74031,44.99225,21.92363,0.7881208,-1,-1,-1
93,8544,608.62537,144.54726,27.718079,21.83812,0.77608716,-1,-1,-1
93,8558,640.1835,136.14,25.040466,16.41986,0.49281475,-1,-1,-1
93,8565,803.9254,68.60992,18.862488,14.952988,0.76069546,-1,-1,-1
93,8561,643.95184,146.40659,26.161133,18.670502,0.4670084,-1,-1,-1
93,8567,730.3139,102.86165,23.853333,16.802162,0.74503917,-1,-1,-1
93,8539,503.19812,188.17433,30.140442,20.918686,0.5943443,-1,-1,-1
93,8579,804.714,51.601616,18.234741,12.991013,0.7674575,-1,-1,-1
93,8589,845.80194,35.02367,16.908691,12.252659,0.6575453,-1,-1,-1
93,8564,768.28186,79.476974,23.872437,18.444214,0.6258832,-1,-1,-1
93,8594,890.563,13.564391,19.060852,13.824136,0.5883423,-1,-1,-1
93,8598,824.1866,51.66204,19.040771,12.843834,0.6922516,-1,-1,-1
93,8599,161.98534,483.11728,90.109314,56.828094,0.600208,-1,-1,-1
93,8536,291.76288,378.7272,85.52548,49.0401,0.53797215,-1,-1,-1
94,8523,525.0891,191.39005,31.042725,23.802917,0.7520821,-1,-1,-1
94,8524,544.342,198.8591,30.93805,24.47293,0.79649645,-1,-1,-1
94,8542,608.6981,165.3853,29.912231,20.864136,0.78756654,-1,-1,-1
94,8531,577.4066,167.09364,27.130066,21.039078,0.8204003,-1,-1,-1
94,8533,467.907,236.64433,44.437836,21.690628,0.7338104,-1,-1,-1
94,8544,608.7021,145.72977,27.517944,21.867065,0.81237996,-1,-1,-1
94,8558,640.02325,137.41576,24.163269,16.116592,0.61690784,-1,-1,-1
94,8565,803.01025,70.11368,18.485657,14.982368,0.7520837,-1,-1,-1
94,8561,643.7855,148.07994,26.026733,18.48201,0.66030115,-1,-1,-1
94,8567,729.4415,104.9736,24.110413,16.530792,0.6644038,-1,-1,-1
94,8539,503.68176,188.91345,29.280579,21.372375,0.5186095,-1,-1,-1
94,8579,803.1771,52.857555,18.612732,13.671337,0.7801022,-1,-1,-1
94,8589,844.4124,36.797672,17.244751,12.046375,0.81419075,-1,-1,-1
94,8564,766.9301,81.56323,24.155518,18.139076,0.71902245,-1,-1,-1
94,8594,889.3291,15.275573,18.869568,14.151874,0.67855227,-1,-1,-1
94,8598,823.1812,53.17987,18.873901,13.273178,0.7071735,-1,-1,-1
94,8599,161.82579,483.79337,90.4731,55.974396,0.61660355,-1,-1,-1
94,8536,292.68582,379.31854,86.32663,48.916138,0.48503548,-1,-1,-1
95,8523,525.5311,192.59152,30.9469,23.369797,0.78479135,-1,-1,-1
95,8524,544.4522,200.17372,30.923157,24.093307,0.7931332,-1,-1,-1
95,8542,608.58057,167.03647,29.267395,20.574097,0.77164996,-1,-1,-1
95,8531,577.21924,168.2112,27.4469,21.046097,0.8322074,-1,-1,-1
95,8533,470.21576,237.65971,44.555786,21.600327,0.6454679,-1,-1,-1
95,8544,608.4006,146.7269,27.485962,22.211731,0.8062119,-1,-1,-1
95,8565,801.5786,71.752464,19.256226,14.797546,0.7420152,-1,-1,-1
95,8561,643.5719,148.78532,25.583435,19.14856,0.5443771,-1,-1,-1
95,8567,728.8178,106.22782,23.470154,16.584259,0.6018123,-1,-1,-1
95,8539,503.5651,190.22658,29.324554,21.331589,0.61794573,-1,-1,-1
95,8579,801.1576,54.58833,18.705444,13.801762,0.8395105,-1,-1,-1
95,8589,842.8575,38.21411,17.626282,12.421585,0.82509923,-1,-1,-1
95,8564,765.5756,83.01322,24.466675,18.243378,0.28628185,-1,-1,-1
95,8594,888.55695,16.674873,18.755371,14.436655,0.4519427,-1,-1,-1
95,8598,821.59686,54.628147,19.017761,13.669483,0.6601683,-1,-1,-1
95,8599,167.88203,483.50256,86.559204,56.143677,0.6880107,-1,-1,-1
95,8536,295.42664,380.4844,86.380035,49.05838,0.6245085,-1,-1,-1
96,8523,526.22974,193.92188,30.258667,22.690643,0.77744144,-1,-1,-1
96,8524,544.6761,201.42195,31.029175,24.167297,0.78740513,-1,-1,-1
96,8542,608.2171,168.4683,29.457214,20.275116,0.7930061,-1,-1,-1
96,8531,577.39215,169.27861,27.269043,21.279602,0.8427967,-1,-1,-1
96,8533,473.0247,238.60667,43.838715,21.356094,0.56755865,-1,-1,-1
96,8544,608.0301,148.34225,27.75824,22.263443,0.8011193,-1,-1,-1
96,8565,800.48315,73.73166,18.809326,14.171631,0.77217555,-1,-1,-1
96,8561,643.3795,150.36671,25.273376,18.818726,0.52826357,-1,-1,-1
96,8567,728.2354,107.88565,23.09552,16.331528,0.65897924,-1,-1,-1
96,8539,503.38446,191.6362,29.29541,21.265228,0.4344908,-1,-1,-1
96,8579,800.0458,56.359287,18.34375,13.764591,0.8158362,-1,-1,-1
96,8589,841.0487,40.102406,16.781372,12.618618,0.7710645,-1,-1,-1
96,8564,764.5558,84.42046,24.449707,18.605553,0.6651697,-1,-1,-1
96,8594,886.77893,18.046951,18.875122,15.025631,0.56742334,-1,-1,-1
96,8598,820.1942,56.462257,19.473694,13.468445,0.6600697,-1,-1,-1
96,8599,171.86047,483.06546,85.99402,56.776154,0.6888023,-1,-1,-1
96,8536,296.91614,381.00705,86.450806,49.471954,0.69155616,-1,-1,-1
96,8558,640.01495,139.53052,23.765991,16.66603,0.25718957,-1,-1,-1
97,8523,526.5823,194.92627,30.045837,22.513885,0.7103012,-1,-1,-1
97,8524,544.7884,202.98279,30.58667,23.903381,0.78786534,-1,-1,-1
97,8542,607.9408,169.21837,29.541931,20.733917,0.799571,-1,-1,-1
97,8531,577.458,170.524,26.945862,21.3004,0.8364467,-1,-1,-1
97,8533,475.74484,239.2962,42.18808,21.479187,0.41474906,-1,-1,-1
97,8544,608.1355,149.51349,27.289185,22.304718,0.7788621,-1,-1,-1
97,8565,799.4931,75.526825,18.693787,13.996025,0.71573704,-1,-1,-1
97,8561,643.0605,151.76227,25.63385,18.774277,0.40380746,-1,-1,-1
97,8567,727.77136,109.646126,22.381836,15.924614,0.69634885,-1,-1,-1
97,8539,503.31604,193.02632,29.74878,21.059845,0.5943032,-1,-1,-1
97,8579,798.558,58.442112,18.55481,13.648884,0.75857556,-1,-1,-1
97,8589,839.71466,41.993233,17.035583,12.856606,0.7620227,-1,-1,-1
97,8564,763.27094,85.93311,25.074463,18.587967,0.6396976,-1,-1,-1
97,8594,885.4775,20.041382,18.501465,14.962696,0.5328301,-1,-1,-1
97,8598,819.03076,58.339157,19.497192,13.3964,0.6904275,-1,-1,-1
97,8599,170.7142,482.8886,89.27664,56.752625,0.7068071,-1,-1,-1
97,8536,297.6448,381.31586,85.58795,48.83664,0.64853245,-1,-1,-1
97,8558,640.0868,141.12538,23.307373,16.51233,0.3542173,-1,-1,-1
98,8523,526.65826,196.44753,29.804321,22.522568,0.6317986,-1,-1,-1
98,8524,545.07697,203.9856,30.483948,24.015442,0.8177563,-1,-1,-1
98,8542,607.49567,170.47859,29.436707,20.986496,0.6829328,-1,-1,-1
98,8531,577.40985,172.21393,27.093872,20.722717,0.7941232,-1,-1,-1
98,8533,477.82608,240.29988,42.667816,21.382706,0.65665394,-1,-1,-1
98,8544,607.9792,151.18436,27.703857,21.633636,0.44416967,-1,-1,-1
98,8565,798.8896,76.9623,18.06195,14.20916,0.7136258,-1,-1,-1
98,8567,726.787,111.08673,22.881897,16.582031,0.47647947,-1,-1,-1
98,8539,503.14932,194.33632,29.391571,20.870544,0.59561723,-1,-1,-1
98,8579,797.22174,60.069164,18.962341,13.754429,0.80716336,-1,-1,-1
98,8589,838.6972,44.09625,16.542053,12.737942,0.77933675,-1,-1,-1
98,8564,762.4886,87.73545,24.44757,18.34999,0.6026872,-1,-1,-1
98,8594,884.0976,21.801569,18.505432,14.949068,0.44996402,-1,-1,-1
98,8598,818.198,59.948788,19.56604,13.504795,0.68673515,-1,-1,-1
98,8599,171.92052,482.0705,90.72182,56.459045,0.78636944,-1,-1,-1
98,8536,299.6978,381.86374,82.77716,48.817505,0.443365,-1,-1,-1
98,8558,640.38464,142.50511,22.837463,16.194504,0.3257902,-1,-1,-1
99,8523,526.5442,198.07753,29.98944,22.98935,0.7386661,-1,-1,-1
99,8524,545.2048,205.2442,30.818054,23.774231,0.8147527,-1,-1,-1
99,8542,607.1545,171.42911,29.51007,21.746094,0.79511863,-1,-1,-1
99,8531,577.89923,173.37047,26.762268,20.560333,0.81465536,-1,-1,-1
99,8533,481.06717,240.65074,42.253937,21.751328,0.42809445,-1,-1,-1
99,8544,608.13257,152.2667,27.50299,21.519943,0.7272884,-1,-1,-1
99,8565,797.9592,78.33574,17.986145,14.645653,0.69846386,-1,-1,-1
99,8567,725.7949,112.51087,22.590576,16.82389,0.5495299,-1,-1,-1
99,8539,503.26093,195.55121,29.418945,21.036285,0.6070539,-1,-1,-1
99,8579,795.978,61.709484,19.366089,14.212696,0.80568475,-1,-1,-1
99,8589,837.6951,45.691956,16.580505,12.708046,0.77801055,-1,-1,-1
99,8564,761.4017,89.46863,24.718872,18.19448,0.616386,-1,-1,-1
99,8594,882.92084,23.355095,18.408203,15.027256,0.53997076,-1,-1,-1
99,8598,817.7309,61.439026,19.81482,13.451485,0.6737946,-1,-1,-1
99,8599,174.94623,481.51456,91.26904,56.45102,0.80296296,-1,-1,-1
99,8536,300.89407,381.77084,82.988556,49.541107,0.59173065,-1,-1,-1
99,8558,640.1651,143.54713,22.893677,16.341537,0.3550348,-1,-1,-1
100,8523,526.9601,199.11674,30.05597,22.841537,0.7553759,-1,-1,-1
100,8524,545.3067,206.50238,31.030762,23.538544,0.8270589,-1,-1,-1
100,8542,606.9168,172.49207,29.593506,22.01883,0.74992174,-1,-1,-1
100,8531,578.3302,174.42535,26.466492,20.716553,0.82915276,-1,-1,-1
100,8544,608.02014,153.35985,27.096436,21.699417,0.6078619,-1,-1,-1
100,8565,797.2239,80.17391,18.517517,14.547379,0.73086166,-1,-1,-1
100,8567,725.46045,114.21668,22.224731,16.407127,0.7342552,-1,-1,-1
100,8539,503.38004,197.2129,29.307343,21.02977,0.71810657,-1,-1,-1
100,8579,795.0255,63.16558,18.973816,14.468063,0.7989281,-1,-1,-1
100,8589,836.593,47.682243,16.41394,12.165222,0.74948925,-1,-1,-1
100,8564,760.82806,91.06706,24.769287,18.29757,0.5645027,-1,-1,-1
100,8594,881.4037,25.40701,18.358215,14.593178,0.51931924,-1,-1,-1
100,8598,816.8521,63.553394,18.458069,12.95454,0.6907545,-1,-1,-1
100,8599,176.54953,480.891,94.16171,56.800293,0.80852175,-1,-1,-1
100,8536,302.47363,382.49442,81.01694,49.097107,0.37044,-1,-1,-1
100,8540,282.37003,188.46245,35.331696,17.492386,0.33731854,-1,-1,-1
100,8561,642.17114,155.9921,26.615234,18.577805,0.26317644,-1,-1,-1
101,8523,527.96484,200.17902,28.984436,22.449844,0.7536955,-1,-1,-1
101,8524,545.0779,207.24092,31.903687,23.917023,0.84891945,-1,-1,-1
101,8542,607.37134,174.14693,28.780151,21.604095,0.76969445,-1,-1,-1
101,8531,578.672,175.57869,26.210022,20.965134,0.8452515,-1,-1,-1
101,8544,608.2166,154.83612,27.332642,21.716309,0.6868939,-1,-1,-1
101,8565,796.4865,82.12401,18.794739,14.405922,0.69211096,-1,-1,-1
101,8567,724.99713,116.03133,22.58844,16.090714,0.7678596,-1,-1,-1
101,8539,503.5647,198.35538,29.0401,21.243683,0.68478346,-1,-1,-1
101,8579,794.4019,64.87448,18.073853,14.810295,0.78611445,-1,-1,-1
101,8589,835.9781,49.548935,17.239136,11.861279,0.82567024,-1,-1,-1
101,8564,759.8326,92.93078,24.990723,17.713165,0.6627157,-1,-1,-1
101,8594,879.7509,27.345318,18.943665,14.657581,0.51714534,-1,-1,-1
101,8598,815.6114,65.33694,18.0141,13.109177,0.7313276,-1,-1,-1
101,8599,180.13998,480.84125,93.438995,56.70752,0.7978514,-1,-1,-1
101,8536,304.28522,383.31796,79.04306,48.74054,0.29626936,-1,-1,-1
101,8540,282.23688,189.23155,35.466217,17.688477,0.32918698,-1,-1,-1
101,8561,641.9464,157.78358,26.505615,18.10057,0.28065294,-1,-1,-1
101,8533,486.35373,241.26657,48.1622,23.154785,0.44823793,-1,-1,-1
102,8523,528.5753,200.85092,29.223572,23.180084,0.7856131,-1,-1,-1
102,8524,545.27765,208.27193,31.939575,24.12825,0.8354804,-1,-1,-1
102,8542,607.12317,175.23935,28.963745,21.803665,0.8257438,-1,-1,-1
102,8531,578.9595,176.4489,26.308533,21.352692,0.8475069,-1,-1,-1
102,8544,608.58563,155.73518,26.836243,22.16867,0.75310224,-1,-1,-1
102,8565,795.9112,83.50647,18.982483,14.579445,0.7648467,-1,-1,-1
102,8567,724.1647,117.68053,23.190674,16.052322,0.7264464,-1,-1,-1
102,8539,503.88687,199.72473,29.225677,20.935226,0.7266664,-1,-1,-1
102,8579,793.5662,66.62667,18.356934,14.79953,0.82438403,-1,-1,-1
102,8589,835.20435,51.36852,16.53955,11.808598,0.7995398,-1,-1,-1
102,8564,758.93243,94.53427,25.26715,17.553864,0.70473397,-1,-1,-1
102,8594,879.08154,29.166588,18.81311,14.734394,0.48264602,-1,-1,-1
102,8598,815.0146,66.909546,18.046753,13.358208,0.77864355,-1,-1,-1
102,8599,183.59071,480.8415,93.017654,57.115906,0.8069287,-1,-1,-1
102,8540,281.96127,190.26306,35.173126,17.534698,0.3349663,-1,-1,-1
102,8561,641.23096,158.87701,26.467163,18.404327,0.5248972,-1,-1,-1
102,8533,488.66504,241.30133,49.44336,23.885864,0.51499534,-1,-1,-1
102,8527,325.5071,388.04694,65.89093,44.7554,0.29550603,-1,-1,-1
102,8558,640.31836,147.3942,23.763672,16.53508,0.2591315,-1,-1,-1
103,8523,529.11804,201.59468,29.279907,23.339966,0.68341285,-1,-1,-1
103,8524,545.7988,209.11371,31.528748,24.19989,0.81202066,-1,-1,-1
103,8542,607.2092,176.95894,28.563171,21.200592,0.7249703,-1,-1,-1
103,8531,579.2421,177.88258,26.018127,21.133636,0.8260749,-1,-1,-1
103,8544,608.7759,157.272,27.197021,21.920715,0.6481054,-1,-1,-1
103,8565,794.9296,85.35759,19.280945,14.41394,0.78504944,-1,-1,-1
103,8567,723.9474,119.28818,23.183899,15.903702,0.68876594,-1,-1,-1
103,8539,504.00958,201.05904,29.710022,20.841095,0.654509,-1,-1,-1
103,8579,792.79785,68.44178,18.35199,14.665115,0.79506403,-1,-1,-1
103,8589,833.9836,53.234715,15.743469,11.83437,0.7186087,-1,-1,-1
103,8564,758.66034,96.13935,24.765076,17.527939,0.51082975,-1,-1,-1
103,8594,878.5292,30.855074,18.54834,14.597536,0.6460049,-1,-1,-1
103,8598,814.2412,68.2491,19.009827,13.560402,0.73785216,-1,-1,-1
103,8599,185.28908,479.8395,93.96202,57.765594,0.7763644,-1,-1,-1
103,8561,641.32526,160.34804,26.117126,18.529877,0.25900885,-1,-1,-1
103,8533,491.3875,241.78528,51.961487,24.329132,0.71507746,-1,-1,-1
103,8558,640.25934,148.79175,23.983154,16.24759,0.27833092,-1,-1,-1
103,8536,307.4391,385.08194,81.651764,47.17929,0.27322012,-1,-1,-1
104,8523,529.441,203.30786,29.88916,22.278625,0.7802092,-1,-1,-1
104,8524,546.0636,210.1767,31.703186,24.110687,0.86051905,-1,-1,-1
104,8542,606.9527,178.20186,28.856873,21.54985,0.77821296,-1,-1,-1
104,8531,579.7479,179.07892,25.785217,20.853516,0.83650136,-1,-1,-1
104,8544,609.0239,158.07097,27.045715,22.258865,0.76349014,-1,-1,-1
104,8565,794.4281,87.31244,18.961304,14.206253,0.74820626,-1,-1,-1
104,8567,723.5896,121.28404,23.124634,15.255539,0.74857605,-1,-1,-1
104,8539,504.31888,201.93256,30.150604,21.074768,0.7949096,-1,-1,-1
104,8579,791.88696,70.50811,18.214233,14.36834,0.7788223,-1,-1,-1
104,8589,832.8856,54.915527,15.642334,11.898064,0.5576004,-1,-1,-1
104,8564,758.13086,97.44068,24.61139,18.066605,0.3902879,-1,-1,-1
104,8594,877.42426,32.88728,18.744202,14.541878,0.6888612,-1,-1,-1
104,8598,813.60846,70.039345,18.254333,13.197456,0.6929834,-1,-1,-1
104,8599,188.22177,478.5638,96.53961,58.698822,0.77367663,-1,-1,-1
104,8561,641.8635,161.4597,25.812134,18.67566,0.58792186,-1,-1,-1
104,8533,493.1118,242.54782,49.735992,23.833557,0.77397174,-1,-1,-1
104,8558,640.1124,149.84697,24.347351,16.485367,0.35908544,-1,-1,-1
104,8620,944.3414,12.2502985,23.39038,11.400994,0.322852,-1,-1,-1
105,8523,529.82196,204.2678,30.293884,22.098862,0.8080521,-1,-1,-1
105,8524,546.62415,211.40512,31.019043,23.908752,0.84140295,-1,-1,-1
105,8542,606.7067,179.21461,29.184753,21.621353,0.8052899,-1,-1,-1
105,8531,580.2076,179.81792,25.680359,20.995483,0.8441624,-1,-1,-1
105,8544,609.117,159.08858,26.698364,22.364624,0.795992,-1,-1,-1
105,8565,793.9452,88.87565,18.50293,14.290657,0.74832284,-1,-1,-1
105,8539,504.8001,203.08133,29.449402,20.819534,0.82612354,-1,-1,-1
105,8579,790.76324,71.895134,18.371887,14.655708,0.81281567,-1,-1,-1
105,8589,831.7579,56.880024,16.406128,11.987736,0.7588259,-1,-1,-1
105,8564,757.76276,98.5767,24.440063,18.349068,0.47793227,-1,-1,-1
105,8594,875.9601,34.660034,18.857117,14.558212,0.75612444,-1,-1,-1
105,8598,812.87994,71.33162,18.398865,13.43354,0.73450655,-1,-1,-1
105,8599,190.40411,477.74365,98.231476,59.107605,0.74933195,-1,-1,-1
105,8561,641.7555,162.94556,25.995422,18.218628,0.55045515,-1,-1,-1
105,8533,494.88657,243.44485,51.824127,24.021301,0.7687004,-1,-1,-1
105,8558,640.0433,150.38957,24.246033,17.528107,0.32638675,-1,-1,-1
105,8620,944.55945,14.0654125,22.06372,10.943441,0.37996843,-1,-1,-1
106,8523,530.40955,205.28432,30.242126,21.803589,0.8090836,-1,-1,-1
106,8524,547.55365,212.49063,30.88556,23.685608,0.82091767,-1,-1,-1
106,8542,606.90924,180.4417,29.04712,21.376328,0.8074231,-1,-1,-1
106,8531,580.3668,180.51993,25.908997,21.07605,0.8295063,-1,-1,-1
106,8544,609.4494,160.53337,26.379639,22.046295,0.79983836,-1,-1,-1
106,8565,793.7005,90.38413,18.532288,14.233231,0.7663568,-1,-1,-1
106,8539,505.1084,203.94066,29.159668,21.06482,0.75127554,-1,-1,-1
106,8579,790.08405,73.63125,18.330933,14.827713,0.8108492,-1,-1,-1
106,8589,831.018,58.520985,16.217041,12.000523,0.76750886,-1,-1,-1
106,8564,757.2735,100.07714,24.184692,18.386032,0.6214608,-1,-1,-1
106,8594,875.0323,36.0845,19.276611,14.704449,0.6338977,-1,-1,-1
106,8598,812.0749,72.827675,18.68103,13.585709,0.62954134,-1,-1,-1
106,8599,192.8137,476.06683,100.94142,60.920105,0.6732479,-1,-1,-1
106,8561,641.9881,164.12,25.8219,18.277618,0.63263136,-1,-1,-1
106,8533,498.04297,244.51215,51.120056,23.727264,0.6639843,-1,-1,-1
106,8558,640.26624,151.54701,23.986023,17.91681,0.35938936,-1,-1,-1
106,8620,941.3288,16.423176,23.511475,11.376099,0.39493465,-1,-1,-1
106,8527,327.772,387.87088,68.50256,47.580444,0.34898674,-1,-1,-1
106,8567,723.00885,123.91358,22.87732,15.445671,0.4282747,-1,-1,-1
107,8523,530.9817,206.39969,29.687317,21.78444,0.79388666,-1,-1,-1
107,8524,548.0058,213.6056,30.919556,23.514664,0.82803243,-1,-1,-1
107,8542,606.8512,181.6685,29.321594,21.352493,0.8192833,-1,-1,-1
107,8531,580.4783,181.69073,26.124817,21.01413,0.8343162,-1,-1,-1
107,8544,609.4605,161.56201,26.674866,22.075867,0.78466713,-1,-1,-1
107,8565,793.40283,91.5889,18.205627,14.422852,0.7519859,-1,-1,-1
107,8539,505.3279,205.18765,29.2883,20.93814,0.75429726,-1,-1,-1
107,8579,789.5374,75.660255,17.928528,14.394371,0.7830655,-1,-1,-1
107,8589,830.2074,59.98728,16.040466,11.9067,0.74013036,-1,-1,-1
107,8564,756.35406,101.14913,24.281555,18.65039,0.44617233,-1,-1,-1
107,8594,873.6939,38.178093,19.017273,14.630318,0.53698707,-1,-1,-1
107,8598,812.2397,74.15838,18.361938,13.6925125,0.6730599,-1,-1,-1
107,8599,187.90704,472.4607,111.70395,64.53467,0.5598156,-1,-1,-1
107,8561,641.9434,165.1163,25.77069,18.598877,0.4343479,-1,-1,-1
107,8533,502.01865,245.53302,48.71237,23.441132,0.70194435,-1,-1,-1
107,8558,640.80975,153.16916,23.637207,17.286133,0.29727405,-1,-1,-1
107,8623,968.41156,7.0831695,18.549072,11.193468,0.6228823,-1,-1,-1
107,8527,326.01382,387.66953,71.522095,48.106598,0.51129055,-1,-1,-1
107,8567,722.8146,125.082,23.140808,16.237656,0.47564077,-1,-1,-1
108,8523,531.6495,207.22403,30.059143,22.069626,0.78655815,-1,-1,-1
108,8524,548.33246,214.75168,31.101013,23.260376,0.8022573,-1,-1,-1
108,8542,606.73047,183.12794,29.390503,21.143402,0.8008037,-1,-1,-1
108,8531,580.9575,182.82567,26.215698,21.118164,0.8328263,-1,-1,-1
108,8544,609.78217,162.71112,26.667725,22.002548,0.70793873,-1,-1,-1
108,8565,792.7314,93.55962,18.624817,14.22377,0.7323898,-1,-1,-1
108,8539,505.5585,206.85146,29.348114,20.218475,0.6367774,-1,-1,-1
108,8579,788.90436,77.64419,17.399109,14.065041,0.7761438,-1,-1,-1
108,8589,829.5576,61.717438,16.838684,11.837799,0.77300966,-1,-1,-1
108,8564,755.62024,102.29263,24.569519,18.908783,0.5387406,-1,-1,-1
108,8594,872.4947,39.91804,19.402405,14.581356,0.6405627,-1,-1,-1
108,8598,811.8311,75.96499,17.753723,13.199112,0.73863155,-1,-1,-1
108,8599,194.43425,467.5663,108.5829,69.54483,0.7080514,-1,-1,-1
108,8533,504.18945,246.09529,47.310303,23.066025,0.6930292,-1,-1,-1
108,8558,641.1338,154.64877,23.198853,16.750427,0.3274492,-1,-1,-1
108,8623,967.1164,8.690346,19.693481,11.632732,0.66165817,-1,-1,-1
108,8567,722.8816,126.681564,22.764343,16.012009,0.7260202,-1,-1,-1
108,8540,279.93777,195.42148,35.714417,17.795609,0.42004466,-1,-1,-1
108,8536,316.69986,385.98166,82.5271,49.899384,0.33010897,-1,-1,-1
108,8620,935.7613,19.242565,22.161987,10.980156,0.44393986,-1,-1,-1
109,8523,532.04565,208.14828,30.327454,22.178558,0.798266,-1,-1,-1
109,8524,548.88,215.7409,31.030518,23.347382,0.82599825,-1,-1,-1
109,8542,606.9561,184.2802,29.394531,21.555252,0.80472946,-1,-1,-1
109,8531,581.414,183.9728,25.866455,21.043228,0.8344496,-1,-1,-1
109,8544,610.0571,164.02711,27.014893,21.76503,0.6901302,-1,-1,-1
109,8565,792.05927,94.71401,18.68811,15.017815,0.7173682,-1,-1,-1
109,8539,505.83337,207.96169,29.537903,19.968018,0.59152997,-1,-1,-1
109,8579,788.0856,79.06937,17.576416,14.469658,0.82275754,-1,-1,-1
109,8589,829.018,63.22995,17.189392,12.117111,0.78938246,-1,-1,-1
109,8564,755.18744,103.60661,24.694702,18.980217,0.31064087,-1,-1,-1
109,8594,871.5019,41.90605,19.319824,14.559898,0.7147886,-1,-1,-1
109,8598,811.0994,77.4435,18.02533,13.127014,0.70803756,-1,-1,-1
109,8599,196.19783,464.22998,110.75044,73.20282,0.75145906,-1,-1,-1
109,8533,507.0646,246.5159,46.0325,23.672333,0.61801887,-1,-1,-1
109,8558,641.47284,155.85567,23.129883,16.190857,0.3861148,-1,-1,-1
109,8623,965.68805,10.410345,19.082397,11.403194,0.73462737,-1,-1,-1
109,8567,722.8085,127.73359,22.723999,16.275703,0.68983865,-1,-1,-1
109,8620,933.747,21.563738,16.23706,10.102652,0.45518035,-1,-1,-1
109,8561,642.3152,167.90175,25.494324,18.130264,0.34536472,-1,-1,-1
110,8523,532.5182,209.17789,30.474854,22.233856,0.8215732,-1,-1,-1
110,8524,549.30176,216.61761,30.782715,23.379013,0.8379041,-1,-1,-1
110,8542,607.1647,185.16621,29.56903,21.777908,0.8081884,-1,-1,-1
110,8531,581.7658,185.06319,26.596191,21.101303,0.83280736,-1,-1,-1
110,8544,610.7444,165.04315,26.861511,21.72052,0.64334285,-1,-1,-1
110,8565,792.04987,96.07202,18.179749,14.76152,0.71445084,-1,-1,-1
110,8539,506.21805,208.92484,29.717926,20.111908,0.75893974,-1,-1,-1
110,8579,787.6409,80.92827,17.603577,14.186874,0.81671494,-1,-1,-1
110,8589,828.70935,64.46554,17.064331,12.24688,0.79256994,-1,-1,-1
110,8564,754.9645,105.801384,25.037537,18.014008,0.6083028,-1,-1,-1
110,8594,871.56195,43.561737,18.843689,14.529152,0.6961008,-1,-1,-1
110,8598,810.563,78.77191,18.386658,13.535904,0.76216173,-1,-1,-1
110,8599,202.19016,464.49005,109.13614,73.117676,0.54719585,-1,-1,-1
110,8533,509.60498,247.13304,44.87726,23.815536,0.6159563,-1,-1,-1
110,8623,964.718,11.78325,19.888306,11.610429,0.5706192,-1,-1,-1
110,8567,722.91425,129.28499,22.08844,15.810272,0.70776445,-1,-1,-1
110,8620,932.33905,23.659563,14.68396,9.999907,0.4184822,-1,-1,-1
110,8536,320.0605,386.16437,79.7251,49.998657,0.37861747,-1,-1,-1
111,8523,532.9629,209.87651,29.714844,22.773117,0.8185489,-1,-1,-1
111,8524,550.46216,217.40402,30.341919,23.446686,0.8113148,-1,-1,-1
111,8542,607.51025,186.69931,29.35205,21.342865,0.8145959,-1,-1,-1
111,8531,582.3631,186.28917,26.538452,20.682861,0.78288025,-1,-1,-1
111,8544,611.49994,166.33826,26.433472,21.1503,0.71911037,-1,-1,-1
111,8565,791.5137,97.33869,18.119263,14.492493,0.7554006,-1,-1,-1
111,8539,506.7932,209.95468,29.540833,20.29985,0.72659314,-1,-1,-1
111,8579,787.1604,82.36434,17.365784,14.17778,0.771975,-1,-1,-1
111,8589,827.92426,65.85175,16.547424,12.486382,0.7766378,-1,-1,-1
111,8564,754.6594,107.005646,24.946716,18.413437,0.66332215,-1,-1,-1
111,8594,870.801,45.506084,18.83374,14.42614,0.7086188,-1,-1,-1
111,8598,810.21405,80.54891,18.827637,13.489021,0.70978236,-1,-1,-1
111,8599,204.39247,458.33337,113.16734,79.30798,0.5264474,-1,-1,-1
111,8533,512.9744,247.66055,43.166626,23.850586,0.3762834,-1,-1,-1
111,8623,964.71,13.891739,18.800049,11.45109,0.66435707,-1,-1,-1
111,8567,722.6873,130.2968,22.224792,15.84877,0.5552711,-1,-1,-1
111,8620,931.8345,25.083517,13.815979,10.383699,0.5111638,-1,-1,-1
111,8536,321.77313,386.64386,80.71701,49.90692,0.6126592,-1,-1,-1
111,8561,642.50854,170.82863,25.505676,17.459549,0.34542996,-1,-1,-1
112,8523,533.60925,210.72337,29.68872,23.106369,0.7650538,-1,-1,-1
112,8524,551.1448,218.57668,31.050537,23.186325,0.8105647,-1,-1,-1
112,8542,608.1125,187.86961,28.836548,21.358994,0.82742625,-1,-1,-1
112,8531,583.14325,187.20564,25.970459,20.657547,0.81620425,-1,-1,-1
112,8544,612.21625,167.26608,26.095215,21.138885,0.76302505,-1,-1,-1
112,8565,791.1208,98.92361,18.50592,14.411079,0.7715407,-1,-1,-1
112,8539,507.1445,210.88104,29.108124,20.509308,0.5260871,-1,-1,-1
112,8579,786.2476,83.93098,17.888855,14.171478,0.76831675,-1,-1,-1
112,8589,827.223,67.454605,16.001648,12.6868515,0.6705708,-1,-1,-1
112,8564,754.03613,108.84245,25.367554,18.18216,0.7696013,-1,-1,-1
112,8594,869.93427,46.856167,19.715393,14.759457,0.7062716,-1,-1,-1
112,8598,809.61536,81.75773,19.217834,13.6647415,0.78651744,-1,-1,-1
112,8599,208.89183,456.0666,111.90132,81.95325,0.6155547,-1,-1,-1
112,8623,963.4425,15.792869,19.581848,11.122117,0.608383,-1,-1,-1
112,8567,722.312,131.3704,22.38147,16.161499,0.52307683,-1,-1,-1
112,8536,319.8084,386.38293,82.88449,49.040497,0.6063104,-1,-1,-1
112,8629,15.7074795,156.23799,42.584435,33.639877,0.44514358,-1,-1,-1
112,8630,994.45807,5.380657,14.935608,11.928434,0.70157593,-1,-1,-1
112,8561,642.6878,171.56665,25.71759,17.814941,0.53284687,-1,-1,-1
112,8527,336.8395,389.27634,67.49249,47.08731,0.39441946,-1,-1,-1
113,8523,534.3805,211.56139,29.15332,23.057571,0.7843223,-1,-1,-1
113,8524,551.5473,219.22308,31.417236,23.28714,0.8032294,-1,-1,-1
113,8542,608.7145,189.08041,28.449036,21.242996,0.8185085,-1,-1,-1
113,8531,584.05664,187.73888,26.167908,20.989838,0.8310404,-1,-1,-1
113,8544,612.8029,168.0884,25.83252,21.410217,0.7581971,-1,-1,-1
113,8565,790.74335,100.43586,18.98407,14.748703,0.7527013,-1,-1,-1
113,8539,507.72437,212.12506,29.114868,20.222794,0.556474,-1,-1,-1
113,8579,785.3798,85.29938,18.326233,14.455292,0.81130105,-1,-1,-1
113,8589,826.2092,69.1067,17.488098,12.775612,0.7499667,-1,-1,-1
113,8564,753.1967,109.49025,26.147095,18.714859,0.70279425,-1,-1,-1
113,8594,869.4558,48.5661,19.197327,14.431786,0.78453445,-1,-1,-1
113,8598,809.00574,82.69535,19.53302,13.951622,0.78047925,-1,-1,-1
113,8599,213.01646,450.2008,112.55336,87.72333,0.514391,-1,-1,-1
113,8623,962.1833,17.784332,19.929688,10.942141,0.6930649,-1,-1,-1
113,8567,722.34814,133.17195,22.391907,15.61377,0.6328106,-1,-1,-1
113,8630,994.29346,6.268261,14.852722,11.86463,0.5523671,-1,-1,-1
113,8561,642.97565,173.01613,25.5224,17.793045,0.33286926,-1,-1,-1
113,8527,333.6386,388.20734,70.89746,48.531982,0.6764216,-1,-1,-1
113,8540,280.51096,199.00226,37.876617,18.475967,0.32576454,-1,-1,-1
114,8523,535.1635,212.43582,29.024048,22.828598,0.7627335,-1,-1,-1
114,8524,551.80164,219.8494,32.116028,23.319733,0.82054335,-1,-1,-1
114,8542,609.1395,190.41353,28.055725,20.955658,0.7834995,-1,-1,-1
114,8531,584.69507,188.42444,26.250427,21.210693,0.8262623,-1,-1,-1
114,8544,613.0856,168.92603,26.211914,21.700638,0.71169984,-1,-1,-1
114,8565,790.72217,101.75785,18.690979,14.563454,0.7506291,-1,-1,-1
114,8539,508.24255,212.99054,29.091553,20.200943,0.5368313,-1,-1,-1
114,8579,785.0256,86.94799,18.504333,14.132233,0.82227945,-1,-1,-1
114,8589,826.0164,70.68917,17.295837,12.541809,0.739008,-1,-1,-1
114,8564,752.84845,110.710594,26.076477,18.752617,0.7187147,-1,-1,-1
114,8594,868.87024,49.773182,18.977661,14.394779,0.68287414,-1,-1,-1
114,8598,808.80176,84.02115,19.346375,13.979477,0.74281234,-1,-1,-1
114,8599,218.53784,449.15384,111.62659,88.76108,0.5897127,-1,-1,-1
114,8623,961.78503,19.230497,19.343506,10.971909,0.6437231,-1,-1,-1
114,8567,722.1298,134.5087,22.402344,15.468735,0.62892795,-1,-1,-1
114,8630,993.44,8.091477,15.28479,11.627442,0.6378139,-1,-1,-1
114,8561,643.4279,174.31036,25.586365,17.748993,0.50505286,-1,-1,-1
114,8527,333.8069,388.0071,71.02457,48.80481,0.57319486,-1,-1,-1
114,8540,280.76782,199.78174,37.352448,18.344818,0.5234803,-1,-1,-1
114,8533,524.0677,248.61472,38.461426,22.816742,0.39327148,-1,-1,-1
115,8523,536.27826,213.44308,28.758667,22.381805,0.71559054,-1,-1,-1
115,8524,552.42737,220.5776,32.13202,23.466644,0.77907085,-1,-1,-1
115,8542,609.1696,191.62132,28.225891,20.840927,0.7895647,-1,-1,-1
115,8531,585.26776,189.42963,26.128845,21.090637,0.83406055,-1,-1,-1
115,8544,613.4894,170.29674,26.09076,21.327011,0.7331333,-1,-1,-1
115,8565,790.43164,102.72379,18.897644,14.766304,0.76696384,-1,-1,-1
115,8539,508.64133,213.76617,29.272125,20.630463,0.6845744,-1,-1,-1
115,8579,784.6581,88.07453,18.309937,14.367043,0.775276,-1,-1,-1
115,8589,824.9746,72.14546,16.655396,12.436676,0.7638903,-1,-1,-1
115,8564,752.3727,112.10092,26.8266,18.660599,0.78277147,-1,-1,-1
115,8594,868.16724,51.117958,18.964111,14.724678,0.62675685,-1,-1,-1
115,8598,808.6201,85.50371,19.524902,14.091072,0.7867988,-1,-1,-1
115,8599,223.09407,451.18265,110.07939,86.36447,0.7315136,-1,-1,-1
115,8623,960.0761,20.092562,20.761475,11.131594,0.70289505,-1,-1,-1
115,8567,722.0581,135.90161,22.559753,15.340225,0.3551806,-1,-1,-1
115,8630,992.37427,9.558396,15.31543,12.013986,0.7033481,-1,-1,-1
115,8561,644.0469,175.07616,25.048645,18.025513,0.53742975,-1,-1,-1
115,8540,280.61578,200.6054,36.361725,18.297379,0.52622885,-1,-1,-1
115,8636,929.6494,31.21535,18.521423,10.903818,0.49771595,-1,-1,-1
115,8533,525.8471,249.05984,39.193604,22.490082,0.565672,-1,-1,-1
115,8558,644.3712,161.94812,23.228394,16.123184,0.452584,-1,-1,-1
115,8536,328.25168,386.25308,70.81799,50.106903,0.62868685,-1,-1,-1
116,8523,536.7032,213.98897,29.212769,23.015167,0.79816186,-1,-1,-1
116,8524,553.43506,221.3186,31.256042,23.558243,0.8024176,-1,-1,-1
116,8542,609.4619,192.74576,28.255371,20.551651,0.8114651,-1,-1,-1
116,8531,586.16144,190.27148,25.617859,21.187332,0.82200724,-1,-1,-1
116,8544,613.65485,170.95506,26.475098,21.584152,0.764573,-1,-1,-1
116,8565,790.054,103.790886,19.054993,14.907967,0.76373047,-1,-1,-1
116,8539,509.03314,214.57314,29.309692,20.464203,0.7641042,-1,-1,-1
116,8579,783.6144,89.58175,18.456177,14.304916,0.7500843,-1,-1,-1
116,8589,824.5857,73.6033,16.608826,12.530884,0.728246,-1,-1,-1
116,8564,751.49866,113.20213,27.308716,18.751205,0.69704425,-1,-1,-1
116,8594,867.999,52.35536,18.699097,14.795055,0.45097676,-1,-1,-1
116,8598,808.1031,86.96122,19.022583,13.978966,0.6936047,-1,-1,-1
116,8599,226.70038,452.01135,107.83835,85.95087,0.7328369,-1,-1,-1
116,8623,959.57715,21.698704,20.622925,11.410152,0.6894759,-1,-1,-1
116,8567,722.1617,137.18076,22.49762,15.531952,0.41899732,-1,-1,-1
116,8630,991.95,11.336851,15.243408,11.900002,0.6351964,-1,-1,-1
116,8561,644.45557,176.71483,24.698792,17.56726,0.61871386,-1,-1,-1
116,8540,280.85596,201.51201,35.18228,18.065948,0.559444,-1,-1,-1
116,8636,929.91113,32.090485,23.158264,10.98967,0.38409194,-1,-1,-1
116,8533,527.93604,249.21936,39.52838,22.527283,0.7509948,-1,-1,-1
116,8558,645.06665,162.65463,23.355957,16.736496,0.44229114,-1,-1,-1
116,8536,331.5256,386.4773,68.404236,50.044586,0.71687794,-1,-1,-1
117,8523,537.354,214.5996,29.896423,22.963593,0.7868085,-1,-1,-1
117,8524,553.8308,221.85605,31.625,23.952728,0.8103862,-1,-1,-1
117,8542,609.4767,193.73384,28.567383,20.471405,0.76521236,-1,-1,-1
117,8531,586.88,191.11961,25.583435,21.08812,0.79494905,-1,-1,-1
117,8544,614.4591,172.11511,25.921509,21.112534,0.79590327,-1,-1,-1
117,8565,789.96747,105.63162,18.764404,14.845261,0.7163787,-1,-1,-1
117,8539,509.67767,215.10532,29.623474,20.759964,0.7803485,-1,-1,-1
117,8579,783.2049,91.02235,17.971558,14.527351,0.81078327,-1,-1,-1
117,8589,824.3036,75.325806,16.42633,11.980354,0.81437105,-1,-1,-1
117,8564,751.4787,114.849045,26.687073,18.635635,0.75082976,-1,-1,-1
117,8594,867.3417,54.029408,18.725708,15.170933,0.59301627,-1,-1,-1
117,8598,807.8739,88.34932,19.262146,14.029327,0.7949532,-1,-1,-1
117,8599,229.98965,449.73245,109.69275,88.25534,0.7153038,-1,-1,-1
117,8623,959.01807,23.370268,19.762268,11.08386,0.3448302,-1,-1,-1
117,8567,722.09406,138.3363,22.419128,15.8824005,0.48697388,-1,-1,-1
117,8630,991.3899,12.863647,15.17981,11.863823,0.65027815,-1,-1,-1
117,8561,644.2835,177.51839,24.881592,17.853271,0.65367526,-1,-1,-1
117,8533,529.7388,249.21426,41.205994,23.311768,0.7090412,-1,-1,-1
117,8558,645.22943,163.39479,23.709412,17.350388,0.51649106,-1,-1,-1
117,8536,333.4311,386.5407,69.63214,49.92914,0.65977854,-1,-1,-1
117,8638,0.38933808,147.78638,26.546768,20.809784,0.47013292,-1,-1,-1
118,8523,537.97205,215.54865,30.380615,22.365707,0.7903626,-1,-1,-1
118,8524,554.0131,222.86334,32.05365,23.797104,0.80876464,-1,-1,-1
118,8542,609.7712,194.38914,28.4823,20.727188,0.7613694,-1,-1,-1
118,8531,587.3549,192.066,25.335632,20.935577,0.80530524,-1,-1,-1
118,8544,614.87036,173.43695,25.98529,21.034546,0.7734096,-1,-1,-1
118,8565,789.78534,107.087135,19.071411,15.217224,0.7625389,-1,-1,-1
118,8539,510.3987,215.8546,29.360748,20.96254,0.80147827,-1,-1,-1
118,8579,782.8551,92.487434,18.122375,14.519081,0.8003408,-1,-1,-1
118,8589,824.2927,76.94932,16.37146,11.563705,0.7735934,-1,-1,-1
118,8564,751.45355,116.40235,26.16217,18.154121,0.7412105,-1,-1,-1
118,8594,866.8874,55.719963,18.912537,14.812042,0.6592916,-1,-1,-1
118,8598,807.6253,89.68255,19.595154,14.1157,0.7772777,-1,-1,-1
118,8599,229.92833,448.70407,113.429855,88.66342,0.7836965,-1,-1,-1
118,8623,960.09393,25.246479,19.087708,11.659138,0.44556725,-1,-1,-1
118,8567,722.4991,139.57635,21.869995,15.805237,0.70703226,-1,-1,-1
118,8630,991.06647,14.571629,15.255493,11.24748,0.42117026,-1,-1,-1
118,8561,644.74005,178.72021,24.269104,17.710266,0.66337895,-1,-1,-1
118,8533,531.4459,249.65672,41.36609,22.585037,0.7530223,-1,-1,-1
118,8558,645.7183,164.48267,23.441956,17.104492,0.44071814,-1,-1,-1
118,8536,335.42673,386.59375,70.78381,50.174744,0.7694806,-1,-1,-1
118,8638,0.67010415,148.30458,26.807755,21.161331,0.51552653,-1,-1,-1
118,8639,892.3921,80.96293,19.657166,14.3761215,0.37796167,-1,-1,-1
119,8523,538.912,216.56071,30.157288,22.018387,0.80521727,-1,-1,-1
119,8524,554.6175,223.83875,31.701843,23.509964,0.80114144,-1,-1,-1
119,8542,610.2498,195.00002,28.426147,21.161118,0.7861041,-1,-1,-1
119,8531,588.0374,192.61365,25.064453,21.05748,0.7935511,-1,-1,-1
119,8544,615.42664,174.27873,26.133545,21.211182,0.7805188,-1,-1,-1
119,8565,789.55115,108.31724,19.146667,15.121468,0.7818828,-1,-1,-1
119,8539,511.3579,216.56422,29.227112,21.101395,0.7871301,-1,-1,-1
119,8579,782.2699,93.79222,18.536316,14.874283,0.8009433,-1,-1,-1
119,8589,823.61053,78.21889,16.273865,11.68647,0.7451498,-1,-1,-1
119,8564,751.2236,117.44714,26.204712,18.221146,0.7223599,-1,-1,-1
119,8594,866.3979,56.901028,19.222534,15.190975,0.64359486,-1,-1,-1
119,8598,807.55475,91.436745,19.457214,13.863747,0.72191,-1,-1,-1
119,8599,230.33073,448.84146,117.04088,88.74118,0.7641709,-1,-1,-1
119,8623,958.9561,26.2411,20.14502,11.998337,0.33764553,-1,-1,-1
119,8567,722.7361,140.65945,21.51233,15.799728,0.72940195,-1,-1,-1
119,8630,990.188,16.288912,14.811523,11.723387,0.43863043,-1,-1,-1
119,8561,644.72015,179.5975,24.097961,17.85553,0.5790192,-1,-1,-1
119,8533,534.14795,250.03514,39.80957,21.752304,0.76270443,-1,-1,-1
119,8558,646.28217,165.87381,22.629883,16.673096,0.45330557,-1,-1,-1
119,8536,335.96277,387.09875,74.529175,49.62094,0.66124904,-1,-1,-1
119,8638,0.4544778,148.05946,27.369965,22.585556,0.344558,-1,-1,-1
120,8523,539.8044,217.04645,29.823181,22.365616,0.77520823,-1,-1,-1
120,8524,556.5124,224.91922,30.20221,22.862213,0.72034556,-1,-1,-1
120,8542,610.8484,195.82361,28.385925,21.11943,0.6541387,-1,-1,-1
120,8531,589.16797,193.55959,25.342102,20.896805,0.7606085,-1,-1,-1
120,8544,616.118,175.04286,26.09906,21.445389,0.7532452,-1,-1,-1
120,8565,789.29407,109.3917,19.437744,15.105789,0.72846466,-1,-1,-1
120,8539,512.293,217.68002,28.927551,20.585876,0.75126094,-1,-1,-1
120,8579,782.2282,95.139694,17.82074,14.833122,0.6848843,-1,-1,-1
120,8589,823.3532,79.33903,16.330383,11.872917,0.65798074,-1,-1,-1
120,8564,751.1634,118.82963,26.50653,17.953484,0.7768239,-1,-1,-1
120,8594,866.0407,57.872993,19.885986,15.737083,0.63394535,-1,-1,-1
120,8598,807.56604,92.64536,19.342346,13.99189,0.71841556,-1,-1,-1
120,8599,230.22284,448.47644,118.77542,89.3764,0.7780578,-1,-1,-1
120,8623,958.40344,27.569567,20.847107,12.047918,0.66818583,-1,-1,-1
120,8567,722.67395,141.4568,21.778442,15.921921,0.7314964,-1,-1,-1
120,8630,990.3597,17.953346,14.441406,11.337732,0.43389723,-1,-1,-1
120,8561,644.9534,180.70923,24.760864,17.806091,0.47962326,-1,-1,-1
120,8533,536.89136,250.30534,39.384155,21.84871,0.76344514,-1,-1,-1
120,8558,647.28625,166.98196,21.846008,16.245392,0.3294225,-1,-1,-1
120,8536,337.14676,387.16916,75.65811,48.787018,0.6800944,-1,-1,-1
120,8638,0.46637782,149.4486,29.739346,22.429428,0.53426254,-1,-1,-1
120,8636,931.85394,37.890396,24.410461,11.431885,0.4182894,-1,-1,-1
121,8523,540.407,218.24886,30.142578,21.958145,0.8033584,-1,-1,-1
121,8524,557.7849,225.23633,29.974182,22.981888,0.78599924,-1,-1,-1
121,8542,610.746,196.76299,28.668335,21.358047,0.7406126,-1,-1,-1
121,8531,590.21045,194.32112,25.203003,20.880554,0.8301465,-1,-1,-1
121,8544,616.3039,175.93759,26.471008,21.758057,0.73951834,-1,-1,-1
121,8565,789.1113,110.57204,19.391968,15.101257,0.7194949,-1,-1,-1
121,8539,513.07263,218.8474,29.183838,20.177612,0.69365376,-1,-1,-1
121,8579,781.7151,96.45562,17.602417,14.745422,0.70688534,-1,-1,-1
121,8589,822.6402,81.02965,16.300476,12.063309,0.68859076,-1,-1,-1
121,8564,751.1041,120.05771,26.545471,18.236282,0.8037935,-1,-1,-1
121,8594,865.1859,59.54393,19.604187,15.211525,0.5848363,-1,-1,-1
121,8598,807.5295,94.02668,19.338074,13.887474,0.74912935,-1,-1,-1
121,8599,235.44745,447.2452,116.582275,90.513214,0.81615263,-1,-1,-1
121,8623,957.9915,29.02424,20.392029,11.845121,0.5780384,-1,-1,-1
121,8567,722.8925,142.5756,21.588806,15.641296,0.6671979,-1,-1,-1
121,8630,989.80927,19.082758,14.481995,12.127832,0.39679378,-1,-1,-1
121,8561,645.34125,181.7389,24.460388,17.667618,0.4649108,-1,-1,-1
121,8533,540.02826,250.487,38.2359,22.311615,0.7724445,-1,-1,-1
121,8558,647.804,168.16583,21.8797,16.016403,0.3586375,-1,-1,-1
121,8536,340.6087,388.81277,74.783875,47.49359,0.6998062,-1,-1,-1
121,8638,0.6686044,149.7688,31.86933,23.022507,0.570923,-1,-1,-1
121,8639,894.7504,84.14038,19.648926,13.338173,0.5048663,-1,-1,-1
122,8523,541.39465,219.06459,29.962158,21.58487,0.82413346,-1,-1,-1
122,8524,558.5908,226.10721,30.179749,22.590363,0.8224299,-1,-1,-1
122,8542,611.0123,197.51627,28.870361,21.687332,0.78235346,-1,-1,-1
122,8531,591.02136,195.18497,25.069885,20.702621,0.83469486,-1,-1,-1
122,8544,616.8874,176.93806,26.790283,21.938156,0.7422951,-1,-1,-1
122,8565,789.0122,112.09187,19.47052,14.828445,0.72643435,-1,-1,-1
122,8539,513.82654,219.69144,29.368042,20.088058,0.78538877,-1,-1,-1
122,8579,781.5922,98.031944,17.466492,14.204086,0.7402657,-1,-1,-1
122,8589,822.10583,82.20298,16.702942,12.369804,0.7108487,-1,-1,-1
122,8564,750.6395,121.31672,26.996338,18.254204,0.76871765,-1,-1,-1
122,8594,864.67914,61.094822,19.855103,15.149509,0.7013676,-1,-1,-1
122,8598,807.4531,95.43432,19.49408,13.659111,0.7649787,-1,-1,-1
122,8599,239.87938,446.55948,114.03789,90.7222,0.825629,-1,-1,-1
122,8623,957.4412,30.353405,21.192566,12.097477,0.3828787,-1,-1,-1
122,8567,723.0575,143.59465,21.636597,15.850937,0.58294994,-1,-1,-1
122,8630,989.626,20.44366,14.753784,11.618519,0.38682193,-1,-1,-1
122,8561,645.7158,183.06541,24.80896,17.175674,0.70465916,-1,-1,-1
122,8533,541.8873,250.6941,39.270752,22.959702,0.7965702,-1,-1,-1
122,8558,648.5013,169.07605,21.931763,16.255005,0.45478028,-1,-1,-1
122,8536,341.93088,388.93658,74.09161,47.135315,0.7677548,-1,-1,-1
122,8638,0.7525902,150.27199,32.853462,23.350494,0.36637032,-1,-1,-1
122,8639,896.1875,84.55732,20.156006,13.420898,0.57448334,-1,-1,-1
123,8523,542.4784,219.75958,29.893066,21.675095,0.8093802,-1,-1,-1
123,8524,559.4393,226.86128,30.221924,22.576645,0.80287606,-1,-1,-1
123,8542,611.4221,198.22176,29.001526,21.936005,0.79801065,-1,-1,-1
123,8531,591.589,196.40413,25.071716,20.36406,0.8239251,-1,-1,-1
123,8544,617.47815,177.68286,27.029236,21.849838,0.7668087,-1,-1,-1
123,8565,788.90393,113.208786,19.732666,15.302139,0.7429335,-1,-1,-1
123,8539,514.4867,220.15527,29.674622,20.476166,0.74535906,-1,-1,-1
123,8579,781.2824,99.324585,17.68811,13.843224,0.4214444,-1,-1,-1
123,8589,821.9855,83.408035,17.450623,12.39595,0.51297015,-1,-1,-1
123,8564,750.628,122.68939,26.827759,18.23439,0.7784553,-1,-1,-1
123,8594,864.75055,62.83179,18.653442,14.595875,0.66587794,-1,-1,-1
123,8598,807.3725,96.57532,19.32965,13.689468,0.72355217,-1,-1,-1
123,8599,240.98923,447.07568,116.547485,90.52948,0.82386935,-1,-1,-1
123,8623,957.6702,31.605839,20.324707,12.335251,0.4867684,-1,-1,-1
123,8567,722.96423,144.81508,21.982239,16.000153,0.39947826,-1,-1,-1
123,8630,989.3265,21.864517,14.655273,11.64642,0.30437595,-1,-1,-1
123,8561,646.07697,184.30049,25.556824,16.715927,0.6680505,-1,-1,-1
123,8533,544.3467,251.08469,39.373962,22.641632,0.7644952,-1,-1,-1
123,8536,342.8706,388.76645,73.75946,47.195312,0.69838184,-1,-1,-1
123,8639,897.1406,85.3763,19.793945,13.05349,0.3682548,-1,-1,-1
123,8650,925.3465,43.44191,13.850037,10.835102,0.5814182,-1,-1,-1
123,8540,281.44113,206.6612,35.96881,18.192612,0.27607456,-1,-1,-1
123,8636,937.13257,42.767925,19.228027,11.633804,0.38747945,-1,-1,-1
124,8523,543.7374,220.29674,29.818298,21.743683,0.7934495,-1,-1,-1
124,8524,560.4118,227.94916,29.155457,22.357391,0.75400513,-1,-1,-1
124,8542,612.3277,199.31564,28.503601,21.473907,0.83371866,-1,-1,-1
124,8531,592.4325,197.3712,24.612427,20.199005,0.7414138,-1,-1,-1
124,8544,618.33167,178.56648,26.543884,21.444763,0.79967225,-1,-1,-1
124,8565,788.7949,114.04126,19.957336,15.332123,0.7549512,-1,-1,-1
124,8539,515.0954,221.19077,29.702637,20.049088,0.7471536,-1,-1,-1
124,8579,781.01965,100.64105,17.935913,14.427719,0.36810917,-1,-1,-1
124,8589,821.81165,84.88,16.558777,12.23217,0.71285415,-1,-1,-1
124,8564,750.34076,123.76475,26.254395,18.040062,0.7004451,-1,-1,-1
124,8594,864.1525,64.37768,18.750732,14.652527,0.62800515,-1,-1,-1
124,8598,807.293,97.76138,19.210938,13.589462,0.6820592,-1,-1,-1
124,8599,243.82628,446.59348,116.916794,91.184906,0.83112806,-1,-1,-1
124,8623,956.1436,32.83238,21.758179,12.437908,0.5092269,-1,-1,-1
124,8567,723.31396,146.40317,21.964539,15.507797,0.55317014,-1,-1,-1
124,8561,646.28973,184.99344,26.01648,17.139648,0.6329409,-1,-1,-1
124,8533,546.7921,251.06618,39.238525,22.874557,0.78688645,-1,-1,-1
124,8536,346.15305,387.58286,71.50522,47.681305,0.76285636,-1,-1,-1
124,8650,925.0576,44.557137,12.897034,10.97028,0.39491883,-1,-1,-1
124,8540,282.08926,207.72395,35.64618,17.951172,0.40695062,-1,-1,-1
124,8636,935.5333,43.890633,20.440735,11.705494,0.28904116,-1,-1,-1
125,8523,544.7156,220.88382,30.599976,21.783081,0.8028429,-1,-1,-1
125,8524,561.4861,228.62712,28.626465,22.227036,0.7806769,-1,-1,-1
125,8542,613.3265,200.20735,27.817993,21.291763,0.822371,-1,-1,-1
125,8531,593.28827,198.00562,24.015808,20.292892,0.7617497,-1,-1,-1
125,8544,619.33466,179.36923,26.119812,21.277817,0.80150527,-1,-1,-1
125,8565,788.27277,115.0048,20.171387,15.440666,0.74539334,-1,-1,-1
125,8539,515.8265,221.89395,30.111755,19.796844,0.82231313,-1,-1,-1
125,8579,780.69684,102.287605,17.330383,14.510391,0.4703555,-1,-1,-1
125,8589,821.5306,86.72261,16.31781,11.510101,0.642145,-1,-1,-1
125,8564,750.2296,125.027275,26.345093,17.637184,0.76785105,-1,-1,-1
125,8594,863.6418,65.00082,19.452454,15.408066,0.60574186,-1,-1,-1
125,8598,807.23083,99.07647,18.813965,13.450394,0.5960027,-1,-1,-1
125,8599,247.28328,445.9682,116.05467,91.49408,0.8223954,-1,-1,-1
125,8623,955.40857,34.334164,23.206848,12.1431465,0.34431663,-1,-1,-1
125,8567,723.26495,147.37906,22.06549,15.448151,0.61421734,-1,-1,-1
125,8561,646.9547,185.58679,25.585266,17.454193,0.6434718,-1,-1,-1
125,8533,549.2043,251.14568,39.13257,22.578842,0.8007145,-1,-1,-1
125,8536,348.65048,387.1159,70.259796,48.09854,0.70547605,-1,-1,-1
125,8540,282.75482,208.52776,34.96811,17.719147,0.5132794,-1,-1,-1
125,8636,936.01117,44.7939,19.867615,11.551228,0.36612296,-1,-1,-1
125,8558,650.0941,171.39188,22.789612,16.345825,0.36906075,-1,-1,-1
126,8523,545.4584,221.69872,30.474487,21.550781,0.8217776,-1,-1,-1
126,8524,562.1078,229.19604,28.967224,22.45813,0.8019646,-1,-1,-1
126,8542,613.59845,201.29535,28.202332,21.44014,0.8161372,-1,-1,-1
126,8531,593.7535,199.07744,23.751282,19.961197,0.7426403,-1,-1,-1
126,8544,620.13165,180.12949,25.947632,21.503387,0.8004225,-1,-1,-1
126,8565,788.0611,115.94662,20.544556,15.631462,0.70687604,-1,-1,-1
126,8539,516.89935,222.76343,29.75763,19.76059,0.8510067,-1,-1,-1
126,8579,780.12396,103.52909,17.653809,14.561928,0.5846786,-1,-1,-1
126,8589,820.91156,87.98496,16.18988,11.366722,0.5478742,-1,-1,-1
126,8564,750.3116,126.20442,26.033325,17.698349,0.8082437,-1,-1,-1
126,8594,863.3779,66.34424,19.374817,15.149948,0.57868004,-1,-1,-1
126,8598,807.05725,100.234985,18.231323,13.487015,0.6676648,-1,-1,-1
126,8599,251.5051,445.57272,113.51285,91.88577,0.8163114,-1,-1,-1
126,8623,954.9672,35.878162,22.199951,11.912178,0.44169042,-1,-1,-1
126,8567,722.9847,148.08376,22.357605,15.891098,0.6546227,-1,-1,-1
126,8561,647.57916,185.95363,25.561768,18.035065,0.6114692,-1,-1,-1
126,8533,552.6994,251.27324,38.177002,22.200912,0.8218611,-1,-1,-1
126,8536,350.84845,386.6006,67.71353,48.340027,0.7688544,-1,-1,-1
126,8540,283.17474,209.3961,33.98349,17.30043,0.5932034,-1,-1,-1
126,8558,650.5066,172.15831,22.681519,15.931335,0.26315147,-1,-1,-1
126,8630,988.38214,25.730442,14.191467,12.207294,0.3518174,-1,-1,-1
127,8523,546.21735,222.33331,30.449768,21.634277,0.83184487,-1,-1,-1
127,8524,562.5423,229.67337,29.342346,22.61972,0.8054584,-1,-1,-1
127,8542,614.01776,202.25383,27.920715,21.31572,0.7940075,-1,-1,-1
127,8531,594.17004,199.74025,23.828064,19.921524,0.72657853,-1,-1,-1
127,8544,620.74255,181.04634,26.052856,21.265335,0.80337125,-1,-1,-1
127,8565,788.1714,117.28441,20.282654,15.409073,0.6420157,-1,-1,-1
127,8539,518.0383,223.20187,29.579224,20.141922,0.8186003,-1,-1,-1
127,8579,779.84296,104.61649,17.732544,14.586594,0.63651,-1,-1,-1
127,8589,820.57214,88.87114,16.41101,12.179672,0.62446237,-1,-1,-1
127,8564,750.16425,127.03645,25.72754,18.175156,0.7589366,-1,-1,-1
127,8594,863.02856,67.49672,19.342285,15.330009,0.41770336,-1,-1,-1
127,8598,806.6945,101.33352,18.849121,13.704353,0.75611913,-1,-1,-1
127,8599,252.24205,445.24454,115.08263,91.81406,0.8162008,-1,-1,-1
127,8623,955.37726,37.26422,21.403809,12.13575,0.34978884,-1,-1,-1
127,8567,723.0246,149.02283,22.540222,15.960907,0.6601679,-1,-1,-1
127,8561,647.8369,187.01529,25.026978,17.853592,0.5536498,-1,-1,-1
127,8533,555.35034,251.70738,37.233032,21.155472,0.80034995,-1,-1,-1
127,8536,353.92206,386.42108,63.0231,48.418823,0.7620594,-1,-1,-1
127,8540,283.33902,210.14796,34.608673,16.879211,0.3683316,-1,-1,-1
127,8630,988.01917,26.947298,14.033142,11.761625,0.294906,-1,-1,-1
127,8638,4.156718,155.2442,37.62411,21.412994,0.25774226,-1,-1,-1
128,8523,547.11237,222.83073,29.873596,21.949753,0.8105709,-1,-1,-1
128,8524,563.36835,230.48106,29.385925,22.251862,0.66961616,-1,-1,-1
128,8542,614.2613,203.15115,27.73639,21.461685,0.7825898,-1,-1,-1
128,8531,595.2187,200.49951,23.759888,19.795181,0.72740906,-1,-1,-1
128,8544,621.60864,181.7774,25.77356,21.27678,0.79669964,-1,-1,-1
128,8565,788.30804,118.97338,19.591797,15.274452,0.6721716,-1,-1,-1
128,8539,518.94,223.89471,29.209473,20.116104,0.79676634,-1,-1,-1
128,8579,780.02704,105.96897,17.787354,14.720329,0.7355376,-1,-1,-1
128,8589,820.4985,89.998344,16.016846,12.1263275,0.67434245,-1,-1,-1
128,8564,749.9229,127.918495,25.74231,18.424477,0.6408119,-1,-1,-1
128,8594,862.6187,69.00793,19.22882,15.112854,0.63173366,-1,-1,-1
128,8598,806.4404,102.65879,18.940186,13.541634,0.73183227,-1,-1,-1
128,8599,254.42096,444.65115,115.719025,92.10684,0.84354806,-1,-1,-1
128,8623,955.423,38.250233,20.427734,12.332905,0.47150937,-1,-1,-1
128,8567,723.0017,150.06949,22.704102,16.21669,0.603531,-1,-1,-1
128,8561,648.44305,188.04271,24.900146,17.756271,0.62061715,-1,-1,-1
128,8533,557.76544,252.10912,37.6391,20.881027,0.7979283,-1,-1,-1
128,8536,356.27835,386.76538,66.70517,48.48651,0.69094795,-1,-1,-1
128,8540,283.4532,210.86485,34.159515,16.47258,0.6038791,-1,-1,-1
128,8653,219.71432,170.47925,25.44226,18.774353,0.42272362,-1,-1,-1
128,8654,1015.2837,24.512018,8.631653,10.283861,0.39641315,-1,-1,-1
128,8638,4.968622,155.63661,38.837807,21.881561,0.37109545,-1,-1,-1
128,8639,901.5298,89.455574,20.939758,13.13073,0.3411091,-1,-1,-1
128,8650,923.803,50.00782,15.011841,11.138481,0.56838983,-1,-1,-1
128,8636,936.2876,49.753128,17.860413,11.438831,0.33292517,-1,-1,-1
129,8523,548.2417,223.48138,29.576233,22.061737,0.8102592,-1,-1,-1
129,8524,564.7983,231.12187,29.178162,21.960266,0.7764571,-1,-1,-1
129,8542,614.88324,204.28801,27.73706,21.084457,0.8041793,-1,-1,-1
129,8531,596.40094,200.72134,23.93811,20.253662,0.79312253,-1,-1,-1
129,8544,622.33997,182.78178,25.599487,21.208939,0.8133832,-1,-1,-1
129,8565,788.3644,120.15073,19.678223,15.216461,0.6592499,-1,-1,-1
129,8539,519.69653,224.86862,29.20459,19.79715,0.79120284,-1,-1,-1
129,8579,780.1592,107.29085,17.522522,14.487991,0.54026616,-1,-1,-1
129,8589,819.8361,91.53069,16.024414,12.065308,0.4177667,-1,-1,-1
129,8564,749.91644,128.94962,25.415894,18.342285,0.73200256,-1,-1,-1
129,8594,862.236,70.41692,19.289062,14.940399,0.736654,-1,-1,-1
129,8598,806.4583,103.88042,19.298218,13.689835,0.7348534,-1,-1,-1
129,8599,255.38889,443.85605,118.23352,92.6669,0.8640281,-1,-1,-1
129,8623,953.50195,39.9305,22.09082,12.216183,0.6125342,-1,-1,-1
129,8567,723.1117,150.88919,22.780762,16.380402,0.5072155,-1,-1,-1
129,8561,649.1685,188.80136,24.838745,17.746353,0.70460576,-1,-1,-1
129,8533,560.97754,252.37552,36.777344,20.161682,0.79922605,-1,-1,-1
129,8536,358.859,386.6149,66.04019,48.287903,0.78801656,-1,-1,-1
129,8540,283.93018,211.50557,33.84796,16.413498,0.51209885,-1,-1,-1
129,8653,220.36308,171.11519,23.791504,18.468826,0.34285662,-1,-1,-1
129,8654,1015.11096,25.612783,8.78418,10.665461,0.3284111,-1,-1,-1
129,8638,6.556897,155.04155,40.694817,23.393661,0.40633944,-1,-1,-1
129,8639,902.91736,90.55674,20.463928,12.547867,0.29669705,-1,-1,-1
129,8650,923.30804,51.384193,14.90448,10.985188,0.38376924,-1,-1,-1
130,8523,549.06854,224.22081,29.867493,22.095566,0.8153804,-1,-1,-1
130,8524,565.33374,231.9202,29.74701,21.856964,0.8022123,-1,-1,-1
130,8542,615.36383,205.23099,28.045593,21.038834,0.81869465,-1,-1,-1
130,8531,596.9208,201.38425,24.686218,20.487762,0.8319936,-1,-1,-1
130,8544,622.9747,183.65419,25.799622,21.107422,0.814305,-1,-1,-1
130,8565,788.1757,121.12191,19.702087,15.280434,0.6566239,-1,-1,-1
130,8539,520.5376,225.68155,29.019043,19.659775,0.81506735,-1,-1,-1
130,8579,779.8755,108.5434,17.750366,14.503616,0.656632,-1,-1,-1
130,8589,819.4914,93.38549,16.081604,11.605522,0.5384343,-1,-1,-1
130,8564,749.91095,130.15456,25.111084,18.04544,0.71221185,-1,-1,-1
130,8594,862.2698,71.72526,18.997437,15.134178,0.6949051,-1,-1,-1
130,8598,806.46,105.125725,19.238098,13.490456,0.68654,-1,-1,-1
130,8599,257.81824,443.12604,119.86218,93.46918,0.8558482,-1,-1,-1
130,8623,952.8858,40.81213,22.615662,12.516785,0.56676126,-1,-1,-1
130,8567,723.669,151.81784,22.4776,16.639023,0.72188723,-1,-1,-1
130,8561,649.5563,189.92874,24.964966,17.602081,0.72288674,-1,-1,-1
130,8533,564.14325,252.31761,36.717896,20.328476,0.7939762,-1,-1,-1
130,8536,361.15735,386.33276,64.24097,48.4881,0.80455744,-1,-1,-1
130,8638,8.356164,155.7738,40.485485,23.678635,0.34932917,-1,-1,-1
130,8558,652.5672,175.12537,21.989014,16.915588,0.3673237,-1,-1,-1
131,8523,549.8723,225.14996,29.90155,21.964966,0.7906011,-1,-1,-1
131,8524,566.1388,232.4039,30.193604,21.890442,0.7750074,-1,-1,-1
131,8542,615.97266,206.2394,28.097351,20.925522,0.8329064,-1,-1,-1
131,8531,597.802,202.10526,24.847229,20.585114,0.85384256,-1,-1,-1
131,8544,623.7747,184.37358,25.891846,21.328094,0.8150922,-1,-1,-1
131,8565,788.02637,122.19001,20.317078,15.500755,0.6420966,-1,-1,-1
131,8539,521.4771,226.10011,29.046082,19.894775,0.7438987,-1,-1,-1
131,8579,779.4251,109.03359,18.290894,15.418297,0.67387927,-1,-1,-1
131,8589,818.9884,94.64114,16.647644,11.681023,0.6058348,-1,-1,-1
131,8564,750.2685,131.61636,25.125977,17.43155,0.75034416,-1,-1,-1
131,8594,862.0723,73.18883,19.111572,14.960793,0.71918184,-1,-1,-1
131,8598,806.291,106.38019,18.996155,13.394989,0.6663787,-1,-1,-1
131,8599,261.63977,442.0635,119.04385,94.068085,0.86521274,-1,-1,-1
131,8623,951.945,42.697006,22.97638,11.889168,0.4476171,-1,-1,-1
131,8567,723.8944,152.73476,22.393982,16.60907,0.7134255,-1,-1,-1
131,8561,650.101,190.97163,25.024109,17.551743,0.73288316,-1,-1,-1
131,8533,567.0144,252.56476,36.2323,19.965118,0.7973606,-1,-1,-1
131,8536,363.77835,386.26923,64.928314,48.21939,0.7796314,-1,-1,-1
131,8558,652.6579,176.24387,23.161743,17.002075,0.5236435,-1,-1,-1
131,8540,284.7826,212.54366,33.14084,16.399033,0.30587327,-1,-1,-1
132,8523,551.07245,225.98857,28.955627,21.753662,0.7868164,-1,-1,-1
132,8524,566.90405,233.01755,30.356873,21.902252,0.81498396,-1,-1,-1
132,8542,616.4152,206.85408,28.07019,21.01764,0.8473717,-1,-1,-1
132,8531,598.73694,202.69987,24.520264,20.795639,0.85749257,-1,-1,-1
132,8544,624.5577,185.17685,25.827148,21.157867,0.79189855,-1,-1,-1
132,8565,787.91223,123.201614,20.273682,15.463242,0.56538147,-1,-1,-1
132,8539,522.7327,226.72829,28.500488,19.876266,0.80799204,-1,-1,-1
132,8579,779.0779,110.2523,18.60315,15.169617,0.570336,-1,-1,-1
132,8589,818.60846,95.49357,17.267029,12.215599,0.69337785,-1,-1,-1
132,8564,750.13513,133.1328,24.753967,17.09909,0.71594036,-1,-1,-1
132,8594,861.6936,74.348175,19.573364,15.121704,0.5473934,-1,-1,-1
132,8598,806.1875,107.33183,19.445251,13.702324,0.73823184,-1,-1,-1
132,8599,264.14722,440.50464,120.48154,95.44006,0.8742103,-1,-1,-1
132,8623,953.716,43.58516,22.871399,12.198833,0.32315373,-1,-1,-1
132,8567,724.4679,153.73956,22.335144,16.36882,0.7433478,-1,-1,-1
132,8561,650.6534,191.87619,25.207458,17.52118,0.7415699,-1,-1,-1
132,8533,569.55585,252.78717,35.74469,19.798187,0.81511915,-1,-1,-1
132,8536,365.6854,385.89444,63.26895,48.160034,0.718491,-1,-1,-1
132,8558,653.3519,176.98528,23.445557,17.020798,0.5082559,-1,-1,-1
132,8659,281.5074,427.9229,61.661316,42.053375,0.36536103,-1,-1,-1
132,8540,285.20682,212.98003,33.78833,16.411835,0.29567838,-1,-1,-1
132,8650,922.07056,55.807224,21.720459,11.566685,0.42565042,-1,-1,-1
132,8638,11.593224,159.37146,39.047318,21.96756,0.4686282,-1,-1,-1
133,8523,552.13495,226.33864,28.802063,21.95105,0.80231816,-1,-1,-1
133,8524,567.8435,233.61235,30.01001,21.820816,0.8230185,-1,-1,-1
133,8542,616.7109,207.61,28.566162,21.047104,0.83766824,-1,-1,-1
133,8531,599.6577,203.57285,24.092834,20.55011,0.8317279,-1,-1,-1
133,8544,625.5193,186.05803,25.359741,20.863922,0.7949713,-1,-1,-1
133,8565,788.04724,124.698845,19.80365,14.944176,0.50990164,-1,-1,-1
133,8539,524.0075,227.16367,28.445862,19.981735,0.78578997,-1,-1,-1
133,8579,778.9159,111.69327,18.69812,14.761131,0.43336427,-1,-1,-1
133,8589,818.19745,96.60122,17.110107,12.18486,0.711192,-1,-1,-1
133,8564,749.39307,134.17586,25.34259,17.431091,0.7623755,-1,-1,-1
133,8594,861.1651,75.47753,19.554077,15.056862,0.6542427,-1,-1,-1
133,8598,806.2447,108.24397,19.612183,13.795296,0.7327592,-1,-1,-1
133,8599,265.5228,440.28854,120.84827,95.49252,0.8692958,-1,-1,-1
133,8623,952.14905,44.66142,22.823914,11.740875,0.35810223,-1,-1,-1
133,8567,725.1915,154.57312,22.085754,16.16504,0.76222676,-1,-1,-1
133,8561,651.1498,192.1704,25.625916,17.963013,0.58833677,-1,-1,-1
133,8533,572.3734,252.87836,35.207214,19.767792,0.7992796,-1,-1,-1
133,8536,368.40402,385.8832,65.57895,48.1532,0.7233789,-1,-1,-1
133,8558,654.0483,177.81387,23.584229,16.204773,0.2852574,-1,-1,-1
133,8659,283.5859,427.77646,61.556213,42.191193,0.4523116,-1,-1,-1
133,8540,285.94177,213.62993,36.32959,16.54869,0.30461428,-1,-1,-1
133,8650,921.9478,56.914394,23.44934,11.7320595,0.2727859,-1,-1,-1
133,8638,13.4009905,160.49908,38.466812,21.626663,0.51408666,-1,-1,-1
133,8653,222.9748,172.73499,23.16005,18.632492,0.34312525,-1,-1,-1
133,8654,1014.12616,30.862385,9.784973,11.208691,0.32676646,-1,-1,-1
134,8523,553.1641,226.74057,28.433777,22.0056,0.81416553,-1,-1,-1
134,8524,569.0356,234.07266,29.62445,21.808167,0.7837574,-1,-1,-1
134,8542,616.71027,208.27301,29.062073,21.357224,0.83528554,-1,-1,-1
134,8531,600.60974,204.80959,23.170532,20.020615,0.8258807,-1,-1,-1
134,8544,626.20654,186.51677,25.427856,21.04515,0.81236506,-1,-1,-1
134,8565,787.9622,125.79856,20.004456,15.160835,0.46375585,-1,-1,-1
134,8539,525.10986,227.70589,28.379211,20.129593,0.7745033,-1,-1,-1
134,8579,778.9014,112.49944,19.008423,14.93969,0.3084618,-1,-1,-1
134,8589,818.03394,98.04933,17.26941,11.703064,0.49845424,-1,-1,-1
134,8564,749.4227,134.87405,25.717163,17.841873,0.73037106,-1,-1,-1
134,8594,860.4896,76.8546,19.215393,15.072449,0.7877172,-1,-1,-1
134,8598,806.2767,109.61733,19.703064,13.677696,0.66533345,-1,-1,-1
134,8599,266.0114,440.1018,123.08197,95.80658,0.86476535,-1,-1,-1
134,8623,951.4245,46.11582,23.311096,11.650063,0.47468066,-1,-1,-1
134,8567,724.67,155.03331,23.04132,16.71605,0.65994984,-1,-1,-1
134,8561,651.3936,193.53033,25.879028,17.589111,0.57963634,-1,-1,-1
134,8533,574.65454,253.16441,35.065125,19.615555,0.77419853,-1,-1,-1
134,8536,371.27176,385.7428,65.527405,48.270477,0.7614318,-1,-1,-1
134,8558,654.8689,178.51254,23.4552,16.121368,0.3170746,-1,-1,-1
134,8659,285.865,427.06305,61.134247,43.159485,0.5501682,-1,-1,-1
134,8540,286.29224,214.25441,35.91211,16.494186,0.3808248,-1,-1,-1
134,8650,920.95276,57.99369,26.326843,11.469955,0.43232572,-1,-1,-1
134,8638,14.492221,160.22623,39.613506,22.94426,0.35349968,-1,-1,-1
134,8653,223.33423,173.38376,24.557877,18.867157,0.49007833,-1,-1,-1
134,8654,1013.7916,31.821163,10.149292,11.901756,0.2660413,-1,-1,-1
135,8523,554.3123,227.33751,28.413635,21.708313,0.8240254,-1,-1,-1
135,8524,569.67505,234.56847,29.865295,21.646255,0.79624045,-1,-1,-1
135,8542,617.08997,208.88463,29.205933,21.478668,0.8413683,-1,-1,-1
135,8531,601.5648,205.33385,23.177917,20.116974,0.8270179,-1,-1,-1
135,8544,627.2017,186.95364,25.068176,21.472656,0.78657705,-1,-1,-1
135,8565,788.06683,126.68436,20.277893,15.113785,0.46792248,-1,-1,-1
135,8539,526.2316,228.13719,28.356506,20.214401,0.79881155,-1,-1,-1
135,8579,779.45123,113.983894,18.484558,15.406853,0.30217648,-1,-1,-1
135,8589,817.96027,99.78328,17.640198,11.28994,0.62504435,-1,-1,-1
135,8564,749.1994,135.96635,25.878479,17.834045,0.73509175,-1,-1,-1
135,8594,859.93665,77.749084,19.246277,15.969292,0.6737105,-1,-1,-1
135,8598,806.4689,110.938194,20.024841,13.486938,0.5348517,-1,-1,-1
135,8599,271.41568,438.74335,120.13751,95.91083,0.8634184,-1,-1,-1
135,8567,725.0124,156.14769,23.019836,16.81601,0.42488778,-1,-1,-1
135,8561,651.9548,194.66812,25.328491,17.248962,0.5498601,-1,-1,-1
135,8533,577.0507,253.18884,35.414124,19.768616,0.8063416,-1,-1,-1
135,8536,373.7355,385.56577,65.29697,48.168182,0.675155,-1,-1,-1
135,8558,655.91693,179.23946,22.7948,16.15712,0.3032113,-1,-1,-1
135,8659,288.4318,427.51434,59.598755,42.890137,0.43000245,-1,-1,-1
135,8540,286.73404,214.92241,36.44821,16.356888,0.39383867,-1,-1,-1
135,8653,223.87766,173.92178,25.381287,18.730774,0.29465806,-1,-1,-1
136,8523,555.2841,227.48419,28.408325,22.07869,0.82571995,-1,-1,-1
136,8524,570.3551,234.9915,30.406555,21.622421,0.7985736,-1,-1,-1
136,8542,617.82074,209.81026,28.861023,21.584015,0.8223058,-1,-1,-1
136,8531,602.0984,205.7515,23.108337,20.33461,0.82498,-1,-1,-1
136,8544,627.87225,187.52391,24.965515,21.783981,0.77600193,-1,-1,-1
136,8565,788.02734,127.86022,20.680298,15.053017,0.6506461,-1,-1,-1
136,8539,526.95105,228.59529,28.585938,20.276932,0.81410265,-1,-1,-1
136,8579,778.8921,115.26545,18.804993,15.568962,0.5003171,-1,-1,-1
136,8589,817.82306,100.79694,17.703613,11.561035,0.6633061,-1,-1,-1
136,8564,749.1818,137.32639,25.899597,17.468475,0.76695716,-1,-1,-1
136,8594,859.89545,78.90173,19.571533,15.752739,0.63933593,-1,-1,-1
136,8598,806.60156,112.53417,20.052002,12.965958,0.5575955,-1,-1,-1
136,8599,273.16916,438.37747,119.807465,97.32608,0.8709816,-1,-1,-1
136,8567,725.41833,157.41899,22.808777,16.42839,0.5297787,-1,-1,-1
136,8561,652.638,195.6583,24.75708,17.037003,0.6381564,-1,-1,-1
136,8533,580.20715,253.18373,34.506958,19.840652,0.79019594,-1,-1,-1
136,8536,375.71188,385.49826,65.15149,47.850525,0.650175,-1,-1,-1
136,8659,290.15567,427.2483,60.26889,42.663452,0.35748768,-1,-1,-1
136,8540,286.96243,215.84827,34.50757,16.03833,0.4631029,-1,-1,-1
136,8653,224.1294,175.00484,24.266129,18.143234,0.6641767,-1,-1,-1
137,8523,556.3654,227.83553,28.378967,22.274414,0.8166329,-1,-1,-1
137,8524,571.4751,235.74307,29.805908,21.540375,0.79162544,-1,-1,-1
137,8542,618.6733,210.6839,28.624023,21.55832,0.8426884,-1,-1,-1
137,8531,603.10266,206.37854,23.042786,20.224686,0.8227666,-1,-1,-1
137,8544,628.1276,188.22299,25.445251,21.698776,0.75242853,-1,-1,-1
137,8565,787.976,128.81982,21.135315,15.352554,0.60719377,-1,-1,-1
137,8539,527.7733,229.04382,28.108887,20.502884,0.77994967,-1,-1,-1
137,8589,817.36426,101.81544,17.521729,12.113083,0.660713,-1,-1,-1
137,8564,749.1934,138.20604,26.26471,17.591248,0.7465557,-1,-1,-1
137,8594,859.3856,80.36943,19.95929,15.6473465,0.51596814,-1,-1,-1
137,8598,806.2824,113.40491,19.74884,13.424149,0.5926334,-1,-1,-1
137,8599,275.83533,437.55542,118.72232,96.241455,0.8433224,-1,-1,-1
137,8567,725.6512,158.1935,23.007263,16.550735,0.4900835,-1,-1,-1
137,8561,653.07385,196.35959,24.739136,17.040665,0.57751703,-1,-1,-1
137,8533,582.46155,253.56255,34.096558,19.706131,0.7998586,-1,-1,-1
137,8536,375.61032,385.56644,64.85004,47.261353,0.7343045,-1,-1,-1
137,8659,292.30322,426.79544,61.674927,41.960358,0.4954804,-1,-1,-1
137,8540,287.40378,216.33849,33.20746,16.199768,0.395462,-1,-1,-1
137,8653,224.56096,175.5239,24.186432,18.036438,0.5485455,-1,-1,-1
137,8639,910.7632,96.68529,19.696411,11.5191345,0.30955097,-1,-1,-1
138,8523,557.52075,229.29146,28.659485,21.31427,0.7970516,-1,-1,-1
138,8524,572.4465,236.44968,29.569275,21.425995,0.7981901,-1,-1,-1
138,8542,619.2121,211.46222,28.560669,21.353668,0.82046884,-1,-1,-1
138,8531,603.9594,207.10837,23.019043,20.019272,0.8369597,-1,-1,-1
138,8544,628.5227,189.17554,25.767822,21.652603,0.79694545,-1,-1,-1
138,8565,788.0027,129.6978,20.842773,15.393036,0.63842195,-1,-1,-1
138,8539,528.9173,229.69965,28.239746,20.346527,0.69368416,-1,-1,-1
138,8589,817.3106,102.67934,16.80072,12.503815,0.79653937,-1,-1,-1
138,8564,748.9381,139.20964,26.048157,17.85431,0.783,-1,-1,-1
138,8594,859.15,81.79956,20.026733,15.482185,0.5598398,-1,-1,-1
138,8598,805.966,114.13088,19.49237,13.852402,0.73196834,-1,-1,-1
138,8599,280.0488,435.65283,119.66693,96.33649,0.8167718,-1,-1,-1
138,8567,725.6603,159.08482,22.543945,16.569519,0.45444745,-1,-1,-1
138,8561,653.53406,196.97032,24.735352,17.48172,0.7118734,-1,-1,-1
138,8533,584.8736,253.6817,33.87909,19.797272,0.79335934,-1,-1,-1
138,8536,377.92737,385.55643,62.47885,46.82605,0.5928761,-1,-1,-1
138,8659,294.28796,426.16928,62.338776,42.424988,0.3438629,-1,-1,-1
138,8540,287.85895,216.78018,32.958466,16.070694,0.520696,-1,-1,-1
138,8653,225.05554,176.07092,23.216187,17.6987,0.483284,-1,-1,-1
138,8639,911.99054,97.5091,19.362427,11.347321,0.2572107,-1,-1,-1
138,8579,778.1187,117.99997,18.962463,15.042969,0.4712736,-1,-1,-1
139,8523,558.55145,230.12178,28.409607,21.212921,0.80097127,-1,-1,-1
139,8524,573.29517,237.21082,29.174988,21.165619,0.77355766,-1,-1,-1
139,8542,619.43445,211.8899,28.294312,21.455032,0.8243885,-1,-1,-1
139,8531,604.8268,207.56451,23.114807,20.26027,0.848665,-1,-1,-1
139,8544,629.0325,189.67892,25.938232,22.008072,0.8134874,-1,-1,-1
139,8565,787.79626,131.3165,20.365479,14.974258,0.64698094,-1,-1,-1
139,8539,530.0108,230.5666,28.224182,19.925613,0.57167625,-1,-1,-1
139,8589,816.92554,103.51492,16.838074,12.50293,0.7457958,-1,-1,-1
139,8564,748.8796,140.41835,25.598083,17.9048,0.8005629,-1,-1,-1
139,8594,858.81274,83.07278,20.816223,15.627304,0.6772712,-1,-1,-1
139,8598,805.6124,115.538315,20.515564,13.683502,0.72534096,-1,-1,-1
139,8599,282.9976,435.73602,119.04538,97.503845,0.84705245,-1,-1,-1
139,8567,726.1018,160.10071,22.516235,16.780273,0.50461686,-1,-1,-1
139,8561,654.23395,197.45705,24.20514,17.804535,0.7068143,-1,-1,-1
139,8533,587.26135,253.61353,33.6369,19.812042,0.8050693,-1,-1,-1
139,8536,381.31186,385.12698,58.284027,46.355072,0.5145061,-1,-1,-1
139,8659,296.03558,426.32748,62.239563,42.069946,0.32330665,-1,-1,-1
139,8540,288.23956,217.53806,33.770844,15.974487,0.4561925,-1,-1,-1
139,8653,225.40366,176.28242,23.988052,18.0029,0.5163087,-1,-1,-1
139,8639,913.0395,97.88718,19.275085,11.607368,0.49771643,-1,-1,-1
139,8579,777.8371,118.99366,19.009644,15.441536,0.5432327,-1,-1,-1
139,8558,657.4596,182.73537,23.53003,17.072601,0.27306637,-1,-1,-1
140,8523,559.39,230.50183,28.422424,21.170914,0.7806302,-1,-1,-1
140,8524,574.3231,237.6003,28.870361,21.216507,0.78784704,-1,-1,-1
140,8542,620.3336,212.69882,27.710876,21.360886,0.82033354,-1,-1,-1
140,8531,605.6738,207.83203,23.407349,20.26767,0.8520389,-1,-1,-1
140,8544,629.6083,190.50383,25.796204,21.879135,0.76344705,-1,-1,-1
140,8565,787.8588,132.34175,20.5484,15.068085,0.64665,-1,-1,-1
140,8539,531.13544,231.5082,28.158325,19.446396,0.53059256,-1,-1,-1
140,8589,816.7033,105.14414,16.748169,12.188568,0.6250989,-1,-1,-1
140,8564,748.34534,141.30965,26.117432,18.130844,0.7707564,-1,-1,-1
140,8594,858.2413,84.28551,21.12085,15.720451,0.7163942,-1,-1,-1
140,8598,805.66486,117.174965,19.807495,13.36364,0.64240617,-1,-1,-1
140,8599,282.84976,435.7858,121.343414,98.3295,0.8564994,-1,-1,-1
140,8567,725.88727,160.89832,22.993652,17.321014,0.5619319,-1,-1,-1
140,8561,654.50684,198.2304,24.27472,17.940842,0.5928448,-1,-1,-1
140,8533,589.4631,253.75848,33.40576,19.715271,0.81564856,-1,-1,-1
140,8536,384.23337,384.63202,55.527008,46.95041,0.57497895,-1,-1,-1
140,8659,298.09705,425.8757,61.521576,41.9458,0.4149515,-1,-1,-1
140,8540,288.776,218.11382,33.230408,16.125275,0.32784167,-1,-1,-1
140,8653,225.73286,176.58618,26.058258,18.403275,0.5473119,-1,-1,-1
140,8639,913.6906,98.592804,19.222534,11.699654,0.44377613,-1,-1,-1
140,8579,777.2673,120.379776,18.941772,15.41806,0.3001076,-1,-1,-1
140,8558,658.1634,183.83444,23.291687,16.29361,0.35904956,-1,-1,-1
141,8523,560.13226,231.47716,27.693542,20.763885,0.8151805,-1,-1,-1
141,8524,575.53815,238.10783,28.750305,21.707901,0.80853903,-1,-1,-1
141,8542,621.51855,214.11081,27.207336,20.750946,0.8494138,-1,-1,-1
141,8531,606.179,208.71649,23.282593,19.912537,0.8600711,-1,-1,-1
141,8544,630.47894,191.40163,25.43982,21.49527,0.7782638,-1,-1,-1
141,8565,787.9776,133.31702,20.181335,15.277832,0.551247,-1,-1,-1
141,8539,532.1105,232.29916,27.654419,19.168274,0.6526097,-1,-1,-1
141,8589,816.212,106.72151,16.724487,12.19545,0.72319645,-1,-1,-1
141,8564,748.27435,142.18164,26.148193,18.317505,0.7649533,-1,-1,-1
141,8594,857.81085,85.66764,21.187317,15.618523,0.7245864,-1,-1,-1
141,8598,805.5694,118.680534,19.608643,13.055428,0.6269297,-1,-1,-1
141,8599,284.1811,435.40112,122.23889,98.87659,0.84256834,-1,-1,-1
141,8567,726.07214,161.7615,22.963867,17.728699,0.39075643,-1,-1,-1
141,8561,654.80774,198.95082,24.213806,17.961243,0.51018125,-1,-1,-1
141,8533,591.63776,253.83957,33.069702,19.758087,0.83576304,-1,-1,-1
141,8536,387.25586,384.84323,58.422607,46.138855,0.6284971,-1,-1,-1
141,8659,299.9825,425.71436,61.576813,41.753204,0.37273815,-1,-1,-1
141,8540,288.95905,218.99234,32.53119,15.749985,0.29934788,-1,-1,-1
141,8653,226.1651,177.00708,25.749832,18.42157,0.5411502,-1,-1,-1
141,8639,914.5089,99.350334,19.856567,11.711899,0.3523369,-1,-1,-1
141,8579,777.1784,121.96998,18.808228,15.473274,0.44323772,-1,-1,-1
141,8558,658.93945,184.67929,23.233765,15.843811,0.44172525,-1,-1,-1
141,8623,946.29376,55.706974,23.077515,11.635555,0.3554817,-1,-1,-1
142,8523,560.8932,232.11566,27.299927,20.674683,0.8280332,-1,-1,-1
142,8524,576.37683,238.7554,28.73114,21.860687,0.81204337,-1,-1,-1
142,8542,622.10583,215.0452,27.065186,20.57811,0.8318401,-1,-1,-1
142,8531,606.5752,209.92932,22.62793,19.371185,0.8495643,-1,-1,-1
142,8544,631.36676,192.42648,25.099426,21.028275,0.7696204,-1,-1,-1
142,8565,787.4837,134.65108,20.693481,15.459564,0.6505078,-1,-1,-1
142,8539,533.07983,233.05229,27.866089,19.212982,0.7049187,-1,-1,-1
142,8589,815.78485,108.214386,17.387756,12.825829,0.7346635,-1,-1,-1
142,8564,748.2622,142.99837,25.82544,18.240616,0.73871845,-1,-1,-1
142,8594,857.4544,87.40835,20.840149,15.06691,0.75900567,-1,-1,-1
142,8598,805.1873,119.84122,19.861755,12.975586,0.7744405,-1,-1,-1
142,8599,286.7954,435.73135,122.46863,99.0607,0.8257649,-1,-1,-1
142,8567,726.2369,162.91457,22.671204,17.607635,0.5742555,-1,-1,-1
142,8561,655.36707,200.24097,24.281677,17.777618,0.53640205,-1,-1,-1
142,8533,593.7991,253.9505,33.228638,19.790771,0.8300455,-1,-1,-1
142,8536,388.16446,384.99835,57.486023,45.706573,0.54629475,-1,-1,-1
142,8659,302.087,425.3456,61.39038,41.93109,0.4718377,-1,-1,-1
142,8653,226.60344,177.54666,25.233688,18.181274,0.6999787,-1,-1,-1
142,8579,776.526,123.66386,18.94403,14.833046,0.46482992,-1,-1,-1
142,8558,660.091,185.21799,22.544006,15.983612,0.47515798,-1,-1,-1
142,8623,945.4308,57.035625,23.562195,11.410465,0.5014434,-1,-1,-1
142,8650,928.12506,68.52813,19.474915,12.108246,0.413906,-1,-1,-1
143,8523,561.42944,233.23993,27.396484,20.20494,0.8562357,-1,-1,-1
143,8524,577.08203,239.84756,28.277588,21.322144,0.84164613,-1,-1,-1
143,8542,622.532,215.64009,27.38501,20.757614,0.81065583,-1,-1,-1
143,8531,607.306,211.02898,22.141418,18.99768,0.8304634,-1,-1,-1
143,8544,632.151,193.05629,25.14685,21.04274,0.79339033,-1,-1,-1
143,8565,787.1597,135.39,20.835327,15.793289,0.6935058,-1,-1,-1
143,8539,533.60974,233.69463,27.806946,19.115677,0.7215413,-1,-1,-1
143,8589,815.4461,109.34989,17.051758,12.777,0.7914259,-1,-1,-1
143,8564,748.06793,143.67696,25.812256,18.560852,0.76666117,-1,-1,-1
143,8594,856.7778,88.39175,20.956299,15.169334,0.79694575,-1,-1,-1
143,8598,804.94415,120.697586,19.867126,13.213516,0.8037271,-1,-1,-1
143,8599,289.96204,434.8717,125.398834,98.15979,0.81608385,-1,-1,-1
143,8567,726.4822,164.05963,22.416382,17.28891,0.63795954,-1,-1,-1
143,8561,655.623,201.23569,24.43872,17.76535,0.6631425,-1,-1,-1
143,8533,595.9445,253.86877,33.62018,19.957031,0.8291861,-1,-1,-1
143,8536,389.559,384.63715,56.368286,45.561462,0.5047485,-1,-1,-1
143,8659,305.13385,425.19196,60.562134,41.792786,0.49731594,-1,-1,-1
143,8653,226.7872,178.19737,24.392258,17.69989,0.7112605,-1,-1,-1
143,8579,775.58484,125.314316,19.427734,14.206497,0.5619904,-1,-1,-1
143,8558,660.63806,186.04338,22.537048,16.101135,0.5661989,-1,-1,-1
143,8623,945.5921,58.47701,22.93695,11.138432,0.2573635,-1,-1,-1
143,8650,919.05176,69.67801,24.715576,12.496513,0.6270879,-1,-1,-1
143,8639,915.5123,100.66665,20.91034,11.994896,0.26082388,-1,-1,-1
144,8523,562.42426,233.95412,27.801819,20.118408,0.85238004,-1,-1,-1
144,8524,577.7119,240.49217,28.492737,21.217728,0.8454599,-1,-1,-1
144,8542,623.2903,216.47333,27.458557,20.87059,0.806955,-1,-1,-1
144,8531,608.1122,211.87732,21.779724,19.212341,0.80013955,-1,-1,-1
144,8544,632.83936,193.91359,25.08667,21.29213,0.7987359,-1,-1,-1
144,8565,787.0942,136.87007,20.582825,15.159866,0.5715093,-1,-1,-1
144,8539,534.3233,234.25705,28.366028,19.189865,0.7973775,-1,-1,-1
144,8589,815.56006,110.00787,16.87323,12.639786,0.77008075,-1,-1,-1
144,8564,747.46124,145.49666,26.01825,18.144928,0.7821993,-1,-1,-1
144,8594,856.45184,89.53672,21.276428,15.540619,0.79626554,-1,-1,-1
144,8598,804.6826,121.378845,19.693787,13.635025,0.661475,-1,-1,-1
144,8599,294.78455,434.41403,123.118866,98.339264,0.7183988,-1,-1,-1
144,8567,726.54614,165.02791,21.721497,17.053116,0.57713413,-1,-1,-1
144,8561,655.8861,202.5211,24.058044,17.284225,0.613796,-1,-1,-1
144,8533,598.3706,253.99792,33.003967,19.772095,0.84607565,-1,-1,-1
144,8536,391.715,384.52856,56.84201,44.89081,0.43697605,-1,-1,-1
144,8659,307.7165,424.85883,59.836334,41.85559,0.63682437,-1,-1,-1
144,8653,227.16219,178.79353,25.509323,18.080276,0.74721533,-1,-1,-1
144,8558,660.89636,187.06865,23.255798,16.202316,0.5230421,-1,-1,-1
144,8623,945.02515,59.969048,22.805603,10.893692,0.41622463,-1,-1,-1
144,8650,916.9641,71.09989,24.700806,12.122971,0.35612798,-1,-1,-1
144,8669,924.90466,70.48354,21.544739,12.375961,0.38760385,-1,-1,-1
144,8639,915.98627,101.26236,20.652466,11.963387,0.27933154,-1,-1,-1
144,8638,32.068947,170.48262,33.974495,20.103119,0.38905635,-1,-1,-1
144,8540,289.0625,221.49121,32.257202,15.269562,0.29882815,-1,-1,-1
145,8523,563.2973,234.26541,28.013123,20.372437,0.8267848,-1,-1,-1
145,8524,578.83673,240.82274,28.350586,21.559769,0.8477979,-1,-1,-1
145,8542,623.97705,217.43134,27.216797,20.957077,0.8185043,-1,-1,-1
145,8531,608.8109,212.56041,21.97345,19.233444,0.78958726,-1,-1,-1
145,8544,633.4887,194.8734,24.98529,21.147614,0.7530831,-1,-1,-1
145,8565,787.02625,138.12114,20.873901,15.165894,0.56550074,-1,-1,-1
145,8539,535.24426,234.69499,28.053284,19.13144,0.7592791,-1,-1,-1
145,8589,814.985,111.297264,16.988953,12.736229,0.6688405,-1,-1,-1
145,8564,747.13,146.81506,26.3266,17.925797,0.7795491,-1,-1,-1
145,8594,856.4325,90.63268,20.154968,15.7771,0.81345445,-1,-1,-1
145,8598,804.78754,122.68374,19.802124,13.312462,0.64383286,-1,-1,-1
145,8599,298.22473,432.323,124.223816,100.419556,0.7511873,-1,-1,-1
145,8567,726.9237,165.97899,22.18512,17.142303,0.5955895,-1,-1,-1
145,8561,656.213,203.54257,24.130371,17.132233,0.6452491,-1,-1,-1
145,8533,600.56464,254.03926,32.62964,19.761826,0.84532475,-1,-1,-1
145,8536,394.53687,384.27426,56.68219,44.710907,0.44709876,-1,-1,-1
145,8659,309.02426,424.57858,61.132904,41.873352,0.4754246,-1,-1,-1
145,8653,227.78888,179.07027,25.820602,18.44455,0.6278891,-1,-1,-1
145,8558,661.0023,187.97746,23.70691,15.9339905,0.27575704,-1,-1,-1
145,8639,916.6308,101.98331,20.125427,11.944344,0.32618904,-1,-1,-1
145,8638,34.31846,171.69913,34.41324,19.31224,0.42441025,-1,-1,-1
145,8540,289.30273,222.34145,32.11505,15.274597,0.30288622,-1,-1,-1
146,8523,563.5939,234.54822,29.044678,20.961075,0.81856084,-1,-1,-1
146,8524,579.6259,241.19724,28.512024,21.836609,0.8023911,-1,-1,-1
146,8542,624.5033,218.5963,27.372375,20.617111,0.8166714,-1,-1,-1
146,8531,609.4327,212.99904,22.138184,19.333694,0.7812566,-1,-1,-1
146,8544,634.2775,195.88892,24.655334,20.678726,0.7549185,-1,-1,-1
146,8565,786.94354,139.05872,20.453918,15.07576,0.53495085,-1,-1,-1
146,8539,536.6234,235.43025,27.15039,18.818924,0.76720923,-1,-1,-1
146,8589,814.7116,112.93695,17.424866,12.376465,0.68698394,-1,-1,-1
146,8564,746.5684,147.53067,26.589111,18.22258,0.70473933,-1,-1,-1
146,8594,856.33777,91.78696,19.70227,15.678604,0.7925458,-1,-1,-1
146,8598,804.8648,124.680176,19.195923,12.577866,0.56446916,-1,-1,-1
146,8599,302.16843,431.95,124.13977,101.42218,0.6423001,-1,-1,-1
146,8567,727.3426,167.14825,22.38263,17.02275,0.6456164,-1,-1,-1
146,8561,656.5184,204.09413,24.36914,17.467194,0.72206616,-1,-1,-1
146,8533,602.6202,254.11691,32.813416,19.795502,0.83440214,-1,-1,-1
146,8659,311.1394,424.21637,61.178436,41.698242,0.3704656,-1,-1,-1
146,8653,227.96767,179.70284,25.976486,18.458435,0.7335725,-1,-1,-1
146,8558,661.83154,188.47809,24.001282,16.26149,0.3122119,-1,-1,-1
146,8638,36.326736,172.73936,33.12091,19.050156,0.59850746,-1,-1,-1
146,8540,289.56174,222.7382,31.417267,15.551804,0.3656396,-1,-1,-1
146,8579,774.35956,129.2672,19.19696,14.15593,0.38884047,-1,-1,-1
146,8623,944.562,62.64621,23.398315,10.880562,0.27874437,-1,-1,-1
147,8523,564.2107,235.45787,29.792969,20.745804,0.8112164,-1,-1,-1
147,8524,579.9123,241.94312,28.652344,21.474579,0.8195672,-1,-1,-1
147,8542,624.8868,219.62971,27.101135,20.08023,0.8135978,-1,-1,-1
147,8531,610.2547,213.51779,21.937744,19.246918,0.7949357,-1,-1,-1
147,8544,634.93695,196.89412,24.528809,20.453918,0.75621307,-1,-1,-1
147,8565,786.9369,140.27103,20.195251,15.045471,0.6383075,-1,-1,-1
147,8539,537.45715,236.02542,27.411377,18.893509,0.7970053,-1,-1,-1
147,8589,814.4784,114.10315,17.452454,12.574982,0.6744518,-1,-1,-1
147,8564,746.5535,148.66412,26.438354,18.181671,0.7838967,-1,-1,-1
147,8594,856.0268,92.84344,20.000732,15.83622,0.8218303,-1,-1,-1
147,8598,804.80786,126.02976,18.303894,12.188438,0.5688063,-1,-1,-1
147,8599,304.27414,430.6728,125.87366,100.58673,0.6764043,-1,-1,-1
147,8567,727.3979,167.90901,21.90802,17.347198,0.59472966,-1,-1,-1
147,8561,656.88293,204.94836,24.283508,17.377136,0.7849405,-1,-1,-1
147,8533,604.53314,254.29471,33.12921,19.61621,0.85632825,-1,-1,-1
147,8659,313.5194,423.97937,60.38974,41.865356,0.63073134,-1,-1,-1
147,8653,228.2978,180.15082,25.739258,18.348785,0.7026516,-1,-1,-1
147,8558,662.7845,189.21613,23.610413,16.248627,0.5920368,-1,-1,-1
147,8638,38.29683,173.24393,31.387695,19.227036,0.41857842,-1,-1,-1
147,8540,289.76324,223.5111,31.406403,15.276001,0.5967056,-1,-1,-1
147,8579,773.7655,130.57803,19.887451,13.832581,0.56379664,-1,-1,-1
147,8623,944.1844,63.436394,23.108032,11.611832,0.32453805,-1,-1,-1
148,8523,564.99493,236.34715,29.010742,20.486832,0.8292018,-1,-1,-1
148,8524,580.8732,242.70981,29.016602,21.361267,0.8064739,-1,-1,-1
148,8542,625.0005,220.3858,27.250183,19.945984,0.8098727,-1,-1,-1
148,8531,610.9106,214.36037,21.91034,19.082367,0.7905509,-1,-1,-1
148,8544,635.54626,197.8245,25.238464,20.297287,0.70179254,-1,-1,-1
148,8565,786.5444,141.41121,20.46344,15.052261,0.6104471,-1,-1,-1
148,8539,538.3841,236.56287,27.420898,19.070587,0.80223,-1,-1,-1
148,8589,814.18933,115.039185,17.581604,12.949448,0.644753,-1,-1,-1
148,8564,746.26056,149.58224,26.228088,17.92128,0.6782603,-1,-1,-1
148,8594,855.484,93.78495,20.648804,16.085983,0.8215245,-1,-1,-1
148,8598,804.7216,126.62559,18.57721,12.472786,0.6440828,-1,-1,-1
148,8599,308.27628,427.7944,126.72629,101.46475,0.68147796,-1,-1,-1
148,8567,727.4835,168.81734,21.786865,17.452774,0.3755441,-1,-1,-1
148,8561,656.89355,205.65878,24.946167,17.55368,0.6236198,-1,-1,-1
148,8533,607.03906,254.47084,32.439514,19.464676,0.8477991,-1,-1,-1
148,8659,316.67355,423.54782,58.96518,40.348328,0.59694237,-1,-1,-1
148,8653,228.45677,180.56398,24.91832,17.963135,0.5201067,-1,-1,-1
148,8558,663.5405,190.02728,23.363281,15.907043,0.49227968,-1,-1,-1
148,8540,290.18893,224.02858,31.138245,15.122238,0.6647019,-1,-1,-1
148,8579,773.7985,131.98247,18.922852,13.525955,0.61568874,-1,-1,-1
148,8623,943.8047,64.576,22.73352,12.223579,0.47953272,-1,-1,-1
149,8523,566.0027,237.15697,28.833374,20.510696,0.8218866,-1,-1,-1
149,8524,582.2628,243.22305,29.093994,21.385406,0.80998266,-1,-1,-1
149,8542,625.3448,220.51442,27.872131,20.49144,0.82154137,-1,-1,-1
149,8531,611.9178,215.031,22.07074,19.035461,0.71610653,-1,-1,-1
149,8544,636.25006,198.51033,25.377625,20.275345,0.73237395,-1,-1,-1
149,8565,786.2886,142.46033,20.271484,15.156555,0.53949577,-1,-1,-1
149,8539,539.1461,237.28506,27.58313,18.906769,0.8044182,-1,-1,-1
149,8589,813.64667,116.512184,17.154114,12.54879,0.5943687,-1,-1,-1
149,8564,746.32556,150.69945,25.312927,17.591782,0.6450913,-1,-1,-1
149,8594,854.79974,95.3992,20.265747,15.5247345,0.8174988,-1,-1,-1
149,8598,804.6127,127.16365,19.082764,13.146683,0.7330434,-1,-1,-1
149,8599,310.65955,427.06412,128.80688,102.32773,0.68573946,-1,-1,-1
149,8567,727.6572,170.01846,22.312073,17.011108,0.43048713,-1,-1,-1
149,8561,657.3993,206.31644,25.321655,17.931427,0.5613797,-1,-1,-1
149,8533,609.444,254.66772,31.98114,19.301727,0.8467255,-1,-1,-1
149,8659,319.22232,423.1875,58.104553,39.9097,0.69916654,-1,-1,-1
149,8653,228.97974,181.22542,23.561157,17.754272,0.61596805,-1,-1,-1
149,8558,664.00085,190.6959,23.390442,15.9272,0.48823252,-1,-1,-1
149,8540,290.29248,224.29552,31.494934,15.486023,0.7138913,-1,-1,-1
149,8579,773.48474,132.84537,19.160034,13.481323,0.5195763,-1,-1,-1
149,8623,942.9914,66.38217,23.126648,11.90564,0.4994972,-1,-1,-1
149,8650,914.5181,77.37809,28.873108,12.24115,0.3429604,-1,-1,-1
149,8639,919.4879,103.84107,18.603088,12.846359,0.26340774,-1,-1,-1
150,8523,566.9261,237.78665,28.045654,20.175018,0.8122414,-1,-1,-1
150,8524,583.5072,244.10182,28.347534,21.046738,0.83111143,-1,-1,-1
150,8542,625.847,220.90724,27.7453,20.668488,0.8136669,-1,-1,-1
150,8531,612.30884,215.78728,22.294678,19.054764,0.70834243,-1,-1,-1
150,8544,636.82404,199.30782,25.175232,20.086823,0.729193,-1,-1,-1
150,8565,786.1943,143.78146,19.967163,14.973419,0.43777484,-1,-1,-1
150,8539,539.76416,237.9342,27.442688,18.778137,0.78287446,-1,-1,-1
150,8589,813.03796,117.56627,17.649414,13.074249,0.67640954,-1,-1,-1
150,8564,746.13727,151.70978,25.313538,17.770462,0.7433649,-1,-1,-1
150,8594,854.1882,96.1205,21.00885,16.291527,0.73129493,-1,-1,-1
150,8598,803.91724,128.07878,18.714905,13.365463,0.5719842,-1,-1,-1
150,8599,314.1355,424.91495,129.09561,102.05936,0.7058999,-1,-1,-1
150,8567,727.8132,171.33643,22.180603,16.484573,0.704524,-1,-1,-1
150,8561,657.98975,207.4599,24.626282,17.513275,0.676458,-1,-1,-1
150,8533,611.37256,254.9353,31.831726,19.04187,0.8567222,-1,-1,-1
150,8659,321.47986,422.77084,57.772827,40.038696,0.67647254,-1,-1,-1
150,8653,229.0834,181.7044,24.001938,17.770096,0.3820105,-1,-1,-1
150,8558,664.2403,191.32898,23.124268,16.17569,0.4615962,-1,-1,-1
150,8540,290.0445,224.43161,32.254272,16.13269,0.7328178,-1,-1,-1
150,8623,942.03796,67.3424,23.248047,11.817116,0.34015098,-1,-1,-1
151,8523,568.09906,238.38228,28.061401,20.146042,0.8054278,-1,-1,-1
151,8524,584.61786,244.95581,27.993713,20.803253,0.82688206,-1,-1,-1
151,8542,626.3299,221.54149,27.506775,20.945633,0.8221345,-1,-1,-1
151,8531,612.9326,216.66788,21.691711,19.022003,0.6747445,-1,-1,-1
151,8544,637.51086,199.95036,24.913452,20.438675,0.7878497,-1,-1,-1
151,8565,786.1783,145.10078,19.689209,14.835449,0.42219076,-1,-1,-1
151,8539,540.6914,238.7137,27.039062,18.638474,0.7510832,-1,-1,-1
151,8589,810.6212,119.14828,19.018494,12.8465805,0.67215794,-1,-1,-1
151,8564,746.38275,152.97829,24.785034,17.641785,0.72990686,-1,-1,-1
151,8594,853.51715,98.02856,21.502136,15.47525,0.6728481,-1,-1,-1
151,8598,803.8702,128.96268,18.92273,13.609848,0.45613128,-1,-1,-1
151,8599,317.34198,421.58295,130.9172,103.007324,0.67676383,-1,-1,-1
151,8567,728.00635,172.12135,22.047485,16.568604,0.58088106,-1,-1,-1
151,8561,658.6992,208.40756,23.804443,17.110764,0.73912644,-1,-1,-1
151,8533,613.709,255.26321,31.415894,18.815796,0.8491448,-1,-1,-1
151,8659,323.48328,422.72998,58.37625,39.598724,0.6576828,-1,-1,-1
151,8653,229.70805,182.82692,26.020111,17.722076,0.46549448,-1,-1,-1
151,8558,665.18945,192.12912,22.642944,16.288315,0.38131967,-1,-1,-1
151,8540,289.22946,225.04279,33.235077,16.489334,0.7281265,-1,-1,-1
151,8623,941.24994,68.999695,23.077759,11.392937,0.33019885,-1,-1,-1
151,8579,773.5422,135.03253,18.5318,13.750473,0.39140537,-1,-1,-1
152,8523,568.6609,238.8222,27.817383,20.180023,0.8121623,-1,-1,-1
152,8524,584.87976,245.17752,28.392212,21.08432,0.82705295,-1,-1,-1
152,8542,625.97107,222.39384,27.661682,20.786575,0.78334564,-1,-1,-1
152,8531,613.61993,217.82147,21.184875,18.586227,0.7499638,-1,-1,-1
152,8544,637.8312,200.79239,24.993774,20.603607,0.8096475,-1,-1,-1
152,8565,786.32764,145.9377,19.166748,15.023697,0.39138377,-1,-1,-1
152,8539,541.19696,238.90584,27.093445,18.969986,0.8197226,-1,-1,-1
152,8589,810.0899,120.56975,19.714844,12.554749,0.6881419,-1,-1,-1
152,8564,746.5213,154.15349,24.463684,17.459198,0.7158804,-1,-1,-1
152,8594,853.1908,99.57684,22.04309,15.136757,0.46894425,-1,-1,-1
152,8598,803.62036,130.4038,18.913391,13.25798,0.48392233,-1,-1,-1
152,8599,318.42743,420.58646,135.02136,104.07095,0.4893033,-1,-1,-1
152,8567,728.03076,173.54956,22.563416,16.415833,0.61450875,-1,-1,-1
152,8561,659.0843,209.43613,23.533386,16.786392,0.7534346,-1,-1,-1
152,8533,615.87537,255.63306,31.515625,18.51947,0.84521043,-1,-1,-1
152,8659,325.3463,422.56232,58.362457,39.609283,0.7072949,-1,-1,-1
152,8653,230.11012,183.42531,27.932358,18.05835,0.4745553,-1,-1,-1
152,8558,665.6331,192.95813,22.570862,16.424377,0.35838187,-1,-1,-1
152,8540,289.1268,225.72836,33.535004,16.598206,0.7580803,-1,-1,-1
152,8623,940.674,69.74659,24.058899,11.792183,0.4865002,-1,-1,-1
152,8579,773.05316,136.08485,18.794373,13.931122,0.46702886,-1,-1,-1
153,8523,569.2539,239.26143,27.873352,20.511032,0.7855458,-1,-1,-1
153,8524,585.3417,245.45485,28.896484,21.467636,0.83802646,-1,-1,-1
153,8542,626.42944,223.23839,27.375305,20.773651,0.82897997,-1,-1,-1
153,8531,614.2867,218.30838,21.367065,19.041702,0.7653633,-1,-1,-1
153,8544,638.4882,201.37761,24.89795,20.821838,0.8020535,-1,-1,-1
153,8565,785.8525,147.18323,18.98639,14.9427185,0.4597706,-1,-1,-1
153,8539,541.7663,239.22261,27.244446,19.527267,0.77458036,-1,-1,-1
153,8589,810.2097,122.045135,18.917725,12.819855,0.707043,-1,-1,-1
153,8564,746.38556,155.04651,24.481873,17.823624,0.7069173,-1,-1,-1
153,8594,852.5326,100.626434,22.059021,15.2619095,0.68063504,-1,-1,-1
153,8598,803.37866,131.82018,18.329956,13.309921,0.53281,-1,-1,-1
153,8599,319.76007,421.80133,135.83197,103.80835,0.76127183,-1,-1,-1
153,8567,727.8594,174.89171,22.845581,16.41278,0.6466149,-1,-1,-1
153,8561,659.2623,210.17215,23.554993,16.88742,0.77050525,-1,-1,-1
153,8533,617.5766,255.72878,31.756409,18.538559,0.8646142,-1,-1,-1
153,8659,327.59802,422.6949,57.901123,39.462738,0.6826105,-1,-1,-1
153,8653,230.45522,183.96996,28.18422,18.10553,0.5771551,-1,-1,-1
153,8558,665.7301,193.57693,22.86383,17.15776,0.31926334,-1,-1,-1
153,8540,289.05756,226.21265,34.375916,16.687225,0.7366604,-1,-1,-1
153,8579,772.91956,137.61261,18.993164,13.492035,0.30264482,-1,-1,-1
154,8523,570.30347,239.42014,27.73767,20.878052,0.8049788,-1,-1,-1
154,8524,586.1324,245.99323,28.780151,21.57492,0.85080385,-1,-1,-1
154,8542,626.913,223.90678,27.25946,20.880234,0.81166404,-1,-1,-1
154,8531,614.68884,219.01581,21.448608,19.299973,0.7803165,-1,-1,-1
154,8544,639.1522,202.20944,24.615845,20.523972,0.7941886,-1,-1,-1
154,8565,785.49194,148.13525,18.838196,15.236862,0.43662578,-1,-1,-1
154,8539,542.9771,240.08601,27.217041,19.591171,0.8261462,-1,-1,-1
154,8589,809.9233,122.8962,18.71466,12.854317,0.7408381,-1,-1,-1
154,8564,746.4758,156.11423,24.272766,17.910202,0.6738732,-1,-1,-1
154,8594,851.40735,101.79586,23.023132,15.740097,0.7072262,-1,-1,-1
154,8598,803.7914,132.8038,18.15747,13.573517,0.64181364,-1,-1,-1
154,8599,322.41235,418.4954,135.77106,106.40219,0.7163272,-1,-1,-1
154,8567,727.773,175.6993,22.796875,16.714035,0.5807,-1,-1,-1
154,8561,659.28064,211.10378,24.032043,16.86383,0.7884162,-1,-1,-1
154,8533,619.9543,255.9607,31.23462,18.49765,0.8574521,-1,-1,-1
154,8659,330.064,422.82394,57.164795,39.152283,0.7097709,-1,-1,-1
154,8653,230.81006,184.68489,27.60727,18.03366,0.63797385,-1,-1,-1
154,8558,665.79333,194.23492,22.887268,17.906204,0.4260958,-1,-1,-1
154,8540,288.5581,226.84285,34.726074,16.91475,0.75230783,-1,-1,-1
154,8579,772.8289,138.90588,19.039856,13.302124,0.33397463,-1,-1,-1
154,8650,916.14154,84.2473,25.355774,12.947594,0.34423846,-1,-1,-1
155,8523,571.1887,239.72215,27.660828,21.315048,0.8111067,-1,-1,-1
155,8524,586.68536,246.39934,28.421753,21.860397,0.82657987,-1,-1,-1
155,8542,627.1901,224.3962,27.070862,20.905655,0.8108586,-1,-1,-1
155,8531,615.2071,219.57355,21.755615,19.292923,0.7559721,-1,-1,-1
155,8544,639.6556,202.70085,24.091125,20.776764,0.77580523,-1,-1,-1
155,8539,543.83014,240.68124,27.262146,19.696411,0.84692794,-1,-1,-1
155,8589,809.04944,124.11371,19.124146,13.137741,0.6269737,-1,-1,-1
155,8564,746.6681,157.44655,24.251587,17.447968,0.6201697,-1,-1,-1
155,8594,850.56696,103.02693,23.06726,15.996773,0.61485255,-1,-1,-1
155,8598,803.72235,133.9831,18.49762,13.499115,0.33833927,-1,-1,-1
155,8599,326.98328,415.8641,134.01862,108.43112,0.57599336,-1,-1,-1
155,8567,727.845,176.73663,23.01886,16.498093,0.6087715,-1,-1,-1
155,8561,659.2508,211.82082,23.972412,17.110992,0.73929083,-1,-1,-1
155,8533,622.2341,256.15747,30.138489,18.353119,0.8463671,-1,-1,-1
155,8659,332.51724,422.63995,56.085663,38.79361,0.7064051,-1,-1,-1
155,8653,231.00867,185.16254,28.34842,18.375168,0.7047961,-1,-1,-1
155,8558,666.34454,195.36842,22.210938,17.195053,0.45395073,-1,-1,-1
155,8540,288.31738,227.40363,35.14322,17.287231,0.74181324,-1,-1,-1
156,8523,571.7698,240.381,27.346436,21.333725,0.8249526,-1,-1,-1
156,8524,587.50256,246.97952,28.1969,21.897491,0.8055429,-1,-1,-1
156,8542,627.6167,225.38419,26.634644,20.476639,0.7243146,-1,-1,-1
156,8531,616.01184,220.14145,21.901123,19.17038,0.7617404,-1,-1,-1
156,8544,639.89935,203.44626,24.447144,20.7697,0.6638503,-1,-1,-1
156,8539,544.64124,241.17618,27.070862,19.762909,0.82955134,-1,-1,-1
156,8589,808.0972,125.16846,20.100891,13.801605,0.5416679,-1,-1,-1
156,8564,746.1682,158.72554,24.506165,17.298782,0.55731225,-1,-1,-1
156,8594,849.95917,104.27825,22.943604,16.098846,0.58040875,-1,-1,-1
156,8599,329.797,415.50906,133.14429,108.69809,0.6851604,-1,-1,-1
156,8567,727.93353,177.61627,22.193237,16.463486,0.6063097,-1,-1,-1
156,8561,659.4434,212.43245,24.184326,17.18782,0.5927276,-1,-1,-1
156,8533,623.9442,256.65424,29.965332,18.053406,0.8564037,-1,-1,-1
156,8659,334.61908,422.5835,55.860016,38.269867,0.7324472,-1,-1,-1
156,8653,231.42563,185.46347,29.17981,18.72792,0.6718889,-1,-1,-1
156,8558,666.29803,196.46829,22.469543,16.680283,0.4124162,-1,-1,-1
156,8540,288.77936,228.02776,35.94107,17.470093,0.76159894,-1,-1,-1
157,8523,572.14465,241.37804,27.398193,20.919907,0.8217738,-1,-1,-1
157,8524,588.27277,247.93669,28.033875,21.513992,0.8102859,-1,-1,-1
157,8542,628.07477,226.52084,26.16449,20.068832,0.7682061,-1,-1,-1
157,8531,616.6403,220.87955,22.328247,18.825851,0.7965927,-1,-1,-1
157,8544,640.31335,204.42699,24.526428,20.549011,0.740397,-1,-1,-1
157,8539,545.12427,241.50201,26.928528,20.013916,0.8383027,-1,-1,-1
157,8564,746.03955,159.81085,24.60022,17.44423,0.662843,-1,-1,-1
157,8594,849.40894,105.76867,22.521362,15.8708725,0.59341145,-1,-1,-1
157,8599,332.1873,415.2255,134.08447,107.82382,0.7696417,-1,-1,-1
157,8567,728.0169,178.78613,21.749756,16.083328,0.55065507,-1,-1,-1
157,8561,659.64606,213.58142,23.592102,17.304855,0.7676279,-1,-1,-1
157,8533,625.7551,256.86545,29.495789,17.887726,0.84493846,-1,-1,-1
157,8659,335.04752,422.38995,58.18573,38.268707,0.6203184,-1,-1,-1
157,8653,231.46873,185.66927,29.011765,19.180923,0.5164457,-1,-1,-1
157,8558,667.42957,197.23683,21.798218,16.25351,0.5190238,-1,-1,-1
157,8540,289.27768,228.78793,35.360962,17.07605,0.72391623,-1,-1,-1
157,8579,771.7513,141.83058,19.916016,14.16217,0.38723302,-1,-1,-1
157,8650,918.72046,89.25396,20.431946,13.98288,0.4459899,-1,-1,-1
158,8523,572.83856,242.19055,27.117432,20.738953,0.8384475,-1,-1,-1
158,8524,588.8507,248.70952,27.905273,21.27034,0.80232,-1,-1,-1
158,8542,628.38367,227.06073,26.30127,20.217773,0.80901736,-1,-1,-1
158,8531,616.94037,221.49377,22.566711,18.916199,0.81722504,-1,-1,-1
158,8544,640.63586,205.48123,24.417786,20.213928,0.7637905,-1,-1,-1
158,8539,545.5475,242.34947,27.288086,19.863785,0.7818334,-1,-1,-1
158,8564,745.7828,160.88678,24.5094,17.398102,0.69192886,-1,-1,-1
158,8594,848.92126,107.056015,22.591248,15.617371,0.69978184,-1,-1,-1
158,8599,336.34158,412.57758,133.38974,108.56146,0.7303808,-1,-1,-1
158,8567,727.6793,179.94861,21.534912,16.06662,0.63588625,-1,-1,-1
158,8561,659.8745,214.84721,23.5094,17.108398,0.77960706,-1,-1,-1
158,8533,627.5731,257.15427,29.34784,17.616058,0.8175929,-1,-1,-1
158,8659,337.5569,422.0855,57.721405,37.790894,0.69187784,-1,-1,-1
158,8653,231.61191,186.58992,28.938934,18.79889,0.72602266,-1,-1,-1
158,8558,668.00995,198.1552,21.868042,16.177963,0.6143664,-1,-1,-1
158,8540,289.5751,229.71567,34.532166,16.60376,0.7412393,-1,-1,-1
158,8579,771.3841,143.2465,19.29071,13.893921,0.39331698,-1,-1,-1
158,8565,783.65546,153.25974,19.581665,14.625305,0.3246273,-1,-1,-1
158,8589,808.0176,127.77746,18.605713,14.7415695,0.41498682,-1,-1,-1
159,8523,573.3723,242.87775,27.274109,20.550232,0.8275265,-1,-1,-1
159,8524,589.2433,249.27429,28.220703,21.32669,0.77490306,-1,-1,-1
159,8542,628.1904,227.51305,27.000183,20.406097,0.82123625,-1,-1,-1
159,8531,617.60114,221.81734,22.669617,19.235825,0.75356656,-1,-1,-1
159,8544,640.7095,206.37785,24.052734,19.892532,0.7576189,-1,-1,-1
159,8539,546.0466,243.27878,27.580322,19.70166,0.6546822,-1,-1,-1
159,8564,745.71967,161.71555,23.878479,17.826065,0.56027377,-1,-1,-1
159,8594,848.02594,108.52399,22.932068,15.477768,0.70887077,-1,-1,-1
159,8599,339.5608,410.97144,133.77155,109.211365,0.66171,-1,-1,-1
159,8567,727.6277,181.07402,21.934204,16.09404,0.42739516,-1,-1,-1
159,8561,660.20544,215.54562,23.777588,17.139908,0.7651541,-1,-1,-1
159,8533,629.40173,257.45856,29.593445,17.502563,0.82831043,-1,-1,-1
159,8659,339.7437,421.89304,57.87509,37.549103,0.67660445,-1,-1,-1
159,8653,231.76144,187.16745,27.89383,18.645187,0.6863709,-1,-1,-1
159,8558,668.4266,198.71687,21.866394,16.516098,0.5359265,-1,-1,-1
159,8540,289.13043,230.39476,35.084045,16.748169,0.7698739,-1,-1,-1
159,8579,771.0901,144.55647,19.524597,13.573883,0.31754634,-1,-1,-1
159,8565,783.79626,154.43799,19.554077,14.438385,0.5450729,-1,-1,-1
159,8589,807.70667,128.69467,17.886902,14.473633,0.53862727,-1,-1,-1
159,8650,918.2294,92.5158,18.957703,14.447342,0.33710015,-1,-1,-1
160,8523,574.269,243.58745,26.838745,20.572617,0.8151256,-1,-1,-1
160,8524,589.7481,249.82188,28.114807,21.283585,0.7199081,-1,-1,-1
160,8542,627.84174,228.36139,27.422668,20.287247,0.7361939,-1,-1,-1
160,8531,618.2225,223.02898,21.874268,18.853241,0.63379306,-1,-1,-1
160,8544,641.5457,207.14687,24.003784,20.19664,0.7853062,-1,-1,-1
160,8539,547.0024,244.05923,27.08966,19.530365,0.6724283,-1,-1,-1
160,8564,745.643,162.91574,23.04132,17.648438,0.29427043,-1,-1,-1
160,8594,847.601,109.60918,22.666016,15.574265,0.63338256,-1,-1,-1
160,8599,344.49545,408.34796,129.23227,109.814026,0.69679713,-1,-1,-1
160,8567,727.64325,181.95195,21.439514,16.308655,0.4681783,-1,-1,-1
160,8561,660.7599,216.24158,23.633606,17.158798,0.7246076,-1,-1,-1
160,8533,630.9304,257.71213,29.851562,17.391083,0.8116334,-1,-1,-1
160,8659,342.06104,421.8481,57.11206,37.638214,0.5434445,-1,-1,-1
160,8653,231.54889,188.1349,26.028717,17.863571,0.6429725,-1,-1,-1
160,8558,668.5063,199.28992,22.388428,16.870865,0.4471783,-1,-1,-1
160,8540,288.88577,231.52124,34.193634,16.524628,0.7750165,-1,-1,-1
160,8579,770.60626,145.60829,19.486877,13.616989,0.40203738,-1,-1,-1
160,8565,783.534,155.43042,19.317383,14.491211,0.5067826,-1,-1,-1
160,8681,904.94855,94.10613,22.58197,12.348183,0.38744742,-1,-1,-1
160,8650,918.2324,93.80851,18.475952,14.03875,0.4666647,-1,-1,-1
161,8523,574.8766,244.1543,26.561768,20.331757,0.82727426,-1,-1,-1
161,8524,590.5546,250.7721,27.79187,20.962982,0.7797919,-1,-1,-1
161,8542,627.86707,229.59256,27.700623,19.84262,0.7354472,-1,-1,-1
161,8531,618.93713,224.39151,21.237366,18.321121,0.64150226,-1,-1,-1
161,8544,642.2388,207.60062,24.052795,20.1642,0.8053658,-1,-1,-1
161,8539,547.95264,244.67068,26.723694,19.382355,0.6601005,-1,-1,-1
161,8564,745.4052,164.3874,22.785889,17.04132,0.6648408,-1,-1,-1
161,8594,847.0194,110.75425,23.799194,15.6447525,0.7189472,-1,-1,-1
161,8599,347.53888,406.81635,128.07324,109.502686,0.75953454,-1,-1,-1
161,8567,727.265,183.05365,21.528198,16.155975,0.5811306,-1,-1,-1
161,8561,661.14606,217.01175,23.189941,17.07431,0.78332007,-1,-1,-1
161,8533,632.6362,257.81827,29.632263,17.338867,0.82908154,-1,-1,-1
161,8659,344.22192,422.01257,56.26538,36.734802,0.53400815,-1,-1,-1
161,8653,231.97533,188.66153,26.163925,17.676163,0.64130086,-1,-1,-1
161,8558,668.4583,199.82452,22.323486,17.17186,0.44690087,-1,-1,-1
161,8540,289.2287,232.36032,32.88849,16.246826,0.7717649,-1,-1,-1
161,8579,768.6239,146.68336,19.850952,13.954849,0.42884228,-1,-1,-1
161,8565,783.31323,156.55208,19.10608,14.499084,0.3730263,-1,-1,-1
161,8681,904.9455,94.83017,25.98822,12.765381,0.6443921,-1,-1,-1
161,8650,915.7136,94.59293,20.161682,14.102158,0.5552445,-1,-1,-1
162,8523,575.32587,244.94417,26.35559,20.142044,0.8254278,-1,-1,-1
162,8524,590.986,251.4393,27.423279,20.876862,0.8324265,-1,-1,-1
162,8542,628.43976,231.05507,27.533508,19.17984,0.7329003,-1,-1,-1
162,8531,619.4948,225.0749,20.847107,18.148132,0.70397496,-1,-1,-1
162,8544,642.66235,208.46617,23.762634,20.230225,0.7919204,-1,-1,-1
162,8539,548.78424,245.21008,26.01593,19.201996,0.64600825,-1,-1,-1
162,8564,745.0148,165.01295,23.03363,17.538345,0.66708666,-1,-1,-1
162,8594,846.4424,111.94245,23.276794,15.65847,0.7023616,-1,-1,-1
162,8599,349.94644,405.72763,129.1636,110.12216,0.7747349,-1,-1,-1
162,8567,727.22046,184.20053,21.295166,15.654831,0.40929368,-1,-1,-1
162,8561,661.6941,217.65656,22.849548,17.402847,0.7941506,-1,-1,-1
162,8533,634.2803,257.88422,29.369446,17.342682,0.7985657,-1,-1,-1
162,8659,345.6779,421.91913,56.981567,34.995514,0.36272645,-1,-1,-1
162,8653,232.10715,189.26384,25.662628,17.598251,0.4767195,-1,-1,-1
162,8558,668.6536,200.42427,22.4552,17.133255,0.41942662,-1,-1,-1
162,8540,289.21616,233.41913,33.068756,16.03273,0.70068944,-1,-1,-1
162,8579,768.0429,147.68889,19.933838,14.178726,0.5552525,-1,-1,-1
162,8681,904.0733,95.14555,28.41687,13.449486,0.6740484,-1,-1,-1
162,8650,913.0558,95.18489,22.358582,14.567299,0.62119585,-1,-1,-1
163,8523,575.8931,245.15582,26.534546,20.648468,0.7965612,-1,-1,-1
163,8524,591.161,252.06465,28.270508,20.816208,0.8291032,-1,-1,-1
163,8542,629.36926,231.82399,27.20111,19.459488,0.79123986,-1,-1,-1
163,8531,619.59955,225.3713,21.193481,18.466965,0.7539733,-1,-1,-1
163,8544,642.7593,209.45522,24.076843,20.226547,0.76425236,-1,-1,-1
163,8539,549.45575,246.11723,26.110596,18.902176,0.72095114,-1,-1,-1
163,8564,744.6808,166.11917,23.106567,17.638245,0.6203041,-1,-1,-1
163,8594,845.99097,113.15857,22.62561,15.732361,0.6517392,-1,-1,-1
163,8599,353.24908,405.03506,128.24442,110.09244,0.73733664,-1,-1,-1
163,8567,727.3465,185.09816,20.831177,15.534042,0.5875505,-1,-1,-1
163,8561,662.1173,218.16386,22.694824,17.919113,0.72526324,-1,-1,-1
163,8533,635.94495,258.26224,29.102966,17.12207,0.80803645,-1,-1,-1
163,8659,346.68314,421.95798,58.294586,35.02832,0.44595352,-1,-1,-1
163,8653,232.34427,189.93787,27.469238,17.782257,0.59230834,-1,-1,-1
163,8540,288.75525,234.16006,34.355927,16.294937,0.70934194,-1,-1,-1
163,8579,767.8882,148.59216,19.894897,14.124435,0.53954077,-1,-1,-1
163,8681,903.494,96.385864,27.651123,13.206711,0.63665104,-1,-1,-1
163,8650,912.7474,96.5147,22.197815,14.635277,0.5724291,-1,-1,-1
163,8589,804.32135,133.63152,18.831543,16.468765,0.2690319,-1,-1,-1
164,8523,576.4918,245.67104,27.169922,20.910019,0.7992704,-1,-1,-1
164,8524,591.5913,252.68767,28.81482,20.768204,0.85282415,-1,-1,-1
164,8542,629.77234,232.61497,27.388367,19.473846,0.811029,-1,-1,-1
164,8531,619.7345,225.71515,21.465271,18.799225,0.78614897,-1,-1,-1
164,8544,643.2773,210.45284,24.023071,20.163803,0.7475186,-1,-1,-1
164,8539,550.1818,246.7073,26.274658,18.874939,0.70644486,-1,-1,-1
164,8564,744.59406,167.45561,23.58606,17.34517,0.74402076,-1,-1,-1
164,8594,845.2781,114.23993,22.47583,16.281006,0.77410847,-1,-1,-1
164,8599,358.9138,404.66214,124.83603,106.63818,0.7105671,-1,-1,-1
164,8567,727.1091,186.57678,21.009216,14.9565735,0.47840372,-1,-1,-1
164,8561,662.2156,218.95544,22.989075,18.193863,0.74746406,-1,-1,-1
164,8533,637.7084,258.39633,28.566467,17.008545,0.8027791,-1,-1,-1
164,8659,348.39374,421.37848,58.075806,36.066376,0.3952837,-1,-1,-1
164,8653,232.66667,190.64503,28.156082,17.822037,0.70237696,-1,-1,-1
164,8540,288.64893,235.00342,34.437103,16.26155,0.748801,-1,-1,-1
164,8579,767.6974,150.25122,19.534729,13.601196,0.51295024,-1,-1,-1
164,8650,913.90515,97.80527,20.306091,14.279388,0.6135665,-1,-1,-1
164,8589,803.18756,135.01387,19.334656,16.659363,0.28359747,-1,-1,-1
164,8565,781.43256,160.39314,20.266602,14.929321,0.5443735,-1,-1,-1
164,8558,669.73193,201.93031,21.928284,17.066605,0.40915117,-1,-1,-1
165,8523,576.93835,246.77396,27.459167,20.505585,0.80176413,-1,-1,-1
165,8524,592.28796,253.4021,28.52655,20.729431,0.83620024,-1,-1,-1
165,8542,629.58234,232.98108,27.503906,19.873505,0.8083652,-1,-1,-1
165,8531,620.5115,226.79823,21.020752,18.803223,0.68425536,-1,-1,-1
165,8544,643.65155,211.29385,23.96167,20.252197,0.7317791,-1,-1,-1
165,8539,550.9135,247.54863,26.120483,18.476364,0.7274556,-1,-1,-1
165,8564,744.3096,168.25784,23.603271,17.488113,0.5691805,-1,-1,-1
165,8594,844.3787,115.18036,22.807495,16.799545,0.8358653,-1,-1,-1
165,8599,363.0221,403.53278,122.85129,104.495056,0.80449533,-1,-1,-1
165,8567,726.54565,187.9874,21.607727,14.93248,0.4398123,-1,-1,-1
165,8561,662.34296,219.97218,23.5047,18.190598,0.70389867,-1,-1,-1
165,8533,639.38245,258.49823,28.436768,17.177155,0.7856718,-1,-1,-1
165,8659,350.58575,421.02887,57.279022,36.088593,0.37175897,-1,-1,-1
165,8653,232.27655,191.33122,28.702362,17.858124,0.75344825,-1,-1,-1
165,8540,288.9874,235.95284,33.61853,15.957596,0.7592258,-1,-1,-1
165,8579,767.97943,151.54936,19.224304,13.436813,0.47277892,-1,-1,-1
165,8650,914.6857,99.377525,19.002258,13.878723,0.3726042,-1,-1,-1
165,8565,781.0407,161.28214,20.19159,15.135391,0.6189833,-1,-1,-1
165,8558,669.7278,202.98773,22.089417,16.955627,0.31310177,-1,-1,-1
166,8523,577.48816,247.60217,27.873596,20.308746,0.8155344,-1,-1,-1
166,8524,592.84296,254.26665,28.078186,20.52568,0.8077426,-1,-1,-1
166,8542,629.24084,233.76736,27.879517,19.795593,0.8124035,-1,-1,-1
166,8531,621.4234,227.95956,20.63562,18.455276,0.37581405,-1,-1,-1
166,8544,644.21533,212.2571,23.972961,20.014893,0.7759794,-1,-1,-1
166,8539,551.5348,248.28082,26.10669,18.365906,0.76345843,-1,-1,-1
166,8564,743.7347,169.95227,23.224426,16.805328,0.4322417,-1,-1,-1
166,8594,843.687,116.67152,22.64801,16.587364,0.8047707,-1,-1,-1
166,8599,365.4642,402.73868,121.92856,104.44931,0.75939417,-1,-1,-1
166,8567,726.14703,189.20535,21.767578,15.078552,0.52867055,-1,-1,-1
166,8561,662.22736,221.77641,22.933899,17.04216,0.6648158,-1,-1,-1
166,8533,640.97485,258.69824,28.338196,17.273254,0.8054961,-1,-1,-1
166,8659,352.85132,420.64456,56.578094,36.928497,0.6606844,-1,-1,-1
166,8653,232.3438,191.93246,28.749222,17.900223,0.6846772,-1,-1,-1
166,8540,288.35056,236.8062,34.093597,15.978592,0.7292199,-1,-1,-1
166,8579,767.4984,152.73993,19.251831,13.5720215,0.30983773,-1,-1,-1
166,8650,914.5524,100.913704,18.694336,13.937065,0.2978324,-1,-1,-1
166,8565,780.05725,162.27786,20.794739,15.182831,0.47600707,-1,-1,-1
166,8558,669.7952,203.76169,22.036987,17.045578,0.38187128,-1,-1,-1
167,8523,577.86444,248.50066,27.665527,20.30986,0.79562134,-1,-1,-1
167,8524,593.2883,254.89035,27.827698,20.615875,0.81021947,-1,-1,-1
167,8542,628.2523,234.1245,28.878052,20.065414,0.7903875,-1,-1,-1
167,8531,622.0885,229.73999,22.784607,19.372787,0.40514696,-1,-1,-1
167,8544,644.6391,213.15857,23.814026,19.715729,0.802536,-1,-1,-1
167,8539,551.77795,249.188,26.319763,18.19017,0.6919435,-1,-1,-1
167,8564,743.1431,171.15427,23.025085,16.637207,0.5481265,-1,-1,-1
167,8594,843.048,118.2332,21.747375,16.258759,0.79128563,-1,-1,-1
167,8599,368.99136,403.1772,122.04965,103.999146,0.68546027,-1,-1,-1
167,8567,726.0169,190.15303,21.292664,15.35173,0.5680405,-1,-1,-1
167,8561,662.383,222.80621,22.869995,16.705444,0.67785376,-1,-1,-1
167,8533,642.6822,258.89853,28.139893,17.52893,0.77419215,-1,-1,-1
167,8659,354.93152,420.599,56.6994,37.162598,0.59562117,-1,-1,-1
167,8653,232.54442,192.58899,28.379013,17.632751,0.663729,-1,-1,-1
167,8540,287.7085,237.59969,34.788757,16.058472,0.6716683,-1,-1,-1
167,8579,766.7282,154.17743,19.417664,13.492966,0.46433464,-1,-1,-1
167,8650,908.5827,101.96287,23.680359,14.587837,0.37290007,-1,-1,-1
167,8565,779.6196,163.42387,20.568665,15.228714,0.26424924,-1,-1,-1
167,8558,669.8913,204.80008,21.94458,17.12053,0.36311045,-1,-1,-1
167,8589,799.64246,138.96475,20.263245,20.073349,0.44511023,-1,-1,-1
168,8523,578.60565,249.39369,27.35083,20.182968,0.81934714,-1,-1,-1
168,8524,594.0263,255.97426,27.641785,20.261429,0.7744528,-1,-1,-1
168,8542,628.78436,235.26672,28.500183,19.975174,0.8021862,-1,-1,-1
168,8531,622.2485,230.5323,21.352966,19.141785,0.63375634,-1,-1,-1
168,8544,645.1336,214.05133,23.311035,19.606613,0.78963107,-1,-1,-1
168,8539,552.08344,250.06097,26.727478,18.341278,0.71432984,-1,-1,-1
168,8564,742.37756,172.65515,22.874878,16.252594,0.6414643,-1,-1,-1
168,8594,842.4153,119.455284,22.049805,16.142616,0.77511775,-1,-1,-1
168,8599,372.84482,402.77704,121.16919,102.48114,0.7398382,-1,-1,-1
168,8567,724.9319,191.26509,21.730103,15.2729645,0.6278057,-1,-1,-1
168,8561,662.2756,223.70827,22.451355,16.620651,0.6436813,-1,-1,-1
168,8533,644.3846,259.31876,27.54419,17.401245,0.7448378,-1,-1,-1
168,8659,357.47815,420.53864,55.178375,36.882812,0.3727551,-1,-1,-1
168,8653,232.48955,193.116,28.94896,18.185242,0.7075764,-1,-1,-1
168,8540,287.45593,238.7378,34.744476,16.16446,0.6879568,-1,-1,-1
168,8579,766.50507,155.35469,18.96753,13.576675,0.42375526,-1,-1,-1
168,8650,902.66327,102.72709,28.301819,14.642967,0.46156806,-1,-1,-1
168,8565,779.26794,164.5215,20.615356,15.245483,0.30453044,-1,-1,-1
168,8558,669.38336,205.70094,22.974792,17.311417,0.30540472,-1,-1,-1
168,8589,799.0392,139.93236,20.289185,21.40773,0.42849356,-1,-1,-1
169,8523,579.27844,250.20102,27.205322,20.02774,0.75713736,-1,-1,-1
169,8524,594.6133,256.96008,27.824951,19.920776,0.7643147,-1,-1,-1
169,8542,629.4965,236.5662,28.193481,19.779907,0.7993903,-1,-1,-1
169,8531,622.5229,231.3424,21.95282,19.378128,0.6119403,-1,-1,-1
169,8544,645.3759,215.1724,23.335327,19.303452,0.7709385,-1,-1,-1
169,8539,552.3561,250.83763,27.041443,18.506943,0.4449636,-1,-1,-1
169,8564,742.10974,173.64627,22.100403,16.307968,0.26964062,-1,-1,-1
169,8594,841.8283,121.14462,22.351196,15.602707,0.726461,-1,-1,-1
169,8599,377.0794,400.9125,118.34909,103.36337,0.7495804,-1,-1,-1
169,8567,724.4938,192.28535,21.660828,15.168472,0.57841843,-1,-1,-1
169,8561,662.0224,224.50175,22.358643,16.756866,0.6388487,-1,-1,-1
169,8533,646.23816,259.46506,27.070068,17.451233,0.7691423,-1,-1,-1
169,8659,359.80475,420.66382,54.571594,36.7619,0.33948153,-1,-1,-1
169,8653,232.58232,194.18285,28.551407,17.803802,0.67482024,-1,-1,-1
169,8540,286.98642,239.68486,34.80368,16.432846,0.7190768,-1,-1,-1
169,8579,766.4282,157.14853,17.983704,12.812027,0.26050776,-1,-1,-1
169,8565,778.8672,165.90408,20.324646,14.945557,0.41193166,-1,-1,-1
169,8558,669.95,206.53561,22.89093,17.283463,0.43053263,-1,-1,-1
169,8589,799.14905,141.61235,19.3302,20.564087,0.34641,-1,-1,-1
169,8623,926.10596,92.884476,24.744202,11.082527,0.40701064,-1,-1,-1
170,8523,579.8458,251.38945,26.351807,19.682663,0.7601652,-1,-1,-1
170,8524,595.5149,257.9631,27.259949,19.641418,0.7771407,-1,-1,-1
170,8542,629.67993,237.36806,28.093689,19.80333,0.8099235,-1,-1,-1
170,8531,622.87146,231.99673,22.065552,19.72789,0.7006348,-1,-1,-1
170,8544,645.6736,216.00734,23.268494,19.310822,0.7538266,-1,-1,-1
170,8539,553.0706,251.68431,26.306213,18.480057,0.58162683,-1,-1,-1
170,8594,840.6534,122.11937,23.590881,16.255157,0.5735557,-1,-1,-1
170,8599,379.0188,399.84058,118.28583,103.88141,0.774654,-1,-1,-1
170,8567,724.555,193.62927,21.514221,14.956528,0.52540994,-1,-1,-1
170,8561,662.1086,225.26404,22.459778,17.072403,0.52242583,-1,-1,-1
170,8533,648.006,260.08118,26.997864,17.172852,0.7605495,-1,-1,-1
170,8653,232.95888,195.37366,27.208908,17.187515,0.6125327,-1,-1,-1
170,8540,286.65814,240.59544,35.075165,16.60991,0.6471312,-1,-1,-1
170,8579,765.96436,158.45734,18.846619,12.79747,0.2876392,-1,-1,-1
170,8565,778.4262,166.73596,20.028137,15.467361,0.35717866,-1,-1,-1
170,8558,670.7583,208.02792,22.06372,16.498825,0.56540537,-1,-1,-1
170,8650,897.9582,106.2557,29.47113,13.985855,0.34884351,-1,-1,-1
171,8523,580.4297,252.08781,26.062927,19.625137,0.7842681,-1,-1,-1
171,8524,596.35345,259.16205,26.872192,19.21576,0.79471594,-1,-1,-1
171,8542,630.0778,238.40677,27.631775,19.659332,0.798575,-1,-1,-1
171,8531,623.023,232.6951,21.186646,19.120697,0.76433176,-1,-1,-1
171,8544,646.10535,217.03096,23.0943,19.30394,0.60105604,-1,-1,-1
171,8539,553.71,252.0974,25.94934,18.937424,0.65093243,-1,-1,-1
171,8594,839.9385,124.194435,22.851868,15.426918,0.58679664,-1,-1,-1
171,8599,380.89755,399.25677,118.70163,103.40158,0.78750986,-1,-1,-1
171,8567,722.6395,195.20052,23.323792,14.459488,0.5901995,-1,-1,-1
171,8561,662.0389,226.2003,22.184387,17.195297,0.513353,-1,-1,-1
171,8533,649.1961,260.26996,27.390808,17.74649,0.795686,-1,-1,-1
171,8653,233.46663,196.29079,26.89296,16.951996,0.62251085,-1,-1,-1
171,8540,286.2544,241.56326,34.59021,16.73941,0.65497625,-1,-1,-1
171,8579,765.42725,159.27011,18.821045,13.527847,0.2776578,-1,-1,-1
171,8565,778.039,167.66711,19.64795,15.66156,0.4193804,-1,-1,-1
171,8558,670.83185,209.06429,22.258545,16.080322,0.6251682,-1,-1,-1
171,8650,896.47687,107.4897,29.656921,13.810211,0.45856607,-1,-1,-1
171,8589,796.9128,144.63927,20.106201,20.375854,0.3159376,-1,-1,-1
172,8523,581.0431,252.62703,26.04956,19.80809,0.7807567,-1,-1,-1
172,8524,596.7779,259.909,26.92389,19.105713,0.807876,-1,-1,-1
172,8542,630.2227,239.45825,27.917664,19.348358,0.78980803,-1,-1,-1
172,8531,623.45447,233.32425,20.786926,18.88298,0.6872932,-1,-1,-1
172,8544,646.3888,217.95776,22.944092,19.242386,0.5971528,-1,-1,-1
172,8539,554.1946,252.92719,26.17273,18.909088,0.6896615,-1,-1,-1
172,8594,839.5475,125.373116,22.98462,15.342705,0.63977647,-1,-1,-1
172,8599,383.64026,399.15262,118.25223,101.6496,0.78903884,-1,-1,-1
172,8567,720.26575,196.24165,25.561768,14.773804,0.46805754,-1,-1,-1
172,8561,662.57776,227.62843,21.924988,16.696976,0.4524759,-1,-1,-1
172,8533,650.6606,260.65005,27.167114,17.636261,0.80787873,-1,-1,-1
172,8653,233.40709,196.75656,27.709091,17.205719,0.560878,-1,-1,-1
172,8540,286.17413,242.21965,34.393677,16.89653,0.70006186,-1,-1,-1
172,8579,765.28217,160.5674,18.686401,13.443741,0.53024334,-1,-1,-1
172,8565,777.2138,168.56372,20.379272,16.175552,0.39814875,-1,-1,-1
172,8558,670.9607,209.96803,22.429321,15.944412,0.72617275,-1,-1,-1
172,8650,895.447,108.38911,29.542725,14.073364,0.5204393,-1,-1,-1
172,8589,796.07104,146.16803,19.898743,20.091187,0.27415243,-1,-1,-1
172,8659,364.2286,420.4564,55.445282,35.56903,0.3469582,-1,-1,-1
173,8523,581.6163,253.51007,26.02124,19.613983,0.76964885,-1,-1,-1
173,8524,596.84344,260.26874,27.150635,19.340027,0.80046636,-1,-1,-1
173,8542,629.52625,239.26671,28.90039,20.03804,0.7695294,-1,-1,-1
173,8531,623.5755,234.0801,21.538452,18.85286,0.61994416,-1,-1,-1
173,8544,646.5005,218.87868,22.765808,18.808441,0.6698444,-1,-1,-1
173,8539,554.5991,253.85056,26.528625,18.811493,0.7160759,-1,-1,-1
173,8594,838.71185,126.44082,22.782043,15.534889,0.7219952,-1,-1,-1
173,8599,386.29498,398.42456,118.209595,99.98813,0.8086086,-1,-1,-1
173,8567,722.347,197.25676,23.556885,14.790115,0.5419553,-1,-1,-1
173,8561,662.7156,228.90329,22.252869,16.127151,0.6590437,-1,-1,-1
173,8533,651.79846,261.02405,27.027832,17.582367,0.7936968,-1,-1,-1
173,8653,233.31819,197.38023,27.43367,17.182693,0.65826625,-1,-1,-1
173,8540,286.2102,242.98544,33.16391,16.854248,0.7263494,-1,-1,-1
173,8579,764.36,161.80635,18.912903,13.5686035,0.45480165,-1,-1,-1
173,8558,671.10724,210.8584,22.110596,15.67717,0.77326816,-1,-1,-1
173,8650,894.3996,109.020485,31.3974,14.857979,0.45654938,-1,-1,-1
173,8589,795.72266,147.289,19.813599,19.964401,0.31406513,-1,-1,-1
173,8696,624.299,236.70865,31.878723,20.477814,0.45492935,-1,-1,-1
173,8659,366.3662,420.4879,55.319,35.29001,0.462121,-1,-1,-1
174,8523,582.09796,254.48169,25.645142,19.217651,0.7969513,-1,-1,-1
174,8524,597.07166,260.77393,27.363586,19.575104,0.81674993,-1,-1,-1
174,8542,629.74866,240.08092,28.81897,20.042343,0.78336567,-1,-1,-1
174,8531,623.77997,234.79164,22.272522,18.863586,0.51183456,-1,-1,-1
174,8544,646.5268,219.7302,22.744263,18.594269,0.7305017,-1,-1,-1
174,8539,554.8697,254.6592,26.136353,18.646011,0.6991348,-1,-1,-1
174,8594,838.0192,127.794334,23.273926,15.436058,0.70247024,-1,-1,-1
174,8599,388.29358,397.23114,119.30969,99.719025,0.7508897,-1,-1,-1
174,8567,722.9037,198.39131,22.19635,14.628906,0.6169757,-1,-1,-1
174,8561,662.62445,229.72726,22.174072,15.923126,0.622269,-1,-1,-1
174,8533,653.11,261.24142,27.082947,17.67749,0.7660057,-1,-1,-1
174,8653,233.24173,198.14923,27.40268,17.194122,0.61137885,-1,-1,-1
174,8540,286.483,243.936,32.01013,16.52185,0.6907396,-1,-1,-1
174,8579,763.75104,162.92523,18.95398,13.725113,0.2903659,-1,-1,-1
174,8558,671.362,211.52937,21.860107,15.865875,0.698278,-1,-1,-1
174,8589,794.69495,148.3054,20.4953,20.23796,0.29727706,-1,-1,-1
174,8696,624.2559,237.0179,29.187805,20.118057,0.37187657,-1,-1,-1
174,8659,368.12756,420.35098,55.80539,35.57428,0.3545449,-1,-1,-1
175,8523,582.8209,254.99504,25.151367,19.346237,0.7607274,-1,-1,-1
175,8524,597.23267,261.05692,27.958374,19.871796,0.82788223,-1,-1,-1
175,8542,630.1132,241.66324,28.44458,19.33313,0.7585782,-1,-1,-1
175,8531,624.26526,236.14182,21.142212,17.937714,0.61350113,-1,-1,-1
175,8544,646.76495,220.46866,22.844421,18.467758,0.6737839,-1,-1,-1
175,8539,555.4295,255.39743,25.802246,18.503906,0.68620414,-1,-1,-1
175,8594,837.2897,129.15485,23.473572,15.881714,0.6671269,-1,-1,-1
175,8599,392.7836,396.04913,116.43146,99.703156,0.7038962,-1,-1,-1
175,8567,721.71826,199.25375,22.992615,14.858978,0.5224957,-1,-1,-1
175,8561,662.23804,230.55139,21.951477,15.810516,0.48813137,-1,-1,-1
175,8533,654.3389,261.59015,27.268188,17.601624,0.6995874,-1,-1,-1
175,8653,233.23378,198.792,27.228043,17.175781,0.39744273,-1,-1,-1
175,8540,285.82062,244.9356,32.233276,16.48317,0.5935589,-1,-1,-1
175,8558,671.7345,212.37822,21.645386,15.981903,0.62751395,-1,-1,-1
175,8659,369.63043,419.83163,55.46045,36.15689,0.4211948,-1,-1,-1
176,8523,583.1964,255.14006,24.914185,19.889572,0.7269435,-1,-1,-1
176,8524,597.66425,261.67737,27.7854,20.077454,0.772003,-1,-1,-1
176,8542,630.3306,242.8497,28.351685,19.074432,0.7528552,-1,-1,-1
176,8531,624.7976,237.28091,20.53424,17.07283,0.5735711,-1,-1,-1
176,8544,646.7564,221.23454,23.200317,19.102264,0.60808915,-1,-1,-1
176,8539,556.3155,256.09613,25.804077,18.324768,0.6481265,-1,-1,-1
176,8594,836.3121,130.33257,23.910522,15.881836,0.63428855,-1,-1,-1
176,8599,396.32477,395.6346,114.52734,98.32471,0.7917236,-1,-1,-1
176,8567,721.01074,200.26576,23.840332,14.705444,0.64690083,-1,-1,-1
176,8561,662.02655,231.26437,22.1958,16.24022,0.6056364,-1,-1,-1
176,8533,655.4317,261.79825,27.626099,17.642487,0.63379616,-1,-1,-1
176,8653,232.70876,199.5308,27.623093,17.25418,0.50724006,-1,-1,-1
176,8540,285.224,245.83603,32.792603,16.61969,0.72881275,-1,-1,-1
176,8558,671.88086,213.2597,21.676086,15.969772,0.57513696,-1,-1,-1
176,8659,371.25977,419.35376,55.06723,36.402527,0.6170233,-1,-1,-1
176,8565,775.1237,174.0241,19.354553,15.340927,0.3154583,-1,-1,-1
176,8579,762.5928,165.24527,20.838257,13.62999,0.37989613,-1,-1,-1
177,8523,583.33636,255.91045,25.43988,19.883286,0.6851631,-1,-1,-1
177,8524,597.8771,262.56915,27.754578,20.004578,0.7205348,-1,-1,-1
177,8542,630.5025,243.42676,28.265808,19.42508,0.73680973,-1,-1,-1
177,8531,625.0537,238.1831,22.316956,17.546432,0.44276828,-1,-1,-1
177,8544,646.92834,222.49037,23.038818,18.564041,0.4766155,-1,-1,-1
177,8539,556.9673,256.85776,25.755554,18.390076,0.5710117,-1,-1,-1
177,8594,835.4331,131.46393,23.475647,15.862289,0.6304661,-1,-1,-1
177,8599,398.6365,395.33884,114.08737,96.97012,0.7993888,-1,-1,-1
177,8567,720.3285,201.52084,24.313171,14.403427,0.6314982,-1,-1,-1
177,8561,661.96185,231.80957,22.020508,16.419357,0.53970593,-1,-1,-1
177,8533,656.65393,262.23932,27.47229,17.4393,0.6504122,-1,-1,-1
177,8653,232.70912,200.468,26.716537,16.871445,0.3189032,-1,-1,-1
177,8540,284.95544,246.82773,33.056274,16.56842,0.6682687,-1,-1,-1
177,8558,671.98444,213.97125,21.333862,16.146042,0.5214278,-1,-1,-1
177,8659,373.2158,419.03293,54.03369,35.83841,0.71042466,-1,-1,-1
177,8700,210.00583,494.33856,50.81717,34.586426,0.7071296,-1,-1,-1
177,8564,738.633,182.61858,22.368835,15.915939,0.62575775,-1,-1,-1
177,8650,890.6332,114.41051,29.413452,14.609024,0.41087908,-1,-1,-1
177,8589,792.60596,152.13126,20.093567,19.465515,0.28516525,-1,-1,-1
178,8523,583.70135,257.1353,25.642761,19.379822,0.74487156,-1,-1,-1
178,8524,598.2088,263.66602,27.445435,19.56488,0.76496196,-1,-1,-1
178,8542,631.3598,244.62616,27.559875,19.070374,0.7604059,-1,-1,-1
178,8531,625.1762,238.33496,20.654419,18.034393,0.6515714,-1,-1,-1
178,8544,647.1003,223.23544,22.674927,18.429703,0.64926505,-1,-1,-1
178,8539,557.35614,257.66766,25.852844,18.151459,0.6734064,-1,-1,-1
178,8594,834.2803,133.01483,22.88269,15.317886,0.51972175,-1,-1,-1
178,8599,401.17395,395.0664,114.131836,94.314606,0.8300994,-1,-1,-1
178,8567,719.64294,202.48532,24.252625,14.545166,0.5468582,-1,-1,-1
178,8561,661.6033,232.36507,21.964172,16.509155,0.58843744,-1,-1,-1
178,8533,657.81683,262.46588,27.12909,17.48053,0.72630316,-1,-1,-1
178,8540,284.43085,247.55327,34.440155,16.77501,0.65579814,-1,-1,-1
178,8558,671.9051,214.83798,21.352966,16.00911,0.7014074,-1,-1,-1
178,8659,375.06436,418.8229,53.514313,36.022217,0.763506,-1,-1,-1
178,8700,215.39497,491.4023,51.330765,34.476715,0.7018995,-1,-1,-1
178,8564,738.73486,183.89503,21.623413,15.468933,0.51195776,-1,-1,-1
178,8589,792.2271,153.10376,19.568054,19.84056,0.2837874,-1,-1,-1
178,8579,761.42706,167.17084,18.904663,13.77861,0.33402184,-1,-1,-1
179,8523,584.2855,257.75626,25.062988,19.55017,0.72081447,-1,-1,-1
179,8524,598.5577,264.60727,27.484497,19.250977,0.7877739,-1,-1,-1
179,8542,631.55725,245.43991,27.263794,18.939148,0.7436203,-1,-1,-1
179,8531,625.2558,238.68896,20.11438,18.21463,0.67300683,-1,-1,-1
179,8544,647.358,223.79074,22.540771,18.508652,0.618239,-1,-1,-1
179,8539,557.57794,258.29456,26.119751,18.091614,0.67261803,-1,-1,-1
179,8594,832.7842,134.97237,22.788757,14.933273,0.5593493,-1,-1,-1
179,8599,404.62973,394.7252,112.35855,93.58121,0.79913515,-1,-1,-1
179,8567,718.39526,203.22809,24.496704,14.860931,0.36500654,-1,-1,-1
179,8561,661.4901,233.05954,22.045288,16.69545,0.3515867,-1,-1,-1
179,8533,659.43805,262.53015,26.56018,17.732208,0.6663825,-1,-1,-1
179,8540,283.51004,248.31819,35.15695,17.176132,0.759262,-1,-1,-1
179,8558,671.32196,215.59447,21.815613,16.222351,0.7111963,-1,-1,-1
179,8659,377.0787,418.6483,53.2269,35.678986,0.7463066,-1,-1,-1
179,8700,223.35506,488.7311,50.412827,33.947113,0.6730897,-1,-1,-1
179,8564,737.64484,184.85088,22.139893,15.672867,0.48732004,-1,-1,-1
179,8589,791.8077,154.29234,19.255737,19.981567,0.25539696,-1,-1,-1
179,8579,760.6954,168.58907,18.327148,13.677277,0.26739696,-1,-1,-1
179,8653,232.07825,201.96446,26.60022,16.731476,0.30533797,-1,-1,-1
180,8523,584.2168,258.352,24.928833,19.359406,0.75374186,-1,-1,-1
180,8524,598.81085,265.222,27.486816,19.105072,0.8018871,-1,-1,-1
180,8542,631.34344,245.99904,27.592468,19.149918,0.77802277,-1,-1,-1
180,8531,625.2638,239.17015,19.977356,18.133041,0.71452147,-1,-1,-1
180,8544,647.30927,224.29536,22.735596,18.85376,0.71973884,-1,-1,-1
180,8539,557.9122,259.1132,25.740906,17.997253,0.7564059,-1,-1,-1
180,8594,831.6993,136.32216,23.647888,14.954422,0.72162825,-1,-1,-1
180,8599,407.96262,394.55896,112.04996,93.427,0.81009567,-1,-1,-1
180,8567,718.97943,204.03926,23.187866,14.883713,0.7212013,-1,-1,-1
180,8561,661.4464,234.33543,21.457092,16.166351,0.53872186,-1,-1,-1
180,8533,660.7978,262.78256,26.35846,17.743225,0.68660647,-1,-1,-1
180,8540,282.88248,248.96573,35.340637,17.526459,0.76691204,-1,-1,-1
180,8558,671.25757,216.2557,21.71643,16.307312,0.71991926,-1,-1,-1
180,8659,379.0972,418.23422,52.73947,35.71225,0.7184646,-1,-1,-1
180,8700,230.40797,485.60397,49.484665,34.03598,0.59636104,-1,-1,-1
180,8564,736.8199,185.86865,22.235962,15.534378,0.61265194,-1,-1,-1
180,8579,760.0116,170.00983,18.127197,13.233337,0.3858046,-1,-1,-1
180,8653,232.24106,202.91661,26.446106,16.385376,0.264086,-1,-1,-1
181,8523,584.464,259.27972,25.410461,19.063385,0.75337315,-1,-1,-1
181,8524,598.77386,265.4943,27.957336,19.14682,0.7917547,-1,-1,-1
181,8542,631.1579,246.26288,27.850586,19.60852,0.7917934,-1,-1,-1
181,8531,624.8278,239.96658,20.617798,18.311707,0.64292216,-1,-1,-1
181,8544,647.29297,225.17976,22.762756,18.784393,0.7419811,-1,-1,-1
181,8539,558.34515,260.06555,25.567932,17.82315,0.7688745,-1,-1,-1
181,8594,830.8621,137.32234,23.78247,15.162781,0.63987017,-1,-1,-1
181,8599,410.1164,394.30746,111.614746,92.57761,0.7037026,-1,-1,-1
181,8567,719.8837,205.05801,22.156067,14.724976,0.5819264,-1,-1,-1
181,8561,661.37115,235.10092,21.858582,16.003769,0.4671437,-1,-1,-1
181,8533,661.9705,262.99457,26.20465,17.714478,0.618805,-1,-1,-1
181,8540,282.4383,249.8248,35.320312,17.333496,0.7679819,-1,-1,-1
181,8558,671.2277,217.15492,21.598633,16.13649,0.71917313,-1,-1,-1
181,8659,380.89737,418.09265,52.847046,35.687073,0.63032943,-1,-1,-1
181,8700,236.81404,482.35712,49.09645,34.285767,0.53322273,-1,-1,-1
181,8564,736.14343,187.27457,22.574097,15.267822,0.5121006,-1,-1,-1
181,8579,759.07733,171.1532,18.741882,13.550156,0.4159349,-1,-1,-1
181,8653,232.1842,203.43376,28.03357,16.813751,0.2792569,-1,-1,-1
181,8565,771.7095,179.48894,19.391846,15.780151,0.40616906,-1,-1,-1
181,8650,886.0721,119.94969,28.160156,14.551941,0.46688703,-1,-1,-1
181,8589,789.9776,157.54341,19.172913,19.68454,0.34877554,-1,-1,-1
182,8523,584.7796,259.8975,26.45581,19.321625,0.7349214,-1,-1,-1
182,8524,598.77997,265.91174,28.340088,19.33545,0.79651123,-1,-1,-1
182,8542,630.95953,246.08731,27.801147,20.497833,0.76882166,-1,-1,-1
182,8531,625.2234,241.08482,21.819641,18.673935,0.5624227,-1,-1,-1
182,8544,647.6495,226.12418,22.361328,18.408508,0.71191704,-1,-1,-1
182,8539,558.62067,260.83878,25.966919,17.740967,0.80146766,-1,-1,-1
182,8594,830.30286,138.27283,23.796875,15.340775,0.7060414,-1,-1,-1
182,8599,412.49292,393.51163,109.728455,92.465485,0.77138585,-1,-1,-1
182,8567,719.57947,205.9107,22.183655,14.59848,0.63767225,-1,-1,-1
182,8561,661.62524,236.09157,21.309631,15.401581,0.2523038,-1,-1,-1
182,8533,663.06665,263.26602,26.118408,17.485382,0.6274007,-1,-1,-1
182,8540,281.90598,250.54866,35.621246,17.622421,0.76270086,-1,-1,-1
182,8558,671.6115,218.07167,21.005066,15.924484,0.6904784,-1,-1,-1
182,8659,383.03714,418.08246,52.398834,35.785126,0.6824737,-1,-1,-1
182,8700,242.98763,480.2987,49.087173,33.63849,0.31453356,-1,-1,-1
182,8579,758.42017,172.51996,19.130554,13.638275,0.25487375,-1,-1,-1
182,8653,231.56294,203.92032,28.467606,16.833176,0.36514756,-1,-1,-1
182,8701,413.32068,394.21756,107.35602,92.33328,0.3295447,-1,-1,-1
182,8565,770.65326,180.66872,19.540283,15.573303,0.32849365,-1,-1,-1
182,8650,884.93146,121.37544,24.020996,14.292236,0.3482709,-1,-1,-1
182,8589,789.2436,158.38438,19.230652,19.655945,0.3492596,-1,-1,-1
182,8696,625.7056,242.32394,27.073608,20.498016,0.44753957,-1,-1,-1
183,8523,584.7669,260.81055,27.03595,19.237305,0.77522236,-1,-1,-1
183,8524,599.016,266.64395,28.29779,19.586609,0.80462456,-1,-1,-1
183,8542,630.7719,246.93814,27.730225,20.55133,0.7360509,-1,-1,-1
183,8531,625.6574,241.79471,21.989563,19.003113,0.49525106,-1,-1,-1
183,8544,647.7092,226.69232,22.269165,18.397568,0.63835746,-1,-1,-1
183,8539,558.65955,261.23325,26.376831,17.974365,0.83910453,-1,-1,-1
183,8594,829.431,139.19066,23.385803,15.332794,0.6593422,-1,-1,-1
183,8599,413.85272,393.30798,109.8056,91.20999,0.7926972,-1,-1,-1
183,8567,718.89716,206.88814,22.165283,14.580185,0.60912687,-1,-1,-1
183,8533,664.03235,263.58334,26.03534,17.28714,0.47930607,-1,-1,-1
183,8540,281.69318,251.41826,35.500336,17.402206,0.72945464,-1,-1,-1
183,8558,671.7312,218.94627,20.733887,15.990143,0.6582976,-1,-1,-1
183,8659,384.76746,417.59137,52.202667,36.193634,0.6346514,-1,-1,-1
183,8565,769.8763,181.91406,19.461426,15.4279175,0.2754566,-1,-1,-1
183,8589,787.9964,159.28491,19.395508,19.45105,0.40983102,-1,-1,-1
183,8702,648.3783,211.33841,22.164856,15.858658,0.41381568,-1,-1,-1
183,8703,276.23328,509.36874,60.788696,29.866547,0.33375,-1,-1,-1
183,8564,734.7246,188.88861,22.679565,15.699844,0.2664307,-1,-1,-1
184,8523,584.8875,261.33603,27.246887,19.099274,0.7876801,-1,-1,-1
184,8524,599.4586,267.2324,27.974915,19.67038,0.79870516,-1,-1,-1
184,8542,630.791,247.75388,27.749329,20.670105,0.74569684,-1,-1,-1
184,8531,625.9349,242.73085,21.107422,18.310532,0.37666297,-1,-1,-1
184,8544,647.6687,227.8599,22.201782,17.909698,0.5585163,-1,-1,-1
184,8539,558.976,261.70782,26.034607,18.04486,0.81348133,-1,-1,-1
184,8594,828.10516,139.9642,23.52594,15.6497345,0.77787614,-1,-1,-1
184,8599,415.17075,393.4212,111.42404,90.38699,0.7806376,-1,-1,-1
184,8567,718.85486,208.17181,21.770203,14.090225,0.5561345,-1,-1,-1
184,8533,664.971,263.76596,25.92102,17.156952,0.49416423,-1,-1,-1
184,8540,280.8573,252.15533,36.53253,17.349152,0.6454947,-1,-1,-1
184,8558,671.5923,219.81903,20.874939,15.966263,0.69045717,-1,-1,-1
184,8659,385.57507,417.7371,52.20639,35.333527,0.73206186,-1,-1,-1
184,8565,768.95636,183.38683,19.098999,15.0686035,0.3083887,-1,-1,-1
184,8589,787.5795,160.21896,19.140015,19.203064,0.34307045,-1,-1,-1
184,8703,277.7839,508.42374,60.402466,30.749542,0.4147333,-1,-1,-1
184,8564,734.342,190.13667,21.962036,15.440201,0.5942666,-1,-1,-1
184,8700,255.2409,474.78513,46.987274,32.74594,0.52307487,-1,-1,-1
184,8579,756.084,174.30927,18.639832,13.443207,0.31652132,-1,-1,-1
184,8653,231.07693,205.23863,27.243256,16.631454,0.2724299,-1,-1,-1
185,8523,585.0644,261.86383,27.35492,19.37912,0.75228727,-1,-1,-1
185,8524,599.67596,267.5048,27.712952,19.898895,0.7483521,-1,-1,-1
185,8542,630.02985,247.79762,28.453613,21.420395,0.7475353,-1,-1,-1
185,8544,647.7521,228.82852,22.447998,17.625824,0.35301292,-1,-1,-1
185,8539,559.039,262.48248,26.288513,18.144531,0.7598911,-1,-1,-1
185,8594,827.1434,140.77136,23.896484,16.46936,0.75378716,-1,-1,-1
185,8599,417.45474,391.65085,110.3143,91.24405,0.7566751,-1,-1,-1
185,8567,718.16595,208.93901,22.096985,14.576935,0.6339389,-1,-1,-1
185,8533,666.50574,264.43176,25.419983,16.567719,0.3458072,-1,-1,-1
185,8540,280.1949,252.94688,37.784576,17.310349,0.54939985,-1,-1,-1
185,8558,671.24115,220.68921,21.14447,15.986557,0.6425177,-1,-1,-1
185,8659,387.17685,417.3746,51.548492,35.34851,0.70615184,-1,-1,-1
185,8565,768.1946,184.66772,19.157532,14.973328,0.43205777,-1,-1,-1
185,8589,787.1048,161.30788,19.139465,18.735336,0.25629374,-1,-1,-1
185,8703,279.5933,508.3101,60.954956,31.084198,0.4975046,-1,-1,-1
185,8564,733.8009,190.84622,21.417969,15.5733185,0.50922537,-1,-1,-1
185,8700,260.23904,472.25778,47.234253,32.279755,0.56718105,-1,-1,-1
185,8579,755.2401,175.089,18.859436,13.49472,0.38854745,-1,-1,-1
185,8653,230.91606,205.88864,27.100418,16.773102,0.2812124,-1,-1,-1
185,8696,626.059,244.04541,24.804688,20.170044,0.35094514,-1,-1,-1
186,8523,585.03796,262.5877,27.708862,19.401001,0.7145695,-1,-1,-1
186,8524,600.13715,268.40323,27.40857,19.417786,0.68787473,-1,-1,-1
186,8542,629.6896,247.23611,28.828247,22.676971,0.7502362,-1,-1,-1
186,8544,648.10864,229.64987,21.895996,17.30516,0.30410433,-1,-1,-1
186,8539,558.88464,263.19763,26.736511,18.205688,0.7283839,-1,-1,-1
186,8594,825.8673,142.3665,23.529236,16.237793,0.5500905,-1,-1,-1
186,8599,419.32584,390.43262,110.285736,91.92255,0.69693494,-1,-1,-1
186,8567,717.38055,209.75056,22.457458,14.796509,0.6739314,-1,-1,-1
186,8533,667.454,264.5035,25.590088,16.642883,0.41711473,-1,-1,-1
186,8540,279.60895,253.9687,37.41742,17.63005,0.69775957,-1,-1,-1
186,8558,671.0157,221.34492,21.213318,15.879349,0.65164286,-1,-1,-1
186,8659,388.8185,416.75195,51.32364,35.374542,0.6554902,-1,-1,-1
186,8565,767.55164,185.92604,18.667236,14.599899,0.50547534,-1,-1,-1
186,8703,282.8579,507.6038,59.293182,31.507355,0.4641372,-1,-1,-1
186,8564,732.64886,191.97533,21.980896,15.60437,0.72789216,-1,-1,-1
186,8700,267.16428,470.0719,45.9942,31.686707,0.62042624,-1,-1,-1
186,8579,754.70123,176.58154,18.675598,12.939117,0.49509802,-1,-1,-1
186,8653,230.87593,206.73882,27.319595,16.509918,0.30358592,-1,-1,-1
186,8705,419.90558,392.55392,108.90271,90.63263,0.561452,-1,-1,-1
186,8696,626.3797,244.86632,27.585632,21.170486,0.43607798,-1,-1,-1
186,8650,881.155,126.23768,29.118408,14.924156,0.49852586,-1,-1,-1
187,8523,585.4505,263.4301,27.06903,18.916077,0.7604697,-1,-1,-1
187,8524,600.54474,269.16925,27.428467,19.308167,0.7433791,-1,-1,-1
187,8542,630.42035,248.25336,27.868042,22.379852,0.74140716,-1,-1,-1
187,8544,647.9894,230.1472,22.007996,17.394897,0.30629337,-1,-1,-1
187,8539,559.0638,263.72375,27.059692,18.216675,0.759702,-1,-1,-1
187,8594,824.89453,143.48051,23.52118,16.261536,0.62751573,-1,-1,-1
187,8599,421.34714,389.54987,110.54208,92.23038,0.40924522,-1,-1,-1
187,8567,716.64166,210.35521,22.73999,14.989975,0.74407345,-1,-1,-1
187,8533,668.3224,264.73877,25.762024,16.529327,0.4513905,-1,-1,-1
187,8540,279.09677,254.7247,35.96399,17.608734,0.7321647,-1,-1,-1
187,8558,670.192,222.05336,21.910034,15.903656,0.6752788,-1,-1,-1
187,8659,390.64615,416.35568,51.5979,35.60733,0.6051065,-1,-1,-1
187,8565,766.6879,186.45477,18.574402,14.986649,0.49022165,-1,-1,-1
187,8564,732.09344,192.96407,22.230286,15.902863,0.72727484,-1,-1,-1
187,8700,273.34518,467.91263,44.85742,31.48053,0.6123656,-1,-1,-1
187,8579,754.2786,177.14813,19.032715,13.064026,0.41783416,-1,-1,-1
187,8653,230.83432,207.43864,27.99887,16.35318,0.40751046,-1,-1,-1
187,8705,421.2666,392.37723,110.69293,91.5379,0.8387792,-1,-1,-1
187,8696,626.94666,245.27312,28.441528,22.321304,0.4770726,-1,-1,-1
188,8523,585.6867,263.91745,26.686401,19.008698,0.7474432,-1,-1,-1
188,8524,600.3201,270.04712,27.743103,19.06601,0.76034915,-1,-1,-1
188,8542,631.14496,251.23167,26.717163,20.235336,0.73714316,-1,-1,-1
188,8544,647.7225,230.9564,22.287231,17.4384,0.37463406,-1,-1,-1
188,8539,559.684,264.2543,26.822021,18.158356,0.7502189,-1,-1,-1
188,8594,824.0695,144.47545,24.00409,16.191727,0.5527354,-1,-1,-1
188,8599,423.03046,389.24142,110.81995,91.720764,0.5323252,-1,-1,-1
188,8567,716.24146,211.05008,22.483154,14.944595,0.7410433,-1,-1,-1
188,8533,669.2993,265.0061,25.67395,16.417084,0.5405615,-1,-1,-1
188,8540,278.48703,255.73521,33.672546,17.255844,0.7351653,-1,-1,-1
188,8558,669.8051,222.79062,22.147034,15.853485,0.74887526,-1,-1,-1
188,8659,392.58176,416.0349,51.641052,35.636017,0.39524996,-1,-1,-1
188,8565,765.4278,187.10646,18.964233,15.285309,0.41412815,-1,-1,-1
188,8564,731.51746,193.94427,22.358032,15.86882,0.72031116,-1,-1,-1
188,8653,230.36397,208.27866,27.077377,15.845352,0.3324971,-1,-1,-1
188,8705,422.46228,392.1745,112.01538,91.28641,0.833461,-1,-1,-1
188,8561,658.70886,241.54689,23.728027,15.456284,0.33028892,-1,-1,-1
188,8531,626.0995,245.04457,21.194458,18.06807,0.6333824,-1,-1,-1
188,8703,286.46933,507.1294,59.710175,31.966736,0.26158994,-1,-1,-1
188,8650,878.5614,127.8132,31.795532,15.757492,0.49092418,-1,-1,-1
189,8523,585.7553,264.61102,26.541199,18.938599,0.7315653,-1,-1,-1
189,8524,600.44073,270.74673,27.601868,18.784454,0.73192734,-1,-1,-1
189,8542,630.9089,252.50378,27.16211,19.645782,0.6967179,-1,-1,-1
189,8544,647.46735,231.70099,22.459778,17.761993,0.53215784,-1,-1,-1
189,8539,559.94293,264.8556,26.327454,18.184296,0.7133809,-1,-1,-1
189,8594,822.9623,145.87851,23.773804,15.741272,0.57934743,-1,-1,-1
189,8599,424.86063,388.8788,110.2626,91.04837,0.51048553,-1,-1,-1
189,8567,716.52905,212.18729,21.899414,14.576447,0.65477425,-1,-1,-1
189,8533,670.5714,265.2192,25.622314,16.58957,0.5297949,-1,-1,-1
189,8540,278.25677,256.6395,32.80591,17.208344,0.730145,-1,-1,-1
189,8558,670.14526,223.51668,21.673218,15.64888,0.65644795,-1,-1,-1
189,8659,394.7141,415.43918,50.60431,35.978027,0.46925637,-1,-1,-1
189,8564,730.5549,195.15234,22.534119,15.58107,0.7177744,-1,-1,-1
189,8653,230.37225,208.92038,26.122467,15.730484,0.28901374,-1,-1,-1
189,8705,424.18927,390.88342,110.47864,90.59155,0.7490112,-1,-1,-1
189,8561,658.7738,242.11789,23.521484,15.438721,0.39575386,-1,-1,-1
189,8531,626.45886,245.68005,21.223328,18.4393,0.5722924,-1,-1,-1
189,8703,287.79373,506.94403,60.496033,32.3609,0.26851,-1,-1,-1
189,8650,877.7182,129.59206,30.383179,15.569,0.3482738,-1,-1,-1
189,8589,783.82495,165.70123,19.59137,19.558731,0.27515322,-1,-1,-1
189,8700,284.7155,463.63083,44.37567,30.186523,0.6037934,-1,-1,-1
189,8579,753.6167,180.12677,18.054993,12.745605,0.2507499,-1,-1,-1
190,8523,585.742,264.94458,26.520142,19.480042,0.7209339,-1,-1,-1
190,8524,600.7109,271.4115,27.687134,18.721436,0.6376414,-1,-1,-1
190,8542,630.2808,252.37062,28.207703,20.448593,0.75583434,-1,-1,-1
190,8544,647.2216,232.509,22.496521,17.762589,0.58995545,-1,-1,-1
190,8539,559.98645,265.21463,26.517578,18.662384,0.6672883,-1,-1,-1
190,8594,821.66394,147.00294,25.139648,16.08963,0.475501,-1,-1,-1
190,8599,425.04944,388.1894,111.112915,90.6582,0.57821,-1,-1,-1
190,8567,715.87225,212.91588,22.317566,14.887955,0.591934,-1,-1,-1
190,8533,671.6039,265.17984,25.54358,16.951538,0.49851325,-1,-1,-1
190,8540,277.65845,257.35223,33.1687,17.450165,0.72658026,-1,-1,-1
190,8558,670.482,224.49475,21.305481,15.420563,0.5517589,-1,-1,-1
190,8659,396.0781,416.16986,50.931335,34.664246,0.3221123,-1,-1,-1
190,8564,729.67456,195.87234,22.696106,15.87561,0.6033682,-1,-1,-1
190,8705,424.99014,389.86478,110.86734,90.44177,0.7097682,-1,-1,-1
190,8561,658.7941,242.73395,23.79181,15.7621155,0.3152631,-1,-1,-1
190,8531,626.2142,246.80713,22.65332,19.606262,0.48208264,-1,-1,-1
190,8589,782.4336,167.08795,19.955872,19.15097,0.47779998,-1,-1,-1
190,8579,753.30334,181.04709,17.652771,13.295334,0.3413231,-1,-1,-1
190,8696,626.6711,248.15282,29.80664,21.956894,0.38439748,-1,-1,-1
190,8565,763.5894,189.18811,20.184937,16.02864,0.44103587,-1,-1,-1
191,8523,585.6765,265.68338,26.628296,19.498505,0.78565305,-1,-1,-1
191,8524,600.91797,272.2025,27.342896,18.626892,0.6825919,-1,-1,-1
191,8542,630.3278,253.45183,28.156494,19.94609,0.7698937,-1,-1,-1
191,8544,647.1304,233.20932,22.359802,17.801498,0.37565872,-1,-1,-1
191,8539,559.57526,266.1355,26.976013,18.711853,0.7852666,-1,-1,-1
191,8594,820.5117,148.0815,25.205444,16.277618,0.32764223,-1,-1,-1
191,8599,425.97253,387.71802,112.24884,90.25256,0.72739494,-1,-1,-1
191,8567,715.2759,213.73332,22.604248,15.456833,0.4918928,-1,-1,-1
191,8533,672.43634,265.2579,25.5,17.214142,0.5055828,-1,-1,-1
191,8540,276.90744,258.4342,34.178467,17.522522,0.7303097,-1,-1,-1
191,8659,397.5912,415.99875,50.239532,34.406067,0.30136767,-1,-1,-1
191,8564,728.5246,196.76566,22.959595,15.922989,0.6382579,-1,-1,-1
191,8705,425.7337,389.48203,112.206665,89.71469,0.59708536,-1,-1,-1
191,8531,625.8458,247.44798,24.275146,19.451889,0.43337673,-1,-1,-1
191,8589,781.44214,168.15248,19.71283,19.088501,0.60890204,-1,-1,-1
191,8579,751.8929,182.12517,17.640991,13.340958,0.32110253,-1,-1,-1
191,8565,762.67017,190.51868,20.362305,16.01213,0.43674144,-1,-1,-1
191,8650,874.71967,131.2476,31.546936,16.202621,0.3185839,-1,-1,-1
191,8700,295.79343,459.08203,42.54828,29.442657,0.36697313,-1,-1,-1
192,8523,585.82965,266.5496,26.656738,19.247742,0.8105123,-1,-1,-1
192,8524,601.54913,272.88333,26.79663,18.667969,0.75466156,-1,-1,-1
192,8542,630.67,255.01521,27.604004,19.097977,0.72113204,-1,-1,-1
192,8539,559.706,266.69992,26.77295,18.892334,0.80783904,-1,-1,-1
192,8594,819.4181,149.89197,24.054688,15.634613,0.38562927,-1,-1,-1
192,8599,430.1213,386.57397,109.85202,90.0983,0.8116128,-1,-1,-1
192,8567,714.9779,214.8468,22.039185,15.425507,0.67954826,-1,-1,-1
192,8533,673.09125,265.46872,25.82129,17.389648,0.54133874,-1,-1,-1
192,8540,276.18304,259.32922,35.01834,17.774567,0.75013363,-1,-1,-1
192,8659,399.37622,415.56665,49.916077,34.775604,0.31243473,-1,-1,-1
192,8564,728.0959,197.951,22.425354,15.906845,0.6710867,-1,-1,-1
192,8705,431.63327,387.90692,108.36722,89.464386,0.2601105,-1,-1,-1
192,8531,626.05414,247.84386,23.237122,18.417252,0.52422553,-1,-1,-1
192,8589,780.45703,169.10718,19.868713,18.97702,0.5083608,-1,-1,-1
192,8579,750.52234,183.70071,17.444275,12.905869,0.35327274,-1,-1,-1
192,8565,761.6855,191.43468,20.199463,16.113373,0.4409448,-1,-1,-1
192,8558,670.5502,225.99013,21.128174,15.656311,0.32006204,-1,-1,-1
193,8523,586.17676,267.36563,26.484924,18.889343,0.79733163,-1,-1,-1
193,8524,601.62994,273.34622,27.051697,18.76117,0.7763507,-1,-1,-1
193,8542,630.26227,255.41711,27.875122,19.14621,0.737351,-1,-1,-1
193,8539,559.91125,267.30972,26.897339,18.81665,0.80756825,-1,-1,-1
193,8594,818.76416,151.02588,24.432434,15.535797,0.38992804,-1,-1,-1
193,8599,431.4947,386.27042,110.16809,88.67474,0.7430551,-1,-1,-1
193,8567,714.7688,216.29568,21.726318,14.967102,0.7805101,-1,-1,-1
193,8533,673.988,265.7809,25.7641,17.230865,0.5976127,-1,-1,-1
193,8540,275.50842,260.13885,35.29724,18.364319,0.62480986,-1,-1,-1
193,8564,727.723,199.02812,22.237549,15.694382,0.7133993,-1,-1,-1
193,8705,433.06488,387.39224,108.45056,88.24219,0.5395879,-1,-1,-1
193,8531,626.3381,248.80391,22.321838,17.627243,0.27402437,-1,-1,-1
193,8589,779.5694,170.23901,19.66278,18.91211,0.4549408,-1,-1,-1
193,8579,749.3105,184.47208,17.905823,12.91835,0.5548942,-1,-1,-1
193,8565,760.94824,192.48503,19.671204,15.746353,0.5791775,-1,-1,-1
193,8709,587.7755,270.39307,36.23651,18.733887,0.3475635,-1,-1,-1
193,8558,670.1514,226.27763,21.332031,16.248978,0.47133934,-1,-1,-1
194,8523,586.3723,267.66608,26.389526,19.043243,0.82693875,-1,-1,-1
194,8524,601.4997,273.7084,27.119385,19.083405,0.7977499,-1,-1,-1
194,8542,630.58203,255.90688,27.286987,19.609238,0.77666795,-1,-1,-1
194,8539,559.9986,267.8724,26.900879,18.82196,0.8225291,-1,-1,-1
194,8594,817.97455,152.17188,25.174927,15.160934,0.5130041,-1,-1,-1
194,8599,433.6827,386.73483,109.177216,87.18317,0.6352655,-1,-1,-1
194,8567,714.16785,217.31375,21.778381,14.818832,0.8205818,-1,-1,-1
194,8533,675.0594,266.32056,25.551514,16.804321,0.66436124,-1,-1,-1
194,8540,275.28067,260.95337,35.066925,18.286652,0.64254814,-1,-1,-1
194,8564,726.82025,200.06934,22.23346,15.573914,0.76152396,-1,-1,-1
194,8705,434.66687,386.56143,108.67322,87.387726,0.7904092,-1,-1,-1
194,8531,626.51404,250.44043,21.43341,17.001862,0.46587843,-1,-1,-1
194,8589,778.6468,171.22797,19.741516,18.913116,0.6601685,-1,-1,-1
194,8565,760.0717,193.07233,19.144226,16.109344,0.47207454,-1,-1,-1
194,8558,669.53265,226.61105,21.981384,16.944382,0.5520792,-1,-1,-1
194,8561,657.23224,245.89307,24.044067,16.696594,0.32089382,-1,-1,-1
194,8544,647.2755,236.19786,23.186646,16.89618,0.2738381,-1,-1,-1
195,8523,586.42505,268.29086,25.901978,19.003601,0.83610106,-1,-1,-1
195,8524,601.34265,273.89447,27.020996,19.362946,0.7673832,-1,-1,-1
195,8542,631.11646,257.63162,26.497192,18.508057,0.78577,-1,-1,-1
195,8539,560.1504,268.50208,26.58142,18.704407,0.81341606,-1,-1,-1
195,8594,816.884,153.29521,25.162048,15.223618,0.5009885,-1,-1,-1
195,8599,435.97324,386.7179,108.29813,86.426544,0.59564507,-1,-1,-1
195,8567,713.9427,217.98283,21.81134,14.960602,0.8097051,-1,-1,-1
195,8533,676.00104,266.44272,25.150574,16.607452,0.6656927,-1,-1,-1
195,8540,274.64084,261.95886,36.269806,17.93811,0.5989252,-1,-1,-1
195,8564,725.8315,201.13377,22.25409,15.5685425,0.77838165,-1,-1,-1
195,8705,437.46863,385.70837,107.3136,87.20856,0.8126078,-1,-1,-1
195,8531,626.62616,251.26228,21.6958,16.703842,0.45590964,-1,-1,-1
195,8589,777.90704,172.07181,20.05426,18.920914,0.4784997,-1,-1,-1
195,8565,758.7175,193.02768,19.465149,17.218933,0.26902243,-1,-1,-1
195,8558,668.746,227.21843,22.560425,17.13356,0.5683938,-1,-1,-1
195,8561,657.1289,246.44469,23.75232,16.886398,0.44902265,-1,-1,-1
195,8544,647.1172,236.6335,22.82959,17.228088,0.46871227,-1,-1,-1
195,8696,628.7412,252.94101,28.680115,22.523376,0.35236084,-1,-1,-1
195,8579,747.8001,186.37843,18.158386,12.960648,0.30789608,-1,-1,-1
196,8523,586.6602,269.1266,25.55597,18.91745,0.8193149,-1,-1,-1
196,8524,601.3721,274.40417,26.876038,19.211456,0.7166464,-1,-1,-1
196,8542,631.1285,259.06686,26.218628,17.666656,0.73053527,-1,-1,-1
196,8539,560.5517,269.13644,26.360718,18.727386,0.76933134,-1,-1,-1
196,8594,815.90845,154.06836,26.336975,15.848846,0.2936932,-1,-1,-1
196,8599,432.55896,386.33405,113.18982,86.480316,0.37431774,-1,-1,-1
196,8567,713.86884,218.68182,21.657227,14.987869,0.78054476,-1,-1,-1
196,8533,676.9421,266.55655,24.789673,16.436646,0.70437264,-1,-1,-1
196,8540,274.63312,263.13458,35.795044,17.046082,0.7080491,-1,-1,-1
196,8564,725.4185,202.22697,22.059692,15.162247,0.7943896,-1,-1,-1
196,8705,435.52893,385.21533,110.61359,87.2359,0.79399246,-1,-1,-1
196,8531,626.9378,251.5833,20.900818,16.52385,0.71088904,-1,-1,-1
196,8589,777.3209,173.66057,19.945923,18.365051,0.3008216,-1,-1,-1
196,8565,758.9129,194.85707,19.462341,16.584427,0.4994671,-1,-1,-1
196,8558,668.81384,228.28609,22.717712,16.735687,0.70267373,-1,-1,-1
196,8561,657.1106,247.44492,23.829529,16.643524,0.49594605,-1,-1,-1
196,8544,647.17084,237.14975,22.878235,17.483185,0.53862655,-1,-1,-1
196,8579,747.1997,187.59723,18.012146,12.838547,0.4162814,-1,-1,-1
197,8523,586.91016,269.88248,25.776062,18.907562,0.8171273,-1,-1,-1
197,8524,601.5762,275.25986,27.097778,18.779114,0.67767364,-1,-1,-1
197,8542,631.0176,259.80984,26.372375,17.528442,0.7401867,-1,-1,-1
197,8539,560.9029,269.82935,26.155273,18.665985,0.77886355,-1,-1,-1
197,8594,815.0869,155.08563,25.92102,16.117294,0.28148207,-1,-1,-1
197,8599,437.9527,386.1587,108.89349,85.795715,0.3250675,-1,-1,-1
197,8567,713.6737,219.27844,21.48285,15.42572,0.71277386,-1,-1,-1
197,8533,677.71606,266.59705,24.58429,16.47052,0.68518394,-1,-1,-1
197,8540,274.17062,264.14713,36.30124,17.046936,0.6318038,-1,-1,-1
197,8564,725.2279,202.98903,21.794617,15.141678,0.79462636,-1,-1,-1
197,8705,439.12973,384.76065,108.17886,86.843506,0.84297603,-1,-1,-1
197,8531,626.66315,251.81335,20.21759,16.48938,0.7060169,-1,-1,-1
197,8589,776.8574,174.73244,19.524414,18.156784,0.32829005,-1,-1,-1
197,8565,758.6156,196.39046,19.393372,15.853348,0.59662825,-1,-1,-1
197,8558,668.7738,229.0424,22.5083,16.897873,0.70201564,-1,-1,-1
197,8561,656.99054,248.04036,23.754211,16.615128,0.56357974,-1,-1,-1
197,8544,647.4156,237.85396,22.716309,17.34845,0.60322446,-1,-1,-1
197,8579,746.6483,188.63202,18.684265,12.802704,0.2839322,-1,-1,-1
198,8523,587.0764,270.41107,25.563599,18.842834,0.8062649,-1,-1,-1
198,8524,601.93,276.24017,26.742493,18.304596,0.6981454,-1,-1,-1
198,8542,631.04297,260.21225,26.335754,17.903015,0.7854746,-1,-1,-1
198,8539,561.2288,270.5897,25.822388,18.512634,0.7779358,-1,-1,-1
198,8567,713.499,220.16882,20.880249,15.298401,0.46051967,-1,-1,-1
198,8533,678.5452,266.683,24.585693,16.612457,0.71903425,-1,-1,-1
198,8540,273.85757,265.02112,36.923553,17.662506,0.55223316,-1,-1,-1
198,8564,725.0501,204.11258,21.35083,15.069519,0.8179757,-1,-1,-1
198,8531,625.96906,252.25711,20.054688,17.161682,0.70283014,-1,-1,-1
198,8589,776.3774,176.06967,18.904175,17.718521,0.2735142,-1,-1,-1
198,8565,758.1241,197.92159,19.296143,15.246994,0.71312463,-1,-1,-1
198,8558,669.10114,230.10869,21.743408,16.459213,0.67344636,-1,-1,-1
198,8561,656.7416,248.75221,23.678162,16.445206,0.5249191,-1,-1,-1
198,8544,647.3791,238.65623,22.281189,17.363022,0.66017556,-1,-1,-1
198,8579,746.27673,189.8165,18.2359,12.451035,0.29588902,-1,-1,-1
199,8523,587.39136,271.1768,24.939331,18.616638,0.8061403,-1,-1,-1
199,8524,602.14056,277.36777,26.591614,17.898285,0.7130091,-1,-1,-1
199,8542,630.47034,260.24814,26.884338,18.648468,0.78859764,-1,-1,-1
199,8539,561.55634,271.28445,25.556702,18.40332,0.7966556,-1,-1,-1
199,8567,713.2354,220.75671,20.402649,15.6558075,0.46698388,-1,-1,-1
199,8533,679.7197,267.0318,24.048035,16.440521,0.67009974,-1,-1,-1
199,8540,273.31494,266.22604,38.13846,17.952667,0.503262,-1,-1,-1
199,8564,724.22626,204.85854,21.66864,15.125488,0.8142974,-1,-1,-1
199,8531,626.0908,252.94377,20.986023,17.563583,0.6566961,-1,-1,-1
199,8565,757.6932,198.84276,18.911194,15.266754,0.6896564,-1,-1,-1
199,8558,668.9369,231.04382,21.82257,16.442291,0.47355145,-1,-1,-1
199,8561,656.8669,249.96338,23.18634,15.991516,0.27797297,-1,-1,-1
199,8544,647.56384,239.3005,21.61444,17.293304,0.5135412,-1,-1,-1
199,8579,745.5758,190.87524,18.600098,12.476639,0.32515195,-1,-1,-1
199,8599,441.61835,384.38852,110.01874,85.914,0.79992294,-1,-1,-1
200,8523,587.492,271.67154,24.818604,18.547913,0.82211024,-1,-1,-1
200,8524,602.5527,278.5738,26.096924,17.40097,0.6815252,-1,-1,-1
200,8542,628.2306,256.67776,26.863953,20.99292,0.539264,-1,-1,-1
200,8539,561.64594,271.85666,25.467346,18.411682,0.8135438,-1,-1,-1
200,8567,712.9419,222.00192,19.956787,15.1706085,0.70203555,-1,-1,-1
200,8533,680.9166,267.3353,23.445862,16.24057,0.65977216,-1,-1,-1
200,8540,272.89636,267.2361,38.389374,18.384155,0.49623948,-1,-1,-1
200,8564,723.9406,205.90746,21.369568,15.163681,0.7999663,-1,-1,-1
200,8531,626.3432,253.63953,22.468445,18.79544,0.52884305,-1,-1,-1
200,8565,756.79224,200.2361,18.314636,14.762894,0.54911387,-1,-1,-1
200,8558,669.36,231.6764,21.245117,16.75644,0.52257043,-1,-1,-1
200,8544,647.4687,239.81902,21.5708,17.471268,0.54682136,-1,-1,-1
200,8579,744.17786,192.02518,18.54419,12.502853,0.29990014,-1,-1,-1
200,8599,451.1356,383.24106,101.6705,84.08026,0.7419239,-1,-1,-1
200,8696,629.61127,257.37857,27.562378,21.853577,0.81144905,-1,-1,-1
200,8594,812.18884,159.52168,24.699707,14.541962,0.5500405,-1,-1,-1
200,8589,774.67,177.94885,18.588501,18.064026,0.4702004,-1,-1,-1
201,8523,587.6295,272.47845,24.978333,18.428406,0.82903075,-1,-1,-1
201,8524,602.5015,279.19833,26.390747,17.421783,0.68134016,-1,-1,-1
201,8542,627.2495,255.97458,26.055359,20.884735,0.5445727,-1,-1,-1
201,8539,561.767,272.60498,25.50647,18.243805,0.8260029,-1,-1,-1
201,8567,712.3305,223.0849,20.094177,14.979187,0.35766795,-1,-1,-1
201,8533,681.70984,267.47363,23.68982,16.308472,0.6784701,-1,-1,-1
201,8540,272.08878,268.19275,38.62744,18.37091,0.46559033,-1,-1,-1
201,8564,723.4915,206.62599,21.444824,15.368271,0.76143366,-1,-1,-1
201,8565,755.87335,201.776,18.424866,14.7845,0.2938245,-1,-1,-1
201,8579,743.25574,192.82864,19.122742,12.779053,0.48263702,-1,-1,-1
201,8599,456.32367,382.76062,97.577576,82.1633,0.81704074,-1,-1,-1
201,8710,458.24976,382.7382,95.70685,83.66049,0.40268707,-1,-1,-1
201,8696,629.52466,258.90305,27.643799,21.026062,0.8139208,-1,-1,-1
201,8594,811.0533,160.48375,25.221985,14.678329,0.3744518,-1,-1,-1
201,8589,773.9298,178.7891,18.565552,18.356155,0.3574523,-1,-1,-1
202,8523,587.91327,273.14752,25.01825,18.33545,0.8199496,-1,-1,-1
202,8524,602.51843,279.85327,26.45398,17.413422,0.76379275,-1,-1,-1
202,8539,561.8154,273.29446,25.560486,18.176971,0.82624346,-1,-1,-1
202,8567,711.5806,224.25871,20.03833,14.430054,0.33687133,-1,-1,-1
202,8533,682.39246,267.4647,23.956665,16.48639,0.72802985,-1,-1,-1
202,8540,270.80954,268.96924,38.738037,17.842651,0.4078458,-1,-1,-1
202,8564,723.3255,207.88364,21.268982,14.916153,0.7743459,-1,-1,-1
202,8565,755.1999,202.91248,18.249878,14.645325,0.34751484,-1,-1,-1
202,8579,742.458,193.81845,18.72821,12.774063,0.5195525,-1,-1,-1
202,8599,461.20224,382.3033,93.8862,81.13135,0.7772703,-1,-1,-1
202,8710,461.32196,383.2687,93.28839,81.69083,0.55233765,-1,-1,-1
202,8696,629.99915,260.7311,27.300964,19.863068,0.76832706,-1,-1,-1
202,8594,810.1672,161.22018,25.737732,15.397766,0.37121174,-1,-1,-1
202,8589,773.515,179.82767,18.62976,18.388138,0.414585,-1,-1,-1
202,8531,626.8158,255.81873,22.109314,17.121552,0.5601328,-1,-1,-1
203,8523,588.1658,273.61688,24.973633,18.341705,0.82533115,-1,-1,-1
203,8524,602.80804,280.10916,26.2406,17.718475,0.7481755,-1,-1,-1
203,8539,562.4053,273.88547,24.93042,17.81186,0.8215558,-1,-1,-1
203,8533,683.0306,267.71487,24.015015,16.323395,0.70982575,-1,-1,-1
203,8540,270.13867,269.9578,37.496826,17.192963,0.49872926,-1,-1,-1
203,8564,722.849,209.07895,20.918213,14.6489105,0.72765046,-1,-1,-1
203,8565,754.6282,203.80785,17.740051,14.576263,0.3298082,-1,-1,-1
203,8579,741.53564,195.0095,18.663513,12.594055,0.4576039,-1,-1,-1
203,8599,466.98883,382.3589,89.10431,80.003235,0.7779107,-1,-1,-1
203,8710,467.51474,383.35284,88.41666,80.81012,0.64130783,-1,-1,-1
203,8696,630.3938,262.2275,26.54773,19.24292,0.69363934,-1,-1,-1
203,8594,809.20294,162.63017,24.934326,15.085449,0.32669923,-1,-1,-1
203,8558,668.2513,234.31053,21.96112,16.15033,0.28863755,-1,-1,-1
203,8544,646.7533,242.47429,22.467468,17.15361,0.32509574,-1,-1,-1
203,8542,627.3137,257.01178,24.742615,20.33075,0.37182656,-1,-1,-1
204,8523,588.16034,274.56366,24.884216,17.866516,0.81456625,-1,-1,-1
204,8524,602.8169,280.37796,26.20514,17.977997,0.72083193,-1,-1,-1
204,8539,562.966,274.7806,24.397034,17.318329,0.81203026,-1,-1,-1
204,8533,683.7223,267.88782,23.949585,16.269897,0.70997816,-1,-1,-1
204,8540,269.31015,270.68903,37.229065,17.219574,0.5318403,-1,-1,-1
204,8564,722.27673,210.04521,20.458252,14.485062,0.7256596,-1,-1,-1
204,8565,753.3473,204.3956,18.302795,15.0811615,0.26034877,-1,-1,-1
204,8579,740.8207,196.04967,18.173706,12.311523,0.36198324,-1,-1,-1
204,8599,469.9805,381.8321,88.68094,81.7973,0.58815056,-1,-1,-1
204,8710,470.6094,382.68652,87.21658,81.1673,0.7829002,-1,-1,-1
204,8696,630.8169,263.61142,25.955933,18.545868,0.76238793,-1,-1,-1
204,8558,668.4045,234.7535,21.792969,16.166016,0.30306253,-1,-1,-1
204,8544,647.1952,242.90707,22.11029,17.349976,0.4230164,-1,-1,-1
204,8542,628.123,258.10532,26.44629,22.078186,0.32447273,-1,-1,-1
204,8659,419.32556,411.39743,46.14911,33.482666,0.2518286,-1,-1,-1
204,8561,656.495,254.2245,22.928955,15.716049,0.31645715,-1,-1,-1
204,8531,627.15594,257.53503,22.734497,17.829224,0.40904626,-1,-1,-1
205,8523,588.2182,275.0682,24.94165,17.862,0.7949966,-1,-1,-1
205,8524,602.9178,280.6657,26.081726,18.228485,0.6634974,-1,-1,-1
205,8539,563.4813,275.4358,24.70044,17.209137,0.78859335,-1,-1,-1
205,8533,684.8691,268.16238,23.275574,15.993103,0.63044816,-1,-1,-1
205,8540,269.0494,271.45358,36.58725,17.523773,0.48498246,-1,-1,-1
205,8564,721.73663,210.85487,20.220032,14.569138,0.7198216,-1,-1,-1
205,8565,752.3262,205.46364,18.67572,15.178101,0.33245283,-1,-1,-1
205,8579,740.04675,196.75436,18.33075,12.450348,0.48825315,-1,-1,-1
205,8599,471.1477,381.459,89.494995,81.75745,0.6710303,-1,-1,-1
205,8710,472.11212,382.50272,87.47992,81.44043,0.7474401,-1,-1,-1
205,8696,630.93274,265.52057,25.854553,17.337128,0.7562182,-1,-1,-1
205,8558,668.98773,236.04854,21.013245,15.430634,0.393756,-1,-1,-1
205,8544,647.53284,243.67021,21.685669,17.12526,0.46113905,-1,-1,-1
205,8561,656.5764,254.74596,22.652954,15.9162445,0.43412817,-1,-1,-1
205,8531,627.3662,257.94058,21.771484,16.901611,0.54770833,-1,-1,-1
205,8594,806.90295,165.20857,23.317871,14.65007,0.33588034,-1,-1,-1
206,8523,587.97,275.98242,25.175842,17.790161,0.7599158,-1,-1,-1
206,8524,603.2149,280.8904,26.081238,18.34201,0.56865305,-1,-1,-1
206,8539,563.3767,276.14896,24.556091,17.19983,0.61594635,-1,-1,-1
206,8533,685.95325,268.25793,22.986267,16.055847,0.5137509,-1,-1,-1
206,8540,268.70016,272.22217,35.70395,17.794495,0.33899522,-1,-1,-1
206,8564,720.98944,211.45142,20.105225,14.708389,0.7055616,-1,-1,-1
206,8579,739.59314,197.36107,18.211426,12.608917,0.2965119,-1,-1,-1
206,8599,472.98566,381.4775,88.3396,81.50342,0.7531817,-1,-1,-1
206,8710,474.47244,382.49133,86.2316,81.13199,0.49721915,-1,-1,-1
206,8696,630.2565,266.11792,26.55066,17.431427,0.70385885,-1,-1,-1
206,8544,647.21655,244.36394,21.784668,16.919022,0.42377424,-1,-1,-1
206,8561,656.0151,255.12106,23.098816,16.36847,0.35882762,-1,-1,-1
206,8531,627.19806,258.11566,21.190002,16.808258,0.5947435,-1,-1,-1
206,8594,805.90674,166.31183,24.14801,14.903839,0.5849523,-1,-1,-1
207,8523,588.08795,276.72937,25.496887,17.746765,0.74320877,-1,-1,-1
207,8524,602.44965,281.47827,27.18518,18.280151,0.5028553,-1,-1,-1
207,8539,563.3196,277.13593,24.18628,16.784912,0.6890507,-1,-1,-1
207,8533,686.73065,268.4488,22.639404,15.977142,0.49817184,-1,-1,-1
207,8540,268.3173,273.0495,35.262085,18.620544,0.25711304,-1,-1,-1
207,8564,719.8984,211.96312,20.35675,15.404831,0.70892805,-1,-1,-1
207,8579,738.744,197.93982,18.029419,13.146469,0.3493498,-1,-1,-1
207,8599,474.76788,380.8232,88.21832,81.449036,0.7082152,-1,-1,-1
207,8710,475.42023,381.6982,86.39252,81.04083,0.60920405,-1,-1,-1
207,8696,629.82056,267.03015,26.725342,17.13385,0.6460146,-1,-1,-1
207,8544,646.27094,244.73438,22.661133,17.159271,0.38876817,-1,-1,-1
207,8561,655.822,255.84352,22.33014,16.491165,0.47502902,-1,-1,-1
207,8531,627.0085,258.51917,21.546997,16.733063,0.5527759,-1,-1,-1
207,8594,804.84375,167.16855,24.959106,15.194199,0.64291364,-1,-1,-1
207,8709,588.424,278.4562,31.462524,17.191284,0.35852894,-1,-1,-1
207,8565,750.28564,207.12752,18.912903,15.904205,0.2605502,-1,-1,-1
208,8523,588.2446,277.1068,25.348389,17.732056,0.7229927,-1,-1,-1
208,8524,602.0537,282.07544,27.512085,17.986145,0.3771219,-1,-1,-1
208,8539,563.5728,277.71024,23.863708,16.729584,0.6518281,-1,-1,-1
208,8533,687.3668,268.863,22.304626,15.648285,0.29248774,-1,-1,-1
208,8564,719.4213,213.18784,20.405151,15.434113,0.64186275,-1,-1,-1
208,8579,738.2218,199.06934,18.074585,13.170822,0.4275561,-1,-1,-1
208,8599,476.5177,379.8369,88.19879,81.788055,0.6090592,-1,-1,-1
208,8710,476.6969,380.30313,86.793274,80.155334,0.77097285,-1,-1,-1
208,8696,629.27826,265.7443,27.37616,19.070862,0.6582854,-1,-1,-1
208,8544,645.81525,245.54362,23.163208,16.846329,0.35080355,-1,-1,-1
208,8561,655.45935,256.5932,21.714539,16.388245,0.34077135,-1,-1,-1
208,8594,804.07074,167.73383,25.778564,15.789612,0.39504185,-1,-1,-1
208,8565,749.7125,208.50922,18.802673,15.709534,0.37018138,-1,-1,-1
208,8542,627.5206,260.7065,26.203003,21.64859,0.3870338,-1,-1,-1
209,8523,587.9752,277.67105,25.011963,17.834991,0.7052857,-1,-1,-1
209,8524,601.1826,282.74142,28.488525,18.134338,0.26953584,-1,-1,-1
209,8539,563.57916,278.439,23.57483,16.540161,0.6098428,-1,-1,-1
209,8533,687.6469,269.03494,22.378845,15.682587,0.31555456,-1,-1,-1
209,8564,718.51825,214.259,20.41449,15.110962,0.7240056,-1,-1,-1
209,8579,737.3217,200.04439,17.954834,12.953629,0.2610674,-1,-1,-1
209,8599,479.03726,379.37338,86.91629,81.61139,0.79081255,-1,-1,-1
209,8710,478.86304,379.47644,86.06665,79.819336,0.7162116,-1,-1,-1
209,8696,628.866,265.145,27.63092,20.214844,0.7163328,-1,-1,-1
209,8594,802.9472,168.47302,25.58612,16.109879,0.29516622,-1,-1,-1
209,8565,748.88403,209.79086,17.949524,15.186615,0.29109862,-1,-1,-1
209,8542,627.18726,261.16058,26.594055,21.856995,0.5295322,-1,-1,-1
209,8567,707.9954,231.20038,19.914124,13.489227,0.33195058,-1,-1,-1
210,8523,587.8977,278.10492,25.31726,17.968079,0.6938073,-1,-1,-1
210,8539,563.7204,279.04422,23.377014,16.745392,0.5680384,-1,-1,-1
210,8564,717.877,215.17372,20.120056,14.907196,0.6777859,-1,-1,-1
210,8599,483.12222,379.43115,83.3981,81.37073,0.76151323,-1,-1,-1
210,8710,483.36743,379.64203,82.79663,81.07214,0.72487843,-1,-1,-1
210,8696,628.4479,264.73615,27.330078,21.216675,0.4505186,-1,-1,-1
210,8565,747.9433,210.82877,17.94696,15.16922,0.33923352,-1,-1,-1
210,8542,626.7851,261.44772,25.6333,20.808838,0.415837,-1,-1,-1
211,8523,587.8687,279.03326,25.494812,17.742493,0.73987716,-1,-1,-1
211,8539,563.54156,279.84198,23.472717,16.630096,0.7020058,-1,-1,-1
211,8564,716.99567,215.59915,20.437012,15.421661,0.5544705,-1,-1,-1
211,8599,484.92447,378.69394,83.0184,81.66281,0.83573246,-1,-1,-1
211,8710,485.2388,379.38538,82.01236,80.7811,0.68112016,-1,-1,-1
211,8696,628.36847,265.2214,27.296326,21.292053,0.5267919,-1,-1,-1
211,8542,627.00415,261.9591,25.135864,21.060577,0.3802399,-1,-1,-1
211,8524,602.43964,284.77985,26.943665,17.228516,0.5308145,-1,-1,-1
212,8523,588.0496,279.64264,25.442871,17.71701,0.72616094,-1,-1,-1
212,8539,563.50653,280.35468,23.546997,16.742462,0.7411059,-1,-1,-1
212,8564,716.7303,216.3439,20.28418,15.8906555,0.5716503,-1,-1,-1
212,8599,486.32193,378.37598,83.413666,80.50574,0.8403559,-1,-1,-1
212,8710,486.60114,378.9535,81.96912,80.27792,0.6377793,-1,-1,-1
212,8696,628.5633,267.2527,26.875,19.972473,0.5250418,-1,-1,-1
212,8524,602.0923,285.66507,27.219727,17.036041,0.69963074,-1,-1,-1
212,8531,626.8572,262.1815,21.645447,16.904694,0.4775518,-1,-1,-1
212,8544,645.4063,248.37877,23.564697,16.849136,0.269666,-1,-1,-1
213,8523,588.42175,279.95032,25.178589,17.687714,0.6916882,-1,-1,-1
213,8539,563.9437,280.7884,23.342468,16.691406,0.7665101,-1,-1,-1
213,8564,716.32623,217.20448,20.171387,15.652557,0.63053966,-1,-1,-1
213,8599,487.47137,378.2742,83.64099,79.0076,0.865901,-1,-1,-1
213,8710,487.6876,378.84262,82.490875,79.16556,0.53605866,-1,-1,-1
213,8696,628.62494,267.50983,26.681213,20.358246,0.49715343,-1,-1,-1
213,8524,602.8818,286.33813,26.676636,16.657867,0.78142416,-1,-1,-1
213,8531,626.89825,263.09024,22.064636,17.213318,0.4289447,-1,-1,-1
213,8544,645.9661,248.90082,23.090027,16.89679,0.303168,-1,-1,-1
213,8558,667.6213,241.44806,20.829895,16.636261,0.31508547,-1,-1,-1
213,8561,653.2234,260.37762,22.188171,16.135315,0.28378546,-1,-1,-1
213,8594,798.49976,172.28033,25.461914,16.265991,0.27688468,-1,-1,-1
214,8523,588.4865,280.40802,24.885742,17.89029,0.7268961,-1,-1,-1
214,8539,564.14996,281.45093,23.326782,16.602142,0.7521081,-1,-1,-1
214,8564,715.92487,218.33752,19.46466,15.596069,0.6150915,-1,-1,-1
214,8599,489.00302,377.872,83.058685,78.076324,0.8480628,-1,-1,-1
214,8710,488.83157,378.22995,82.36618,78.34216,0.27235064,-1,-1,-1
214,8696,628.7335,268.0695,26.81836,20.630554,0.62774354,-1,-1,-1
214,8524,603.4201,286.73795,26.39209,16.861115,0.8050825,-1,-1,-1
214,8531,627.0086,263.72232,21.953918,17.355988,0.5174803,-1,-1,-1
214,8544,646.1261,249.40594,22.138977,17.035278,0.4409804,-1,-1,-1
214,8561,652.6334,261.1309,22.832031,16.05664,0.3852299,-1,-1,-1
214,8542,627.2206,264.04623,24.64856,22.299042,0.2745449,-1,-1,-1
215,8523,588.27545,280.6862,25.310791,18.140137,0.73710716,-1,-1,-1
215,8539,564.3191,281.8726,23.343384,16.922577,0.70191044,-1,-1,-1
215,8564,715.4325,219.12173,19.398132,15.811142,0.62643176,-1,-1,-1
215,8599,490.23615,378.21756,82.225525,76.5538,0.36312842,-1,-1,-1
215,8710,490.4437,377.87067,81.89389,77.51926,0.8171354,-1,-1,-1
215,8696,628.6612,269.12845,26.476501,20.264008,0.549685,-1,-1,-1
215,8524,602.61224,287.13562,27.013123,17.256104,0.7033322,-1,-1,-1
215,8531,626.7161,264.0261,21.891785,17.21524,0.48739082,-1,-1,-1
215,8544,645.93854,249.50183,21.720825,17.422699,0.45443317,-1,-1,-1
215,8561,652.17975,261.93512,22.76416,15.83139,0.41937503,-1,-1,-1
216,8523,588.4881,281.57568,25.417664,17.928528,0.7332917,-1,-1,-1
216,8539,564.5191,282.44138,23.869751,17.009521,0.7282736,-1,-1,-1
216,8564,714.9288,220.38481,19.538025,15.507004,0.49782878,-1,-1,-1
216,8599,491.79422,378.2566,81.28061,75.46176,0.38868123,-1,-1,-1
216,8710,491.5784,377.49625,81.888824,76.71097,0.814265,-1,-1,-1
216,8696,628.59015,270.16797,26.089722,19.81012,0.5531211,-1,-1,-1
216,8524,602.3679,287.55048,27.242859,17.39273,0.69704896,-1,-1,-1
216,8531,626.90265,264.44904,20.795715,16.412262,0.4737818,-1,-1,-1
216,8544,646.3492,249.35791,21.332092,18.50116,0.32945767,-1,-1,-1
216,8561,651.39606,262.3961,23.08142,15.615906,0.2596606,-1,-1,-1
216,8589,761.2676,195.98639,20.450317,16.370087,0.25265515,-1,-1,-1
216,8579,733.2983,207.934,17.960205,12.984222,0.35477203,-1,-1,-1
217,8523,588.4273,282.72153,25.881287,17.838135,0.7108695,-1,-1,-1
217,8539,564.70856,283.2214,23.91211,17.043732,0.7438703,-1,-1,-1
217,8564,714.36346,221.32466,19.403381,15.30249,0.5066351,-1,-1,-1
217,8696,628.76953,271.14548,25.388733,19.479156,0.50806284,-1,-1,-1
217,8524,601.9814,288.06747,27.511963,17.355042,0.55581415,-1,-1,-1
217,8531,627.1682,265.30783,21.635376,16.160492,0.29599166,-1,-1,-1
217,8544,646.2881,249.83963,21.425537,18.632904,0.2681318,-1,-1,-1
217,8579,732.8411,208.93163,17.07306,12.696487,0.25114122,-1,-1,-1
217,8709,588.9593,284.51108,34.898926,17.88507,0.3350905,-1,-1,-1
218,8523,588.5113,283.01202,25.519958,18.157715,0.7376051,-1,-1,-1
218,8539,564.8156,283.85263,23.77716,16.811432,0.7513752,-1,-1,-1
218,8564,713.69666,222.12845,19.25122,15.170044,0.53467846,-1,-1,-1
218,8696,628.4762,269.06122,25.289185,22.153076,0.54388195,-1,-1,-1
218,8524,601.9114,288.71124,27.6651,17.093079,0.57934046,-1,-1,-1
218,8544,645.9331,251.01741,21.575684,17.810104,0.3615783,-1,-1,-1
218,8659,439.9727,406.14224,45.19989,33.320435,0.29685685,-1,-1,-1
218,8594,793.64777,178.7746,25.660278,15.439514,0.3682892,-1,-1,-1
218,8599,494.97025,377.03214,80.31796,75.505066,0.8273425,-1,-1,-1
219,8523,588.53046,283.7328,25.210754,17.879395,0.7554624,-1,-1,-1
219,8539,564.78674,284.4275,23.5401,16.73117,0.7321308,-1,-1,-1
219,8564,713.132,222.66754,19.364563,15.384354,0.36888024,-1,-1,-1
219,8696,628.24426,268.16995,25.009033,23.608307,0.6402168,-1,-1,-1
219,8524,601.8804,288.71313,27.742126,17.777039,0.4936839,-1,-1,-1
219,8659,441.69382,405.83182,44.99939,33.049286,0.39245325,-1,-1,-1
219,8594,792.9776,179.51263,26.341675,15.984573,0.57545215,-1,-1,-1
219,8599,496.60852,376.61032,80.56598,75.40234,0.7967172,-1,-1,-1
219,8558,659.84595,244.70026,27.890076,18.482513,0.37545845,-1,-1,-1
220,8523,588.6487,284.19333,24.943481,17.839539,0.76370376,-1,-1,-1
220,8539,564.75525,285.22113,23.180603,16.29486,0.6705994,-1,-1,-1
220,8564,712.5241,223.9026,20.029663,15.145279,0.3549862,-1,-1,-1
220,8696,628.0695,268.86932,24.860962,23.510223,0.637464,-1,-1,-1
220,8524,602.3474,289.9714,26.54303,17.362457,0.43690494,-1,-1,-1
220,8659,443.79193,405.9339,43.411835,32.592285,0.5202545,-1,-1,-1
220,8599,497.69305,376.33725,80.88092,74.63602,0.7704054,-1,-1,-1
220,8713,497.20026,376.4039,80.78839,75.292816,0.6094627,-1,-1,-1
220,8561,652.8098,265.66443,21.923828,16.096863,0.36357394,-1,-1,-1
220,8544,645.17755,252.0427,22.080017,17.674469,0.28458706,-1,-1,-1
221,8523,588.4343,284.6881,24.81665,17.875793,0.74607503,-1,-1,-1
221,8539,564.78186,285.88443,23.104065,16.124023,0.699333,-1,-1,-1
221,8564,711.9523,224.71904,20.736511,15.376633,0.33391565,-1,-1,-1
221,8696,628.0007,270.3587,24.791748,22.638855,0.55217373,-1,-1,-1
221,8524,602.0367,290.75446,26.745667,17.530792,0.40335888,-1,-1,-1
221,8659,445.72565,405.8306,42.311096,32.129852,0.3958777,-1,-1,-1
221,8599,498.46185,376.18933,81.40094,73.43393,0.8061533,-1,-1,-1
221,8713,498.32605,376.29706,80.868286,74.72107,0.51692957,-1,-1,-1
221,8561,652.8243,266.17093,21.807129,16.60669,0.42002937,-1,-1,-1
221,8544,645.3016,252.75581,22.323608,17.512222,0.26719263,-1,-1,-1
221,8542,627.14465,268.70554,23.361938,21.358398,0.26327083,-1,-1,-1
221,8558,661.1699,246.07076,26.450684,18.54216,0.2884265,-1,-1,-1
222,8523,588.5215,285.33322,24.910278,17.808899,0.7360494,-1,-1,-1
222,8539,564.8945,286.39493,22.986877,16.333405,0.7423766,-1,-1,-1
222,8696,627.96216,271.07254,24.998047,22.823944,0.3822599,-1,-1,-1
222,8524,601.55835,291.62305,26.756042,17.353973,0.43942946,-1,-1,-1
222,8599,500.10953,375.67398,81.00717,73.445984,0.78792065,-1,-1,-1
222,8713,499.293,375.8507,81.08499,72.31024,0.6061907,-1,-1,-1
222,8561,652.4306,266.50772,22.015564,16.832062,0.45229682,-1,-1,-1
222,8544,644.53467,253.4042,22.764526,17.228516,0.31871954,-1,-1,-1
222,8542,627.018,269.09192,23.380127,20.596405,0.2968049,-1,-1,-1
222,8558,663.80835,247.44228,23.43097,17.370316,0.41053283,-1,-1,-1
222,8579,728.56903,212.49652,16.87909,13.65097,0.37911972,-1,-1,-1
223,8523,588.36536,285.80835,25.115112,17.882446,0.7333292,-1,-1,-1
223,8539,565.0006,286.7912,22.721802,16.262085,0.78810066,-1,-1,-1
223,8696,627.5928,271.28186,25.486023,23.188843,0.32678336,-1,-1,-1
223,8524,601.618,292.19574,27.355957,17.44751,0.6895131,-1,-1,-1
223,8599,501.63937,375.6073,80.662445,72.790375,0.6708966,-1,-1,-1
223,8713,500.617,375.70007,81.20325,70.90781,0.7211907,-1,-1,-1
223,8561,652.082,267.04733,22.166382,16.84201,0.49141353,-1,-1,-1
223,8544,643.8782,254.4171,22.549194,16.755234,0.3324924,-1,-1,-1
223,8542,626.64166,269.50696,24.11621,20.65863,0.32886338,-1,-1,-1
223,8558,665.3647,248.35661,21.617676,16.336655,0.3911075,-1,-1,-1
223,8579,727.7582,213.09187,17.441406,13.954483,0.2958212,-1,-1,-1
224,8523,588.6638,286.20258,24.880432,17.98703,0.7057512,-1,-1,-1
224,8539,565.34076,287.41507,22.55371,16.082825,0.7380076,-1,-1,-1
224,8524,602.0004,292.72055,27.398987,17.360077,0.58727777,-1,-1,-1
224,8599,503.41312,375.92444,79.74216,71.64581,0.7272275,-1,-1,-1
224,8713,502.31982,375.82898,80.31152,69.77179,0.69364667,-1,-1,-1
224,8561,651.97095,267.5345,21.8974,16.677032,0.3246638,-1,-1,-1
224,8579,726.9334,214.60854,18.055359,13.217133,0.3762712,-1,-1,-1
224,8659,451.3457,406.9173,40.345673,29.770569,0.310324,-1,-1,-1
225,8523,588.7669,286.64383,24.62146,18.032135,0.76621026,-1,-1,-1
225,8539,565.0884,287.84198,22.524109,16.107758,0.7900954,-1,-1,-1
225,8524,602.70654,293.0834,27.066956,17.354431,0.7634666,-1,-1,-1
225,8599,505.17822,375.84485,78.92169,71.13904,0.7271293,-1,-1,-1
225,8713,504.06274,376.00677,80.39276,69.469025,0.6071312,-1,-1,-1
225,8561,651.94666,268.4062,22.268738,16.36795,0.5485221,-1,-1,-1
225,8659,453.59918,406.36835,38.931793,29.785706,0.27811605,-1,-1,-1
225,8531,626.40344,269.6074,22.508179,18.331085,0.3005637,-1,-1,-1
225,8696,628.1387,274.731,25.373474,21.098236,0.39966208,-1,-1,-1
226,8523,588.5808,287.4562,24.694397,17.757446,0.7801783,-1,-1,-1
226,8539,564.97174,288.31363,22.79358,16.211945,0.76400036,-1,-1,-1
226,8524,602.6454,293.37384,27.08014,17.354004,0.7253858,-1,-1,-1
226,8599,506.43164,375.9075,78.612,70.4397,0.7355201,-1,-1,-1
226,8713,505.88425,376.15335,79.76199,68.68039,0.46633077,-1,-1,-1
226,8561,651.5918,269.1145,21.784668,16.836945,0.5920382,-1,-1,-1
226,8659,455.41708,405.75394,38.64267,29.944153,0.4624977,-1,-1,-1
226,8696,628.1755,275.61932,25.009033,20.81958,0.48502105,-1,-1,-1
227,8523,588.3764,288.0763,25.013733,17.817322,0.69489866,-1,-1,-1
227,8539,565.0715,288.90225,23.12616,16.287415,0.62063396,-1,-1,-1
227,8524,602.55054,293.668,26.962646,17.464691,0.52573633,-1,-1,-1
227,8599,507.5174,375.8177,78.52716,70.019196,0.7588511,-1,-1,-1
227,8713,507.32196,375.71164,79.45099,68.005646,0.38111562,-1,-1,-1
227,8659,456.77258,405.03403,38.749664,29.802124,0.28764567,-1,-1,-1
228,8523,587.8151,288.9498,25.90503,18.178528,0.66948956,-1,-1,-1
228,8539,564.8431,289.38046,23.49823,16.524109,0.6930516,-1,-1,-1
228,8524,602.3003,293.83975,27.061035,17.573883,0.40541586,-1,-1,-1
228,8599,508.66858,374.74426,79.12402,69.41348,0.7204981,-1,-1,-1
228,8713,509.59866,375.07114,77.69565,66.377686,0.59624535,-1,-1,-1
228,8659,457.87143,404.65073,38.977478,29.878326,0.4616607,-1,-1,-1
228,8564,708.1034,230.21373,18.920288,15.079956,0.26217163,-1,-1,-1
228,8579,723.75104,217.57208,17.870056,14.191513,0.43193376,-1,-1,-1
229,8523,587.281,289.34607,26.724792,18.832336,0.70706445,-1,-1,-1
229,8539,564.9628,289.83932,23.32666,16.561157,0.6392369,-1,-1,-1
229,8524,602.277,294.0686,27.246033,17.822113,0.46547598,-1,-1,-1
229,8599,510.12762,373.93173,79.30292,69.67227,0.5888573,-1,-1,-1
229,8713,510.9886,374.31088,78.69336,67.456024,0.66859376,-1,-1,-1
229,8564,707.3863,231.45349,19.60968,14.679504,0.39219314,-1,-1,-1
229,8579,723.52216,217.88573,17.81543,14.786255,0.35643682,-1,-1,-1
229,8696,627.50146,274.0947,25.22998,23.495544,0.39992425,-1,-1,-1
230,8523,587.21173,289.97388,26.842957,18.840363,0.71110266,-1,-1,-1
230,8539,564.83124,290.3156,23.474121,16.744843,0.5821779,-1,-1,-1
230,8524,602.01984,294.6173,27.485107,17.595978,0.462034,-1,-1,-1
230,8599,511.91037,372.694,79.16873,69.84833,0.71343046,-1,-1,-1
230,8713,512.6852,373.75586,78.662964,67.73825,0.6596007,-1,-1,-1
231,8523,587.0101,290.2427,27.471313,19.282318,0.7009656,-1,-1,-1
231,8539,564.8837,291.12952,23.097168,16.547913,0.39617243,-1,-1,-1
231,8524,601.8569,294.39206,27.609192,18.720001,0.31841436,-1,-1,-1
231,8599,513.78107,372.2196,78.809204,69.55594,0.7216218,-1,-1,-1
231,8713,514.2054,373.3397,78.41876,67.704895,0.6260831,-1,-1,-1
231,8696,627.0593,274.81863,24.717346,23.71582,0.3997867,-1,-1,-1
232,8523,586.6971,290.83716,27.17749,19.583405,0.6044174,-1,-1,-1
232,8599,515.79663,371.95224,78.52063,68.963165,0.6459186,-1,-1,-1
232,8713,515.83624,372.64365,78.29767,67.82797,0.5184743,-1,-1,-1
232,8579,721.6873,221.18398,18.415161,13.182419,0.27410194,-1,-1,-1
233,8523,586.6537,291.15503,27.256958,19.691406,0.63479716,-1,-1,-1
233,8599,517.29474,371.8619,78.68872,68.50513,0.75985783,-1,-1,-1
233,8713,517.0849,372.285,79.305664,67.68707,0.35646373,-1,-1,-1
233,8659,465.54584,402.57,37.803955,29.388489,0.31500602,-1,-1,-1
233,8539,565.2033,292.363,22.512573,16.58545,0.25255683,-1,-1,-1
233,8696,626.91943,275.84857,25.330994,23.468323,0.2833495,-1,-1,-1
234,8523,586.41614,291.74637,26.933655,19.551758,0.5668589,-1,-1,-1
234,8599,518.1426,371.19733,79.28839,68.38266,0.52909017,-1,-1,-1
234,8713,518.15234,372.05997,79.668335,67.48599,0.6574594,-1,-1,-1
234,8659,466.35287,401.78397,38.17758,29.737793,0.32654926,-1,-1,-1
234,8539,565.1633,292.83368,22.88263,16.7753,0.46593988,-1,-1,-1
235,8523,586.31116,292.1859,27.02069,19.583893,0.61704063,-1,-1,-1
235,8599,519.1937,371.1354,79.34265,68.21866,0.57198656,-1,-1,-1
235,8713,519.6625,371.75757,78.89331,67.76691,0.49451068,-1,-1,-1
235,8659,467.71695,401.48166,37.5683,30.436249,0.4894014,-1,-1,-1
235,8539,565.2577,293.1474,23.113037,16.983582,0.6079082,-1,-1,-1
236,8523,586.4203,292.3083,27.319336,19.808716,0.5762169,-1,-1,-1
236,8599,520.24835,371.18286,79.082886,67.84778,0.51286966,-1,-1,-1
236,8713,520.55743,371.5978,78.58948,67.65497,0.5311987,-1,-1,-1
236,8659,469.5783,401.51505,37.433685,29.859161,0.56039083,-1,-1,-1
236,8539,565.60114,293.50668,22.85913,16.860626,0.50690085,-1,-1,-1
236,8544,642.79346,261.45822,21.92035,18.8172,0.26908404,-1,-1,-1
236,8524,601.331,297.908,28.316467,18.975037,0.3655261,-1,-1,-1
237,8523,586.48126,292.64896,27.604675,20.266113,0.4093444,-1,-1,-1
237,8599,521.6708,370.64865,78.86273,67.63754,0.52143496,-1,-1,-1
237,8713,522.13837,371.35736,77.68768,67.29309,0.53215474,-1,-1,-1
237,8659,470.57993,401.81555,37.615265,29.328156,0.58863354,-1,-1,-1
237,8539,565.72,293.82785,23.208923,17.177795,0.32120335,-1,-1,-1
237,8524,601.7547,298.20676,27.66864,19.712555,0.4194518,-1,-1,-1
238,8523,586.324,293.14978,28.29486,20.81485,0.5579867,-1,-1,-1
238,8599,522.8986,370.32193,79.19989,67.25256,0.6632367,-1,-1,-1
238,8713,523.504,371.0814,77.713745,66.78522,0.37107563,-1,-1,-1
238,8659,472.18637,400.73203,37.57791,29.11383,0.49651906,-1,-1,-1
238,8539,565.73083,294.2598,23.192139,17.49942,0.32248628,-1,-1,-1
238,8524,601.7699,298.65002,28.042053,19.805237,0.28885895,-1,-1,-1
239,8523,585.98926,293.8319,28.466736,21.221313,0.56845886,-1,-1,-1
239,8599,524.8371,370.0077,78.66516,66.83072,0.6559002,-1,-1,-1
239,8713,525.05194,371.10605,77.401245,65.066345,0.3503226,-1,-1,-1
239,8659,473.3149,400.43887,37.34027,28.76535,0.3977667,-1,-1,-1
239,8539,565.7927,294.7635,23.228577,17.647919,0.3515769,-1,-1,-1
240,8523,585.57806,294.3832,29.33191,22.117218,0.5284925,-1,-1,-1
240,8599,526.8142,369.66223,78.05682,65.64957,0.77902585,-1,-1,-1
240,8713,526.9749,370.79138,76.88495,64.35083,0.37624663,-1,-1,-1
240,8659,475.01834,400.23114,36.83719,28.016632,0.49225822,-1,-1,-1
240,8539,565.5862,295.1151,23.581787,17.971283,0.2955163,-1,-1,-1
241,8523,586.1712,295.06174,29.144714,22.061249,0.6036485,-1,-1,-1
241,8599,528.41693,369.6749,77.53406,65.05142,0.7387583,-1,-1,-1
241,8713,528.84424,370.69638,76.0365,63.770416,0.4838394,-1,-1,-1
241,8659,476.509,400.23264,35.703156,27.25879,0.5605041,-1,-1,-1
241,8539,565.87555,295.9005,23.506653,17.560364,0.27525187,-1,-1,-1
241,8723,359.1674,490.24875,54.866302,40.182587,0.49206373,-1,-1,-1
242,8523,586.4821,295.937,27.940735,21.85382,0.5116761,-1,-1,-1
242,8599,529.77124,369.69714,76.9068,64.74234,0.53045434,-1,-1,-1
242,8713,529.7739,370.46332,76.03052,63.6304,0.63594073,-1,-1,-1
242,8659,477.91785,399.60452,35.145996,27.793365,0.5312139,-1,-1,-1
242,8723,360.1667,489.97287,55.249237,40.2601,0.38501462,-1,-1,-1
243,8523,586.2096,296.69785,27.95996,22.197174,0.64348155,-1,-1,-1
243,8599,530.7608,369.59427,76.707214,64.31555,0.6346083,-1,-1,-1
243,8713,530.6099,370.13968,76.03162,63.496216,0.6299614,-1,-1,-1
243,8659,479.488,399.30154,34.839935,28.485107,0.40895748,-1,-1,-1
243,8723,362.6707,488.76178,54.04474,41.094116,0.5349162,-1,-1,-1
244,8523,586.07385,297.39008,27.907715,22.096466,0.5426919,-1,-1,-1
244,8599,532.491,369.53583,75.94342,63.925934,0.6499793,-1,-1,-1
244,8713,532.3974,369.93048,75.44,63.37497,0.60061187,-1,-1,-1
244,8723,363.55057,488.0574,54.55606,41.674896,0.4627962,-1,-1,-1
245,8523,586.26025,297.93716,28.594116,21.870026,0.46569878,-1,-1,-1
245,8599,533.5888,369.49557,75.87811,63.41156,0.6667814,-1,-1,-1
245,8713,534.22754,369.71075,74.91138,62.982544,0.71277916,-1,-1,-1
245,8723,364.76147,489.09378,53.995636,40.672577,0.45198148,-1,-1,-1
246,8523,586.9176,298.60037,28.057068,21.14441,0.45021173,-1,-1,-1
246,8599,534.51605,369.32242,75.70746,62.959778,0.6417816,-1,-1,-1
246,8713,535.7106,369.36096,74.239136,62.529022,0.73061883,-1,-1,-1
246,8723,365.95407,489.32898,53.36505,40.11664,0.65273225,-1,-1,-1
246,8579,712.14136,233.74835,17.889343,12.42955,0.26491663,-1,-1,-1
247,8523,587.62177,299.14694,27.126892,20.327087,0.4905574,-1,-1,-1
247,8599,535.39056,369.08582,75.25769,62.871765,0.64327765,-1,-1,-1
247,8713,536.84454,369.0881,73.75427,62.427826,0.6983184,-1,-1,-1
247,8723,365.51178,489.0187,54.871155,40.375153,0.39066562,-1,-1,-1
247,8579,711.54974,234.27438,18.352905,12.67244,0.47383082,-1,-1,-1
247,8594,767.9878,206.79698,22.66687,15.38649,0.3962387,-1,-1,-1
247,8539,566.83765,299.4595,23.489075,16.40863,0.253425,-1,-1,-1
248,8523,587.52124,299.4717,26.242676,19.847229,0.57679063,-1,-1,-1
248,8599,536.3539,368.82056,74.85852,62.419952,0.7538624,-1,-1,-1
248,8713,537.87964,368.65057,73.20807,62.07785,0.511011,-1,-1,-1
248,8723,367.1052,488.61368,54.722534,40.43863,0.48859173,-1,-1,-1
248,8579,710.8123,235.06644,18.148926,12.442139,0.49425554,-1,-1,-1
248,8539,566.9946,299.99564,23.325562,16.23825,0.5008795,-1,-1,-1
249,8523,587.3616,300.03275,25.870605,20.619934,0.6708911,-1,-1,-1
249,8599,537.41583,368.4142,74.4436,62.132538,0.8100345,-1,-1,-1
249,8713,539.2338,368.3526,72.06708,61.729736,0.25917286,-1,-1,-1
249,8723,368.4521,488.55505,54.604523,40.347107,0.58379066,-1,-1,-1
249,8579,710.2145,235.72119,18.297668,12.416351,0.28511897,-1,-1,-1
249,8539,566.94745,300.33344,23.044556,16.457458,0.3661301,-1,-1,-1
250,8523,586.80054,300.2611,25.993408,20.98288,0.5128086,-1,-1,-1
250,8599,538.76776,368.04263,73.77875,61.744843,0.85576427,-1,-1,-1
250,8723,368.80154,487.52875,55.46414,40.94745,0.47579724,-1,-1,-1
250,8579,709.4207,236.88248,18.699402,12.687393,0.3017258,-1,-1,-1
251,8523,586.87274,300.9832,26.061584,21.083801,0.57560873,-1,-1,-1
251,8599,540.2276,367.86844,73.281555,61.318726,0.80304015,-1,-1,-1
251,8723,370.47128,487.094,54.6597,40.879333,0.59385586,-1,-1,-1
251,8579,709.06915,237.77275,18.56372,12.616013,0.27719203,-1,-1,-1
252,8523,587.04333,301.39584,26.686157,21.158295,0.3419839,-1,-1,-1
252,8599,541.247,367.71613,73.08484,61.002228,0.83235055,-1,-1,-1
252,8723,370.70203,486.93347,55.151,40.386963,0.63530153,-1,-1,-1
253,8523,587.54553,301.9776,27.098206,21.088531,0.37023753,-1,-1,-1
253,8599,542.9738,367.27713,71.66809,60.651245,0.8520402,-1,-1,-1
253,8723,369.77948,486.75748,58.229248,40.12088,0.7142705,-1,-1,-1
253,8727,352.29257,482.91895,74.52823,42.954285,0.45830113,-1,-1,-1
254,8523,587.82996,302.70374,26.986023,21.001617,0.6438237,-1,-1,-1
254,8599,544.15814,366.79477,71.07611,60.520386,0.8266189,-1,-1,-1
254,8723,373.05557,488.1982,55.341156,38.173004,0.27507997,-1,-1,-1
254,8727,356.81418,484.35815,70.68375,42.036865,0.7085593,-1,-1,-1
254,8728,498.23508,421.95343,34.060028,25.19983,0.5652331,-1,-1,-1
255,8523,587.7424,303.16492,27.360474,21.04657,0.5613315,-1,-1,-1
255,8599,545.0672,366.31598,70.60431,60.586456,0.76142836,-1,-1,-1
255,8723,372.96057,486.79837,56.360046,39.114838,0.7462221,-1,-1,-1
255,8728,499.4558,421.54117,35.045227,25.662628,0.48146942,-1,-1,-1
256,8523,587.86536,303.56906,27.21112,20.944275,0.5946664,-1,-1,-1
256,8599,546.91266,365.99496,69.6131,60.63202,0.637832,-1,-1,-1
256,8723,372.8529,485.4919,57.35315,40.001007,0.7754125,-1,-1,-1
256,8728,500.66428,421.75058,35.772858,24.84201,0.29818133,-1,-1,-1
256,8579,707.0963,241.31949,17.776611,12.641708,0.27181724,-1,-1,-1
257,8523,588.0058,304.2762,27.5448,20.592407,0.5397009,-1,-1,-1
257,8599,547.6985,365.81497,69.598755,60.526,0.60283154,-1,-1,-1
257,8723,376.6152,485.971,54.570374,38.991455,0.76929986,-1,-1,-1
257,8731,436.25714,458.743,42.18039,29.205383,0.55219376,-1,-1,-1
258,8523,588.0088,304.854,27.70166,20.403442,0.4590399,-1,-1,-1
258,8599,549.0147,365.63962,68.87067,60.313385,0.5816893,-1,-1,-1
258,8723,379.36865,487.02582,52.595123,37.683533,0.77804255,-1,-1,-1
258,8731,437.0934,458.81073,41.034454,28.955444,0.48848605,-1,-1,-1
258,8733,549.3095,365.62082,68.30194,60.22928,0.43443742,-1,-1,-1
259,8523,588.6317,305.3747,27.854431,20.2482,0.31590742,-1,-1,-1
259,8599,550.4036,365.61526,68.65082,60.085663,0.76133996,-1,-1,-1
259,8723,381.29846,487.44952,51.65918,37.036255,0.71553195,-1,-1,-1
259,8733,550.6756,365.58395,67.73883,59.915253,0.33480287,-1,-1,-1
259,8728,505.00885,420.7039,35.442566,24.435455,0.25395513,-1,-1,-1
260,8523,588.11975,305.45377,28.494324,20.239624,0.33939517,-1,-1,-1
260,8599,551.2639,365.19586,69.15173,59.93753,0.77403593,-1,-1,-1
260,8723,380.80536,486.89316,53.611755,37.257904,0.7464088,-1,-1,-1
260,8733,552.089,365.3332,67.16089,59.391937,0.28779146,-1,-1,-1
260,8659,503.6801,395.48648,34.833374,24.842133,0.32178897,-1,-1,-1
260,8731,440.56308,458.20233,39.334778,28.983185,0.33740658,-1,-1,-1
261,8523,589.134,305.66183,26.517517,21.022186,0.6069206,-1,-1,-1
261,8599,552.3981,364.67792,69.26434,59.73532,0.65781045,-1,-1,-1
261,8723,382.5683,486.32718,52.87787,37.52945,0.7226295,-1,-1,-1
261,8733,553.13654,365.0428,67.09253,58.851288,0.4582566,-1,-1,-1
261,8659,503.74295,394.71484,37.068817,24.999054,0.26831412,-1,-1,-1
261,8731,441.64166,457.64642,39.099945,29.273773,0.33634508,-1,-1,-1
261,8544,641.91156,275.602,29.625977,18.571564,0.4357407,-1,-1,-1
261,8539,568.45416,306.3368,22.655884,16.580933,0.3384729,-1,-1,-1
261,8728,506.39423,419.59747,35.915222,25.124268,0.41715598,-1,-1,-1
262,8523,589.89655,305.9725,25.58728,21.316956,0.5202802,-1,-1,-1
262,8599,553.6487,364.24744,68.86487,59.536133,0.4122683,-1,-1,-1
262,8723,384.6104,486.1234,52.092804,37.35913,0.76729625,-1,-1,-1
262,8733,554.36066,364.7478,66.77734,58.402252,0.5736285,-1,-1,-1
262,8740,730.3648,236.5634,21.087402,13.846176,0.3496611,-1,-1,-1
262,8544,641.5208,275.99124,28.368835,18.558289,0.3765246,-1,-1,-1
262,8539,568.3725,306.4949,22.866638,16.975616,0.47501558,-1,-1,-1
262,8728,507.85196,419.31894,36.084137,25.652313,0.44093257,-1,-1,-1
262,8594,756.2898,221.29884,18.907227,13.741013,0.33831066,-1,-1,-1
263,8523,589.6979,306.27698,25.523743,21.499634,0.5938835,-1,-1,-1
263,8599,554.87103,364.02255,68.427246,59.54956,0.4757409,-1,-1,-1
263,8723,386.39487,486.00552,51.212433,37.457184,0.75576025,-1,-1,-1
263,8733,555.86395,364.53955,65.88245,58.076416,0.57062954,-1,-1,-1
263,8740,729.6991,237.03706,22.275085,14.631393,0.39772683,-1,-1,-1
263,8544,641.618,276.56906,26.780579,18.43512,0.35271546,-1,-1,-1
263,8539,568.6579,306.9242,22.411621,17.020386,0.2958625,-1,-1,-1
263,8728,509.63254,418.9245,35.540924,25.932556,0.6354199,-1,-1,-1
263,8731,443.21378,457.5002,40.84854,28.81073,0.38123146,-1,-1,-1
264,8523,589.96533,306.73914,25.092712,21.503021,0.53683317,-1,-1,-1
264,8599,555.68445,363.676,68.367615,58.91281,0.40057945,-1,-1,-1
264,8723,387.11108,485.27255,50.869415,37.615387,0.7213608,-1,-1,-1
264,8733,556.8528,364.2607,65.89209,57.314697,0.638648,-1,-1,-1
264,8740,728.17773,237.60667,22.48285,14.735321,0.34629223,-1,-1,-1
264,8544,641.4136,276.85007,27.078857,18.3266,0.41494355,-1,-1,-1
264,8539,568.878,307.70383,22.246277,16.522247,0.29613733,-1,-1,-1
264,8728,511.07968,418.64673,35.185883,25.386536,0.67739004,-1,-1,-1
264,8731,443.6861,457.80753,41.27191,27.915924,0.61226755,-1,-1,-1
265,8523,589.8831,307.2959,24.829224,21.262512,0.6137994,-1,-1,-1
265,8599,557.3061,363.17545,67.29126,58.705963,0.2740258,-1,-1,-1
265,8723,388.67224,485.4477,49.773865,37.098328,0.6756342,-1,-1,-1
265,8733,558.37317,363.7966,65.35858,57.292572,0.67416656,-1,-1,-1
265,8740,727.63855,237.95189,22.672546,15.0513,0.56799066,-1,-1,-1
265,8544,640.9256,276.96893,29.489868,18.565704,0.56085896,-1,-1,-1
265,8539,568.93097,308.38226,22.21106,16.185211,0.313183,-1,-1,-1
265,8728,512.6385,417.71402,34.836792,24.960693,0.6335903,-1,-1,-1
265,8731,444.38693,456.9728,41.39502,28.164185,0.7161406,-1,-1,-1
265,8741,451.67844,433.80246,37.004395,24.269867,0.579689,-1,-1,-1
265,8659,509.1136,391.48456,36.47119,25.749054,0.2876957,-1,-1,-1
266,8523,589.9454,307.63626,24.787415,21.090881,0.672774,-1,-1,-1
266,8723,390.1077,485.11246,49.182343,36.842377,0.6424746,-1,-1,-1
266,8740,727.2391,238.64706,23.439148,14.893997,0.39087757,-1,-1,-1
266,8544,640.5597,277.10992,31.083618,18.790497,0.56622463,-1,-1,-1
266,8539,568.88104,308.89487,21.997253,16.069733,0.4301448,-1,-1,-1
266,8728,513.68225,416.72824,34.336853,24.96939,0.45567888,-1,-1,-1
266,8731,445.45068,456.48135,41.488068,28.509552,0.705208,-1,-1,-1
266,8741,452.52225,433.2812,37.525238,24.28064,0.5535673,-1,-1,-1
266,8659,510.74493,391.24246,35.164978,25.13794,0.53713953,-1,-1,-1
266,8594,752.62463,225.19016,19.600525,13.005142,0.4369714,-1,-1,-1
267,8523,589.77594,308.22583,24.45929,20.756073,0.6672819,-1,-1,-1
267,8723,391.47916,484.63342,48.91446,36.811584,0.50006926,-1,-1,-1
267,8740,726.8894,239.662,22.392761,14.423233,0.3784673,-1,-1,-1
267,8544,640.30035,277.21677,33.322083,19.137024,0.5243709,-1,-1,-1
267,8539,568.8532,309.3669,22.067139,16.049652,0.34211463,-1,-1,-1
267,8731,446.667,456.21194,42.540802,28.784363,0.74090475,-1,-1,-1
267,8741,454.02808,432.36206,39.081055,24.728088,0.46565866,-1,-1,-1
267,8659,513.2489,391.39706,33.33545,25.17279,0.6114418,-1,-1,-1
267,8599,560.70966,363.24506,64.8302,56.35617,0.7253073,-1,-1,-1
268,8523,589.73865,308.31723,24.851318,20.81189,0.6084359,-1,-1,-1
268,8723,392.39172,483.87637,49.153137,36.912384,0.6254698,-1,-1,-1
268,8544,639.6284,277.57516,32.744324,19.56961,0.34416947,-1,-1,-1
268,8731,448.15073,455.8716,42.64566,28.788147,0.75756884,-1,-1,-1
268,8744,382.51767,471.22906,52.862183,32.88391,0.5604028,-1,-1,-1
268,8599,562.34296,363.15506,63.970703,55.652588,0.6956208,-1,-1,-1
268,8728,514.0867,415.97256,35.137512,24.898163,0.32752714,-1,-1,-1
269,8523,589.9734,308.7491,24.691956,20.593933,0.51454973,-1,-1,-1
269,8723,392.2555,483.76773,50.341766,36.173615,0.6094699,-1,-1,-1
269,8544,639.2449,277.51755,35.44049,19.926514,0.5954406,-1,-1,-1
269,8731,449.21002,455.3438,41.492798,28.838104,0.68342483,-1,-1,-1
269,8744,384.34665,470.3675,51.82617,31.364563,0.4143251,-1,-1,-1
269,8599,563.20197,362.67004,65.02649,55.906708,0.6946535,-1,-1,-1
269,8747,349.09018,517.7737,41.381042,21.667114,0.49302244,-1,-1,-1
269,8728,515.2779,415.5947,35.263184,24.282806,0.27439332,-1,-1,-1
269,8539,569.2589,310.35034,21.979858,15.709961,0.39089024,-1,-1,-1
269,8659,515.6776,390.40027,34.669006,25.633606,0.570171,-1,-1,-1
270,8523,589.7566,309.28925,25.13971,20.273895,0.48605898,-1,-1,-1
270,8723,394.47736,483.8309,48.586365,35.65805,0.69892037,-1,-1,-1
270,8544,639.54736,278.05176,35.934265,20.173004,0.31196395,-1,-1,-1
270,8731,450.35278,454.8034,40.821777,28.849274,0.7045172,-1,-1,-1
270,8744,386.60495,469.17868,51.717346,29.990692,0.52390015,-1,-1,-1
270,8599,563.84247,362.52228,65.40753,55.77475,0.7268037,-1,-1,-1
270,8747,350.24158,517.396,41.284454,21.729248,0.50281644,-1,-1,-1
270,8728,516.7506,415.04092,34.82013,24.03189,0.39891887,-1,-1,-1
270,8539,569.5171,310.84695,22.193604,15.548279,0.41640794,-1,-1,-1
270,8659,517.4168,390.35342,33.671387,25.05304,0.61944926,-1,-1,-1
271,8523,589.5333,309.61087,25.072021,20.072021,0.5992378,-1,-1,-1
271,8723,395.8396,483.5995,48.408417,34.87915,0.76328117,-1,-1,-1
271,8544,640.3141,278.51456,35.503113,19.750793,0.71795565,-1,-1,-1
271,8731,451.47308,453.68552,40.68814,29.338257,0.65259695,-1,-1,-1
271,8744,388.92337,468.5612,50.115723,27.934723,0.61994195,-1,-1,-1
271,8599,564.7951,362.54907,64.40515,54.984467,0.7031053,-1,-1,-1
271,8747,350.2434,517.25995,42.081604,21.816956,0.51274663,-1,-1,-1
271,8728,517.8797,414.65628,34.892517,24.008759,0.354552,-1,-1,-1
271,8539,569.4701,311.33673,21.55835,15.35849,0.44743413,-1,-1,-1
271,8659,519.3064,390.12515,32.479675,24.643982,0.6997764,-1,-1,-1
272,8523,589.7673,309.94653,24.720642,19.984406,0.46646914,-1,-1,-1
272,8723,397.10315,483.46634,48.10324,34.446686,0.7848899,-1,-1,-1
272,8544,640.21655,279.0712,35.093628,19.853882,0.55846244,-1,-1,-1
272,8731,452.39667,453.5016,40.447998,28.85025,0.6698904,-1,-1,-1
272,8744,390.7445,467.88785,48.435333,27.510956,0.692498,-1,-1,-1
272,8599,565.50494,362.4695,64.29956,54.517426,0.7375641,-1,-1,-1
272,8747,350.66797,516.9008,42.216522,21.980042,0.5357524,-1,-1,-1
272,8728,519.4886,414.38428,33.666138,24.089294,0.3127155,-1,-1,-1
272,8539,569.5086,311.865,21.612183,15.213257,0.54573023,-1,-1,-1
272,8659,520.6917,389.63037,31.741333,24.466583,0.6781098,-1,-1,-1
273,8523,589.448,310.48108,24.472717,19.593536,0.6323662,-1,-1,-1
273,8723,398.66034,483.54303,47.88913,34.04486,0.7506845,-1,-1,-1
273,8544,640.03107,279.59772,35.14154,19.965271,0.77874494,-1,-1,-1
273,8731,453.3525,453.2361,39.515503,28.601166,0.5860697,-1,-1,-1
273,8744,392.473,467.16855,47.569885,27.676483,0.5839408,-1,-1,-1
273,8599,566.07214,362.15295,64.249695,54.33716,0.77115047,-1,-1,-1
273,8747,351.2275,516.27795,42.625153,22.254639,0.50977856,-1,-1,-1
273,8539,569.39105,312.39557,21.363953,15.015167,0.7452481,-1,-1,-1
273,8659,521.9884,389.05438,31.063354,24.561249,0.59534484,-1,-1,-1
273,8741,464.19955,428.59348,34.270935,22.199768,0.40947476,-1,-1,-1
274,8523,589.2759,311.2684,24.363464,19.016083,0.68628734,-1,-1,-1
274,8723,400.31818,483.01062,46.790405,34.202026,0.79040474,-1,-1,-1
274,8544,639.88025,280.17767,34.601746,19.776337,0.65426296,-1,-1,-1
274,8731,454.77756,452.246,38.559906,29.001923,0.54401326,-1,-1,-1
274,8744,394.12662,465.82828,46.333313,27.89862,0.68760335,-1,-1,-1
274,8599,566.907,361.72046,63.961243,54.54483,0.7606568,-1,-1,-1
274,8747,351.9429,516.0162,42.887543,22.403809,0.50516516,-1,-1,-1
274,8539,569.258,312.5641,21.146973,15.2881775,0.82490206,-1,-1,-1
274,8659,522.74286,388.16138,31.41864,24.947754,0.49512103,-1,-1,-1
274,8741,465.29398,428.0269,34.143738,21.458435,0.32171926,-1,-1,-1
274,8594,747.40906,231.38776,16.703125,12.853912,0.45443106,-1,-1,-1
275,8523,589.51874,311.4978,24.27649,19.110687,0.622084,-1,-1,-1
275,8723,401.40375,482.79678,46.419403,33.843292,0.81258565,-1,-1,-1
275,8544,639.79865,280.83228,34.725403,19.634583,0.7382213,-1,-1,-1
275,8731,455.8119,452.10236,37.805115,28.843689,0.32071263,-1,-1,-1
275,8744,395.9857,465.56973,45.76349,27.232056,0.7219803,-1,-1,-1
275,8599,567.921,361.0795,63.540283,54.940918,0.7475461,-1,-1,-1
275,8747,352.39752,515.4139,43.450653,22.838074,0.4697053,-1,-1,-1
275,8539,569.266,312.7233,21.125183,15.540314,0.7597736,-1,-1,-1
275,8741,467.08063,426.8278,33.77841,22.525177,0.28740293,-1,-1,-1
275,8594,746.7279,232.22942,17.688293,12.693314,0.57374626,-1,-1,-1
275,8728,521.28046,413.56555,34.00061,24.263702,0.28989753,-1,-1,-1
276,8523,589.98047,312.09167,23.359192,18.847412,0.4879341,-1,-1,-1
276,8723,402.3442,482.3791,46.089325,33.820496,0.79073805,-1,-1,-1
276,8544,639.7588,282.238,33.9317,18.762177,0.52826583,-1,-1,-1
276,8744,397.48557,464.8963,45.64499,26.804626,0.72558695,-1,-1,-1
276,8599,568.8409,360.66608,63.41455,54.898315,0.7397648,-1,-1,-1
276,8747,352.5771,514.74304,44.421295,23.20752,0.3086821,-1,-1,-1
276,8539,569.1031,313.07355,21.190613,15.513275,0.7979203,-1,-1,-1
276,8741,467.75864,425.6491,34.478363,23.084076,0.5959896,-1,-1,-1
276,8594,746.09625,232.9184,17.600464,12.750458,0.5654541,-1,-1,-1
276,8728,522.90356,412.91635,32.818542,24.560547,0.38518018,-1,-1,-1
277,8523,590.358,312.6864,22.566956,18.432495,0.48109576,-1,-1,-1
277,8723,403.65106,482.04468,46.108948,33.789124,0.7268393,-1,-1,-1
277,8544,639.6678,282.86868,32.231995,18.657349,0.62638956,-1,-1,-1
277,8744,399.10977,463.59402,45.761505,27.140259,0.4343973,-1,-1,-1
277,8599,570.27716,360.1665,62.41736,55.15616,0.7969473,-1,-1,-1
277,8539,569.07605,313.45148,21.300781,15.471954,0.8256801,-1,-1,-1
277,8741,468.56497,424.76605,35.054962,23.477478,0.6792772,-1,-1,-1
277,8594,745.3319,233.63138,17.373535,12.828018,0.48259816,-1,-1,-1
278,8523,590.31665,312.89743,22.369019,18.383392,0.6274177,-1,-1,-1
278,8723,404.80423,481.29803,45.722107,34.499207,0.7503965,-1,-1,-1
278,8544,639.4482,282.93958,32.43573,18.956818,0.6373917,-1,-1,-1
278,8744,401.41833,462.68613,44.75937,26.64682,0.3791072,-1,-1,-1
278,8599,571.5291,359.74548,62.103943,55.291687,0.80697846,-1,-1,-1
278,8539,569.1061,313.55884,21.381958,15.660828,0.82011205,-1,-1,-1
278,8741,470.17755,423.96466,34.584686,23.310669,0.6669164,-1,-1,-1
278,8594,744.8497,234.36337,17.072754,12.774277,0.4803244,-1,-1,-1
278,8728,525.61865,412.4904,31.491577,23.939453,0.46631393,-1,-1,-1
279,8523,590.1336,313.41376,22.295532,18.109924,0.7241862,-1,-1,-1
279,8723,405.66934,480.8431,45.561493,34.32968,0.74013627,-1,-1,-1
279,8544,639.231,282.96893,32.113586,19.112762,0.7090599,-1,-1,-1
279,8744,403.09714,462.05032,44.08484,26.613678,0.55976176,-1,-1,-1
279,8599,572.7079,359.34708,61.76117,55.256042,0.78544396,-1,-1,-1
279,8539,569.042,313.85092,21.230835,15.702515,0.833468,-1,-1,-1
279,8741,471.7919,423.82758,34.19763,23.290253,0.657471,-1,-1,-1
279,8594,743.76337,234.57272,18.27533,13.43602,0.4716018,-1,-1,-1
279,8728,526.5719,412.0689,30.986511,23.19635,0.46726647,-1,-1,-1
279,8731,459.27472,449.79935,39.062347,29.342834,0.36743054,-1,-1,-1
280,8523,590.60693,313.9295,22.00763,17.911316,0.7037602,-1,-1,-1
280,8723,406.81854,480.5859,45.100372,34.115326,0.72750574,-1,-1,-1
280,8544,639.0018,283.04666,33.184814,19.783478,0.68010896,-1,-1,-1
280,8744,405.0743,461.69,43.919617,26.348663,0.69366974,-1,-1,-1
280,8599,573.7438,359.00162,61.444153,55.168365,0.80888623,-1,-1,-1
280,8539,569.27405,314.32156,21.07666,15.6006775,0.80339754,-1,-1,-1
280,8741,473.23944,423.32022,34.39218,23.539734,0.7236218,-1,-1,-1
280,8594,743.40686,235.1894,17.511047,13.306183,0.376019,-1,-1,-1
280,8728,527.83093,411.93622,30.278015,22.558899,0.6756346,-1,-1,-1
280,8731,460.81708,449.7989,39.84027,28.983582,0.28151247,-1,-1,-1
281,8523,590.35455,314.4847,22.60907,17.819458,0.65487295,-1,-1,-1
281,8723,408.65686,480.61734,44.43155,33.426117,0.77402204,-1,-1,-1
281,8544,638.7528,283.48233,32.88971,19.340088,0.5148122,-1,-1,-1
281,8744,407.0919,461.3248,42.874664,25.749664,0.7754378,-1,-1,-1
281,8599,574.98285,358.90985,60.22821,54.796997,0.7652334,-1,-1,-1
281,8539,569.3761,314.85364,20.616455,15.468475,0.79730105,-1,-1,-1
281,8741,474.60287,422.96176,33.92874,23.453552,0.7623627,-1,-1,-1
281,8594,742.7082,235.70967,18.687622,13.599686,0.54557467,-1,-1,-1
281,8728,529.2505,411.6617,29.443542,22.072754,0.6251027,-1,-1,-1
281,8731,461.73584,450.19446,39.608032,27.885254,0.5095525,-1,-1,-1
281,8747,358.24173,512.08136,43.90341,25.613647,0.46752465,-1,-1,-1
282,8523,590.40784,315.06213,22.858887,17.481964,0.6332003,-1,-1,-1
282,8723,409.81393,480.42282,44.092316,33.27426,0.80752766,-1,-1,-1
282,8544,638.8836,283.6782,32.896423,19.805054,0.6801668,-1,-1,-1
282,8744,408.51016,460.71692,42.403015,26.096619,0.7627081,-1,-1,-1
282,8599,576.2159,358.67682,59.252014,54.487793,0.617811,-1,-1,-1
282,8539,569.4008,315.1943,20.99524,15.554077,0.741232,-1,-1,-1
282,8741,475.80878,422.4172,34.19751,23.666412,0.81096625,-1,-1,-1
282,8594,742.0182,236.20728,18.382507,13.738098,0.55475104,-1,-1,-1
282,8728,530.1769,411.58832,29.564453,22.051575,0.66431534,-1,-1,-1
282,8731,462.61472,450.29428,39.451355,27.623566,0.4244819,-1,-1,-1
282,8747,359.18277,511.62817,43.884644,26.077637,0.3398208,-1,-1,-1
283,8523,590.52124,315.3308,23.056885,17.508331,0.7201704,-1,-1,-1
283,8723,411.00977,480.29425,43.534546,33.0625,0.82092136,-1,-1,-1
283,8544,638.4112,284.55713,32.928955,19.495148,0.55843705,-1,-1,-1
283,8744,410.6969,460.01047,40.61963,26.199432,0.7923592,-1,-1,-1
283,8599,577.1251,358.39926,58.87921,54.37506,0.64020103,-1,-1,-1
283,8539,569.25165,315.64304,21.10852,15.506073,0.80219245,-1,-1,-1
283,8741,478.05783,422.27805,33.164185,22.828491,0.7834531,-1,-1,-1
283,8594,741.50867,237.69016,17.962158,12.943558,0.58772177,-1,-1,-1
283,8728,530.86566,411.20328,29.106567,22.494385,0.67641973,-1,-1,-1
283,8731,463.68607,449.7177,38.952545,27.731384,0.37864825,-1,-1,-1
283,8747,360.33258,511.153,43.6427,26.572998,0.5013679,-1,-1,-1
284,8523,590.704,315.80334,22.862549,17.613037,0.531537,-1,-1,-1
284,8723,412.29614,480.27335,42.862762,32.970306,0.8153006,-1,-1,-1
284,8544,638.274,285.2428,33.673157,19.355804,0.7348467,-1,-1,-1
284,8744,412.2818,459.58127,40.55493,25.396759,0.7744633,-1,-1,-1
284,8599,577.75507,358.2747,58.674988,54.173218,0.7157664,-1,-1,-1
284,8539,569.2695,316.1609,20.821838,15.414551,0.76894146,-1,-1,-1
284,8741,479.63675,421.64856,32.29724,22.706818,0.78737676,-1,-1,-1
284,8594,740.78107,238.67017,18.657715,12.6276245,0.631534,-1,-1,-1
284,8728,531.6111,411.3326,28.880005,22.17929,0.7012158,-1,-1,-1
284,8747,361.02448,510.84308,43.9198,26.80304,0.48820296,-1,-1,-1
285,8523,590.4441,316.24338,23.094727,17.531189,0.6080894,-1,-1,-1
285,8723,412.92368,480.03973,42.824493,32.963318,0.78892726,-1,-1,-1
285,8544,638.23047,285.73615,33.56183,19.173035,0.6007571,-1,-1,-1
285,8744,414.06845,459.1922,40.358856,24.449524,0.718804,-1,-1,-1
285,8599,578.10864,358.05106,58.620056,53.809875,0.6531174,-1,-1,-1
285,8539,569.15576,316.71384,21.064209,15.220215,0.79899234,-1,-1,-1
285,8741,481.23508,421.12112,32.194244,22.83966,0.8061401,-1,-1,-1
285,8594,739.78235,239.01521,19.160706,12.833237,0.49318597,-1,-1,-1
285,8728,532.63074,411.08325,28.458374,22.176819,0.56028974,-1,-1,-1
285,8747,362.0159,510.67926,44.0206,27.020752,0.4094191,-1,-1,-1
285,8659,541.2161,385.41086,24.006409,22.757812,0.5002359,-1,-1,-1
286,8523,590.6223,316.70203,22.8797,17.626709,0.53063196,-1,-1,-1
286,8723,413.74908,479.6985,42.80963,33.085754,0.79934865,-1,-1,-1
286,8544,638.8463,286.30807,32.780212,18.85437,0.6754101,-1,-1,-1
286,8744,415.74222,458.49493,40.069824,24.3992,0.7391395,-1,-1,-1
286,8599,579.04004,358.003,58.867798,53.65683,0.5813486,-1,-1,-1
286,8539,569.2636,317.47116,20.775024,15.154633,0.737928,-1,-1,-1
286,8741,482.52658,420.6121,31.845917,22.874908,0.80493027,-1,-1,-1
286,8594,739.0232,239.89574,18.621826,12.864105,0.4432111,-1,-1,-1
286,8728,533.80164,410.84027,28.34143,22.385437,0.4153558,-1,-1,-1
286,8747,362.71,510.59622,44.019165,27.294159,0.4962426,-1,-1,-1
286,8659,541.40125,384.97458,24.477478,22.996613,0.45039114,-1,-1,-1
287,8523,590.91284,317.07977,22.793335,17.336426,0.34591365,-1,-1,-1
287,8723,415.12024,479.60284,41.82837,32.829712,0.8073338,-1,-1,-1
287,8544,638.1079,286.91333,33.279785,18.419159,0.5522322,-1,-1,-1
287,8744,417.37616,457.6003,39.957886,25.006836,0.77168494,-1,-1,-1
287,8599,579.98914,357.98026,58.87378,52.950897,0.634603,-1,-1,-1
287,8539,569.0714,318.11038,21.007263,14.988129,0.74166507,-1,-1,-1
287,8741,483.8082,420.18942,31.59555,22.740997,0.80183035,-1,-1,-1
287,8594,738.4144,240.57756,18.358765,12.928207,0.35168988,-1,-1,-1
287,8728,534.6765,410.46063,28.579285,22.696655,0.4797705,-1,-1,-1
287,8747,363.62558,510.20575,43.753143,27.86322,0.31796634,-1,-1,-1
287,8659,542.2553,384.79984,24.486328,22.88385,0.46687862,-1,-1,-1
288,8523,590.7651,317.8269,22.341614,17.04596,0.3124914,-1,-1,-1
288,8723,416.0233,479.3353,41.856537,32.72708,0.79833156,-1,-1,-1
288,8544,637.45764,287.61136,33.05841,18.168121,0.6109541,-1,-1,-1
288,8744,418.55157,456.91095,40.548065,25.262085,0.785446,-1,-1,-1
288,8599,580.5766,357.9042,58.812683,52.493378,0.69547284,-1,-1,-1
288,8539,568.89075,318.53125,21.01892,15.08844,0.8019234,-1,-1,-1
288,8741,484.7598,419.65283,31.820038,22.80661,0.79111737,-1,-1,-1
288,8728,535.20984,410.28778,28.76178,22.748596,0.714636,-1,-1,-1
288,8747,364.43723,509.9388,43.939148,28.171417,0.37418362,-1,-1,-1
288,8659,543.1129,384.51224,24.279541,23.102203,0.5361405,-1,-1,-1
289,8523,590.62335,318.1867,22.297058,17.21753,0.5149082,-1,-1,-1
289,8723,416.45935,479.03586,42.445618,32.804077,0.79322296,-1,-1,-1
289,8544,637.016,288.28897,32.29962,18.205872,0.6166338,-1,-1,-1
289,8744,420.518,456.29895,39.70529,24.941467,0.4154533,-1,-1,-1
289,8599,580.53326,357.7063,59.72705,52.338593,0.6636349,-1,-1,-1
289,8539,568.6706,318.8173,21.523132,15.43222,0.8247086,-1,-1,-1
289,8741,486.26334,419.4364,31.43637,22.64798,0.79775965,-1,-1,-1
289,8728,535.17957,410.04507,29.26892,23.26059,0.7337072,-1,-1,-1
289,8747,365.11237,509.81894,43.66275,28.171783,0.3520332,-1,-1,-1
289,8659,543.9311,384.25867,23.483704,23.096466,0.39672258,-1,-1,-1
290,8523,590.2923,318.68182,22.16034,16.98993,0.37044424,-1,-1,-1
290,8723,417.27353,478.5884,42.493958,32.865265,0.8088527,-1,-1,-1
290,8544,637.30414,289.15512,32.21643,17.192871,0.37423587,-1,-1,-1
290,8744,422.11478,455.79605,39.279694,24.81195,0.6397121,-1,-1,-1
290,8599,581.4741,357.33807,58.8844,52.39218,0.69487965,-1,-1,-1
290,8539,568.53455,319.1695,21.51709,15.662079,0.8526369,-1,-1,-1
290,8741,487.7369,418.94653,31.486237,22.702393,0.7861393,-1,-1,-1
290,8728,535.6207,409.87555,29.472351,23.241974,0.71496594,-1,-1,-1
290,8659,543.8113,384.12457,24.740723,22.575928,0.47858843,-1,-1,-1
290,8594,736.7923,242.74023,17.082825,12.883713,0.57947946,-1,-1,-1
291,8523,590.79565,318.90125,21.44043,17.242188,0.25102967,-1,-1,-1
291,8723,417.31107,478.2004,43.00467,32.81781,0.8098327,-1,-1,-1
291,8544,636.66125,289.79593,30.66455,17.196991,0.5656378,-1,-1,-1
291,8744,423.95367,455.0857,39.22229,25.095947,0.7603246,-1,-1,-1
291,8599,583.36053,356.94998,57.67694,52.41983,0.76388276,-1,-1,-1
291,8539,568.3369,319.49854,21.852173,15.839691,0.8423912,-1,-1,-1
291,8741,489.527,418.2658,30.684784,22.694946,0.75586444,-1,-1,-1
291,8728,536.2039,409.49988,29.681396,23.27237,0.81572616,-1,-1,-1
291,8659,543.993,383.74396,26.034058,22.277405,0.70307344,-1,-1,-1
291,8594,736.0707,243.35596,17.027649,13.021149,0.46073517,-1,-1,-1
292,8723,417.96957,478.04166,43.204987,32.68396,0.8544512,-1,-1,-1
292,8544,636.768,289.65198,31.487549,17.095245,0.50950986,-1,-1,-1
292,8744,425.6105,454.58963,38.651855,24.860199,0.7901289,-1,-1,-1
292,8599,584.30237,356.93423,57.47699,52.310883,0.73671883,-1,-1,-1
292,8539,568.22565,319.8032,21.95221,15.955597,0.83060837,-1,-1,-1
292,8741,490.58026,418.03934,30.569397,22.297577,0.75794554,-1,-1,-1
292,8728,537.2127,409.17563,29.330322,23.399109,0.7845903,-1,-1,-1
292,8659,544.16956,383.39633,27.164673,22.214874,0.72524333,-1,-1,-1
292,8594,735.3802,244.2815,17.154785,12.988678,0.3843808,-1,-1,-1
293,8723,418.6041,478.11792,43.450195,32.385956,0.86190635,-1,-1,-1
293,8544,636.1931,289.49103,32.580627,17.282196,0.465757,-1,-1,-1
293,8744,427.04156,454.25922,38.663727,25.085266,0.7954695,-1,-1,-1
293,8599,585.6007,356.85345,56.76239,51.82849,0.697761,-1,-1,-1
293,8539,568.1542,320.20468,21.851074,16.107788,0.8181578,-1,-1,-1
293,8741,492.00922,417.7919,30.899414,22.114655,0.75862837,-1,-1,-1
293,8728,538.4147,409.53766,29.26709,22.792267,0.7421658,-1,-1,-1
293,8659,546.2667,383.28662,27.186401,21.788422,0.7739208,-1,-1,-1
293,8594,734.5305,245.00618,17.188843,12.907883,0.4371678,-1,-1,-1
293,8523,590.2301,319.69583,22.345947,17.214355,0.4952685,-1,-1,-1
294,8723,419.75134,478.06702,43.25525,32.228302,0.84744155,-1,-1,-1
294,8544,636.1387,291.10504,30.103577,17.189117,0.47767314,-1,-1,-1
294,8744,428.463,453.77777,38.211487,25.233643,0.7893217,-1,-1,-1
294,8599,586.4406,356.80017,56.514954,51.301117,0.6150689,-1,-1,-1
294,8539,568.1934,320.79416,21.476135,16.039642,0.8004187,-1,-1,-1
294,8741,493.20917,417.53104,31.44873,21.90213,0.7371589,-1,-1,-1
294,8728,539.64325,409.48135,28.864258,22.395752,0.6204132,-1,-1,-1
294,8659,547.11334,383.15588,27.884583,21.58905,0.7849348,-1,-1,-1
294,8594,733.5895,245.7311,17.947998,13.180313,0.52171254,-1,-1,-1
294,8523,590.2644,320.30826,22.00769,16.783203,0.5474707,-1,-1,-1
294,8740,709.4886,259.09238,20.375305,13.696503,0.4478027,-1,-1,-1
295,8723,420.66208,477.97427,42.774384,32.32794,0.84253645,-1,-1,-1
295,8544,635.86584,292.73337,25.76654,17.004211,0.35618505,-1,-1,-1
295,8744,430.07733,453.29587,37.72812,25.173065,0.6357142,-1,-1,-1
295,8599,588.0044,356.821,55.412598,50.955658,0.5742884,-1,-1,-1
295,8539,568.20874,321.259,21.546997,16.018646,0.67506504,-1,-1,-1
295,8741,494.2193,417.43686,31.876038,21.409729,0.7562626,-1,-1,-1
295,8728,540.22644,409.49994,29.51715,22.330933,0.72105247,-1,-1,-1
295,8659,547.16943,382.95554,29.19043,21.768677,0.79958904,-1,-1,-1
295,8594,732.9039,246.76149,17.314331,13.093246,0.26959395,-1,-1,-1
295,8523,590.23883,320.7379,22.179749,16.969269,0.39028907,-1,-1,-1
295,8759,622.84875,306.14056,36.3302,21.145355,0.348868,-1,-1,-1
295,8747,370.88962,508.81244,43.588135,29.238708,0.39943978,-1,-1,-1
296,8723,421.4558,477.74847,42.397583,32.58023,0.83940107,-1,-1,-1
296,8544,636.0427,292.61234,31.019897,16.73767,0.434808,-1,-1,-1
296,8744,431.6448,452.32104,37.963257,25.546326,0.4634492,-1,-1,-1
296,8599,589.3314,357.0288,54.61621,50.444427,0.5530098,-1,-1,-1
296,8539,568.08673,322.10803,21.551392,15.652313,0.6186,-1,-1,-1
296,8741,495.5087,417.1769,31.997223,21.200745,0.77005893,-1,-1,-1
296,8728,540.3862,409.51157,30.296692,22.232422,0.77834654,-1,-1,-1
296,8659,547.0264,382.9274,29.6792,21.115875,0.75129616,-1,-1,-1
296,8594,732.2642,247.4427,17.094788,13.305344,0.4262803,-1,-1,-1
296,8523,590.256,321.70108,22.118774,16.319855,0.3826829,-1,-1,-1
296,8759,623.2785,306.9257,36.369324,20.715057,0.26368713,-1,-1,-1
296,8747,371.564,508.69608,43.843933,29.566132,0.47116217,-1,-1,-1
297,8723,422.07986,477.6785,42.589478,32.509155,0.8255661,-1,-1,-1
297,8544,636.1276,292.7375,32.030518,17.009369,0.66133785,-1,-1,-1
297,8744,433.33148,451.85764,37.857178,25.459717,0.33820412,-1,-1,-1
297,8599,590.0926,356.9449,54.350037,50.454865,0.6197105,-1,-1,-1
297,8539,568.0447,322.96143,21.703308,15.314636,0.5857321,-1,-1,-1
297,8741,496.23264,417.22437,32.959747,20.999786,0.7945804,-1,-1,-1
297,8728,540.9909,409.40158,30.309448,21.85025,0.74752796,-1,-1,-1
297,8659,547.38184,382.92642,29.794556,21.050446,0.7804636,-1,-1,-1
297,8594,731.48474,248.13326,17.378723,13.478012,0.40159738,-1,-1,-1
297,8759,622.67456,307.055,37.003906,21.477692,0.4708212,-1,-1,-1
297,8747,372.30826,508.611,43.86618,29.58902,0.2837899,-1,-1,-1
297,8740,707.0149,261.9177,23.252625,13.932983,0.3930312,-1,-1,-1
298,8723,423.1005,477.5833,42.42862,32.492035,0.7932604,-1,-1,-1
298,8544,636.4153,294.1949,28.775208,16.752808,0.33020064,-1,-1,-1
298,8744,434.90457,451.31454,37.555542,25.803406,0.4005529,-1,-1,-1
298,8599,590.63885,357.02847,54.598816,50.362152,0.45869556,-1,-1,-1
298,8539,567.8833,323.82925,22.00061,15.016296,0.63728034,-1,-1,-1
298,8741,497.24854,416.90762,32.678345,21.087646,0.7484085,-1,-1,-1
298,8728,541.7869,409.31775,31.158203,22.54422,0.7348352,-1,-1,-1
298,8659,548.09845,382.93768,29.401306,20.991852,0.77808386,-1,-1,-1
298,8594,730.5316,248.92035,18.252075,13.578735,0.34793296,-1,-1,-1
299,8723,423.78146,477.52393,42.30246,32.359375,0.8487701,-1,-1,-1
299,8544,636.60767,294.64825,28.705688,17.615997,0.66035444,-1,-1,-1
299,8599,591.1146,356.82266,54.299377,50.588013,0.6474195,-1,-1,-1
299,8539,567.96655,324.4742,21.75824,14.930725,0.6647278,-1,-1,-1
299,8741,499.15634,416.52295,31.946564,21.047943,0.6695408,-1,-1,-1
299,8728,542.51086,409.16864,31.895569,23.156769,0.77591205,-1,-1,-1
299,8659,549.10376,382.68234,29.13794,21.002502,0.78098667,-1,-1,-1
299,8594,729.5884,250.04318,18.263489,13.169617,0.50384825,-1,-1,-1
299,8747,374.5819,508.56882,43.010254,29.570587,0.27850384,-1,-1,-1
300,8723,424.32907,477.44427,42.590546,32.352386,0.85294193,-1,-1,-1
300,8544,636.2944,295.06216,29.787964,17.743286,0.6102938,-1,-1,-1
300,8599,591.50195,356.73715,55.117554,50.57025,0.50831765,-1,-1,-1
300,8539,568.1689,324.73602,21.655457,15.161041,0.61015433,-1,-1,-1
300,8741,500.87997,415.93848,31.825592,21.27301,0.73499125,-1,-1,-1
300,8728,543.8748,409.11047,31.321716,23.271667,0.76862717,-1,-1,-1
300,8659,550.60974,382.23563,28.962585,21.132812,0.7888664,-1,-1,-1
300,8594,729.135,250.92783,17.599243,13.252014,0.61599445,-1,-1,-1
301,8723,425.38736,477.14883,42.544678,32.78647,0.839594,-1,-1,-1
301,8544,635.8357,295.70334,28.497742,17.57788,0.55372024,-1,-1,-1
301,8599,591.6232,356.79095,55.55597,50.353577,0.39351135,-1,-1,-1
301,8539,568.0527,324.8947,22.20044,15.520691,0.7543669,-1,-1,-1
301,8741,502.52942,415.3028,31.905273,21.606018,0.6426169,-1,-1,-1
301,8728,544.77625,409.0823,30.903503,23.086548,0.789669,-1,-1,-1
301,8659,551.67847,382.07153,29.09436,20.968323,0.7680791,-1,-1,-1
301,8594,728.5582,251.56648,18.241272,13.574387,0.4991419,-1,-1,-1
301,8523,588.2317,324.3369,24.309875,16.555328,0.25659698,-1,-1,-1
301,8740,704.01184,264.49454,22.059326,14.228973,0.36397016,-1,-1,-1
302,8723,426.4057,476.77386,42.441895,32.94156,0.8343718,-1,-1,-1
302,8544,635.6758,296.0453,28.948608,17.49582,0.6045498,-1,-1,-1
302,8599,591.79333,356.60245,55.65033,50.229675,0.41439214,-1,-1,-1
302,8539,568.01135,325.1202,22.434265,15.820221,0.71169126,-1,-1,-1
302,8741,503.68658,414.58813,31.810852,21.832642,0.6839528,-1,-1,-1
302,8728,545.6896,409.1249,30.463379,22.785797,0.78552914,-1,-1,-1
302,8659,553.3285,381.7497,28.191772,20.906677,0.72927713,-1,-1,-1
302,8594,728.2402,252.34444,18.83374,13.202133,0.38652936,-1,-1,-1
302,8767,667.9001,296.30313,19.704529,13.713196,0.431045,-1,-1,-1
302,8769,592.1446,357.01862,55.474182,49.92386,0.3215969,-1,-1,-1
302,8523,585.16125,324.57706,27.240234,16.62497,0.3124757,-1,-1,-1
302,8744,440.23645,447.5873,38.132874,28.500183,0.366648,-1,-1,-1
303,8723,427.64444,476.6903,42.050842,32.593384,0.8395146,-1,-1,-1
303,8544,635.9497,295.89352,30.293518,16.736633,0.40628284,-1,-1,-1
303,8599,592.67413,356.9377,55.546875,49.29727,0.26260206,-1,-1,-1
303,8539,567.83185,325.537,22.64801,15.747131,0.76934636,-1,-1,-1
303,8741,505.10153,414.19272,30.631927,21.55371,0.67540735,-1,-1,-1
303,8728,546.03644,409.11707,30.442444,22.410767,0.79923004,-1,-1,-1
303,8659,554.3527,381.5359,27.956604,20.773346,0.72138226,-1,-1,-1
303,8767,667.6358,296.73495,19.083923,13.664734,0.42594796,-1,-1,-1
303,8523,585.5189,324.9957,26.778381,16.374237,0.30026266,-1,-1,-1
303,8770,329.379,328.05283,45.770264,21.754425,0.41849706,-1,-1,-1
304,8723,428.85498,476.64096,41.69513,32.262177,0.8289488,-1,-1,-1
304,8544,635.5094,296.45615,31.16864,18.667145,0.4365249,-1,-1,-1
304,8539,567.8743,326.26868,22.596985,15.4262085,0.7612703,-1,-1,-1
304,8741,506.4157,413.5975,30.858337,21.878815,0.6852709,-1,-1,-1
304,8728,546.8497,409.0853,30.237488,22.48227,0.7798841,-1,-1,-1
304,8659,555.41394,381.6381,27.604492,20.609558,0.57040656,-1,-1,-1
304,8767,667.5657,297.66293,18.22882,13.075562,0.2546298,-1,-1,-1
304,8770,329.10214,328.31653,48.04773,21.672668,0.40471676,-1,-1,-1
304,8740,703.3627,267.07864,21.369995,14.223236,0.264114,-1,-1,-1
304,8594,726.7211,253.90186,17.760681,12.99115,0.47026202,-1,-1,-1
305,8723,429.83353,476.6092,41.861755,31.936493,0.82568437,-1,-1,-1
305,8544,635.0726,297.44962,30.108948,18.31546,0.3576497,-1,-1,-1
305,8539,568.0548,326.87442,21.9458,15.25528,0.80162543,-1,-1,-1
305,8741,508.09238,413.23132,30.063751,21.806854,0.7256182,-1,-1,-1
305,8728,547.1074,409.09964,30.982422,22.460693,0.79654825,-1,-1,-1
305,8659,556.4454,381.47873,27.617676,20.491669,0.599536,-1,-1,-1
305,8767,667.54224,298.178,18.324097,12.971893,0.26583385,-1,-1,-1
305,8770,329.9104,328.21335,45.53537,21.885193,0.43095016,-1,-1,-1
305,8772,344.95633,311.36084,27.937347,15.357086,0.37770516,-1,-1,-1
305,8594,726.25146,254.69969,16.800415,12.825302,0.40470707,-1,-1,-1
305,8759,622.43726,312.01706,33.82379,21.410858,0.26262274,-1,-1,-1
305,8599,595.9946,356.68173,53.6568,48.83194,0.29263675,-1,-1,-1
305,8523,588.1113,326.3301,24.124817,15.66861,0.3155584,-1,-1,-1
306,8723,430.4939,476.5051,42.452393,31.8331,0.7894265,-1,-1,-1
306,8544,635.2007,298.46585,30.187927,18.265076,0.35376695,-1,-1,-1
306,8539,568.3777,327.42773,21.431091,15.115021,0.74176115,-1,-1,-1
306,8741,509.7286,412.6835,29.682953,21.699951,0.6869548,-1,-1,-1
306,8728,547.53174,409.2083,31.373535,22.282501,0.8122965,-1,-1,-1
306,8659,557.96234,381.09653,27.368408,20.351074,0.6232376,-1,-1,-1
306,8772,345.56818,312.08102,26.450104,15.008484,0.5102315,-1,-1,-1
306,8759,622.4657,312.63025,33.921265,21.216187,0.32539338,-1,-1,-1
306,8599,597.68994,356.89227,53.3208,48.16385,0.31416005,-1,-1,-1
306,8744,446.21854,443.76416,56.932922,30.789185,0.4435172,-1,-1,-1
306,8740,701.8441,268.6454,21.848267,13.876617,0.260099,-1,-1,-1
307,8723,431.6568,476.41306,42.449493,31.562347,0.82693857,-1,-1,-1
307,8544,634.54956,299.64417,29.056458,17.789124,0.28733534,-1,-1,-1
307,8539,568.3615,327.79477,21.482483,15.196533,0.7477032,-1,-1,-1
307,8741,510.90607,412.5013,29.342773,21.435425,0.717546,-1,-1,-1
307,8728,547.53253,409.09186,32.138428,21.700836,0.8042432,-1,-1,-1
307,8659,558.8549,380.8321,27.864685,20.158508,0.6609428,-1,-1,-1
307,8772,345.28638,312.6981,26.24292,14.892944,0.5941038,-1,-1,-1
307,8759,622.092,313.23297,34.49524,20.812744,0.40341994,-1,-1,-1
307,8744,447.99765,442.9165,56.710663,31.12619,0.58212084,-1,-1,-1
307,8740,701.43604,269.067,21.822266,14.164307,0.28629142,-1,-1,-1
307,8747,374.2562,504.93152,50.49341,31.882446,0.36914042,-1,-1,-1
308,8723,433.23938,476.1756,42.002472,31.242859,0.8295144,-1,-1,-1
308,8539,568.4985,328.1578,21.521729,15.144623,0.58452106,-1,-1,-1
308,8741,512.2127,412.49432,28.985046,21.090027,0.66245323,-1,-1,-1
308,8728,547.45306,408.63675,32.585266,21.710144,0.78652644,-1,-1,-1
308,8659,559.82367,380.56433,27.887573,19.731934,0.71172667,-1,-1,-1
308,8772,344.8206,313.50763,26.147217,14.579529,0.74196994,-1,-1,-1
308,8759,622.0915,313.59628,34.430542,20.984985,0.5018606,-1,-1,-1
308,8744,449.4584,442.9237,56.252472,29.946411,0.64868414,-1,-1,-1
308,8747,371.24878,503.9693,54.420685,32.781067,0.38274688,-1,-1,-1
308,8594,724.8983,256.88782,18.170471,12.536896,0.3898524,-1,-1,-1
308,8599,600.2343,357.10156,52.61133,46.851105,0.32177192,-1,-1,-1
309,8723,434.30142,475.91556,41.91681,31.26709,0.8375364,-1,-1,-1
309,8539,568.6021,329.03445,21.477966,14.808624,0.74041504,-1,-1,-1
309,8741,513.7162,412.52856,28.17035,20.666473,0.33551136,-1,-1,-1
309,8728,548.0348,408.3367,32.939148,21.881775,0.7590428,-1,-1,-1
309,8659,561.34924,380.2236,27.146423,19.336975,0.7264751,-1,-1,-1
309,8772,344.82483,313.96844,25.804138,14.867737,0.68627644,-1,-1,-1
309,8759,622.0445,314.31223,34.473877,20.803802,0.49115413,-1,-1,-1
309,8744,450.8565,442.93417,55.374786,29.1521,0.6884042,-1,-1,-1
309,8747,366.18475,502.67975,60.59424,34.131348,0.54389876,-1,-1,-1
309,8594,724.18445,257.94922,17.750427,12.745575,0.2609985,-1,-1,-1
309,8599,601.4869,356.69623,51.539917,47.047302,0.49659184,-1,-1,-1
309,8544,635.3732,300.3399,29.625732,17.68811,0.6792419,-1,-1,-1
310,8723,434.95544,475.7536,42.02298,31.157562,0.84005857,-1,-1,-1
310,8539,568.4969,329.6254,21.706787,14.748749,0.4910679,-1,-1,-1
310,8741,515.1116,412.09885,28.22583,20.604462,0.44241726,-1,-1,-1
310,8728,548.75995,408.25772,33.158386,22.245789,0.7665746,-1,-1,-1
310,8659,562.19507,380.08716,26.814941,19.105743,0.697549,-1,-1,-1
310,8772,345.03052,314.79047,25.577942,14.782898,0.69625527,-1,-1,-1
310,8759,621.857,315.20724,34.82202,20.4375,0.62244743,-1,-1,-1
310,8744,452.26956,443.1769,50.899994,28.314514,0.7617888,-1,-1,-1
310,8747,363.8381,501.17383,64.2702,35.31714,0.68761486,-1,-1,-1
310,8599,602.10394,356.75357,51.576355,46.69055,0.44469428,-1,-1,-1
310,8785,380.3901,503.5334,48.235474,33.609924,0.59593606,-1,-1,-1
310,8544,635.5181,300.63058,29.697083,17.183807,0.7502456,-1,-1,-1
311,8723,435.8413,475.6285,42.171814,31.026031,0.8376442,-1,-1,-1
311,8539,568.5458,330.29733,22.169983,14.59198,0.5820809,-1,-1,-1
311,8741,516.3148,411.78848,28.251343,20.317627,0.4665096,-1,-1,-1
311,8728,549.5769,408.0987,33.003723,22.10971,0.7482944,-1,-1,-1
311,8659,563.51324,379.87997,25.767212,18.70813,0.67413235,-1,-1,-1
311,8772,344.48114,315.06644,25.882874,15.26651,0.59708214,-1,-1,-1
311,8759,621.5526,315.52927,35.197693,20.8219,0.3320654,-1,-1,-1
311,8744,454.0884,442.5994,50.223877,28.62085,0.7726872,-1,-1,-1
311,8747,365.1476,500.1805,63.60956,35.89615,0.65272534,-1,-1,-1
311,8599,603.69763,356.8461,50.786316,46.59555,0.5731477,-1,-1,-1
311,8785,381.61676,502.79077,47.73944,34.203735,0.65687585,-1,-1,-1
311,8544,635.28094,301.16428,30.003357,17.521301,0.7723778,-1,-1,-1
311,8594,723.2666,259.0991,18.472351,13.382996,0.2569924,-1,-1,-1
312,8723,436.73657,475.5701,42.33191,31.212433,0.84950805,-1,-1,-1
312,8539,568.5932,330.80014,22.532532,14.434998,0.68967414,-1,-1,-1
312,8741,517.43036,410.90552,29.085876,20.698853,0.32715735,-1,-1,-1
312,8728,550.1177,407.53363,33.067383,22.751404,0.74199706,-1,-1,-1
312,8659,564.6758,379.5846,25.10614,18.641602,0.7325892,-1,-1,-1
312,8772,344.4776,315.16653,26.036255,15.63028,0.7550945,-1,-1,-1
312,8759,621.4603,315.8742,35.61487,20.589294,0.3895769,-1,-1,-1
312,8744,455.16666,442.40976,48.067078,28.806885,0.7897307,-1,-1,-1
312,8747,364.9519,497.92923,64.29715,36.59854,0.6625019,-1,-1,-1
312,8599,604.5441,356.96582,50.487793,46.549896,0.57822216,-1,-1,-1
312,8785,378.07632,500.73096,52.258698,36.012268,0.71631557,-1,-1,-1
312,8544,635.1443,301.8988,29.466797,16.876953,0.60092545,-1,-1,-1
312,8594,723.0142,259.06604,20.17987,14.121307,0.33542672,-1,-1,-1
313,8723,437.57227,475.28583,42.45395,31.598572,0.8353588,-1,-1,-1
313,8539,568.70483,330.84546,22.524048,14.886261,0.64267147,-1,-1,-1
313,8741,518.5234,410.0579,29.00177,20.726898,0.3512439,-1,-1,-1
313,8728,551.10516,407.0772,32.89972,23.202911,0.73044163,-1,-1,-1
313,8659,565.87036,379.56134,24.535217,18.401794,0.7419652,-1,-1,-1
313,8772,344.32214,315.49564,26.717926,15.89563,0.75933504,-1,-1,-1
313,8759,621.56775,315.82794,35.64612,21.075226,0.5171939,-1,-1,-1
313,8744,457.461,443.18875,43.29538,27.46698,0.7254937,-1,-1,-1
313,8599,605.3088,356.84656,50.90503,46.514343,0.66993594,-1,-1,-1
313,8785,374.9917,499.21927,56.46759,37.419647,0.7581826,-1,-1,-1
313,8544,634.62775,302.2726,29.559387,16.650818,0.6141102,-1,-1,-1
313,8594,722.64276,258.94092,22.050476,14.655121,0.38579625,-1,-1,-1
313,8740,698.14954,272.82803,24.153442,13.82312,0.28014004,-1,-1,-1
314,8723,438.35092,475.0919,42.262634,31.531677,0.8230052,-1,-1,-1
314,8539,568.77704,331.08917,23.388855,15.20343,0.7160924,-1,-1,-1
314,8741,519.89197,409.79413,29.163086,20.437225,0.550546,-1,-1,-1
314,8728,551.5089,406.78763,33.719116,23.66623,0.64256173,-1,-1,-1
314,8659,567.13715,379.21304,24.331299,18.538605,0.7645845,-1,-1,-1
314,8772,344.14108,316.38678,27.357452,16.170715,0.7331482,-1,-1,-1
314,8759,621.5296,316.01074,35.204346,21.43811,0.52006716,-1,-1,-1
314,8744,459.44815,443.43564,43.29187,26.55661,0.71772325,-1,-1,-1
314,8599,605.6512,357.22333,51.088623,45.836426,0.45798746,-1,-1,-1
314,8785,380.10062,500.81628,51.48468,35.711548,0.5638107,-1,-1,-1
314,8544,634.267,302.5779,30.171753,16.579407,0.5440648,-1,-1,-1
314,8594,722.3203,259.47604,20.844238,14.7052,0.26366153,-1,-1,-1
314,8747,368.76172,497.41904,61.85968,37.716583,0.6986934,-1,-1,-1
315,8723,439.5259,474.96698,41.866455,31.312683,0.8107877,-1,-1,-1
315,8539,568.6836,331.1365,23.563354,15.685608,0.7276475,-1,-1,-1
315,8741,521.0838,409.41245,28.993958,20.364044,0.49435425,-1,-1,-1
315,8728,552.43427,406.83057,33.456482,23.859741,0.65257186,-1,-1,-1
315,8659,568.1656,378.6159,24.193665,18.86023,0.75693035,-1,-1,-1
315,8772,344.11707,316.55115,27.704987,16.838165,0.6698311,-1,-1,-1
315,8759,621.67633,316.10593,35.13446,21.663391,0.56849444,-1,-1,-1
315,8744,461.08966,442.87595,43.04251,26.63974,0.7275923,-1,-1,-1
315,8599,606.1539,357.13718,52.36566,46.185486,0.47346368,-1,-1,-1
315,8785,384.2674,502.60287,47.508423,33.72403,0.3928559,-1,-1,-1
315,8544,633.959,302.58923,30.837341,16.98529,0.6239662,-1,-1,-1
315,8594,722.2384,259.88452,20.17273,14.767181,0.28341442,-1,-1,-1
315,8791,371.50827,494.9101,50.00357,33.203186,0.39613786,-1,-1,-1
315,8747,373.02155,498.2847,58.308746,37.131805,0.7090506,-1,-1,-1
315,8523,583.09406,330.13705,29.997498,16.839874,0.30691773,-1,-1,-1
315,8740,697.2807,273.69293,23.595459,14.186157,0.34326646,-1,-1,-1
316,8723,440.62628,474.91098,41.998413,30.973053,0.80548835,-1,-1,-1
316,8539,568.70514,331.26392,23.508484,15.94516,0.7345091,-1,-1,-1
316,8741,522.13617,409.10132,29.32257,20.28769,0.5627745,-1,-1,-1
316,8728,553.42975,407.17532,32.909607,23.192993,0.62202936,-1,-1,-1
316,8659,569.35547,378.18683,24.45105,18.664764,0.7678706,-1,-1,-1
316,8772,343.71695,317.13248,28.053558,17.042084,0.780476,-1,-1,-1
316,8759,621.6386,316.3921,35.62744,21.592163,0.65026474,-1,-1,-1
316,8744,462.4999,442.77914,43.01712,26.246674,0.72634715,-1,-1,-1
316,8599,606.79724,357.0607,53.051758,46.27478,0.3755877,-1,-1,-1
316,8785,381.74988,501.14325,50.602234,34.751648,0.7354396,-1,-1,-1
316,8544,633.7084,302.7099,31.214233,17.169708,0.6226476,-1,-1,-1
316,8594,721.7219,260.32434,21.187256,14.796265,0.3383369,-1,-1,-1
316,8791,373.40683,494.42783,47.312164,32.139557,0.29400352,-1,-1,-1
316,8747,373.9399,495.82748,57.32953,36.32553,0.49579117,-1,-1,-1
317,8723,441.96967,474.78885,41.114838,30.73233,0.78524345,-1,-1,-1
317,8539,568.7986,331.7524,23.155945,15.853882,0.7828876,-1,-1,-1
317,8741,523.65906,408.86243,27.77472,19.920776,0.36219117,-1,-1,-1
317,8728,554.1761,407.189,32.22461,23.028961,0.5955348,-1,-1,-1
317,8659,570.48254,378.02182,24.409973,18.321533,0.7942256,-1,-1,-1
317,8772,343.35104,317.7026,27.944489,17.179688,0.7438713,-1,-1,-1
317,8759,622.05096,316.97327,35.570435,21.750732,0.7019088,-1,-1,-1
317,8744,464.3681,442.97034,41.295532,25.518738,0.7228993,-1,-1,-1
317,8599,607.8147,357.04807,52.69281,46.055054,0.34569845,-1,-1,-1
317,8785,386.29626,500.96497,47.54196,34.973145,0.7190753,-1,-1,-1
317,8544,633.46106,303.07996,31.050415,17.559326,0.5303732,-1,-1,-1
317,8791,375.44104,493.945,53.59137,32.323425,0.7078423,-1,-1,-1
317,8747,376.75256,496.47406,55.79373,37.39093,0.66917336,-1,-1,-1
317,8792,750.9783,261.74878,14.655579,11.101837,0.33158013,-1,-1,-1
317,8523,589.6212,331.17917,23.85376,16.57904,0.3928723,-1,-1,-1
317,8740,696.7815,274.74118,23.301208,14.162506,0.3158345,-1,-1,-1
318,8723,442.8942,474.71307,40.65692,30.651886,0.7726734,-1,-1,-1
318,8539,568.79236,332.45486,22.475159,15.414978,0.8007138,-1,-1,-1
318,8728,554.37335,407.07114,33.119507,22.661377,0.64819413,-1,-1,-1
318,8659,571.45215,377.8425,24.38977,18.269989,0.7662721,-1,-1,-1
318,8772,342.69913,318.50504,27.83377,16.651398,0.69282407,-1,-1,-1
318,8759,621.8081,317.30637,35.835754,21.808594,0.4764455,-1,-1,-1
318,8744,466.38058,443.05072,38.15216,24.835785,0.6329987,-1,-1,-1
318,8785,389.15216,498.89023,46.09439,36.933746,0.71465665,-1,-1,-1
318,8791,377.11905,493.3608,54.841736,33.303314,0.7233578,-1,-1,-1
318,8792,750.05505,262.36386,15.093933,11.139465,0.30311903,-1,-1,-1
318,8740,696.0541,275.49496,22.853088,13.909729,0.3382624,-1,-1,-1
318,8594,720.5495,263.2339,17.815674,13.123871,0.3711208,-1,-1,-1
319,8723,443.92728,474.34177,40.92862,30.683563,0.7956313,-1,-1,-1
319,8539,568.9126,333.07755,21.818542,15.049011,0.7927312,-1,-1,-1
319,8728,554.7614,407.02676,33.20166,22.357147,0.48216453,-1,-1,-1
319,8659,572.32465,377.69116,24.766663,18.17926,0.8014816,-1,-1,-1
319,8772,342.69412,320.14926,27.352936,15.723846,0.71806204,-1,-1,-1
319,8759,621.8613,317.9324,35.506287,21.60611,0.5948329,-1,-1,-1
319,8744,467.52335,442.97214,39.070312,24.566101,0.45485023,-1,-1,-1
319,8785,388.00452,501.0548,47.21823,34.365784,0.68607575,-1,-1,-1
319,8791,378.90326,492.7931,51.9888,31.761719,0.74985844,-1,-1,-1
319,8792,749.272,263.0624,15.512756,10.97757,0.5097801,-1,-1,-1
319,8740,695.61053,276.12854,21.76117,13.80014,0.5679502,-1,-1,-1
319,8594,719.8263,264.4661,17.530334,12.383362,0.54259634,-1,-1,-1
319,8544,632.87,304.76062,31.185059,17.235687,0.36818072,-1,-1,-1
319,8523,591.63403,333.095,21.544495,15.149994,0.41165295,-1,-1,-1
320,8723,444.8796,473.9551,40.86078,30.764069,0.79836303,-1,-1,-1
320,8539,569.14526,333.7293,21.296997,14.76297,0.80051297,-1,-1,-1
320,8728,556.24255,407.17773,32.29602,22.239105,0.57628584,-1,-1,-1
320,8659,573.39636,377.4571,24.774048,18.039825,0.8114467,-1,-1,-1
320,8772,342.21097,320.95325,27.040497,15.151215,0.68397796,-1,-1,-1
320,8759,622.0984,318.47406,34.876404,21.696594,0.6351904,-1,-1,-1
320,8744,468.92352,442.74106,37.503937,23.897583,0.58621013,-1,-1,-1
320,8785,391.08423,503.82266,44.262604,31.440948,0.70744675,-1,-1,-1
320,8791,380.95496,491.97733,47.33127,29.921967,0.6879368,-1,-1,-1
320,8792,748.46515,263.8981,15.743164,11.108185,0.63558614,-1,-1,-1
320,8740,695.4094,276.78604,21.256897,13.555939,0.64331615,-1,-1,-1
320,8594,719.50507,264.8752,18.328247,12.47818,0.5529834,-1,-1,-1
320,8544,633.69006,306.42755,27.347107,16.803955,0.40267536,-1,-1,-1
320,8523,592.1013,333.71585,20.96466,14.711304,0.4780429,-1,-1,-1
321,8723,445.6859,473.6696,40.706512,30.688416,0.8165213,-1,-1,-1
321,8539,569.303,334.1213,20.893555,14.66864,0.80270875,-1,-1,-1
321,8728,544.3345,406.95938,44.332886,22.393646,0.3329706,-1,-1,-1
321,8659,574.1202,376.9588,25.353027,18.213562,0.8094937,-1,-1,-1
321,8772,341.59744,321.3055,27.531464,15.338257,0.71960956,-1,-1,-1
321,8759,621.92285,318.97733,34.812744,21.152863,0.69274026,-1,-1,-1
321,8744,470.29645,442.69666,36.99881,23.217712,0.33086655,-1,-1,-1
321,8785,393.95364,505.32632,42.322052,29.688873,0.6548217,-1,-1,-1
321,8791,382.95786,491.22934,43.30194,27.861176,0.76554865,-1,-1,-1
321,8792,747.6695,264.54587,15.650635,11.428131,0.4371471,-1,-1,-1
321,8740,695.45306,277.2763,20.85553,13.560394,0.60665023,-1,-1,-1
321,8594,718.83014,265.5027,18.248596,12.515564,0.42274722,-1,-1,-1
321,8544,634.12714,306.66046,27.961365,17.134491,0.5682977,-1,-1,-1
321,8523,592.3379,334.35983,20.5979,14.364288,0.42994797,-1,-1,-1
321,8795,600.4512,313.38403,20.063416,16.111633,0.3681887,-1,-1,-1
322,8723,446.19913,473.2744,41.193115,30.762238,0.7889132,-1,-1,-1
322,8539,569.41,334.48267,20.877075,14.697235,0.800342,-1,-1,-1
322,8728,542.4664,406.62494,47.019653,22.32602,0.30730116,-1,-1,-1
322,8659,575.44385,376.65442,24.726257,17.890747,0.7723717,-1,-1,-1
322,8772,341.15683,320.9759,27.687012,16.084473,0.67694324,-1,-1,-1
322,8759,621.8013,319.04483,35.253723,21.21466,0.7185338,-1,-1,-1
322,8744,471.97238,442.64923,36.232513,22.674927,0.3866924,-1,-1,-1
322,8785,395.84305,505.52454,41.171814,29.389404,0.66651416,-1,-1,-1
322,8791,384.93597,490.72833,41.51938,26.949707,0.71122646,-1,-1,-1
322,8792,746.8292,265.4678,15.368164,11.401093,0.33253306,-1,-1,-1
322,8740,695.43243,278.29996,20.411499,12.847748,0.33945075,-1,-1,-1
322,8594,718.6133,265.63986,18.649536,12.716766,0.28901097,-1,-1,-1
322,8544,634.78436,307.20523,28.13446,17.038055,0.6376255,-1,-1,-1
322,8523,592.5538,334.7045,20.603027,14.217682,0.35039055,-1,-1,-1
323,8723,447.67947,472.9911,40.243378,30.837921,0.7678721,-1,-1,-1
323,8539,569.3127,334.69,21.251648,14.820465,0.8051533,-1,-1,-1
323,8728,536.80316,406.47153,53.236633,21.933624,0.36932027,-1,-1,-1
323,8659,576.65216,376.44687,24.4422,17.574402,0.7875566,-1,-1,-1
323,8772,340.31976,321.56537,28.026978,16.160736,0.7343786,-1,-1,-1
323,8759,621.6582,319.51013,35.218872,21.149841,0.57184273,-1,-1,-1
323,8785,397.0824,505.38818,40.752228,29.454102,0.75477004,-1,-1,-1
323,8791,386.66153,489.85538,42.58191,26.844818,0.73938274,-1,-1,-1
323,8792,746.10913,266.50998,15.347473,11.137665,0.48213094,-1,-1,-1
323,8544,634.86066,307.60593,28.592773,17.051483,0.5420135,-1,-1,-1
323,8523,592.7574,334.92242,20.51416,14.283295,0.36615205,-1,-1,-1
324,8723,448.68048,472.69305,40.004425,30.710358,0.7673352,-1,-1,-1
324,8539,569.36633,334.8357,21.179504,14.991943,0.806356,-1,-1,-1
324,8659,577.82776,376.3587,23.872253,17.3703,0.7929283,-1,-1,-1
324,8772,339.95462,322.1845,28.14331,16.243591,0.7990928,-1,-1,-1
324,8759,621.22217,320.5843,35.697266,20.0607,0.43742743,-1,-1,-1
324,8785,398.39078,505.42688,39.945923,29.27246,0.72078884,-1,-1,-1
324,8791,388.37112,489.01294,42.423126,26.618408,0.7633795,-1,-1,-1
324,8792,745.4776,267.2459,15.158081,10.873413,0.36937565,-1,-1,-1
324,8544,634.9624,307.92093,29.07788,17.070496,0.64526314,-1,-1,-1
324,8523,592.70264,335.2598,20.483887,14.262604,0.38911778,-1,-1,-1
324,8740,694.65063,279.76358,20.86084,12.756989,0.31916884,-1,-1,-1
324,8594,717.6085,266.9032,18.71521,12.88324,0.30765837,-1,-1,-1
325,8723,449.55005,472.50604,40.074493,30.651855,0.7108959,-1,-1,-1
325,8539,569.31714,335.19833,21.087402,14.98642,0.8060992,-1,-1,-1
325,8659,578.5759,376.0767,24.209412,17.189026,0.77348983,-1,-1,-1
325,8772,339.75323,322.88852,28.302704,16.314362,0.6681228,-1,-1,-1
325,8759,621.1363,321.24374,35.330017,19.302826,0.34134746,-1,-1,-1
325,8785,399.83173,505.317,39.42868,29.178253,0.7061995,-1,-1,-1
325,8791,390.41992,488.09198,40.75171,26.550781,0.7784458,-1,-1,-1
325,8544,635.36786,308.1049,27.557068,16.882538,0.6305134,-1,-1,-1
325,8523,592.5484,335.61423,20.823853,14.349762,0.3243449,-1,-1,-1
325,8740,694.046,280.0592,21.156616,12.835022,0.48975113,-1,-1,-1
326,8723,450.45953,472.20895,40.12027,30.637146,0.6866637,-1,-1,-1
326,8539,569.1697,335.7263,21.48352,14.875977,0.81061625,-1,-1,-1
326,8659,579.3807,375.80948,24.151001,17.419556,0.76716286,-1,-1,-1
326,8772,340.20755,323.3669,27.667725,16.193512,0.46469474,-1,-1,-1
326,8785,400.98465,505.0992,39.05493,29.211945,0.6333303,-1,-1,-1
326,8791,392.15753,487.54657,41.04962,26.28418,0.7038728,-1,-1,-1
326,8544,635.3129,308.21432,27.539246,17.242462,0.6433321,-1,-1,-1
326,8523,592.6016,336.0445,21.007202,14.2901,0.3306301,-1,-1,-1
326,8740,693.5729,280.51123,22.095154,13.161011,0.2929223,-1,-1,-1
327,8723,451.13727,471.88876,40.523743,30.479614,0.72632253,-1,-1,-1
327,8539,569.2734,336.4152,21.584412,14.570557,0.7965303,-1,-1,-1
327,8659,580.56537,375.75137,24.720825,17.077423,0.7565069,-1,-1,-1
327,8772,339.9757,323.5707,28.054504,16.308868,0.40320054,-1,-1,-1
327,8785,401.8559,505.0732,38.957855,28.963715,0.61293995,-1,-1,-1
327,8791,394.20517,486.7935,39.794434,26.37619,0.6483207,-1,-1,-1
327,8544,635.61096,308.66608,27.009338,17.07306,0.54539305,-1,-1,-1
327,8740,693.2917,280.95993,21.869202,12.956177,0.62570035,-1,-1,-1
327,8792,743.5647,269.13962,15.002197,11.362549,0.37233,-1,-1,-1
327,8594,716.4276,268.51556,16.823486,12.547607,0.2843393,-1,-1,-1
328,8723,452.42285,471.66968,39.884155,30.247833,0.6989676,-1,-1,-1
328,8539,569.2857,336.87436,21.461975,14.393738,0.7827147,-1,-1,-1
328,8659,581.3988,375.51523,24.791443,17.144562,0.7551143,-1,-1,-1
328,8785,402.6386,504.87833,38.401764,28.848175,0.6568395,-1,-1,-1
328,8791,396.171,486.05798,39.069183,26.27417,0.65993655,-1,-1,-1
328,8544,635.7194,308.74994,28.049011,17.157074,0.6942476,-1,-1,-1
328,8740,692.61926,281.47913,22.54773,13.214478,0.44821987,-1,-1,-1
328,8792,743.1567,269.83154,15.042786,11.110626,0.42420277,-1,-1,-1
329,8723,453.8286,471.32388,39.487854,30.19696,0.742261,-1,-1,-1
329,8539,569.2741,337.2644,21.685791,14.225372,0.79673064,-1,-1,-1
329,8659,582.44934,375.13922,24.95636,17.14978,0.71514976,-1,-1,-1
329,8785,403.43732,504.7162,38.67334,28.549927,0.6881763,-1,-1,-1
329,8791,398.0276,485.31543,39.279816,26.204407,0.634565,-1,-1,-1
329,8544,636.3464,308.7845,27.47992,16.961884,0.73394847,-1,-1,-1
329,8740,692.01495,282.1398,21.813599,12.297424,0.3750958,-1,-1,-1
329,8792,742.2131,270.22607,15.421875,11.187744,0.4622341,-1,-1,-1
329,8523,592.82794,337.09268,20.515625,13.754364,0.3384266,-1,-1,-1
330,8723,454.81256,470.84415,39.589386,30.152191,0.6958861,-1,-1,-1
330,8539,569.1956,337.509,21.91333,14.236725,0.77611786,-1,-1,-1
330,8659,583.7729,374.78134,24.874817,17.184967,0.6533362,-1,-1,-1
330,8785,404.4424,504.65945,38.829163,28.384552,0.6355817,-1,-1,-1
330,8791,399.85754,484.43057,39.16269,26.101227,0.70631844,-1,-1,-1
330,8544,636.41046,308.68793,27.36023,17.14853,0.63544846,-1,-1,-1
330,8740,691.66034,282.41742,21.494324,11.997864,0.36573118,-1,-1,-1
330,8792,741.66455,270.73608,15.742615,11.080261,0.2712536,-1,-1,-1
330,8803,562.31244,406.34918,31.901123,19.908875,0.42070025,-1,-1,-1
330,8523,592.783,337.14325,20.617065,13.845032,0.39349446,-1,-1,-1
331,8723,455.8282,470.53268,39.17743,29.923828,0.6479877,-1,-1,-1
331,8539,569.32794,337.69446,21.816956,14.233856,0.76798224,-1,-1,-1
331,8659,584.55194,374.10202,23.964172,17.519073,0.53035,-1,-1,-1
331,8785,405.4908,504.4526,38.35031,28.383026,0.71008575,-1,-1,-1
331,8791,401.50134,483.8129,39.271545,25.313416,0.7427583,-1,-1,-1
331,8544,636.39526,308.9786,27.628784,17.13974,0.55208766,-1,-1,-1
331,8740,691.4918,282.86322,21.454163,12.193573,0.29525703,-1,-1,-1
331,8792,740.8517,271.54175,15.318115,10.961487,0.41428548,-1,-1,-1
331,8803,563.60785,406.26065,31.447388,19.652222,0.4956337,-1,-1,-1
331,8759,621.84155,322.51294,35.149597,20.3349,0.2750468,-1,-1,-1
331,8594,714.68976,270.49472,17.208618,12.551575,0.25216314,-1,-1,-1
332,8723,456.71054,470.58752,39.480774,29.738068,0.75322014,-1,-1,-1
332,8539,569.62024,337.8822,21.584412,14.249847,0.7868812,-1,-1,-1
332,8659,585.694,373.6132,23.928467,17.74649,0.6590669,-1,-1,-1
332,8785,406.7087,504.29242,38.036987,28.233765,0.7687398,-1,-1,-1
332,8791,403.89883,482.9131,38.844757,24.88269,0.7621752,-1,-1,-1
332,8544,635.9467,309.2364,27.680725,16.66043,0.56849277,-1,-1,-1
332,8740,691.1735,283.39954,21.341797,12.382843,0.4629082,-1,-1,-1
332,8792,740.17236,272.0977,15.116882,11.22168,0.3346371,-1,-1,-1
332,8803,564.98364,406.37756,31.120544,19.79895,0.4847033,-1,-1,-1
332,8759,621.66785,322.65588,35.223206,20.240875,0.28456417,-1,-1,-1
333,8723,457.80435,470.20865,39.71048,29.63617,0.7648674,-1,-1,-1
333,8539,569.7351,337.90634,21.877869,14.560242,0.7857537,-1,-1,-1
333,8659,586.57764,373.29547,24.469666,17.760712,0.68330395,-1,-1,-1
333,8785,407.70508,503.9358,38.23065,28.302368,0.7672782,-1,-1,-1
333,8791,405.71283,482.24976,38.94803,24.651459,0.82169616,-1,-1,-1
333,8544,635.6825,309.58527,27.315063,16.666138,0.5605146,-1,-1,-1
333,8740,691.1075,283.98993,21.376465,12.733429,0.5018306,-1,-1,-1
333,8792,739.63385,272.97733,14.72937,11.2274475,0.29506862,-1,-1,-1
333,8759,621.6421,322.68433,35.09613,20.498413,0.448013,-1,-1,-1
334,8723,459.10208,469.68042,39.327362,29.572662,0.74333984,-1,-1,-1
334,8539,569.7795,338.0671,22.037231,14.566284,0.78663254,-1,-1,-1
334,8659,587.56573,372.8093,24.377563,17.799347,0.63169795,-1,-1,-1
334,8785,408.66928,503.67792,38.101868,28.261658,0.76195145,-1,-1,-1
334,8791,407.58,481.65942,38.42682,24.730957,0.8101307,-1,-1,-1
334,8544,635.99677,309.8711,26.582153,16.432037,0.6350275,-1,-1,-1
334,8740,690.72174,284.4585,21.064697,12.686737,0.5853088,-1,-1,-1
334,8792,739.62933,273.75626,14.52124,11.1466675,0.31633192,-1,-1,-1
334,8759,621.7967,322.68915,35.348083,20.649475,0.57587016,-1,-1,-1
334,8523,592.7525,338.56366,20.250488,13.857086,0.2555938,-1,-1,-1
334,8594,713.4248,271.3711,18.909119,13.173645,0.33520103,-1,-1,-1
335,8723,460.0891,469.37604,38.92868,29.46695,0.7349184,-1,-1,-1
335,8539,569.8849,338.1905,22.157715,14.666199,0.773411,-1,-1,-1
335,8659,588.7983,372.3801,24.390564,18.053955,0.5620145,-1,-1,-1
335,8785,409.5308,503.15112,38.18454,28.32666,0.78714067,-1,-1,-1
335,8791,409.32166,481.07263,37.93112,24.646881,0.8169327,-1,-1,-1
335,8544,636.2413,310.05118,26.166565,16.50769,0.6455925,-1,-1,-1
335,8740,690.8461,285.01254,21.82782,12.90097,0.5909632,-1,-1,-1
335,8792,738.96423,274.10666,14.893494,11.350555,0.40591827,-1,-1,-1
335,8759,621.7253,322.57455,35.229126,20.780304,0.611062,-1,-1,-1
335,8523,592.64154,338.54886,20.229553,14.113525,0.31717423,-1,-1,-1
335,8594,713.34064,271.56262,19.85968,13.339081,0.31035912,-1,-1,-1
336,8723,461.09293,469.13794,39.211426,29.263855,0.71350026,-1,-1,-1
336,8539,570.0211,338.5166,21.951233,14.717407,0.7860466,-1,-1,-1
336,8659,589.5044,371.83063,23.815369,18.12976,0.4994162,-1,-1,-1
336,8785,410.6718,502.9449,37.673157,28.297424,0.76881385,-1,-1,-1
336,8791,410.9916,480.26743,37.591858,25.079407,0.7940901,-1,-1,-1
336,8544,636.3923,310.5377,25.721985,16.60315,0.33198777,-1,-1,-1
336,8740,690.1944,285.5063,22.502075,12.884003,0.50882846,-1,-1,-1
336,8792,738.68445,274.65753,15.119202,11.536652,0.46228862,-1,-1,-1
336,8759,621.9448,322.64987,34.82135,20.712128,0.57559687,-1,-1,-1
337,8723,461.6455,469.10016,39.75717,29.044708,0.6759083,-1,-1,-1
337,8539,570.2908,338.59845,21.89087,15.024109,0.7904087,-1,-1,-1
337,8659,590.545,371.58737,23.11145,18.013397,0.25481224,-1,-1,-1
337,8785,411.68262,502.9288,37.501587,28.12613,0.7218991,-1,-1,-1
337,8791,412.74722,479.63303,37.89279,25.34784,0.72757435,-1,-1,-1
337,8740,689.6284,286.2665,22.176208,12.544067,0.47917873,-1,-1,-1
337,8792,738.47406,275.04736,15.426575,11.920868,0.42400345,-1,-1,-1
337,8759,622.3105,322.83588,34.440247,20.852753,0.4629769,-1,-1,-1
338,8723,462.379,468.9173,39.929596,28.685394,0.72976816,-1,-1,-1
338,8539,570.53015,338.62848,21.93042,15.098999,0.77701604,-1,-1,-1
338,8785,412.27902,502.61157,37.0419,28.210205,0.76998717,-1,-1,-1
338,8791,414.40646,478.93253,37.762848,25.348145,0.80448455,-1,-1,-1
338,8740,689.29175,286.69513,21.551514,12.589111,0.49742198,-1,-1,-1
338,8792,737.833,275.5885,15.794678,12.010864,0.58890396,-1,-1,-1
338,8759,622.27435,323.3512,34.386597,20.63379,0.56030667,-1,-1,-1
338,8812,499.26202,365.6662,20.789001,13.843658,0.6010076,-1,-1,-1
338,8795,597.9945,319.38992,20.067322,16.32788,0.33570358,-1,-1,-1
338,8772,333.56226,330.40997,25.67804,14.209717,0.4394894,-1,-1,-1
338,8594,712.7691,272.08997,21.20752,14.503021,0.2525851,-1,-1,-1
338,8544,635.36127,311.95184,26.281067,16.254272,0.31333297,-1,-1,-1
339,8723,463.18167,468.44595,39.579987,29.106628,0.77352095,-1,-1,-1
339,8539,570.7822,338.82278,21.654297,15.07254,0.78123415,-1,-1,-1
339,8785,413.12115,502.48077,36.612823,28.1167,0.7799324,-1,-1,-1
339,8791,416.5776,478.04044,37.19763,25.304077,0.8250417,-1,-1,-1
339,8740,688.9551,287.05994,22.297241,12.231476,0.68250346,-1,-1,-1
339,8792,737.32635,276.39813,15.48053,11.608978,0.52225584,-1,-1,-1
339,8759,622.1565,324.214,33.563477,19.873413,0.56316143,-1,-1,-1
339,8812,498.73325,365.5834,21.264923,13.691193,0.5804062,-1,-1,-1
339,8795,596.96497,319.67346,21.01648,16.387451,0.30498773,-1,-1,-1
339,8772,333.4448,331.09097,25.253448,14.316498,0.32781097,-1,-1,-1
339,8594,712.3707,273.65543,21.406433,13.53656,0.31151614,-1,-1,-1
339,8544,635.88617,312.39536,26.614624,16.314972,0.5439735,-1,-1,-1
339,8803,572.3239,404.12637,28.530945,20.563995,0.28004494,-1,-1,-1
339,8659,592.12427,370.86996,23.622192,17.897888,0.3160316,-1,-1,-1
340,8723,463.78296,468.05307,39.86737,29.060303,0.785128,-1,-1,-1
340,8539,571.0042,339.09558,21.442444,15.0112,0.7615198,-1,-1,-1
340,8785,414.13153,502.07492,36.102234,28.075104,0.7764102,-1,-1,-1
340,8791,418.48196,477.36877,36.612732,25.270447,0.8058466,-1,-1,-1
340,8740,688.82355,287.5041,22.330078,12.447723,0.5235288,-1,-1,-1
340,8792,736.6405,276.9972,15.69165,11.370239,0.54807645,-1,-1,-1
340,8759,622.20465,324.7001,33.838135,19.192657,0.27062872,-1,-1,-1
340,8812,498.12042,365.33493,21.70819,13.767944,0.6327155,-1,-1,-1
340,8594,712.1348,274.0225,21.887207,13.693024,0.3898702,-1,-1,-1
340,8544,636.0767,312.73898,26.419128,16.428192,0.30229735,-1,-1,-1
340,8659,593.2685,370.6328,24.419556,17.842499,0.31153524,-1,-1,-1
341,8723,464.44754,467.7495,39.830475,28.955902,0.7913481,-1,-1,-1
341,8539,571.117,339.4839,21.423828,14.852081,0.7688578,-1,-1,-1
341,8785,415.1317,501.70074,35.861908,28.061707,0.77710074,-1,-1,-1
341,8791,420.10706,476.522,36.85565,25.575073,0.7891939,-1,-1,-1
341,8740,687.95856,287.67923,23.609314,12.689575,0.6908677,-1,-1,-1
341,8792,736.0173,277.97366,15.890076,11.247681,0.55200535,-1,-1,-1
341,8759,622.32263,325.01895,33.961304,18.950714,0.34523678,-1,-1,-1
341,8812,497.65,365.49866,22.430756,13.624084,0.3874668,-1,-1,-1
341,8594,711.6967,274.53323,21.478394,13.364899,0.36899748,-1,-1,-1
341,8544,636.0872,312.91962,26.223389,16.6232,0.60315967,-1,-1,-1
341,8659,594.4868,370.44067,24.868713,17.71524,0.40699476,-1,-1,-1
342,8723,465.7847,467.24692,39.29413,28.902588,0.773599,-1,-1,-1
342,8539,571.21075,339.58698,21.643066,14.901154,0.7612341,-1,-1,-1
342,8785,415.94965,501.21906,36.502777,28.124146,0.8125195,-1,-1,-1
342,8791,421.7719,475.6638,36.5748,25.520966,0.790324,-1,-1,-1
342,8740,687.94867,287.9951,24.243103,12.96759,0.7030388,-1,-1,-1
342,8792,735.5631,278.5881,16.037659,11.222961,0.49861205,-1,-1,-1
342,8759,622.2548,325.28384,33.914856,18.708466,0.38470352,-1,-1,-1
342,8594,711.23334,275.46402,19.53125,12.726318,0.3516181,-1,-1,-1
342,8544,636.371,313.10446,26.30133,16.563202,0.58308464,-1,-1,-1
343,8723,467.10583,467.05905,38.923218,28.48468,0.7819072,-1,-1,-1
343,8539,571.2412,339.7961,21.48767,14.8785095,0.78675026,-1,-1,-1
343,8785,416.76407,501.0134,36.602936,28.03598,0.8100992,-1,-1,-1
343,8791,423.74612,474.8615,36.33972,25.687866,0.8169628,-1,-1,-1
343,8740,687.7572,288.36005,24.899597,12.805145,0.63267124,-1,-1,-1
343,8792,735.20825,278.91815,16.151367,11.415466,0.58668214,-1,-1,-1
343,8759,622.2471,325.307,34.003906,18.886505,0.2949056,-1,-1,-1
343,8594,711.0636,275.94,19.12793,12.389709,0.4063762,-1,-1,-1
343,8544,636.96075,313.32666,26.338684,15.520874,0.42598996,-1,-1,-1
343,8817,509.69174,429.63278,47.69754,27.940094,0.5279936,-1,-1,-1
343,8812,496.44403,365.3477,22.110657,13.382019,0.39465517,-1,-1,-1
343,8659,596.7033,370.29697,23.942383,16.957,0.28484225,-1,-1,-1
344,8723,468.21817,466.86902,38.41913,28.563202,0.8072163,-1,-1,-1
344,8539,571.36505,340.01358,21.462036,14.952728,0.7467772,-1,-1,-1
344,8785,417.44467,500.73254,36.725037,28.076782,0.83104485,-1,-1,-1
344,8791,425.6812,474.06845,35.321594,25.94226,0.8308581,-1,-1,-1
344,8740,687.38684,288.66635,25.477661,12.711853,0.520259,-1,-1,-1
344,8792,734.89514,279.43777,16.349915,11.316528,0.35928917,-1,-1,-1
344,8759,622.5031,326.24695,34.356873,18.427887,0.3611183,-1,-1,-1
344,8544,637.0752,313.93164,25.932495,15.915131,0.5386057,-1,-1,-1
344,8817,510.51562,430.25336,49.300293,26.80832,0.7024623,-1,-1,-1
344,8812,496.1055,365.42096,22.646698,13.21936,0.38497943,-1,-1,-1
344,8659,597.44727,369.78833,24.07837,17.151001,0.44081315,-1,-1,-1
344,8803,574.38336,403.4413,29.910461,19.830414,0.2905823,-1,-1,-1
345,8723,468.84723,466.47385,38.863403,28.189484,0.78413534,-1,-1,-1
345,8539,571.3741,340.14493,21.473999,14.858551,0.74306226,-1,-1,-1
345,8785,417.96902,500.53867,36.83893,27.994293,0.8022475,-1,-1,-1
345,8791,427.23105,473.2722,35.374725,26.088654,0.8124972,-1,-1,-1
345,8740,687.12115,288.65015,25.187744,13.021759,0.6226639,-1,-1,-1
345,8792,734.34906,279.70035,16.278748,11.408295,0.38288072,-1,-1,-1
345,8759,622.8461,326.69742,34.253296,18.29065,0.4702954,-1,-1,-1
345,8544,637.01306,314.05185,25.766052,16.20288,0.6632001,-1,-1,-1
345,8817,517.51495,430.22455,42.588623,26.27243,0.6923351,-1,-1,-1
345,8812,495.501,365.4044,22.674408,12.991211,0.4549912,-1,-1,-1
345,8659,598.39954,368.89963,24.277954,17.47409,0.42099473,-1,-1,-1
345,8744,507.40622,427.93298,51.039825,28.5495,0.5784468,-1,-1,-1
345,8594,710.4391,276.86578,17.712708,12.1631775,0.5121207,-1,-1,-1
346,8723,469.65692,466.08966,38.783783,28.03534,0.8111191,-1,-1,-1
346,8539,571.5107,340.5367,21.723999,14.626068,0.7277733,-1,-1,-1
346,8785,419.02386,500.1707,36.273743,27.918976,0.81152,-1,-1,-1
346,8791,428.98154,472.4697,35.386414,25.991577,0.80213267,-1,-1,-1
346,8740,686.6075,289.1065,25.30304,13.062317,0.5806944,-1,-1,-1
346,8759,622.5457,326.29562,34.107178,18.69226,0.5391619,-1,-1,-1
346,8544,637.511,314.06747,25.349487,16.334778,0.55884665,-1,-1,-1
346,8817,523.99316,433.21408,37.64447,23.851837,0.4937067,-1,-1,-1
346,8812,494.7911,365.17343,22.760406,13.064453,0.38546973,-1,-1,-1
346,8659,599.30896,368.00485,24.23175,17.724548,0.3476065,-1,-1,-1
346,8744,512.63855,429.60266,48.35742,26.868713,0.5484562,-1,-1,-1
346,8594,710.37665,277.15656,18.823242,12.5035095,0.46527502,-1,-1,-1
347,8723,470.70068,465.57062,38.555542,27.942566,0.7756616,-1,-1,-1
347,8539,571.7116,340.906,21.809387,14.380951,0.74017125,-1,-1,-1
347,8785,420.18985,499.64038,36.009766,28.098206,0.8233345,-1,-1,-1
347,8791,431.07425,471.74258,34.989136,25.803864,0.82041746,-1,-1,-1
347,8740,686.38214,289.7718,24.89795,12.955231,0.5344245,-1,-1,-1
347,8759,622.51495,326.29544,33.629883,18.613678,0.50898075,-1,-1,-1
347,8817,526.47327,432.3757,35.90387,23.78012,0.5993734,-1,-1,-1
347,8659,600.3824,367.4876,24.60913,17.856567,0.36105317,-1,-1,-1
347,8594,710.1431,277.63065,19.067749,12.285339,0.26506615,-1,-1,-1
347,8821,335.45554,509.4207,58.949707,27.290985,0.43109924,-1,-1,-1
348,8723,471.5048,465.01767,38.41147,28.053223,0.79978305,-1,-1,-1
348,8539,571.6255,341.09085,21.856934,14.290649,0.76918304,-1,-1,-1
348,8785,420.83185,498.99677,36.2558,28.411133,0.8094771,-1,-1,-1
348,8791,432.62344,470.93417,35.220856,25.902924,0.8334335,-1,-1,-1
348,8740,685.61475,290.37088,23.51178,12.2664795,0.42744273,-1,-1,-1
348,8759,622.57733,326.8183,33.96997,17.80899,0.47879145,-1,-1,-1
348,8817,529.2043,432.6556,33.964233,22.8378,0.6784268,-1,-1,-1
348,8659,601.0954,367.22266,25.412292,17.61438,0.5402981,-1,-1,-1
348,8594,709.7468,277.74692,19.166931,12.44223,0.5350377,-1,-1,-1
348,8821,339.7842,509.85876,57.39508,27.184692,0.30267382,-1,-1,-1
348,8825,667.2323,299.70667,19.313538,13.489258,0.3719153,-1,-1,-1
348,8523,594.12,342.48672,20.028564,12.686676,0.2631545,-1,-1,-1
349,8723,472.5364,464.79376,38.334076,27.814606,0.8164355,-1,-1,-1
349,8539,571.5347,341.50742,21.999084,14.101349,0.7570486,-1,-1,-1
349,8785,421.3995,498.65497,36.674866,28.468384,0.783723,-1,-1,-1
349,8791,434.01633,470.04016,35.496155,26.142792,0.84374624,-1,-1,-1
349,8740,685.4042,290.8019,24.197205,12.41153,0.5380243,-1,-1,-1
349,8759,623.2626,327.55945,33.382507,16.525848,0.3860244,-1,-1,-1
349,8817,529.9561,432.8776,34.780884,22.322235,0.72337854,-1,-1,-1
349,8659,601.8787,367.08096,25.691284,17.197815,0.51978457,-1,-1,-1
349,8594,709.6811,277.47397,20.647095,12.883362,0.5593425,-1,-1,-1
349,8821,342.5713,507.13873,56.64862,28.483887,0.30113518,-1,-1,-1
349,8825,667.0902,299.79742,19.054749,13.70517,0.4051716,-1,-1,-1
349,8826,511.86002,424.809,30.378815,20.544891,0.5545155,-1,-1,-1
349,8827,787.42096,247.74654,24.15924,12.699081,0.47869167,-1,-1,-1
350,8723,473.35458,464.38336,38.14337,27.654907,0.79955304,-1,-1,-1
350,8539,571.59894,341.66922,21.939758,14.0503235,0.7715333,-1,-1,-1
350,8785,422.38458,498.02795,36.89276,28.51532,0.7998121,-1,-1,-1
350,8791,435.4855,469.13367,35.434265,26.13733,0.80525917,-1,-1,-1
350,8740,685.13556,291.09207,23.553406,12.0121155,0.28725177,-1,-1,-1
350,8759,622.71124,327.2998,33.79895,17.409302,0.48788643,-1,-1,-1
350,8817,530.9671,432.24408,34.137512,22.488861,0.63893497,-1,-1,-1
350,8659,602.7348,366.9112,25.20697,16.747986,0.4724737,-1,-1,-1
350,8594,709.3189,277.02518,21.198303,13.499207,0.36202586,-1,-1,-1
350,8821,345.6395,505.02872,55.68741,30.812653,0.58773535,-1,-1,-1
350,8825,667.0372,299.83585,18.614075,13.281982,0.36119443,-1,-1,-1
350,8826,512.56506,424.2679,32.293762,20.989807,0.6115066,-1,-1,-1
350,8827,787.7603,248.34608,24.00061,13.081131,0.43089405,-1,-1,-1
350,8828,711.155,273.72772,22.219543,14.781891,0.35742778,-1,-1,-1
350,8812,492.08148,365.06744,20.851318,12.250061,0.29212177,-1,-1,-1
351,8723,474.20657,464.18466,38.286774,27.555664,0.82730865,-1,-1,-1
351,8539,571.77246,341.78497,21.794983,14.098145,0.69648135,-1,-1,-1
351,8785,423.23865,497.68454,36.75647,28.231232,0.81918895,-1,-1,-1
351,8791,436.89993,468.28586,35.37549,26.302094,0.8345747,-1,-1,-1
351,8759,622.3862,327.57938,32.893738,17.59317,0.3983541,-1,-1,-1
351,8817,530.689,431.6214,35.635742,23.236877,0.65063184,-1,-1,-1
351,8659,603.9906,366.4888,24.549622,16.797668,0.4009019,-1,-1,-1
351,8594,708.5623,277.7384,19.408264,13.2388,0.39335564,-1,-1,-1
351,8821,348.13098,502.98325,50.034332,28.427155,0.6391822,-1,-1,-1
351,8826,514.2648,423.5512,32.460754,21.194794,0.45223683,-1,-1,-1
351,8827,787.1963,248.50809,24.476929,12.647278,0.6064935,-1,-1,-1
351,8828,710.34326,274.0878,22.645203,14.639526,0.31078652,-1,-1,-1
351,8544,635.9951,315.65817,26.995178,14.954224,0.42341354,-1,-1,-1
352,8723,475.24518,463.61703,38.099,27.609222,0.79410195,-1,-1,-1
352,8539,571.866,341.99664,21.700317,14.008392,0.6845981,-1,-1,-1
352,8785,424.15134,497.01147,36.920868,28.426025,0.8310259,-1,-1,-1
352,8791,438.8603,467.39246,34.432037,26.396484,0.83412474,-1,-1,-1
352,8759,622.4745,327.74854,33.808716,17.78122,0.5383514,-1,-1,-1
352,8817,530.8089,431.5978,36.288147,23.203094,0.70673037,-1,-1,-1
352,8659,604.8198,365.91306,23.938477,16.889465,0.58888406,-1,-1,-1
352,8821,351.2383,501.10187,44.210022,26.874084,0.6906259,-1,-1,-1
352,8826,516.0661,422.84177,31.460938,20.661804,0.4976778,-1,-1,-1
352,8827,788.1049,249.05914,22.607727,12.224731,0.5307016,-1,-1,-1
352,8828,711.7033,274.01355,21.913208,13.966095,0.37096992,-1,-1,-1
352,8544,636.00806,315.61227,26.970764,14.741791,0.5592083,-1,-1,-1
352,8740,684.0897,291.45685,24.707031,12.547424,0.2844822,-1,-1,-1
353,8723,476.0786,463.29333,37.510864,27.324493,0.80424607,-1,-1,-1
353,8539,572.0722,342.49774,21.714355,13.667786,0.7254975,-1,-1,-1
353,8785,425.25412,496.6837,36.727966,28.326996,0.83106524,-1,-1,-1
353,8791,440.42584,466.7422,34.450165,26.263763,0.81954104,-1,-1,-1
353,8759,622.67847,328.0481,34.04248,17.60611,0.50138354,-1,-1,-1
353,8817,531.4765,431.446,35.74121,22.785095,0.6924426,-1,-1,-1
353,8659,605.923,365.6701,23.706116,16.594788,0.6134392,-1,-1,-1
353,8821,354.87723,498.68445,41.246002,26.417847,0.7647381,-1,-1,-1
353,8826,517.378,422.1342,31.04425,20.533081,0.6095911,-1,-1,-1
353,8827,786.9211,249.60307,24.272339,12.047287,0.42778033,-1,-1,-1
353,8544,635.91583,315.73038,26.70398,14.69873,0.5138788,-1,-1,-1
353,8740,684.1934,291.7435,24.896362,12.656647,0.28827277,-1,-1,-1
353,8825,665.0678,300.86707,19.735107,12.717529,0.27640927,-1,-1,-1
353,8812,488.57263,364.347,21.850098,12.304382,0.3440893,-1,-1,-1
354,8723,476.923,463.08966,37.69821,27.101776,0.81212825,-1,-1,-1
354,8539,572.04974,342.74026,21.805542,13.699188,0.77205604,-1,-1,-1
354,8785,426.4215,496.2962,36.635956,28.343689,0.83011305,-1,-1,-1
354,8791,441.93256,466.10843,34.671265,25.788574,0.81819034,-1,-1,-1
354,8759,622.8731,328.28986,33.79248,17.545258,0.49177295,-1,-1,-1
354,8817,533.2425,429.99405,34.41046,23.050812,0.68243366,-1,-1,-1
354,8659,607.1088,365.43365,22.730103,16.302338,0.6315819,-1,-1,-1
354,8821,358.45334,497.10815,40.099396,25.833069,0.73889655,-1,-1,-1
354,8826,517.979,421.44675,32.743286,21.437805,0.5878098,-1,-1,-1
354,8544,636.0062,315.7134,25.414062,15.105438,0.70944864,-1,-1,-1
354,8740,683.9847,292.46158,23.25647,12.194763,0.38559943,-1,-1,-1
354,8812,487.18402,364.1543,22.38794,12.077972,0.2759305,-1,-1,-1
355,8723,477.8381,462.54456,37.740204,26.815125,0.8166776,-1,-1,-1
355,8539,572.1782,342.81775,21.860596,13.696564,0.7112412,-1,-1,-1
355,8785,427.48755,495.59265,36.54001,28.568665,0.8330137,-1,-1,-1
355,8791,443.51895,465.3148,34.58078,25.547668,0.8354389,-1,-1,-1
355,8759,622.7641,328.00745,33.89984,18.005554,0.53318053,-1,-1,-1
355,8817,534.2936,429.92053,32.39508,22.54663,0.6778469,-1,-1,-1
355,8659,607.9511,364.91367,23.57904,16.56253,0.52443296,-1,-1,-1
355,8821,362.0736,496.04688,39.02527,24.413147,0.7621365,-1,-1,-1
355,8826,519.6574,420.82468,33.191956,21.379608,0.5656399,-1,-1,-1
355,8544,635.83905,315.7645,24.779175,15.299835,0.6354204,-1,-1,-1
355,8740,683.36224,292.6614,22.641907,12.263153,0.32076144,-1,-1,-1
355,8744,527.84424,426.7564,37.35388,24.702728,0.4427972,-1,-1,-1
356,8723,479.13388,462.2413,37.236176,26.598358,0.80327916,-1,-1,-1
356,8539,572.1732,343.00864,22.091064,13.758057,0.6746135,-1,-1,-1
356,8785,428.5112,495.02954,36.57965,28.673706,0.83391607,-1,-1,-1
356,8791,445.2179,464.80118,34.021698,25.133942,0.8284167,-1,-1,-1
356,8759,622.88806,328.05972,33.590332,17.949432,0.49543405,-1,-1,-1
356,8817,535.38477,429.66086,31.180603,22.127014,0.70219994,-1,-1,-1
356,8659,608.91614,364.52707,23.598816,16.48352,0.57538766,-1,-1,-1
356,8821,364.7221,494.60245,38.976562,23.495087,0.7524566,-1,-1,-1
356,8826,520.85406,420.16852,32.90912,20.357635,0.6661196,-1,-1,-1
356,8544,635.80963,315.91406,25.054504,15.343628,0.6334999,-1,-1,-1
356,8740,682.783,292.8882,23.433716,12.384796,0.29213735,-1,-1,-1
356,8792,727.2839,284.07153,17.741577,12.479797,0.31641755,-1,-1,-1
356,8594,705.8981,279.90305,17.673523,12.84671,0.26864678,-1,-1,-1
356,8812,485.88022,363.62338,23.02655,12.334442,0.39223906,-1,-1,-1
357,8723,480.54965,461.75366,36.75595,26.573975,0.81800944,-1,-1,-1
357,8539,572.2321,343.16086,21.95105,13.688446,0.67723894,-1,-1,-1
357,8785,429.53668,494.63165,36.568634,28.465393,0.82813674,-1,-1,-1
357,8791,446.8325,464.09006,34.11374,24.98407,0.8086552,-1,-1,-1
357,8759,623.0012,328.2061,33.405884,17.962494,0.65357614,-1,-1,-1
357,8817,536.38574,429.52054,31.426025,21.935394,0.7082252,-1,-1,-1
357,8659,609.6346,364.3329,24.20227,16.053162,0.67850757,-1,-1,-1
357,8821,367.6721,493.4161,38.50821,23.284271,0.81604874,-1,-1,-1
357,8826,522.1122,419.7858,32.41736,19.914001,0.70867926,-1,-1,-1
357,8544,635.8978,315.98944,24.727905,15.351074,0.67409724,-1,-1,-1
357,8740,682.48126,293.08484,23.230469,12.311035,0.34062752,-1,-1,-1
357,8835,372.56876,510.6404,39.712433,26.904144,0.623663,-1,-1,-1
357,8792,726.52155,284.54007,17.255371,12.355591,0.34325415,-1,-1,-1
357,8594,705.60504,280.26743,18.294067,12.638367,0.34183177,-1,-1,-1
357,8812,485.31897,363.71695,22.788574,12.262268,0.5465377,-1,-1,-1
357,8825,664.21954,302.37634,20.590088,12.045563,0.31930885,-1,-1,-1
358,8723,481.58618,461.27316,36.59375,26.661652,0.8067103,-1,-1,-1
358,8539,572.26624,343.46097,21.74121,13.548828,0.60648346,-1,-1,-1
358,8785,430.117,494.46753,36.85135,28.238342,0.8356106,-1,-1,-1
358,8791,448.76398,463.32657,34.216034,24.829712,0.7992216,-1,-1,-1
358,8759,622.90796,328.4871,33.49164,17.970306,0.6782591,-1,-1,-1
358,8817,537.20593,428.98843,31.295044,22.344849,0.63132703,-1,-1,-1
358,8659,610.4597,364.1649,24.631836,15.654022,0.5743689,-1,-1,-1
358,8821,370.3103,492.2357,37.366272,23.032257,0.8011125,-1,-1,-1
358,8826,523.02515,419.32855,32.621643,19.659271,0.6809748,-1,-1,-1
358,8544,635.5963,316.02203,24.678406,15.564606,0.74289453,-1,-1,-1
358,8740,682.5384,293.47665,22.519348,12.125153,0.43168104,-1,-1,-1
358,8835,374.45825,509.86667,38.638916,27.353973,0.6700026,-1,-1,-1
358,8792,725.67444,285.28555,16.87384,11.996674,0.3493023,-1,-1,-1
358,8594,704.8916,280.61636,18.23645,12.384613,0.3352701,-1,-1,-1
358,8812,484.78455,363.39938,22.884491,12.647583,0.633751,-1,-1,-1
358,8825,664.1992,302.62982,20.71112,12.064056,0.4238455,-1,-1,-1
358,8795,594.39154,325.5945,21.2417,16.380768,0.29168645,-1,-1,-1
358,8827,784.0371,252.2837,22.178772,11.468552,0.29554394,-1,-1,-1
359,8723,482.32935,460.7877,36.509583,26.583649,0.81565994,-1,-1,-1
359,8539,572.2175,343.54953,21.802002,13.548676,0.5864784,-1,-1,-1
359,8785,430.54816,494.32944,37.219604,27.90451,0.83083016,-1,-1,-1
359,8791,450.35217,462.43747,33.86566,24.66217,0.7740509,-1,-1,-1
359,8759,623.09894,328.83994,33.232605,18.119507,0.6434995,-1,-1,-1
359,8817,537.8328,428.624,30.664368,21.970428,0.5880667,-1,-1,-1
359,8659,611.44037,363.75745,24.390259,15.209991,0.4580876,-1,-1,-1
359,8821,373.65927,490.50333,37.155975,22.926178,0.78793025,-1,-1,-1
359,8826,524.61426,418.86435,32.851746,19.41034,0.7120488,-1,-1,-1
359,8544,635.1333,316.43536,24.776306,15.471558,0.7072069,-1,-1,-1
359,8740,682.76025,293.83398,21.552063,11.855835,0.47955126,-1,-1,-1
359,8835,376.45953,508.99283,38.075714,27.566254,0.6746109,-1,-1,-1
359,8812,483.91934,363.15076,23.058258,12.721252,0.6274107,-1,-1,-1
359,8825,664.1678,303.32,20.2984,11.90567,0.41395307,-1,-1,-1
360,8723,483.05154,460.33582,36.69345,26.421265,0.80777043,-1,-1,-1
360,8539,572.1522,343.65155,22.062134,13.570862,0.72014034,-1,-1,-1
360,8785,431.34106,493.8703,37.630646,28.04956,0.8363904,-1,-1,-1
360,8791,452.203,461.81027,32.76053,24.546326,0.79688215,-1,-1,-1
360,8759,623.14087,329.2552,32.802124,17.585388,0.6796693,-1,-1,-1
360,8817,539.0826,428.3243,29.614075,21.808533,0.5778555,-1,-1,-1
360,8659,612.54877,363.44144,23.90271,15.019836,0.3510253,-1,-1,-1
360,8821,376.63452,488.7219,37.097137,22.81662,0.7485369,-1,-1,-1
360,8826,526.09686,418.6232,32.13745,19.21344,0.7646418,-1,-1,-1
360,8544,635.31104,316.79834,24.630981,15.348938,0.6784264,-1,-1,-1
360,8740,682.7463,294.00723,21.542908,11.729797,0.42038274,-1,-1,-1
360,8835,378.5337,507.88965,36.83609,27.62146,0.76249576,-1,-1,-1
360,8812,482.72595,362.99112,23.472382,12.798737,0.55195445,-1,-1,-1
360,8825,664.0008,303.75858,20.383057,11.934021,0.405523,-1,-1,-1
360,8838,742.37274,270.1216,22.58374,15.293793,0.34133416,-1,-1,-1
360,8594,704.18665,281.05496,17.51056,12.658112,0.333454,-1,-1,-1
361,8723,483.972,459.72684,36.642395,26.618591,0.7841061,-1,-1,-1
361,8539,571.98444,343.66678,22.32965,13.912506,0.6658552,-1,-1,-1
361,8785,432.14355,493.60718,37.703125,27.851196,0.8141781,-1,-1,-1
361,8791,453.632,461.1163,32.187805,24.536835,0.7656317,-1,-1,-1
361,8759,622.70026,328.715,32.881836,18.327942,0.7273416,-1,-1,-1
361,8817,539.9634,428.0108,29.945435,22.191376,0.46407396,-1,-1,-1
361,8659,613.35236,362.76572,23.329224,14.905609,0.436318,-1,-1,-1
361,8821,379.72495,487.07846,37.215454,23.285278,0.7319605,-1,-1,-1
361,8826,527.2963,418.00772,31.702637,19.243256,0.7585912,-1,-1,-1
361,8544,635.1451,316.9373,25.664001,14.928192,0.45734763,-1,-1,-1
361,8740,681.78204,294.45398,21.991638,11.7578125,0.26809475,-1,-1,-1
361,8835,380.10086,507.2278,36.433594,27.516022,0.63841206,-1,-1,-1
361,8812,481.82144,362.84912,22.271057,12.770111,0.29437977,-1,-1,-1
361,8825,663.41797,303.72543,20.74353,12.332947,0.316061,-1,-1,-1
362,8723,485.25613,459.21414,36.26468,26.63681,0.7970896,-1,-1,-1
362,8539,572.10895,343.70703,22.45282,13.908905,0.42425287,-1,-1,-1
362,8785,432.81567,493.17783,37.93564,27.748444,0.7960489,-1,-1,-1
362,8791,455.2698,460.29688,32.352386,24.521606,0.80087197,-1,-1,-1
362,8759,622.6089,328.56,32.858337,18.634338,0.7147288,-1,-1,-1
362,8817,541.1207,427.71854,28.200928,21.36322,0.33427727,-1,-1,-1
362,8659,614.0853,362.29468,23.338257,15.076813,0.29199165,-1,-1,-1
362,8821,382.62662,485.0346,36.48108,23.657806,0.79202086,-1,-1,-1
362,8826,528.69495,417.0292,31.147644,19.623688,0.78045297,-1,-1,-1
362,8544,635.2764,317.3252,25.869995,14.453064,0.33072415,-1,-1,-1
362,8835,382.06082,506.55902,36.84549,27.379639,0.6717253,-1,-1,-1
362,8812,480.91437,362.59634,21.916138,12.649139,0.279904,-1,-1,-1
362,8594,703.15735,281.48688,17.166077,13.269562,0.25623903,-1,-1,-1
363,8723,486.25302,458.60046,36.01364,26.898346,0.80529535,-1,-1,-1
363,8539,572.162,343.93048,22.457092,13.820251,0.27492663,-1,-1,-1
363,8785,433.7143,492.5202,38.289917,27.759827,0.7923595,-1,-1,-1
363,8791,456.59787,459.41727,32.31659,24.707367,0.7674711,-1,-1,-1
363,8759,622.5223,328.5886,32.86548,18.779999,0.7373085,-1,-1,-1
363,8659,615.3395,362.159,23.13678,14.940521,0.35382122,-1,-1,-1
363,8821,385.4949,483.6579,35.729065,23.65033,0.74483293,-1,-1,-1
363,8826,529.7335,416.6226,31.507446,19.53305,0.75153667,-1,-1,-1
363,8544,635.27216,317.75647,25.727417,14.075928,0.27185988,-1,-1,-1
363,8835,383.4512,505.64966,36.89972,27.423279,0.6555994,-1,-1,-1
363,8812,480.19827,362.59122,21.936432,12.537689,0.26541424,-1,-1,-1
363,8594,702.78564,282.04944,18.15924,13.599609,0.3281948,-1,-1,-1
364,8723,487.14993,458.15598,35.746307,27.052032,0.79744935,-1,-1,-1
364,8539,572.34,344.03867,22.441101,13.8003845,0.25277275,-1,-1,-1
364,8785,434.82748,492.1846,38.24231,27.312286,0.765273,-1,-1,-1
364,8791,458.1931,458.76874,31.45755,24.36612,0.65540475,-1,-1,-1
364,8759,622.36383,328.6523,33.076416,18.8284,0.73689663,-1,-1,-1
364,8659,616.6209,361.6543,23.576538,15.343414,0.41510236,-1,-1,-1
364,8821,387.82452,482.7914,36.10013,23.020752,0.78650993,-1,-1,-1
364,8826,530.7643,416.20032,32.39081,19.507935,0.766364,-1,-1,-1
364,8835,385.09003,505.0138,36.564697,27.234314,0.64646894,-1,-1,-1
364,8812,479.43695,362.61285,22.163849,12.528839,0.45782998,-1,-1,-1
364,8817,542.82587,426.86737,28.486694,21.197144,0.49744534,-1,-1,-1
365,8723,487.47842,457.79312,36.172882,27.266876,0.8167779,-1,-1,-1
365,8539,572.4382,344.09274,22.265503,13.913757,0.44088724,-1,-1,-1
365,8785,435.23697,491.69153,38.432556,27.349365,0.8114889,-1,-1,-1
365,8791,459.43088,458.01505,31.204102,24.062805,0.70816606,-1,-1,-1
365,8759,622.2593,328.78677,32.98059,18.60849,0.7270947,-1,-1,-1
365,8659,617.486,361.15283,23.58905,15.4201355,0.3373665,-1,-1,-1
365,8821,389.97394,481.89252,37.063416,22.633728,0.7757037,-1,-1,-1
365,8826,532.3046,415.47586,31.125305,18.992981,0.78706366,-1,-1,-1
365,8835,386.56,504.4681,36.706726,27.035248,0.75053245,-1,-1,-1
365,8812,478.29187,362.6858,22.660278,12.438721,0.6163596,-1,-1,-1
365,8817,543.1016,426.74142,28.466248,20.595886,0.6367842,-1,-1,-1
365,8544,635.2174,318.16614,27.102783,13.874695,0.3187857,-1,-1,-1
366,8723,487.7006,457.5119,36.764496,27.27652,0.8401191,-1,-1,-1
366,8539,572.35443,344.17212,22.179626,13.95755,0.44542187,-1,-1,-1
366,8785,436.14267,491.2323,38.959137,27.31189,0.83316386,-1,-1,-1
366,8791,461.05652,457.14664,30.8508,24.13916,0.7496729,-1,-1,-1
366,8759,622.2433,329.38092,32.926453,17.773865,0.6910017,-1,-1,-1
366,8821,393.56018,480.46185,36.68274,23.052032,0.7926867,-1,-1,-1
366,8826,533.2099,415.2453,29.999512,18.129822,0.77467346,-1,-1,-1
366,8835,388.19452,503.90646,36.747986,26.446075,0.73427546,-1,-1,-1
366,8812,477.25995,362.65952,22.991272,12.459686,0.44679993,-1,-1,-1
366,8817,543.5742,426.27554,28.110413,20.596222,0.65174717,-1,-1,-1
366,8544,635.3354,318.15518,27.021729,14.067383,0.37137973,-1,-1,-1
366,8594,701.3688,282.66296,19.888062,14.0578,0.45228925,-1,-1,-1
367,8723,488.29413,457.0888,37.09619,27.227112,0.8117582,-1,-1,-1
367,8539,572.3581,344.1831,22.463928,14.222992,0.29915237,-1,-1,-1
367,8785,437.42593,490.7964,38.645874,27.487732,0.842041,-1,-1,-1
367,8791,462.51447,456.44925,31.24643,24.193268,0.75018185,-1,-1,-1
367,8759,622.0648,329.2342,32.65863,18.172607,0.68719,-1,-1,-1
367,8821,395.73105,478.9589,36.052948,23.92279,0.8136176,-1,-1,-1
367,8826,534.29114,414.88144,29.119873,17.638062,0.7575848,-1,-1,-1
367,8835,389.7526,503.3763,36.53723,26.356293,0.7777681,-1,-1,-1
367,8817,545.0725,426.00903,28.166626,20.86377,0.5361028,-1,-1,-1
367,8544,635.75854,318.1176,26.227295,13.993774,0.30733204,-1,-1,-1
367,8594,701.4593,283.1995,20.866455,13.910126,0.3367565,-1,-1,-1
368,8723,489.40686,457.02567,37.078247,26.795837,0.817386,-1,-1,-1
368,8539,572.4906,344.46777,22.43341,14.198212,0.4335718,-1,-1,-1
368,8785,438.32642,490.6136,38.53479,27.056274,0.8284373,-1,-1,-1
368,8791,464.04736,455.91278,31.374786,23.890106,0.7813829,-1,-1,-1
368,8759,622.1537,329.9827,31.960205,17.777588,0.6157361,-1,-1,-1
368,8821,397.5433,477.90216,37.641968,24.274475,0.7925991,-1,-1,-1
368,8826,535.2867,414.32526,28.371643,17.670013,0.76985437,-1,-1,-1
368,8835,391.32388,502.84268,36.122345,26.069122,0.8068978,-1,-1,-1
368,8817,546.29486,425.60187,27.142334,20.900604,0.51237214,-1,-1,-1
368,8544,635.0198,318.5967,26.491516,13.959839,0.34510422,-1,-1,-1
368,8594,701.3376,284.21814,19.975769,13.265533,0.40637183,-1,-1,-1
368,8740,678.06354,296.62003,19.570312,13.065033,0.28501898,-1,-1,-1
368,8825,661.30505,304.91312,19.765015,12.878754,0.36897796,-1,-1,-1
368,8812,475.18167,362.4964,23.470123,12.757233,0.3028604,-1,-1,-1
369,8723,490.5324,457.04092,36.984863,26.244843,0.7926642,-1,-1,-1
369,8539,572.6012,344.9503,22.228088,13.989227,0.5751267,-1,-1,-1
369,8785,439.53485,490.45502,37.995728,27.000305,0.8247268,-1,-1,-1
369,8791,465.52567,455.43457,31.264893,23.574005,0.72272235,-1,-1,-1
369,8759,622.2727,330.7217,32.271606,17.404022,0.6674405,-1,-1,-1
369,8821,400.44458,476.85144,36.858337,23.741577,0.8210142,-1,-1,-1
369,8826,536.185,413.83646,28.704956,17.413849,0.69908834,-1,-1,-1
369,8835,392.79794,502.0689,36.15857,25.982056,0.7883983,-1,-1,-1
369,8817,547.3343,424.98438,26.98407,21.146027,0.476686,-1,-1,-1
369,8544,635.6276,318.66916,26.642395,14.0277405,0.57376844,-1,-1,-1
369,8594,700.91986,284.42633,20.494568,13.504211,0.46028382,-1,-1,-1
369,8740,677.4423,297.1508,19.990417,13.504242,0.40493277,-1,-1,-1
369,8825,660.8097,304.83444,21.011719,13.098541,0.45636383,-1,-1,-1
369,8812,474.16922,362.44394,23.584381,12.652008,0.5849453,-1,-1,-1
370,8723,491.87576,456.59882,36.26712,26.136719,0.7739772,-1,-1,-1
370,8539,572.4537,345.17065,22.397034,14.021149,0.5624727,-1,-1,-1
370,8785,441.17923,489.95374,36.5036,26.913696,0.8356171,-1,-1,-1
370,8791,466.7995,454.99924,30.96463,23.489166,0.7177275,-1,-1,-1
370,8759,622.4027,331.08365,32.194214,17.451477,0.62931955,-1,-1,-1
370,8821,402.96283,475.37817,36.143066,23.455597,0.8117684,-1,-1,-1
370,8826,537.1364,413.2482,28.71399,17.384918,0.6534969,-1,-1,-1
370,8835,394.57758,501.52875,36.091797,25.685913,0.7559662,-1,-1,-1
370,8817,548.25073,424.79816,26.542847,20.974152,0.49473757,-1,-1,-1
370,8544,636.4167,318.6246,26.308167,13.657074,0.5681655,-1,-1,-1
370,8594,700.82935,285.26352,19.650269,13.037415,0.39182967,-1,-1,-1
370,8740,677.4303,297.678,19.765686,13.035919,0.49872997,-1,-1,-1
370,8825,660.4224,305.30804,21.034363,13.039825,0.47452053,-1,-1,-1
370,8812,473.30823,362.4016,23.898193,12.690155,0.4901458,-1,-1,-1
370,8827,779.93744,257.81494,19.770874,10.962463,0.40928146,-1,-1,-1
371,8723,493.17468,455.92886,36.2594,25.947357,0.7605612,-1,-1,-1
371,8539,572.5265,345.22058,22.560425,14.052246,0.38767165,-1,-1,-1
371,8785,442.29697,489.21732,36.40158,27.10794,0.8243526,-1,-1,-1
371,8791,468.40225,454.05252,30.79953,23.519592,0.68329775,-1,-1,-1
371,8759,622.3798,331.2426,32.394836,17.609772,0.6441167,-1,-1,-1
371,8821,406.16443,474.04053,35.906677,23.34555,0.79740894,-1,-1,-1
371,8826,538.89404,412.99286,29.494934,17.37149,0.5253228,-1,-1,-1
371,8835,396.05484,500.4924,36.23831,25.433136,0.77085435,-1,-1,-1
371,8817,548.95435,424.58835,27.769226,20.066772,0.56777674,-1,-1,-1
371,8544,638.3647,318.82025,25.091492,13.496704,0.4696642,-1,-1,-1
371,8740,677.291,297.7536,19.535156,12.620514,0.30089632,-1,-1,-1
371,8825,660.1779,306.68805,20.979553,12.220032,0.35755822,-1,-1,-1
371,8812,472.57123,362.29315,23.964478,12.779297,0.3385249,-1,-1,-1
372,8723,494.1701,454.92957,35.822083,26.04245,0.7829093,-1,-1,-1
372,8539,572.7091,345.02844,22.596375,14.122223,0.40534735,-1,-1,-1
372,8785,443.1004,488.73624,37.00537,26.635223,0.8353296,-1,-1,-1
372,8791,469.45193,452.6739,31.13321,23.736694,0.6772633,-1,-1,-1
372,8759,622.2795,331.16125,32.353943,17.602875,0.57915986,-1,-1,-1
372,8821,408.57288,472.6482,35.396057,22.729095,0.79128987,-1,-1,-1
372,8826,539.89923,411.87982,27.956482,17.174072,0.54342884,-1,-1,-1
372,8835,398.01556,498.74548,35.70392,25.912292,0.7408885,-1,-1,-1
372,8817,549.57294,424.15088,28.385986,19.793732,0.3919273,-1,-1,-1
372,8544,637.15985,318.56024,25.838501,13.540222,0.46703598,-1,-1,-1
372,8740,677.00146,297.68985,19.480225,12.617004,0.39739043,-1,-1,-1
372,8825,659.8905,306.8459,21.687073,12.111145,0.36870486,-1,-1,-1
372,8812,471.9779,362.008,23.694641,12.620636,0.29309675,-1,-1,-1
373,8723,495.00162,453.8413,36.333527,25.980621,0.78012025,-1,-1,-1
373,8539,572.7532,344.3337,22.699951,14.088135,0.2590092,-1,-1,-1
373,8785,443.88425,487.1768,36.881714,26.340424,0.8383197,-1,-1,-1
373,8791,471.08185,450.9048,31.485565,23.863556,0.59796786,-1,-1,-1
373,8759,621.59314,330.82095,33.113403,17.516571,0.6253086,-1,-1,-1
373,8821,411.11624,470.6274,35.342834,22.642883,0.75136894,-1,-1,-1
373,8826,540.6812,409.80823,27.342041,18.250824,0.744996,-1,-1,-1
373,8835,399.56693,496.91025,35.317047,26.112213,0.68116224,-1,-1,-1
373,8544,636.3413,318.35715,26.176025,13.330078,0.47051042,-1,-1,-1
373,8740,676.3094,297.58093,19.418762,12.844666,0.3580432,-1,-1,-1
373,8825,659.2298,305.22818,22.334045,12.894989,0.40351397,-1,-1,-1
373,8812,471.1782,361.9007,22.896973,12.073334,0.55081004,-1,-1,-1
374,8723,495.78156,452.66345,36.312622,25.903503,0.7491349,-1,-1,-1
374,8539,572.5506,343.7262,22.056091,14.076752,0.342488,-1,-1,-1
374,8785,444.7424,485.82733,37.003418,26.16272,0.8287282,-1,-1,-1
374,8791,472.4758,449.4655,31.570587,23.074066,0.44565734,-1,-1,-1
374,8759,621.1999,329.85822,33.182495,17.638031,0.7144798,-1,-1,-1
374,8821,413.43335,468.56567,35.519867,22.601715,0.760818,-1,-1,-1
374,8826,541.67755,408.15942,27.251892,18.58316,0.45101246,-1,-1,-1
374,8835,401.63788,495.48944,34.472595,26.132568,0.7373121,-1,-1,-1
374,8544,635.9664,317.6112,26.110779,13.508728,0.4762398,-1,-1,-1
374,8740,676.0917,296.922,20.110718,12.686188,0.5082096,-1,-1,-1
374,8825,658.4304,304.68228,20.767761,12.827545,0.36978456,-1,-1,-1
374,8817,551.5146,422.32874,26.05194,19.412628,0.2518702,-1,-1,-1
375,8723,496.72202,451.3865,35.799774,25.570984,0.7951276,-1,-1,-1
375,8539,572.5622,342.9911,21.921875,14.077698,0.3638059,-1,-1,-1
375,8785,445.44687,484.5982,37.01062,26.088593,0.84719235,-1,-1,-1
375,8791,474.24094,448.04877,30.29071,22.548645,0.64131004,-1,-1,-1
375,8759,621.2372,329.60666,32.51013,17.609772,0.7054128,-1,-1,-1
375,8821,415.62988,466.30774,34.56717,22.570618,0.78896546,-1,-1,-1
375,8826,542.9556,406.85516,27.927002,18.112793,0.6798036,-1,-1,-1
375,8835,402.85007,493.75192,34.93643,25.809845,0.7845507,-1,-1,-1
375,8544,635.70465,317.33124,24.888123,14.090759,0.5750046,-1,-1,-1
376,8723,497.69485,450.175,36.20157,25.479218,0.71761024,-1,-1,-1
376,8785,446.46057,483.40848,37.330933,25.979584,0.8470565,-1,-1,-1
376,8791,475.53445,446.65228,29.940979,22.182648,0.5601507,-1,-1,-1
376,8759,621.0793,329.2072,32.147583,17.145386,0.6298553,-1,-1,-1
376,8821,417.12943,464.48953,35.734467,22.660004,0.77750766,-1,-1,-1
376,8826,543.8111,405.5317,28.145203,18.02713,0.7055822,-1,-1,-1
376,8835,404.02454,491.66663,35.51001,25.950256,0.8346635,-1,-1,-1
376,8544,635.5694,316.85544,24.654785,14.1922,0.6943705,-1,-1,-1
376,8594,697.49603,282.57263,21.757324,14.20993,0.25213617,-1,-1,-1
376,8740,675.34216,295.95642,20.136963,11.6015625,0.29586697,-1,-1,-1
377,8723,498.1361,449.06107,36.37079,25.452118,0.7423845,-1,-1,-1
377,8785,447.88718,482.02682,37.28418,26.075806,0.8263724,-1,-1,-1
377,8759,620.61957,328.62216,31.98938,16.98645,0.6681592,-1,-1,-1
377,8821,420.0883,462.44586,35.853302,22.461761,0.72661626,-1,-1,-1
377,8826,545.2909,404.121,28.01361,18.544617,0.7085691,-1,-1,-1
377,8835,404.79138,490.06155,36.307922,26.176727,0.83955085,-1,-1,-1
377,8544,635.3973,316.15848,23.819763,14.47168,0.63297254,-1,-1,-1
377,8847,401.2565,517.08057,38.201782,20.990417,0.37322885,-1,-1,-1
377,8594,696.77637,282.1679,22.00592,14.08429,0.32414806,-1,-1,-1
377,8539,572.4532,341.66714,20.844604,14.262238,0.49253953,-1,-1,-1
378,8723,499.4244,447.3384,35.996246,25.65335,0.71215963,-1,-1,-1
378,8785,448.6806,480.70016,37.184235,25.720886,0.8323956,-1,-1,-1
378,8759,620.3758,328.12686,31.89917,16.73294,0.5676335,-1,-1,-1
378,8821,422.3466,460.25458,34.94458,22.836548,0.57185304,-1,-1,-1
378,8826,546.6535,402.9553,27.977234,18.714264,0.5533969,-1,-1,-1
378,8835,407.09546,488.4317,35.4404,26.29718,0.76749456,-1,-1,-1
378,8544,635.10754,315.8158,22.996765,14.730408,0.41399506,-1,-1,-1
378,8847,401.86014,516.6261,38.144623,21.156006,0.38315612,-1,-1,-1
378,8539,572.0937,341.16632,21.402283,14.077789,0.5146353,-1,-1,-1
378,8740,674.5412,295.02466,21.600342,11.639374,0.268438,-1,-1,-1
379,8723,500.1998,446.22232,35.70352,25.686432,0.7815025,-1,-1,-1
379,8785,449.40555,479.29718,37.489136,26.266815,0.8400713,-1,-1,-1
379,8759,620.34326,326.9712,31.98639,17.90216,0.67692906,-1,-1,-1
379,8821,424.22165,458.34766,36.51947,22.777008,0.63528347,-1,-1,-1
379,8826,547.8513,402.49472,26.33545,17.832977,0.67079383,-1,-1,-1
379,8835,408.55563,486.7202,35.43338,26.375793,0.8129125,-1,-1,-1
379,8544,635.30115,315.47314,22.029968,14.676636,0.30650434,-1,-1,-1
379,8847,402.33847,515.55493,38.64856,21.98993,0.38132262,-1,-1,-1
379,8539,572.18524,340.5429,20.77826,14.068176,0.49835917,-1,-1,-1
379,8740,673.2439,294.6115,21.19928,11.399719,0.5797931,-1,-1,-1
379,8659,626.5445,348.0861,24.550232,15.737122,0.30268046,-1,-1,-1
379,8825,655.1393,303.33105,19.996765,12.097046,0.45941716,-1,-1,-1
379,8594,695.7691,281.70117,19.664795,13.237213,0.5106931,-1,-1,-1
380,8723,500.9262,444.88147,35.19818,25.887085,0.7862354,-1,-1,-1
380,8785,450.66257,478.28497,37.352264,26.092224,0.82980585,-1,-1,-1
380,8759,620.8983,326.93604,31.45819,17.604156,0.6081596,-1,-1,-1
380,8821,426.82706,456.59982,35.87619,22.4953,0.74041325,-1,-1,-1
380,8826,549.55035,401.2679,25.030151,17.559082,0.29663017,-1,-1,-1
380,8835,409.9563,485.2147,35.60318,26.21637,0.83903784,-1,-1,-1
380,8544,635.58136,314.91202,23.391296,15.047913,0.52077365,-1,-1,-1
380,8539,572.2849,340.08905,20.669495,13.938782,0.6305365,-1,-1,-1
380,8740,673.1007,294.32288,22.33899,11.28891,0.4164725,-1,-1,-1
380,8659,627.4341,347.4001,24.036316,15.901581,0.2910641,-1,-1,-1
380,8825,655.17804,302.97806,19.916748,11.925446,0.2941308,-1,-1,-1
380,8594,695.724,281.92755,17.56903,12.206787,0.30923453,-1,-1,-1
380,8791,480.63632,441.10245,30.983002,21.494232,0.29888293,-1,-1,-1
381,8723,502.11914,444.68958,35.115906,25.280731,0.77853525,-1,-1,-1
381,8785,452.0692,477.5346,37.04425,25.912842,0.82538867,-1,-1,-1
381,8759,620.89264,326.6835,31.304688,17.741577,0.4474544,-1,-1,-1
381,8821,428.94525,455.56186,36.043793,22.068237,0.7655648,-1,-1,-1
381,8835,411.78555,483.84485,35.53473,26.284973,0.83979565,-1,-1,-1
381,8544,635.4285,314.80325,23.542542,14.810181,0.34102225,-1,-1,-1
381,8539,572.4821,339.9822,20.66742,13.84082,0.46266854,-1,-1,-1
381,8740,672.85535,294.19437,23.277771,11.551453,0.42455107,-1,-1,-1
381,8659,628.1353,347.22726,23.819885,15.432037,0.3028111,-1,-1,-1
381,8594,695.06506,281.86823,17.738953,12.240662,0.40198922,-1,-1,-1
381,8791,481.78146,439.9726,35.08542,22.569641,0.3987969,-1,-1,-1
382,8723,503.01276,443.87573,35.512695,25.196167,0.79921234,-1,-1,-1
382,8785,453.2677,476.8229,36.583435,25.539612,0.79345906,-1,-1,-1
382,8759,620.67914,326.432,31.747925,17.826202,0.5161684,-1,-1,-1
382,8821,431.55942,453.78598,34.422638,22.070282,0.7346828,-1,-1,-1
382,8835,413.5766,482.70105,34.965027,26.438416,0.8230032,-1,-1,-1
382,8539,572.4828,339.8313,20.558777,13.851624,0.255725,-1,-1,-1
382,8740,672.7003,294.30048,23.523376,11.509613,0.3618709,-1,-1,-1
382,8594,694.7943,281.63165,18.354614,12.283691,0.38434628,-1,-1,-1
382,8791,483.10193,438.8995,32.611633,22.55194,0.4836864,-1,-1,-1
382,8847,404.67908,512.9247,38.921204,24.41919,0.42584983,-1,-1,-1
383,8723,504.23883,442.78177,35.519287,25.157593,0.76241684,-1,-1,-1
383,8785,454.4057,475.3333,36.725555,25.77826,0.7980568,-1,-1,-1
383,8759,620.54694,326.1081,31.651855,17.828278,0.37920213,-1,-1,-1
383,8821,433.4962,451.93213,35.7276,21.944305,0.68099755,-1,-1,-1
383,8835,414.8521,481.2025,35.264557,26.571747,0.829883,-1,-1,-1
383,8539,572.44867,339.14447,20.52008,14.076141,0.2872718,-1,-1,-1
383,8740,672.12103,293.91766,23.596497,11.73526,0.45247403,-1,-1,-1
383,8594,694.4303,281.33832,19.2771,12.344879,0.508474,-1,-1,-1
383,8791,484.62045,437.05417,31.620392,22.233795,0.56631744,-1,-1,-1
383,8847,405.51202,511.3584,38.916748,25.987305,0.5126181,-1,-1,-1
383,8825,653.5743,302.88474,20.913513,12.033905,0.32176816,-1,-1,-1
384,8723,505.43863,440.8168,34.952118,25.444336,0.6624886,-1,-1,-1
384,8785,455.29355,473.98486,37.26111,25.559082,0.7991581,-1,-1,-1
384,8759,620.3199,325.39246,32.378906,17.389648,0.25393644,-1,-1,-1
384,8821,435.81912,449.8748,34.71527,21.756866,0.65974563,-1,-1,-1
384,8835,416.02478,479.33655,35.5683,26.574951,0.82261366,-1,-1,-1
384,8594,694.1659,280.6457,20.318481,12.316406,0.3585339,-1,-1,-1
384,8791,485.98108,435.82526,31.213745,21.19693,0.6264409,-1,-1,-1
384,8847,406.12787,510.1155,38.954254,26.662079,0.40729243,-1,-1,-1
384,8827,766.9278,254.39682,21.613953,11.415619,0.5060863,-1,-1,-1
384,8812,458.5455,353.44315,22.226013,11.801361,0.5278908,-1,-1,-1
384,8826,553.9601,396.04892,24.147705,17.96695,0.2679114,-1,-1,-1
385,8723,506.7715,438.91376,33.882294,25.686188,0.68323255,-1,-1,-1
385,8785,456.41708,472.7216,37.21039,25.172424,0.8220413,-1,-1,-1
385,8759,619.6187,324.40762,32.958923,17.651642,0.5053065,-1,-1,-1
385,8821,437.9101,447.6822,33.79358,21.851624,0.6867191,-1,-1,-1
385,8835,417.08347,477.83795,35.4541,26.240845,0.8461072,-1,-1,-1
385,8594,693.68463,280.10202,21.290161,12.480743,0.33679888,-1,-1,-1
385,8791,487.47296,434.2153,31.39441,20.88919,0.36626327,-1,-1,-1
385,8812,457.7096,352.43027,22.895874,11.8810425,0.4932458,-1,-1,-1
386,8723,507.02277,437.6084,34.2511,25.304626,0.65138775,-1,-1,-1
386,8785,457.62048,471.20923,37.138092,25.124634,0.74852127,-1,-1,-1
386,8759,619.19763,323.22614,32.063843,17.423615,0.63805395,-1,-1,-1
386,8821,439.77246,445.90274,34.847748,21.44107,0.631693,-1,-1,-1
386,8835,418.8538,476.29834,35.06775,26.008453,0.8167104,-1,-1,-1
386,8594,692.84467,280.49402,19.14087,11.823944,0.35175848,-1,-1,-1
386,8791,488.78723,432.4343,32.26892,21.04831,0.32827598,-1,-1,-1
386,8812,456.14835,351.25647,23.371674,12.173676,0.382739,-1,-1,-1
386,8539,571.646,337.4952,22.524231,13.688324,0.31273168,-1,-1,-1
386,8740,670.45886,291.95093,24.2807,11.863312,0.50717103,-1,-1,-1
386,8847,408.41312,506.69025,38.94284,28.062988,0.28654072,-1,-1,-1
387,8723,507.39398,436.37338,34.58197,25.350494,0.6592993,-1,-1,-1
387,8785,458.68814,469.75604,36.439117,24.825714,0.8084338,-1,-1,-1
387,8759,619.19995,322.48438,31.730957,17.746918,0.52305895,-1,-1,-1
387,8821,442.24377,443.9288,34.092194,21.414062,0.827157,-1,-1,-1
387,8835,420.33832,474.3061,34.69745,26.392212,0.823856,-1,-1,-1
387,8594,692.2282,280.3447,16.956665,11.432648,0.3434559,-1,-1,-1
387,8791,489.945,430.364,31.49115,21.64386,0.39423466,-1,-1,-1
387,8812,455.1917,350.25323,23.156372,12.311859,0.36528388,-1,-1,-1
387,8539,571.41785,336.3904,24.87976,13.948975,0.32986408,-1,-1,-1
387,8740,670.13025,291.6262,24.468994,11.512909,0.5626114,-1,-1,-1
387,8847,409.13608,505.3511,38.547516,28.712372,0.35565645,-1,-1,-1
387,8827,763.8423,253.12767,24.333862,11.678635,0.3289459,-1,-1,-1
388,8723,507.5975,434.53036,35.026703,25.589142,0.6547788,-1,-1,-1
388,8785,459.45825,468.11813,35.918427,24.822327,0.818494,-1,-1,-1
388,8759,618.88043,321.41235,31.519592,17.779968,0.4904172,-1,-1,-1
388,8821,444.8703,441.74716,33.570557,21.344421,0.8265782,-1,-1,-1
388,8835,422.13,472.43945,34.756165,26.410553,0.792446,-1,-1,-1
388,8791,491.11517,428.84097,32.27008,21.78946,0.3918179,-1,-1,-1
388,8812,454.37515,349.5534,23.277222,12.248444,0.31746534,-1,-1,-1
388,8847,409.79398,504.0217,37.95099,29.175507,0.4349913,-1,-1,-1
388,8856,437.71,510.66028,44.118958,26.662292,0.58370054,-1,-1,-1
388,8827,763.99475,253.11241,23.365723,11.57634,0.46617818,-1,-1,-1
388,8826,558.9418,389.89215,22.500793,17.990997,0.34705058,-1,-1,-1
389,8723,508.3511,433.78943,34.184235,25.079529,0.7376619,-1,-1,-1
389,8785,460.45206,466.44574,35.085724,25.192932,0.83606267,-1,-1,-1
389,8759,618.8521,320.01562,31.569946,18.39209,0.6141138,-1,-1,-1
389,8821,446.1226,440.009,35.343994,21.1622,0.7471574,-1,-1,-1
389,8835,423.65842,470.79504,34.09253,26.111877,0.8142704,-1,-1,-1
389,8791,492.54144,427.4133,32.66925,20.761871,0.41121846,-1,-1,-1
389,8847,410.70135,502.73508,37.973846,29.197235,0.57230896,-1,-1,-1
389,8856,441.73877,507.2919,42.955048,28.49582,0.7681929,-1,-1,-1
389,8827,762.8031,252.88165,22.927368,11.38501,0.3282971,-1,-1,-1
389,8826,559.92975,388.81958,22.645996,17.358887,0.41594416,-1,-1,-1
389,8594,691.42175,279.01874,17.94281,11.468231,0.38354984,-1,-1,-1
389,8539,571.18567,335.0871,22.147156,13.601776,0.41202685,-1,-1,-1
389,8740,669.4772,290.22308,23.778076,11.591309,0.6194443,-1,-1,-1
390,8723,509.5472,432.92572,34.152557,24.914124,0.7335355,-1,-1,-1
390,8785,461.513,465.05527,35.139038,25.312836,0.83308244,-1,-1,-1
390,8759,618.7904,319.24197,31.67566,18.444794,0.5603814,-1,-1,-1
390,8821,449.14215,438.3372,33.740875,20.943604,0.7511993,-1,-1,-1
390,8835,425.2238,469.0883,34.28067,26.085815,0.8177198,-1,-1,-1
390,8791,494.2828,425.88947,31.529205,20.367859,0.59659547,-1,-1,-1
390,8847,411.76694,501.24625,37.660065,29.509552,0.7211621,-1,-1,-1
390,8856,446.23654,504.35913,41.030304,28.6781,0.7151148,-1,-1,-1
390,8594,690.8508,277.28357,21.081543,12.808533,0.4110276,-1,-1,-1
390,8539,571.12976,334.4375,22.330566,13.662323,0.3825153,-1,-1,-1
390,8740,669.1081,289.64313,22.704529,11.986542,0.2954526,-1,-1,-1
391,8723,511.18585,432.12234,33.307983,24.10022,0.63622004,-1,-1,-1
391,8785,462.5862,463.69492,35.556915,25.329102,0.81058526,-1,-1,-1
391,8821,451.11163,436.65323,32.862366,20.716553,0.7380585,-1,-1,-1
391,8835,426.81384,467.4586,33.35913,25.848145,0.82990515,-1,-1,-1
391,8791,495.95462,424.51227,30.459381,19.89975,0.67022246,-1,-1,-1
391,8847,412.64258,499.84302,37.593597,29.875488,0.7739078,-1,-1,-1
391,8856,449.4044,500.89224,41.75299,29.330719,0.7047173,-1,-1,-1
391,8594,690.4448,277.1548,20.850342,12.26651,0.26003742,-1,-1,-1
391,8539,571.1066,333.60608,21.755005,13.840851,0.45286322,-1,-1,-1
391,8740,668.27844,289.0043,22.683655,11.852875,0.3551431,-1,-1,-1
392,8723,512.8115,430.66208,32.61847,24.381409,0.73226774,-1,-1,-1
392,8785,463.6119,462.5655,35.195984,25.384552,0.8285085,-1,-1,-1
392,8821,453.59775,434.85248,31.535736,20.916595,0.6997712,-1,-1,-1
392,8835,428.27472,466.12698,33.581818,25.66275,0.8450165,-1,-1,-1
392,8791,496.92792,423.03845,30.827393,19.896484,0.65405905,-1,-1,-1
392,8847,413.55212,498.52924,37.920135,30.252869,0.80923384,-1,-1,-1
392,8856,452.35138,498.14328,41.91104,29.186066,0.70166516,-1,-1,-1
392,8594,690.0237,276.8517,20.745056,12.116058,0.29781196,-1,-1,-1
392,8861,0.12576942,431.91385,14.975785,21.481445,0.34465343,-1,-1,-1
392,8759,619.109,319.05585,31.183044,17.430786,0.34507468,-1,-1,-1
393,8723,513.69763,428.9935,33.155945,24.89447,0.6965214,-1,-1,-1
393,8785,464.62836,461.17017,34.55417,25.320068,0.83362794,-1,-1,-1
393,8821,455.4833,432.93753,32.167725,20.819,0.75192684,-1,-1,-1
393,8835,430.09216,464.5547,33.193268,25.845459,0.8352527,-1,-1,-1
393,8791,498.34622,421.56207,30.425201,19.98767,0.4618242,-1,-1,-1
393,8847,414.70056,497.47104,38.17282,30.203278,0.78502566,-1,-1,-1
393,8856,455.78018,495.48285,41.386047,29.411682,0.8052119,-1,-1,-1
393,8594,689.61597,276.65494,19.94757,12.040894,0.39340085,-1,-1,-1
393,8812,447.8175,345.48807,24.86914,12.134003,0.2635709,-1,-1,-1
393,8740,666.71484,287.88837,18.914307,12.03714,0.4223534,-1,-1,-1
394,8723,514.5751,428.19287,32.520752,24.873932,0.7396686,-1,-1,-1
394,8785,465.5963,460.38974,34.542114,25.039917,0.8018826,-1,-1,-1
394,8821,457.1478,430.69986,31.805176,21.32547,0.7723406,-1,-1,-1
394,8835,431.1657,463.2393,33.553253,25.694122,0.82437795,-1,-1,-1
394,8791,499.49506,419.64496,33.492065,20.535553,0.5452552,-1,-1,-1
394,8847,415.55777,496.46265,38.664642,30.111938,0.8116999,-1,-1,-1
394,8856,458.62708,492.98743,40.89908,29.13507,0.7501025,-1,-1,-1
394,8594,688.9111,276.39133,19.717346,12.100159,0.35584155,-1,-1,-1
394,8740,666.33813,287.5679,19.944763,12.24588,0.404517,-1,-1,-1
394,8759,618.2024,318.31226,31.41449,16.632507,0.34688908,-1,-1,-1
395,8723,515.21967,427.2274,32.494507,24.664001,0.643773,-1,-1,-1
395,8785,466.76672,459.22177,34.496582,24.867859,0.8345657,-1,-1,-1
395,8821,458.49283,429.10846,31.821625,21.157349,0.7246819,-1,-1,-1
395,8835,432.612,461.82916,33.18631,25.615723,0.8084399,-1,-1,-1
395,8791,500.39575,417.94672,37.526794,21.024567,0.5393595,-1,-1,-1
395,8847,416.481,495.4343,38.845886,30.10672,0.8093991,-1,-1,-1
395,8856,462.064,490.5657,40.22415,28.463287,0.79735535,-1,-1,-1
395,8759,618.40063,317.97156,31.243774,16.766968,0.6014283,-1,-1,-1
396,8723,515.70667,426.42026,32.40271,24.598724,0.6733427,-1,-1,-1
396,8785,467.6763,458.2371,34.7005,24.523102,0.8153727,-1,-1,-1
396,8821,461.00208,427.65134,30.536041,21.043488,0.7200719,-1,-1,-1
396,8835,433.862,460.51425,33.037354,25.564606,0.7326339,-1,-1,-1
396,8791,501.71844,417.3248,35.50891,20.770966,0.4341893,-1,-1,-1
396,8847,417.39166,494.5971,38.740448,29.917847,0.807297,-1,-1,-1
396,8856,465.2473,487.81393,40.72229,28.302155,0.7424281,-1,-1,-1
396,8759,618.0139,317.72272,31.892456,16.923553,0.577832,-1,-1,-1
397,8723,516.5265,425.96927,32.518433,23.776611,0.697466,-1,-1,-1
397,8785,468.78973,457.2387,34.898712,24.269623,0.8011926,-1,-1,-1
397,8821,463.2293,426.0698,31.001587,20.989105,0.7470999,-1,-1,-1
397,8835,435.93314,459.1561,32.56305,25.455597,0.8496594,-1,-1,-1
397,8791,503.11053,415.77545,37.318665,20.990082,0.584871,-1,-1,-1
397,8847,418.4548,493.30673,38.742798,30.180084,0.83546704,-1,-1,-1
397,8856,469.04626,485.25323,39.666656,27.98993,0.7719944,-1,-1,-1
397,8759,617.8423,317.21292,32.203186,17.542603,0.6719835,-1,-1,-1
398,8723,517.48474,425.46027,32.381836,23.212982,0.64974403,-1,-1,-1
398,8785,469.9887,456.34573,34.80005,23.905914,0.7649849,-1,-1,-1
398,8821,464.61038,423.46347,31.066284,22.163025,0.75490904,-1,-1,-1
398,8835,437.1568,457.2868,33.55432,25.788422,0.7718702,-1,-1,-1
398,8791,504.5737,414.34366,38.694916,20.679932,0.5508707,-1,-1,-1
398,8847,419.58606,492.32037,38.76709,30.18457,0.8251944,-1,-1,-1
398,8856,472.23596,482.68304,38.929993,27.848358,0.80956376,-1,-1,-1
398,8759,617.66876,316.60843,32.585876,18.212463,0.5657484,-1,-1,-1
399,8723,518.6934,424.30643,32.242737,23.590088,0.6106013,-1,-1,-1
399,8785,471.12888,455.45746,34.17624,23.686981,0.7169879,-1,-1,-1
399,8821,466.44156,423.05768,31.304108,20.926178,0.753005,-1,-1,-1
399,8835,438.829,456.09937,33.12912,25.751709,0.7996841,-1,-1,-1
399,8791,505.73718,413.25723,40.089844,20.43103,0.7028992,-1,-1,-1
399,8847,420.3,491.64874,38.85739,29.649536,0.820792,-1,-1,-1
399,8856,475.08054,480.19604,38.383514,28.192078,0.81570023,-1,-1,-1
399,8759,617.481,316.8339,32.14685,17.966003,0.34296772,-1,-1,-1
399,8864,342.7048,515.9977,43.41559,21.504639,0.64252406,-1,-1,-1
400,8723,519.7299,423.24246,32.447327,23.900421,0.5981485,-1,-1,-1
400,8785,472.06674,454.52426,33.868835,23.66623,0.8004633,-1,-1,-1
400,8821,468.68594,422.3577,30.05362,20.43634,0.6706411,-1,-1,-1
400,8835,439.94467,455.20132,32.528534,25.426453,0.81775886,-1,-1,-1
400,8791,506.88467,412.25992,38.898895,20.038025,0.71686286,-1,-1,-1
400,8847,421.1533,490.84604,39.027954,29.265533,0.79526055,-1,-1,-1
400,8856,477.50723,478.21857,38.42807,27.276825,0.826628,-1,-1,-1
400,8759,617.30237,316.49316,32.13617,17.869904,0.50712156,-1,-1,-1
400,8864,343.7438,514.9202,42.98819,22.57837,0.7398048,-1,-1,-1
401,8723,520.7199,422.32718,32.026917,23.650635,0.63238484,-1,-1,-1
401,8785,473.31876,453.50757,33.35031,23.667328,0.83989936,-1,-1,-1
401,8821,470.08124,421.29895,30.126709,19.777893,0.7086593,-1,-1,-1
401,8835,442.00803,453.95233,31.365448,25.312256,0.82367164,-1,-1,-1
401,8791,508.6651,411.71774,37.372192,18.957794,0.78240687,-1,-1,-1
401,8847,422.37717,489.71484,38.820618,29.419373,0.81229234,-1,-1,-1
401,8856,480.76523,475.82132,38.242767,27.499756,0.84755766,-1,-1,-1
401,8759,617.6605,316.33548,31.217468,17.323212,0.32733896,-1,-1,-1
401,8864,344.93225,513.0031,43.553436,24.552673,0.7792746,-1,-1,-1
401,8827,753.6807,249.85907,25.070007,11.5477295,0.28525224,-1,-1,-1
401,8594,685.55145,274.41495,21.554016,12.404053,0.29119322,-1,-1,-1
402,8723,521.43695,421.8749,32.06317,22.97763,0.61661035,-1,-1,-1
402,8785,474.40317,452.53696,32.99234,23.852783,0.8310376,-1,-1,-1
402,8821,471.57047,420.03387,29.78836,19.806824,0.78246385,-1,-1,-1
402,8835,443.54147,453.04248,31.289093,25.127533,0.86836874,-1,-1,-1
402,8791,510.2181,411.17624,37.739044,18.870117,0.8133476,-1,-1,-1
402,8847,423.62567,488.7661,38.58899,29.434387,0.81215537,-1,-1,-1
402,8856,483.63422,473.46902,37.464905,27.169556,0.82828903,-1,-1,-1
402,8759,617.532,316.1436,31.543213,17.31192,0.2868381,-1,-1,-1
402,8864,346.18884,511.83026,43.782623,25.710999,0.75028807,-1,-1,-1
403,8723,521.72363,421.5847,31.711975,22.435791,0.5775256,-1,-1,-1
403,8785,475.12112,451.54977,33.278046,23.663055,0.8024062,-1,-1,-1
403,8821,472.73306,418.68542,30.140198,20.121613,0.72292775,-1,-1,-1
403,8835,445.02618,451.89316,31.041016,24.846252,0.84843606,-1,-1,-1
403,8791,511.62238,410.75235,36.2016,18.45459,0.80962104,-1,-1,-1
403,8847,425.07266,487.7503,37.91089,29.499268,0.7836617,-1,-1,-1
403,8856,486.4196,470.91418,36.906097,27.175415,0.8500466,-1,-1,-1
403,8759,616.79675,315.68466,32.35431,17.497467,0.44059902,-1,-1,-1
403,8864,347.74002,510.21112,43.755737,27.039917,0.69344866,-1,-1,-1
403,8812,437.6727,340.19543,24.929108,11.661011,0.38479564,-1,-1,-1
404,8723,521.9691,420.51675,30.997864,22.835144,0.6203564,-1,-1,-1
404,8785,475.85864,450.5576,34.59366,23.736908,0.79955804,-1,-1,-1
404,8821,473.3383,416.8516,31.082245,20.90802,0.4072467,-1,-1,-1
404,8835,446.45483,450.78317,31.402893,24.725464,0.82675034,-1,-1,-1
404,8791,512.626,410.00797,36.341064,18.452637,0.7344976,-1,-1,-1
404,8847,426.16187,486.3954,37.91382,30.030457,0.7776188,-1,-1,-1
404,8856,489.60544,468.68854,36.004974,26.996277,0.85822845,-1,-1,-1
404,8759,616.4637,315.1818,32.82245,17.859833,0.44200933,-1,-1,-1
404,8864,349.79822,509.15207,44.071106,27.783112,0.7494932,-1,-1,-1
404,8812,435.79987,339.84372,23.811615,11.321503,0.41366646,-1,-1,-1
405,8723,522.61993,419.55264,31.02069,23.327606,0.6338517,-1,-1,-1
405,8785,476.62247,449.75482,34.751648,23.716858,0.8091078,-1,-1,-1
405,8821,475.8333,415.2349,30.588379,20.712067,0.4640106,-1,-1,-1
405,8835,448.0574,449.79755,31.136932,24.527344,0.80319524,-1,-1,-1
405,8791,513.4636,409.78647,35.967773,18.12799,0.6623191,-1,-1,-1
405,8847,427.20407,485.7728,37.964844,29.752594,0.82278395,-1,-1,-1
405,8856,492.06433,466.39117,36.104492,27.20813,0.817704,-1,-1,-1
405,8864,351.52643,508.0283,44.52823,28.61789,0.7701637,-1,-1,-1
405,8812,434.91782,339.52936,23.70691,11.1666565,0.36727515,-1,-1,-1
406,8723,524.00867,418.48944,31.08722,23.418457,0.58081746,-1,-1,-1
406,8785,478.01532,448.63803,34.43805,23.706268,0.7645981,-1,-1,-1
406,8821,477.41504,413.7239,30.57602,20.61847,0.5230987,-1,-1,-1
406,8835,449.74506,448.37244,30.770874,24.55133,0.8208887,-1,-1,-1
406,8791,514.7678,407.81494,36.565918,18.645935,0.71667045,-1,-1,-1
406,8847,428.20575,484.99542,38.1857,29.447327,0.8209273,-1,-1,-1
406,8856,494.31946,464.0729,36.746582,26.886902,0.7809524,-1,-1,-1
406,8864,353.58017,506.52817,44.12375,29.690094,0.7139114,-1,-1,-1
407,8723,525.3594,417.57867,30.56659,23.392487,0.64175993,-1,-1,-1
407,8785,479.55835,447.71954,33.675232,23.878601,0.82815033,-1,-1,-1
407,8821,479.85397,412.9523,28.979248,19.962646,0.46546033,-1,-1,-1
407,8835,450.91278,447.31152,30.69632,24.479523,0.8321041,-1,-1,-1
407,8791,516.013,406.59885,33.54669,18.667908,0.5981664,-1,-1,-1
407,8847,429.06482,484.30167,38.46335,29.412079,0.8167911,-1,-1,-1
407,8856,497.0009,462.316,37.055634,26.29071,0.79275274,-1,-1,-1
407,8864,355.4832,505.2792,43.730927,30.410614,0.77388996,-1,-1,-1
408,8723,526.034,416.88403,30.484802,23.5495,0.56810254,-1,-1,-1
408,8785,480.72607,446.80814,32.944946,23.778412,0.843058,-1,-1,-1
408,8821,481.82874,412.2052,28.46347,19.139618,0.6586926,-1,-1,-1
408,8835,452.24158,446.3164,30.407806,24.466797,0.84214896,-1,-1,-1
408,8791,517.3719,405.37683,33.397766,18.925781,0.75393826,-1,-1,-1
408,8847,430.22964,483.5948,38.25229,29.397888,0.81292737,-1,-1,-1
408,8856,499.70465,460.13232,36.36676,25.919586,0.8145159,-1,-1,-1
408,8864,357.03476,504.37616,43.79721,30.771118,0.6500951,-1,-1,-1
409,8723,525.69525,416.13748,30.6203,23.39093,0.49612316,-1,-1,-1
409,8785,481.79535,446.02356,32.318787,23.325653,0.8318931,-1,-1,-1
409,8821,483.3122,411.2069,28.642365,18.809082,0.66008294,-1,-1,-1
409,8835,453.81628,445.41083,29.759247,24.043152,0.81152433,-1,-1,-1
409,8791,519.0165,404.35287,30.509644,18.504852,0.7690755,-1,-1,-1
409,8847,431.32333,482.6852,37.8544,29.282104,0.80299103,-1,-1,-1
409,8856,502.38602,457.95062,35.889313,26.064697,0.8067005,-1,-1,-1
409,8864,359.23938,503.55927,42.394135,30.565674,0.6568468,-1,-1,-1
410,8723,526.5799,415.84467,30.57666,22.769348,0.7061806,-1,-1,-1
410,8785,482.96115,445.12643,31.963165,23.174072,0.8240805,-1,-1,-1
410,8821,484.16403,410.09097,30.264435,18.74179,0.64391077,-1,-1,-1
410,8835,455.02805,444.54898,30.03244,23.748291,0.79870015,-1,-1,-1
410,8791,520.10693,404.01627,29.543884,17.921204,0.78722054,-1,-1,-1
410,8847,432.4628,481.70816,37.440063,29.446045,0.82215774,-1,-1,-1
410,8856,504.75034,456.26996,35.85318,25.735321,0.8343617,-1,-1,-1
410,8864,361.27765,502.7068,41.331665,30.32013,0.61756736,-1,-1,-1
411,8723,526.94214,415.41324,30.229736,22.700378,0.47116244,-1,-1,-1
411,8785,483.83838,444.2927,32.30298,23.123016,0.8225978,-1,-1,-1
411,8821,485.03952,408.7308,30.64981,18.843628,0.71324325,-1,-1,-1
411,8835,456.40775,443.22495,30.078003,23.88263,0.7944584,-1,-1,-1
411,8791,521.235,403.29535,30.566467,17.973816,0.77981824,-1,-1,-1
411,8847,433.45215,480.80872,37.54898,29.550293,0.83248,-1,-1,-1
411,8856,507.11774,454.11502,35.434143,25.132843,0.82354194,-1,-1,-1
411,8864,363.18573,501.104,40.96228,31.476196,0.6133424,-1,-1,-1
412,8723,527.9173,415.0809,29.484863,22.318695,0.26897293,-1,-1,-1
412,8785,485.39395,443.47476,31.412628,23.283783,0.81355715,-1,-1,-1
412,8821,485.55585,407.57767,31.03601,19.035492,0.5236404,-1,-1,-1
412,8835,457.6095,442.38916,30.016876,23.509796,0.7871267,-1,-1,-1
412,8791,522.7261,402.14584,29.944641,18.18039,0.74861294,-1,-1,-1
412,8847,434.328,480.33093,37.782288,28.997803,0.84150314,-1,-1,-1
412,8856,509.26022,452.48642,35.617706,24.499603,0.8046352,-1,-1,-1
412,8864,365.21545,500.1671,40.444183,31.31073,0.6292292,-1,-1,-1
413,8723,529.0841,414.57062,29.325195,22.1792,0.27005324,-1,-1,-1
413,8785,486.39572,442.5836,30.492462,23.350006,0.82202923,-1,-1,-1
413,8821,486.77582,406.47867,30.67035,19.188812,0.5301864,-1,-1,-1
413,8835,458.8788,441.30566,29.538025,23.748596,0.8096834,-1,-1,-1
413,8791,524.1766,401.2101,28.908997,18.09903,0.7265143,-1,-1,-1
413,8847,435.4384,479.55634,37.620758,28.550598,0.8480177,-1,-1,-1
413,8856,511.4724,450.6165,36.196655,24.68045,0.8223451,-1,-1,-1
413,8864,366.687,499.29373,40.445038,30.797455,0.72385025,-1,-1,-1
413,8866,486.5652,406.57043,30.417603,19.075256,0.3858143,-1,-1,-1
413,8759,615.4558,312.24194,32.75891,17.979736,0.26947126,-1,-1,-1
413,8812,425.36548,337.31418,20.822083,10.524231,0.26672253,-1,-1,-1
414,8785,487.32147,441.41174,30.896118,23.77951,0.8210084,-1,-1,-1
414,8821,487.7753,405.51703,30.461761,18.863617,0.49190447,-1,-1,-1
414,8835,460.5752,440.28906,30.161316,23.159973,0.8190154,-1,-1,-1
414,8791,525.66754,400.3506,27.833496,17.701569,0.73359966,-1,-1,-1
414,8847,436.587,478.72705,37.356018,28.573975,0.78376395,-1,-1,-1
414,8856,513.7306,448.50168,35.94214,24.84793,0.8165125,-1,-1,-1
414,8864,368.38574,498.25192,39.377655,30.677826,0.47546953,-1,-1,-1
414,8812,424.50806,336.9894,21.831116,10.873413,0.3293022,-1,-1,-1
415,8785,488.63925,440.61523,30.90622,23.633484,0.77745336,-1,-1,-1
415,8835,462.4241,439.72272,30.57843,22.983368,0.7646065,-1,-1,-1
415,8791,526.8033,399.27957,27.14264,17.71579,0.71366996,-1,-1,-1
415,8847,437.56073,478.07794,37.227875,28.226715,0.74390876,-1,-1,-1
415,8856,515.9328,446.94244,34.921814,24.430695,0.81727356,-1,-1,-1
415,8864,369.24805,497.04208,40.187073,30.88327,0.325118,-1,-1,-1
415,8812,423.12366,336.75037,22.669891,11.070343,0.27734795,-1,-1,-1
415,8759,615.5408,312.34555,31.809753,18.161407,0.28557894,-1,-1,-1
416,8785,489.64633,439.9634,30.937653,23.337433,0.8151808,-1,-1,-1
416,8835,463.6167,438.78027,30.516663,22.978912,0.8148112,-1,-1,-1
416,8791,527.6011,398.40637,26.970337,17.474579,0.7619681,-1,-1,-1
416,8847,438.92325,477.28247,36.756134,28.16394,0.77351457,-1,-1,-1
416,8856,518.63086,445.36295,33.42572,24.024017,0.83672136,-1,-1,-1
416,8864,371.59088,496.5145,39.125153,30.644623,0.30186668,-1,-1,-1
416,8812,422.094,336.39667,22.88208,11.088623,0.34088737,-1,-1,-1
416,8821,492.5788,404.0362,28.150269,18.532196,0.36082816,-1,-1,-1
417,8785,491.03696,439.44138,30.718903,23.408356,0.8343601,-1,-1,-1
417,8835,464.91687,438.16614,30.451202,22.569916,0.80747324,-1,-1,-1
417,8791,528.9076,397.56894,26.157288,16.076874,0.7813246,-1,-1,-1
417,8847,440.42358,476.5325,36.3808,27.956512,0.7983072,-1,-1,-1
417,8856,521.0668,443.5112,32.936646,23.679474,0.8100799,-1,-1,-1
417,8864,373.10056,495.54074,39.047974,30.108185,0.26252487,-1,-1,-1
417,8812,421.2399,336.12357,23.205383,11.106171,0.3635988,-1,-1,-1
417,8723,533.02026,410.0688,29.276062,23.33551,0.60333675,-1,-1,-1
417,8759,615.5721,312.43777,31.079834,18.256897,0.25337863,-1,-1,-1
418,8785,492.35306,438.97046,30.490448,22.893005,0.7780389,-1,-1,-1
418,8835,466.47662,437.25757,29.978577,22.40857,0.80164546,-1,-1,-1
418,8791,529.9518,396.9812,26.541199,16.228485,0.79374427,-1,-1,-1
418,8847,441.5085,475.72604,36.608307,27.881409,0.8172828,-1,-1,-1
418,8856,523.0795,441.96976,32.746643,22.966766,0.739434,-1,-1,-1
418,8812,419.73834,335.67096,23.417267,11.335083,0.36065584,-1,-1,-1
418,8723,534.237,409.57617,29.075256,23.142365,0.52963084,-1,-1,-1
418,8759,615.5005,312.80338,31.37561,18.246124,0.29803568,-1,-1,-1
419,8785,493.2491,438.34317,30.70633,22.800568,0.8047726,-1,-1,-1
419,8835,467.9682,436.48468,29.056976,22.04953,0.79027534,-1,-1,-1
419,8791,531.67664,396.2463,26.328613,16.535309,0.78898466,-1,-1,-1
419,8847,442.8012,474.72397,36.618927,28.09671,0.7804386,-1,-1,-1
419,8856,525.27686,440.30344,32.721252,22.605621,0.7777713,-1,-1,-1
419,8812,418.453,334.94208,23.552399,11.715698,0.5503329,-1,-1,-1
419,8723,535.0902,409.24133,29.615051,22.425232,0.6032516,-1,-1,-1
419,8759,615.4163,312.87,31.502441,18.085663,0.43350446,-1,-1,-1
420,8785,494.223,437.55695,31.326752,22.720001,0.78988016,-1,-1,-1
420,8835,469.34232,435.59396,28.768494,21.498535,0.7589078,-1,-1,-1
420,8791,533.0445,395.47424,25.92334,16.618866,0.79164934,-1,-1,-1
420,8847,444.0021,473.78842,36.499023,27.957458,0.72382224,-1,-1,-1
420,8856,527.6099,438.4177,31.615295,22.749634,0.68437856,-1,-1,-1
420,8812,417.0647,334.5974,24.337158,11.916046,0.3350017,-1,-1,-1
420,8723,536.118,409.24408,29.63916,21.33667,0.5302256,-1,-1,-1
420,8759,615.5712,313.22128,31.388794,17.877533,0.40705717,-1,-1,-1
421,8785,495.55588,436.54477,31.284576,22.884033,0.8234634,-1,-1,-1
421,8835,470.68866,434.64148,28.818878,21.603973,0.81130886,-1,-1,-1
421,8791,534.15466,395.0297,25.859497,16.440155,0.77019197,-1,-1,-1
421,8847,445.46942,473.33853,35.966064,27.75534,0.791276,-1,-1,-1
421,8856,530.2259,436.6436,30.055359,22.801758,0.72214216,-1,-1,-1
421,8812,415.7093,334.3818,24.416992,11.89267,0.34989038,-1,-1,-1
421,8723,537.53076,408.9522,28.97815,20.75592,0.5488454,-1,-1,-1
422,8785,496.6722,436.0065,30.981842,22.67746,0.8218953,-1,-1,-1
422,8835,472.13574,433.8981,28.689209,21.526672,0.64429224,-1,-1,-1
422,8791,535.07355,394.39304,25.786987,16.536926,0.6551835,-1,-1,-1
422,8847,446.6368,472.61716,35.6026,27.931366,0.76018953,-1,-1,-1
422,8856,532.75006,435.40778,29.590332,22.260498,0.5391953,-1,-1,-1
422,8812,414.77716,334.14197,24.286163,11.952515,0.2868941,-1,-1,-1
422,8723,538.64417,408.5642,28.92572,20.922455,0.48465374,-1,-1,-1
423,8785,497.71802,435.46826,31.422424,22.685242,0.77673906,-1,-1,-1
423,8835,473.7554,432.9031,28.560791,21.712341,0.5740949,-1,-1,-1
423,8791,536.4091,393.69943,25.263489,15.944061,0.6486068,-1,-1,-1
423,8847,447.5741,471.98428,35.577484,28.137787,0.7477714,-1,-1,-1
423,8856,534.856,434.74225,28.937073,21.521667,0.3405611,-1,-1,-1
423,8723,539.2899,408.4613,28.641663,20.537872,0.44839865,-1,-1,-1
424,8785,498.87775,434.76892,31.283325,22.569794,0.78245413,-1,-1,-1
424,8835,475.02686,432.25644,27.688507,21.115753,0.4424882,-1,-1,-1
424,8791,538.11694,393.04984,24.510437,14.842072,0.6126755,-1,-1,-1
424,8847,448.59412,471.3071,35.552032,28.148132,0.75313646,-1,-1,-1
424,8856,537.35443,434.2457,30.804382,20.736847,0.2906583,-1,-1,-1
424,8723,540.05225,408.0636,28.814697,20.25354,0.44454902,-1,-1,-1
425,8785,499.6408,434.06476,31.102112,22.380646,0.73325396,-1,-1,-1
425,8835,476.6711,431.06714,26.788666,21.175385,0.29473072,-1,-1,-1
425,8791,539.38745,392.29666,24.037292,14.402435,0.60647655,-1,-1,-1
425,8847,449.88776,470.52258,35.990845,28.104004,0.726064,-1,-1,-1
425,8856,539.5384,433.31433,31.226135,20.44397,0.4472294,-1,-1,-1
425,8723,540.9783,407.8366,28.866638,19.766235,0.39794058,-1,-1,-1
426,8785,500.40692,433.01782,30.953308,22.6781,0.636384,-1,-1,-1
426,8835,477.67548,429.96335,27.10379,21.742249,0.37622178,-1,-1,-1
426,8791,540.62756,391.53607,23.776428,14.375122,0.6810168,-1,-1,-1
426,8847,450.99887,469.7362,35.5737,28.236786,0.663036,-1,-1,-1
426,8856,541.6506,431.87347,31.931702,19.967255,0.35690993,-1,-1,-1
426,8723,541.5003,407.16495,29.074951,19.398468,0.2805919,-1,-1,-1
427,8785,502.1554,432.13892,30.328003,22.64624,0.47368205,-1,-1,-1
427,8835,478.86838,429.14993,28.04132,21.915955,0.50600237,-1,-1,-1
427,8791,541.20856,391.03625,24.39154,14.575989,0.7522924,-1,-1,-1
427,8847,452.33914,469.2246,35.21869,27.967255,0.7433354,-1,-1,-1
427,8856,544.5329,430.3609,31.348267,20.52658,0.610841,-1,-1,-1
427,8723,542.6936,406.59555,28.243591,18.47699,0.32378903,-1,-1,-1
427,8821,511.07318,394.89667,24.559082,15.838867,0.2763193,-1,-1,-1
427,8812,410.16052,333.91653,22.70993,11.887421,0.31406865,-1,-1,-1
428,8785,503.26202,431.78723,30.712341,22.651428,0.4594477,-1,-1,-1
428,8835,480.4179,428.5291,28.10971,21.86734,0.53984827,-1,-1,-1
428,8791,542.1299,390.58603,24.620483,14.463867,0.74371445,-1,-1,-1
428,8847,453.0017,468.67245,35.53174,27.637024,0.74257016,-1,-1,-1
428,8856,546.68085,428.4704,30.24121,21.022583,0.7384221,-1,-1,-1
428,8723,543.0577,406.03976,28.325012,18.368744,0.53280497,-1,-1,-1
429,8785,504.28815,431.26804,30.993774,22.557098,0.42802557,-1,-1,-1
429,8835,481.59305,427.86984,28.31372,21.59964,0.56468695,-1,-1,-1
429,8791,543.8322,389.95474,24.000732,14.517303,0.72006077,-1,-1,-1
429,8847,454.31885,467.75644,35.349457,27.5719,0.76373297,-1,-1,-1
429,8856,548.994,426.8755,29.887573,21.375397,0.6134625,-1,-1,-1
429,8723,545.10846,405.4469,27.291138,18.245636,0.4771866,-1,-1,-1
429,8867,590.25836,377.63583,23.063293,15.661652,0.44619998,-1,-1,-1
429,8812,408.54752,333.78378,22.469055,11.838013,0.37265745,-1,-1,-1
430,8785,505.56735,430.88824,31.413666,22.405487,0.3604123,-1,-1,-1
430,8835,483.0195,427.03384,27.782196,21.712036,0.46376443,-1,-1,-1
430,8791,544.67084,389.49927,24.543945,14.483704,0.7091214,-1,-1,-1
430,8847,455.36282,467.3851,35.64035,26.984802,0.78789943,-1,-1,-1
430,8856,550.8787,426.14297,29.459473,19.809296,0.36892542,-1,-1,-1
430,8723,546.04944,404.8565,26.651001,18.344788,0.5968784,-1,-1,-1
430,8867,590.71246,377.32098,24.229614,15.906952,0.3373649,-1,-1,-1
431,8785,506.75516,430.37857,30.694733,22.135986,0.4216175,-1,-1,-1
431,8835,484.23978,425.966,28.176605,21.967407,0.3571145,-1,-1,-1
431,8791,545.493,388.9231,24.903137,14.749237,0.7126042,-1,-1,-1
431,8847,456.60355,466.39203,35.9487,27.392548,0.80078226,-1,-1,-1
431,8723,546.296,404.3517,26.50586,18.218597,0.677879,-1,-1,-1
431,8867,590.7989,376.95975,24.43341,15.957367,0.25431973,-1,-1,-1
431,8864,394.81223,484.28113,38.498383,27.990906,0.56003696,-1,-1,-1
431,8821,516.4856,391.40854,22.202515,15.562256,0.3293795,-1,-1,-1
432,8785,508.2363,429.12927,30.633942,22.51007,0.44808862,-1,-1,-1
432,8791,546.1473,388.26868,25.06665,14.980713,0.6004467,-1,-1,-1
432,8847,457.3254,466.05496,35.832397,26.84555,0.78185177,-1,-1,-1
432,8723,546.614,403.9407,27.024292,18.683075,0.614065,-1,-1,-1
432,8864,396.12396,483.5422,38.470734,27.724121,0.5539931,-1,-1,-1
432,8821,517.5511,390.86554,21.494324,15.274353,0.35229722,-1,-1,-1
433,8785,508.40097,428.03275,31.133087,22.818085,0.36325943,-1,-1,-1
433,8791,547.4483,387.30005,25.169617,15.288849,0.5578185,-1,-1,-1
433,8847,458.10376,466.02545,35.872894,26.173187,0.70457596,-1,-1,-1
433,8723,547.36566,403.32922,26.813782,18.818512,0.53339225,-1,-1,-1
433,8864,397.39362,482.9759,38.250763,27.23639,0.3769614,-1,-1,-1
433,8821,518.2303,390.15518,21.236084,15.526642,0.3693104,-1,-1,-1
434,8785,509.71753,427.56366,30.097168,22.382294,0.34692144,-1,-1,-1
434,8791,548.62634,386.63242,24.990417,15.2708435,0.65941286,-1,-1,-1
434,8847,459.12408,465.66077,35.589264,25.651093,0.6659901,-1,-1,-1
434,8723,548.2192,402.85742,26.924072,19.057343,0.5616614,-1,-1,-1
434,8864,398.77087,481.93973,38.069,27.759277,0.5549477,-1,-1,-1
434,8821,519.1751,389.31702,20.431824,15.421783,0.37851137,-1,-1,-1
435,8791,549.88196,386.0436,24.502747,15.466156,0.6939595,-1,-1,-1
435,8847,460.2513,464.95047,35.52951,25.775452,0.42623672,-1,-1,-1
435,8723,549.4646,402.24142,26.335815,19.4263,0.3977826,-1,-1,-1
435,8864,400.03195,481.01276,38.40558,28.123138,0.27262703,-1,-1,-1
436,8791,551.33563,385.59158,23.61145,15.31546,0.7319249,-1,-1,-1
436,8847,462.13818,463.68796,35.40927,26.32428,0.38883457,-1,-1,-1
436,8723,550.1443,401.5925,26.23523,19.713654,0.5556208,-1,-1,-1
436,8864,401.5608,480.43954,38.71701,28.126862,0.43740723,-1,-1,-1
437,8791,552.55225,384.95578,24.026245,15.40506,0.75594574,-1,-1,-1
437,8847,463.87024,462.98257,34.62738,26.439667,0.64208734,-1,-1,-1
437,8723,551.15717,401.09775,26.416504,19.664276,0.5739321,-1,-1,-1
437,8864,403.00864,479.77396,38.425873,27.944336,0.27017444,-1,-1,-1
437,8785,513.4702,427.2473,29.572693,21.812561,0.30725306,-1,-1,-1
438,8791,553.5892,384.49432,23.856812,15.218201,0.633404,-1,-1,-1
438,8847,465.1844,462.46878,33.892822,26.55478,0.5726546,-1,-1,-1
438,8723,551.2184,400.4951,27.203125,19.801727,0.4611215,-1,-1,-1
438,8821,522.1184,386.69623,19.105042,14.30014,0.3033574,-1,-1,-1
439,8791,554.55615,383.91653,23.697388,15.33844,0.61177367,-1,-1,-1
439,8847,466.13922,461.969,33.746765,26.129395,0.51577497,-1,-1,-1
439,8723,552.37274,400.1313,26.682617,19.567505,0.27480233,-1,-1,-1
439,8821,522.8039,386.06906,18.929321,13.92569,0.32831296,-1,-1,-1
439,8864,406.66962,478.5949,37.289795,27.820648,0.35325232,-1,-1,-1
440,8791,555.5521,383.29993,23.828857,15.36441,0.5054802,-1,-1,-1
440,8847,467.41122,461.56937,33.5354,25.751495,0.4863692,-1,-1,-1
440,8723,552.80817,399.56607,26.871033,19.601685,0.30863726,-1,-1,-1
440,8821,523.68304,385.5842,18.802979,13.621307,0.47932196,-1,-1,-1
440,8864,408.1012,478.29596,37.1687,27.743286,0.44854704,-1,-1,-1
441,8791,556.51654,382.8509,23.890747,15.075043,0.42960137,-1,-1,-1
441,8847,468.7966,461.1785,33.11798,25.092957,0.6101042,-1,-1,-1
441,8723,552.3137,398.99316,27.843567,19.550354,0.39838862,-1,-1,-1
441,8821,524.63184,385.2259,17.847107,13.268127,0.2995195,-1,-1,-1
441,8864,409.9425,477.81165,36.883545,26.95874,0.33189663,-1,-1,-1
442,8791,557.10675,382.38895,24.30066,15.122894,0.34920257,-1,-1,-1
442,8847,469.95047,460.7337,33.169067,24.796814,0.63065296,-1,-1,-1
442,8723,553.4355,398.4475,27.666199,19.776764,0.4929639,-1,-1,-1
442,8821,525.3622,384.76917,17.56305,13.396515,0.33548564,-1,-1,-1
442,8864,411.01178,477.45837,36.775818,26.465271,0.42736685,-1,-1,-1
443,8791,558.4564,381.5208,23.645142,15.427856,0.4823934,-1,-1,-1
443,8847,471.1724,460.21738,33.20276,24.560577,0.6691521,-1,-1,-1
443,8723,553.4909,397.9,28.172485,19.854553,0.6189599,-1,-1,-1
443,8821,526.23486,383.94708,17.312927,13.838867,0.41235578,-1,-1,-1
443,8867,597.85736,371.8411,24.736755,15.894531,0.49697265,-1,-1,-1
444,8791,559.53705,380.82242,23.29126,15.438904,0.49941763,-1,-1,-1
444,8847,472.04095,459.84927,33.143982,24.204498,0.4990928,-1,-1,-1
444,8723,555.33105,397.73447,27.796448,19.499664,0.4724902,-1,-1,-1
444,8821,526.79626,383.17462,17.717102,14.176636,0.43269393,-1,-1,-1
444,8867,598.7361,371.45468,24.394531,15.927612,0.3299535,-1,-1,-1
445,8791,560.43976,380.24277,23.02655,15.196777,0.51494914,-1,-1,-1
445,8847,473.03845,459.59277,33.13495,23.57489,0.5090744,-1,-1,-1
445,8723,554.75385,397.48846,28.995972,19.309418,0.5445994,-1,-1,-1
445,8821,527.26373,382.58417,18.26886,14.330231,0.33019367,-1,-1,-1
445,8867,599.34283,370.91876,24.656067,15.853638,0.3792952,-1,-1,-1
446,8791,561.21704,379.66974,22.488525,15.038208,0.6739453,-1,-1,-1
446,8847,474.3467,459.35876,32.748077,22.99704,0.505401,-1,-1,-1
446,8723,554.13165,397.14508,30.228088,19.562195,0.5655687,-1,-1,-1
446,8867,599.8571,370.7971,24.272156,15.54184,0.3526127,-1,-1,-1
446,8871,561.8233,331.3227,21.658264,12.682098,0.5495582,-1,-1,-1
446,8872,474.26962,482.85413,35.322144,27.371582,0.5351447,-1,-1,-1
447,8791,561.9335,379.1367,22.547974,14.849487,0.6848363,-1,-1,-1
447,8847,475.8702,459.00244,32.23883,22.446075,0.38044664,-1,-1,-1
447,8723,554.94055,396.85855,30.319824,19.489471,0.5935352,-1,-1,-1
447,8871,561.60175,331.6356,21.153076,12.5572815,0.48948562,-1,-1,-1
448,8791,563.2032,378.7715,22.150452,14.484528,0.75885284,-1,-1,-1
448,8847,477.16803,458.3487,32.211975,22.476135,0.55822754,-1,-1,-1
448,8723,554.7898,396.38693,31.108093,19.907043,0.5701072,-1,-1,-1
448,8871,561.3568,331.94672,20.782837,12.365997,0.58742064,-1,-1,-1
448,8821,528.78827,380.3277,16.910583,14.384857,0.26981091,-1,-1,-1
449,8791,564.5522,378.45374,21.497253,14.052338,0.70736164,-1,-1,-1
449,8847,477.6488,457.60187,32.83319,22.39978,0.4184168,-1,-1,-1
449,8723,556.1342,396.07498,29.841736,19.913086,0.4096873,-1,-1,-1
449,8871,560.8573,332.03384,20.824768,12.410919,0.61745274,-1,-1,-1
449,8821,529.39075,379.58664,15.245972,14.42215,0.38288522,-1,-1,-1
450,8791,565.59814,377.90018,21.39917,14.119141,0.6915071,-1,-1,-1
450,8847,478.5677,456.81415,32.980316,22.28952,0.4200159,-1,-1,-1
450,8723,558.4282,395.88712,28.621277,19.395935,0.32713425,-1,-1,-1
450,8871,560.3709,332.37927,20.795898,12.338562,0.57643396,-1,-1,-1
450,8821,529.73517,379.075,15.824158,14.180725,0.5387109,-1,-1,-1
450,8835,510.5968,413.8838,25.421204,19.00879,0.51770735,-1,-1,-1
451,8791,566.48895,377.38852,21.665955,14.056671,0.63298327,-1,-1,-1
451,8847,479.7168,456.5705,32.70575,21.990997,0.29701713,-1,-1,-1
451,8723,559.9911,395.49924,29.058472,19.040558,0.42804122,-1,-1,-1
451,8871,560.0238,332.48868,21.066467,12.52594,0.4358782,-1,-1,-1
451,8821,530.19867,378.73813,16.092773,14.066223,0.61452776,-1,-1,-1
451,8835,511.88248,413.58792,24.981659,18.455597,0.40526173,-1,-1,-1
452,8791,567.13696,376.84787,22.309998,14.162445,0.43957722,-1,-1,-1
452,8723,562.52795,395.003,26.963379,18.608032,0.3922185,-1,-1,-1
452,8871,559.6957,332.82465,20.778442,12.406342,0.45622423,-1,-1,-1
452,8821,530.5563,378.44016,15.836304,13.809296,0.55503345,-1,-1,-1
452,8835,513.14294,413.13663,24.660889,18.184418,0.49931288,-1,-1,-1
453,8791,567.93146,376.48346,21.880371,14.098999,0.37151223,-1,-1,-1
453,8723,563.7551,394.63977,27.12201,18.467285,0.50004447,-1,-1,-1
453,8871,559.3767,333.23557,20.379822,12.198181,0.39175642,-1,-1,-1
453,8821,530.7297,377.9959,16.180298,13.931763,0.48561373,-1,-1,-1
453,8835,514.0709,412.51862,24.773132,18.136017,0.5393169,-1,-1,-1
454,8723,564.4165,394.24734,27.418152,18.107422,0.33374956,-1,-1,-1
454,8871,559.10046,333.3127,20.240784,12.344788,0.3245786,-1,-1,-1
454,8821,531.0243,377.7925,15.919434,13.6311035,0.4924131,-1,-1,-1
454,8835,515.3038,411.1467,24.881348,18.76587,0.33005607,-1,-1,-1
455,8723,565.2434,393.55368,26.40149,18.28534,0.463296,-1,-1,-1
455,8871,558.6233,333.39844,20.432617,12.450317,0.37453273,-1,-1,-1
455,8821,531.0215,377.39606,17.462402,13.649689,0.34623644,-1,-1,-1
455,8835,516.55975,410.5009,24.744995,18.7482,0.28943935,-1,-1,-1
456,8723,564.9395,392.90872,26.681519,18.472656,0.6230562,-1,-1,-1
456,8871,558.3835,334.06863,20.329224,12.013794,0.40790752,-1,-1,-1
456,8821,531.16705,376.93695,16.285156,13.285522,0.5658386,-1,-1,-1
456,8835,517.39984,409.6961,25.319519,18.77649,0.68031096,-1,-1,-1
456,8785,532.7453,419.13165,28.82782,19.494476,0.40604016,-1,-1,-1
457,8723,565.9434,392.40994,25.907654,18.377533,0.5597648,-1,-1,-1
457,8871,558.00146,334.0836,20.785034,12.243713,0.5542198,-1,-1,-1
457,8821,531.4137,376.34625,16.155945,13.145203,0.5342821,-1,-1,-1
457,8835,519.03503,409.36182,25.401978,18.016449,0.65298474,-1,-1,-1
457,8785,533.35004,418.53717,29.28601,19.667358,0.29258442,-1,-1,-1
458,8723,567.08374,392.08853,24.973755,18.453033,0.62694764,-1,-1,-1
458,8871,557.67664,334.2233,21.046082,12.300812,0.5864067,-1,-1,-1
458,8821,531.7411,375.95242,15.611877,12.928284,0.44284546,-1,-1,-1
458,8835,520.35315,408.46808,25.552612,18.070953,0.63624626,-1,-1,-1
458,8785,534.1225,417.8914,28.923767,19.694275,0.36678785,-1,-1,-1
459,8723,568.0904,391.723,24.171692,18.457703,0.6392374,-1,-1,-1
459,8871,557.3551,334.4376,20.719116,12.3723755,0.63291454,-1,-1,-1
459,8821,531.8149,375.6975,15.505981,12.751129,0.5456385,-1,-1,-1
459,8835,521.544,407.84982,25.335388,18.179474,0.5895844,-1,-1,-1
459,8785,534.8344,417.1056,28.536194,20.140503,0.49668652,-1,-1,-1
459,8791,573.40295,373.30313,20.660156,14.224915,0.41417995,-1,-1,-1
460,8723,569.9837,391.1545,22.83136,18.480438,0.58743656,-1,-1,-1
460,8871,557.076,334.6008,20.302551,12.236481,0.6088444,-1,-1,-1
460,8821,531.76117,375.32602,15.453125,12.794708,0.6487311,-1,-1,-1
460,8835,522.9282,407.49,24.484497,17.67807,0.45479774,-1,-1,-1
460,8785,535.71387,417.0137,27.143616,19.958923,0.52119654,-1,-1,-1
460,8791,574.1629,373.11017,20.124023,13.886078,0.42449608,-1,-1,-1
461,8723,570.87134,390.85254,23.10614,18.148224,0.68087363,-1,-1,-1
461,8871,557.0396,334.9986,19.738953,12.00119,0.5308118,-1,-1,-1
461,8821,531.8582,374.49066,15.533203,13.339081,0.58730435,-1,-1,-1
461,8835,524.2789,407.1519,23.917664,17.30722,0.43412295,-1,-1,-1
461,8785,536.43835,416.3954,26.482056,20.3768,0.5205623,-1,-1,-1
461,8791,574.86536,372.6388,19.761353,13.972961,0.30406103,-1,-1,-1
461,8882,602.9659,390.59225,22.935547,16.598907,0.5338878,-1,-1,-1
462,8723,571.39386,390.56564,24.273071,18.266571,0.7134764,-1,-1,-1
462,8871,556.8175,335.30746,19.431335,11.995056,0.46863115,-1,-1,-1
462,8821,531.7609,374.14145,15.746826,13.453278,0.65791416,-1,-1,-1
462,8835,525.3794,406.8167,23.928772,16.890076,0.71689457,-1,-1,-1
462,8785,537.39386,416.57382,26.272156,19.779114,0.48059043,-1,-1,-1
462,8882,603.3284,390.3219,23.546509,16.29889,0.50844795,-1,-1,-1
462,8847,491.9287,449.41385,30.950989,24.018402,0.26396927,-1,-1,-1
463,8723,571.9232,390.20135,24.974182,18.241974,0.7999074,-1,-1,-1
463,8871,556.39856,335.3777,19.086731,12.238861,0.5742339,-1,-1,-1
463,8821,531.6246,373.57516,16.567688,13.579529,0.6256309,-1,-1,-1
463,8835,526.6173,406.53702,23.56189,16.596375,0.7423728,-1,-1,-1
463,8785,538.1352,416.0838,26.164795,19.809906,0.31997436,-1,-1,-1
463,8882,603.8052,389.91367,24.504822,15.807617,0.5764987,-1,-1,-1
463,8847,493.44623,449.00333,29.888184,23.924042,0.43647587,-1,-1,-1
463,8791,576.5816,372.05124,19.872864,13.600586,0.56390715,-1,-1,-1
464,8723,572.4746,389.7372,25.006653,18.220001,0.7861002,-1,-1,-1
464,8871,556.0129,335.37415,19.17865,12.360626,0.6333376,-1,-1,-1
464,8821,531.488,373.20053,17.135925,13.592255,0.5527491,-1,-1,-1
464,8835,527.50653,406.13846,23.287964,16.447357,0.4480774,-1,-1,-1
464,8882,605.16364,388.95837,23.678589,15.571869,0.5312158,-1,-1,-1
464,8847,494.66238,448.44705,29.660126,23.893372,0.38219637,-1,-1,-1
464,8791,577.5196,371.5969,21.429443,13.64624,0.5889051,-1,-1,-1
465,8723,573.0487,389.24103,25.036255,18.081696,0.7929563,-1,-1,-1
465,8871,555.7034,335.6385,19.110657,12.28598,0.61532736,-1,-1,-1
465,8821,531.2561,372.60953,16.572327,13.501709,0.42174366,-1,-1,-1
465,8835,528.32227,405.40167,24.024658,16.63797,0.48585436,-1,-1,-1
465,8882,605.9903,388.27557,24.133667,15.573975,0.5613989,-1,-1,-1
465,8847,495.64853,447.74615,30.078217,23.959686,0.4478732,-1,-1,-1
465,8791,578.2416,371.14856,20.712097,13.626862,0.3384759,-1,-1,-1
466,8723,573.36145,388.98563,25.245483,17.897491,0.77396834,-1,-1,-1
466,8871,555.3382,335.97687,19.246521,12.113098,0.50046515,-1,-1,-1
466,8821,530.99774,372.26462,16.086731,13.334442,0.32790136,-1,-1,-1
466,8882,607.73224,387.62778,23.20404,15.429108,0.5315238,-1,-1,-1
466,8847,496.5819,447.37576,30.322083,24.08014,0.47702742,-1,-1,-1
467,8723,573.7075,388.59915,25.194885,18.055237,0.74346495,-1,-1,-1
467,8871,555.01636,336.43393,19.25586,11.87323,0.39732128,-1,-1,-1
467,8882,609.6555,386.90707,22.618652,15.25766,0.45896983,-1,-1,-1
467,8847,497.23425,447.13242,30.593445,23.978607,0.3650041,-1,-1,-1
467,8835,530.11163,404.60965,26.899536,16.037231,0.36367866,-1,-1,-1
468,8723,574.11884,388.052,24.952332,18.247772,0.78628796,-1,-1,-1
468,8871,554.525,336.75696,19.69458,11.911255,0.41144282,-1,-1,-1
468,8882,611.23505,385.69052,21.93988,15.534088,0.60036707,-1,-1,-1
468,8835,531.3157,403.95728,27.818787,16.152405,0.42563072,-1,-1,-1
469,8723,574.96423,387.75235,24.628723,18.244781,0.7833103,-1,-1,-1
469,8871,554.3453,336.97357,20.09314,12.0260315,0.33291152,-1,-1,-1
469,8882,612.56134,384.72748,21.232788,15.596283,0.69293815,-1,-1,-1
469,8835,532.6923,403.19745,29.133606,16.470673,0.48371273,-1,-1,-1
469,8847,499.28326,446.6702,30.686829,23.120544,0.26843566,-1,-1,-1
470,8723,576.0916,387.20535,24.07898,18.261322,0.7705777,-1,-1,-1
470,8871,554.07513,337.27643,20.471619,11.9739685,0.59011203,-1,-1,-1
470,8882,613.73376,383.96573,20.364563,15.204285,0.7347229,-1,-1,-1
470,8835,533.71674,402.55737,29.253601,16.427856,0.504281,-1,-1,-1
470,8847,500.498,446.2183,30.423767,22.8378,0.36604857,-1,-1,-1
470,8791,582.4671,368.65253,19.721802,13.953583,0.37885916,-1,-1,-1
471,8723,577.00256,386.6052,24.589417,18.088654,0.7433276,-1,-1,-1
471,8871,553.70496,337.43558,20.59491,12.010132,0.53903276,-1,-1,-1
471,8882,615.09717,383.08298,19.903137,15.119293,0.7220009,-1,-1,-1
471,8835,534.7292,401.90887,30.119751,16.263428,0.46977255,-1,-1,-1
471,8847,501.25128,445.43475,30.928894,23.08075,0.25672853,-1,-1,-1
471,8791,583.09845,367.37146,19.139832,14.754791,0.49002346,-1,-1,-1
472,8723,577.5537,386.30988,24.420715,18.051514,0.72682345,-1,-1,-1
472,8871,553.17755,337.79037,20.698303,11.994232,0.51126766,-1,-1,-1
472,8882,616.3663,382.4013,19.929382,15.185944,0.638381,-1,-1,-1
472,8835,535.5907,401.40463,31.697327,15.849762,0.4951741,-1,-1,-1
472,8791,583.7185,366.3444,17.75885,15.305481,0.42349502,-1,-1,-1
473,8723,578.4301,386.07953,24.25122,17.910797,0.71879876,-1,-1,-1
473,8871,552.71,338.16858,20.321411,11.903046,0.37659234,-1,-1,-1
473,8882,617.18854,381.86868,20.306519,15.225952,0.53349453,-1,-1,-1
473,8835,536.87286,401.0174,32.57721,15.736572,0.6568084,-1,-1,-1
473,8791,584.25793,365.86792,16.401672,15.26535,0.32731104,-1,-1,-1
473,8887,537.4747,439.0873,30.49231,21.920654,0.6265501,-1,-1,-1
473,8847,503.0924,444.20032,31.547607,23.053589,0.48802295,-1,-1,-1
474,8723,579.09174,385.8556,24.330688,17.67746,0.74774337,-1,-1,-1
474,8871,552.0372,338.49252,19.825623,11.806122,0.4797955,-1,-1,-1
474,8882,617.9337,380.5811,21.156128,15.814178,0.29536447,-1,-1,-1
474,8835,538.2182,400.61676,33.175537,15.814484,0.61223966,-1,-1,-1
474,8791,584.961,365.60992,15.435608,15.002838,0.27294004,-1,-1,-1
474,8887,539.29645,437.52173,30.18689,21.837433,0.5772752,-1,-1,-1
474,8847,504.1153,443.83737,31.646729,23.05661,0.505618,-1,-1,-1
475,8723,579.6981,385.3613,23.980652,17.730347,0.8169946,-1,-1,-1
475,8871,551.59204,338.58514,19.681702,11.821777,0.465879,-1,-1,-1
475,8882,619.0822,379.40036,21.124268,16.248047,0.29341316,-1,-1,-1
475,8835,539.5405,399.84338,33.86377,16.223267,0.6662097,-1,-1,-1
475,8887,541.9914,436.2722,29.607178,21.529327,0.63719153,-1,-1,-1
475,8847,505.40396,443.19614,31.342743,23.159729,0.5426174,-1,-1,-1
476,8723,580.19385,384.86218,23.408081,17.9516,0.8064153,-1,-1,-1
476,8871,551.2352,338.73782,19.552673,11.825012,0.39826062,-1,-1,-1
476,8882,619.9769,378.09134,20.746948,16.545288,0.3248676,-1,-1,-1
476,8835,541.0835,399.6909,33.502136,15.839966,0.6036852,-1,-1,-1
476,8887,544.50433,434.95535,28.605652,21.87854,0.7349101,-1,-1,-1
476,8847,506.7145,442.76688,30.862091,23.177246,0.5994393,-1,-1,-1
476,8791,586.5741,364.92166,17.133972,15.148346,0.3665494,-1,-1,-1
477,8723,580.74817,384.432,23.651306,17.930786,0.7834479,-1,-1,-1
477,8871,551.1703,338.7744,20.164856,12.078796,0.41774914,-1,-1,-1
477,8882,620.9096,377.54398,22.665344,15.96579,0.37602326,-1,-1,-1
477,8835,542.28314,398.99908,32.923767,16.254974,0.6355192,-1,-1,-1
477,8887,546.74774,434.09604,28.275085,21.429718,0.8017431,-1,-1,-1
477,8847,507.8693,442.26935,30.614471,22.930664,0.6483076,-1,-1,-1
477,8888,457.34958,455.55695,33.47473,26.071136,0.4683354,-1,-1,-1
477,8867,610.9048,360.61185,25.124573,15.449158,0.30605176,-1,-1,-1
478,8723,581.6613,383.8991,23.237732,18.036926,0.78011626,-1,-1,-1
478,8871,551.1988,338.913,20.188232,12.204437,0.33096525,-1,-1,-1
478,8882,622.0617,376.51675,23.792969,15.909424,0.34264487,-1,-1,-1
478,8835,543.0624,398.37814,32.942627,16.453583,0.7127991,-1,-1,-1
478,8887,548.5792,432.56146,28.590698,21.427979,0.7914652,-1,-1,-1
478,8847,508.9843,441.64313,30.408875,22.89328,0.744216,-1,-1,-1
478,8888,458.18167,455.08182,33.54019,25.746246,0.31523007,-1,-1,-1
479,8723,582.3289,383.6194,22.975586,17.682587,0.7911867,-1,-1,-1
479,8871,550.87494,339.02863,20.237427,12.303009,0.48340756,-1,-1,-1
479,8882,623.2242,376.1083,24.217957,15.619507,0.3920743,-1,-1,-1
479,8835,544.1543,397.75452,31.91449,16.367249,0.76350653,-1,-1,-1
479,8887,550.56305,431.31424,28.512817,20.97705,0.67905027,-1,-1,-1
479,8847,509.86703,440.81537,30.447662,23.15216,0.8060614,-1,-1,-1
479,8888,459.8566,454.46472,33.049805,25.528412,0.439757,-1,-1,-1
479,8791,588.60736,364.0036,17.534973,14.738373,0.38616985,-1,-1,-1
479,8867,610.8811,360.19363,25.50299,15.488281,0.30993003,-1,-1,-1
480,8723,583.3912,383.33914,22.700989,17.72293,0.7408227,-1,-1,-1
480,8871,550.3121,339.22522,20.30719,12.606964,0.32246703,-1,-1,-1
480,8882,624.13214,373.9819,24.686584,17.135345,0.5604239,-1,-1,-1
480,8835,545.2731,397.07874,31.031372,16.0029,0.782895,-1,-1,-1
480,8887,552.286,428.66083,29.563416,22.347504,0.7096146,-1,-1,-1
480,8847,511.03754,440.4937,30.285767,22.927734,0.79407495,-1,-1,-1
480,8888,461.31284,453.74857,33.019836,25.483124,0.260576,-1,-1,-1
480,8785,552.17334,409.19513,26.436157,18.239807,0.3690962,-1,-1,-1
480,8821,525.08826,367.41235,20.6958,14.095123,0.4397283,-1,-1,-1
481,8723,584.1077,383.12805,22.321777,17.608398,0.7430007,-1,-1,-1
481,8871,550.15924,339.92947,19.889343,12.228821,0.4946296,-1,-1,-1
481,8882,624.9509,372.30658,24.338135,18.140564,0.46033272,-1,-1,-1
481,8835,546.1542,396.5021,29.093506,15.702057,0.77709705,-1,-1,-1
481,8887,553.82697,427.79752,29.286987,21.980133,0.65475416,-1,-1,-1
481,8847,512.3091,440.63596,30.14093,22.07193,0.745278,-1,-1,-1
481,8888,463.24246,452.88113,33.00403,24.73584,0.37410712,-1,-1,-1
481,8821,524.6361,367.17188,20.730835,13.98526,0.47478145,-1,-1,-1
481,8791,590.17395,363.67462,16.682129,14.215973,0.27048925,-1,-1,-1
482,8723,584.954,382.5839,21.539246,17.596008,0.73565465,-1,-1,-1
482,8871,549.9614,340.25592,19.563416,12.121979,0.68318605,-1,-1,-1
482,8882,625.61115,369.898,23.50409,19.784302,0.41458145,-1,-1,-1
482,8835,547.00714,395.86398,28.668335,15.970245,0.78316253,-1,-1,-1
482,8887,555.892,426.42444,28.598267,21.894531,0.25162473,-1,-1,-1
482,8847,513.3559,440.22272,30.243958,21.967102,0.7518648,-1,-1,-1
482,8888,464.3829,452.53036,33.360443,25.365479,0.69610864,-1,-1,-1
482,8821,524.0938,366.76297,20.6734,13.832214,0.6211267,-1,-1,-1
482,8791,590.9147,363.40103,16.4469,14.0538025,0.39341393,-1,-1,-1
483,8723,585.7912,381.9,21.132996,17.92337,0.67588663,-1,-1,-1
483,8871,549.6499,340.5025,19.113403,12.104767,0.71365714,-1,-1,-1
483,8835,547.8661,395.4593,27.447754,15.770172,0.76971954,-1,-1,-1
483,8847,514.46326,439.71008,30.371704,21.97644,0.79982954,-1,-1,-1
483,8888,465.35043,452.22617,33.83441,25.401917,0.61672306,-1,-1,-1
483,8821,523.6445,366.4895,20.745972,13.8013,0.69630355,-1,-1,-1
483,8791,591.6104,363.21628,18.07544,14.030975,0.27508998,-1,-1,-1
484,8723,586.39453,381.31384,21.219177,17.91507,0.7301838,-1,-1,-1
484,8871,549.0006,340.69772,18.920837,12.042847,0.66833466,-1,-1,-1
484,8835,548.91626,395.04788,26.581482,15.655609,0.7977871,-1,-1,-1
484,8847,515.59705,439.21658,30.265625,21.979858,0.7772843,-1,-1,-1
484,8888,467.15735,451.65424,33.348053,25.52597,0.4720298,-1,-1,-1
484,8821,523.0773,366.23163,21.23352,13.797943,0.63721424,-1,-1,-1
484,8891,388.8044,510.70657,40.69113,26.082489,0.41071612,-1,-1,-1
484,8887,559.66364,422.47412,26.32898,22.91568,0.4642638,-1,-1,-1
485,8723,587.0058,381.26178,21.122131,17.688477,0.42985076,-1,-1,-1
485,8871,548.6075,340.96527,18.820618,11.966034,0.64144915,-1,-1,-1
485,8835,549.55475,394.84567,25.50055,15.234467,0.7084449,-1,-1,-1
485,8847,516.729,438.64938,30.076172,22.112274,0.70824075,-1,-1,-1
485,8888,468.8463,451.7014,32.22043,24.844208,0.4252771,-1,-1,-1
485,8821,522.69916,366.0392,21.01538,13.697601,0.5935018,-1,-1,-1
485,8891,390.78912,509.78217,41.0607,26.63916,0.33849162,-1,-1,-1
486,8723,587.5784,380.851,21.14618,17.543701,0.6343434,-1,-1,-1
486,8871,548.3793,341.19598,18.825684,12.121521,0.7090038,-1,-1,-1
486,8835,550.41656,394.12854,24.858948,15.423004,0.5941829,-1,-1,-1
486,8847,517.89526,438.14236,30.383911,21.92865,0.7025404,-1,-1,-1
486,8888,469.90274,451.00018,32.355713,24.444397,0.29778156,-1,-1,-1
486,8821,522.1663,365.8976,21.740295,13.489868,0.6200325,-1,-1,-1
486,8891,393.02652,508.74008,40.53897,27.186493,0.30001846,-1,-1,-1
487,8723,588.07416,380.0795,21.241455,17.835815,0.59831446,-1,-1,-1
487,8871,548.11755,341.18515,19.08783,12.480072,0.6586363,-1,-1,-1
487,8835,551.5771,393.66843,24.206848,15.407349,0.66802216,-1,-1,-1
487,8847,519.01984,437.6721,30.238037,21.800232,0.63931656,-1,-1,-1
487,8888,470.84677,450.12125,32.05783,24.241028,0.5012574,-1,-1,-1
487,8821,521.4945,365.5979,20.609314,13.329803,0.53858036,-1,-1,-1
487,8891,394.82285,507.74677,41.231873,27.847656,0.26581866,-1,-1,-1
488,8723,588.9145,379.7746,20.893005,17.585724,0.41765928,-1,-1,-1
488,8871,547.6899,341.39938,19.251099,12.750183,0.5733894,-1,-1,-1
488,8835,552.78986,393.2569,23.674683,15.262421,0.5775454,-1,-1,-1
488,8847,520.0252,437.0639,30.347351,21.913727,0.40954474,-1,-1,-1
488,8888,472.18594,449.5973,31.518646,24.240112,0.26758868,-1,-1,-1
488,8821,520.7763,365.22687,19.553345,13.232025,0.33157435,-1,-1,-1
489,8723,589.6547,379.80127,20.000305,16.890747,0.5559443,-1,-1,-1
489,8871,547.4859,341.8695,19.10205,12.628021,0.53578067,-1,-1,-1
489,8835,553.58466,392.6129,23.413086,15.086304,0.5860727,-1,-1,-1
489,8847,520.99994,436.7346,29.932922,21.79364,0.5283253,-1,-1,-1
489,8888,473.81827,448.9075,31.36966,24.203888,0.32211623,-1,-1,-1
489,8821,520.0799,364.93292,20.088867,13.239777,0.37438053,-1,-1,-1
489,8891,399.31238,506.2205,39.751984,27.850067,0.46385777,-1,-1,-1
490,8723,590.4554,379.87836,19.397705,16.323914,0.3571132,-1,-1,-1
490,8871,547.25714,342.1233,19.019348,12.6026,0.5558685,-1,-1,-1
490,8835,554.53876,392.0775,23.32367,14.895508,0.44157708,-1,-1,-1
490,8847,522.06555,436.4364,29.506592,21.358948,0.43761364,-1,-1,-1
490,8821,519.3296,364.71655,20.955261,13.068787,0.4173343,-1,-1,-1
490,8891,400.87723,505.2666,39.20056,27.526794,0.3877367,-1,-1,-1
491,8871,546.7216,342.4891,19.24884,12.622345,0.5212052,-1,-1,-1
491,8835,555.1073,391.64362,23.636414,14.755981,0.53779364,-1,-1,-1
491,8847,522.82104,435.66916,29.759155,21.706818,0.5713822,-1,-1,-1
491,8891,402.54196,504.48773,40.73593,27.374695,0.31254405,-1,-1,-1
491,8888,476.5613,447.36838,31.373535,24.546295,0.36855116,-1,-1,-1
492,8871,546.35693,342.7903,19.274658,12.674591,0.39692965,-1,-1,-1
492,8835,555.70557,391.1082,23.486023,14.416412,0.5405868,-1,-1,-1
492,8847,523.734,435.515,29.511719,21.325195,0.5516119,-1,-1,-1
492,8891,404.53577,503.31244,39.693573,27.743347,0.38363183,-1,-1,-1
492,8888,477.5287,446.62656,31.688324,24.690704,0.57398045,-1,-1,-1
492,8723,591.62714,379.49564,18.410767,16.06305,0.3226078,-1,-1,-1
493,8835,556.73114,390.7046,23.067993,14.105469,0.37715548,-1,-1,-1
493,8847,524.692,435.28766,29.574402,21.144714,0.45277667,-1,-1,-1
493,8891,406.3185,502.2522,38.706085,27.919617,0.5015342,-1,-1,-1
494,8891,408.13107,501.4035,37.946228,27.678284,0.33522546,-1,-1,-1
494,8871,545.45355,343.3525,20.223022,12.973145,0.29414108,-1,-1,-1
494,8888,480.27716,445.6705,31.210297,24.570251,0.34081247,-1,-1,-1
495,8891,410.20465,500.60867,38.06372,27.604279,0.4090184,-1,-1,-1
495,8888,481.52744,445.7273,30.857758,24.035706,0.3366006,-1,-1,-1
496,8891,411.89966,500.09305,36.449127,27.13736,0.5615438,-1,-1,-1
497,8891,413.9156,499.01395,35.25305,26.917206,0.5784761,-1,-1,-1
497,8888,483.5422,444.5506,30.749176,23.261322,0.30777043,-1,-1,-1
498,8891,415.55844,498.04724,35.819885,26.924866,0.37478408,-1,-1,-1
499,8891,417.87375,497.47067,35.240234,26.547699,0.67778987,-1,-1,-1
500,8891,419.95197,496.92477,35.593994,26.306915,0.6767342,-1,-1,-1
500,8888,488.61884,442.60446,29.795715,23.516754,0.37738124,-1,-1,-1
501,8891,421.4265,496.12085,36.345367,26.442444,0.47130686,-1,-1,-1
501,8888,489.90796,441.74707,29.4057,23.838867,0.36741057,-1,-1,-1
502,8891,423.7423,495.16187,34.14908,26.049255,0.437103,-1,-1,-1
502,8888,490.51178,441.03027,29.780396,23.982727,0.25986984,-1,-1,-1
503,8891,425.5562,494.184,34.054504,25.80832,0.6198102,-1,-1,-1
504,8891,427.06583,493.29333,34.576782,25.784302,0.637512,-1,-1,-1
505,8891,428.76895,491.8764,34.3844,25.949524,0.65214014,-1,-1,-1
506,8891,431.23636,491.23434,33.622528,25.65982,0.6800363,-1,-1,-1
507,8891,432.90677,490.53326,34.209534,25.862427,0.7816021,-1,-1,-1
507,8871,539.7505,346.07346,20.714905,14.093292,0.36735362,-1,-1,-1
508,8891,434.40698,489.48654,34.572815,26.319489,0.67267305,-1,-1,-1
509,8891,436.58694,488.59058,33.787994,26.46399,0.5356348,-1,-1,-1
510,8891,438.252,488.19287,33.573517,26.073486,0.580823,-1,-1,-1
510,8871,539.0002,347.0715,20.630981,13.847382,0.2740642,-1,-1,-1
511,8891,439.77966,487.69217,33.092987,25.595245,0.5921701,-1,-1,-1
511,8871,538.5348,347.1555,20.714966,13.968933,0.27188048,-1,-1,-1
511,8888,502.74066,435.31467,27.817139,23.566956,0.3989812,-1,-1,-1
512,8891,441.55548,486.37973,32.939972,26.132477,0.53744775,-1,-1,-1
512,8888,503.24878,434.9449,27.733398,23.591156,0.36096025,-1,-1,-1
513,8891,443.64484,485.6817,32.496246,25.882507,0.48560828,-1,-1,-1
513,8888,504.6156,434.3716,27.321045,23.802368,0.41494003,-1,-1,-1
514,8891,445.604,484.9675,33.01645,25.598999,0.48629984,-1,-1,-1
515,8891,446.80356,484.13855,34.0448,25.85263,0.57999057,-1,-1,-1
516,8891,448.58505,483.22897,33.50357,25.957611,0.4005863,-1,-1,-1
517,8891,450.4174,482.49454,32.792297,25.968262,0.4460583,-1,-1,-1
518,8891,451.8815,481.66238,31.62616,25.598633,0.5585683,-1,-1,-1
519,8891,453.31818,480.83075,31.21991,25.325012,0.45553896,-1,-1,-1
520,8891,454.95105,479.95746,30.874634,25.246216,0.57920545,-1,-1,-1
521,8891,456.98267,478.79407,30.313354,25.400543,0.6376976,-1,-1,-1
521,8871,533.1745,350.85168,20.587585,13.8815,0.30903774,-1,-1,-1
522,8891,458.55972,477.9253,30.379242,25.652283,0.7829255,-1,-1,-1
522,8871,532.7618,351.1911,20.644775,13.867493,0.5372612,-1,-1,-1
523,8891,460.15057,477.10748,30.994263,25.81839,0.58924234,-1,-1,-1
523,8871,532.3314,351.271,21.269714,14.350769,0.5543251,-1,-1,-1
524,8891,461.91632,476.63245,30.862732,25.723602,0.62739515,-1,-1,-1
524,8871,531.77344,351.65433,21.576355,14.454254,0.55562526,-1,-1,-1
525,8891,463.76794,475.90933,30.120667,25.85846,0.72549176,-1,-1,-1
525,8871,531.328,352.09607,21.762207,14.247162,0.5673798,-1,-1,-1
525,8898,512.4493,456.77316,31.465271,26.114319,0.48376393,-1,-1,-1
526,8891,465.3768,475.1368,29.640991,25.631104,0.7310612,-1,-1,-1
526,8871,530.96735,352.7253,21.553162,13.797455,0.4616555,-1,-1,-1
527,8891,467.05273,474.27673,29.424347,25.630096,0.6439562,-1,-1,-1
527,8871,530.20337,353.35556,22.259155,13.397491,0.4147242,-1,-1,-1
528,8891,469.2159,472.99884,28.971436,25.701996,0.58147645,-1,-1,-1
528,8871,529.52045,353.53372,20.971497,13.39093,0.25490853,-1,-1,-1
529,8891,470.9416,472.38428,28.641449,25.277802,0.6098757,-1,-1,-1
530,8891,472.05997,471.80402,28.964996,25.212128,0.4944596,-1,-1,-1
533,8900,421.7543,516.675,38.887054,21.328125,0.41941896,-1,-1,-1
534,8900,423.26752,515.8251,39.412476,22.16272,0.47624603,-1,-1,-1
535,8900,425.1566,514.9868,39.095154,22.997742,0.48802176,-1,-1,-1
536,8900,426.58777,514.0053,39.041077,23.96521,0.5975033,-1,-1,-1
537,8900,428.092,512.9579,39.446655,24.960144,0.6134951,-1,-1,-1
538,8900,429.8194,512.0682,39.319977,25.642395,0.47127217,-1,-1,-1
539,8900,431.6484,511.20688,39.073425,26.298553,0.4486788,-1,-1,-1
539,8901,624.5974,369.99933,17.929626,23.43103,0.48244482,-1,-1,-1
540,8900,433.07852,510.3474,39.36792,27.24762,0.671081,-1,-1,-1
541,8900,434.87955,509.7202,39.713226,27.860657,0.46510312,-1,-1,-1
542,8900,437.19644,509.0171,39.130463,28.63739,0.54927254,-1,-1,-1
542,8871,520.6949,357.40158,20.212402,15.684662,0.29105762,-1,-1,-1
543,8900,439.03992,508.0345,38.807983,29.60968,0.7342388,-1,-1,-1
543,8871,520.68176,357.85727,21.484741,15.824554,0.29320937,-1,-1,-1
543,8901,625.16113,371.06088,20.727356,19.63916,0.53265995,-1,-1,-1
544,8900,440.96997,506.82785,38.752075,30.660492,0.7141211,-1,-1,-1
544,8871,519.85156,358.2449,20.417053,15.822296,0.3108968,-1,-1,-1
544,8901,625.95447,370.23486,19.749329,19.660645,0.35007447,-1,-1,-1
545,8900,442.9744,506.06848,38.53186,30.77069,0.65337753,-1,-1,-1
546,8900,445.1691,505.2392,38.229156,30.83551,0.7598886,-1,-1,-1
547,8900,446.81958,504.26715,37.89569,31.156311,0.7520936,-1,-1,-1
548,8900,448.49353,503.11414,38.098114,31.77594,0.6087097,-1,-1,-1
549,8900,450.33054,502.00488,37.6481,32.22522,0.65635675,-1,-1,-1
549,8901,630.0709,363.42862,17.049377,23.438019,0.32584396,-1,-1,-1
550,8900,452.17825,501.31635,36.974884,32.281372,0.72507757,-1,-1,-1
550,8905,618.3206,337.38385,31.35138,18.751678,0.3420045,-1,-1,-1
551,8900,454.22263,500.68094,36.498352,32.22458,0.7364437,-1,-1,-1
551,8905,618.0397,337.53622,30.927002,18.549225,0.3111866,-1,-1,-1
552,8900,456.01233,499.91193,36.765167,31.919983,0.7245508,-1,-1,-1
552,8905,618.4758,338.0385,29.909424,17.739624,0.3256353,-1,-1,-1
553,8900,458.0292,498.86383,36.06897,31.485962,0.7688084,-1,-1,-1
554,8900,459.63135,497.8186,35.97119,31.626526,0.66952395,-1,-1,-1
555,8900,461.2038,497.09576,35.452637,31.818787,0.46231115,-1,-1,-1
556,8900,462.94595,496.23004,35.322327,32.66272,0.27207384,-1,-1,-1
556,8871,512.7051,363.9823,20.321472,15.951996,0.42497027,-1,-1,-1
557,8900,464.58905,495.53708,35.471344,31.663483,0.5569698,-1,-1,-1
557,8871,512.1544,364.58997,19.709106,15.545563,0.4107558,-1,-1,-1
558,8900,466.44293,494.3985,35.21216,30.711304,0.70680684,-1,-1,-1
558,8871,511.8957,365.19528,19.814453,15.3785095,0.6399222,-1,-1,-1
559,8900,468.8265,493.3453,34.39975,30.25534,0.7451569,-1,-1,-1
559,8871,511.33487,365.48267,20.017303,15.480682,0.6930061,-1,-1,-1
559,8907,551.53784,369.57596,18.289673,14.94104,0.38257203,-1,-1,-1
560,8900,470.65488,492.59106,34.404816,30.106628,0.6993688,-1,-1,-1
560,8871,510.9708,365.87204,19.381012,15.410126,0.6596788,-1,-1,-1
560,8907,551.26855,369.6504,18.509766,15.29541,0.3240925,-1,-1,-1
561,8900,471.896,492.04636,34.202637,29.695099,0.7735089,-1,-1,-1
561,8871,510.49457,365.9339,19.27356,15.926361,0.706937,-1,-1,-1
561,8907,550.63245,369.91727,19.62146,15.62207,0.47215956,-1,-1,-1
562,8900,473.45425,490.94006,33.77542,29.61847,0.77245957,-1,-1,-1
562,8871,509.75784,365.8678,19.445343,16.32135,0.6388214,-1,-1,-1
562,8907,549.9985,370.00684,19.284485,15.712433,0.3546875,-1,-1,-1
563,8900,475.00772,489.99484,33.70694,29.594757,0.7777867,-1,-1,-1
563,8871,508.81955,366.09247,19.789398,16.404602,0.696945,-1,-1,-1
563,8907,549.3433,370.43738,18.806519,15.605804,0.34847254,-1,-1,-1
563,8908,579.78217,402.9925,20.269043,18.916412,0.4758142,-1,-1,-1
563,8909,491.96515,509.35794,35.690308,27.590912,0.45743328,-1,-1,-1
564,8900,476.45804,488.8024,33.824768,29.949677,0.7594035,-1,-1,-1
564,8871,508.3829,366.38388,20.145844,16.534637,0.7279303,-1,-1,-1
564,8907,548.7863,370.59665,18.739014,15.842133,0.43161765,-1,-1,-1
564,8908,580.4958,402.6964,20.60968,18.98938,0.5406475,-1,-1,-1
564,8909,493.41718,508.27643,35.586487,28.824036,0.6069406,-1,-1,-1
565,8900,478.0066,487.96866,33.882874,29.542938,0.7143388,-1,-1,-1
565,8871,507.82703,366.88474,19.957031,16.428772,0.77737164,-1,-1,-1
565,8907,548.17615,371.08835,18.356323,15.682434,0.47692972,-1,-1,-1
565,8908,581.3488,402.88602,19.955566,18.362976,0.63356835,-1,-1,-1
565,8909,495.3943,505.9396,35.240906,30.81717,0.42913708,-1,-1,-1
566,8900,479.60712,487.08176,33.825195,29.53543,0.73705906,-1,-1,-1
566,8871,507.19998,367.29868,19.775482,16.305573,0.763251,-1,-1,-1
566,8907,547.79974,371.4636,17.973389,15.719238,0.522753,-1,-1,-1
566,8908,582.0439,402.53674,19.66278,18.328796,0.6530673,-1,-1,-1
566,8909,497.501,505.21133,34.440277,31.033356,0.38124117,-1,-1,-1
566,8911,535.10803,342.41528,20.735657,18.020477,0.42068776,-1,-1,-1
566,8912,602.4468,372.20844,16.738098,15.413483,0.36735362,-1,-1,-1
567,8900,481.64462,486.50296,32.678986,29.48349,0.6884382,-1,-1,-1
567,8871,506.5179,367.71838,19.9346,16.405334,0.72672683,-1,-1,-1
567,8907,547.44666,371.5257,17.793762,16.187897,0.33990198,-1,-1,-1
567,8908,582.3705,402.11005,19.358337,18.124664,0.62492275,-1,-1,-1
567,8909,499.10583,504.92404,34.002197,30.7695,0.45504925,-1,-1,-1
567,8912,602.4866,371.97946,15.988647,15.06308,0.28008935,-1,-1,-1
568,8900,483.48965,485.81958,32.091766,29.144653,0.6243432,-1,-1,-1
568,8871,506.06274,368.01944,19.833313,16.490234,0.7433081,-1,-1,-1
568,8908,582.8895,401.62845,19.023376,17.96936,0.6417579,-1,-1,-1
568,8909,501.19302,504.3198,33.221954,30.7034,0.4476862,-1,-1,-1
569,8900,484.9881,484.8721,31.985474,28.733734,0.7487944,-1,-1,-1
569,8871,505.7743,368.4823,19.747803,16.334656,0.7906486,-1,-1,-1
569,8908,583.2146,400.592,18.961609,18.156464,0.7226652,-1,-1,-1
569,8909,502.5722,503.69363,33.532227,31.156586,0.5223428,-1,-1,-1
569,8911,532.90137,343.68835,21.303162,17.009094,0.37090728,-1,-1,-1
569,8907,546.4478,371.9813,17.696411,16.50354,0.3115152,-1,-1,-1
569,8912,603.6986,371.6171,15.892456,14.859558,0.27747586,-1,-1,-1
570,8900,486.35812,484.18103,32.02011,28.449768,0.7814117,-1,-1,-1
570,8871,505.33282,368.87622,20.084106,16.376892,0.78474724,-1,-1,-1
570,8908,583.6993,400.4765,18.578186,17.8255,0.73253435,-1,-1,-1
570,8909,504.15134,503.6745,32.828217,31.089905,0.52159184,-1,-1,-1
570,8907,545.90845,372.94833,18.02063,16.047424,0.38735545,-1,-1,-1
570,8912,603.61774,371.32553,15.646606,14.656525,0.2770856,-1,-1,-1
571,8900,487.84064,483.2964,32.0744,27.893158,0.72186387,-1,-1,-1
571,8871,505.0245,369.25305,20.907257,16.475891,0.77211714,-1,-1,-1
571,8908,584.2524,399.9588,18.432312,17.824219,0.7321892,-1,-1,-1
572,8900,489.45358,482.3668,31.878387,27.951813,0.78934026,-1,-1,-1
572,8871,504.6722,369.57584,21.107819,16.405243,0.79613864,-1,-1,-1
572,8908,584.70526,399.7268,18.86084,17.77362,0.75242746,-1,-1,-1
572,8909,507.23538,503.25528,32.664886,29.534698,0.5953074,-1,-1,-1
572,8912,603.98914,370.39648,15.196777,14.970673,0.30530217,-1,-1,-1
573,8900,490.73822,481.654,31.894043,27.869812,0.8391865,-1,-1,-1
573,8871,503.99426,369.89185,21.075989,16.59259,0.80311775,-1,-1,-1
573,8908,585.27313,399.27606,18.962036,17.917755,0.7639883,-1,-1,-1
573,8909,508.51596,501.92502,32.748383,30.071625,0.76201135,-1,-1,-1
573,8912,603.83307,370.18527,15.94281,14.779968,0.39759278,-1,-1,-1
574,8900,491.97974,480.90146,32.11853,27.90857,0.8397242,-1,-1,-1
574,8871,503.4524,370.37073,20.820618,16.474457,0.8069952,-1,-1,-1
574,8908,585.70264,399.05502,18.837646,17.702332,0.7570516,-1,-1,-1
574,8909,509.55518,501.07758,32.73944,30.245544,0.72007406,-1,-1,-1
574,8912,603.79486,370.2224,15.06958,14.330627,0.27373952,-1,-1,-1
575,8900,493.42484,480.13794,31.819183,27.754852,0.8045603,-1,-1,-1
575,8871,502.88412,371.06775,20.289642,16.143158,0.7632652,-1,-1,-1
575,8908,586.02637,399.0615,18.47705,17.23468,0.71140504,-1,-1,-1
575,8909,510.67032,500.55624,32.636993,30.173187,0.7490935,-1,-1,-1
575,8912,603.6034,369.852,15.533569,13.984009,0.37882704,-1,-1,-1
576,8900,495.11853,479.45145,30.953125,27.471252,0.7871356,-1,-1,-1
576,8871,502.39838,371.60056,19.623596,16.151886,0.75424,-1,-1,-1
576,8908,586.3109,399.13492,18.595398,16.747772,0.6539803,-1,-1,-1
576,8909,512.2233,500.3867,32.43036,29.629852,0.6115848,-1,-1,-1
576,8924,560.9054,402.68246,18.88263,18.728119,0.45195618,-1,-1,-1
577,8900,496.62854,478.5849,30.620728,26.75064,0.78773844,-1,-1,-1
577,8871,501.90344,372.12662,19.060608,15.962097,0.7286821,-1,-1,-1
577,8908,586.42346,398.90982,18.650879,16.489075,0.67277193,-1,-1,-1
577,8909,513.03326,498.53934,33.431458,30.803253,0.48603305,-1,-1,-1
577,8928,527.75006,440.2148,22.751892,22.271484,0.5425686,-1,-1,-1
578,8900,497.90353,478.03217,30.83487,26.685547,0.8309419,-1,-1,-1
578,8871,501.24173,372.79556,18.989777,15.663727,0.69418323,-1,-1,-1
578,8908,586.8894,398.95154,18.966797,15.98584,0.57015884,-1,-1,-1
578,8909,514.41144,498.20084,32.779663,30.365204,0.60011584,-1,-1,-1
578,8928,528.168,439.8268,23.36029,22.089325,0.5404549,-1,-1,-1
579,8900,499.24435,477.3903,30.694977,26.5047,0.8348977,-1,-1,-1
579,8871,500.6304,373.13782,18.955353,15.764313,0.6784847,-1,-1,-1
579,8908,587.30884,398.37292,24.327454,16.428589,0.65940434,-1,-1,-1
579,8909,515.6936,497.31818,32.43451,30.6333,0.37869534,-1,-1,-1
579,8928,529.0694,439.4145,23.584778,21.763397,0.5620481,-1,-1,-1
579,8907,541.5998,377.1998,18.314697,15.762268,0.25724432,-1,-1,-1
580,8900,500.52173,476.57703,30.7594,26.638184,0.8106516,-1,-1,-1
580,8871,500.03503,373.98322,18.74591,15.141388,0.6701997,-1,-1,-1
580,8908,587.6317,397.93637,27.693665,16.690765,0.6860608,-1,-1,-1
580,8909,516.8404,497.0022,32.04669,30.187866,0.3810308,-1,-1,-1
580,8928,530.05426,439.10733,23.330505,21.209503,0.2597158,-1,-1,-1
581,8900,501.60208,475.61752,30.992462,27.128723,0.80520993,-1,-1,-1
581,8871,499.55066,374.24088,18.711914,15.3619995,0.65846044,-1,-1,-1
581,8908,587.90625,397.2892,31.382446,17.157074,0.7321249,-1,-1,-1
581,8909,518.11487,496.2983,32.135742,30.265228,0.3522579,-1,-1,-1
582,8900,503.08298,475.07175,30.524994,26.88617,0.75737387,-1,-1,-1
582,8871,499.03964,375.02927,18.829254,14.960358,0.4727163,-1,-1,-1
582,8908,588.62286,396.83157,31.426819,16.97113,0.7011093,-1,-1,-1
582,8909,519.8153,495.36172,32.046997,30.452484,0.34595412,-1,-1,-1
582,8924,563.13635,400.7859,18.32367,17.879059,0.4779825,-1,-1,-1
583,8900,504.0641,474.18134,30.652283,26.940033,0.7103808,-1,-1,-1
583,8871,498.56992,375.35687,18.91275,15.123413,0.49484017,-1,-1,-1
583,8908,589.06165,396.43216,32.160156,16.705505,0.64374256,-1,-1,-1
584,8900,505.4411,473.4003,30.164429,27.027283,0.7839946,-1,-1,-1
584,8871,497.9934,376.06827,19.221619,14.854248,0.49764922,-1,-1,-1
584,8908,589.6449,396.48465,31.893433,16.21286,0.6402412,-1,-1,-1
584,8924,564.20825,400.8856,17.752869,16.964294,0.31282207,-1,-1,-1
585,8900,506.92746,472.66696,29.609344,26.993164,0.79200435,-1,-1,-1
585,8871,497.34988,376.6379,19.628815,15.082611,0.66172266,-1,-1,-1
585,8908,589.94763,396.3618,32.432434,16.10202,0.6691328,-1,-1,-1
585,8924,565.07556,400.85104,17.518799,16.55896,0.30965248,-1,-1,-1
586,8900,508.62323,472.1987,28.840332,26.40921,0.83191407,-1,-1,-1
586,8871,496.91287,377.14722,19.836578,15.138092,0.7144682,-1,-1,-1
586,8908,590.44305,396.42535,31.6698,15.633728,0.60727245,-1,-1,-1
586,8907,538.19116,381.3136,18.396118,15.19931,0.25517225,-1,-1,-1
587,8900,509.6531,471.40167,29.034637,26.320984,0.8075038,-1,-1,-1
587,8871,496.48492,377.516,19.292603,15.2969055,0.6571806,-1,-1,-1
587,8908,590.73804,395.96967,31.251343,15.835785,0.6190742,-1,-1,-1
588,8900,510.60672,470.81085,29.075226,26.19873,0.7833018,-1,-1,-1
588,8871,495.83652,378.2595,18.747772,15.210907,0.63521755,-1,-1,-1
588,8908,590.7554,396.01736,27.726196,15.549591,0.4143792,-1,-1,-1
588,8934,571.77045,420.92563,25.668274,21.399323,0.45306602,-1,-1,-1
588,8907,537.6637,382.2,17.946167,15.50943,0.26252082,-1,-1,-1
589,8900,511.64792,470.2121,28.950165,25.870148,0.7513552,-1,-1,-1
589,8871,495.11176,378.8321,18.078186,15.300354,0.65993315,-1,-1,-1
589,8908,590.42377,395.87088,25.995361,15.448822,0.39550987,-1,-1,-1
589,8934,572.2515,420.50198,24.847412,21.466736,0.28788784,-1,-1,-1
589,8907,537.0401,382.71106,17.46112,15.434235,0.28998768,-1,-1,-1
589,8909,528.6123,492.34213,29.796204,28.577545,0.34356624,-1,-1,-1
590,8900,513.04877,469.47842,28.760498,25.830688,0.7681236,-1,-1,-1
590,8871,494.37958,379.3661,18.138306,15.214722,0.678811,-1,-1,-1
590,8908,590.7685,395.5397,26.27063,15.569611,0.35703906,-1,-1,-1
590,8934,572.723,420.11935,24.622253,21.59378,0.47746682,-1,-1,-1
590,8907,536.3965,383.17685,17.776855,15.471344,0.37381244,-1,-1,-1
590,8909,529.90546,491.50345,29.39032,28.242523,0.2647278,-1,-1,-1
591,8900,514.1166,468.61356,29.163025,25.705017,0.6775849,-1,-1,-1
591,8871,493.6234,379.78506,18.37378,15.289001,0.6087467,-1,-1,-1
591,8908,591.15765,395.2192,28.448242,15.615112,0.42643824,-1,-1,-1
591,8909,530.91943,491.2379,29.25946,28.018005,0.26877084,-1,-1,-1
592,8900,515.6704,467.92712,28.6333,25.496185,0.69689786,-1,-1,-1
592,8871,493.06082,380.4589,18.719604,15.0147705,0.67868185,-1,-1,-1
592,8909,532.2683,490.87872,28.682495,27.915894,0.43886712,-1,-1,-1
593,8900,516.622,467.2769,28.32843,25.323792,0.63652503,-1,-1,-1
593,8871,492.48367,380.77905,18.767487,15.192444,0.642386,-1,-1,-1
594,8900,517.86053,466.6881,27.890564,24.975708,0.81054425,-1,-1,-1
594,8871,491.89093,381.62024,18.741028,14.89624,0.50654256,-1,-1,-1
594,8908,592.26483,393.66516,30.359558,15.885254,0.28598508,-1,-1,-1
594,8909,534.3834,490.70557,28.80365,26.867859,0.50315994,-1,-1,-1
595,8900,518.88837,466.07504,27.649658,24.89215,0.59878564,-1,-1,-1
595,8871,490.99106,382.0907,18.959381,14.947174,0.5099524,-1,-1,-1
595,8909,535.06903,490.6444,28.770325,26.342041,0.25655514,-1,-1,-1
596,8900,520.0207,465.3051,27.110413,24.905823,0.6167695,-1,-1,-1
596,8871,490.38235,382.43002,19.024933,15.157379,0.651897,-1,-1,-1
596,8912,604.7449,363.922,13.437378,13.432709,0.36170897,-1,-1,-1
597,8900,520.9175,464.77237,26.88617,24.840698,0.56431866,-1,-1,-1
597,8871,489.7556,382.867,19.149567,15.063721,0.6280009,-1,-1,-1
598,8900,522.08514,463.8524,26.36023,25.025665,0.36352366,-1,-1,-1
598,8871,489.0932,383.14948,19.234589,15.173645,0.6853154,-1,-1,-1
599,8900,522.9352,463.28583,26.463501,24.792328,0.29932597,-1,-1,-1
599,8871,488.70532,383.9225,18.941406,14.905365,0.69763225,-1,-1,-1
600,8900,523.84375,462.7877,26.5083,24.613007,0.2862509,-1,-1,-1
600,8871,488.19568,384.43692,18.52295,15.134491,0.47676665,-1,-1,-1
601,8900,524.5112,462.28268,26.358215,24.456573,0.39224932,-1,-1,-1
601,8871,487.84302,385.0969,18.417725,15.281708,0.56862354,-1,-1,-1
602,8871,487.35934,385.5626,18.392761,15.472961,0.4050237,-1,-1,-1
603,8871,486.39105,386.05862,19.084625,15.783112,0.43039772,-1,-1,-1
605,8871,484.80142,386.92706,19.938324,16.444336,0.43469715,-1,-1,-1
606,8871,484.29367,387.7308,19.762634,16.155426,0.37193662,-1,-1,-1
607,8871,483.0508,388.0268,20.518768,16.429535,0.3962347,-1,-1,-1
608,8871,482.09708,388.81677,21.021576,16.21106,0.73029494,-1,-1,-1
608,8907,526.42676,393.28583,18.031555,16.371796,0.25736058,-1,-1,-1
609,8871,481.49658,389.01016,20.454498,16.58847,0.61379987,-1,-1,-1
609,8907,525.75,394.03787,17.72992,16.254913,0.3168424,-1,-1,-1
610,8871,480.92975,389.3758,20.506744,16.800507,0.74314165,-1,-1,-1
610,8907,525.44977,394.6207,17.98114,16.215942,0.4366502,-1,-1,-1
610,8900,530.89526,456.3185,26.458984,23.738037,0.2603687,-1,-1,-1
611,8871,480.299,390.1732,19.9039,16.79953,0.66055053,-1,-1,-1
611,8907,524.8298,395.15878,18.675293,16.590118,0.36434722,-1,-1,-1
611,8900,531.7778,455.72495,26.142212,23.361816,0.32024595,-1,-1,-1
612,8871,479.42572,390.75125,20.324493,16.900848,0.7724574,-1,-1,-1
612,8907,523.9841,395.87967,18.23523,16.610962,0.28728604,-1,-1,-1
612,8900,532.5006,455.2298,25.595642,23.102783,0.51563,-1,-1,-1
612,8950,493.04544,513.07715,31.883636,24.916565,0.3706909,-1,-1,-1
612,8951,593.2482,387.95337,18.124756,14.842316,0.40479097,-1,-1,-1
613,8871,478.58548,391.55386,20.836212,16.630981,0.73792535,-1,-1,-1
613,8907,523.4899,396.14825,19.897705,17.128937,0.25321034,-1,-1,-1
613,8900,533.1872,454.66104,25.216064,23.209625,0.519385,-1,-1,-1
613,8950,493.56204,512.1777,31.899384,25.69873,0.2953067,-1,-1,-1
613,8951,593.05035,387.7832,18.219849,14.905518,0.42109004,-1,-1,-1
614,8871,477.6978,391.98676,21.14502,16.871002,0.7821891,-1,-1,-1
614,8900,533.8834,454.09814,24.62378,23.196472,0.5768874,-1,-1,-1
614,8950,494.33978,511.24146,32.28888,26.714172,0.4209064,-1,-1,-1
614,8951,593.0048,387.58115,17.867676,15.041504,0.42564845,-1,-1,-1
615,8871,476.97595,392.77872,21.773804,16.796692,0.7195484,-1,-1,-1
615,8900,534.24744,453.43555,24.556458,23.305023,0.48610687,-1,-1,-1
615,8950,495.41632,510.32828,32.355225,27.59616,0.55665636,-1,-1,-1
615,8951,593.1332,387.17267,17.602783,15.38623,0.43746534,-1,-1,-1
616,8871,476.1069,393.52985,21.896362,16.6203,0.7520787,-1,-1,-1
616,8900,534.6237,452.84143,24.461792,23.34674,0.5038132,-1,-1,-1
616,8950,497.36163,509.60822,32.102844,27.955505,0.5873866,-1,-1,-1
616,8951,593.20233,386.73428,17.329224,15.554565,0.41503796,-1,-1,-1
617,8871,475.82578,394.2472,21.033691,16.59488,0.73871875,-1,-1,-1
617,8950,498.985,509.02014,31.821228,28.304626,0.5154738,-1,-1,-1
617,8951,593.66125,386.3785,16.807495,15.418915,0.44148886,-1,-1,-1
617,8912,601.485,357.66714,13.418152,13.293488,0.34101692,-1,-1,-1
617,8907,520.3524,398.96506,17.790466,16.881165,0.27949268,-1,-1,-1
618,8871,475.04462,394.83762,20.821442,16.514221,0.78409266,-1,-1,-1
618,8950,500.44843,508.26303,31.195312,28.498383,0.5622159,-1,-1,-1
618,8951,593.7558,386.23083,16.511902,15.122009,0.5182902,-1,-1,-1
618,8912,601.16455,357.59537,13.076416,12.999817,0.28257015,-1,-1,-1
618,8907,519.9884,399.48996,17.755127,16.981018,0.38832906,-1,-1,-1
619,8871,474.14465,395.4798,20.325012,16.689606,0.73599297,-1,-1,-1
619,8950,501.65823,506.68945,30.35147,29.35144,0.45132607,-1,-1,-1
619,8951,593.7327,386.04623,16.713623,15.092499,0.4919685,-1,-1,-1
619,8907,519.3627,400.2499,17.555908,16.727173,0.48542875,-1,-1,-1
619,8900,535.9485,450.79147,24.543945,23.022705,0.38792658,-1,-1,-1
620,8871,473.5193,395.65448,20.530212,17.128418,0.7764942,-1,-1,-1
620,8950,502.50415,505.05298,30.08905,30.263916,0.41925687,-1,-1,-1
620,8951,593.83813,385.39404,16.375122,15.347687,0.5916099,-1,-1,-1
620,8907,518.9546,400.89325,17.437012,16.712402,0.5499815,-1,-1,-1
620,8900,536.5268,450.05472,24.30951,22.79126,0.3331834,-1,-1,-1
620,8912,600.40094,357.31104,12.772522,12.751801,0.2818322,-1,-1,-1
621,8871,472.33536,396.11136,21.370361,17.57312,0.778923,-1,-1,-1
621,8950,503.53058,503.89218,30.094116,30.716522,0.28411248,-1,-1,-1
621,8951,593.8799,384.98218,16.193176,15.453247,0.6244123,-1,-1,-1
621,8907,518.2219,401.43985,17.523193,17.050507,0.65487987,-1,-1,-1
621,8900,537.0846,449.6911,24.08014,22.568542,0.2996912,-1,-1,-1
622,8871,471.51987,396.96033,21.146484,17.50708,0.7728953,-1,-1,-1
622,8950,504.99524,503.33105,29.705872,30.331055,0.47639436,-1,-1,-1
622,8951,593.901,384.87018,16.192322,15.278473,0.6529378,-1,-1,-1
622,8907,517.34534,401.83783,17.8255,17.295685,0.6110504,-1,-1,-1
622,8957,572.17175,387.01505,17.041016,15.429138,0.42144388,-1,-1,-1
622,8912,599.81415,357.08276,12.099365,12.538574,0.27823144,-1,-1,-1
623,8871,470.76733,397.68002,21.120514,17.523407,0.7894029,-1,-1,-1
623,8950,506.3428,502.8371,28.785248,29.877014,0.56651795,-1,-1,-1
623,8951,593.88934,384.46185,16.159485,15.236603,0.6818886,-1,-1,-1
623,8907,516.35876,402.01465,18.340027,17.847198,0.69611686,-1,-1,-1
623,8957,572.255,386.85544,16.5354,15.271637,0.35625395,-1,-1,-1
623,8912,599.6667,357.07867,11.670044,12.211945,0.35724163,-1,-1,-1
624,8871,469.8098,398.1757,20.910217,17.958282,0.65864056,-1,-1,-1
624,8950,507.52872,501.9799,28.234772,29.7706,0.54862624,-1,-1,-1
624,8951,593.8827,384.178,16.028748,15.206268,0.6339407,-1,-1,-1
624,8907,515.98303,402.3877,18.316711,18.256653,0.48958763,-1,-1,-1
624,8912,599.10284,357.03137,11.596558,12.094818,0.3654288,-1,-1,-1
625,8871,468.93384,398.98868,21.255768,17.927948,0.66254795,-1,-1,-1
625,8950,508.51816,501.25082,28.285126,29.308258,0.69982886,-1,-1,-1
625,8951,593.88885,384.0019,15.770508,15.092834,0.5373949,-1,-1,-1
625,8907,515.53015,403.3793,18.153687,17.897827,0.48462978,-1,-1,-1
625,8912,598.5709,356.9869,11.512085,11.987762,0.40076977,-1,-1,-1
625,8964,511.05206,383.02646,17.61554,16.590637,0.343397,-1,-1,-1
625,8900,539.20996,447.61737,22.732971,21.691132,0.3241679,-1,-1,-1
626,8871,468.06253,399.7943,20.93515,17.45993,0.63652456,-1,-1,-1
626,8950,509.42905,500.76678,27.715973,28.758423,0.46815273,-1,-1,-1
626,8951,593.732,383.50998,16.039795,14.9166565,0.4353769,-1,-1,-1
626,8907,515.163,404.24954,17.781982,17.395538,0.28330383,-1,-1,-1
626,8912,598.3115,356.86026,11.321777,11.819855,0.35801652,-1,-1,-1
626,8964,510.2341,383.1816,18.079987,16.873627,0.5146588,-1,-1,-1
627,8871,467.3434,400.3427,20.03601,17.4552,0.65027577,-1,-1,-1
627,8951,593.48334,383.32947,15.6137085,14.618683,0.2888129,-1,-1,-1
627,8907,514.34827,404.798,17.387146,17.269623,0.5197238,-1,-1,-1
627,8912,597.67413,356.3816,11.476501,11.977905,0.31052333,-1,-1,-1
627,8964,509.66318,383.52155,17.811066,16.708588,0.49361816,-1,-1,-1
628,8871,466.5041,401.07056,19.845184,17.373291,0.6537029,-1,-1,-1
628,8951,593.1984,383.11957,15.572144,14.397522,0.35659808,-1,-1,-1
628,8907,513.6094,405.4006,17.441895,17.421051,0.46411437,-1,-1,-1
628,8912,597.0481,355.89417,11.49176,11.921478,0.2853354,-1,-1,-1
628,8964,509.01923,384.17944,17.05664,16.588013,0.4671498,-1,-1,-1
629,8871,465.5679,401.5923,20.45288,17.49823,0.58593756,-1,-1,-1
629,8951,593.0509,382.79788,15.601074,14.556732,0.41944054,-1,-1,-1
629,8907,513.1208,406.13168,16.96106,17.374268,0.53752315,-1,-1,-1
629,8912,596.767,355.56387,11.740356,11.829285,0.35640436,-1,-1,-1
629,8964,508.78156,384.645,17.022217,16.675507,0.25046062,-1,-1,-1
630,8871,464.7096,402.0833,21.077606,17.897247,0.7340983,-1,-1,-1
630,8951,593.01587,382.63324,15.487061,14.138367,0.5415093,-1,-1,-1
630,8907,512.70154,406.75287,16.723816,17.13388,0.6846356,-1,-1,-1
630,8912,596.4128,354.84915,12.166199,12.1521,0.40242216,-1,-1,-1
630,8964,508.23596,385.07672,16.571655,16.658783,0.5285973,-1,-1,-1
630,8900,540.8968,444.93228,22.051147,20.378601,0.432896,-1,-1,-1
631,8871,463.83917,402.9256,20.861664,17.933868,0.7809173,-1,-1,-1
631,8951,592.8961,382.29715,15.322205,14.017609,0.5567919,-1,-1,-1
631,8907,512.02313,407.386,16.878296,17.286652,0.7484076,-1,-1,-1
631,8912,596.1281,354.4785,11.899597,12.126495,0.40094382,-1,-1,-1
631,8964,507.41217,386.13278,16.534668,16.08731,0.4120011,-1,-1,-1
631,8900,541.3214,444.39136,21.698547,20.316193,0.50832194,-1,-1,-1
631,8950,513.58746,495.5076,26.244324,28.293121,0.31937256,-1,-1,-1
632,8871,463.1948,403.6063,20.5401,17.89563,0.74000925,-1,-1,-1
632,8951,592.4573,382.09106,15.378845,13.968536,0.5003369,-1,-1,-1
632,8907,511.42474,407.82828,17.269897,17.759766,0.775045,-1,-1,-1
632,8964,506.78796,386.84027,16.258423,16.24533,0.4106354,-1,-1,-1
632,8900,541.58386,443.9218,21.593323,20.27591,0.41943198,-1,-1,-1
632,8950,514.09546,494.8381,26.171204,27.953339,0.30053765,-1,-1,-1
633,8871,462.6166,404.42532,20.436768,17.647583,0.668609,-1,-1,-1
633,8951,592.59534,381.51453,15.144775,14.247192,0.46532673,-1,-1,-1
633,8907,510.92847,408.46103,17.579956,17.88028,0.6500413,-1,-1,-1
633,8950,515.1091,493.87653,25.966553,27.755005,0.3290676,-1,-1,-1
634,8871,461.80344,405.55814,20.828674,17.156525,0.65200514,-1,-1,-1
634,8951,592.8396,380.9998,14.963623,14.559753,0.60622895,-1,-1,-1
634,8907,510.03354,409.42105,18.154327,18.05539,0.55927336,-1,-1,-1
634,8950,515.5964,492.91284,26.32428,27.696777,0.4804188,-1,-1,-1
634,8964,505.54065,387.76004,16.058044,16.40335,0.28802726,-1,-1,-1
635,8871,460.98154,406.10812,20.787842,17.062256,0.6151357,-1,-1,-1
635,8951,592.7439,380.6737,15.048767,14.3394165,0.5709538,-1,-1,-1
635,8907,509.394,410.134,18.429352,18.26883,0.42206305,-1,-1,-1
635,8950,516.48364,492.20862,26.268005,27.434143,0.30963168,-1,-1,-1
635,8964,504.79166,388.27573,16.482819,16.195892,0.36743343,-1,-1,-1
636,8871,460.40457,406.81552,20.363342,16.822052,0.63052297,-1,-1,-1
636,8951,592.8567,380.38623,14.706116,14.205414,0.5104771,-1,-1,-1
636,8907,508.80692,410.71698,18.53183,18.243896,0.62240714,-1,-1,-1
636,8950,516.49164,491.52808,26.914307,26.953247,0.40615284,-1,-1,-1
636,8964,504.14606,388.70758,16.433594,16.205444,0.69640696,-1,-1,-1
637,8871,459.92932,407.29135,19.855774,17.10147,0.6433588,-1,-1,-1
637,8951,592.99457,380.12177,14.596985,14.104797,0.64080405,-1,-1,-1
637,8907,508.171,411.26016,18.491302,18.424133,0.36179262,-1,-1,-1
637,8964,503.709,389.15723,16.916962,16.285614,0.53836423,-1,-1,-1
638,8871,459.14423,407.8034,20.369171,17.487915,0.68399423,-1,-1,-1
638,8951,592.8005,379.61197,14.63147,14.188263,0.5950036,-1,-1,-1
638,8907,507.7292,411.5683,18.643555,18.606873,0.69981205,-1,-1,-1
638,8964,503.01212,389.40805,17.570953,16.629974,0.5420396,-1,-1,-1
639,8871,458.19824,408.30112,20.77301,18.112122,0.6451994,-1,-1,-1
639,8951,592.81464,379.40097,14.664856,14.144714,0.5031053,-1,-1,-1
639,8907,507.32086,412.40222,18.827454,18.24707,0.5898873,-1,-1,-1
639,8964,502.41055,389.74542,18.196259,16.952423,0.62440467,-1,-1,-1
640,8871,457.24725,409.06616,20.642914,18.33313,0.74983466,-1,-1,-1
640,8951,592.4342,379.13242,14.576538,14.026245,0.48178288,-1,-1,-1
640,8907,506.23804,413.18005,18.99469,18.22638,0.54309136,-1,-1,-1
640,8964,501.12576,390.21155,18.274994,17.15509,0.66382325,-1,-1,-1
640,8967,548.0364,504.7404,23.070618,30.924713,0.4599312,-1,-1,-1
641,8871,456.55872,409.78488,20.62436,18.31781,0.7334734,-1,-1,-1
641,8951,592.25903,378.68784,14.693665,14.121216,0.6031783,-1,-1,-1
641,8907,505.51715,413.82843,19.70343,19.153076,0.6589295,-1,-1,-1
641,8964,500.48123,390.84082,18.592255,17.229218,0.74880475,-1,-1,-1
641,8967,548.42816,504.14453,23.580322,31.00879,0.63505846,-1,-1,-1
642,8871,455.7382,410.29117,20.628082,18.685211,0.7029135,-1,-1,-1
642,8951,592.27594,378.16147,14.521362,14.295013,0.53805536,-1,-1,-1
642,8907,504.84418,414.21875,20.205322,19.565155,0.703838,-1,-1,-1
642,8964,499.74948,391.06042,18.777252,17.405487,0.74000853,-1,-1,-1
642,8967,549.22986,503.39536,23.546448,31.161346,0.55856735,-1,-1,-1
643,8871,455.2107,411.0048,20.26715,18.659729,0.758025,-1,-1,-1
643,8951,592.1955,377.85925,14.719177,14.185913,0.43323195,-1,-1,-1
643,8907,504.2287,414.59467,20.26123,19.463196,0.76438224,-1,-1,-1
643,8964,499.30762,391.44696,19.36737,17.4422,0.7296005,-1,-1,-1
643,8967,549.87854,502.59824,23.369568,31.269745,0.4624612,-1,-1,-1
643,8969,585.23065,399.68796,27.427734,18.011993,0.43065527,-1,-1,-1
643,8970,526.57764,384.95728,17.471436,14.88681,0.35686868,-1,-1,-1
644,8871,454.83286,411.6557,19.934753,18.706451,0.7352861,-1,-1,-1
644,8951,592.00195,377.49304,15.081421,14.0937195,0.52089435,-1,-1,-1
644,8907,503.58615,415.51913,20.516388,19.747131,0.78458387,-1,-1,-1
644,8964,498.75226,391.6681,19.266052,17.642822,0.7460415,-1,-1,-1
644,8967,550.5359,501.63107,23.38031,31.596344,0.5356127,-1,-1,-1
644,8969,585.3198,399.1457,26.207397,18.405334,0.50769377,-1,-1,-1
644,8970,525.79034,385.4329,17.485413,15.0383,0.27228355,-1,-1,-1
645,8871,454.06546,412.0384,20.00589,19.148773,0.75454766,-1,-1,-1
645,8951,592.07446,377.43857,14.456421,13.903412,0.66808856,-1,-1,-1
645,8907,502.89023,416.1458,21.08432,20.267517,0.8149056,-1,-1,-1
645,8964,498.19775,392.22754,19.678223,17.811035,0.75591403,-1,-1,-1
645,8967,550.9853,501.33044,23.283997,31.456665,0.7083731,-1,-1,-1
645,8969,585.2597,398.6278,24.552795,18.437592,0.5918269,-1,-1,-1
645,8970,525.23413,386.00644,17.759827,15.03418,0.2660878,-1,-1,-1
646,8871,453.15002,412.79242,20.628906,19.36621,0.7100919,-1,-1,-1
646,8951,592.3248,376.6389,14.320496,14.305847,0.6781463,-1,-1,-1
646,8907,502.31546,416.64328,21.18686,20.496063,0.78454417,-1,-1,-1
646,8964,497.63272,392.4888,19.921844,18.299774,0.6791652,-1,-1,-1
646,8967,551.7531,500.35782,23.134216,31.79245,0.6266728,-1,-1,-1
646,8969,585.3103,398.35614,24.307007,18.326904,0.58611065,-1,-1,-1
647,8871,451.97528,413.7435,21.040405,19.321472,0.7745867,-1,-1,-1
647,8951,592.1822,376.29675,14.308594,14.230591,0.6986334,-1,-1,-1
647,8907,501.99924,417.36862,20.911102,20.361877,0.7368816,-1,-1,-1
647,8964,497.12198,393.15076,19.865143,18.244507,0.7389528,-1,-1,-1
647,8967,552.0483,499.4357,23.234009,32.21292,0.63926405,-1,-1,-1
647,8969,585.0449,397.75705,25.036316,18.601227,0.3201978,-1,-1,-1
647,8973,570.6646,377.8473,15.690735,14.811218,0.38775417,-1,-1,-1
648,8871,451.21082,414.52676,21.188751,19.285248,0.77312535,-1,-1,-1
648,8951,592.2886,376.14062,13.893494,13.857208,0.66305685,-1,-1,-1
648,8907,501.53506,418.22784,20.296783,19.914276,0.6705059,-1,-1,-1
648,8964,496.86636,393.75803,19.399384,18.079926,0.77579993,-1,-1,-1
648,8967,553.0118,498.89624,22.649109,31.518188,0.7590852,-1,-1,-1
648,8973,570.9109,377.38727,15.258057,14.820709,0.3948174,-1,-1,-1
649,8871,450.74188,415.09717,20.906952,19.439728,0.73224103,-1,-1,-1
649,8951,591.95966,375.94025,14.194824,13.607452,0.726492,-1,-1,-1
649,8907,501.0446,419.06256,19.808136,19.801117,0.74422485,-1,-1,-1
649,8964,496.34167,394.45093,19.771423,17.817352,0.74263436,-1,-1,-1
649,8967,553.9258,498.45447,21.876404,30.832947,0.77992356,-1,-1,-1
649,8973,570.73663,377.1429,15.1675415,14.483948,0.52656996,-1,-1,-1
649,8975,618.5041,349.75076,15.540283,11.490173,0.33068416,-1,-1,-1
649,8970,523.29474,388.35706,17.35962,14.754242,0.41896737,-1,-1,-1
650,8871,450.05737,415.97452,20.814972,19.40863,0.74726254,-1,-1,-1
650,8951,591.5773,375.3468,14.700195,13.84021,0.79615015,-1,-1,-1
650,8907,500.813,419.73587,19.54358,19.789612,0.7979698,-1,-1,-1
650,8964,495.84976,395.1748,19.707245,17.666992,0.7909018,-1,-1,-1
650,8967,554.9806,497.98593,21.239319,30.655975,0.7816377,-1,-1,-1
650,8973,570.7476,376.387,14.976135,14.904297,0.597423,-1,-1,-1
650,8975,618.58374,349.5228,15.911255,11.477905,0.28507438,-1,-1,-1
650,8976,557.5968,406.73166,16.105957,15.585327,0.46014616,-1,-1,-1
650,8970,522.80524,388.5116,17.585083,15.073242,0.6095264,-1,-1,-1
651,8871,449.1066,416.86072,20.742493,19.355011,0.6573597,-1,-1,-1
651,8951,591.43915,374.95786,14.700317,13.911987,0.75275064,-1,-1,-1
651,8907,500.27213,420.67194,19.392548,19.625122,0.8087234,-1,-1,-1
651,8964,495.37704,395.69247,20.272614,17.760406,0.8006293,-1,-1,-1
651,8967,555.6145,497.40753,21.102356,30.55194,0.7804177,-1,-1,-1
651,8973,570.8119,375.90698,15.045776,14.908539,0.38321814,-1,-1,-1
651,8976,557.7097,405.70673,15.730774,16.291443,0.65156573,-1,-1,-1
651,8970,522.3163,388.78552,17.955261,15.312347,0.58710855,-1,-1,-1
652,8871,448.43954,417.67776,20.471039,19.391785,0.70215786,-1,-1,-1
652,8951,591.7345,374.80893,14.675049,13.812988,0.6236809,-1,-1,-1
652,8907,500.00845,421.6268,18.923798,19.459656,0.79574555,-1,-1,-1
652,8964,494.77182,396.73264,20.235321,17.250763,0.76535845,-1,-1,-1
652,8967,556.38165,496.6796,20.828003,30.425385,0.71616393,-1,-1,-1
653,8871,447.475,418.36356,20.46164,19.63733,0.7460389,-1,-1,-1
653,8951,591.5846,374.46994,14.710083,13.854401,0.6458826,-1,-1,-1
653,8907,499.77994,422.75983,18.886139,19.214325,0.7811464,-1,-1,-1
653,8964,494.6075,396.99026,19.503387,17.482208,0.810476,-1,-1,-1
653,8967,557.14215,495.9492,20.026917,30.292328,0.67095405,-1,-1,-1
653,8975,617.40704,348.75854,17.210693,11.158691,0.25312722,-1,-1,-1
653,8970,521.67456,389.17957,17.427063,15.931244,0.43138978,-1,-1,-1
654,8871,446.55634,418.6906,20.885376,20.315033,0.76443684,-1,-1,-1
654,8951,591.5075,374.0365,14.567505,13.86972,0.60987294,-1,-1,-1
654,8907,499.1722,423.62256,19.032074,19.200989,0.8291618,-1,-1,-1
654,8964,494.00925,397.57413,18.859161,17.245667,0.79588056,-1,-1,-1
654,8967,557.3999,495.1001,19.591919,29.657776,0.5708435,-1,-1,-1
654,8970,521.383,389.9145,16.851135,15.552521,0.429369,-1,-1,-1
655,8871,445.68497,419.35822,21.099518,20.624756,0.78874373,-1,-1,-1
655,8951,591.6148,373.7201,14.353699,14.016235,0.619465,-1,-1,-1
655,8907,498.9905,424.3217,19.057587,19.355042,0.8328647,-1,-1,-1
655,8964,493.4764,398.06506,19.067291,17.583618,0.7801971,-1,-1,-1
655,8967,557.58966,494.19907,19.82489,29.725739,0.57468987,-1,-1,-1
655,8970,521.02246,391.22296,16.632568,14.763092,0.49792376,-1,-1,-1
655,8978,538.8068,371.78217,13.728516,13.552032,0.44794583,-1,-1,-1
655,8975,617.2021,348.16028,16.336792,10.931824,0.34870815,-1,-1,-1
656,8871,444.95383,420.38882,21.12622,20.493073,0.7476793,-1,-1,-1
656,8951,591.59973,373.63696,14.586243,13.761871,0.6421516,-1,-1,-1
656,8907,498.28738,424.81558,19.811981,19.721527,0.83099574,-1,-1,-1
656,8964,492.8466,399.02466,19.249603,17.224945,0.77724934,-1,-1,-1
656,8967,557.6498,493.46313,20.200928,29.659302,0.649604,-1,-1,-1
656,8970,520.5566,391.83368,16.467712,14.417816,0.50300366,-1,-1,-1
656,8978,538.73773,371.94397,13.1604,13.455414,0.43015903,-1,-1,-1
656,8975,617.4697,348.04834,15.828369,10.719421,0.30242547,-1,-1,-1
657,8871,444.1224,421.32034,21.29544,20.392792,0.7081633,-1,-1,-1
657,8951,591.96014,373.39053,13.984253,13.5017395,0.580578,-1,-1,-1
657,8907,497.99698,425.45663,20.391388,19.92926,0.8406881,-1,-1,-1
657,8964,492.58505,399.50992,19.462189,17.315582,0.7521909,-1,-1,-1
657,8967,558.0838,492.64856,20.338684,29.594604,0.6559094,-1,-1,-1
657,8970,520.3281,392.0056,16.627625,14.824921,0.45879716,-1,-1,-1
657,8978,539.0043,372.40756,12.65271,12.961792,0.38989928,-1,-1,-1
657,8982,527.65625,355.1809,12.833801,13.687225,0.37807554,-1,-1,-1
658,8871,443.46713,422.2488,21.198517,20.425201,0.7752866,-1,-1,-1
658,8951,591.46484,373.09448,14.417114,13.373169,0.6757111,-1,-1,-1
658,8907,497.37567,426.07428,20.939453,20.381104,0.85164624,-1,-1,-1
658,8964,492.10876,399.5701,19.32611,17.915863,0.78638005,-1,-1,-1
658,8967,558.8457,491.7092,20.03955,29.728485,0.68587774,-1,-1,-1
658,8970,519.5904,393.28995,16.366272,14.292114,0.47776404,-1,-1,-1
658,8978,538.39777,372.63766,12.695557,13.164917,0.44159,-1,-1,-1
658,8982,527.14667,356.2892,13.335144,13.246765,0.30795503,-1,-1,-1
658,8976,558.0267,404.07196,14.724121,13.896637,0.30524594,-1,-1,-1
659,8871,443.23138,422.8724,21.259857,20.55249,0.7551208,-1,-1,-1
659,8951,591.53827,372.98416,14.3811035,13.070496,0.6790781,-1,-1,-1
659,8907,496.81778,426.65457,21.498688,20.825806,0.8512792,-1,-1,-1
659,8964,491.94104,400.01587,19.415344,17.94394,0.8061522,-1,-1,-1
659,8967,559.5571,490.84537,19.799194,29.929718,0.5448936,-1,-1,-1
659,8970,519.07245,394.22565,16.728455,13.999512,0.46427912,-1,-1,-1
659,8978,538.3551,372.91873,12.249695,13.355347,0.46633595,-1,-1,-1
659,8982,527.111,356.65698,13.463989,13.180908,0.39029893,-1,-1,-1
659,8976,558.43524,403.27933,14.710144,14.09552,0.35878944,-1,-1,-1
659,8975,617.1522,347.1343,13.437683,10.498718,0.33295164,-1,-1,-1
660,8871,442.71234,423.79144,21.138794,20.416443,0.6846694,-1,-1,-1
660,8951,592.0733,372.73254,13.990234,12.961121,0.6892801,-1,-1,-1
660,8907,496.2216,427.48227,22.112274,20.912415,0.83446574,-1,-1,-1
660,8964,491.68655,400.49097,19.882324,18.149628,0.8005775,-1,-1,-1
660,8967,560.51794,490.39462,19.462708,29.902435,0.52031547,-1,-1,-1
660,8970,518.93787,394.863,17.268738,13.802032,0.41147235,-1,-1,-1
660,8978,538.3015,373.02188,12.522888,13.814789,0.4645953,-1,-1,-1
660,8982,526.8576,356.42917,13.67688,13.302521,0.43367136,-1,-1,-1
660,8976,559.0343,402.43182,14.892212,14.529938,0.46789527,-1,-1,-1
661,8871,441.83942,424.7214,21.680817,20.494019,0.76220655,-1,-1,-1
661,8951,591.80804,372.74484,14.069336,12.630157,0.61466056,-1,-1,-1
661,8907,495.65765,428.14368,22.528381,21.160187,0.81356007,-1,-1,-1
661,8964,491.35672,401.22772,19.345795,18.060822,0.74924403,-1,-1,-1
661,8970,518.55884,395.6867,17.851074,13.461029,0.49561387,-1,-1,-1
661,8978,537.74915,373.16843,13.139709,14.223816,0.39191058,-1,-1,-1
661,8982,526.71796,356.4061,13.547485,13.7734375,0.26932317,-1,-1,-1
661,8976,559.331,401.6376,15.079529,14.618134,0.3009574,-1,-1,-1
662,8871,441.04358,425.39853,22.238403,20.682892,0.7362054,-1,-1,-1
662,8951,591.5993,372.0594,13.910278,12.882935,0.5282896,-1,-1,-1
662,8907,495.18958,428.71408,22.47174,21.22998,0.7919534,-1,-1,-1
662,8964,490.97476,401.72208,19.263306,17.873688,0.7633556,-1,-1,-1
662,8970,517.8007,396.13184,18.82129,13.479187,0.6292506,-1,-1,-1
662,8978,537.05457,373.6302,13.05072,14.517426,0.48737484,-1,-1,-1
663,8871,440.44067,425.8971,22.045593,20.975159,0.7061491,-1,-1,-1
663,8951,591.69855,371.56277,13.586548,12.895233,0.6197064,-1,-1,-1
663,8907,494.78604,429.1469,23.027313,21.690521,0.79251397,-1,-1,-1
663,8964,490.51102,402.27927,19.083832,17.7695,0.76128626,-1,-1,-1
663,8970,517.3135,395.85477,19.540771,14.271271,0.68413216,-1,-1,-1
663,8978,536.3596,374.12595,13.39386,14.581421,0.56721497,-1,-1,-1
663,8967,562.2243,488.026,18.851135,29.255554,0.3921704,-1,-1,-1
663,8982,525.3723,357.24704,13.787598,13.817108,0.27552015,-1,-1,-1
663,8976,559.9668,400.12726,15.024536,15.117981,0.58688635,-1,-1,-1
664,8871,439.67978,426.71143,22.451233,20.991882,0.7310567,-1,-1,-1
664,8951,591.73474,371.1422,13.831909,13.011719,0.62469697,-1,-1,-1
664,8907,494.33026,430.06042,23.064209,21.58908,0.70102537,-1,-1,-1
664,8964,490.03644,402.5549,19.369537,18.017334,0.6959676,-1,-1,-1
664,8970,516.848,396.01932,20.591064,14.506134,0.6373346,-1,-1,-1
664,8978,536.0521,374.75967,12.925598,14.050201,0.39858565,-1,-1,-1
664,8967,562.62006,487.22644,18.975037,29.34497,0.36313617,-1,-1,-1
665,8871,438.999,427.5935,22.534485,20.716064,0.7040912,-1,-1,-1
665,8951,591.932,370.42877,13.614258,13.382019,0.5547319,-1,-1,-1
665,8907,493.70612,430.9616,22.26294,21.512756,0.72530687,-1,-1,-1
665,8964,489.78433,402.68198,19.13205,18.37967,0.6591941,-1,-1,-1
665,8970,516.5622,396.39572,20.913757,14.701691,0.49672568,-1,-1,-1
665,8978,535.69104,374.9477,13.597412,14.146881,0.35244572,-1,-1,-1
665,8967,562.7816,486.62402,19.134949,29.329773,0.45022222,-1,-1,-1
665,8969,586.2274,391.0787,17.053467,16.032867,0.40455133,-1,-1,-1
666,8871,438.56317,428.42813,22.447327,20.505646,0.73871213,-1,-1,-1
666,8951,592.48157,370.466,13.151184,12.995148,0.6121446,-1,-1,-1
666,8907,493.24762,431.9185,21.617676,21.368866,0.76437604,-1,-1,-1
666,8964,489.47482,402.94702,19.643555,18.824982,0.7356752,-1,-1,-1
666,8970,516.4825,396.03952,21.596924,15.457306,0.6007768,-1,-1,-1
666,8978,535.7028,375.33414,13.295166,14.206757,0.38275927,-1,-1,-1
666,8967,563.539,485.71423,19.488892,29.545471,0.567395,-1,-1,-1
666,8969,586.77826,391.03244,17.676636,15.559967,0.42550948,-1,-1,-1
666,8982,524.24725,358.41098,13.413452,13.518555,0.3803852,-1,-1,-1
667,8871,438.14987,429.35013,22.105743,20.25122,0.7127815,-1,-1,-1
667,8951,592.6474,370.11832,13.055847,12.906769,0.6502968,-1,-1,-1
667,8907,492.5977,432.7801,21.427032,21.670532,0.8201595,-1,-1,-1
667,8964,489.0611,403.41864,19.901764,19.222412,0.81789815,-1,-1,-1
667,8970,516.00494,396.47223,21.884766,15.619385,0.61238235,-1,-1,-1
667,8978,535.374,375.6512,12.918884,14.460236,0.50821483,-1,-1,-1
667,8967,564.2047,484.94565,19.588623,29.477081,0.63299537,-1,-1,-1
667,8969,587.21204,391.0603,17.146973,15.223663,0.5693201,-1,-1,-1
667,8982,524.16907,358.3651,13.332825,13.73407,0.45014206,-1,-1,-1
668,8871,437.76328,430.29047,22.135742,20.12201,0.76332754,-1,-1,-1
668,8951,592.6439,369.70145,12.8255005,12.932678,0.6392871,-1,-1,-1
668,8907,492.0749,433.71567,20.837769,21.810425,0.82232434,-1,-1,-1
668,8964,488.67758,404.24274,20.04364,19.192993,0.7718442,-1,-1,-1
668,8970,515.80524,396.89627,21.176758,15.960785,0.6086286,-1,-1,-1
668,8978,535.1292,375.94504,12.50354,14.673492,0.52784395,-1,-1,-1
668,8967,564.7902,484.24182,19.441772,29.746521,0.75104606,-1,-1,-1
668,8969,587.02893,390.51987,16.732788,15.612549,0.5030014,-1,-1,-1
668,8982,523.7969,358.29086,13.450439,13.951538,0.40639278,-1,-1,-1
669,8871,437.12015,431.17673,22.273438,20.165283,0.735687,-1,-1,-1
669,8951,592.48724,369.306,12.877258,13.119934,0.52283293,-1,-1,-1
669,8907,491.61392,434.78433,20.895844,21.64392,0.8400351,-1,-1,-1
669,8964,488.0303,404.59933,20.121521,19.450409,0.71980214,-1,-1,-1
669,8970,515.8864,397.11612,20.670471,16.32959,0.5897561,-1,-1,-1
669,8978,535.0047,376.10953,11.746643,15.135895,0.6157575,-1,-1,-1
669,8967,565.2375,483.01904,19.067932,30.405518,0.74501956,-1,-1,-1
669,8969,586.9956,390.29556,17.230713,15.863586,0.28330693,-1,-1,-1
669,8982,523.30054,358.29865,13.656372,14.053314,0.4347981,-1,-1,-1
670,8871,436.3093,432.22977,22.179474,20.189758,0.6979313,-1,-1,-1
670,8951,592.3846,369.2466,12.79657,12.735107,0.502637,-1,-1,-1
670,8907,491.13342,435.6052,20.992859,21.55838,0.8434216,-1,-1,-1
670,8964,487.6623,405.23544,19.684662,19.293213,0.71850437,-1,-1,-1
670,8970,515.5662,397.7141,19.328491,16.169586,0.5702855,-1,-1,-1
670,8978,534.49524,376.41006,11.729492,15.302795,0.6876283,-1,-1,-1
670,8967,565.58167,482.3143,19.070557,30.312164,0.8141186,-1,-1,-1
670,8969,587.26416,389.86844,16.483154,15.791962,0.48402566,-1,-1,-1
670,8982,523.26056,358.95395,13.094543,13.811279,0.40792292,-1,-1,-1
671,8871,435.54977,432.90878,22.062744,20.431458,0.6337906,-1,-1,-1
671,8951,592.47314,368.89203,12.632996,12.72113,0.6309239,-1,-1,-1
671,8907,490.8742,436.73264,21.0065,21.108215,0.8259873,-1,-1,-1
671,8964,487.38416,405.9738,19.633453,19.097687,0.6738306,-1,-1,-1
671,8970,515.47107,397.84024,17.849854,16.452301,0.57937574,-1,-1,-1
671,8978,534.3431,377.2528,11.458069,14.697968,0.64491165,-1,-1,-1
671,8967,566.18195,481.63834,18.51178,30.283783,0.8187031,-1,-1,-1
671,8969,587.5035,389.463,16.552368,15.909454,0.40382457,-1,-1,-1
671,8982,522.6598,359.57764,13.381653,13.928986,0.46642002,-1,-1,-1
672,8871,434.56342,433.82028,22.312317,20.52597,0.77913433,-1,-1,-1
672,8951,592.3352,368.62305,12.670776,12.586212,0.46540645,-1,-1,-1
672,8907,490.24597,437.50635,21.406525,21.315887,0.79426116,-1,-1,-1
672,8964,487.06482,405.50964,19.953247,20.16864,0.668793,-1,-1,-1
672,8970,515.06995,398.17102,17.163757,16.64679,0.49829766,-1,-1,-1
672,8978,533.9687,378.0906,11.482117,14.130188,0.39206013,-1,-1,-1
672,8967,566.7769,480.79852,18.24469,30.162659,0.76320845,-1,-1,-1
672,8969,587.69446,389.2335,16.405884,15.697937,0.45210746,-1,-1,-1
673,8871,433.74014,435.06512,22.126282,20.291443,0.8092889,-1,-1,-1
673,8951,592.076,368.1445,13.105225,12.639893,0.5287765,-1,-1,-1
673,8907,489.6649,438.5411,21.62732,21.221344,0.76292205,-1,-1,-1
673,8964,486.47906,406.51105,19.996124,19.978577,0.6293287,-1,-1,-1
673,8970,514.60815,398.7996,17.410217,16.743347,0.4957246,-1,-1,-1
673,8978,533.82,378.77948,11.024353,13.67392,0.4795515,-1,-1,-1
673,8967,567.2918,480.16855,18.07782,29.825256,0.7082116,-1,-1,-1
673,8969,587.9027,388.9055,16.229248,15.583832,0.61035913,-1,-1,-1
673,8982,520.2065,360.4055,15.105652,14.29837,0.3214365,-1,-1,-1
674,8871,433.31442,436.12643,21.906921,20.134216,0.8173448,-1,-1,-1
674,8951,592.3841,368.10724,12.673035,12.291351,0.5372304,-1,-1,-1
674,8907,489.09967,439.5751,22.03482,21.13211,0.81231964,-1,-1,-1
674,8964,486.2082,407.48166,20.48767,19.82248,0.60810465,-1,-1,-1
674,8970,514.3218,399.81525,17.03363,16.322998,0.56697154,-1,-1,-1
674,8978,533.6399,379.21387,11.016541,13.766663,0.46084264,-1,-1,-1
674,8967,568.07477,479.5596,17.510132,29.167267,0.74494237,-1,-1,-1
674,8969,587.8846,388.4133,16.048828,15.310577,0.50103354,-1,-1,-1
674,8982,520.55426,360.13156,14.416077,14.599701,0.3452348,-1,-1,-1
675,8871,432.46664,437.22656,22.465607,19.909607,0.8150734,-1,-1,-1
675,8951,592.7424,367.84094,12.016663,12.251251,0.5296257,-1,-1,-1
675,8907,488.66888,440.48706,22.125519,21.327423,0.7329758,-1,-1,-1
675,8964,485.53516,408.46213,20.36023,19.51358,0.45350292,-1,-1,-1
675,8970,513.7333,400.43652,18.875122,16.107697,0.5511541,-1,-1,-1
675,8978,533.0124,379.54422,11.658936,14.119385,0.38895312,-1,-1,-1
675,8967,568.0786,478.44016,18.180481,29.560394,0.63316864,-1,-1,-1
675,8969,588.1887,388.23236,16.240967,15.068573,0.47103757,-1,-1,-1
675,8982,520.40125,360.20886,14.164734,14.591492,0.34473613,-1,-1,-1
676,8871,431.90027,438.185,22.341583,19.923828,0.8183042,-1,-1,-1
676,8951,592.88153,367.5815,12.295654,12.200104,0.38663632,-1,-1,-1
676,8907,488.30896,441.30438,22.049438,21.346832,0.73569304,-1,-1,-1
676,8964,484.9456,409.57437,20.266754,19.363007,0.5418852,-1,-1,-1
676,8970,513.503,401.5532,17.324097,15.514343,0.5120402,-1,-1,-1
676,8978,532.66125,379.63245,11.722351,14.693451,0.476519,-1,-1,-1
676,8967,568.56464,478.1532,17.933899,29.358765,0.72119147,-1,-1,-1
676,8969,588.2281,387.87885,15.564941,15.224335,0.40069327,-1,-1,-1
676,8982,520.27765,360.5331,14.045227,14.506195,0.5107566,-1,-1,-1
676,8999,505.13217,385.30374,15.243561,14.2934265,0.40436652,-1,-1,-1
677,8871,431.26868,439.19122,22.278687,19.820465,0.77365386,-1,-1,-1
677,8951,592.99194,367.32782,12.12384,12.251221,0.3601668,-1,-1,-1
677,8907,487.81738,441.93295,22.473572,21.504852,0.6988664,-1,-1,-1
677,8964,484.494,410.18564,20.463715,19.538452,0.6904131,-1,-1,-1
677,8970,513.16595,401.805,17.194885,15.790527,0.5230517,-1,-1,-1
677,8967,568.8573,477.9052,18.193848,29.091614,0.60682344,-1,-1,-1
677,8969,588.5799,387.41495,15.430176,15.411224,0.39624235,-1,-1,-1
677,8982,520.046,361.0228,14.128357,14.481354,0.4061155,-1,-1,-1
678,8871,430.3836,439.8418,22.799927,20.374695,0.6724334,-1,-1,-1
678,8951,593.5293,366.8132,11.472229,12.526733,0.4461721,-1,-1,-1
678,8907,487.72955,443.14044,21.584656,21.269562,0.6609576,-1,-1,-1
678,8964,484.10422,410.7813,20.320007,19.568604,0.7232982,-1,-1,-1
678,8970,512.85236,402.0895,17.114136,16.324646,0.5926703,-1,-1,-1
678,8967,569.4133,477.3489,18.170715,28.860382,0.6111753,-1,-1,-1
678,8969,589.08,387.1638,15.376709,15.318481,0.52210844,-1,-1,-1
678,8982,520.0887,361.61282,13.960571,14.18454,0.30663803,-1,-1,-1
678,9002,220.14636,369.15598,22.550629,10.715546,0.5092232,-1,-1,-1
678,8975,615.5503,338.80566,13.53833,12.630493,0.37172422,-1,-1,-1
679,8871,429.76083,440.5886,22.953613,20.768463,0.7537066,-1,-1,-1
679,8907,487.27707,444.0968,21.261688,21.480804,0.70868295,-1,-1,-1
679,8964,483.76004,412.02643,20.135498,18.912445,0.7376597,-1,-1,-1
679,8970,512.48303,402.59976,16.968323,16.730103,0.5968284,-1,-1,-1
679,8967,569.5801,476.51746,18.208435,28.834808,0.71153736,-1,-1,-1
679,8969,588.87335,386.8159,15.4782715,15.2647705,0.27793995,-1,-1,-1
679,9002,218.14297,369.16412,23.366562,11.366394,0.3487987,-1,-1,-1
679,9003,592.4905,513.1964,23.810547,24.996765,0.59688574,-1,-1,-1
680,8871,429.11978,441.5126,22.858215,20.779968,0.77337766,-1,-1,-1
680,8907,486.76248,445.26633,21.106232,21.544159,0.75046295,-1,-1,-1
680,8964,483.36002,412.63742,19.757568,18.98059,0.70803005,-1,-1,-1
680,8970,511.92792,402.54626,16.965332,17.358582,0.5397218,-1,-1,-1
680,8967,570.0755,475.55164,17.748962,28.881348,0.7550854,-1,-1,-1
680,8969,589.07465,386.35645,15.270325,15.276978,0.4402226,-1,-1,-1
680,9003,592.691,512.04254,23.495178,25.992188,0.55239445,-1,-1,-1
680,8951,593.22314,366.09433,11.466492,12.539703,0.30946356,-1,-1,-1
681,8871,428.4047,442.20654,22.834076,21.28955,0.8184054,-1,-1,-1
681,8907,486.2971,446.2425,20.738953,21.710022,0.7667606,-1,-1,-1
681,8964,482.7338,412.97507,20.003815,19.117004,0.7606488,-1,-1,-1
681,8970,511.6999,402.9997,16.517822,17.522247,0.5578145,-1,-1,-1
681,8967,570.5488,474.76483,17.62738,28.793884,0.70336205,-1,-1,-1
681,8969,589.13556,386.123,14.777466,15.128418,0.44270262,-1,-1,-1
681,9003,593.29333,510.6672,23.319702,26.647125,0.64705896,-1,-1,-1
681,8951,593.56256,365.67383,11.182434,12.292267,0.37575457,-1,-1,-1
681,8975,614.97174,338.25122,13.682129,11.905548,0.2810908,-1,-1,-1
682,8871,427.57593,443.08246,22.612274,21.610535,0.8158792,-1,-1,-1
682,8907,485.86316,447.4774,20.74945,21.627075,0.7882989,-1,-1,-1
682,8964,482.16046,413.48434,19.944763,19.19522,0.72329843,-1,-1,-1
682,8970,511.3217,404.06308,16.16275,16.920715,0.436729,-1,-1,-1
682,8967,570.65186,474.23627,17.657043,28.600586,0.6928452,-1,-1,-1
682,8969,589.34784,385.4827,14.61084,15.35376,0.58610183,-1,-1,-1
682,9003,593.98535,508.7509,22.977844,27.11789,0.7054871,-1,-1,-1
682,8951,593.5172,365.43283,11.613342,12.027863,0.37052098,-1,-1,-1
682,8976,562.9168,392.22504,13.930908,13.326019,0.38455275,-1,-1,-1
682,8978,528.86383,382.66458,13.188477,15.044647,0.3224191,-1,-1,-1
683,8871,426.7831,443.96542,22.921661,21.689545,0.8200174,-1,-1,-1
683,8907,485.6362,448.54034,20.177582,21.57315,0.80256975,-1,-1,-1
683,8964,481.8422,414.089,19.92688,19.273315,0.76568097,-1,-1,-1
683,8970,510.8956,404.79367,16.69931,16.826233,0.5858344,-1,-1,-1
683,8967,570.9427,473.71558,17.741882,28.46988,0.6651378,-1,-1,-1
683,8969,589.6713,385.12155,14.416626,15.610748,0.57714677,-1,-1,-1
683,9003,594.5461,507.1366,23.016296,27.35321,0.7419659,-1,-1,-1
683,8951,593.6848,365.1526,11.475464,11.980164,0.44074863,-1,-1,-1
683,8976,563.25385,391.64587,13.961121,13.497314,0.5010762,-1,-1,-1
683,8978,528.5661,383.20605,12.999207,14.933746,0.26982912,-1,-1,-1
683,8975,614.8525,337.80493,13.076843,11.731995,0.30852053,-1,-1,-1
684,8871,426.0651,444.8377,23.16922,22.145264,0.80863553,-1,-1,-1
684,8907,485.3429,449.57397,20.082916,21.511719,0.75490725,-1,-1,-1
684,8964,481.53543,415.1621,19.787292,18.965332,0.64749175,-1,-1,-1
684,8970,510.47278,405.53998,17.136108,16.851532,0.4251859,-1,-1,-1
684,8967,571.4531,473.27576,17.689575,28.188934,0.70914584,-1,-1,-1
684,8969,589.6337,384.75015,14.172668,15.675171,0.6288923,-1,-1,-1
684,9003,594.993,505.9068,23.000488,27.411194,0.79769784,-1,-1,-1
684,8951,593.83,364.89667,11.353394,11.8402405,0.54063,-1,-1,-1
684,8976,563.68427,391.28247,13.679138,13.5271,0.47410327,-1,-1,-1
684,8975,614.5535,337.4435,12.643555,11.628937,0.3663207,-1,-1,-1
684,9002,208.62047,369.4038,23.733932,10.714142,0.46480998,-1,-1,-1
685,8871,425.25815,445.91528,23.359833,22.4357,0.81118524,-1,-1,-1
685,8907,484.62595,450.6472,20.823212,21.900482,0.7911345,-1,-1,-1
685,8964,481.07874,416.12964,19.791931,18.80014,0.6738671,-1,-1,-1
685,8970,509.97858,406.7253,17.470276,16.516571,0.48332533,-1,-1,-1
685,8967,571.7327,472.5435,17.842041,27.868713,0.6952111,-1,-1,-1
685,8969,590.0062,384.38376,14.02124,15.821442,0.60218084,-1,-1,-1
685,9003,595.3318,504.7846,22.97583,27.35382,0.8115888,-1,-1,-1
685,8951,593.8577,364.42767,11.567505,11.826569,0.4822741,-1,-1,-1
685,8976,563.59454,390.60672,13.890686,13.951233,0.4686728,-1,-1,-1
685,9002,206.9819,369.4504,23.91948,10.692261,0.67621994,-1,-1,-1
685,8978,528.20087,384.28412,12.506592,14.523315,0.30940282,-1,-1,-1
686,8871,424.5606,447.1706,23.44577,22.182404,0.81742847,-1,-1,-1
686,8907,484.15182,451.62665,21.124878,22.43341,0.81021506,-1,-1,-1
686,8964,480.8439,416.70752,19.92099,18.95871,0.74837816,-1,-1,-1
686,8970,509.61734,406.77286,17.658417,17.137512,0.570514,-1,-1,-1
686,8967,572.04456,471.46112,18.023926,28.199188,0.6170451,-1,-1,-1
686,8969,589.6923,383.59763,13.8396,16.22348,0.6148833,-1,-1,-1
686,9003,595.6753,503.55698,22.998962,26.754059,0.76435095,-1,-1,-1
686,8951,593.52936,363.9271,11.718872,12.167908,0.5726327,-1,-1,-1
686,8976,563.4318,390.09247,13.95929,14.162018,0.53505653,-1,-1,-1
686,9002,205.07745,369.363,24.67778,10.714508,0.549129,-1,-1,-1
687,8871,424.1576,448.18866,23.444794,22.160461,0.8216629,-1,-1,-1
687,8907,483.88824,452.609,21.073273,22.774292,0.78977287,-1,-1,-1
687,8964,480.63382,417.52353,19.953522,18.801971,0.7867256,-1,-1,-1
687,8970,509.4022,407.33197,17.265594,16.883423,0.48624426,-1,-1,-1
687,8967,572.36237,470.56195,17.978394,27.895355,0.73081696,-1,-1,-1
687,8969,589.8181,382.87772,13.498962,16.367615,0.6885329,-1,-1,-1
687,9003,595.91284,502.43936,23.11084,26.263397,0.7011211,-1,-1,-1
687,8951,593.4702,363.6579,11.841309,12.233948,0.64187825,-1,-1,-1
687,8976,563.89105,389.66608,13.862122,13.98056,0.5916719,-1,-1,-1
687,9002,203.2683,369.3064,24.505249,10.658936,0.48614213,-1,-1,-1
687,9008,499.39993,391.28662,14.841461,15.084503,0.3795943,-1,-1,-1
688,8871,423.28958,448.9949,23.726349,22.361847,0.8255184,-1,-1,-1
688,8907,483.28574,453.61615,21.438843,22.826569,0.82097566,-1,-1,-1
688,8964,480.19016,418.002,20.055603,18.944519,0.7888856,-1,-1,-1
688,8970,509.08685,407.55383,16.906006,17.049652,0.5054954,-1,-1,-1
688,8967,572.45374,469.69263,18.23816,27.705963,0.74202126,-1,-1,-1
688,8969,589.6309,382.15286,13.992981,16.544434,0.66892123,-1,-1,-1
688,9003,596.1415,501.00473,23.06305,26.088348,0.74607146,-1,-1,-1
688,8951,593.4264,363.45813,12.154968,12.114746,0.5778206,-1,-1,-1
688,8976,563.94617,389.51892,13.705383,13.602142,0.56668043,-1,-1,-1
688,9002,201.39105,369.17352,24.85794,10.766541,0.56271255,-1,-1,-1
688,9008,498.68723,391.7711,15.75766,15.844299,0.53536433,-1,-1,-1
688,9010,571.9811,363.71997,12.264465,13.204346,0.33413288,-1,-1,-1
689,8871,422.35434,449.96292,24.03952,22.338013,0.7950824,-1,-1,-1
689,8907,482.9757,454.57254,21.420013,22.888336,0.81375086,-1,-1,-1
689,8964,479.79022,418.47464,20.485413,19.17511,0.798642,-1,-1,-1
689,8970,508.8401,407.7981,17.273315,17.43988,0.5652765,-1,-1,-1
689,8967,572.8605,469.05807,18.128601,27.421448,0.6593542,-1,-1,-1
689,8969,589.00494,381.69617,14.276794,16.49768,0.6772877,-1,-1,-1
689,9003,596.72656,499.77362,22.742981,25.793823,0.798265,-1,-1,-1
689,8951,593.0796,363.1268,12.046265,12.07843,0.5604218,-1,-1,-1
689,8976,563.844,389.0939,13.673279,13.510315,0.3939023,-1,-1,-1
689,9002,199.59052,369.28558,24.219666,10.627014,0.5284228,-1,-1,-1
689,9010,571.684,363.66165,12.288635,12.866913,0.3102346,-1,-1,-1
689,8978,526.75867,386.05447,12.31488,14.852112,0.29241008,-1,-1,-1
690,8871,421.61862,450.91586,23.99643,22.376099,0.75119823,-1,-1,-1
690,8907,482.43164,455.66373,22.272003,23.072845,0.80647665,-1,-1,-1
690,8964,479.25513,419.00375,21.015594,19.517578,0.8259728,-1,-1,-1
690,8970,508.52423,407.71198,17.634705,18.097534,0.41468984,-1,-1,-1
690,8967,573.00464,467.85077,18.401428,27.800964,0.63261735,-1,-1,-1
690,8969,589.3621,381.2388,14.374023,16.583954,0.6416952,-1,-1,-1
690,9003,597.3069,498.53833,22.507202,25.749634,0.7703956,-1,-1,-1
690,8951,593.4156,363.08014,11.653564,11.829407,0.52019876,-1,-1,-1
690,8976,563.92,388.77164,13.782227,13.3888855,0.27007282,-1,-1,-1
690,9010,571.8725,363.4437,12.310364,12.757568,0.30848768,-1,-1,-1
691,8871,420.69116,451.6384,24.310974,23.083618,0.72013193,-1,-1,-1
691,8907,481.70255,456.84857,22.710938,23.292938,0.7678167,-1,-1,-1
691,8964,478.86432,419.4776,21.270996,19.732391,0.8393551,-1,-1,-1
691,8967,573.2736,466.8676,18.455383,28.012634,0.6511478,-1,-1,-1
691,8969,589.38696,380.9509,14.702393,16.445618,0.67716306,-1,-1,-1
691,9003,597.8289,497.0704,22.39093,25.934784,0.7174277,-1,-1,-1
691,8951,593.2821,362.7028,11.813416,11.846283,0.53305656,-1,-1,-1
691,8976,564.1245,388.2016,13.614258,13.659515,0.5049904,-1,-1,-1
691,9010,571.82715,363.21042,12.324036,12.696075,0.33273587,-1,-1,-1
692,8871,419.79337,452.93024,24.464264,22.960571,0.72151065,-1,-1,-1
692,8907,481.12735,457.94287,22.420288,23.60611,0.7501374,-1,-1,-1
692,8964,478.31165,420.31363,21.12799,19.521667,0.82198334,-1,-1,-1
692,8967,573.37317,466.21292,18.678345,27.768646,0.5454361,-1,-1,-1
692,8969,589.3981,380.60162,14.2323,16.45514,0.6228429,-1,-1,-1
692,9003,598.019,495.3604,22.77301,26.180664,0.7696959,-1,-1,-1
692,8951,593.2132,362.3961,11.517395,11.751465,0.43346792,-1,-1,-1
692,8976,564.08234,387.6733,13.736206,13.764832,0.4904842,-1,-1,-1
692,9002,193.89899,369.19342,24.231888,10.713776,0.39501917,-1,-1,-1
692,8978,525.53723,387.64517,12.93219,15.011505,0.27920064,-1,-1,-1
693,8871,419.2115,454.41763,24.114288,22.635254,0.75356394,-1,-1,-1
693,8907,480.8392,459.03018,22.344543,23.89215,0.7060789,-1,-1,-1
693,8964,477.95828,421.25653,21.168243,19.432281,0.80489534,-1,-1,-1
693,8967,573.6939,465.77402,18.704285,27.336212,0.45414424,-1,-1,-1
693,8969,589.5951,380.65213,14.546997,16.148651,0.6105319,-1,-1,-1
693,9003,598.3341,494.2364,22.79535,25.649231,0.7279418,-1,-1,-1
693,8951,593.5091,362.17343,11.174744,11.536652,0.39192015,-1,-1,-1
693,8976,564.44275,386.8744,13.43042,13.914124,0.41213056,-1,-1,-1
694,8871,418.50986,455.53238,24.412842,22.644989,0.8438363,-1,-1,-1
694,8907,480.39944,460.1064,22.1622,24.034271,0.796779,-1,-1,-1
694,8964,477.53513,421.75824,20.899628,19.67221,0.8188675,-1,-1,-1
694,8967,574.10504,465.0697,18.574036,27.2984,0.46233055,-1,-1,-1
694,8969,589.3774,380.51456,14.787659,15.752563,0.6583675,-1,-1,-1
694,9003,598.68146,492.85068,22.581299,25.908295,0.6672254,-1,-1,-1
694,8951,593.5779,361.46796,11.177307,11.856384,0.4819524,-1,-1,-1
694,8976,564.47266,386.375,13.495483,13.8038025,0.5005659,-1,-1,-1
694,9013,506.44885,359.08212,15.03125,12.899017,0.37474895,-1,-1,-1
694,8982,509.73947,369.10358,18.313202,13.074097,0.54189044,-1,-1,-1
694,8970,507.47855,410.22583,17.722565,18.134491,0.36892688,-1,-1,-1
694,9010,571.55927,362.23993,12.4765625,12.61026,0.41712096,-1,-1,-1
694,9002,190.18503,369.16037,23.568817,10.714172,0.250538,-1,-1,-1
695,8871,417.9629,456.6566,24.66037,22.76941,0.82758003,-1,-1,-1
695,8907,479.92554,461.242,21.744904,24.044312,0.7944606,-1,-1,-1
695,8964,477.33005,422.49625,20.339783,19.646942,0.79857206,-1,-1,-1
695,8967,574.98553,464.37585,18.078857,27.111694,0.36623856,-1,-1,-1
695,8969,589.7715,380.1506,14.400452,15.856201,0.67909306,-1,-1,-1
695,9003,598.97687,491.99527,22.6391,25.319855,0.63723737,-1,-1,-1
695,8951,593.69995,361.07544,11.189514,11.903717,0.5151514,-1,-1,-1
695,8976,564.7104,386.1147,13.089844,13.655518,0.4233416,-1,-1,-1
695,9013,506.59906,359.45694,13.572876,12.816772,0.291538,-1,-1,-1
695,8982,510.86465,369.22842,17.049652,13.119843,0.48840183,-1,-1,-1
695,8970,507.1429,412.89987,17.701141,16.277008,0.26290596,-1,-1,-1
695,9010,571.95544,361.9103,12.239502,12.567902,0.38521788,-1,-1,-1
696,8871,417.6194,457.67578,24.409973,23.097443,0.8150028,-1,-1,-1
696,8907,479.3453,461.99106,21.832672,24.54181,0.810136,-1,-1,-1
696,8964,477.32217,423.1454,20.019958,19.693176,0.7882726,-1,-1,-1
696,8967,575.69824,463.87903,17.840515,26.998535,0.3142215,-1,-1,-1
696,8969,590.22034,379.93408,14.37384,15.633636,0.65118986,-1,-1,-1
696,9003,599.52875,491.36154,22.584229,24.778961,0.61697274,-1,-1,-1
696,8951,594.00275,360.78787,11.610352,11.821106,0.5151659,-1,-1,-1
696,9013,506.60104,360.0184,13.498871,12.511719,0.3336227,-1,-1,-1
696,8982,510.38412,369.21774,17.488312,13.591858,0.5474584,-1,-1,-1
696,8970,506.91776,413.29004,17.597565,16.358948,0.38670552,-1,-1,-1
696,9010,572.73016,361.30536,12.201904,12.723541,0.32439566,-1,-1,-1
697,8871,416.92953,458.8118,24.143463,23.207336,0.8030031,-1,-1,-1
697,8907,478.70087,463.11914,21.637787,24.587708,0.82920814,-1,-1,-1
697,8964,476.99402,423.85785,19.290924,19.419739,0.7729058,-1,-1,-1
697,8967,576.014,463.04572,17.622437,27.208954,0.55266607,-1,-1,-1
697,8969,590.4652,379.30948,13.756165,15.752289,0.5981371,-1,-1,-1
697,9003,599.80286,489.80374,22.377197,25.000519,0.6191201,-1,-1,-1
697,8951,593.8668,360.49005,12.408569,11.675873,0.53476053,-1,-1,-1
697,9013,506.31628,360.45886,14.437073,12.280212,0.3177404,-1,-1,-1
697,8982,509.588,369.34207,18.049255,13.584534,0.611336,-1,-1,-1
697,8970,506.351,414.76904,17.41742,15.54953,0.42242143,-1,-1,-1
697,9010,572.1894,360.9723,12.632446,12.686035,0.33432168,-1,-1,-1
697,8978,524.384,390.19815,12.93811,14.689941,0.30646443,-1,-1,-1
698,8871,416.05936,459.6545,24.419556,23.708923,0.80554307,-1,-1,-1
698,8907,477.94946,464.29318,22.292267,24.901947,0.8358181,-1,-1,-1
698,8964,476.7138,424.6428,19.287079,19.429749,0.82043785,-1,-1,-1
698,8967,575.968,462.19705,17.644531,27.449677,0.63387877,-1,-1,-1
698,8969,590.24915,378.623,13.409546,16.259796,0.61177707,-1,-1,-1
698,9003,600.14557,488.57437,22.14093,25.16153,0.63307494,-1,-1,-1
698,8951,593.6638,360.21014,12.40979,11.618622,0.52670604,-1,-1,-1
698,9013,506.2063,360.79874,14.377991,12.167023,0.3293911,-1,-1,-1
698,8982,510.51483,369.4889,16.975342,13.6102295,0.61879057,-1,-1,-1
698,8970,505.5417,415.64966,17.092834,15.438385,0.4256171,-1,-1,-1
698,9010,571.9631,361.03064,12.302368,12.312561,0.32001877,-1,-1,-1
698,8978,523.92804,390.66287,13.206055,14.824646,0.3882168,-1,-1,-1
698,8976,564.4564,384.92862,12.892883,13.621124,0.31883073,-1,-1,-1
699,8871,414.98468,460.70975,24.443176,23.816132,0.8419731,-1,-1,-1
699,8907,477.53616,465.65598,22.21344,24.764404,0.83807266,-1,-1,-1
699,8964,476.17776,425.39954,19.511932,19.345398,0.8323192,-1,-1,-1
699,8967,576.1968,461.58484,17.422241,27.386902,0.7345077,-1,-1,-1
699,8969,590.4172,378.33163,13.569946,16.045105,0.581615,-1,-1,-1
699,9003,600.8623,487.46692,21.411865,25.03595,0.6431496,-1,-1,-1
699,8951,593.82623,359.7679,12.146545,11.6276245,0.5324921,-1,-1,-1
699,9013,505.586,361.25388,14.380066,11.864746,0.4224794,-1,-1,-1
699,8982,510.00687,369.5388,17.359406,14.135071,0.5842821,-1,-1,-1
699,8970,504.88184,415.138,17.606873,16.574158,0.6623797,-1,-1,-1
699,9010,571.87634,360.64752,12.659424,12.525085,0.37089807,-1,-1,-1
699,8978,523.59546,390.8045,13.213074,15.016541,0.39458704,-1,-1,-1
699,9022,517.4027,346.4132,12.678772,10.812256,0.3490692,-1,-1,-1
699,9023,531.7527,371.238,14.88562,11.414917,0.4266878,-1,-1,-1
699,8976,564.6251,384.64246,12.584045,13.278168,0.34922078,-1,-1,-1
699,9002,181.19649,369.49338,24.140366,10.897736,0.26754645,-1,-1,-1
700,8871,413.95724,461.60934,24.702362,24.323029,0.8439875,-1,-1,-1
700,8907,477.22894,466.91412,21.834412,24.809479,0.83784837,-1,-1,-1
700,8964,475.543,425.75378,19.807007,19.7594,0.8343302,-1,-1,-1
700,8967,576.2998,461.18933,17.485413,26.895264,0.75527596,-1,-1,-1
700,8969,590.72876,377.47397,13.341248,16.469482,0.6575206,-1,-1,-1
700,9003,601.295,486.45108,21.143005,24.756561,0.681562,-1,-1,-1
700,8951,593.9926,358.8205,12.378967,12.111267,0.553843,-1,-1,-1
700,9013,504.93243,361.579,14.332581,12.115021,0.37052175,-1,-1,-1
700,8982,510.16415,369.48642,16.755524,14.050049,0.57141984,-1,-1,-1
700,8970,504.29495,415.2249,18.180756,17.003326,0.6837499,-1,-1,-1
700,9010,571.8543,360.3058,12.764282,12.4973755,0.4157172,-1,-1,-1
700,8978,523.17303,390.81253,13.43866,15.7565,0.49381062,-1,-1,-1
700,9022,517.0722,346.40497,12.693481,10.878296,0.30452976,-1,-1,-1
700,9023,530.889,371.48886,15.341614,11.565674,0.5043452,-1,-1,-1
700,8976,564.9457,383.7598,12.6987915,13.582581,0.2567237,-1,-1,-1
700,9026,541.02106,337.77032,14.215759,12.281372,0.3584752,-1,-1,-1
701,8871,412.96417,462.87668,24.932343,24.487549,0.83511716,-1,-1,-1
701,8907,476.59958,467.95395,22.124542,25.340942,0.845394,-1,-1,-1
701,8964,474.80838,425.86676,19.938934,20.442139,0.81366587,-1,-1,-1
701,8967,576.2715,460.42407,17.76178,26.685303,0.76825017,-1,-1,-1
701,8969,590.2121,377.0012,13.9782715,16.522156,0.7483095,-1,-1,-1
701,9003,601.7261,485.59875,21.010925,24.486816,0.73452866,-1,-1,-1
701,8951,593.7406,357.69168,12.314941,12.858307,0.6081512,-1,-1,-1
701,9013,504.16217,361.9163,14.779297,12.374908,0.33550498,-1,-1,-1
701,8982,508.2698,369.45572,18.324677,14.468109,0.5562911,-1,-1,-1
701,8970,504.0481,415.5505,18.176025,17.37201,0.6408053,-1,-1,-1
701,9010,571.5425,359.55124,12.605347,12.8377075,0.38408497,-1,-1,-1
701,8978,522.68365,391.3023,13.396973,16.107788,0.4906279,-1,-1,-1
701,9022,516.6022,346.44464,12.743347,11.556274,0.29436907,-1,-1,-1
701,9023,529.7839,371.5985,16.23462,11.843201,0.4956474,-1,-1,-1
701,8976,565.0328,383.1976,12.707703,13.774506,0.5979665,-1,-1,-1
701,9008,490.07626,399.86227,18.62735,15.898407,0.4713575,-1,-1,-1
702,8871,412.29105,463.9568,24.909332,24.739166,0.83072263,-1,-1,-1
702,8907,476.23337,469.0745,22.05249,25.54535,0.85602987,-1,-1,-1
702,8964,474.27332,426.36353,19.74289,20.731354,0.81431854,-1,-1,-1
702,8967,576.4349,459.4951,17.98175,26.531982,0.7988012,-1,-1,-1
702,8969,590.05743,376.7188,14.222412,16.533905,0.7442953,-1,-1,-1
702,9003,601.8883,483.85596,20.884766,24.79544,0.7491446,-1,-1,-1
702,8951,593.755,357.09064,12.2109375,13.114319,0.57417303,-1,-1,-1
702,9013,504.0064,362.08926,13.724304,12.667694,0.35200164,-1,-1,-1
702,8982,508.83014,369.22073,17.67688,15.148254,0.5283618,-1,-1,-1
702,8970,503.44052,415.58286,18.76535,18.21518,0.6183876,-1,-1,-1
702,9010,571.4972,359.00763,12.18634,13.1154175,0.3004857,-1,-1,-1
702,8978,522.1293,391.69296,13.78595,16.325348,0.56207675,-1,-1,-1
702,9022,516.2344,346.30264,12.4279175,12.055939,0.26850793,-1,-1,-1
702,9023,529.17554,371.8227,17.428833,12.007324,0.5526444,-1,-1,-1
702,8976,565.15375,382.86945,12.675415,13.759674,0.3730969,-1,-1,-1
702,9008,489.6169,400.4188,19.286682,16.117432,0.56232435,-1,-1,-1
703,8871,411.71524,464.99393,25.145264,25.086548,0.85382235,-1,-1,-1
703,8907,475.72986,470.11533,22.562042,25.825867,0.8357318,-1,-1,-1
703,8964,473.59778,426.6498,20.266693,21.416992,0.81251484,-1,-1,-1
703,8967,576.4979,458.8332,18.061829,26.335205,0.79501754,-1,-1,-1
703,8969,590.1371,376.3199,14.076233,16.576477,0.76637834,-1,-1,-1
703,9003,601.9743,482.23712,21.039307,24.952118,0.7354929,-1,-1,-1
703,8951,593.88196,356.52377,12.535767,13.359467,0.62697655,-1,-1,-1
703,9013,503.64493,362.2801,13.740387,12.9947815,0.31072482,-1,-1,-1
703,8982,509.47745,369.3557,16.826996,15.230408,0.42972615,-1,-1,-1
703,8970,502.92252,416.6125,18.910736,18.256378,0.6384935,-1,-1,-1
703,9010,571.3655,358.623,12.163452,13.169281,0.34415916,-1,-1,-1
703,8978,521.87695,392.08124,13.5772705,16.347687,0.4787328,-1,-1,-1
703,9022,515.9414,346.2438,11.986084,12.386108,0.30470276,-1,-1,-1
703,9023,529.3009,372.0891,16.900024,12.243469,0.39722437,-1,-1,-1
703,8976,565.0872,382.52267,12.858337,13.585693,0.33829784,-1,-1,-1
703,9008,489.314,400.7769,18.83319,16.123291,0.46363187,-1,-1,-1
704,8871,410.94583,466.5139,25.511993,24.965454,0.84430224,-1,-1,-1
704,8907,475.74994,471.60123,22.352753,25.574615,0.841357,-1,-1,-1
704,8964,473.2966,427.5091,20.172943,21.561432,0.80791867,-1,-1,-1
704,8967,576.8947,458.15167,17.846191,25.914642,0.7679034,-1,-1,-1
704,8969,590.4086,376.13538,14.2595825,16.355164,0.72942114,-1,-1,-1
704,9003,602.3983,481.15884,20.899536,25.103119,0.73514855,-1,-1,-1
704,8951,594.0411,356.5201,12.161255,13.044525,0.43278503,-1,-1,-1
704,8982,507.40033,370.11453,18.609009,14.934845,0.2962774,-1,-1,-1
704,9023,529.21375,372.17886,17.998291,12.512482,0.2932394,-1,-1,-1
704,9008,488.67343,401.0344,18.940826,16.289825,0.5703143,-1,-1,-1
705,8871,410.05908,467.54852,25.83017,25.34378,0.84808755,-1,-1,-1
705,8907,475.17215,472.98816,22.690796,25.783447,0.83712786,-1,-1,-1
705,8964,472.81293,428.64105,20.49469,21.488342,0.7934025,-1,-1,-1
705,8967,577.42883,457.2375,17.40326,26.302277,0.7951938,-1,-1,-1
705,8969,590.7338,375.89923,14.449768,16.229126,0.7119954,-1,-1,-1
705,9003,602.6461,480.1557,20.721558,24.766144,0.73728895,-1,-1,-1
705,8951,594.0873,355.30734,13.185303,14.000488,0.38280004,-1,-1,-1
705,8982,506.9911,370.51172,18.840088,14.812561,0.28011551,-1,-1,-1
705,9008,488.0636,401.47372,18.694336,16.630768,0.41860893,-1,-1,-1
705,8970,502.12183,417.65796,19.370361,18.434113,0.27407825,-1,-1,-1
706,8871,409.54547,469.11667,25.470825,25.192566,0.82903385,-1,-1,-1
706,8907,474.7352,474.3253,23.200104,26.095581,0.8133718,-1,-1,-1
706,8964,472.5271,430.03055,20.970306,20.824127,0.8131376,-1,-1,-1
706,8967,577.6313,456.60226,17.455261,25.91867,0.59659654,-1,-1,-1
706,8969,590.9367,375.6576,15.103149,15.80661,0.6445232,-1,-1,-1
706,9003,602.9187,479.37143,20.625305,24.411713,0.66372776,-1,-1,-1
706,8951,594.0882,354.73294,13.717285,14.266968,0.39322037,-1,-1,-1
706,9008,487.72562,401.80927,18.6362,16.983795,0.2898529,-1,-1,-1
707,8871,408.80746,470.3957,25.330872,25.8031,0.8242811,-1,-1,-1
707,8907,473.84277,475.5969,23.725586,26.403656,0.82533056,-1,-1,-1
707,8964,471.98358,430.89694,21.180511,20.907837,0.82835543,-1,-1,-1
707,8967,577.8412,456.03232,17.516174,25.527313,0.5748857,-1,-1,-1
707,8969,591.3816,375.6117,15.174805,15.362366,0.6216703,-1,-1,-1
707,9003,603.04834,478.7424,20.913269,23.987213,0.7087605,-1,-1,-1
708,8871,408.1653,471.61438,25.133728,25.950287,0.85049,-1,-1,-1
708,8907,473.40878,477.00507,23.981354,26.618439,0.8344361,-1,-1,-1
708,8964,471.5477,431.43823,21.363007,21.26648,0.83813596,-1,-1,-1
708,8967,578.081,455.1988,17.64978,25.55951,0.5100085,-1,-1,-1
708,8969,591.3074,375.52676,15.281372,15.148315,0.6200163,-1,-1,-1
708,9003,603.3564,477.22067,20.8396,24.317596,0.5142952,-1,-1,-1
709,8871,407.32574,472.8596,25.011139,26.026855,0.8275552,-1,-1,-1
709,8907,472.9816,478.1991,24.05127,26.747375,0.78397536,-1,-1,-1
709,8964,471.2586,432.0226,21.249115,21.729553,0.8516527,-1,-1,-1
709,8967,578.5367,454.3348,17.651917,25.761261,0.46356997,-1,-1,-1
709,8969,591.3031,375.37872,16.937317,14.8811035,0.6611153,-1,-1,-1
709,9003,603.9915,476.29254,20.568176,24.019043,0.48422202,-1,-1,-1
710,8871,406.53812,474.0718,25.30838,26.15628,0.8351707,-1,-1,-1
710,8907,472.1675,479.2371,24.731323,27.373474,0.82569104,-1,-1,-1
710,8964,470.7912,433.10538,21.267487,21.47174,0.8575164,-1,-1,-1
710,8967,578.4974,454.00293,17.752686,25.474304,0.3478133,-1,-1,-1
710,8969,591.5249,375.25293,18.774841,14.685425,0.6495586,-1,-1,-1
710,9003,604.2017,475.16162,20.41626,23.8555,0.25424868,-1,-1,-1
710,9023,527.92334,373.38318,19.393372,13.50705,0.28496554,-1,-1,-1
710,8970,500.91534,421.0562,19.847168,18.643738,0.5108966,-1,-1,-1
710,9008,484.79895,404.6889,19.999176,17.697723,0.44357827,-1,-1,-1
711,8871,405.6355,475.34982,25.712036,26.28653,0.82412404,-1,-1,-1
711,8907,471.69443,480.4012,24.549347,27.772736,0.81750757,-1,-1,-1
711,8964,470.58447,434.09225,21.23111,21.341675,0.84579027,-1,-1,-1
711,8967,578.57086,453.57193,17.849426,25.016022,0.4639436,-1,-1,-1
711,8969,591.4817,374.97516,19.273926,14.519836,0.6447318,-1,-1,-1
711,9003,604.6328,474.1475,20.012573,23.606567,0.2722896,-1,-1,-1
711,9023,527.4014,373.36923,20.41388,14.00177,0.458764,-1,-1,-1
711,8970,500.50537,421.4778,20.023254,19.086334,0.44445363,-1,-1,-1
711,9008,484.46436,405.3078,19.970795,17.603241,0.29857165,-1,-1,-1
712,8871,404.77487,476.81024,26.105194,26.277832,0.8118135,-1,-1,-1
712,8907,471.1092,482.0265,24.266174,27.650452,0.82798356,-1,-1,-1
712,8964,470.108,435.08243,20.742828,21.201508,0.83797383,-1,-1,-1
712,8967,578.5012,452.73206,17.730347,25.133911,0.61059004,-1,-1,-1
712,8969,591.1166,374.62164,18.640503,14.60321,0.5492527,-1,-1,-1
712,9003,604.6312,473.38843,20.081482,23.279175,0.47346228,-1,-1,-1
712,9023,527.1129,373.70602,21.2005,14.191772,0.3666626,-1,-1,-1
712,8970,500.42212,422.72006,19.88916,18.812408,0.28971472,-1,-1,-1
713,8871,403.76074,478.25766,26.111786,26.252502,0.75316685,-1,-1,-1
713,8907,470.65674,483.4579,24.147644,28.01883,0.8255312,-1,-1,-1
713,8964,469.6682,435.72,20.730469,21.368591,0.8417391,-1,-1,-1
713,8967,578.4587,451.7933,17.746338,25.347229,0.71650386,-1,-1,-1
713,8969,591.1165,374.37024,19.16272,14.504944,0.529606,-1,-1,-1
713,9003,604.8129,472.37888,19.963074,23.148865,0.5276233,-1,-1,-1
713,9023,526.3872,374.0756,21.812256,14.200378,0.39671618,-1,-1,-1
713,8970,500.11444,423.57034,19.474854,18.875885,0.5409783,-1,-1,-1
714,8871,402.89478,479.47604,26.24768,26.701294,0.8361416,-1,-1,-1
714,8907,470.14664,485.03137,24.403748,28.03888,0.83612406,-1,-1,-1
714,8964,468.982,436.6779,20.753937,21.55066,0.8425828,-1,-1,-1
714,8967,578.9263,451.11285,17.330322,25.279419,0.74608207,-1,-1,-1
714,8969,591.0066,374.05048,20.643982,14.610748,0.55898,-1,-1,-1
714,9003,604.8173,471.48602,20.309875,23.03711,0.6000758,-1,-1,-1
714,9023,526.2768,374.30698,21.70819,14.437927,0.27598375,-1,-1,-1
714,8970,499.65628,424.83777,19.379974,18.44217,0.26288489,-1,-1,-1
715,8871,401.83228,480.6948,26.798767,27.550568,0.82968533,-1,-1,-1
715,8907,469.3997,486.25012,24.67627,28.435364,0.8527251,-1,-1,-1
715,8964,468.0754,437.70078,21.182983,21.369019,0.83161527,-1,-1,-1
715,8967,578.68335,450.46225,17.80243,25.02591,0.72870946,-1,-1,-1
715,8969,591.1719,373.67844,21.388794,14.750824,0.4687309,-1,-1,-1
715,9003,604.61334,470.4883,20.61792,22.958374,0.5703526,-1,-1,-1
715,9023,525.5758,374.80658,21.713684,14.372772,0.49588928,-1,-1,-1
715,8970,499.01804,425.45825,19.376556,18.761658,0.55637556,-1,-1,-1
715,9035,562.2283,399.36475,14.436035,15.159485,0.4437506,-1,-1,-1
716,8871,400.51663,482.214,27.350067,27.82486,0.79370373,-1,-1,-1
716,8907,468.63412,487.53967,24.886444,28.736694,0.8531418,-1,-1,-1
716,8964,467.14377,438.07935,21.441193,22.105316,0.8645926,-1,-1,-1
716,8967,578.6495,449.95224,17.82428,24.970215,0.7140878,-1,-1,-1
716,9003,604.4573,469.48795,20.962769,22.90979,0.40187898,-1,-1,-1
716,9023,524.575,375.24432,21.742493,14.338318,0.26374012,-1,-1,-1
716,8970,498.51505,425.58267,19.436432,19.444763,0.61522645,-1,-1,-1
716,9035,562.2695,398.697,14.88092,15.0372925,0.28318167,-1,-1,-1
717,8871,399.7013,483.6736,27.264282,27.874481,0.82564193,-1,-1,-1
717,8907,468.21564,489.0883,25.198456,28.94754,0.808158,-1,-1,-1
717,8964,466.482,438.5866,21.737885,22.609253,0.8617159,-1,-1,-1
717,8967,578.833,449.0506,17.64032,24.987793,0.6467729,-1,-1,-1
717,9023,524.11,375.6165,21.983276,14.352905,0.484107,-1,-1,-1
717,8970,497.92725,425.50998,20.096802,20.381989,0.735202,-1,-1,-1
717,9035,562.20404,398.1708,14.692688,15.348785,0.46343595,-1,-1,-1
717,8982,502.2046,373.30402,19.483948,15.826599,0.30882704,-1,-1,-1
717,8969,590.18976,373.09375,19.85559,14.790741,0.3222487,-1,-1,-1
718,8871,398.71164,484.84598,27.470398,28.596039,0.8309654,-1,-1,-1
718,8907,467.5881,490.42526,25.237976,29.570648,0.76605034,-1,-1,-1
718,8964,465.93393,439.3796,21.818726,22.871765,0.8581627,-1,-1,-1
718,8967,579.2536,448.52652,17.172363,24.706512,0.65643746,-1,-1,-1
718,9023,523.6093,376.1203,22.13153,14.231049,0.4743623,-1,-1,-1
718,8970,497.3384,426.13336,20.33609,20.618347,0.73122054,-1,-1,-1
718,9035,562.285,398.03555,15.267273,15.425568,0.3345162,-1,-1,-1
718,9037,476.9903,362.289,21.654083,20.949158,0.36458114,-1,-1,-1
718,8982,502.58298,373.46152,18.792511,16.237732,0.29665357,-1,-1,-1
718,8969,590.35364,372.71918,19.134338,14.907684,0.282748,-1,-1,-1
718,9008,478.6044,410.5,18.652924,18.06897,0.31519043,-1,-1,-1
719,8871,397.82446,486.04245,27.84726,29.081573,0.83215994,-1,-1,-1
719,8907,466.9969,491.98315,25.52304,29.87085,0.8354779,-1,-1,-1
719,8964,465.5103,440.26788,22.042908,23.13144,0.84756875,-1,-1,-1
719,8967,579.5205,447.83524,17.196533,24.500244,0.6528747,-1,-1,-1
719,9023,523.289,376.39917,22.25879,14.357239,0.45156446,-1,-1,-1
719,8970,496.99142,426.49686,20.729462,21.151642,0.77263856,-1,-1,-1
719,9035,562.5114,397.72165,14.687378,15.185913,0.372054,-1,-1,-1
719,9037,476.79916,362.46585,21.597351,20.983795,0.38194242,-1,-1,-1
719,8982,503.56177,373.88177,17.638306,16.144684,0.29361558,-1,-1,-1
719,8969,590.0559,372.0076,17.232605,14.933044,0.39278165,-1,-1,-1
719,9008,478.02118,411.50757,18.931946,17.687561,0.3953642,-1,-1,-1
719,8976,565.67334,375.58676,13.077454,12.374359,0.2751361,-1,-1,-1
719,9003,604.7057,466.4889,20.668823,23.233307,0.32959327,-1,-1,-1
