2,9268,652.0538,72.29938,19.097473,14.4783325,0.7805625,-1,-1,-1
2,9269,882.51685,140.039,85.74042,43.643906,0.69862384,-1,-1,-1
2,9270,927.3928,171.12299,92.9718,51.543976,0.8082683,-1,-1,-1
2,9271,810.38635,104.687706,47.424316,30.264397,0.6037288,-1,-1,-1
2,9272,555.6567,71.31516,16.3266,15.542908,0.6227453,-1,-1,-1
2,9273,721.9952,81.40863,28.110596,20.114792,0.61547524,-1,-1,-1
2,9274,686.3117,80.72773,23.206604,16.566422,0.67781484,-1,-1,-1
2,9275,823.4722,198.75963,120.04529,79.4969,0.5653001,-1,-1,-1
2,9277,704.6469,102.206635,37.51477,23.265884,0.5338567,-1,-1,-1
3,9268,650.7574,72.23861,19.514038,14.276512,0.7524072,-1,-1,-1
3,9269,878.8079,139.5907,82.97211,40.80739,0.6227388,-1,-1,-1
3,9270,925.0526,169.19728,96.0708,49.661148,0.70839584,-1,-1,-1
3,9271,807.7993,104.795906,46.98761,29.076973,0.5855382,-1,-1,-1
3,9272,554.04517,71.29884,16.617432,15.956291,0.6113865,-1,-1,-1
3,9273,720.5949,81.31584,28.45819,19.510925,0.6741139,-1,-1,-1
3,9274,685.06586,80.73019,22.50415,16.222824,0.70298225,-1,-1,-1
3,9275,819.55316,196.94974,118.1886,76.82214,0.6655783,-1,-1,-1
3,9277,703.37366,102.19996,37.549866,22.919601,0.5988899,-1,-1,-1
4,9268,649.6572,72.13045,19.603027,13.876823,0.7853083,-1,-1,-1
4,9269,874.40814,137.75542,81.78284,40.62622,0.6575822,-1,-1,-1
4,9270,918.96796,167.18243,102.20093,50.370865,0.64183,-1,-1,-1
4,9271,805.619,103.54992,46.63141,29.600761,0.73745424,-1,-1,-1
4,9272,552.73047,72.98348,16.424622,14.31469,0.48808968,-1,-1,-1
4,9273,720.03864,80.82956,28.17987,19.760475,0.55346143,-1,-1,-1
4,9274,683.76666,80.05923,23.175964,16.684486,0.63654023,-1,-1,-1
4,9275,814.5177,192.30188,116.35205,77.91992,0.6838497,-1,-1,-1
5,9268,648.6276,72.08665,19.498291,13.784882,0.77393776,-1,-1,-1
5,9269,870.06714,136.19289,80.66333,42.191315,0.69891816,-1,-1,-1
5,9270,908.9343,164.50035,112.65961,52.561935,0.6306489,-1,-1,-1
5,9271,803.413,102.673,46.219482,29.66143,0.6367205,-1,-1,-1
5,9272,551.6525,72.51095,16.554932,14.930473,0.398116,-1,-1,-1
5,9273,718.8644,79.90454,27.170593,20.249542,0.43641138,-1,-1,-1
5,9274,682.7201,79.97458,23.454834,16.321022,0.40778312,-1,-1,-1
5,9275,810.68695,190.05493,112.893555,76.16974,0.60895365,-1,-1,-1
5,9281,123.84652,178.61386,317.99274,265.788,0.5071304,-1,-1,-1
5,9283,180.34003,171.63257,323.56204,295.55136,0.46512875,-1,-1,-1
6,9268,647.5409,71.669685,19.232544,13.910736,0.77914363,-1,-1,-1
6,9269,866.3703,135.44926,78.09625,42.892624,0.5113162,-1,-1,-1
6,9270,901.68604,161.97498,119.08844,53.97412,0.6094967,-1,-1,-1
6,9271,801.1338,102.63277,45.653137,28.82663,0.7023973,-1,-1,-1
6,9272,550.49835,73.22892,16.82898,14.696129,0.5994368,-1,-1,-1
6,9273,716.7202,79.1194,26.99292,20.478745,0.5139548,-1,-1,-1
6,9274,681.4297,78.76705,22.927795,17.498459,0.5005884,-1,-1,-1
6,9275,806.65485,188.16147,109.49359,74.06717,0.7755064,-1,-1,-1
6,9281,140.02026,175.87193,326.87576,293.70734,0.7312145,-1,-1,-1
6,9283,191.23053,193.60106,309.29114,292.93823,0.49158448,-1,-1,-1
6,9287,598.81116,76.15851,20.430359,17.58117,0.5254202,-1,-1,-1
6,9289,548.193,110.64489,33.570618,27.78727,0.48455274,-1,-1,-1
6,9277,698.5667,99.97032,37.195374,23.648766,0.34823507,-1,-1,-1
7,9268,646.6162,71.11008,19.067322,14.139786,0.7066912,-1,-1,-1
7,9269,863.1129,134.12776,78.448425,38.528244,0.6108963,-1,-1,-1
7,9270,895.2488,161.12988,120.33313,48.876495,0.6519416,-1,-1,-1
7,9271,799.25476,102.13481,45.10431,28.619766,0.6127793,-1,-1,-1
7,9272,548.97327,73.4218,16.88153,14.769638,0.60381824,-1,-1,-1
7,9273,714.86646,78.55869,27.791748,21.002647,0.33219752,-1,-1,-1
7,9275,802.0521,184.60097,108.70044,72.1378,0.72472876,-1,-1,-1
7,9281,143.07617,174.35426,330.98236,303.78894,0.76128536,-1,-1,-1
7,9283,192.03996,213.93115,299.89886,289.12503,0.53099465,-1,-1,-1
7,9287,597.80457,76.66969,20.0318,17.34333,0.3554069,-1,-1,-1
7,9289,546.30896,113.2673,34.31256,26.442947,0.55489874,-1,-1,-1
7,9290,107.7072,188.85413,304.50836,258.87332,0.5400747,-1,-1,-1
8,9268,645.47235,70.74225,18.674316,14.475998,0.7294682,-1,-1,-1
8,9269,860.3862,132.75017,75.746765,38.95392,0.6389752,-1,-1,-1
8,9270,892.51404,158.75656,116.55658,48.141342,0.6324327,-1,-1,-1
8,9271,797.1221,102.19189,44.01947,27.87864,0.62877387,-1,-1,-1
8,9272,547.45013,73.60794,16.788269,15.063164,0.6318375,-1,-1,-1
8,9273,712.7689,78.228165,28.816223,21.10888,0.5608315,-1,-1,-1
8,9275,798.57275,181.10931,105.01715,70.3931,0.7608579,-1,-1,-1
8,9281,162.13106,175.69731,331.13452,302.9718,0.33192942,-1,-1,-1
8,9287,596.5037,77.16906,19.253235,17.214088,0.48954734,-1,-1,-1
8,9289,544.10504,112.76697,35.006714,28.73851,0.45846838,-1,-1,-1
8,9290,119.6869,180.63965,311.63065,267.61374,0.6156157,-1,-1,-1
8,9293,545.564,109.93427,33.793457,17.801079,0.44847155,-1,-1,-1
8,9274,678.95856,78.34925,23.44873,17.323349,0.41024855,-1,-1,-1
8,9277,695.0213,99.15963,37.84192,23.387093,0.35828596,-1,-1,-1
9,9268,644.5903,70.09179,19.074707,14.901085,0.71649146,-1,-1,-1
9,9269,858.6533,131.4314,71.61548,37.095688,0.6972062,-1,-1,-1
9,9270,886.9917,157.48592,114.87073,46.25711,0.60343397,-1,-1,-1
9,9271,794.44714,101.701126,43.821472,27.58989,0.7379392,-1,-1,-1
9,9272,546.10034,73.90078,16.739868,15.202293,0.61876225,-1,-1,-1
9,9273,711.15326,77.86696,30.592468,21.511269,0.47675103,-1,-1,-1
9,9275,795.721,180.24693,102.5849,68.57283,0.74150383,-1,-1,-1
9,9281,145.04102,174.32594,336.51126,304.79657,0.79067636,-1,-1,-1
9,9287,595.79474,77.435,19.34021,17.421394,0.42837033,-1,-1,-1
9,9289,542.2936,118.66673,34.839355,24.918518,0.50089645,-1,-1,-1
9,9290,112.2492,186.63025,306.4806,263.29333,0.5575195,-1,-1,-1
9,9293,544.2618,110.3543,33.693787,16.91912,0.34514636,-1,-1,-1
9,9274,677.0863,77.90331,24.153564,17.638977,0.31900206,-1,-1,-1
9,9277,693.4841,98.15059,37.999756,23.862915,0.30767298,-1,-1,-1
9,9283,188.26492,212.58441,313.79523,293.0452,0.3618342,-1,-1,-1
10,9268,643.52155,69.47395,19.14038,15.390823,0.705496,-1,-1,-1
10,9269,854.8887,130.27625,70.546265,33.934387,0.72252244,-1,-1,-1
10,9270,882.263,155.95291,113.44586,45.154922,0.32220444,-1,-1,-1
10,9271,791.84924,101.25743,43.86493,27.31485,0.7642697,-1,-1,-1
10,9272,544.8597,74.119606,16.746033,15.202553,0.7067438,-1,-1,-1
10,9273,709.5244,77.86841,28.819214,20.710548,0.49608144,-1,-1,-1
10,9275,791.91516,178.43913,100.91345,67.70584,0.792948,-1,-1,-1
10,9281,167.787,224.8065,315.5345,290.04333,0.5078532,-1,-1,-1
10,9287,595.25543,77.57675,19.03241,17.610916,0.46067342,-1,-1,-1
10,9289,540.0226,114.85053,35.92157,30.396507,0.7334386,-1,-1,-1
10,9290,120.07002,183.58398,319.55328,283.67966,0.81994474,-1,-1,-1
10,9277,691.98004,97.48403,37.396545,23.47892,0.41559586,-1,-1,-1
10,9283,192.8089,288.9112,267.79724,234.74182,0.6340978,-1,-1,-1
11,9268,642.70746,69.39508,18.681396,15.372536,0.72006196,-1,-1,-1
11,9269,852.2711,129.37593,68.263,31.237701,0.6868765,-1,-1,-1
11,9270,878.6981,154.08167,107.849365,44.675674,0.2597992,-1,-1,-1
11,9271,789.8496,101.08566,43.49878,26.565514,0.6836522,-1,-1,-1
11,9272,543.2955,74.241714,17.401306,15.81337,0.73440194,-1,-1,-1
11,9273,708.4145,77.90634,28.00409,20.00769,0.47779658,-1,-1,-1
11,9275,787.62494,176.87706,99.460815,63.151,0.4999733,-1,-1,-1
11,9281,152.06776,240.32791,304.82465,286.04507,0.61719114,-1,-1,-1
11,9287,594.684,77.69665,18.439331,17.591148,0.53455245,-1,-1,-1
11,9289,537.90826,117.71843,36.609436,29.18132,0.6953916,-1,-1,-1
11,9290,116.66045,181.10991,328.87286,294.54858,0.92453444,-1,-1,-1
11,9277,690.62823,97.00418,36.594177,22.945389,0.5355762,-1,-1,-1
11,9283,177.02286,324.85242,247.73965,209.44183,0.5069165,-1,-1,-1
11,9296,87.36127,193.46837,303.80762,255.58315,0.38457048,-1,-1,-1
11,9293,539.6021,113.27888,35.544006,17.27639,0.39936844,-1,-1,-1
11,9274,674.5445,77.06082,23.308228,17.692741,0.27875674,-1,-1,-1
12,9268,641.7987,69.18769,18.446533,15.323914,0.58953637,-1,-1,-1
12,9269,849.34894,128.72931,67.95398,31.100601,0.64746916,-1,-1,-1
12,9270,872.3325,151.04056,106.444885,45.72574,0.5075049,-1,-1,-1
12,9271,787.8151,100.50925,43.495544,26.30223,0.79417706,-1,-1,-1
12,9272,542.0788,74.388435,17.618652,16.041107,0.6646549,-1,-1,-1
12,9273,707.32605,77.64173,30.91858,19.977158,0.35280454,-1,-1,-1
12,9275,785.15765,175.67058,96.96411,62.171707,0.7459334,-1,-1,-1
12,9281,148.07103,215.61653,332.5401,300.2751,0.6077218,-1,-1,-1
12,9287,593.03735,78.056564,19.28186,17.616776,0.5300537,-1,-1,-1
12,9289,535.2986,116.6809,38.134705,31.91401,0.6975047,-1,-1,-1
12,9290,110.12301,177.97462,336.73334,303.90826,0.8470379,-1,-1,-1
12,9283,164.65744,338.17755,242.81607,201.39429,0.2671281,-1,-1,-1
12,9296,85.97729,190.14612,306.12347,260.99167,0.28267792,-1,-1,-1
13,9268,640.8571,68.899734,18.424805,15.413872,0.62543434,-1,-1,-1
13,9269,845.16235,127.658775,68.41876,31.361687,0.6631327,-1,-1,-1
13,9270,868.2947,151.23022,104.14661,43.927216,0.7250524,-1,-1,-1
13,9271,785.58795,100.07795,43.283997,26.160667,0.7881498,-1,-1,-1
13,9272,540.7227,74.30722,17.71344,16.213226,0.6386344,-1,-1,-1
13,9275,781.355,172.26317,95.32251,64.11708,0.7947086,-1,-1,-1
13,9281,145.3163,204.45357,341.24103,309.49542,0.59914905,-1,-1,-1
13,9287,592.149,78.12449,19.583435,18.204102,0.5740357,-1,-1,-1
13,9289,533.5502,116.50746,38.353394,33.4404,0.81033355,-1,-1,-1
13,9290,106.95036,176.49681,339.4831,307.32904,0.84635544,-1,-1,-1
13,9296,85.54929,189.00484,306.6536,263.1385,0.3417818,-1,-1,-1
13,9299,130.9988,244.63284,311.01483,278.20853,0.3117259,-1,-1,-1
13,9274,671.8649,76.661064,23.162903,17.206184,0.2547488,-1,-1,-1
14,9268,639.9804,68.909134,18.116333,15.250183,0.73531437,-1,-1,-1
14,9269,841.69354,126.69669,66.28998,29.427345,0.5780872,-1,-1,-1
14,9270,864.14417,151.27751,101.8186,42.03618,0.57174444,-1,-1,-1
14,9271,783.0071,101.00731,42.86328,24.75399,0.7850008,-1,-1,-1
14,9272,539.1801,74.64089,17.448181,16.318176,0.606457,-1,-1,-1
14,9275,777.1636,168.48361,94.47412,65.35455,0.7799651,-1,-1,-1
14,9287,591.3673,78.23187,19.515991,18.549896,0.3654284,-1,-1,-1
14,9289,531.6837,117.28909,38.518677,33.949707,0.80311036,-1,-1,-1
14,9290,112.288284,189.72786,347.33875,314.02106,0.46938646,-1,-1,-1
14,9296,87.71487,183.23497,324.36908,288.09668,0.79338926,-1,-1,-1
14,9274,670.4904,75.67827,23.247253,17.644905,0.2635249,-1,-1,-1
14,9273,704.0792,77.59751,27.335815,18.26603,0.52040136,-1,-1,-1
15,9268,638.8256,68.90756,17.751282,15.133537,0.8050663,-1,-1,-1
15,9269,838.2861,125.479004,64.142395,29.76941,0.6013403,-1,-1,-1
15,9270,858.0672,148.17896,101.31171,43.415527,0.5410406,-1,-1,-1
15,9271,780.51746,98.93874,42.496643,26.224731,0.67088777,-1,-1,-1
15,9272,537.37744,74.99765,18.023682,16.682297,0.6801278,-1,-1,-1
15,9275,773.81024,166.67897,93.138855,62.69435,0.7763857,-1,-1,-1
15,9287,590.0625,78.26089,19.554138,19.248314,0.2726521,-1,-1,-1
15,9289,529.7551,118.747314,39.167236,33.81172,0.73430973,-1,-1,-1
15,9296,89.63855,184.83232,327.88495,287.71912,0.60383976,-1,-1,-1
15,9274,669.28955,74.895294,22.784058,17.80677,0.30494386,-1,-1,-1
15,9273,702.4033,77.26882,26.843994,18.110466,0.35479185,-1,-1,-1
16,9268,637.7415,68.47735,17.94989,15.508682,0.79843855,-1,-1,-1
16,9269,835.4271,124.22418,62.856445,26.751251,0.34206975,-1,-1,-1
16,9271,778.2862,98.036865,42.13336,26.385918,0.7024726,-1,-1,-1
16,9272,535.7432,75.10728,19.039001,17.055916,0.6839524,-1,-1,-1
16,9275,771.3719,164.29506,91.91986,62.25432,0.7604961,-1,-1,-1
16,9289,527.1809,120.961624,39.329712,33.290512,0.74978673,-1,-1,-1
16,9296,93.976555,182.13957,318.9053,269.89447,0.39601752,-1,-1,-1
16,9274,668.4365,75.24966,22.782166,17.114563,0.3653271,-1,-1,-1
16,9273,701.2457,76.69728,25.508667,19.175056,0.26685125,-1,-1,-1
16,9277,683.82825,94.65809,33.1532,22.147614,0.3339743,-1,-1,-1
17,9268,636.6244,68.09837,18.075562,15.813942,0.7471435,-1,-1,-1
17,9269,832.4851,123.57079,61.97119,26.380577,0.32163674,-1,-1,-1
17,9271,776.13904,97.6023,41.750244,25.985947,0.7012967,-1,-1,-1
17,9272,534.13336,76.12373,19.543762,16.616829,0.60514617,-1,-1,-1
17,9275,767.8853,164.20671,89.89838,59.74446,0.82226187,-1,-1,-1
17,9289,524.549,121.56746,40.466736,34.319565,0.73841166,-1,-1,-1
17,9274,667.5445,74.94809,23.026062,17.124367,0.27962652,-1,-1,-1
18,9268,635.6767,67.72347,17.940979,15.73468,0.66107935,-1,-1,-1
18,9271,774.09863,96.94823,41.360413,25.60273,0.7345048,-1,-1,-1
18,9272,532.6935,76.32005,19.872314,16.87561,0.6517205,-1,-1,-1
18,9275,765.05774,162.94266,88.69653,58.897995,0.80500096,-1,-1,-1
18,9289,521.87585,128.40906,41.243286,29.64035,0.73704046,-1,-1,-1
18,9274,666.8845,74.09719,21.946167,17.311134,0.3708126,-1,-1,-1
18,9293,523.6742,121.59434,38.60254,23.517403,0.70162964,-1,-1,-1
18,9270,839.3719,141.06972,100.31683,42.55432,0.46050233,-1,-1,-1
18,9287,586.9717,78.99044,21.803894,19.286995,0.46256006,-1,-1,-1
18,9277,680.4123,93.60408,34.115417,22.008873,0.2646787,-1,-1,-1
19,9268,634.45404,67.996155,17.72461,15.18029,0.68942976,-1,-1,-1
19,9271,771.92377,96.78893,41.41632,25.146301,0.7272334,-1,-1,-1
19,9272,531.3486,76.78052,20.10254,16.996902,0.72141594,-1,-1,-1
19,9275,761.67914,161.03996,87.60156,58.268036,0.7947032,-1,-1,-1
19,9289,519.2643,124.42312,42.410095,34.92742,0.79742604,-1,-1,-1
19,9274,664.7721,73.845474,22.312683,17.30407,0.4043609,-1,-1,-1
19,9270,834.2291,138.80144,100.23193,44.197754,0.4638389,-1,-1,-1
19,9287,586.01447,79.36432,22.075256,18.965088,0.57884717,-1,-1,-1
19,9273,696.5495,75.13629,25.63623,19.725441,0.29594713,-1,-1,-1
19,9269,825.2588,121.00279,61.71411,29.14412,0.37996572,-1,-1,-1
20,9268,633.21484,68.26908,17.865967,14.775948,0.6666901,-1,-1,-1
20,9271,769.5301,96.47541,41.82611,25.089607,0.77475387,-1,-1,-1
20,9272,529.97284,76.9922,19.87616,16.965263,0.69466686,-1,-1,-1
20,9275,758.82074,158.58974,85.31494,54.69368,0.84494424,-1,-1,-1
20,9289,517.0005,124.92024,42.79541,35.993942,0.7464927,-1,-1,-1
20,9274,663.1262,73.86483,22.920715,17.095345,0.46327135,-1,-1,-1
20,9270,829.57806,137.4971,94.84711,43.947723,0.6331715,-1,-1,-1
20,9287,584.9372,79.54801,22.41809,18.981949,0.41554955,-1,-1,-1
20,9269,822.1285,120.35445,56.80481,30.536606,0.31596905,-1,-1,-1
21,9268,631.75275,67.94595,18.763977,14.878113,0.6028918,-1,-1,-1
21,9271,767.271,95.66421,40.742737,25.469429,0.6829138,-1,-1,-1
21,9272,527.95386,77.68189,20.649109,16.906708,0.7211888,-1,-1,-1
21,9275,755.66614,156.93741,84.55017,54.305557,0.76963663,-1,-1,-1
21,9289,514.3222,126.93489,44.171387,35.604614,0.7654574,-1,-1,-1
21,9274,662.20905,73.55403,23.017822,16.96952,0.58699965,-1,-1,-1
21,9270,827.11566,138.8571,92.32733,39.604614,0.4819262,-1,-1,-1
21,9287,583.8426,79.813194,22.272583,19.344376,0.45009053,-1,-1,-1
21,9269,820.3044,119.1018,57.529846,28.985252,0.30675456,-1,-1,-1
22,9268,630.859,67.51156,18.68689,14.861717,0.60322607,-1,-1,-1
22,9271,765.1641,95.176445,40.09906,25.500687,0.3414978,-1,-1,-1
22,9272,526.2398,78.518974,21.116089,16.493431,0.67801243,-1,-1,-1
22,9275,753.8418,155.7951,82.11139,53.404617,0.7860908,-1,-1,-1
22,9289,511.8372,127.36195,44.803375,36.725357,0.74324226,-1,-1,-1
22,9274,661.5439,73.480705,21.671692,16.668167,0.5812506,-1,-1,-1
22,9270,821.2531,140.22884,91.67822,36.14456,0.3416623,-1,-1,-1
22,9287,583.00336,80.64334,23.78424,19.295815,0.36193103,-1,-1,-1
22,9269,817.3699,118.22994,59.101624,28.618828,0.53300285,-1,-1,-1
23,9268,630.21497,67.013794,18.48761,14.780792,0.6246272,-1,-1,-1
23,9271,763.21063,94.715996,39.333557,25.053009,0.36368352,-1,-1,-1
23,9272,525.2272,79.28852,20.842651,16.01561,0.55584115,-1,-1,-1
23,9275,751.68365,154.0444,80.78607,52.183624,0.81212664,-1,-1,-1
23,9289,509.94122,135.98746,44.539062,30.930145,0.64251834,-1,-1,-1
23,9274,661.0844,73.25051,21.14746,16.553352,0.47477052,-1,-1,-1
23,9270,815.73035,136.59618,92.13959,39.629272,0.39755735,-1,-1,-1
23,9269,814.7389,117.53453,59.513855,28.377838,0.442601,-1,-1,-1
23,9293,511.63596,128.46638,43.115204,32.365417,0.5938837,-1,-1,-1
24,9268,629.2535,66.63524,18.536987,14.735565,0.537398,-1,-1,-1
24,9272,523.80347,78.890884,20.601135,17.030045,0.6394142,-1,-1,-1
24,9275,749.3678,152.64626,79.84924,51.19037,0.7901411,-1,-1,-1
24,9274,659.4704,72.75215,22.208557,16.904434,0.4337992,-1,-1,-1
24,9270,813.6323,136.1807,90.31946,36.949158,0.266435,-1,-1,-1
24,9269,811.95593,116.958,59.72339,27.254417,0.5924467,-1,-1,-1
24,9293,507.77603,129.39711,45.911896,37.64337,0.7185172,-1,-1,-1
25,9268,628.3398,66.77707,18.18634,14.246704,0.45309374,-1,-1,-1
25,9272,522.82666,78.04759,20.067078,18.314384,0.65528905,-1,-1,-1
25,9275,746.2302,150.3565,79.74512,49.606857,0.6081546,-1,-1,-1
25,9274,658.4148,72.26058,22.537476,17.160255,0.39394456,-1,-1,-1
25,9269,808.5685,116.19715,65.63666,28.53495,0.48098317,-1,-1,-1
25,9293,505.16537,130.74973,46.520172,39.43193,0.70776343,-1,-1,-1
26,9268,627.34265,67.10996,17.703918,13.734589,0.6394907,-1,-1,-1
26,9272,521.85236,77.86029,20.027771,18.83532,0.6923532,-1,-1,-1
26,9275,744.00775,151.35567,77.07739,44.715744,0.5548931,-1,-1,-1
26,9274,657.51715,72.429504,22.492493,16.567062,0.4790999,-1,-1,-1
26,9269,805.6166,115.44872,67.48114,28.748085,0.5002365,-1,-1,-1
26,9293,502.87207,132.0782,46.765198,39.701263,0.6702737,-1,-1,-1
26,9273,688.7503,73.15172,22.378906,18.559769,0.26139748,-1,-1,-1
26,9289,502.78763,142.65965,45.985382,30.47908,0.33429107,-1,-1,-1
26,9270,804.46313,133.02304,86.550354,37.170624,0.4918861,-1,-1,-1
27,9268,626.5665,66.86064,17.669312,13.801086,0.68132806,-1,-1,-1
27,9272,520.9032,78.16183,20.1568,18.89373,0.6384732,-1,-1,-1
27,9275,742.11304,150.43617,76.11481,44.19905,0.5537412,-1,-1,-1
27,9274,656.9177,72.109085,21.244995,16.39711,0.4184286,-1,-1,-1
27,9269,804.0806,115.135544,59.984375,26.816803,0.4974377,-1,-1,-1
27,9293,500.61667,133.99034,47.920685,40.215897,0.6262318,-1,-1,-1
27,9273,687.69403,72.87292,22.250854,18.380783,0.2902369,-1,-1,-1
27,9289,499.4105,144.16527,48.04538,31.527649,0.28016207,-1,-1,-1
27,9270,803.8098,134.37183,80.40082,33.64395,0.389094,-1,-1,-1
28,9268,625.9797,66.38093,18.22931,14.164955,0.7276668,-1,-1,-1
28,9272,519.9568,79.816086,20.11139,17.657059,0.64971495,-1,-1,-1
28,9275,739.9399,150.65408,75.35907,44.608887,0.66683143,-1,-1,-1
28,9274,656.4043,72.25276,20.234375,15.929359,0.39856973,-1,-1,-1
28,9269,802.07477,114.37415,56.922302,25.117195,0.59522057,-1,-1,-1
28,9293,498.23572,135.54239,49.471252,37.031815,0.4543757,-1,-1,-1
28,9273,686.3955,72.99664,22.361694,18.010658,0.30066004,-1,-1,-1
28,9289,497.0203,146.5848,49.902557,31.168259,0.6070284,-1,-1,-1
28,9270,802.3162,130.96364,77.09833,33.99968,0.5883566,-1,-1,-1
28,9309,501.07956,135.3073,45.976715,23.924377,0.58580244,-1,-1,-1
28,9277,668.1035,90.10069,31.503662,19.203064,0.35116026,-1,-1,-1
29,9268,625.3056,66.11756,18.174866,14.207436,0.7361291,-1,-1,-1
29,9272,518.9957,81.22743,20.173035,16.902046,0.60756993,-1,-1,-1
29,9275,738.29395,150.03525,72.4599,41.11638,0.71747756,-1,-1,-1
29,9274,655.9296,72.46572,19.706726,15.404869,0.40543354,-1,-1,-1
29,9269,802.34064,113.48477,53.629456,22.995377,0.6828817,-1,-1,-1
29,9293,495.30884,136.6449,52.588135,37.776794,0.33220768,-1,-1,-1
29,9273,685.1166,72.74445,22.720276,17.700333,0.31841892,-1,-1,-1
29,9289,494.35623,147.62395,52.61081,32.685074,0.54843044,-1,-1,-1
29,9270,798.87695,128.12117,75.70654,31.57866,0.54216737,-1,-1,-1
29,9277,667.07196,89.684715,31.384583,19.269249,0.4353053,-1,-1,-1
30,9268,624.67267,65.98671,17.93634,13.949547,0.7560706,-1,-1,-1
30,9272,517.4242,82.117775,20.289856,16.685005,0.51742536,-1,-1,-1
30,9275,736.2413,147.11678,70.79907,42.402863,0.7551753,-1,-1,-1
30,9274,655.36224,72.486946,19.541199,15.033463,0.33263043,-1,-1,-1
30,9269,801.85944,112.5266,50.731995,22.622673,0.7239526,-1,-1,-1
30,9293,493.87668,138.75536,51.475677,36.79126,0.3115011,-1,-1,-1
30,9273,684.39777,72.50963,22.544495,17.400414,0.33695507,-1,-1,-1
30,9289,492.55212,152.81087,50.808777,30.186646,0.64464617,-1,-1,-1
30,9270,796.40857,126.88924,73.029785,30.479462,0.6629789,-1,-1,-1
30,9277,666.3405,89.20062,31.18927,19.388428,0.3718445,-1,-1,-1
30,9271,751.74243,91.26271,37.245483,24.905083,0.60363436,-1,-1,-1
30,9309,494.93555,139.07932,49.01825,24.073334,0.3575647,-1,-1,-1
31,9268,624.0985,65.941185,17.607239,13.647736,0.7490449,-1,-1,-1
31,9272,516.1369,83.28184,20.841736,16.12381,0.5624133,-1,-1,-1
31,9275,734.4252,145.16927,71.188354,43.877396,0.80795306,-1,-1,-1
31,9274,654.7184,71.82609,18.945435,15.20195,0.32428545,-1,-1,-1
31,9269,799.6281,111.69291,49.21222,21.119255,0.68991965,-1,-1,-1
31,9293,492.1611,140.83957,51.494476,33.44684,0.31740332,-1,-1,-1
31,9273,684.0155,72.134895,21.724976,17.311096,0.36634907,-1,-1,-1
31,9289,489.94757,154.48349,52.715637,30.876755,0.56456274,-1,-1,-1
31,9270,794.30927,123.80732,72.34424,32.664085,0.69855464,-1,-1,-1
31,9277,665.5375,88.48064,31.051758,19.640106,0.3400021,-1,-1,-1
31,9271,750.5639,91.35777,37.440674,24.527153,0.6585237,-1,-1,-1
31,9309,493.04526,141.2962,49.807953,22.394028,0.25495216,-1,-1,-1
32,9268,624.00586,65.81107,17.11316,13.444237,0.74551183,-1,-1,-1
32,9272,514.83624,84.370674,21.505432,15.849182,0.6582804,-1,-1,-1
32,9275,733.12494,143.56958,70.61438,43.821762,0.67933685,-1,-1,-1
32,9274,654.54315,71.4779,18.590637,15.089905,0.4073418,-1,-1,-1
32,9269,796.5381,111.122696,49.963867,22.47145,0.64595133,-1,-1,-1
32,9273,683.4237,71.7126,22.34076,17.261208,0.28970245,-1,-1,-1
32,9289,487.3955,148.32939,54.70105,39.45053,0.72380525,-1,-1,-1
32,9270,792.1394,122.66103,72.87445,33.250237,0.75466365,-1,-1,-1
32,9271,749.651,90.49925,36.804016,24.60485,0.4912289,-1,-1,-1
33,9268,623.9685,65.693756,16.86908,13.205261,0.7529016,-1,-1,-1
33,9272,513.93945,85.67077,22.007385,15.085739,0.65601337,-1,-1,-1
33,9275,732.05145,143.49449,70.47107,43.434387,0.39718306,-1,-1,-1
33,9274,654.2316,71.09893,18.395325,14.711647,0.56055194,-1,-1,-1
33,9269,795.7512,110.63336,48.354797,21.817505,0.6991104,-1,-1,-1
33,9273,683.0283,71.58558,22.093811,17.1959,0.3297197,-1,-1,-1
33,9289,485.30698,146.87108,55.310455,43.429504,0.769293,-1,-1,-1
33,9270,790.7003,122.75832,69.350464,31.089897,0.6868002,-1,-1,-1
33,9271,749.12177,90.11649,35.943848,24.357536,0.26814264,-1,-1,-1
33,9277,664.7969,87.36251,29.550232,19.030136,0.45874387,-1,-1,-1
34,9268,623.8583,65.464676,16.914734,13.102921,0.74144137,-1,-1,-1
34,9272,513.11334,86.055626,22.536926,15.238083,0.70222485,-1,-1,-1
34,9274,653.63556,70.64087,18.613281,14.393318,0.57893556,-1,-1,-1
34,9269,794.91077,109.35011,46.883606,21.767548,0.7188392,-1,-1,-1
34,9273,682.43,71.37894,22.097168,16.855537,0.3881981,-1,-1,-1
34,9289,483.70612,147.02579,55.8526,45.281204,0.7771972,-1,-1,-1
34,9270,788.7233,121.99024,66.9931,30.151329,0.48429337,-1,-1,-1
34,9271,748.4139,89.95304,35.160522,23.915558,0.31098348,-1,-1,-1
34,9277,664.8384,87.302574,29.049194,18.385483,0.62131834,-1,-1,-1
35,9268,623.8618,65.326584,17.035889,13.083511,0.7215955,-1,-1,-1
35,9272,512.6322,85.944916,22.734558,15.701256,0.73296344,-1,-1,-1
35,9274,653.22504,70.62066,19.285889,14.299942,0.6325852,-1,-1,-1
35,9269,794.29816,108.458084,45.246277,21.442398,0.67499554,-1,-1,-1
35,9273,681.54803,70.977264,22.78186,17.17952,0.43909886,-1,-1,-1
35,9289,480.43835,148.97368,58.888367,45.80423,0.73434395,-1,-1,-1
35,9270,786.7421,120.64146,65.316895,30.377556,0.47762978,-1,-1,-1
35,9271,747.5754,90.18026,35.057922,23.034058,0.65482664,-1,-1,-1
35,9277,664.2898,86.97833,29.105225,18.020317,0.6914951,-1,-1,-1
35,9314,638.8597,59.079533,17.215027,13.085125,0.3394066,-1,-1,-1
35,9275,729.92084,145.43185,64.28955,38.95456,0.37761372,-1,-1,-1
36,9268,623.70215,65.29021,17.102234,13.064598,0.7306104,-1,-1,-1
36,9272,512.078,86.000404,22.395142,15.784866,0.6796893,-1,-1,-1
36,9274,652.8917,70.61443,19.299255,13.985809,0.6852896,-1,-1,-1
36,9269,791.94226,108.04265,45.894104,21.680176,0.72007906,-1,-1,-1
36,9273,681.0389,70.97428,22.260864,16.741455,0.597165,-1,-1,-1
36,9289,478.2993,150.61554,59.301117,47.26468,0.65766215,-1,-1,-1
36,9270,783.89087,120.48907,64.627075,30.398201,0.28214335,-1,-1,-1
36,9271,746.59375,90.7698,35.506714,21.873116,0.6429867,-1,-1,-1
36,9277,664.03546,87.17393,28.720764,17.47364,0.66641665,-1,-1,-1
36,9314,638.69257,59.034798,16.978699,13.234756,0.3490522,-1,-1,-1
36,9275,728.33606,142.76093,64.20087,38.557373,0.45843276,-1,-1,-1
37,9268,623.68353,65.32501,16.97876,12.999214,0.7120015,-1,-1,-1
37,9272,511.35184,84.9521,22.624298,17.360008,0.72128177,-1,-1,-1
37,9274,652.53656,70.68428,18.946716,13.430473,0.7185389,-1,-1,-1
37,9269,788.643,107.70323,47.368774,21.671982,0.5071335,-1,-1,-1
37,9273,680.8478,70.74274,21.631042,16.635918,0.5995548,-1,-1,-1
37,9289,475.57928,151.96916,60.687927,49.40265,0.7381973,-1,-1,-1
37,9271,745.58966,90.83021,36.04236,21.295456,0.4766765,-1,-1,-1
37,9277,663.60785,86.90868,28.708374,17.36187,0.6584471,-1,-1,-1
37,9275,726.80835,142.94727,63.21808,36.318848,0.5785077,-1,-1,-1
38,9268,623.71173,65.2647,17.413208,12.839058,0.7299964,-1,-1,-1
38,9272,510.71472,84.936714,22.825562,17.568153,0.69892544,-1,-1,-1
38,9274,652.57745,70.61309,18.64508,13.094017,0.73257655,-1,-1,-1
38,9269,784.23236,107.17991,50.573364,23.034416,0.5221182,-1,-1,-1
38,9273,680.5474,70.54283,21.247925,16.461136,0.5682174,-1,-1,-1
38,9289,472.6569,153.64868,62.321014,51.34999,0.77432513,-1,-1,-1
38,9271,744.8521,90.35315,35.677002,21.010178,0.4811998,-1,-1,-1
38,9277,663.35516,86.179276,28.703491,17.481003,0.43839267,-1,-1,-1
38,9275,725.40717,141.34814,64.646545,35.450974,0.33491322,-1,-1,-1
38,9314,638.97327,58.52474,16.37378,12.691975,0.35609213,-1,-1,-1
39,9268,623.6357,65.06216,17.690613,12.736481,0.73088115,-1,-1,-1
39,9272,510.4569,85.158325,22.414673,18.101372,0.68717176,-1,-1,-1
39,9274,652.5667,70.573944,18.965576,12.855331,0.73226666,-1,-1,-1
39,9269,783.07904,106.30104,49.25946,22.024979,0.67714906,-1,-1,-1
39,9273,680.0836,70.43763,21.108643,16.282776,0.5362296,-1,-1,-1
39,9289,469.6047,155.05908,64.44815,53.89511,0.7946235,-1,-1,-1
39,9271,744.1817,89.74223,37.75769,21.237198,0.5002488,-1,-1,-1
39,9277,663.0378,85.71879,28.578003,17.35476,0.6369598,-1,-1,-1
39,9275,723.9839,138.1588,65.23126,36.719986,0.52943635,-1,-1,-1
39,9317,637.71625,60.253395,15.536865,13.169701,0.35328612,-1,-1,-1
39,9314,638.9691,58.203106,16.410461,12.279148,0.47676557,-1,-1,-1
39,9270,779.899,115.999535,56.27112,27.04287,0.46265823,-1,-1,-1
40,9268,623.5758,64.8353,17.547668,12.633163,0.74340564,-1,-1,-1
40,9272,509.46677,84.83953,23.012909,18.968147,0.7255203,-1,-1,-1
40,9274,652.75964,70.587074,18.544983,12.541084,0.75024694,-1,-1,-1
40,9269,781.3251,105.49556,48.631775,22.505554,0.64674765,-1,-1,-1
40,9273,679.90155,70.3312,20.78357,16.149467,0.6579603,-1,-1,-1
40,9289,465.87625,157.12206,66.20944,56.2034,0.75947446,-1,-1,-1
40,9271,743.6921,88.666275,36.0813,22.034012,0.39557508,-1,-1,-1
40,9277,662.77454,85.49624,28.376892,17.05706,0.7154318,-1,-1,-1
40,9275,722.54944,137.01894,64.7724,36.449463,0.6408979,-1,-1,-1
40,9317,637.46783,59.978962,15.563293,13.117229,0.3939831,-1,-1,-1
40,9314,638.7572,57.9934,16.368896,12.165512,0.48724383,-1,-1,-1
40,9270,778.0956,111.70693,54.094727,28.73127,0.338016,-1,-1,-1
41,9268,623.4914,64.65212,17.391052,12.692131,0.7284409,-1,-1,-1
41,9272,509.1612,85.43621,23.302917,18.984657,0.70897937,-1,-1,-1
41,9274,652.73566,70.42141,18.14972,12.453857,0.76265275,-1,-1,-1
41,9269,780.05865,104.95641,47.371155,21.820236,0.37573296,-1,-1,-1
41,9273,679.81573,69.98177,20.283508,16.268898,0.61558086,-1,-1,-1
41,9289,462.57004,158.65158,67.18515,58.5856,0.8431575,-1,-1,-1
41,9271,743.0366,88.18753,34.647522,22.282616,0.44650507,-1,-1,-1
41,9277,662.3977,85.31876,28.156677,16.773773,0.76761776,-1,-1,-1
41,9275,720.78436,133.64691,66.09314,38.936035,0.5288941,-1,-1,-1
41,9317,637.1148,59.384533,15.937195,13.643604,0.3680464,-1,-1,-1
41,9314,638.2571,58.026672,16.672546,12.852219,0.5057226,-1,-1,-1
41,9270,776.0012,111.76786,53.36328,29.027687,0.2773795,-1,-1,-1
42,9268,623.4651,64.61254,17.237,12.579552,0.72855216,-1,-1,-1
42,9272,508.61694,86.12069,23.522705,18.864113,0.6501808,-1,-1,-1
42,9274,652.67834,70.28322,17.69934,12.437256,0.7813029,-1,-1,-1
42,9269,779.2158,104.32299,46.183594,22.15757,0.37557498,-1,-1,-1
42,9273,679.0213,69.82639,20.388794,15.994858,0.59038025,-1,-1,-1
42,9289,459.48682,159.56674,68.415955,60.975647,0.83742744,-1,-1,-1
42,9271,742.216,88.01199,34.6756,22.053047,0.43056807,-1,-1,-1
42,9277,662.01917,85.51573,27.988464,16.293251,0.7701132,-1,-1,-1
42,9275,719.5721,134.32443,63.816284,37.33719,0.6696218,-1,-1,-1
42,9317,636.98517,59.617588,15.859436,13.636799,0.411478,-1,-1,-1
42,9314,638.05963,58.21565,16.550903,13.013866,0.52138,-1,-1,-1
42,9287,574.91235,87.696396,25.938538,20.49681,0.47072223,-1,-1,-1
43,9268,623.6516,64.66412,16.847046,12.4935,0.7274966,-1,-1,-1
43,9272,508.1197,87.97882,23.965271,17.733719,0.6764621,-1,-1,-1
43,9274,652.5545,70.07211,17.660583,12.409195,0.79615045,-1,-1,-1
43,9273,678.6402,69.674225,20.131714,15.704071,0.6455141,-1,-1,-1
43,9289,456.8952,162.27908,68.86005,63.118668,0.81311,-1,-1,-1
43,9271,741.071,88.00337,36.200256,21.34034,0.41544577,-1,-1,-1
43,9277,661.7307,85.32511,27.968445,16.185974,0.77196103,-1,-1,-1
43,9317,636.97375,59.756554,15.7925415,13.491623,0.49044818,-1,-1,-1
43,9314,637.89496,58.272705,16.662292,13.157738,0.5643803,-1,-1,-1
43,9321,741.5387,88.59055,50.403137,21.536667,0.4480398,-1,-1,-1
43,9287,574.89813,88.122604,26.073608,20.724915,0.54022497,-1,-1,-1
44,9268,623.5748,64.76376,16.7146,12.37426,0.71487653,-1,-1,-1
44,9272,507.55344,88.09665,24.028961,18.259361,0.64068234,-1,-1,-1
44,9274,652.4987,69.869835,17.758118,12.489571,0.79422295,-1,-1,-1
44,9273,678.32874,69.47646,20.23236,15.545418,0.6898156,-1,-1,-1
44,9289,453.6075,165.27524,70.79001,64.40912,0.8130062,-1,-1,-1
44,9271,740.2099,88.95467,34.908997,19.959564,0.28881136,-1,-1,-1
44,9277,661.29987,85.05044,28.11316,16.31398,0.7642721,-1,-1,-1
44,9317,636.80066,59.942604,15.875244,13.356689,0.5237853,-1,-1,-1
44,9314,637.6336,58.158604,17.007568,13.353199,0.5665633,-1,-1,-1
44,9321,740.3849,89.674965,49.39557,19.63121,0.40693632,-1,-1,-1
44,9287,574.477,88.465546,26.363525,20.92028,0.5769731,-1,-1,-1
44,9270,768.3101,111.04827,55.57544,26.98899,0.3815699,-1,-1,-1
44,9269,780.7255,103.36289,40.259888,19.948868,0.31087393,-1,-1,-1
45,9268,623.58795,64.58277,16.129456,12.383163,0.6786486,-1,-1,-1
45,9272,506.6899,90.89011,24.044647,16.167458,0.53213286,-1,-1,-1
45,9274,652.33295,69.57189,17.266968,12.484627,0.7889314,-1,-1,-1
45,9273,678.0776,69.14284,19.815369,15.397362,0.63620305,-1,-1,-1
45,9289,450.87234,168.97528,71.404144,64.48016,0.78153586,-1,-1,-1
45,9271,739.18805,88.51445,33.513,19.509438,0.4222454,-1,-1,-1
45,9277,660.78613,83.949196,28.439453,17.08252,0.6689039,-1,-1,-1
45,9317,636.65265,60.70568,16.075317,13.005943,0.4684289,-1,-1,-1
45,9314,637.3557,57.989166,17.40387,13.39003,0.4167432,-1,-1,-1
45,9321,739.9134,90.30215,50.884827,19.60479,0.34407982,-1,-1,-1
45,9287,574.1775,88.9938,26.380493,20.687263,0.6484235,-1,-1,-1
45,9270,766.2148,110.178055,53.736755,26.274567,0.27181497,-1,-1,-1
45,9275,717.7011,135.05951,58.64093,32.910492,0.4024749,-1,-1,-1
46,9268,623.3745,64.0693,15.857788,12.68631,0.6775861,-1,-1,-1
46,9272,506.03156,92.91802,23.834106,14.629601,0.6167519,-1,-1,-1
46,9274,652.27405,69.36848,17.057678,12.484451,0.7727079,-1,-1,-1
46,9273,677.8998,68.87504,19.608032,15.197357,0.5914467,-1,-1,-1
46,9289,447.80612,173.26274,73.31326,64.971725,0.7852682,-1,-1,-1
46,9271,738.3363,87.71544,32.99817,19.578537,0.5939111,-1,-1,-1
46,9277,660.53864,82.79271,28.37738,17.403854,0.6880969,-1,-1,-1
46,9317,636.5779,61.42745,16.162537,12.5311775,0.40573317,-1,-1,-1
46,9314,637.21106,57.792423,17.638,13.179646,0.30761522,-1,-1,-1
46,9287,574.2882,89.548,26.18573,19.80748,0.6553614,-1,-1,-1
47,9268,623.46875,63.59643,15.667725,12.939236,0.69476396,-1,-1,-1
47,9272,505.7377,94.61028,23.55423,13.5664215,0.6102722,-1,-1,-1
47,9274,652.2683,69.241974,17.372803,12.374115,0.7596463,-1,-1,-1
47,9273,677.5493,68.73166,19.689209,15.00322,0.6273474,-1,-1,-1
47,9289,444.65414,176.5946,75.28415,66.59837,0.7902121,-1,-1,-1
47,9271,737.58673,87.30171,32.66736,19.3255,0.6772633,-1,-1,-1
47,9277,660.52374,82.52262,27.757568,17.190521,0.72603345,-1,-1,-1
47,9317,636.6904,61.1629,15.963562,12.490444,0.3962623,-1,-1,-1
47,9314,637.2569,57.613033,17.311218,13.15012,0.3265736,-1,-1,-1
47,9287,574.6784,89.880554,25.990295,18.333275,0.69517964,-1,-1,-1
47,9323,878.1824,293.3888,145.63019,140.83875,0.4806146,-1,-1,-1
47,9270,766.3925,109.038086,47.621826,25.257416,0.25433496,-1,-1,-1
47,9275,714.90826,127.65835,57.78131,35.48359,0.44645333,-1,-1,-1
48,9268,623.4744,63.497555,15.7803955,12.847164,0.700562,-1,-1,-1
48,9272,505.25812,95.4057,23.653076,13.310997,0.60042584,-1,-1,-1
48,9274,651.9784,69.09587,17.443054,12.1647415,0.7784885,-1,-1,-1
48,9273,677.4881,68.32957,19.886658,15.568764,0.6048095,-1,-1,-1
48,9289,440.3353,181.11815,76.97507,66.91342,0.79868376,-1,-1,-1
48,9271,736.9278,87.323235,32.148193,18.748917,0.72702426,-1,-1,-1
48,9277,660.46234,82.12284,26.93335,17.168716,0.70720965,-1,-1,-1
48,9317,636.9825,61.169228,15.282166,12.090477,0.3461272,-1,-1,-1
48,9314,637.3798,57.68259,16.205078,13.05566,0.2594782,-1,-1,-1
48,9287,574.9642,90.15926,25.862183,17.931526,0.62652975,-1,-1,-1
48,9323,868.2659,287.29422,155.46814,144.59473,0.719482,-1,-1,-1
48,9270,764.31244,108.52611,47.58954,24.505249,0.3429576,-1,-1,-1
48,9275,714.17426,125.65454,60.78784,35.194138,0.26230097,-1,-1,-1
48,9269,777.5456,100.4359,35.468994,18.087822,0.38454756,-1,-1,-1
49,9268,623.43414,63.549442,15.737854,12.632778,0.71449965,-1,-1,-1
49,9272,504.96255,95.6305,23.670746,13.612282,0.6079546,-1,-1,-1
49,9274,651.7848,68.68735,17.817688,12.332268,0.75688684,-1,-1,-1
49,9273,677.2708,68.20074,20.044312,15.654808,0.60486513,-1,-1,-1
49,9289,435.7477,186.07796,80.24808,67.55002,0.8579537,-1,-1,-1
49,9271,736.326,86.44653,32.318787,19.390266,0.72038054,-1,-1,-1
49,9277,660.34906,81.70986,26.515015,17.245972,0.7037555,-1,-1,-1
49,9317,637.6181,59.55547,13.910889,13.000477,0.30253816,-1,-1,-1
49,9314,637.45197,57.48296,15.654114,13.078686,0.25165865,-1,-1,-1
49,9287,575.5634,90.38784,25.408997,16.172981,0.68391865,-1,-1,-1
49,9323,854.6284,281.30078,169.14911,140.99261,0.7532214,-1,-1,-1
49,9269,775.32416,99.8463,35.88269,18.390633,0.36012855,-1,-1,-1
50,9268,623.3134,63.56056,15.73999,12.397694,0.7067564,-1,-1,-1
50,9272,504.02194,95.40283,23.46347,14.219254,0.6143836,-1,-1,-1
50,9274,651.53375,68.24629,18.301025,12.576729,0.73658156,-1,-1,-1
50,9273,677.0772,68.090515,19.911438,15.641174,0.66499084,-1,-1,-1
50,9289,431.3782,188.38367,83.055695,70.31317,0.84981275,-1,-1,-1
50,9271,735.7579,86.28358,32.7323,19.408623,0.72543097,-1,-1,-1
50,9277,660.21515,81.19081,26.515564,17.293633,0.74148995,-1,-1,-1
50,9317,637.8374,60.730164,14.592285,11.870285,0.2750238,-1,-1,-1
50,9287,575.02167,90.45205,26.253906,14.96817,0.7436195,-1,-1,-1
50,9323,850.7412,273.65076,173.07574,132.99835,0.6876185,-1,-1,-1
50,9269,771.84186,99.636925,38.11859,19.002335,0.33573368,-1,-1,-1
51,9268,623.1854,63.61497,15.641235,12.293346,0.69930136,-1,-1,-1
51,9272,502.6873,96.16925,23.72641,13.903458,0.69419503,-1,-1,-1
51,9274,651.12256,67.96087,18.455872,12.753281,0.72018,-1,-1,-1
51,9273,676.7257,68.02027,19.928467,15.613159,0.65724546,-1,-1,-1
51,9289,426.51306,191.61188,86.204834,72.6124,0.8178561,-1,-1,-1
51,9271,735.2933,85.56794,33.757935,19.904175,0.7523219,-1,-1,-1
51,9277,659.9043,80.84973,26.739258,17.325409,0.7572352,-1,-1,-1
51,9287,574.3553,90.6453,26.41925,16.968422,0.65342355,-1,-1,-1
51,9323,848.4764,266.9472,175.41986,125.17752,0.45454815,-1,-1,-1
51,9325,503.2073,90.02649,23.364288,18.1969,0.33952838,-1,-1,-1
51,9275,711.3118,120.00069,56.0542,37.972458,0.4691375,-1,-1,-1
52,9268,623.0813,63.69477,15.757141,12.141289,0.7019921,-1,-1,-1
52,9272,501.90863,97.36358,23.843567,13.464729,0.70142674,-1,-1,-1
52,9274,650.86707,67.84218,18.87085,12.780228,0.7244627,-1,-1,-1
52,9273,676.26263,68.06893,20.109741,15.444328,0.6449118,-1,-1,-1
52,9289,420.25772,193.45773,90.9371,77.51074,0.82029843,-1,-1,-1
52,9271,734.6187,85.37256,38.088318,20.334175,0.74117327,-1,-1,-1
52,9277,659.5934,80.74357,26.998535,17.291618,0.75767636,-1,-1,-1
52,9287,574.3565,90.89428,26.094482,16.253532,0.76437193,-1,-1,-1
52,9323,844.9853,259.12222,177.81946,143.44211,0.3200716,-1,-1,-1
52,9325,503.15985,90.26996,22.430664,13.465752,0.46886688,-1,-1,-1
53,9268,622.8519,63.598564,15.746033,12.144249,0.6964424,-1,-1,-1
53,9272,501.27435,98.10225,23.940552,13.492416,0.49713957,-1,-1,-1
53,9274,650.52,67.70764,18.281494,12.672409,0.7397295,-1,-1,-1
53,9273,675.5249,67.910286,20.40918,15.405357,0.70581675,-1,-1,-1
53,9289,414.9771,192.00606,93.703766,86.8611,0.8395894,-1,-1,-1
53,9271,734.0768,85.37192,40.472595,20.253128,0.74121696,-1,-1,-1
53,9277,659.18384,80.674,26.707275,17.046555,0.72236407,-1,-1,-1
53,9287,575.0116,91.23661,26.170654,15.19725,0.7086891,-1,-1,-1
53,9323,848.675,254.79112,174.81573,130.58778,0.58001596,-1,-1,-1
53,9325,502.2784,90.318665,22.613556,11.382729,0.5507758,-1,-1,-1
54,9268,622.81744,63.525684,15.605469,12.118427,0.69979364,-1,-1,-1
54,9272,500.0166,98.364555,24.880127,14.449707,0.6289052,-1,-1,-1
54,9274,650.32227,67.50959,17.752258,12.655312,0.7381523,-1,-1,-1
54,9273,674.9462,67.69389,20.606995,15.514641,0.6764091,-1,-1,-1
54,9289,410.25684,192.75786,96.17514,94.56514,0.82854015,-1,-1,-1
54,9271,733.25916,85.220406,38.5766,20.146217,0.70219016,-1,-1,-1
54,9277,658.9149,80.7909,26.522522,16.707634,0.7334734,-1,-1,-1
54,9287,575.3641,91.52384,26.506592,15.015091,0.59036297,-1,-1,-1
54,9325,501.52158,90.54373,22.605011,9.677963,0.4951381,-1,-1,-1
55,9268,622.50354,63.535145,15.643677,12.105366,0.7039765,-1,-1,-1
55,9272,498.8138,99.15746,25.74704,14.427803,0.7458903,-1,-1,-1
55,9274,649.9879,67.21766,17.268494,12.813347,0.73721945,-1,-1,-1
55,9273,674.43536,67.642845,20.546997,15.515038,0.7065247,-1,-1,-1
55,9289,406.04593,196.97423,97.894684,97.29567,0.8203175,-1,-1,-1
55,9271,732.3183,84.74864,33.82837,19.978607,0.73290783,-1,-1,-1
55,9277,658.5689,80.6349,25.980103,16.407043,0.7525285,-1,-1,-1
55,9287,574.97034,92.06064,27.403564,15.437126,0.42889974,-1,-1,-1
55,9325,501.3099,90.7936,22.244232,10.656258,0.31542164,-1,-1,-1
56,9268,622.0894,63.184425,15.59845,12.352921,0.7258396,-1,-1,-1
56,9272,497.65973,99.948265,25.898254,14.229034,0.66090095,-1,-1,-1
56,9274,649.7823,66.97822,17.079956,12.677864,0.7310289,-1,-1,-1
56,9273,673.9036,67.52105,20.617493,15.414459,0.7123487,-1,-1,-1
56,9289,400.57727,200.75174,99.34613,102.37811,0.7937003,-1,-1,-1
56,9271,731.51794,84.2092,32.21283,20.121857,0.7509418,-1,-1,-1
56,9277,658.1952,80.384384,25.57196,16.153267,0.79254,-1,-1,-1
56,9287,574.6669,92.60601,27.87439,14.839478,0.5893529,-1,-1,-1
56,9323,842.05396,242.31776,165.35205,120.0244,0.2820464,-1,-1,-1
57,9268,622.2752,62.957916,15.41626,12.361618,0.70063204,-1,-1,-1
57,9272,496.7726,100.25924,25.9971,14.431931,0.58186257,-1,-1,-1
57,9274,649.82135,66.91173,17.012695,12.443314,0.71304697,-1,-1,-1
57,9273,673.4438,67.355385,20.92218,15.215775,0.72935116,-1,-1,-1
57,9289,394.45392,208.75157,101.91647,102.77327,0.6839207,-1,-1,-1
57,9271,730.702,83.91484,30.881592,19.845291,0.7533687,-1,-1,-1
57,9277,657.93066,80.15696,25.705566,16.135872,0.7890329,-1,-1,-1
57,9287,574.44226,93.2479,28.163757,13.678902,0.6646024,-1,-1,-1
57,9323,832.8285,238.93913,166.4577,113.83574,0.3045054,-1,-1,-1
58,9268,621.995,62.75228,15.62561,12.359291,0.7018077,-1,-1,-1
58,9272,496.15924,100.97382,25.32373,14.509918,0.5220057,-1,-1,-1
58,9274,649.98584,66.8741,16.764465,12.056755,0.6889843,-1,-1,-1
58,9273,673.08673,67.254326,21.220947,14.979073,0.70794606,-1,-1,-1
58,9289,386.1114,216.14674,107.792206,106.02373,0.32997215,-1,-1,-1
58,9271,729.90204,83.293335,30.520264,19.87996,0.73862803,-1,-1,-1
58,9277,657.58435,79.8136,25.65564,16.218834,0.77578336,-1,-1,-1
58,9287,575.07404,93.81691,27.21759,13.009254,0.63669956,-1,-1,-1
58,9323,825.74915,234.03697,165.55634,113.28731,0.2566269,-1,-1,-1
58,9314,634.6096,56.925735,14.688538,13.238167,0.29402766,-1,-1,-1
59,9268,621.9615,62.60119,15.663147,12.295097,0.6770154,-1,-1,-1
59,9272,495.05814,102.25118,25.53183,13.945847,0.66555303,-1,-1,-1
59,9274,650.1785,66.74726,16.756165,11.988075,0.69528973,-1,-1,-1
59,9273,672.99194,67.05897,20.976624,14.825882,0.66274995,-1,-1,-1
59,9289,377.89102,223.13632,113.39264,108.53119,0.5802217,-1,-1,-1
59,9271,729.36975,82.98171,30.826538,20.006355,0.72074693,-1,-1,-1
59,9277,657.43884,79.526245,25.714783,16.374321,0.75547075,-1,-1,-1
59,9287,575.56274,94.40906,26.61438,12.956429,0.60427785,-1,-1,-1
59,9323,819.46136,229.48053,164.72168,109.38519,0.40107805,-1,-1,-1
59,9314,634.39813,56.994915,14.587952,13.333996,0.27690452,-1,-1,-1
59,9325,500.03168,91.90018,20.194641,10.412613,0.5705019,-1,-1,-1
60,9268,621.7291,62.49313,15.632874,12.111172,0.67175555,-1,-1,-1
60,9272,494.2463,102.97945,25.781036,14.121704,0.5772164,-1,-1,-1
60,9274,650.1558,66.582565,16.683105,11.80751,0.6974866,-1,-1,-1
60,9273,672.7504,66.71755,20.72583,14.857613,0.63625157,-1,-1,-1
60,9289,369.86945,229.73203,117.459656,113.30319,0.5138039,-1,-1,-1
60,9271,728.67664,83.0729,30.929321,19.540688,0.7420636,-1,-1,-1
60,9277,657.0955,79.20575,25.430542,16.254349,0.7288768,-1,-1,-1
60,9287,575.24414,95.145584,26.902039,13.527443,0.6415728,-1,-1,-1
60,9314,634.02985,57.024616,14.63739,13.283253,0.2656111,-1,-1,-1
61,9268,621.4234,62.407223,15.727539,12.067005,0.6907178,-1,-1,-1
61,9272,493.01862,103.65198,26.54895,14.620178,0.68992066,-1,-1,-1
61,9274,650.06506,66.47342,17.001526,11.822174,0.66530013,-1,-1,-1
61,9273,672.58325,66.54883,20.771545,14.690407,0.6470992,-1,-1,-1
61,9271,728.17365,83.25841,31.079895,19.052353,0.7549679,-1,-1,-1
61,9277,656.6552,78.69279,25.290833,16.457924,0.71476334,-1,-1,-1
61,9287,574.39233,95.912766,27.271729,14.9036255,0.6815662,-1,-1,-1
61,9325,496.1489,93.39347,23.081207,11.740822,0.40500265,-1,-1,-1
62,9268,621.2403,62.49139,15.683533,11.877041,0.7324569,-1,-1,-1
62,9272,492.47827,104.34546,26.815796,14.917641,0.7893268,-1,-1,-1
62,9274,649.83295,66.41837,17.202576,11.733566,0.7031861,-1,-1,-1
62,9273,672.3266,66.42002,20.498047,14.447235,0.6570194,-1,-1,-1
62,9271,727.30585,83.3932,30.930847,18.54499,0.79056567,-1,-1,-1
62,9277,656.2678,78.77614,25.308777,16.02668,0.7275781,-1,-1,-1
62,9287,574.38403,96.34679,26.880188,14.493507,0.79559046,-1,-1,-1
62,9325,495.23383,94.037575,23.13269,11.270401,0.684649,-1,-1,-1
62,9323,803.5443,216.61343,151.25287,101.28351,0.4339654,-1,-1,-1
62,9289,351.87115,243.56012,129.47958,125.20822,0.61207145,-1,-1,-1
62,9314,633.0308,56.78269,14.479431,13.241772,0.27451906,-1,-1,-1
63,9268,621.0865,62.552574,15.66803,11.672325,0.75039774,-1,-1,-1
63,9272,491.5114,105.55944,26.909485,14.760605,0.80193275,-1,-1,-1
63,9274,649.7538,66.4515,17.397827,11.491577,0.7192194,-1,-1,-1
63,9273,672.09955,66.50968,20.202942,14.166389,0.65028423,-1,-1,-1
63,9271,726.83514,83.65119,31.048279,18.134377,0.78330743,-1,-1,-1
63,9277,656.0151,78.735596,25.015747,15.737892,0.71294004,-1,-1,-1
63,9287,574.4802,96.86995,26.640625,13.765572,0.79699576,-1,-1,-1
63,9325,494.58362,94.49054,22.658264,10.853584,0.57613844,-1,-1,-1
63,9314,632.7458,56.779648,14.445068,13.163048,0.36975858,-1,-1,-1
64,9268,620.97577,62.63778,15.772095,11.467354,0.7319337,-1,-1,-1
64,9272,489.93204,106.54069,27.405975,14.486252,0.8027653,-1,-1,-1
64,9274,649.7098,66.496445,17.397766,11.2250595,0.72047216,-1,-1,-1
64,9273,671.9716,66.5146,20.110168,14.072594,0.65264755,-1,-1,-1
64,9271,726.2684,83.59086,30.86731,17.842789,0.7748188,-1,-1,-1
64,9277,655.8645,78.77825,24.91455,15.436035,0.7103835,-1,-1,-1
64,9287,574.0114,97.35071,27.381775,13.763306,0.76913273,-1,-1,-1
64,9325,493.16998,95.096725,23.116028,11.169586,0.6353024,-1,-1,-1
64,9314,632.48914,56.82569,14.551331,13.090347,0.35425612,-1,-1,-1
64,9342,526.72217,107.715324,30.94397,12.63385,0.5332483,-1,-1,-1
64,9323,794.22565,206.92957,139.65277,95.5517,0.539921,-1,-1,-1
65,9268,621.0012,62.821354,15.604919,11.300411,0.76001567,-1,-1,-1
65,9272,488.9486,107.50779,27.434265,14.374863,0.7743275,-1,-1,-1
65,9274,649.6431,66.46824,17.350525,11.080132,0.7231995,-1,-1,-1
65,9273,671.827,66.536514,20.268005,14.100243,0.63844395,-1,-1,-1
65,9271,725.74713,83.44697,30.25885,17.68444,0.7773175,-1,-1,-1
65,9277,655.6783,78.85864,24.701904,15.205437,0.5926129,-1,-1,-1
65,9287,573.708,97.934715,27.503601,13.930595,0.69881827,-1,-1,-1
65,9325,492.1376,95.98172,23.421722,11.686485,0.6383498,-1,-1,-1
65,9314,632.6516,56.91685,14.306641,12.774761,0.36503062,-1,-1,-1
65,9342,527.4511,107.58359,30.769043,13.200325,0.5213167,-1,-1,-1
65,9323,791.27405,205.645,135.02997,91.7383,0.69877684,-1,-1,-1
66,9268,620.9775,62.649635,15.731506,11.425888,0.746175,-1,-1,-1
66,9272,487.7922,108.44216,27.569244,14.439346,0.773035,-1,-1,-1
66,9274,649.7673,66.32313,16.97931,11.125259,0.69501513,-1,-1,-1
66,9273,671.6333,66.50565,20.241516,13.993233,0.678933,-1,-1,-1
66,9271,724.9741,83.104996,30.077637,17.707123,0.75601333,-1,-1,-1
66,9277,655.2989,78.238846,24.539062,15.778313,0.50033426,-1,-1,-1
66,9287,573.68555,98.76411,27.976807,13.856941,0.63449377,-1,-1,-1
66,9325,491.81467,96.712685,22.946747,12.15538,0.7713955,-1,-1,-1
66,9314,632.2448,57.40957,14.505676,12.445839,0.25993183,-1,-1,-1
66,9342,528.0333,108.01619,30.044312,13.208977,0.3727908,-1,-1,-1
66,9323,785.93243,201.67368,134.56946,91.80249,0.47931254,-1,-1,-1
67,9268,620.85364,62.39446,15.43634,11.575848,0.7301414,-1,-1,-1
67,9272,486.41165,108.80854,28.397247,14.9673,0.79940975,-1,-1,-1
67,9274,649.8765,66.09552,16.808044,11.347786,0.7101437,-1,-1,-1
67,9273,671.29987,66.30452,20.470581,14.176476,0.6525338,-1,-1,-1
67,9271,724.13745,82.67564,29.449585,17.592972,0.7552748,-1,-1,-1
67,9277,654.8755,77.57431,24.4505,16.26233,0.4149146,-1,-1,-1
67,9287,573.04846,99.37961,29.088623,14.041756,0.66697186,-1,-1,-1
67,9325,491.3059,97.16021,23.125366,12.163231,0.7495315,-1,-1,-1
67,9314,631.9891,57.366207,14.94519,12.630184,0.30099583,-1,-1,-1
67,9342,526.762,108.33716,31.312195,13.626976,0.52647436,-1,-1,-1
67,9323,781.5206,199.37698,131.89417,89.235504,0.42272735,-1,-1,-1
67,9348,103.45573,215.90308,254.92017,204.0668,0.35347286,-1,-1,-1
67,9350,103.910675,190.76303,307.49084,248.51349,0.3112779,-1,-1,-1
68,9268,620.608,62.326782,15.265259,11.593422,0.735726,-1,-1,-1
68,9272,485.1925,109.74173,28.65979,15.133713,0.8021487,-1,-1,-1
68,9274,649.86066,66.0193,17.01532,11.328712,0.6864247,-1,-1,-1
68,9273,670.95264,66.12189,20.397034,14.3450165,0.60709625,-1,-1,-1
68,9271,723.4992,83.13185,28.337524,16.863785,0.7376571,-1,-1,-1
68,9277,654.34546,76.996315,24.423035,16.593674,0.44784865,-1,-1,-1
68,9287,573.03186,99.97276,28.93457,14.223785,0.67107475,-1,-1,-1
68,9325,489.89072,97.98254,23.389496,12.069183,0.71184736,-1,-1,-1
68,9314,631.9563,57.35795,15.101746,12.663132,0.42313045,-1,-1,-1
68,9342,525.0243,108.83195,31.921997,14.358292,0.39767066,-1,-1,-1
68,9323,779.98645,200.40596,125.6568,76.771286,0.3691012,-1,-1,-1
68,9348,102.965546,214.97108,255.04065,207.88042,0.5723659,-1,-1,-1
68,9350,104.36258,190.86514,305.56387,251.34119,0.44251087,-1,-1,-1
68,9351,157.10066,185.64268,312.26373,279.52234,0.5328768,-1,-1,-1
69,9268,620.53235,62.169952,15.113586,11.61335,0.7226316,-1,-1,-1
69,9272,483.37646,110.61734,29.908875,15.382973,0.8321325,-1,-1,-1
69,9274,649.5941,65.95745,17.12677,11.319504,0.7135053,-1,-1,-1
69,9273,670.6567,65.94973,19.732666,14.235428,0.6442229,-1,-1,-1
69,9271,723.1055,83.34249,27.382202,16.348793,0.7612561,-1,-1,-1
69,9277,654.09875,76.7885,24.155212,16.647118,0.3493811,-1,-1,-1
69,9287,572.8854,100.53129,28.238098,14.003998,0.77943534,-1,-1,-1
69,9325,487.82147,98.90304,25.323914,12.266251,0.77805734,-1,-1,-1
69,9314,631.9825,57.388226,15.15033,12.537914,0.44058397,-1,-1,-1
69,9342,526.0842,109.213745,31.010803,14.824379,0.25364015,-1,-1,-1
69,9323,776.7493,198.33511,122.53284,78.80734,0.45300868,-1,-1,-1
69,9348,102.88898,214.10568,256.20804,217.95557,0.4282052,-1,-1,-1
69,9350,116.976715,185.85692,320.72388,280.53973,0.7442585,-1,-1,-1
69,9351,166.49284,200.81317,304.53662,283.0893,0.46256086,-1,-1,-1
69,9353,258.63416,369.24033,174.65106,121.09964,0.6505219,-1,-1,-1
69,9354,576.5183,109.38989,52.226868,19.044632,0.32834685,-1,-1,-1
69,9356,570.92615,114.2536,28.225708,13.694969,0.4720593,-1,-1,-1
70,9268,620.4795,62.028732,15.078674,11.622757,0.7632767,-1,-1,-1
70,9272,482.06302,111.17743,30.520355,15.76786,0.8154761,-1,-1,-1
70,9274,649.14,65.79662,16.881592,11.2625885,0.732742,-1,-1,-1
70,9273,670.20355,65.89364,19.426025,14.094467,0.684176,-1,-1,-1
70,9271,722.64264,83.230034,26.814697,16.024506,0.7484852,-1,-1,-1
70,9277,653.7245,76.515076,24.103638,16.697876,0.42111096,-1,-1,-1
70,9287,572.4143,101.857704,28.490356,14.526482,0.7724489,-1,-1,-1
70,9325,485.27435,99.34785,26.991394,12.38018,0.7728501,-1,-1,-1
70,9314,631.7928,57.69659,15.001526,12.189648,0.4488497,-1,-1,-1
70,9323,776.417,196.52336,118.05298,76.76112,0.28917837,-1,-1,-1
70,9350,104.23286,186.4126,323.5473,286.87082,0.7003262,-1,-1,-1
70,9351,158.468,199.58789,312.01044,305.3226,0.7936878,-1,-1,-1
70,9353,244.49837,389.80737,172.39906,122.89148,0.69039357,-1,-1,-1
70,9356,570.611,114.81458,28.557129,13.821281,0.28335804,-1,-1,-1
71,9268,620.24786,61.954124,15.170532,11.587822,0.7735573,-1,-1,-1
71,9272,481.49716,111.5607,30.608124,16.345787,0.7954973,-1,-1,-1
71,9274,648.6375,65.56992,16.728577,11.2415695,0.7490058,-1,-1,-1
71,9273,670.06903,65.93587,19.15448,13.729179,0.68618673,-1,-1,-1
71,9271,722.0712,83.31945,26.77893,15.57914,0.7702445,-1,-1,-1
71,9277,653.43634,76.41263,24.273804,16.494087,0.3849422,-1,-1,-1
71,9287,571.904,102.47933,29.215576,15.532242,0.7298756,-1,-1,-1
71,9325,483.1485,99.871704,28.044128,12.840881,0.7926994,-1,-1,-1
71,9314,631.66223,57.942688,14.90625,11.9804535,0.4439606,-1,-1,-1
71,9350,114.58196,182.25137,328.74423,293.54294,0.74821645,-1,-1,-1
71,9351,163.86139,227.39198,305.15018,297.11456,0.6936926,-1,-1,-1
72,9268,620.06396,61.969902,15.19812,11.528755,0.7725937,-1,-1,-1
72,9272,479.58167,112.61356,31.48587,16.45237,0.7427298,-1,-1,-1
72,9274,648.42487,65.43748,16.452087,11.278755,0.7465272,-1,-1,-1
72,9273,669.9929,65.78797,18.529846,13.671715,0.6572863,-1,-1,-1
72,9271,721.23834,83.37717,26.967957,15.375748,0.79510444,-1,-1,-1
72,9277,653.1841,76.32944,24.308289,16.290977,0.48139453,-1,-1,-1
72,9287,572.1439,102.99977,28.953735,14.965218,0.7728436,-1,-1,-1
72,9325,482.00912,100.79962,28.342987,13.16674,0.802096,-1,-1,-1
72,9314,631.48804,58.084286,14.7907715,11.96777,0.40023234,-1,-1,-1
72,9350,120.708755,183.30577,326.1621,292.02386,0.8722014,-1,-1,-1
72,9351,174.71904,215.37856,311.23322,294.00433,0.38978332,-1,-1,-1
72,9348,87.5694,200.00322,296.49518,248.88878,0.3539607,-1,-1,-1
72,9323,770.45306,191.28989,112.89996,69.806885,0.4965962,-1,-1,-1
72,9356,570.1278,115.0281,29.622437,15.690498,0.3076602,-1,-1,-1
73,9268,620.1384,61.96828,15.095886,11.519398,0.7639034,-1,-1,-1
73,9272,478.48914,114.09679,31.164429,16.45015,0.6021614,-1,-1,-1
73,9274,648.3899,65.2642,15.832886,11.342171,0.7223759,-1,-1,-1
73,9273,669.38086,65.6679,18.26825,13.5479965,0.6860121,-1,-1,-1
73,9271,720.43677,83.176056,27.44928,15.3965,0.8056861,-1,-1,-1
73,9277,653.0928,76.28979,24.170227,16.078163,0.53445065,-1,-1,-1
73,9287,572.07874,103.550545,27.808594,15.054863,0.69270307,-1,-1,-1
73,9325,482.11063,101.46056,27.321503,13.053696,0.7689422,-1,-1,-1
73,9314,631.4504,58.009987,14.441284,12.179901,0.37284267,-1,-1,-1
73,9350,113.45686,182.06691,333.0736,297.14966,0.8793653,-1,-1,-1
73,9351,170.37038,206.77988,324.42853,299.03738,0.51312053,-1,-1,-1
73,9361,140.54747,232.80783,306.7544,287.40298,0.375046,-1,-1,-1
73,9348,85.03476,199.31877,300.72534,253.26537,0.34620103,-1,-1,-1
73,9323,766.89856,187.29343,113.53192,74.42511,0.6777138,-1,-1,-1
74,9268,620.2491,61.903152,14.904602,11.525185,0.74761283,-1,-1,-1
74,9272,475.59692,114.4277,33.847656,17.67022,0.746495,-1,-1,-1
74,9274,648.3418,65.26094,15.72229,11.141579,0.7193351,-1,-1,-1
74,9273,668.9076,65.34878,17.79065,13.476547,0.70409316,-1,-1,-1
74,9271,720.09424,82.75854,27.551575,15.424889,0.77577823,-1,-1,-1
74,9277,652.9857,75.95572,23.964417,16.001282,0.47920117,-1,-1,-1
74,9287,572.1495,103.58847,27.029297,15.319527,0.5896028,-1,-1,-1
74,9325,481.46072,102.06441,27.014465,13.143967,0.7626075,-1,-1,-1
74,9314,631.38666,57.800983,14.2144165,12.292858,0.38818938,-1,-1,-1
74,9350,108.47449,179.73878,337.53613,302.90735,0.84839,-1,-1,-1
74,9351,160.23833,201.91716,335.49512,308.32947,0.57137614,-1,-1,-1
74,9361,120.81029,228.56467,308.4336,295.6356,0.28034174,-1,-1,-1
74,9348,83.531075,198.1367,302.9615,255.42467,0.3195369,-1,-1,-1
74,9323,762.727,184.87437,114.20984,73.099014,0.5669581,-1,-1,-1
75,9268,620.2884,61.835705,14.913635,11.556705,0.7541279,-1,-1,-1
75,9272,474.16568,114.71478,34.18863,18.478989,0.72196686,-1,-1,-1
75,9274,648.38025,65.22529,15.559998,11.042488,0.71447307,-1,-1,-1
75,9273,668.65936,65.224945,17.706238,13.371193,0.7173601,-1,-1,-1
75,9271,719.60114,82.04537,27.593689,15.819275,0.77275157,-1,-1,-1
75,9277,652.96875,75.85633,23.664185,15.696869,0.5130936,-1,-1,-1
75,9287,572.6952,104.16627,27.318787,15.032547,0.6391635,-1,-1,-1
75,9325,480.5095,102.60462,26.687164,13.322586,0.7757043,-1,-1,-1
75,9314,631.1497,57.10826,14.956848,12.658592,0.42569545,-1,-1,-1
75,9350,114.43507,186.74617,334.056,315.97644,0.83436376,-1,-1,-1
75,9351,153.24886,227.2257,320.7812,298.6916,0.58740795,-1,-1,-1
75,9361,161.26765,287.07556,262.67084,249.5904,0.37686396,-1,-1,-1
75,9348,94.63936,191.09378,306.5465,264.41507,0.6122391,-1,-1,-1
75,9323,760.11786,182.0724,111.63214,73.079254,0.6934466,-1,-1,-1
75,9353,204.72005,381.03333,183.07042,154.1164,0.46273398,-1,-1,-1
75,9356,570.6171,115.300186,30.053528,18.09848,0.35331988,-1,-1,-1
76,9268,620.14655,61.787086,14.891785,11.574875,0.75251025,-1,-1,-1
76,9272,473.25885,115.73465,34.255066,18.435547,0.7732859,-1,-1,-1
76,9274,648.1648,65.07528,15.556519,11.084412,0.7292404,-1,-1,-1
76,9273,668.66406,65.2609,17.781189,13.199059,0.6812863,-1,-1,-1
76,9271,718.86255,81.42068,28.23523,16.412666,0.7584638,-1,-1,-1
76,9277,652.6907,75.96727,23.57788,15.4073105,0.5072455,-1,-1,-1
76,9287,573.25806,105.19358,27.430908,14.912651,0.5604679,-1,-1,-1
76,9325,479.77322,103.15925,26.233887,13.055954,0.7571463,-1,-1,-1
76,9314,631.04803,56.562298,15.649902,12.778088,0.36110553,-1,-1,-1
76,9350,103.165375,179.549,342.7079,312.1364,0.7424014,-1,-1,-1
76,9351,132.75598,237.01665,316.89548,296.94342,0.6990769,-1,-1,-1
76,9361,152.79189,316.93176,261.83783,223.06824,0.52416825,-1,-1,-1
76,9348,87.25296,193.80704,305.63177,258.72562,0.25445992,-1,-1,-1
76,9323,757.2598,179.2945,110.02765,70.75157,0.6812389,-1,-1,-1
76,9356,572.19226,118.789154,28.53418,15.767761,0.30859664,-1,-1,-1
77,9268,620.0836,61.73532,14.785217,11.555092,0.7377889,-1,-1,-1
77,9272,472.21048,116.97093,34.36911,18.432755,0.810329,-1,-1,-1
77,9274,647.8368,64.90862,15.690063,11.179527,0.7311999,-1,-1,-1
77,9273,668.58203,65.306335,17.751709,12.901993,0.65439886,-1,-1,-1
77,9271,718.2147,80.81813,28.407776,16.922302,0.683211,-1,-1,-1
77,9277,652.4795,75.817635,23.22345,15.240219,0.52634656,-1,-1,-1
77,9287,572.5597,106.81738,28.6073,15.86721,0.6537411,-1,-1,-1
77,9325,478.1517,103.72645,26.975983,13.173347,0.7216792,-1,-1,-1
77,9314,630.8404,56.261627,16.018555,12.764366,0.29049984,-1,-1,-1
77,9350,100.445114,177.04175,346.49652,307.97827,0.49783173,-1,-1,-1
77,9351,125.10167,268.7093,303.99146,271.2907,0.4318585,-1,-1,-1
77,9323,755.5813,176.3906,107.07941,70.594025,0.7930172,-1,-1,-1
77,9356,571.4179,120.32057,29.20642,15.10611,0.43503693,-1,-1,-1
78,9268,620.0068,61.640537,14.77417,11.562901,0.70064086,-1,-1,-1
78,9272,471.27985,116.80637,34.259247,19.839867,0.6757019,-1,-1,-1
78,9274,647.74695,64.76077,15.896545,11.241699,0.7352056,-1,-1,-1
78,9273,668.48535,65.17249,18.090271,12.851852,0.6489041,-1,-1,-1
78,9271,717.74884,80.211586,27.996948,17.13137,0.6254658,-1,-1,-1
78,9277,652.29596,75.59875,22.61853,15.1117935,0.62939984,-1,-1,-1
78,9287,572.6096,108.01372,29.383545,15.856232,0.7735612,-1,-1,-1
78,9325,475.79263,105.16619,28.585846,13.531982,0.5103411,-1,-1,-1
78,9323,753.0517,174.33377,104.01422,68.887405,0.77149266,-1,-1,-1
78,9356,569.8754,121.26575,30.108154,15.663116,0.43528956,-1,-1,-1
79,9268,620.00775,61.426464,14.66449,11.697849,0.67127174,-1,-1,-1
79,9272,468.7862,118.48643,35.430756,19.584084,0.7746811,-1,-1,-1
79,9274,647.82477,64.570465,15.798462,11.344513,0.7185381,-1,-1,-1
79,9273,668.7051,65.15553,18.599854,12.691734,0.59017825,-1,-1,-1
79,9271,717.4176,80.01129,27.510681,16.809486,0.6416327,-1,-1,-1
79,9277,652.2857,75.39101,22.137451,14.8233795,0.6832154,-1,-1,-1
79,9287,572.2665,108.7801,30.33722,15.247726,0.7830509,-1,-1,-1
79,9325,472.38516,106.51923,30.659302,13.679764,0.49707702,-1,-1,-1
79,9323,751.5414,173.14186,100.811646,67.98454,0.7762134,-1,-1,-1
79,9356,569.7597,121.89395,30.08136,15.911942,0.4283612,-1,-1,-1
79,9314,630.4072,56.51851,14.965149,12.777824,0.28178743,-1,-1,-1
80,9268,619.9712,61.435314,14.517944,11.6553,0.71701807,-1,-1,-1
80,9272,466.45132,120.23269,36.88733,19.083778,0.77739525,-1,-1,-1
80,9274,647.85956,64.466705,15.549133,11.331734,0.71560514,-1,-1,-1
80,9273,668.6935,65.22673,18.825928,12.531548,0.52420086,-1,-1,-1
80,9271,717.17053,79.27358,27.8656,16.798943,0.68816435,-1,-1,-1
80,9277,652.2004,75.296745,21.836731,14.677208,0.6034782,-1,-1,-1
80,9287,571.98627,109.58385,30.927368,14.634834,0.75295436,-1,-1,-1
80,9325,469.88504,108.43298,32.326813,14.307404,0.57819885,-1,-1,-1
80,9323,749.4558,171.86073,98.151,65.53198,0.7602652,-1,-1,-1
80,9356,570.3182,122.47605,29.879272,16.291649,0.36568978,-1,-1,-1
80,9314,630.4353,56.75777,14.354309,12.465603,0.35945055,-1,-1,-1
81,9268,620.14935,61.31856,14.628662,11.734234,0.6613629,-1,-1,-1
81,9272,465.76553,121.86198,36.80536,18.805794,0.7625016,-1,-1,-1
81,9274,647.935,64.275215,15.450745,11.484535,0.68503946,-1,-1,-1
81,9273,668.5914,65.13371,19.426453,12.556778,0.5682939,-1,-1,-1
81,9271,716.70404,78.97942,28.012024,16.989288,0.6940263,-1,-1,-1
81,9277,652.0821,75.202286,21.567688,14.574936,0.6691461,-1,-1,-1
81,9287,571.9049,110.53121,31.397888,14.603767,0.69984734,-1,-1,-1
81,9325,468.33542,109.7714,33.19931,14.776779,0.52184695,-1,-1,-1
81,9323,748.29443,169.5861,95.911255,65.02199,0.7833492,-1,-1,-1
81,9314,630.1341,56.800278,13.982178,12.482124,0.31221354,-1,-1,-1
82,9268,620.2148,61.127098,15.129761,11.890884,0.6544633,-1,-1,-1
82,9272,464.52393,122.79875,37.076996,19.353119,0.758476,-1,-1,-1
82,9274,647.92316,64.19392,15.594971,11.626701,0.650336,-1,-1,-1
82,9273,668.2317,64.69757,19.138489,12.833931,0.54856676,-1,-1,-1
82,9271,716.1229,78.76751,28.60321,17.207878,0.67458373,-1,-1,-1
82,9277,651.7693,75.009964,21.594238,14.554077,0.7180763,-1,-1,-1
82,9287,571.7772,111.1578,31.953247,15.902031,0.73510414,-1,-1,-1
82,9325,466.1288,110.614105,33.941895,15.330818,0.72985816,-1,-1,-1
82,9323,747.38965,167.0374,94.507996,64.12573,0.8461548,-1,-1,-1
82,9314,629.6444,56.978363,14.207581,12.558121,0.2514449,-1,-1,-1
83,9268,620.246,60.752052,15.677734,12.186165,0.62246805,-1,-1,-1
83,9272,462.6619,123.30969,38.121338,20.756226,0.71625024,-1,-1,-1
83,9274,647.9932,64.125435,15.681763,11.627426,0.580607,-1,-1,-1
83,9273,667.718,64.48762,18.926086,12.87001,0.52996284,-1,-1,-1
83,9271,715.5027,78.654915,27.822998,17.150948,0.6779123,-1,-1,-1
83,9277,651.5235,74.94622,21.651794,14.478798,0.7223457,-1,-1,-1
83,9287,571.94995,112.05253,32.025574,16.794594,0.6895498,-1,-1,-1
83,9325,464.4746,111.44873,35.146027,15.161522,0.6796386,-1,-1,-1
83,9323,745.96466,166.52333,91.87134,61.759842,0.85483354,-1,-1,-1
84,9268,620.3019,60.516506,15.899414,12.468609,0.6131927,-1,-1,-1
84,9272,461.31558,125.21067,38.93167,20.876366,0.77492887,-1,-1,-1
84,9274,648.0632,64.049866,15.475647,11.73053,0.5186598,-1,-1,-1
84,9273,667.63556,64.41515,19.19635,12.966347,0.43000734,-1,-1,-1
84,9271,715.0828,78.72878,26.764343,16.883492,0.68448037,-1,-1,-1
84,9277,651.3407,74.91755,21.727173,14.517548,0.6841705,-1,-1,-1
84,9287,572.246,113.02895,31.760864,19.351585,0.6999567,-1,-1,-1
84,9325,462.97308,112.205284,36.384644,18.127266,0.4625323,-1,-1,-1
84,9323,745.6057,164.62253,89.32593,60.97975,0.8333936,-1,-1,-1
85,9268,620.3551,60.195595,16.25409,12.790298,0.58889973,-1,-1,-1
85,9272,459.9955,126.56797,39.374603,21.37127,0.7608652,-1,-1,-1
85,9274,648.018,63.870506,15.14801,11.884399,0.53033584,-1,-1,-1
85,9273,667.5111,64.362976,19.500977,13.038826,0.34587753,-1,-1,-1
85,9271,714.77,78.49402,26.236084,16.772285,0.67948556,-1,-1,-1
85,9277,651.27704,74.754776,21.820862,14.603111,0.6884674,-1,-1,-1
85,9287,571.77454,113.871185,32.6369,21.509918,0.6508479,-1,-1,-1
85,9325,462.28015,113.52733,35.578857,15.996384,0.4162997,-1,-1,-1
85,9323,743.15063,161.88799,88.49878,60.98076,0.82070065,-1,-1,-1
86,9268,620.43207,59.877007,16.418213,12.945374,0.552406,-1,-1,-1
86,9272,458.82803,127.96865,39.5878,21.638618,0.64269054,-1,-1,-1
86,9274,647.83154,63.5747,14.879395,11.995384,0.5400489,-1,-1,-1
86,9271,714.3212,78.10659,26.724792,17.073387,0.6907094,-1,-1,-1
86,9277,651.08685,74.47624,21.862183,14.743088,0.6392642,-1,-1,-1
86,9287,570.9957,114.47934,33.852844,23.853424,0.6773043,-1,-1,-1
86,9323,740.79535,160.95947,87.88428,59.846207,0.79968274,-1,-1,-1
87,9268,620.4182,59.63795,16.809265,13.055935,0.4880286,-1,-1,-1
87,9272,456.78235,128.97714,40.364258,22.453583,0.6508913,-1,-1,-1
87,9274,647.6121,63.247192,14.845032,12.044312,0.5472949,-1,-1,-1
87,9271,713.91,77.82331,26.91986,16.83905,0.7328098,-1,-1,-1
87,9277,650.82684,74.32422,22.180115,14.811142,0.68365383,-1,-1,-1
87,9287,570.9791,115.21788,33.90808,22.110428,0.7155098,-1,-1,-1
87,9323,739.68933,159.85153,85.602356,58.470673,0.7471402,-1,-1,-1
87,9273,667.1777,63.71945,19.391907,13.392967,0.42844754,-1,-1,-1
88,9268,620.41205,59.691555,16.973206,12.948238,0.4784602,-1,-1,-1
88,9272,455.16232,131.31429,41.000397,21.677551,0.7518907,-1,-1,-1
88,9274,647.63666,63.15881,14.647034,12.01022,0.54194605,-1,-1,-1
88,9271,713.6769,77.62642,26.661926,16.574043,0.7348805,-1,-1,-1
88,9277,650.58856,74.2846,22.570557,14.889282,0.66941017,-1,-1,-1
88,9287,571.14606,115.82052,33.687927,19.774391,0.7608558,-1,-1,-1
88,9323,737.9809,158.60556,83.92633,56.58409,0.8197283,-1,-1,-1
88,9273,666.9735,63.66429,19.24884,13.449661,0.44030333,-1,-1,-1
89,9268,620.40393,59.683876,17.134155,12.857948,0.43115586,-1,-1,-1
89,9272,454.04108,133.68634,40.869904,20.979797,0.7835754,-1,-1,-1
89,9274,647.5861,62.90257,14.582397,12.038219,0.5331182,-1,-1,-1
89,9271,712.97,77.292435,26.606934,16.898232,0.73607856,-1,-1,-1
89,9277,650.43884,74.13113,22.9776,14.929733,0.6498699,-1,-1,-1
89,9287,572.0069,116.63724,33.02423,18.953537,0.6973348,-1,-1,-1
89,9323,736.96484,157.42863,81.11133,54.924683,0.8099915,-1,-1,-1
89,9273,666.8437,63.45333,19.293762,13.569763,0.4826309,-1,-1,-1
89,9369,452.82526,122.88867,43.258087,31.687714,0.6575427,-1,-1,-1
89,9356,573.523,130.12503,29.244019,20.934448,0.32905284,-1,-1,-1
90,9268,620.3127,59.448,17.387207,12.920704,0.39564177,-1,-1,-1
90,9272,451.80984,135.1575,41.75479,21.482117,0.74964356,-1,-1,-1
90,9274,647.63837,62.624924,14.394897,11.993462,0.565321,-1,-1,-1
90,9271,712.4151,77.09806,26.346252,17.143364,0.72718495,-1,-1,-1
90,9277,650.3289,73.83434,22.932007,15.05751,0.6793345,-1,-1,-1
90,9287,571.6438,118.21652,33.487183,18.751541,0.71196574,-1,-1,-1
90,9323,735.56604,156.91924,80.12848,52.154907,0.5169336,-1,-1,-1
90,9273,666.626,63.452824,19.391602,13.59724,0.38150048,-1,-1,-1
90,9369,452.41626,122.089325,41.570557,26.716125,0.33901393,-1,-1,-1
90,9325,453.4611,121.669785,39.94931,16.3983,0.5636529,-1,-1,-1
91,9268,620.2851,59.302433,17.803894,12.997875,0.36945826,-1,-1,-1
91,9272,449.69684,135.77884,43.06839,22.958923,0.7479331,-1,-1,-1
91,9274,647.78577,62.26944,14.254822,11.983719,0.5352161,-1,-1,-1
91,9271,712.22754,76.95561,26.221375,17.236046,0.65195537,-1,-1,-1
91,9277,650.28156,73.645874,22.910217,15.117218,0.66717136,-1,-1,-1
91,9287,571.0289,120.105515,34.643982,18.809937,0.7512091,-1,-1,-1
91,9323,734.2889,155.52676,78.28027,51.546616,0.38172418,-1,-1,-1
91,9273,666.6462,63.53526,19.786438,13.670681,0.3174838,-1,-1,-1
91,9369,451.03717,121.70373,43.066498,33.583794,0.41827127,-1,-1,-1
92,9268,620.20294,59.022346,18.347107,13.240433,0.2942211,-1,-1,-1
92,9272,447.0136,134.0161,44.85547,26.871506,0.7284841,-1,-1,-1
92,9274,647.76227,62.13641,14.127319,12.014256,0.3950722,-1,-1,-1
92,9271,712.0308,76.544785,27.391724,17.848068,0.46116084,-1,-1,-1
92,9277,650.13794,73.44264,22.80017,15.219513,0.60499555,-1,-1,-1
92,9287,570.002,121.24101,35.857605,21.011963,0.74002504,-1,-1,-1
92,9323,733.12744,154.01825,75.86737,51.334976,0.605833,-1,-1,-1
92,9273,666.3754,63.235474,19.812744,14.048767,0.3302231,-1,-1,-1
92,9325,448.3906,123.65623,43.33539,18.139885,0.25256836,-1,-1,-1
93,9272,445.2914,137.04077,45.12314,26.063232,0.69178534,-1,-1,-1
93,9274,647.86017,62.09215,13.879456,12.020145,0.3399362,-1,-1,-1
93,9271,711.93024,76.33759,27.052124,17.85286,0.6167625,-1,-1,-1
93,9277,650.06946,73.19902,22.534912,15.3396225,0.551046,-1,-1,-1
93,9287,570.00336,122.24118,35.944275,22.163284,0.70115185,-1,-1,-1
93,9323,731.8475,152.8347,74.76654,49.98358,0.7238384,-1,-1,-1
93,9273,666.1568,63.11485,19.633179,14.192898,0.2802394,-1,-1,-1
93,9369,445.9427,124.699265,46.039734,37.331512,0.38597298,-1,-1,-1
94,9272,443.53604,136.88782,45.48712,28.106995,0.68859357,-1,-1,-1
94,9274,647.7759,62.106934,13.950623,12.023254,0.41180944,-1,-1,-1
94,9271,711.71954,76.44224,26.514832,17.626083,0.49431393,-1,-1,-1
94,9277,649.95807,73.23686,22.328064,15.129372,0.61297685,-1,-1,-1
94,9287,569.9088,123.082054,36.76117,19.961617,0.7393044,-1,-1,-1
94,9323,730.93854,152.05376,73.26727,47.994293,0.6751734,-1,-1,-1
94,9273,666.0391,63.19416,19.192627,13.956078,0.44280988,-1,-1,-1
94,9369,444.50342,126.71007,45.975586,36.536255,0.46000627,-1,-1,-1
95,9272,440.75967,140.76369,46.191803,26.104156,0.7456412,-1,-1,-1
95,9274,647.7607,62.042786,13.761597,11.898361,0.35461497,-1,-1,-1
95,9271,711.21173,76.42759,26.868713,17.61737,0.4058965,-1,-1,-1
95,9277,649.8192,73.377365,21.909363,14.747307,0.6205816,-1,-1,-1
95,9287,567.70856,124.30626,38.661194,18.336533,0.7755085,-1,-1,-1
95,9323,729.5666,151.36465,72.89612,46.525528,0.77866775,-1,-1,-1
95,9273,665.6507,63.20178,18.965881,13.717197,0.47251105,-1,-1,-1
96,9272,439.10803,143.77338,46.57376,25.698517,0.7408403,-1,-1,-1
96,9274,647.40326,61.98497,13.871521,11.787796,0.3279527,-1,-1,-1
96,9271,710.8596,76.32742,27.818481,17.538704,0.42533797,-1,-1,-1
96,9277,649.6731,73.5163,21.69806,14.274979,0.6424169,-1,-1,-1
96,9287,567.7011,125.30197,38.51062,18.55661,0.7333729,-1,-1,-1
96,9323,728.1399,149.66258,71.934814,46.38089,0.7905313,-1,-1,-1
96,9273,665.3125,63.198357,18.802673,13.477341,0.5240598,-1,-1,-1
96,9268,620.3728,58.564457,18.663574,13.103588,0.25850436,-1,-1,-1
97,9272,436.89066,145.41536,47.788025,26.369827,0.64379483,-1,-1,-1
97,9274,647.0044,62.013935,13.917236,11.677624,0.41835356,-1,-1,-1
97,9271,710.30414,76.42349,29.484375,17.182732,0.5226388,-1,-1,-1
97,9277,649.5849,73.56838,21.38269,13.990341,0.69447047,-1,-1,-1
97,9287,567.918,126.5175,39.210083,19.942596,0.749876,-1,-1,-1
97,9323,726.28015,147.51953,70.98895,46.78865,0.78716546,-1,-1,-1
97,9273,665.15576,63.208008,18.464172,13.271309,0.5899859,-1,-1,-1
97,9268,620.22974,58.761806,18.863586,12.858669,0.31013098,-1,-1,-1
97,9369,437.26367,131.21748,49.257812,40.04016,0.70403916,-1,-1,-1
98,9272,434.18027,147.0696,48.58539,27.04425,0.62661564,-1,-1,-1
98,9274,646.97736,61.995514,13.769714,11.556473,0.457185,-1,-1,-1
98,9271,709.74255,76.398056,29.457214,16.619438,0.5375355,-1,-1,-1
98,9277,649.422,73.51725,21.155518,13.767189,0.7081436,-1,-1,-1
98,9287,567.5824,127.91147,38.945618,19.128113,0.7578815,-1,-1,-1
98,9323,724.54297,145.84805,70.08618,46.550583,0.78982735,-1,-1,-1
98,9273,664.7351,63.144398,18.45758,13.247448,0.5559092,-1,-1,-1
98,9268,620.11163,58.8809,18.83374,12.653103,0.3428054,-1,-1,-1
98,9369,434.12064,134.52113,49.928955,39.17952,0.70949113,-1,-1,-1
98,9356,564.05585,143.69373,40.505676,22.367828,0.4817858,-1,-1,-1
99,9272,431.90594,146.07562,50.0524,30.33284,0.7193178,-1,-1,-1
99,9274,646.81647,61.99741,13.847473,11.588879,0.45452982,-1,-1,-1
99,9271,709.3478,76.09304,30.72699,16.966637,0.33706024,-1,-1,-1
99,9277,649.2753,73.40127,21.034302,13.721191,0.64659315,-1,-1,-1
99,9287,567.454,129.28642,39.04608,19.015396,0.6421273,-1,-1,-1
99,9323,723.09045,144.74281,69.86755,46.103622,0.8010038,-1,-1,-1
99,9273,664.4589,63.064823,18.908875,13.290028,0.5344462,-1,-1,-1
99,9268,620.0115,58.955677,18.658203,12.650829,0.31205207,-1,-1,-1
99,9356,563.48456,142.50519,42.099304,25.299194,0.43917367,-1,-1,-1
100,9272,429.6933,149.30617,50.72223,29.48053,0.5222703,-1,-1,-1
100,9274,646.8274,61.93254,13.776184,11.676338,0.2853529,-1,-1,-1
100,9271,708.8259,75.63812,32.61206,16.624886,0.29927027,-1,-1,-1
100,9277,649.0667,73.05725,21.011292,14.05368,0.6686077,-1,-1,-1
100,9287,567.11847,130.65237,38.599915,17.803543,0.5330424,-1,-1,-1
100,9323,721.95593,143.77884,69.316345,45.45836,0.7663594,-1,-1,-1
100,9273,664.3217,63.0109,18.984253,13.306911,0.41911748,-1,-1,-1
100,9268,619.90234,58.69951,18.860779,12.938972,0.25831,-1,-1,-1
100,9369,429.50043,136.25256,52.45163,42.237106,0.77022386,-1,-1,-1
101,9272,426.87997,152.31152,53.12317,29.327072,0.67020917,-1,-1,-1
101,9274,646.7298,61.824482,13.759277,11.739521,0.3333027,-1,-1,-1
101,9271,708.2011,75.61153,32.417114,16.17015,0.28056207,-1,-1,-1
101,9277,648.9545,72.80992,21.020386,14.209938,0.71049535,-1,-1,-1
101,9287,566.90643,132.24388,39.792175,18.026718,0.57031167,-1,-1,-1
101,9323,720.6915,143.12029,67.7287,44.43924,0.71002936,-1,-1,-1
101,9273,664.2314,62.929554,19.04065,13.330135,0.42931724,-1,-1,-1
101,9268,619.8399,58.392544,18.975342,13.251438,0.273712,-1,-1,-1
101,9369,426.64716,140.66379,54.287354,40.483124,0.7204161,-1,-1,-1
101,9356,563.0632,147.58662,42.8338,24.270172,0.45880827,-1,-1,-1
102,9274,646.72784,61.58036,13.499512,11.6968155,0.36738244,-1,-1,-1
102,9271,708.13617,75.664444,31.780396,15.72084,0.44129252,-1,-1,-1
102,9277,648.898,72.663185,20.868042,14.159019,0.7774949,-1,-1,-1
102,9287,566.93256,133.77548,40.06787,18.12947,0.7191714,-1,-1,-1
102,9323,718.8038,141.52419,66.12128,44.29019,0.5976971,-1,-1,-1
102,9273,663.9878,62.981636,18.672302,13.117302,0.4747848,-1,-1,-1
102,9268,619.8979,58.124996,18.837341,13.451221,0.3829772,-1,-1,-1
102,9369,423.91183,142.48659,54.744537,41.532455,0.7122861,-1,-1,-1
102,9356,563.02435,149.79323,43.485413,24.50061,0.6169762,-1,-1,-1
103,9274,646.4929,61.257202,13.58429,11.897293,0.36600277,-1,-1,-1
103,9271,708.20886,75.77913,30.061829,15.259056,0.4816474,-1,-1,-1
103,9277,648.556,72.28527,20.85022,14.454971,0.7789306,-1,-1,-1
103,9287,566.75323,135.54965,41.45331,18.223526,0.74109274,-1,-1,-1
103,9323,717.1611,140.88518,66.00391,43.443054,0.48561755,-1,-1,-1
103,9273,663.5595,62.98439,18.417664,13.027924,0.4538513,-1,-1,-1
103,9268,619.85187,57.98006,18.68628,13.513203,0.42886665,-1,-1,-1
103,9369,421.09787,142.43477,56.215942,44.7146,0.7213845,-1,-1,-1
104,9274,646.29584,61.09653,13.638916,11.937038,0.39505097,-1,-1,-1
104,9271,707.7084,75.6924,30.696655,15.514824,0.51595765,-1,-1,-1
104,9277,648.2882,72.03336,20.711365,14.543884,0.7853047,-1,-1,-1
104,9287,566.40045,137.43636,43.013977,18.516876,0.65287304,-1,-1,-1
104,9323,715.6955,140.23126,65.109436,42.479996,0.36654654,-1,-1,-1
104,9273,663.419,63.03968,18.334839,12.889969,0.47339535,-1,-1,-1
104,9268,619.8362,57.970097,18.638916,13.44817,0.47856647,-1,-1,-1
104,9369,417.9691,143.59941,56.84781,46.8338,0.6951259,-1,-1,-1
104,9356,562.8315,154.47801,44.143005,23.44345,0.39257103,-1,-1,-1
105,9274,645.81714,60.92466,13.887085,12.055176,0.4402219,-1,-1,-1
105,9271,707.1596,75.53927,33.026855,15.591133,0.46601844,-1,-1,-1
105,9277,647.84705,71.847885,20.908691,14.7243805,0.7632174,-1,-1,-1
105,9287,566.4576,139.05482,43.325867,18.534927,0.7660425,-1,-1,-1
105,9323,714.536,140.00414,63.8266,41.182297,0.6197221,-1,-1,-1
105,9273,663.3981,62.947445,18.161194,12.793949,0.50846636,-1,-1,-1
105,9268,619.79584,57.877052,18.501953,13.552177,0.42858672,-1,-1,-1
105,9369,414.53665,145.85754,58.24875,47.046783,0.7593664,-1,-1,-1
105,9356,562.38556,156.09457,44.704285,24.318024,0.69352245,-1,-1,-1
106,9274,645.46747,60.949142,14.162476,12.229507,0.40155855,-1,-1,-1
106,9271,706.76416,75.24736,35.33496,16.215317,0.38435283,-1,-1,-1
106,9277,647.5611,71.666855,20.869507,14.810104,0.7086686,-1,-1,-1
106,9287,566.33105,140.06348,44.38202,19.048065,0.7593094,-1,-1,-1
106,9323,713.58704,142.07898,62.923157,37.753845,0.58375686,-1,-1,-1
106,9273,663.12244,62.79118,18.18988,12.767666,0.37430587,-1,-1,-1
106,9268,619.759,57.50327,18.599304,13.999935,0.39036325,-1,-1,-1
106,9369,411.43225,147.43542,59.794342,48.462067,0.8008259,-1,-1,-1
106,9356,562.1885,157.61023,45.909668,25.413925,0.5679514,-1,-1,-1
107,9274,645.2694,60.90052,14.314392,12.487228,0.3261726,-1,-1,-1
107,9277,647.49414,71.38887,20.5708,14.844238,0.6489827,-1,-1,-1
107,9287,565.8527,141.77464,44.00354,19.030548,0.64844,-1,-1,-1
107,9323,712.8652,138.0098,61.907227,40.23381,0.6780537,-1,-1,-1
107,9268,619.8125,57.283436,18.5531,14.2215,0.34756932,-1,-1,-1
107,9369,409.00046,148.58972,61.09445,50.84938,0.7748891,-1,-1,-1
107,9356,561.4468,160.09897,46.45215,25.04396,0.6061096,-1,-1,-1
108,9274,645.3377,60.922054,14.224182,12.526234,0.2579295,-1,-1,-1
108,9277,647.45917,71.36942,20.161438,14.6623,0.6840804,-1,-1,-1
108,9323,712.47546,136.92113,60.431213,39.539978,0.5584784,-1,-1,-1
108,9268,619.8249,57.249332,18.47406,14.216808,0.36913273,-1,-1,-1
108,9369,405.49152,150.47028,63.288727,51.405136,0.81010306,-1,-1,-1
108,9356,561.0207,161.82872,46.51599,25.60347,0.6576304,-1,-1,-1
108,9379,984.34814,171.05481,39.603943,44.985306,0.62554806,-1,-1,-1
108,9273,662.76495,62.992973,17.989868,12.300301,0.28100368,-1,-1,-1
109,9277,647.31085,71.39959,19.67334,14.501953,0.6729589,-1,-1,-1
109,9323,711.3782,136.42705,59.526978,38.804703,0.70108336,-1,-1,-1
109,9268,619.67413,57.28379,18.396423,14.129372,0.34717974,-1,-1,-1
109,9369,401.08392,151.97394,65.97012,53.85724,0.8177258,-1,-1,-1
109,9356,560.4325,162.96262,47.353394,26.63295,0.45920187,-1,-1,-1
109,9379,982.5573,168.11519,41.31714,47.638885,0.6717123,-1,-1,-1
109,9273,662.55725,63.081947,17.937012,12.169914,0.29337344,-1,-1,-1
110,9277,647.0987,71.0691,19.443237,14.637558,0.66888237,-1,-1,-1
110,9323,709.62213,133.2402,59.569153,40.702774,0.67917824,-1,-1,-1
110,9268,619.6342,57.15822,18.012146,14.060036,0.34731612,-1,-1,-1
110,9369,397.0327,154.591,69.11783,54.669907,0.83083606,-1,-1,-1
110,9379,975.10345,166.27138,48.61609,58.65648,0.6158568,-1,-1,-1
110,9273,662.428,62.988342,17.877136,12.231888,0.2565163,-1,-1,-1
111,9277,647.17554,70.87015,19.095886,14.564125,0.6825001,-1,-1,-1
111,9323,708.403,131.88626,57.72638,40.23871,0.66846526,-1,-1,-1
111,9268,619.6706,56.90599,17.516785,14.053452,0.3452389,-1,-1,-1
111,9369,394.05167,157.26625,68.99948,55.85852,0.83207846,-1,-1,-1
111,9379,969.67426,160.265,53.843445,69.54521,0.27802452,-1,-1,-1
111,9273,662.60626,63.08932,17.71344,12.041462,0.26645997,-1,-1,-1
111,9356,559.3106,167.65915,48.26117,26.282394,0.49194333,-1,-1,-1
112,9277,647.1174,70.699455,18.8667,14.451721,0.6671578,-1,-1,-1
112,9323,707.1171,130.57402,57.269836,39.642822,0.6795505,-1,-1,-1
112,9268,619.6117,56.806435,17.26892,13.982605,0.38226032,-1,-1,-1
112,9369,389.78726,159.02782,70.19043,57.540497,0.8426382,-1,-1,-1
112,9379,965.1736,160.82251,58.35022,61.866364,0.595928,-1,-1,-1
112,9273,662.6685,63.06382,17.505432,11.904556,0.30897942,-1,-1,-1
112,9356,558.43054,168.69095,49.677063,27.812958,0.48083743,-1,-1,-1
113,9277,646.94293,70.75637,18.817078,14.256989,0.68569094,-1,-1,-1
113,9323,706.38367,129.67526,55.4942,38.91481,0.66668946,-1,-1,-1
113,9268,619.6167,56.73312,17.070374,14.020428,0.43668535,-1,-1,-1
113,9369,386.27878,161.4059,71.11072,58.993713,0.8461848,-1,-1,-1
113,9379,961.67975,160.07588,62.070007,57.54013,0.5999137,-1,-1,-1
113,9273,662.29193,62.944942,17.45221,11.802471,0.4382902,-1,-1,-1
113,9356,557.407,170.23372,51.08905,29.343094,0.30477753,-1,-1,-1
113,9274,645.1691,60.471504,14.93634,12.129425,0.28979918,-1,-1,-1
114,9277,646.7593,70.82431,18.798279,14.162476,0.6559684,-1,-1,-1
114,9323,704.78015,129.01534,55.629578,38.186783,0.7032427,-1,-1,-1
114,9268,619.4336,56.80223,17.28003,13.854401,0.4041452,-1,-1,-1
114,9369,382.03473,163.16383,73.6366,62.193893,0.8409668,-1,-1,-1
114,9379,960.30786,155.9639,63.47986,59.742767,0.43293458,-1,-1,-1
114,9273,661.97504,62.738945,17.43097,11.927422,0.3454101,-1,-1,-1
114,9356,556.9355,169.91418,52.045532,31.88295,0.5084561,-1,-1,-1
114,9274,645.05536,60.422165,15.4783325,12.1006775,0.26528487,-1,-1,-1
115,9277,646.50415,70.68497,18.917664,14.187828,0.55366504,-1,-1,-1
115,9323,703.4477,127.91445,55.36206,38.272163,0.67966515,-1,-1,-1
115,9268,619.49756,56.762863,17.096863,13.646507,0.3916338,-1,-1,-1
115,9369,377.07626,165.86621,75.374695,62.909683,0.8542894,-1,-1,-1
115,9379,954.7492,157.82515,69.104614,52.03801,0.4070455,-1,-1,-1
116,9277,646.1964,70.633095,19.059326,14.041779,0.5607042,-1,-1,-1
116,9323,702.20984,126.79072,54.65393,37.950188,0.5869146,-1,-1,-1
116,9268,619.4958,56.704266,16.978943,13.546513,0.40158582,-1,-1,-1
116,9369,372.72305,168.9856,75.79068,64.04109,0.83771414,-1,-1,-1
116,9356,555.57916,177.07187,53.856506,30.456375,0.4196505,-1,-1,-1
117,9277,646.05444,70.52892,19.105957,13.85598,0.58483374,-1,-1,-1
117,9323,700.64386,125.93006,54.285583,37.206306,0.6637145,-1,-1,-1
117,9268,619.3118,56.751606,16.809692,13.444447,0.50033545,-1,-1,-1
117,9369,368.34174,172.56279,77.426605,64.4794,0.86161387,-1,-1,-1
117,9356,554.52844,179.99669,55.38202,30.167542,0.38089114,-1,-1,-1
117,9287,560.3488,160.80554,50.169495,20.441177,0.5342797,-1,-1,-1
118,9277,645.98566,70.392334,19.078918,13.708191,0.6418995,-1,-1,-1
118,9323,699.44,125.05052,53.49243,36.864487,0.689687,-1,-1,-1
118,9268,619.22626,56.757393,16.505066,13.3602295,0.54086965,-1,-1,-1
118,9369,363.13956,175.72282,80.07663,65.74916,0.8296007,-1,-1,-1
118,9356,554.0737,181.32106,57.27234,31.25644,0.57400495,-1,-1,-1
118,9386,996.84143,235.91437,26.741272,45.032776,0.39778122,-1,-1,-1
118,9287,559.6555,162.79024,51.849182,23.00145,0.46148437,-1,-1,-1
119,9277,645.7787,70.04734,19.12561,13.7421875,0.64523566,-1,-1,-1
119,9323,698.52655,124.866936,53.15692,36.086952,0.7144384,-1,-1,-1
119,9268,619.20447,56.721092,16.141357,13.274582,0.52852225,-1,-1,-1
119,9369,358.6237,179.72464,80.41458,66.257385,0.8378795,-1,-1,-1
119,9356,553.41437,184.86594,59.027527,31.03624,0.5153165,-1,-1,-1
119,9386,991.74835,232.55508,31.867981,47.735596,0.5000162,-1,-1,-1
119,9287,559.66254,163.88367,51.168213,23.24353,0.50565374,-1,-1,-1
120,9277,645.5124,69.78167,19.287231,13.666328,0.63425577,-1,-1,-1
120,9323,697.35004,124.13694,52.864685,35.885216,0.5563916,-1,-1,-1
120,9268,619.1556,56.73357,15.910156,13.226597,0.54760253,-1,-1,-1
120,9369,353.35614,183.67056,81.950836,67.71005,0.8405528,-1,-1,-1
120,9356,552.86145,188.11044,59.650208,31.421799,0.4754526,-1,-1,-1
120,9386,986.0319,230.42519,37.763367,48.51259,0.62759024,-1,-1,-1
120,9287,559.4331,165.72679,52.20337,23.32051,0.6331698,-1,-1,-1
120,9388,0.09962728,234.0498,22.135904,25.659485,0.3932551,-1,-1,-1
121,9277,645.2178,69.65557,19.286255,13.584076,0.66444844,-1,-1,-1
121,9323,696.5508,123.12299,51.53888,34.77688,0.52744687,-1,-1,-1
121,9268,619.0878,56.90819,15.517395,13.013432,0.50452125,-1,-1,-1
121,9369,347.53394,186.90121,84.64972,70.45697,0.8405744,-1,-1,-1
121,9356,552.2513,192.15819,60.457947,31.05397,0.321104,-1,-1,-1
121,9287,558.31744,166.93474,54.977905,25.17537,0.60761905,-1,-1,-1
121,9388,0.19085497,234.05804,22.567087,25.876068,0.35270652,-1,-1,-1
121,9379,931.5001,151.53876,90.758484,47.15497,0.53081775,-1,-1,-1
122,9277,645.256,69.670715,19.056702,13.321251,0.70981395,-1,-1,-1
122,9323,695.82367,123.269356,50.94153,33.17605,0.62342143,-1,-1,-1
122,9268,619.1302,56.86495,15.209045,12.902927,0.5055313,-1,-1,-1
122,9369,341.8924,190.3876,86.473206,73.26694,0.8336179,-1,-1,-1
122,9356,551.61115,194.16736,60.35486,31.807236,0.46721116,-1,-1,-1
122,9287,557.2637,167.10553,55.842285,27.201141,0.45271182,-1,-1,-1
122,9388,0.07996654,229.60002,21.807537,30.099136,0.30742034,-1,-1,-1
122,9389,88.73846,221.5117,262.7861,214.1663,0.40126604,-1,-1,-1
122,9390,101.63823,191.19989,303.84338,251.26315,0.37470913,-1,-1,-1
122,9379,928.7965,150.95009,93.22351,46.535416,0.66070557,-1,-1,-1
123,9277,645.0148,69.71505,19.154663,12.986603,0.7779325,-1,-1,-1
123,9323,695.0768,123.874596,49.65631,31.351067,0.39004216,-1,-1,-1
123,9268,619.02673,56.758453,14.968079,12.8396,0.5652149,-1,-1,-1
123,9369,333.82004,195.47156,90.68698,74.60745,0.827111,-1,-1,-1
123,9356,550.52545,190.83093,64.348206,39.53801,0.37920797,-1,-1,-1
123,9389,89.27417,224.3089,261.19788,209.7602,0.4333705,-1,-1,-1
123,9379,944.00604,150.20982,77.27875,46.247375,0.47193784,-1,-1,-1
123,9392,697.7264,75.5119,41.068665,22.729416,0.40763804,-1,-1,-1
124,9277,644.7707,69.758606,19.185364,12.73317,0.77568614,-1,-1,-1
124,9323,694.49084,123.199745,48.29486,30.858818,0.5732944,-1,-1,-1
124,9268,618.8023,56.669636,14.845764,12.778759,0.50674325,-1,-1,-1
124,9369,327.99564,197.76851,92.4613,76.81221,0.84366035,-1,-1,-1
124,9356,550.3123,182.7264,65.6767,51.203278,0.56295425,-1,-1,-1
124,9389,89.94704,221.88121,260.7696,211.5858,0.6385192,-1,-1,-1
124,9379,930.1119,148.3198,88.91223,47.418777,0.35073027,-1,-1,-1
124,9392,698.34814,75.35325,39.585938,21.544617,0.3873148,-1,-1,-1
124,9390,102.57325,187.97711,302.7548,253.5669,0.50007343,-1,-1,-1
125,9277,644.4934,69.727135,19.42804,12.669899,0.7817639,-1,-1,-1
125,9323,693.9808,122.97898,47.565613,30.17286,0.63146913,-1,-1,-1
125,9268,618.8172,56.765022,14.889038,12.579819,0.5374587,-1,-1,-1
125,9369,322.02194,200.26775,93.9429,81.08922,0.8671518,-1,-1,-1
125,9356,549.0678,188.62389,67.49567,49.318848,0.3184895,-1,-1,-1
125,9389,91.23383,222.11655,258.64435,210.3634,0.7554446,-1,-1,-1
125,9392,698.8412,75.093506,38.523438,21.629295,0.49329084,-1,-1,-1
125,9390,102.848976,189.49953,300.6479,251.94246,0.45237067,-1,-1,-1
126,9277,644.26697,69.640625,19.370483,12.575592,0.7916198,-1,-1,-1
126,9323,692.6951,123.51499,46.834656,28.77053,0.395781,-1,-1,-1
126,9268,618.80444,56.71664,14.955994,12.5511055,0.5045835,-1,-1,-1
126,9369,314.48782,203.82646,97.44122,84.40102,0.8541265,-1,-1,-1
126,9356,548.2354,199.96666,68.002686,40.94159,0.524516,-1,-1,-1
126,9389,92.13944,222.93996,257.31555,209.54,0.8024234,-1,-1,-1
126,9392,697.22125,75.09465,40.053406,21.069603,0.41949978,-1,-1,-1
126,9390,102.652664,189.76613,298.00177,252.45906,0.62362593,-1,-1,-1
126,9396,671.51483,92.696266,28.265015,17.020584,0.3889013,-1,-1,-1
127,9277,644.088,69.46345,19.217651,12.485931,0.7996071,-1,-1,-1
127,9323,691.1614,125.43802,45.928955,25.353516,0.519652,-1,-1,-1
127,9268,618.7008,56.518967,15.020142,12.618973,0.47104856,-1,-1,-1
127,9369,306.76047,207.67484,100.774475,88.41925,0.8504634,-1,-1,-1
127,9356,547.2716,191.88965,70.44586,53.93985,0.62355304,-1,-1,-1
127,9389,92.754974,222.92892,256.82962,209.444,0.8151162,-1,-1,-1
127,9392,695.37366,75.10355,42.033752,21.361313,0.6711225,-1,-1,-1
127,9390,102.96774,191.39185,295.72,251.04608,0.60034245,-1,-1,-1
127,9396,671.0634,92.30071,28.629333,17.136765,0.4126175,-1,-1,-1
127,9397,736.4706,95.76567,38.84088,23.429733,0.5100543,-1,-1,-1
128,9277,643.9681,69.326645,19.113525,12.381462,0.8115133,-1,-1,-1
128,9323,689.7762,126.43451,44.829468,22.973175,0.62819004,-1,-1,-1
128,9268,618.58826,56.44063,15.00061,12.530369,0.47222114,-1,-1,-1
128,9369,298.04843,213.03012,103.84625,91.28293,0.8377921,-1,-1,-1
128,9356,546.93713,189.86531,72.908936,60.93416,0.71190333,-1,-1,-1
128,9389,93.56127,225.52113,252.95694,206.6686,0.85690594,-1,-1,-1
128,9392,692.853,74.99337,45.53766,21.827522,0.67193115,-1,-1,-1
128,9390,102.37166,191.43317,296.10522,250.75415,0.542237,-1,-1,-1
128,9396,670.6638,92.27591,28.891235,16.882591,0.408618,-1,-1,-1
128,9397,734.84503,95.48211,38.475586,23.169487,0.47516865,-1,-1,-1
128,9401,689.87384,117.42495,43.282776,22.74392,0.45081583,-1,-1,-1
129,9277,643.73016,69.13212,18.967285,12.3029785,0.8223165,-1,-1,-1
129,9323,688.37256,125.98242,44.56659,22.198975,0.49251038,-1,-1,-1
129,9268,618.51984,56.403625,14.878479,12.468338,0.38714588,-1,-1,-1
129,9369,287.88812,218.06294,108.164856,94.03081,0.7761617,-1,-1,-1
129,9356,545.4772,189.34978,74.20709,66.2155,0.6191264,-1,-1,-1
129,9389,92.70966,229.4856,249.55746,203.51752,0.8243673,-1,-1,-1
129,9392,692.74585,74.968,44.75995,21.51284,0.5859015,-1,-1,-1
129,9390,102.57881,192.6136,296.09717,250.22005,0.45886382,-1,-1,-1
129,9396,670.2472,92.28008,28.069458,16.521172,0.3479548,-1,-1,-1
129,9397,733.11554,95.11343,36.99585,22.865387,0.56027967,-1,-1,-1
129,9401,688.76886,116.70759,43.417664,22.170174,0.39761493,-1,-1,-1
129,9404,121.33684,51.57414,16.007416,18.015545,0.44076306,-1,-1,-1
130,9277,643.538,69.02688,18.857971,12.235146,0.8301391,-1,-1,-1
130,9323,687.2721,125.75918,44.37921,21.401436,0.44549137,-1,-1,-1
130,9268,618.52985,56.388557,14.940491,12.519508,0.3951297,-1,-1,-1
130,9369,277.9585,225.2894,112.995544,94.38153,0.7885205,-1,-1,-1
130,9356,544.31696,190.80138,74.456726,69.51323,0.62878346,-1,-1,-1
130,9389,93.73333,232.64359,236.75708,201.42337,0.7958712,-1,-1,-1
130,9392,694.2273,75.117805,42.62982,20.978119,0.5700429,-1,-1,-1
130,9390,104.65479,196.57925,296.83203,247.95135,0.34209755,-1,-1,-1
130,9396,669.91486,92.75177,27.540222,15.683876,0.3185688,-1,-1,-1
130,9397,733.25696,95.15854,35.40692,22.12857,0.5277179,-1,-1,-1
130,9401,687.9217,115.83624,41.990845,19.784897,0.41812256,-1,-1,-1
130,9404,121.437706,51.410946,15.854485,18.25793,0.40868765,-1,-1,-1
130,9379,904.0948,140.94487,84.69507,42.388397,0.51694864,-1,-1,-1
131,9277,643.32587,68.8946,19.03888,12.293381,0.8312695,-1,-1,-1
131,9323,686.4391,122.04262,43.717957,24.897217,0.348267,-1,-1,-1
131,9268,618.5068,56.24464,14.747253,12.603878,0.45105213,-1,-1,-1
131,9369,266.13974,230.0726,120.34943,101.175354,0.7562263,-1,-1,-1
131,9356,542.20935,193.43906,76.43579,71.79257,0.7291843,-1,-1,-1
131,9389,93.84207,232.56831,236.68402,202.31483,0.71116906,-1,-1,-1
131,9392,695.5143,74.89403,40.05951,20.842491,0.55814403,-1,-1,-1
131,9390,107.06865,200.85881,293.66547,246.68745,0.6320398,-1,-1,-1
131,9397,732.0334,94.866,36.33606,21.944489,0.38753188,-1,-1,-1
131,9401,687.32043,114.96285,41.029602,18.973793,0.35686418,-1,-1,-1
131,9404,121.749985,51.437817,15.607834,18.230145,0.3169513,-1,-1,-1
131,9379,899.96204,139.32927,83.37488,42.4205,0.7245537,-1,-1,-1
132,9277,643.0673,68.85099,18.676758,12.234268,0.8293549,-1,-1,-1
132,9268,618.4289,56.217365,14.715942,12.549473,0.5138638,-1,-1,-1
132,9369,254.60439,235.70609,126.790054,107.152466,0.74008816,-1,-1,-1
132,9356,539.9025,196.25734,78.6214,73.85664,0.78179145,-1,-1,-1
132,9389,91.23205,229.46648,249.81494,208.04918,0.8080102,-1,-1,-1
132,9392,695.8796,74.66752,38.409363,20.968956,0.50659907,-1,-1,-1
132,9390,105.192184,199.78716,289.62012,252.95985,0.7850031,-1,-1,-1
132,9397,730.0152,94.33755,37.12677,22.225143,0.36834824,-1,-1,-1
132,9401,686.42523,114.2348,39.91931,19.984146,0.30901638,-1,-1,-1
132,9404,121.72606,51.437035,15.673157,18.413223,0.3797321,-1,-1,-1
132,9379,898.18933,138.22327,83.29065,43.7269,0.79780155,-1,-1,-1
133,9277,642.76526,68.753235,18.454102,12.120262,0.8130036,-1,-1,-1
133,9268,618.295,56.32693,14.285706,12.437145,0.5658386,-1,-1,-1
133,9369,242.60867,240.49791,131.41937,112.95131,0.7705141,-1,-1,-1
133,9356,537.28784,199.52425,81.410706,75.323074,0.8094643,-1,-1,-1
133,9389,93.8864,226.75725,249.3145,210.38362,0.87003404,-1,-1,-1
133,9392,695.6827,73.985344,37.73529,21.17749,0.65332395,-1,-1,-1
133,9401,685.4252,113.71996,39.656006,23.205513,0.29613546,-1,-1,-1
133,9404,121.764175,51.457886,15.505325,18.422928,0.27656993,-1,-1,-1
133,9379,894.5084,137.6143,80.88696,43.25856,0.6865901,-1,-1,-1
133,9323,684.64496,119.8291,41.773315,23.964554,0.33256862,-1,-1,-1
134,9277,642.72253,68.66799,17.95221,11.911453,0.7994722,-1,-1,-1
134,9268,618.3309,56.28249,13.977051,12.427219,0.55704165,-1,-1,-1
134,9369,232.69708,245.61903,134.89737,121.08382,0.77840906,-1,-1,-1
134,9356,536.2173,201.0789,82.1322,78.38664,0.7882292,-1,-1,-1
134,9389,91.66888,229.31636,255.18384,207.22673,0.7856144,-1,-1,-1
134,9392,695.2335,73.68383,38.52417,21.196785,0.6925709,-1,-1,-1
134,9404,121.79933,51.55687,15.224518,18.399391,0.26119068,-1,-1,-1
134,9379,890.6421,136.16591,80.97229,42.61104,0.78167,-1,-1,-1
135,9277,642.5737,68.67068,17.717896,11.68605,0.79114085,-1,-1,-1
135,9268,618.17737,56.37984,13.718445,12.370861,0.59974754,-1,-1,-1
135,9369,217.21315,251.72224,143.11522,126.98161,0.77942044,-1,-1,-1
135,9356,534.70874,202.22646,84.05902,82.85063,0.761134,-1,-1,-1
135,9389,90.494316,234.85732,256.50995,199.30931,0.6085063,-1,-1,-1
135,9392,694.8894,73.73099,39.47101,21.124908,0.6700433,-1,-1,-1
135,9404,121.51821,51.336216,15.402885,18.643269,0.31373137,-1,-1,-1
135,9379,887.16675,135.81961,80.70758,41.662186,0.46811387,-1,-1,-1
136,9277,642.432,68.60972,17.47754,11.594704,0.78322315,-1,-1,-1
136,9268,618.1766,56.542717,13.494873,12.193504,0.6442946,-1,-1,-1
136,9369,198.35262,256.41138,157.5579,136.7019,0.7992331,-1,-1,-1
136,9356,533.01764,205.13872,86.01965,86.51439,0.8069599,-1,-1,-1
136,9389,99.34724,244.16165,253.78366,161.94934,0.41586435,-1,-1,-1
136,9392,694.7488,73.80692,40.40631,21.015831,0.709803,-1,-1,-1
136,9404,121.40297,51.405327,15.403152,18.498764,0.46569714,-1,-1,-1
136,9379,885.2152,135.11682,77.70294,40.850708,0.5898488,-1,-1,-1
137,9277,642.27295,68.48792,17.208374,11.533577,0.77042854,-1,-1,-1
137,9268,618.02563,56.608986,13.448059,12.069443,0.64686316,-1,-1,-1
137,9369,170.70934,261.01746,183.26927,148.10797,0.3594165,-1,-1,-1
137,9356,531.0954,205.35408,87.40704,93.052475,0.807288,-1,-1,-1
137,9389,98.47121,251.49065,250.03896,156.07542,0.5327518,-1,-1,-1
137,9392,693.7424,73.75971,45.077515,21.156334,0.63926005,-1,-1,-1
137,9404,121.10731,51.555397,15.362343,18.336334,0.4297477,-1,-1,-1
137,9379,882.3446,133.861,76.09198,40.391296,0.64807713,-1,-1,-1
138,9277,642.04346,68.31962,17.12799,11.51931,0.7665958,-1,-1,-1
138,9268,617.99335,56.557495,13.429077,12.044266,0.6666918,-1,-1,-1
138,9369,159.11543,262.95087,182.60567,161.3825,0.5439151,-1,-1,-1
138,9356,528.4592,210.46051,90.05072,94.42297,0.80021214,-1,-1,-1
138,9389,85.457146,251.4176,251.8034,165.15216,0.64600545,-1,-1,-1
138,9392,693.1948,73.81828,52.284363,21.09404,0.39640948,-1,-1,-1
138,9404,120.90293,51.48248,15.329002,18.385609,0.47406316,-1,-1,-1
138,9379,881.09106,132.82387,74.37598,40.7903,0.79315794,-1,-1,-1
138,9397,722.51025,92.3367,33.349304,18.859482,0.36009738,-1,-1,-1
139,9277,641.88293,68.22127,17.130249,11.553154,0.77892643,-1,-1,-1
139,9268,617.7465,56.54823,13.25,12.00967,0.7060749,-1,-1,-1
139,9369,141.67758,271.96155,184.05856,165.4654,0.6662383,-1,-1,-1
139,9356,527.07996,210.85637,90.47992,100.50749,0.75774395,-1,-1,-1
139,9389,111.42345,269.34576,223.91084,165.01346,0.48713732,-1,-1,-1
139,9392,691.8579,73.58482,52.85089,21.21968,0.37038973,-1,-1,-1
139,9404,120.7717,51.553055,15.0898285,18.179916,0.37098193,-1,-1,-1
139,9379,878.51917,131.39474,73.04089,40.278763,0.7535145,-1,-1,-1
140,9277,641.61096,68.189926,17.185486,11.5013275,0.7768525,-1,-1,-1
140,9268,617.55176,56.292732,13.093567,12.046509,0.7059458,-1,-1,-1
140,9369,122.699524,283.862,185.33197,172.21417,0.46165147,-1,-1,-1
140,9356,525.0295,210.34943,92.31122,108.31549,0.67882365,-1,-1,-1
140,9389,104.058975,284.51886,221.19838,166.68802,0.36892965,-1,-1,-1
140,9392,689.7023,73.16229,56.84082,21.488922,0.5845153,-1,-1,-1
140,9404,120.73402,51.460445,14.985039,18.059986,0.3215454,-1,-1,-1
140,9379,875.59235,130.14536,72.429565,40.057953,0.5819965,-1,-1,-1
141,9277,641.31757,68.27697,17.21521,11.405479,0.7478203,-1,-1,-1
141,9268,617.4596,56.07734,12.919373,12.05088,0.70040315,-1,-1,-1
141,9369,90.63764,296.37195,213.61026,180.77267,0.40933096,-1,-1,-1
141,9356,524.4996,225.75142,92.1698,99.49306,0.7247864,-1,-1,-1
141,9389,119.89892,298.71643,195.64655,160.8381,0.6371194,-1,-1,-1
141,9392,691.2811,73.051414,54.42737,21.377014,0.63002855,-1,-1,-1
142,9277,640.95416,68.28875,17.358154,11.304359,0.7399509,-1,-1,-1
142,9268,617.2753,56.0249,13.004517,12.013569,0.71104115,-1,-1,-1
142,9369,60.397823,307.46692,232.97809,197.0394,0.5776308,-1,-1,-1
142,9356,520.6709,232.15982,95.7486,101.82175,0.61856806,-1,-1,-1
142,9389,115.87235,309.41632,183.31503,152.94806,0.4473155,-1,-1,-1
142,9392,691.35394,72.95541,53.888916,21.278366,0.5171051,-1,-1,-1
143,9277,640.67615,68.12083,17.347717,11.283051,0.7220817,-1,-1,-1
143,9268,617.20215,55.95009,12.928345,11.970139,0.7252752,-1,-1,-1
143,9369,34.725887,314.4367,244.01395,216.0285,0.72361016,-1,-1,-1
143,9356,518.7679,237.67068,96.78821,105.18707,0.58741903,-1,-1,-1
143,9389,101.33219,261.6139,221.05453,219.04239,0.78747076,-1,-1,-1
143,9392,690.49506,72.89423,54.622192,21.216385,0.4139354,-1,-1,-1
143,9419,27.986689,254.6632,302.33685,273.45135,0.55100685,-1,-1,-1
143,9396,665.35474,88.14948,24.964172,14.510948,0.47676226,-1,-1,-1
143,9390,49.59027,213.80836,332.96225,283.8545,0.699153,-1,-1,-1
143,9379,865.2809,126.63472,70.78815,39.79666,0.4835641,-1,-1,-1
144,9277,640.4992,67.893196,17.27832,11.272736,0.7175294,-1,-1,-1
144,9268,617.07184,55.876915,12.886963,11.8832855,0.71597123,-1,-1,-1
144,9369,7.337538,302.6645,276.56213,237.33551,0.7725023,-1,-1,-1
144,9356,514.9498,242.96083,98.78357,107.61836,0.62008166,-1,-1,-1
144,9389,88.94238,241.26118,241.54224,242.37193,0.72204417,-1,-1,-1
144,9392,690.3502,73.01651,54.473083,21.065788,0.48688072,-1,-1,-1
144,9419,18.53086,249.10556,317.93732,278.3514,0.5630523,-1,-1,-1
144,9422,89.59377,194.03348,334.65472,286.107,0.48892725,-1,-1,-1
144,9396,665.0091,88.133766,25.095764,14.479721,0.6195466,-1,-1,-1
144,9390,46.61529,215.2032,336.23163,282.47174,0.83727074,-1,-1,-1
144,9379,860.89764,125.6766,70.88196,39.48591,0.5895535,-1,-1,-1
144,9397,715.19617,90.43043,30.737915,16.673653,0.28229317,-1,-1,-1
145,9277,640.0294,67.78897,17.25354,11.126228,0.7004992,-1,-1,-1
145,9268,617.0682,55.815296,12.638489,11.743923,0.68568027,-1,-1,-1
145,9369,0.0,332.8968,246.12192,207.10321,0.60921836,-1,-1,-1
145,9356,513.4558,249.30818,99.38556,109.70308,0.81918347,-1,-1,-1
145,9389,80.65383,229.36073,254.79169,244.39879,0.5317228,-1,-1,-1
145,9392,689.4526,73.02013,54.198425,20.658989,0.4900757,-1,-1,-1
145,9419,13.151169,242.56161,328.19995,284.5748,0.6715254,-1,-1,-1
145,9422,87.008606,188.91074,333.912,292.15012,0.4306664,-1,-1,-1
145,9396,664.1846,88.23599,25.549255,14.316277,0.68901366,-1,-1,-1
145,9390,49.54414,215.29973,328.49948,284.99097,0.91380894,-1,-1,-1
145,9379,859.3904,124.58178,68.79462,39.22428,0.6963553,-1,-1,-1
145,9426,1.5914414,384.00815,153.50203,154.17703,0.6438386,-1,-1,-1
145,9397,713.805,90.40069,30.447937,16.413795,0.4819839,-1,-1,-1
146,9277,639.66016,67.703865,17.047241,11.357506,0.67908394,-1,-1,-1
146,9268,616.7271,55.960728,12.6362915,11.930279,0.5731965,-1,-1,-1
146,9369,0.0,315.6434,237.23602,224.3566,0.43424457,-1,-1,-1
146,9356,509.80963,255.35027,102.969055,114.58089,0.71029896,-1,-1,-1
146,9389,79.14143,224.99295,255.01952,244.02869,0.32021254,-1,-1,-1
146,9392,688.693,73.09261,54.017212,20.711632,0.44978997,-1,-1,-1
146,9419,22.423363,238.05673,332.69592,287.15317,0.5972103,-1,-1,-1
146,9422,88.95669,176.42308,330.1886,286.94196,0.36817926,-1,-1,-1
146,9396,663.2821,88.14547,25.542542,14.342934,0.6074091,-1,-1,-1
146,9390,49.585655,203.6221,327.431,288.57306,0.90887195,-1,-1,-1
146,9379,855.69696,124.049934,67.86066,39.09739,0.42595285,-1,-1,-1
146,9426,0.47220483,369.98676,209.87677,163.21399,0.5692305,-1,-1,-1
146,9397,712.34106,90.66646,30.43872,16.17273,0.5030872,-1,-1,-1
146,9401,671.43494,105.54262,34.331177,15.916779,0.4373079,-1,-1,-1
147,9277,639.5052,67.92177,16.581543,11.393349,0.6411769,-1,-1,-1
147,9268,616.4582,56.526886,12.774414,12.078186,0.39078435,-1,-1,-1
147,9369,0.0,318.78094,251.15869,218.11212,0.8488408,-1,-1,-1
147,9356,508.5292,258.8966,102.95273,123.6496,0.7938041,-1,-1,-1
147,9389,78.693375,224.32356,254.51738,242.71523,0.25647148,-1,-1,-1
147,9392,688.26984,73.27999,52.656555,20.660164,0.42890605,-1,-1,-1
147,9419,10.640086,241.94604,326.7157,286.77716,0.5304959,-1,-1,-1
147,9422,90.647415,183.42848,330.41162,290.6126,0.47567075,-1,-1,-1
147,9396,662.59625,88.216896,25.4328,14.272247,0.45214656,-1,-1,-1
147,9390,42.51214,203.82072,340.0564,298.2152,0.8690197,-1,-1,-1
147,9426,0.4532327,360.54977,219.78125,177.11124,0.7593423,-1,-1,-1
147,9401,671.259,105.784805,32.85089,14.784874,0.3605839,-1,-1,-1
148,9277,639.22125,67.42833,16.322632,11.722191,0.6066218,-1,-1,-1
148,9268,616.25055,56.52109,12.845154,12.111042,0.43094775,-1,-1,-1
148,9369,6.3129034,317.4064,247.92657,220.45938,0.43010086,-1,-1,-1
148,9356,502.05612,273.90082,110.87607,121.21881,0.5472184,-1,-1,-1
148,9389,85.15887,223.33374,260.68475,240.86087,0.39811733,-1,-1,-1
148,9392,687.9366,73.01075,49.7276,20.399162,0.3694473,-1,-1,-1
148,9419,2.125676,239.99638,330.66165,292.93665,0.29980683,-1,-1,-1
148,9422,94.98479,187.90071,327.03857,286.93347,0.3405776,-1,-1,-1
148,9396,662.1758,87.9196,25.289917,14.181259,0.45789924,-1,-1,-1
148,9390,42.343884,203.63573,343.5831,300.38123,0.8336973,-1,-1,-1
148,9426,0.0,345.03607,221.64989,190.37958,0.89017576,-1,-1,-1
148,9379,851.78723,122.57811,64.93732,39.621613,0.42902046,-1,-1,-1
149,9277,638.75073,67.05733,16.234802,11.827431,0.5738538,-1,-1,-1
149,9268,616.05457,56.51639,13.012878,12.087635,0.43311608,-1,-1,-1
149,9389,86.312065,225.43863,262.96902,229.26776,0.39746007,-1,-1,-1
149,9392,687.5472,73.00195,40.55487,19.511223,0.32374913,-1,-1,-1
149,9419,14.204312,258.14935,336.82672,279.94885,0.43274322,-1,-1,-1
149,9396,661.72015,87.68829,24.986572,14.184212,0.38290104,-1,-1,-1
149,9390,47.52467,202.45802,341.0363,302.4237,0.666735,-1,-1,-1
149,9426,0.0,343.1974,223.92549,193.22192,0.83130735,-1,-1,-1
150,9277,638.1868,67.35211,16.496033,11.576004,0.57757795,-1,-1,-1
150,9268,615.8374,56.623737,12.947754,11.9743,0.43034384,-1,-1,-1
150,9389,87.62577,228.5668,261.99887,216.28568,0.37444544,-1,-1,-1
150,9392,686.4207,73.05657,36.26294,19.119804,0.33627912,-1,-1,-1
150,9396,661.16705,87.50936,24.493286,14.161972,0.37035948,-1,-1,-1
151,9277,637.67285,67.2097,16.320496,11.456284,0.547971,-1,-1,-1
151,9268,615.7327,56.688393,12.475464,11.824562,0.48677346,-1,-1,-1
151,9389,80.34075,230.09926,255.36719,209.04427,0.36661676,-1,-1,-1
151,9392,685.57794,72.882965,34.488037,19.18525,0.27017453,-1,-1,-1
151,9396,660.8283,86.676506,24.033508,14.454559,0.276226,-1,-1,-1
151,9433,0.0,458.3674,139.78842,81.58804,0.43659365,-1,-1,-1
152,9277,637.24756,67.23467,16.290894,11.259972,0.4819993,-1,-1,-1
152,9268,615.7511,56.66497,12.368347,11.805252,0.37813634,-1,-1,-1
152,9389,77.56203,230.0207,251.45168,206.8058,0.2514126,-1,-1,-1
152,9435,878.5935,235.5543,144.56738,115.785904,0.44446602,-1,-1,-1
153,9277,636.93726,67.24892,16.398315,11.212547,0.4814,-1,-1,-1
153,9268,615.6633,56.714767,12.465637,11.752609,0.3353366,-1,-1,-1
154,9277,636.6344,67.20225,16.479614,11.27327,0.47266325,-1,-1,-1
154,9268,615.41064,56.85198,12.385437,11.468914,0.4030936,-1,-1,-1
154,9356,474.81613,353.32205,135.05295,133.58252,0.6083548,-1,-1,-1
155,9277,636.3896,67.1828,16.35083,11.251045,0.46277952,-1,-1,-1
155,9268,615.1304,56.87615,12.845764,11.47266,0.5307,-1,-1,-1
155,9356,468.4321,368.81647,142.69278,138.80743,0.6804566,-1,-1,-1
155,9392,682.9746,72.60239,34.81549,18.213188,0.29034695,-1,-1,-1
156,9277,636.3801,67.06766,16.134216,11.339386,0.44113997,-1,-1,-1
156,9268,614.9253,56.98221,12.897461,11.272133,0.50670356,-1,-1,-1
156,9356,457.8292,388.57764,155.24545,140.0285,0.7650065,-1,-1,-1
156,9392,682.4885,72.606636,33.676025,17.829247,0.31710112,-1,-1,-1
156,9435,851.7363,223.9426,154.76508,82.88281,0.55121773,-1,-1,-1
157,9277,636.30695,66.7807,15.981567,11.6310425,0.3193104,-1,-1,-1
157,9268,614.90967,56.83181,13.142273,11.449722,0.49497357,-1,-1,-1
157,9356,449.9445,405.02194,168.62357,133.1542,0.31237945,-1,-1,-1
157,9435,844.1851,220.1726,149.98914,80.96924,0.49463266,-1,-1,-1
158,9277,636.0468,66.577675,16.083252,11.785507,0.30632153,-1,-1,-1
158,9268,614.6609,56.40147,13.057129,11.692738,0.4514845,-1,-1,-1
158,9435,841.24023,215.63153,148.47034,88.09607,0.43041503,-1,-1,-1
158,9444,823.8928,157.35168,95.53369,46.556793,0.5548634,-1,-1,-1
159,9277,635.8244,66.72252,16.163818,11.663452,0.29587016,-1,-1,-1
159,9268,614.4581,56.203953,13.12207,11.833576,0.45483607,-1,-1,-1
159,9435,831.2284,212.7044,147.69897,88.1756,0.28354827,-1,-1,-1
159,9444,820.4175,156.40785,97.92816,47.40126,0.56335825,-1,-1,-1
159,9392,682.00696,72.38991,30.29889,16.986008,0.2639307,-1,-1,-1
160,9277,635.3486,66.84346,16.328613,11.503868,0.38150916,-1,-1,-1
160,9268,614.1676,56.074562,13.026001,11.847893,0.4017692,-1,-1,-1
160,9435,829.5703,210.72333,143.95056,82.51987,0.3077644,-1,-1,-1
160,9444,816.8919,156.08388,91.41821,45.213043,0.62575597,-1,-1,-1
160,9392,681.87396,72.25104,30.042175,16.842804,0.31115413,-1,-1,-1
160,9379,826.4071,113.74711,50.17639,35.864784,0.43239748,-1,-1,-1
160,9356,445.1743,434.95303,158.14896,105.04697,0.44606322,-1,-1,-1
161,9277,635.0885,66.89216,16.131226,11.403786,0.35772738,-1,-1,-1
161,9268,613.9212,56.163506,12.846985,11.744598,0.32929778,-1,-1,-1
161,9444,814.0797,154.97232,93.82538,46.4666,0.65716594,-1,-1,-1
161,9392,681.9669,71.97445,30.736633,16.890388,0.31635976,-1,-1,-1
161,9396,655.9781,83.790474,23.04956,14.276123,0.4073204,-1,-1,-1
162,9277,634.6837,66.77678,16.186829,11.423683,0.40475324,-1,-1,-1
162,9444,811.5667,153.12778,92.93927,47.515823,0.54194486,-1,-1,-1
162,9392,681.18634,71.81504,31.350647,17.050285,0.32764897,-1,-1,-1
162,9396,655.4265,83.47443,22.869263,14.293907,0.5010817,-1,-1,-1
162,9379,823.1482,111.982925,47.308716,36.171814,0.34417772,-1,-1,-1
163,9277,634.49335,66.53421,16.010864,11.519318,0.41024187,-1,-1,-1
163,9444,808.17786,151.41022,93.45953,46.992386,0.6879315,-1,-1,-1
163,9392,681.2578,71.987015,32.031494,16.881355,0.37218758,-1,-1,-1
163,9396,655.21716,83.131905,22.572388,14.322258,0.5036854,-1,-1,-1
163,9379,821.9826,112.14375,46.01123,34.996643,0.48550907,-1,-1,-1
164,9277,634.2145,66.2629,16.003235,11.590759,0.4463149,-1,-1,-1
164,9444,804.76324,151.09239,91.49481,44.210068,0.6743412,-1,-1,-1
164,9396,654.9499,82.67084,22.399658,14.569931,0.52282333,-1,-1,-1
164,9379,820.132,111.94256,45.25464,34.039757,0.40959468,-1,-1,-1
164,9448,995.9056,244.20592,27.828308,56.31337,0.5464316,-1,-1,-1
164,9268,613.61115,56.078835,12.216919,11.48452,0.2994596,-1,-1,-1
165,9277,633.8989,66.18612,16.154663,11.582916,0.37571922,-1,-1,-1
165,9444,802.57666,150.51828,88.45929,42.36696,0.6928166,-1,-1,-1
165,9396,654.8673,82.29844,22.461182,14.824738,0.30457225,-1,-1,-1
165,9448,989.9761,239.56964,33.452576,60.776978,0.6331285,-1,-1,-1
166,9277,633.60956,66.27278,16.150024,11.467598,0.32133168,-1,-1,-1
166,9444,799.68524,150.20459,87.42108,41.96512,0.4428395,-1,-1,-1
166,9396,654.7779,82.49582,22.45465,14.709076,0.36168393,-1,-1,-1
166,9448,982.53625,236.03273,40.95398,62.08925,0.62128377,-1,-1,-1
167,9444,796.33856,149.60834,86.69757,39.919098,0.6131022,-1,-1,-1
167,9396,654.3469,82.14998,22.48767,14.763161,0.41944122,-1,-1,-1
167,9448,974.56335,228.27805,49.071716,65.40262,0.5247907,-1,-1,-1
168,9444,793.3337,147.45865,86.733154,42.22737,0.73345894,-1,-1,-1
168,9396,653.9884,81.79279,22.438354,14.451088,0.47478932,-1,-1,-1
168,9448,966.6695,221.9741,56.829407,71.43263,0.61903214,-1,-1,-1
169,9444,791.27094,146.09796,83.30347,41.8656,0.72133124,-1,-1,-1
169,9396,653.5667,81.545746,22.288818,14.438446,0.44378567,-1,-1,-1
169,9448,961.23413,217.37152,62.43866,75.940674,0.69633013,-1,-1,-1
169,9450,505.55447,367.80743,46.217743,71.03375,0.32124618,-1,-1,-1
170,9444,788.6666,145.5641,82.317444,41.29303,0.6800446,-1,-1,-1
170,9396,652.9957,81.569885,21.946777,14.205299,0.48409548,-1,-1,-1
170,9448,954.90924,213.96005,68.87366,76.290985,0.6774119,-1,-1,-1
171,9444,785.29895,144.81642,82.38373,40.677307,0.40876022,-1,-1,-1
171,9396,652.62885,81.553894,21.551453,14.203239,0.3567136,-1,-1,-1
171,9448,949.4609,213.49088,74.43201,77.781555,0.6640127,-1,-1,-1
172,9444,782.21063,144.37888,83.045166,40.03586,0.32152262,-1,-1,-1
172,9396,652.0391,81.59433,21.491272,14.161079,0.46940625,-1,-1,-1
172,9448,942.56024,211.94806,81.35919,76.21951,0.7014569,-1,-1,-1
173,9444,780.60895,143.65182,81.14618,40.506165,0.3121605,-1,-1,-1
173,9396,651.68506,81.5688,21.451782,14.125961,0.35339618,-1,-1,-1
173,9448,937.04456,209.77861,86.92175,76.75261,0.57525223,-1,-1,-1
174,9444,780.9056,142.83817,74.66412,40.683563,0.2804849,-1,-1,-1
174,9448,931.475,206.53278,92.21655,73.37567,0.4864511,-1,-1,-1
174,9458,933.71985,204.66351,87.12683,38.02243,0.49255154,-1,-1,-1
174,9459,119.78824,56.016018,15.370743,16.094738,0.40913492,-1,-1,-1
175,9448,926.67865,202.19078,97.15161,69.63933,0.64433855,-1,-1,-1
175,9459,119.83694,56.035946,15.353096,16.169048,0.5553132,-1,-1,-1
176,9448,921.3442,198.64362,102.25079,70.963776,0.6866518,-1,-1,-1
176,9459,120.033325,56.46602,15.416275,15.957764,0.45481363,-1,-1,-1
176,9444,776.5079,140.67847,71.20355,34.35617,0.30666554,-1,-1,-1
177,9448,916.9448,195.0637,105.48071,71.02641,0.46101537,-1,-1,-1
177,9459,120.07036,56.357857,15.455246,16.09214,0.48088267,-1,-1,-1
177,9444,772.29474,139.93831,72.068665,32.81128,0.35916588,-1,-1,-1
178,9448,910.97186,193.06995,110.804565,68.88617,0.58989936,-1,-1,-1
178,9444,769.42883,138.75957,72.87384,35.551605,0.42537943,-1,-1,-1
179,9448,904.94763,188.83836,118.15216,69.99519,0.48880196,-1,-1,-1
179,9444,770.94574,138.13983,69.40576,37.15576,0.38764843,-1,-1,-1
179,9463,774.1874,175.99535,98.11102,57.962875,0.51049566,-1,-1,-1
179,9396,649.20844,79.53456,20.3125,15.041069,0.32886338,-1,-1,-1
180,9448,901.26965,185.09236,122.42932,75.347946,0.317636,-1,-1,-1
180,9444,765.6066,136.63521,71.704285,38.426743,0.30900702,-1,-1,-1
180,9463,770.8214,174.63443,98.60632,58.33281,0.6436511,-1,-1,-1
180,9396,648.5487,79.489784,20.015259,14.576515,0.27030686,-1,-1,-1
181,9448,895.4761,182.32707,128.44983,78.33809,0.45831743,-1,-1,-1
181,9444,768.3972,135.81622,65.85718,38.687576,0.4777741,-1,-1,-1
181,9463,768.69,173.33257,96.91382,57.92166,0.7191857,-1,-1,-1
182,9448,889.6018,177.6652,134.29303,83.091324,0.47565675,-1,-1,-1
182,9444,762.654,134.58139,69.26288,38.6938,0.5149718,-1,-1,-1
182,9463,765.7815,171.83447,94.92584,55.710342,0.6698012,-1,-1,-1
182,9450,501.73685,369.35416,43.681732,68.77936,0.29067904,-1,-1,-1
182,9396,647.9413,79.55303,19.918701,14.441605,0.27949804,-1,-1,-1
183,9448,885.4814,177.73189,134.10718,77.30548,0.49200255,-1,-1,-1
183,9444,761.36975,134.21254,66.24664,34.675415,0.580169,-1,-1,-1
183,9463,764.0382,169.38908,93.002625,56.07643,0.77212113,-1,-1,-1
183,9450,501.26532,369.26416,44.039124,68.92569,0.3019718,-1,-1,-1
183,9396,647.79193,79.35591,19.690735,14.8545,0.44501957,-1,-1,-1
184,9448,881.01044,173.60982,134.49274,81.51877,0.6897731,-1,-1,-1
184,9444,764.4024,133.52332,59.90863,34.510925,0.63130534,-1,-1,-1
184,9463,762.32776,168.11346,92.23248,54.40712,0.6379787,-1,-1,-1
184,9450,500.7306,369.3963,44.396057,68.809265,0.29204378,-1,-1,-1
184,9396,647.52545,78.955925,19.750244,15.142181,0.29403293,-1,-1,-1
185,9448,876.13525,173.27888,132.31018,78.347626,0.7041057,-1,-1,-1
185,9444,758.48114,132.84969,62.815918,33.311554,0.6499489,-1,-1,-1
185,9463,759.966,166.9464,91.33832,53.822525,0.70665795,-1,-1,-1
186,9448,871.9368,172.63472,130.02533,76.6871,0.62326443,-1,-1,-1
186,9444,756.388,132.19064,61.136353,33.020615,0.61367434,-1,-1,-1
186,9463,757.3906,165.59529,90.30078,54.414215,0.7318796,-1,-1,-1
186,9396,646.86053,78.67184,19.780457,14.796425,0.31950796,-1,-1,-1
187,9448,867.7703,170.8076,126.78851,75.881165,0.7511816,-1,-1,-1
187,9444,754.66113,131.34834,60.328857,33.981186,0.68367404,-1,-1,-1
187,9463,754.4279,163.9836,90.537476,54.189255,0.7868584,-1,-1,-1
187,9469,639.23364,90.200745,24.46582,17.865189,0.64962745,-1,-1,-1
187,9396,646.33734,78.4182,19.397766,14.125755,0.39264724,-1,-1,-1
188,9448,866.0305,169.84476,122.31763,74.52109,0.7074097,-1,-1,-1
188,9444,753.08234,130.9708,59.464966,33.503616,0.5818605,-1,-1,-1
188,9463,753.2979,162.6149,89.00549,52.87642,0.7915148,-1,-1,-1
188,9469,638.6781,90.49968,24.857666,17.34851,0.69903755,-1,-1,-1
188,9396,645.9828,78.32619,19.322632,13.725029,0.48139074,-1,-1,-1
189,9448,861.7711,169.7302,120.052795,72.17767,0.67973363,-1,-1,-1
189,9463,753.15015,160.80171,86.10547,52.837967,0.79064715,-1,-1,-1
189,9469,638.50244,90.747574,24.56604,16.872803,0.632702,-1,-1,-1
189,9396,645.67255,78.66603,19.382141,13.558838,0.38078097,-1,-1,-1
190,9448,861.0809,166.83751,115.51605,72.45146,0.68342364,-1,-1,-1
190,9463,753.0029,159.59248,81.643555,51.71974,0.7773091,-1,-1,-1
190,9469,638.3007,90.22944,23.625122,16.760582,0.6328053,-1,-1,-1
190,9396,645.3945,78.641624,19.12854,13.526451,0.31938916,-1,-1,-1
191,9448,857.3767,166.31741,113.29138,69.54622,0.7672813,-1,-1,-1
191,9463,752.41486,158.59462,79.74896,50.045853,0.55397993,-1,-1,-1
191,9469,637.763,89.439156,23.29596,16.776337,0.5793228,-1,-1,-1
191,9396,645.20325,78.30873,19.357483,13.641487,0.28815302,-1,-1,-1
192,9448,854.2004,164.44432,110.09619,67.55214,0.7720935,-1,-1,-1
192,9463,749.93005,158.1522,78.73517,49.31183,0.8107389,-1,-1,-1
192,9469,637.2636,88.690475,23.117737,16.602371,0.48786974,-1,-1,-1
193,9448,850.37024,163.66818,110.409546,65.86983,0.76835114,-1,-1,-1
193,9463,748.63513,157.16039,77.165344,47.89734,0.71930796,-1,-1,-1
193,9469,636.61676,88.13797,23.208252,16.534302,0.52257836,-1,-1,-1
194,9448,848.51575,162.04007,107.4621,65.20273,0.820252,-1,-1,-1
194,9463,746.9621,155.07927,76.03833,48.04567,0.71074754,-1,-1,-1
194,9469,636.2749,87.664116,22.961304,16.770195,0.6610708,-1,-1,-1
195,9448,844.3452,160.1555,106.5686,64.40845,0.7999501,-1,-1,-1
195,9463,745.4241,153.95045,73.71887,46.208282,0.73797077,-1,-1,-1
195,9469,635.94305,87.48922,22.894165,16.684113,0.67486876,-1,-1,-1
195,9477,588.3004,45.303143,15.020325,10.158863,0.36269414,-1,-1,-1
196,9448,841.6938,159.62364,104.87482,62.71022,0.77411115,-1,-1,-1
196,9463,744.45703,152.31178,71.809875,46.785583,0.7941903,-1,-1,-1
196,9469,635.57666,87.39219,22.803589,16.57685,0.66347206,-1,-1,-1
196,9477,588.36633,45.548992,14.848633,9.978683,0.34766838,-1,-1,-1
197,9448,838.5678,157.41428,101.7406,62.07393,0.79537797,-1,-1,-1
197,9463,743.5103,151.25453,70.25183,46.53914,0.7805291,-1,-1,-1
197,9469,635.0931,86.78661,22.545532,16.64846,0.5838727,-1,-1,-1
197,9477,588.48865,45.56134,14.886597,10.001801,0.32724068,-1,-1,-1
198,9448,835.5892,156.85901,100.74487,60.15677,0.76139194,-1,-1,-1
198,9463,741.5395,150.22224,69.39801,45.919388,0.7949072,-1,-1,-1
198,9469,634.2448,86.565384,22.23108,16.261322,0.59190136,-1,-1,-1
198,9477,588.438,45.536835,14.844116,9.942352,0.3057202,-1,-1,-1
199,9448,832.62134,155.61847,100.460754,59.46437,0.79763657,-1,-1,-1
199,9463,740.1737,149.15712,69.05585,45.47296,0.7984161,-1,-1,-1
199,9469,633.57526,86.52845,22.210999,15.902306,0.70129126,-1,-1,-1
199,9477,589.6254,45.85309,14.833801,9.8517685,0.33398736,-1,-1,-1
200,9448,830.2035,154.04515,98.980896,58.494385,0.8229737,-1,-1,-1
200,9463,738.35986,148.11284,68.786194,44.452927,0.8062475,-1,-1,-1
200,9469,632.7141,86.16907,22.567383,15.803001,0.74125594,-1,-1,-1
200,9477,589.1766,45.69545,14.816223,9.91198,0.41794273,-1,-1,-1
201,9448,827.44006,151.63431,96.935974,59.842865,0.80376774,-1,-1,-1
201,9463,737.01636,147.63898,68.551636,43.247772,0.84011495,-1,-1,-1
201,9469,632.17804,85.86744,22.45514,15.615288,0.74804753,-1,-1,-1
201,9477,589.0537,45.480534,14.666931,9.886196,0.39344752,-1,-1,-1
202,9448,824.72095,151.72403,95.785034,57.44246,0.79996234,-1,-1,-1
202,9463,735.164,146.81996,68.18201,43.003616,0.8157174,-1,-1,-1
202,9469,631.46515,85.78863,22.612427,15.240982,0.7805034,-1,-1,-1
202,9477,588.9331,45.51318,14.706116,9.817814,0.44437116,-1,-1,-1
203,9448,822.66614,150.66399,94.19086,56.63411,0.81082875,-1,-1,-1
203,9463,734.0092,145.08328,67.167786,43.734833,0.7973072,-1,-1,-1
203,9469,631.00354,85.77492,22.272339,14.958244,0.79486156,-1,-1,-1
203,9477,589.1531,45.476665,14.703491,9.860767,0.41593128,-1,-1,-1
204,9448,820.7164,148.66135,92.27722,56.05133,0.83121955,-1,-1,-1
204,9463,732.126,144.53644,66.104614,43.146744,0.77014047,-1,-1,-1
204,9469,630.8449,85.66157,22.052673,14.765877,0.76609,-1,-1,-1
204,9477,589.2141,45.54842,14.829712,9.919476,0.44540066,-1,-1,-1
205,9448,818.5887,147.61722,91.137085,54.39633,0.8277353,-1,-1,-1
205,9463,730.71356,144.44781,64.960815,40.795273,0.8031494,-1,-1,-1
205,9469,630.5276,85.297165,22.133972,14.823265,0.71604836,-1,-1,-1
205,9477,589.6551,45.822414,15.02356,9.88929,0.44189432,-1,-1,-1
206,9448,816.7747,146.21742,89.80286,53.658722,0.82228196,-1,-1,-1
206,9463,730.4197,142.9566,62.338196,41.15616,0.7501642,-1,-1,-1
206,9469,630.3759,85.00818,22.122742,14.879669,0.71727806,-1,-1,-1
206,9477,589.8048,45.973343,15.120422,9.810745,0.43321326,-1,-1,-1
207,9448,814.91113,144.97676,87.48425,53.278687,0.8165827,-1,-1,-1
207,9463,728.49945,142.07738,62.02948,41.026535,0.7692099,-1,-1,-1
207,9469,630.3334,84.84404,22.048462,14.932884,0.7307723,-1,-1,-1
207,9477,589.82074,45.967457,15.185425,9.862911,0.44302732,-1,-1,-1
208,9448,812.74976,144.74461,86.54584,51.647446,0.8214718,-1,-1,-1
208,9463,727.38885,140.82631,61.941895,39.35927,0.7720953,-1,-1,-1
208,9469,630.14355,84.66803,21.570679,14.828087,0.68735015,-1,-1,-1
208,9477,589.7596,45.89682,15.546265,9.976303,0.38486314,-1,-1,-1
209,9448,811.1583,144.33151,85.64545,50.555893,0.8419089,-1,-1,-1
209,9463,727.9781,139.74446,59.404297,39.056396,0.8096538,-1,-1,-1
209,9469,629.9782,84.58455,21.427368,14.645615,0.6478215,-1,-1,-1
209,9477,589.86304,45.774162,15.584534,10.121597,0.30330825,-1,-1,-1
210,9448,809.0969,143.61865,84.84357,50.03006,0.84821224,-1,-1,-1
210,9463,725.12836,139.02527,60.192627,38.59076,0.7853822,-1,-1,-1
210,9469,629.75854,84.609406,21.414612,14.323799,0.58301044,-1,-1,-1
211,9448,807.4413,141.71115,82.77911,50.65027,0.8251715,-1,-1,-1
211,9463,724.4119,138.8055,58.66455,37.797256,0.76734984,-1,-1,-1
211,9469,629.5637,84.153366,21.043335,14.422867,0.5741173,-1,-1,-1
212,9448,805.3689,140.74394,81.32025,49.142,0.8205909,-1,-1,-1
212,9463,723.5023,137.67624,58.023193,37.87616,0.7238584,-1,-1,-1
212,9469,629.2672,83.25087,20.594482,15.106636,0.7005468,-1,-1,-1
213,9448,803.5628,140.01482,80.13226,48.16121,0.8207282,-1,-1,-1
213,9463,722.50183,135.67116,57.362366,39.304733,0.62925327,-1,-1,-1
213,9469,629.2012,82.78313,20.127625,15.210762,0.69515294,-1,-1,-1
214,9448,801.45886,138.89107,79.67633,48.048187,0.8341078,-1,-1,-1
214,9463,720.8381,134.59898,58.26532,37.872604,0.32047084,-1,-1,-1
214,9469,628.9146,82.35509,19.722107,15.258095,0.6876607,-1,-1,-1
215,9448,800.04205,137.15283,77.706665,49.357513,0.82504994,-1,-1,-1
215,9463,719.3892,133.80345,58.32617,37.788773,0.71590483,-1,-1,-1
215,9469,628.2583,82.16903,19.698364,15.126244,0.6871841,-1,-1,-1
216,9448,798.75543,136.0199,75.65393,49.325943,0.83105093,-1,-1,-1
216,9463,719.19995,133.3964,56.145752,37.610275,0.7646085,-1,-1,-1
216,9469,627.7822,82.00367,19.41687,15.124519,0.70348024,-1,-1,-1
217,9448,796.7864,134.89058,75.67468,48.950836,0.86219287,-1,-1,-1
217,9463,717.25757,132.89125,57.092102,37.219193,0.78666717,-1,-1,-1
217,9469,627.2597,81.7231,19.469116,15.044586,0.6952312,-1,-1,-1
218,9448,795.2048,134.63818,75.11371,47.726303,0.84640473,-1,-1,-1
218,9463,716.5649,132.48428,56.303833,36.24669,0.78825545,-1,-1,-1
218,9469,626.95404,81.518036,19.667969,15.0179825,0.5209498,-1,-1,-1
219,9448,794.15643,134.67921,73.157776,46.351196,0.8247314,-1,-1,-1
219,9463,715.1227,131.83543,56.055664,36.193176,0.7542409,-1,-1,-1
219,9469,626.6704,81.20443,19.728394,15.083061,0.46126014,-1,-1,-1
220,9448,792.149,134.17917,73.61035,45.889786,0.8301479,-1,-1,-1
220,9463,714.8084,130.78961,54.506165,35.833984,0.78593224,-1,-1,-1
220,9469,626.21674,80.68034,20.146484,15.320343,0.4136793,-1,-1,-1
221,9448,790.4234,132.86768,72.4989,45.423615,0.8269929,-1,-1,-1
221,9463,715.3081,130.04825,53.381714,34.05217,0.7371648,-1,-1,-1
221,9469,625.894,80.61112,20.256287,15.101311,0.48534432,-1,-1,-1
222,9448,788.7966,133.87474,70.2724,43.26065,0.8104824,-1,-1,-1
222,9463,715.0798,129.07455,53.027832,33.044525,0.68442476,-1,-1,-1
222,9469,625.65375,80.81482,20.210754,14.704994,0.4197852,-1,-1,-1
223,9448,787.16034,131.67314,70.39203,43.354233,0.855166,-1,-1,-1
223,9463,713.3416,128.24907,52.74884,33.90718,0.6946175,-1,-1,-1
223,9469,625.631,80.67589,20.088074,14.518478,0.43344623,-1,-1,-1
224,9448,785.38007,130.40521,70.424805,43.723236,0.84368616,-1,-1,-1
224,9463,711.64343,126.760284,52.37622,34.443344,0.6127587,-1,-1,-1
224,9469,625.5481,80.292816,20.200928,14.438599,0.42356208,-1,-1,-1
225,9448,783.58606,129.98575,70.23364,43.14676,0.8316097,-1,-1,-1
225,9469,625.3784,79.89872,19.943665,14.35376,0.4620219,-1,-1,-1
226,9448,782.2237,129.99678,68.63104,41.820312,0.8215718,-1,-1,-1
226,9469,625.11127,79.60719,19.576355,14.26403,0.5450797,-1,-1,-1
226,9463,710.9012,125.92698,51.04431,31.937248,0.27787697,-1,-1,-1
227,9448,780.7199,128.91408,67.75928,41.884613,0.8138821,-1,-1,-1
227,9469,624.87177,79.477,19.700562,14.190933,0.37638637,-1,-1,-1
227,9463,708.58246,124.83394,51.540405,34.295288,0.2908229,-1,-1,-1
228,9448,779.0153,127.21992,67.408325,42.28489,0.8225667,-1,-1,-1
228,9469,624.4444,79.10817,19.897278,14.274765,0.5066557,-1,-1,-1
228,9463,708.61707,124.1924,50.947266,34.142334,0.4535488,-1,-1,-1
229,9448,777.5624,126.65078,65.95361,41.761803,0.78186655,-1,-1,-1
229,9469,624.142,79.00063,19.830322,14.147675,0.6613443,-1,-1,-1
229,9463,707.6803,123.13584,51.369812,35.141457,0.39850014,-1,-1,-1
230,9448,776.12555,126.519966,65.2514,40.497887,0.79535747,-1,-1,-1
230,9469,623.95044,78.64428,20.248474,14.135666,0.5859871,-1,-1,-1
230,9463,705.9311,122.06254,51.48761,35.90313,0.43235594,-1,-1,-1
231,9448,775.0847,126.052666,64.4563,39.997566,0.79814404,-1,-1,-1
231,9469,623.70844,78.31642,20.512695,14.15419,0.44896686,-1,-1,-1
232,9448,773.62024,125.81104,62.93994,39.222633,0.7594405,-1,-1,-1
232,9469,623.45605,77.899,20.486145,14.312004,0.40662804,-1,-1,-1
232,9483,982.7158,247.76295,41.05542,74.70738,0.6478778,-1,-1,-1
233,9448,772.75073,126.13466,60.617798,37.891556,0.7487226,-1,-1,-1
233,9469,623.2928,77.302574,20.215576,14.657051,0.45783436,-1,-1,-1
233,9483,974.78534,243.9665,49.029663,73.67464,0.7093755,-1,-1,-1
234,9448,771.40125,125.77493,59.80432,37.64247,0.77656305,-1,-1,-1
234,9469,622.9239,76.82453,20.276428,14.879288,0.49078092,-1,-1,-1
234,9483,968.7916,240.14348,54.9693,72.3228,0.6720522,-1,-1,-1
235,9448,769.5852,125.95718,60.181824,36.05619,0.80758184,-1,-1,-1
235,9469,622.4991,76.653496,20.30249,14.755241,0.43141058,-1,-1,-1
235,9483,960.83984,235.88281,62.789673,74.500244,0.6368808,-1,-1,-1
236,9448,767.9539,125.43956,59.644043,35.560883,0.7946198,-1,-1,-1
236,9469,622.1891,76.373055,19.876282,14.582481,0.52804136,-1,-1,-1
236,9483,952.5675,232.19014,70.75714,66.52025,0.64883083,-1,-1,-1
237,9448,767.26776,123.13696,58.167664,37.19229,0.7850183,-1,-1,-1
237,9469,621.98,76.14581,19.787415,14.396828,0.6318674,-1,-1,-1
237,9483,945.3556,227.82477,78.34656,68.18622,0.7441039,-1,-1,-1
237,9487,570.1637,48.50137,12.902405,10.711311,0.37639254,-1,-1,-1
238,9448,765.40497,122.531815,57.383606,36.88965,0.79343486,-1,-1,-1
238,9469,621.72424,76.73373,19.117432,13.865829,0.6453972,-1,-1,-1
238,9483,938.05414,223.69241,85.7865,67.32306,0.7844744,-1,-1,-1
238,9487,570.0331,48.520565,12.822937,10.648537,0.368066,-1,-1,-1
238,9489,621.1178,60.50054,14.989563,10.869507,0.34598714,-1,-1,-1
238,9490,587.60803,46.98452,16.35437,9.562664,0.33834097,-1,-1,-1
239,9448,764.23773,122.36165,56.296387,36.178787,0.74517274,-1,-1,-1
239,9469,621.6148,76.84926,18.931702,13.515579,0.5939322,-1,-1,-1
239,9483,931.1647,218.75409,92.75427,73.21036,0.78149617,-1,-1,-1
239,9487,570.2302,48.40903,12.626221,10.604435,0.3865956,-1,-1,-1
239,9489,621.05133,60.430824,15.259338,10.88694,0.29342404,-1,-1,-1
239,9490,587.6037,46.95046,15.657532,9.583202,0.34337753,-1,-1,-1
240,9448,763.09015,121.77071,55.724426,35.95214,0.7142634,-1,-1,-1
240,9469,621.2033,76.715065,18.745544,13.434341,0.6377456,-1,-1,-1
240,9483,923.82855,211.97987,100.11798,79.04079,0.7213393,-1,-1,-1
240,9487,570.1464,48.576523,12.525513,10.462791,0.3316738,-1,-1,-1
240,9489,620.9049,60.430054,15.348145,10.852348,0.25297195,-1,-1,-1
240,9490,587.453,47.011005,15.371704,9.459129,0.33547518,-1,-1,-1
241,9448,760.9546,120.6181,56.105957,35.898773,0.7843971,-1,-1,-1
241,9469,620.8574,76.49289,18.448792,13.387711,0.6942857,-1,-1,-1
241,9483,917.5272,208.17421,106.26941,77.14607,0.7656779,-1,-1,-1
241,9487,569.7385,48.633762,12.853149,10.677391,0.27504167,-1,-1,-1
241,9489,620.6975,60.478863,15.275696,10.820751,0.26810953,-1,-1,-1
241,9490,587.24176,47.044296,15.214783,9.509697,0.2764296,-1,-1,-1
242,9448,758.69946,120.30851,56.782166,34.91642,0.7517174,-1,-1,-1
242,9469,620.4898,76.196045,18.734558,13.470505,0.72292185,-1,-1,-1
242,9483,911.425,203.9238,112.45465,76.653656,0.76431113,-1,-1,-1
242,9487,569.8698,48.624416,13.156921,10.777969,0.29709896,-1,-1,-1
242,9490,587.1099,47.001045,14.899963,9.505104,0.2610396,-1,-1,-1
243,9448,757.2211,119.44475,56.69525,35.06871,0.7389172,-1,-1,-1
243,9469,620.174,75.86717,18.926025,13.622421,0.70345676,-1,-1,-1
243,9483,905.7074,200.85355,118.24609,76.24295,0.7504795,-1,-1,-1
243,9490,587.34766,47.083313,14.776123,9.453159,0.29710785,-1,-1,-1
244,9448,756.3262,117.65899,55.55011,35.925484,0.7050375,-1,-1,-1
244,9469,619.85547,75.59431,18.79242,13.6944275,0.68901956,-1,-1,-1
244,9483,898.5173,197.3584,125.40552,74.91165,0.7753559,-1,-1,-1
244,9490,587.52405,47.17937,14.562744,9.507427,0.26625413,-1,-1,-1
244,9487,569.707,48.490738,13.366638,11.183445,0.28414807,-1,-1,-1
245,9448,755.1371,116.797455,53.965027,35.94873,0.69365436,-1,-1,-1
245,9469,619.5239,75.40084,19.008606,13.734459,0.7024788,-1,-1,-1
245,9483,894.2712,194.12082,129.62811,74.54535,0.73017716,-1,-1,-1
245,9490,587.5944,47.093052,14.101624,9.623062,0.2526473,-1,-1,-1
246,9448,753.7679,115.854385,52.803467,35.790634,0.74035186,-1,-1,-1
246,9469,619.2255,75.21044,19.257507,13.717567,0.65233964,-1,-1,-1
246,9483,885.94806,191.64171,137.44519,71.851425,0.63689935,-1,-1,-1
247,9448,752.2094,115.237236,52.7323,35.672417,0.6952158,-1,-1,-1
247,9469,618.80896,74.82578,19.47998,13.925125,0.5395216,-1,-1,-1
247,9483,880.85455,189.47258,137.607,69.34181,0.42168254,-1,-1,-1
248,9448,750.7152,114.94254,52.4021,35.273384,0.70459205,-1,-1,-1
248,9469,618.3585,74.667,19.464355,13.9338,0.62323403,-1,-1,-1
248,9483,874.5824,186.28833,136.33905,69.03772,0.7004528,-1,-1,-1
249,9448,749.52136,114.1887,51.0744,35.53115,0.70367014,-1,-1,-1
249,9469,617.9382,74.503235,19.203613,13.92012,0.644922,-1,-1,-1
249,9483,869.7463,183.53679,131.85968,68.24664,0.678215,-1,-1,-1
250,9448,747.826,113.65489,50.99701,35.5325,0.7628163,-1,-1,-1
250,9469,617.59717,74.101395,19.2417,14.094658,0.59241146,-1,-1,-1
250,9483,866.0716,181.2374,127.81366,67.07774,0.75622886,-1,-1,-1
251,9448,746.2178,112.9853,51.386475,35.65139,0.71292245,-1,-1,-1
251,9469,617.2776,73.546455,19.240051,14.232391,0.5738291,-1,-1,-1
251,9483,860.12006,178.85275,125.11279,65.45909,0.74974936,-1,-1,-1
252,9448,745.36487,112.081,49.482544,35.883537,0.6563038,-1,-1,-1
252,9469,616.98047,72.98707,19.08142,14.349464,0.45758504,-1,-1,-1
252,9483,855.4215,176.29887,121.99072,64.417496,0.80188173,-1,-1,-1
253,9448,744.88495,111.71441,47.8916,35.47854,0.44460586,-1,-1,-1
253,9469,616.6215,72.86243,18.845398,14.266602,0.40223274,-1,-1,-1
253,9483,850.0514,173.29974,118.63495,65.05977,0.7601762,-1,-1,-1
254,9469,616.1402,73.283966,18.761292,13.7812805,0.42647716,-1,-1,-1
254,9483,846.8342,171.73706,114.739685,63.451904,0.78938085,-1,-1,-1
255,9469,615.52625,73.4509,18.405396,13.595634,0.48831818,-1,-1,-1
255,9483,842.9281,169.27449,111.32031,62.749557,0.7749141,-1,-1,-1
256,9469,615.0274,73.50978,18.348206,13.460838,0.5645168,-1,-1,-1
256,9483,838.2678,167.19133,109.33539,61.497833,0.8074594,-1,-1,-1
257,9469,614.50995,73.51671,18.256958,13.316078,0.53001034,-1,-1,-1
257,9483,834.285,165.90216,107.260925,59.44101,0.79750985,-1,-1,-1
257,9448,739.41364,108.34316,46.713623,35.47689,0.6054433,-1,-1,-1
258,9469,613.93634,73.57377,18.021118,12.973396,0.46033797,-1,-1,-1
258,9483,830.9195,164.67133,104.025635,58.11972,0.80918795,-1,-1,-1
258,9448,738.2539,107.75414,45.95636,35.397865,0.33172262,-1,-1,-1
259,9469,613.2904,73.387344,18.131348,12.930809,0.47741404,-1,-1,-1
259,9483,826.12885,162.62256,102.69086,57.652573,0.7884165,-1,-1,-1
259,9448,737.56866,107.42217,44.96289,35.094627,0.26328075,-1,-1,-1
260,9469,612.54016,73.124115,18.516235,12.999481,0.42228767,-1,-1,-1
260,9483,822.3343,160.53458,100.67993,56.448105,0.8177249,-1,-1,-1
260,9448,736.6915,106.62465,44.36737,35.450043,0.26269042,-1,-1,-1
261,9469,612.33624,72.76002,18.25946,12.962532,0.41370684,-1,-1,-1
261,9483,819.35376,159.24803,97.41321,55.21054,0.82485276,-1,-1,-1
262,9469,611.99695,72.49436,18.33551,12.954643,0.46430635,-1,-1,-1
262,9483,815.4459,158.26993,95.74432,53.777756,0.8055778,-1,-1,-1
263,9469,611.75214,72.3608,18.24408,12.747528,0.5339313,-1,-1,-1
263,9483,811.18787,157.2192,93.4079,51.4581,0.8143017,-1,-1,-1
264,9469,611.2652,72.263115,18.651001,12.52919,0.52104205,-1,-1,-1
264,9483,808.3896,156.25688,90.33569,50.072617,0.8208084,-1,-1,-1
265,9469,610.8927,72.172035,18.877747,12.507744,0.4208583,-1,-1,-1
265,9483,804.44977,155.0878,87.592224,49.04521,0.8013491,-1,-1,-1
266,9483,800.05524,154.85632,86.624146,46.79532,0.74724257,-1,-1,-1
267,9483,796.5425,153.37303,85.85718,46.022186,0.8256325,-1,-1,-1
267,9469,609.90027,72.241646,19.237915,12.427246,0.3048255,-1,-1,-1
268,9483,793.8934,152.57915,84.08423,45.147964,0.81996673,-1,-1,-1
268,9469,609.62866,71.93189,18.989258,12.464233,0.3186717,-1,-1,-1
269,9483,790.66956,152.02089,81.68408,43.328278,0.7712932,-1,-1,-1
269,9469,609.2273,71.885445,18.477783,12.250824,0.3706248,-1,-1,-1
269,9499,776.49554,262.436,247.26593,277.564,0.4327472,-1,-1,-1
270,9483,787.9939,150.70422,79.66229,42.664963,0.8104309,-1,-1,-1
270,9469,608.7658,72.133545,17.940613,11.791283,0.4225179,-1,-1,-1
270,9499,775.0489,266.60742,248.57849,273.39258,0.7745105,-1,-1,-1
271,9483,784.48706,148.76045,77.48474,42.883087,0.82286644,-1,-1,-1
271,9469,608.3776,71.919716,17.812561,11.731895,0.49330512,-1,-1,-1
271,9499,774.5192,270.93387,249.20099,269.06613,0.85782397,-1,-1,-1
272,9483,781.3091,147.56139,75.96271,42.351395,0.810771,-1,-1,-1
272,9469,607.9045,71.63003,17.461609,11.864952,0.28306893,-1,-1,-1
272,9499,774.8178,278.6966,248.9748,261.3034,0.95352364,-1,-1,-1
272,9502,791.8065,317.6225,231.9154,222.3775,0.8410146,-1,-1,-1
272,9503,732.36273,274.082,291.3615,253.23624,0.4268406,-1,-1,-1
273,9483,777.4586,145.33943,74.92792,42.31845,0.78445095,-1,-1,-1
273,9469,607.56854,71.180115,17.128418,12.153336,0.2501438,-1,-1,-1
273,9499,769.5765,280.81592,254.28082,259.18408,0.975796,-1,-1,-1
273,9502,788.7141,315.757,234.90399,224.24301,0.8054084,-1,-1,-1
273,9503,732.2719,283.4733,287.8421,248.67001,0.5683962,-1,-1,-1
274,9483,774.53143,143.7547,72.63489,42.271347,0.7983812,-1,-1,-1
274,9499,780.48737,287.24866,243.38855,252.75134,0.61223906,-1,-1,-1
274,9502,768.0406,325.1077,250.59808,214.30869,0.5920969,-1,-1,-1
274,9503,747.61285,282.55106,275.01575,256.33133,0.97679657,-1,-1,-1
275,9483,771.2647,142.57729,71.089905,41.74182,0.82423687,-1,-1,-1
275,9499,769.04,281.9886,254.82971,258.0114,0.9758788,-1,-1,-1
275,9502,744.7072,329.47964,235.57611,202.32797,0.33136407,-1,-1,-1
275,9503,731.1762,287.75964,268.17535,247.02051,0.5099853,-1,-1,-1
275,9469,606.5002,70.73777,16.886902,12.120834,0.33814958,-1,-1,-1
276,9483,767.90216,142.20909,70.72528,40.96071,0.8140163,-1,-1,-1
276,9499,766.96814,281.85135,256.95667,258.14865,0.96542835,-1,-1,-1
276,9503,726.85565,292.50677,250.87378,237.57043,0.5011027,-1,-1,-1
276,9510,644.1284,90.88977,27.457703,21.024704,0.3616067,-1,-1,-1
276,9469,606.0985,70.33972,16.799622,12.311691,0.27942652,-1,-1,-1
277,9483,764.65466,140.83078,69.15991,41.06389,0.7692465,-1,-1,-1
277,9499,771.74097,280.24042,252.16138,259.75958,0.89416754,-1,-1,-1
277,9503,727.42584,272.42188,281.52728,261.62592,0.6256642,-1,-1,-1
277,9510,643.51776,90.11697,26.778381,21.606453,0.43336535,-1,-1,-1
277,9511,0.0,236.95508,36.45604,38.78586,0.3477637,-1,-1,-1
277,9502,805.24335,298.4829,208.13055,239.54688,0.54771334,-1,-1,-1
278,9483,761.7648,138.39168,68.963806,42.162323,0.8148385,-1,-1,-1
278,9499,760.11975,279.5865,263.8081,260.4135,0.94300365,-1,-1,-1
278,9510,643.3346,89.49378,25.79065,21.904,0.30840704,-1,-1,-1
278,9511,0.0,237.73602,34.41217,38.23242,0.4288986,-1,-1,-1
278,9502,805.8471,299.55392,215.1825,235.53226,0.64748657,-1,-1,-1
279,9483,758.57513,137.44337,67.50177,41.55655,0.78970015,-1,-1,-1
279,9499,764.6298,282.6309,259.29718,257.3691,0.9050767,-1,-1,-1
279,9510,642.05597,89.31535,25.820984,22.073502,0.31315377,-1,-1,-1
279,9511,0.0,238.0097,31.286957,38.30664,0.25390798,-1,-1,-1
279,9502,809.5562,302.27628,213.64459,233.97537,0.740824,-1,-1,-1
279,9503,730.341,289.14313,265.4599,239.08722,0.2501897,-1,-1,-1
280,9483,755.8891,136.50575,66.3418,40.99945,0.7925059,-1,-1,-1
280,9499,770.80695,289.14194,253.1228,250.85806,0.5046736,-1,-1,-1
280,9511,0.0,239.55641,28.755405,36.97023,0.36249632,-1,-1,-1
280,9502,810.1447,303.6989,213.81665,232.14252,0.7846088,-1,-1,-1
280,9503,744.453,300.3671,265.61334,219.93314,0.49396545,-1,-1,-1
281,9483,753.684,136.94641,63.888428,39.237595,0.791949,-1,-1,-1
281,9499,762.47516,296.14444,261.4582,241.5477,0.30886257,-1,-1,-1
281,9502,812.86554,306.34225,211.13446,226.83578,0.8279499,-1,-1,-1
281,9503,732.4447,303.63538,252.15515,207.20126,0.26590866,-1,-1,-1
281,9510,640.8228,88.88049,25.549927,22.00837,0.26603854,-1,-1,-1
282,9483,750.8184,137.42079,62.880493,37.37799,0.78801054,-1,-1,-1
282,9499,756.1678,292.58325,267.76715,246.6449,0.9439004,-1,-1,-1
282,9502,807.10986,305.35782,216.89014,230.05295,0.6432444,-1,-1,-1
282,9517,609.89575,90.07619,24.598694,19.509087,0.4233734,-1,-1,-1
282,9510,640.6016,89.033676,24.92456,21.226234,0.30109507,-1,-1,-1
283,9483,749.85455,136.72946,59.987854,37.135483,0.78024304,-1,-1,-1
283,9499,750.29755,290.02338,273.66077,249.73846,0.97866607,-1,-1,-1
283,9502,800.1476,319.9406,223.85242,218.84967,0.47798413,-1,-1,-1
283,9517,609.34735,89.32815,23.99237,19.82988,0.5439751,-1,-1,-1
284,9483,746.0425,133.15529,60.52118,39.355804,0.7988085,-1,-1,-1
284,9499,744.36536,286.67294,279.60095,253.31668,0.9759774,-1,-1,-1
284,9517,608.61145,89.27323,23.761597,19.514374,0.54912263,-1,-1,-1
284,9519,96.261444,58.37725,19.980064,19.758606,0.38754883,-1,-1,-1
285,9483,743.0833,132.00471,59.541504,38.91104,0.79164594,-1,-1,-1
285,9499,741.0276,283.21722,282.9724,256.78278,0.8803286,-1,-1,-1
285,9517,607.5852,90.37639,24.789917,17.770851,0.55873144,-1,-1,-1
285,9519,95.118774,58.438988,20.4431,19.782204,0.28956294,-1,-1,-1
285,9502,816.4757,312.40674,207.52429,227.59326,0.5443115,-1,-1,-1
286,9483,740.1374,131.33493,59.7619,38.432068,0.7872155,-1,-1,-1
286,9499,737.22266,279.89294,286.77734,260.10706,0.8098227,-1,-1,-1
286,9517,606.69135,89.93046,25.507507,18.027916,0.44005364,-1,-1,-1
286,9519,94.47271,58.651394,20.237823,20.002361,0.28676945,-1,-1,-1
286,9502,810.77466,306.8104,213.22534,233.1896,0.3662322,-1,-1,-1
287,9483,737.8743,129.92426,57.576477,38.62387,0.7762841,-1,-1,-1
287,9499,734.96265,280.8666,289.03735,259.1334,0.51200825,-1,-1,-1
287,9519,93.694855,58.897987,19.795723,19.971642,0.38273025,-1,-1,-1
287,9503,724.0032,305.74918,267.03845,213.9769,0.3094189,-1,-1,-1
288,9483,734.7973,128.37584,57.22876,38.919388,0.7696417,-1,-1,-1
288,9499,732.1327,274.5253,291.8673,265.4747,0.2695568,-1,-1,-1
288,9519,93.79093,59.07808,18.563316,20.017006,0.31785932,-1,-1,-1
289,9483,732.7863,127.55187,55.617737,39.007957,0.7379818,-1,-1,-1
289,9519,93.29473,59.224808,18.154343,19.989868,0.64964855,-1,-1,-1
289,9525,930.1896,354.1998,93.51312,155.24936,0.5579954,-1,-1,-1
290,9483,730.8655,126.25015,53.895264,39.11383,0.74034476,-1,-1,-1
290,9519,92.46306,59.0703,17.883614,20.095089,0.63750964,-1,-1,-1
290,9529,781.0166,313.93268,170.93628,144.38077,0.3897248,-1,-1,-1
291,9483,727.35785,125.38756,53.949036,38.688736,0.71563244,-1,-1,-1
291,9519,92.13471,59.074295,17.295967,20.031456,0.5611136,-1,-1,-1
291,9529,777.5649,313.95856,177.83984,142.15964,0.47212157,-1,-1,-1
292,9483,724.32166,124.34844,54.238342,38.554222,0.75458115,-1,-1,-1
292,9519,91.653885,59.224545,17.152443,19.7673,0.31819934,-1,-1,-1
292,9529,773.5895,314.7524,170.51324,139.72299,0.39837053,-1,-1,-1
293,9483,721.94824,123.350876,53.300354,38.67009,0.7099418,-1,-1,-1
293,9529,798.5382,314.0289,177.17041,141.05673,0.5660602,-1,-1,-1
294,9483,720.21533,123.330154,52.25934,38.469193,0.749908,-1,-1,-1
294,9529,806.35034,314.3922,169.92847,138.62903,0.5102074,-1,-1,-1
294,9534,1003.9122,144.83247,19.83014,33.916107,0.43213454,-1,-1,-1
294,9502,855.4983,316.4815,168.50171,156.42914,0.6405221,-1,-1,-1
294,9525,861.81903,319.08447,162.01562,166.89038,0.55279785,-1,-1,-1
295,9483,717.9423,123.366615,51.161133,37.665474,0.6429283,-1,-1,-1
295,9529,787.12854,313.78445,173.51013,134.21759,0.36205295,-1,-1,-1
295,9534,1001.05853,143.24934,22.63263,34.447617,0.39282376,-1,-1,-1
295,9502,845.6531,313.95386,173.54529,151.78879,0.3054488,-1,-1,-1
295,9525,850.76337,314.45612,173.12854,163.43219,0.68094516,-1,-1,-1
296,9483,715.4229,123.03418,50.85565,37.027893,0.7261014,-1,-1,-1
296,9529,774.81885,310.08212,177.15173,132.48163,0.5046636,-1,-1,-1
296,9534,997.2796,142.02762,26.432251,35.258957,0.49564195,-1,-1,-1
296,9502,842.4412,309.3882,152.7782,146.21011,0.39723215,-1,-1,-1
296,9525,841.1073,308.27023,182.8465,157.10663,0.47056195,-1,-1,-1
297,9483,713.4667,122.186104,49.23419,36.570778,0.669311,-1,-1,-1
297,9529,760.51416,305.33612,181.26862,130.56589,0.5367179,-1,-1,-1
297,9502,843.04333,300.6951,171.73267,133.91577,0.52544445,-1,-1,-1
297,9525,831.8847,299.28336,191.79388,157.0246,0.44599593,-1,-1,-1
297,9517,598.1179,86.79367,24.164001,16.652985,0.29990894,-1,-1,-1
298,9483,711.3087,121.371216,48.416565,36.07637,0.62126875,-1,-1,-1
298,9529,750.54395,298.31155,180.66187,126.37216,0.623727,-1,-1,-1
298,9525,824.6913,291.49506,199.20905,159.28723,0.3633265,-1,-1,-1
299,9483,709.0067,120.687645,47.574097,35.82377,0.6406249,-1,-1,-1
299,9525,812.8773,286.17627,211.08356,152.33865,0.28645796,-1,-1,-1
299,9517,596.49695,86.46945,24.619873,16.436172,0.26177981,-1,-1,-1
300,9483,706.8604,120.1519,46.756104,35.33719,0.5876519,-1,-1,-1
300,9525,800.0353,276.34244,223.96118,160.08054,0.35943615,-1,-1,-1
300,9517,595.4444,86.3216,25.223633,16.551155,0.34728977,-1,-1,-1
301,9483,705.3754,119.60316,46.50049,35.311684,0.49514383,-1,-1,-1
301,9517,594.8174,86.072845,24.657776,16.581352,0.28939798,-1,-1,-1
302,9517,594.15607,86.286095,24.565552,16.258186,0.318428,-1,-1,-1
303,9517,594.3259,86.32964,24.127441,15.886047,0.30453974,-1,-1,-1
303,9483,701.4908,118.79741,45.075134,34.73375,0.47596937,-1,-1,-1
304,9517,593.49005,86.46041,24.78247,15.526787,0.586925,-1,-1,-1
304,9483,699.1734,119.86205,44.668213,32.802925,0.51582557,-1,-1,-1
304,9525,769.55225,259.14087,183.41425,127.72116,0.5487356,-1,-1,-1
305,9517,592.80994,86.095695,25.3667,15.5301895,0.45642054,-1,-1,-1
305,9483,696.9825,120.632675,44.007324,30.84404,0.4772452,-1,-1,-1
305,9525,763.1976,254.66472,171.22247,118.89168,0.6680517,-1,-1,-1
306,9517,592.4163,85.39597,24.783142,15.667221,0.50309074,-1,-1,-1
306,9483,695.13495,119.80168,42.735657,30.966705,0.43397096,-1,-1,-1
306,9525,758.9002,250.88193,159.9367,113.69769,0.71873456,-1,-1,-1
306,9510,621.69525,85.47436,20.613953,15.693359,0.36061427,-1,-1,-1
307,9517,592.079,84.36423,23.688477,16.325897,0.25961897,-1,-1,-1
307,9483,693.4801,119.18348,42.142395,30.729088,0.45555148,-1,-1,-1
307,9525,754.6041,246.19374,152.67664,110.41362,0.58557755,-1,-1,-1
307,9510,620.9242,85.37246,20.276001,15.677147,0.31611168,-1,-1,-1
308,9517,591.6877,83.73344,23.291382,16.684555,0.3428444,-1,-1,-1
308,9483,692.1461,119.224075,41.28601,29.84198,0.6386557,-1,-1,-1
308,9525,750.7859,242.30719,145.69904,107.042114,0.4651829,-1,-1,-1
308,9510,620.2466,85.356125,19.758484,15.673828,0.35126084,-1,-1,-1
309,9517,591.6491,83.22453,22.652893,16.880295,0.26246154,-1,-1,-1
309,9483,690.34125,119.02152,40.82361,28.871147,0.4423309,-1,-1,-1
309,9525,745.85315,238.21266,145.86108,103.965775,0.56500465,-1,-1,-1
309,9510,619.73956,84.95877,19.28424,15.77301,0.33651498,-1,-1,-1
309,9549,585.6029,164.09969,38.336853,141.77211,0.8097395,-1,-1,-1
310,9517,590.97394,83.2731,22.999084,16.807907,0.25031272,-1,-1,-1
310,9483,688.36707,116.9107,40.518066,30.486732,0.40704262,-1,-1,-1
310,9525,742.4591,235.16963,143.05768,98.28819,0.5990809,-1,-1,-1
310,9549,584.7441,166.13846,38.595093,138.56848,0.80412036,-1,-1,-1
311,9517,590.47516,83.26729,23.39685,16.554626,0.26532388,-1,-1,-1
311,9525,740.63245,232.29465,134.80103,95.20413,0.7251614,-1,-1,-1
311,9549,583.89734,164.27896,39.754883,144.98395,0.7358118,-1,-1,-1
312,9525,737.05414,229.13,130.72522,93.10425,0.58370256,-1,-1,-1
313,9525,733.84576,224.34183,124.81622,91.69495,0.805901,-1,-1,-1
313,9557,539.89557,257.76422,32.849365,49.40103,0.42641422,-1,-1,-1
313,9517,589.9751,82.78224,22.827332,16.573456,0.31765464,-1,-1,-1
314,9525,728.68414,221.26387,121.2182,89.3011,0.76980364,-1,-1,-1
314,9517,589.4957,82.53251,23.103882,16.632904,0.4065534,-1,-1,-1
314,9549,578.1152,161.87476,41.380432,139.06635,0.39810202,-1,-1,-1
315,9525,724.1989,218.43771,117.54932,86.5997,0.77475816,-1,-1,-1
315,9517,588.9178,82.203674,23.165894,16.870163,0.2648193,-1,-1,-1
315,9549,576.71387,162.03586,41.329712,140.96088,0.38995618,-1,-1,-1
315,9483,680.164,113.536835,38.805725,30.564957,0.28688142,-1,-1,-1
316,9525,720.19183,214.79431,114.2832,84.257904,0.830672,-1,-1,-1
316,9483,679.3882,112.6851,38.576538,30.731575,0.30311924,-1,-1,-1
317,9525,714.8424,210.8639,112.419556,83.70799,0.80347097,-1,-1,-1
317,9483,677.81256,112.26548,39.2334,30.624046,0.55694747,-1,-1,-1
318,9525,711.9084,208.62471,108.62189,81.808334,0.82452625,-1,-1,-1
318,9483,676.6933,112.43998,38.93579,29.71038,0.61355996,-1,-1,-1
318,9517,587.9106,81.424675,22.956726,16.736832,0.31948164,-1,-1,-1
319,9525,709.5439,206.09413,105.31024,79.176865,0.8324924,-1,-1,-1
319,9483,675.3273,112.22923,38.516663,29.403427,0.51438034,-1,-1,-1
319,9517,587.474,81.40837,22.703003,16.495682,0.31941447,-1,-1,-1
320,9525,705.83826,201.94202,102.400024,79.00922,0.82519567,-1,-1,-1
320,9483,673.6452,111.44738,38.57721,29.777489,0.5436503,-1,-1,-1
321,9525,701.94574,199.36852,101.44977,76.91414,0.8158024,-1,-1,-1
321,9483,672.5063,110.89345,38.194397,29.479843,0.48894373,-1,-1,-1
322,9525,698.19037,197.60645,99.84515,74.007416,0.8428909,-1,-1,-1
322,9483,671.6927,110.71164,37.900696,28.750961,0.43539655,-1,-1,-1
323,9525,696.0414,195.13107,96.80377,72.71207,0.8342036,-1,-1,-1
323,9483,670.9289,110.60172,37.31018,28.152702,0.47458136,-1,-1,-1
323,9561,720.42834,262.63068,303.44092,277.36932,0.6177883,-1,-1,-1
324,9525,693.549,191.60515,95.24725,72.52339,0.8258743,-1,-1,-1
324,9483,669.9772,110.50534,37.313293,27.583908,0.45181778,-1,-1,-1
324,9561,728.2313,266.00134,295.6129,273.99866,0.38747823,-1,-1,-1
325,9525,690.4523,189.02817,92.34509,70.580536,0.8443709,-1,-1,-1
325,9483,668.9477,110.37314,37.884766,27.309631,0.5924444,-1,-1,-1
325,9561,703.4325,259.82034,320.4806,280.1741,0.5527524,-1,-1,-1
326,9525,687.4586,187.59221,91.698425,67.9995,0.8355366,-1,-1,-1
326,9483,667.34845,109.98917,37.227417,27.09906,0.6157246,-1,-1,-1
326,9561,688.638,256.79053,335.28168,283.20947,0.7362945,-1,-1,-1
326,9563,614.68744,366.45056,244.15192,173.54944,0.4243951,-1,-1,-1
326,9564,1002.6037,247.3004,21.281982,45.29213,0.53871685,-1,-1,-1
326,9565,637.00415,275.9006,346.8365,264.0994,0.46959656,-1,-1,-1
327,9525,685.9034,185.30145,90.05731,67.228775,0.8685831,-1,-1,-1
327,9483,666.2033,109.21504,36.78601,27.237335,0.59714663,-1,-1,-1
327,9561,680.8998,255.08054,343.0464,284.89517,0.83474386,-1,-1,-1
327,9563,609.7297,328.53452,237.22015,208.09622,0.3876439,-1,-1,-1
327,9564,998.7721,245.13824,25.00122,44.329224,0.72768563,-1,-1,-1
327,9565,716.5329,279.5609,298.33942,260.4259,0.49407297,-1,-1,-1
328,9525,684.27246,182.6312,87.8609,66.56172,0.8395413,-1,-1,-1
328,9483,665.5722,108.911194,36.382324,26.8461,0.5281489,-1,-1,-1
328,9561,682.07495,257.41367,341.90198,282.56454,0.8484592,-1,-1,-1
328,9564,994.6594,243.31006,29.154785,44.09384,0.730463,-1,-1,-1
328,9565,741.26,282.43716,282.74,257.55563,0.6046751,-1,-1,-1
329,9525,681.7981,179.73534,86.56189,65.670425,0.83385235,-1,-1,-1
329,9483,664.88513,107.83952,36.155457,27.214508,0.33791026,-1,-1,-1
329,9561,658.11145,263.22974,337.55408,276.7564,0.5592978,-1,-1,-1
329,9564,989.3278,240.88971,34.561462,43.48053,0.7615028,-1,-1,-1
329,9565,732.8432,271.79626,291.1568,268.2019,0.86420465,-1,-1,-1
329,9568,657.04126,91.74111,25.71466,21.267708,0.4327501,-1,-1,-1
330,9525,679.61255,177.81206,85.36981,64.25409,0.82843804,-1,-1,-1
330,9483,664.15393,107.6274,35.177795,26.57946,0.42225257,-1,-1,-1
330,9561,648.2405,265.1904,338.2104,274.8093,0.6948732,-1,-1,-1
330,9564,985.1395,240.88206,38.557556,43.25844,0.5891546,-1,-1,-1
330,9565,732.85425,272.07275,291.14575,267.92725,0.93588454,-1,-1,-1
330,9568,656.71094,91.60284,25.573303,21.051575,0.49456793,-1,-1,-1
330,9569,750.72327,312.33737,273.20776,227.66171,0.66317236,-1,-1,-1
330,9517,586.2407,79.460915,21.721497,15.60537,0.30935922,-1,-1,-1
331,9525,677.84424,176.50827,84.00433,62.747482,0.8680086,-1,-1,-1
331,9483,663.1587,107.34471,35.067932,26.52388,0.43525347,-1,-1,-1
331,9561,643.1175,269.49323,338.14587,270.49335,0.84397113,-1,-1,-1
331,9564,980.4857,238.35687,43.200745,47.071472,0.65861976,-1,-1,-1
331,9565,728.9205,271.42154,295.07953,268.56998,0.94847053,-1,-1,-1
331,9568,657.14966,90.38689,25.126038,21.672913,0.44536507,-1,-1,-1
331,9569,753.541,311.88507,270.3446,228.10107,0.53831655,-1,-1,-1
331,9570,805.4416,320.92636,218.47174,219.06161,0.51421833,-1,-1,-1
331,9571,755.8377,328.08563,260.7729,211.90259,0.3303655,-1,-1,-1
331,9563,667.21497,298.7231,340.21863,239.31052,0.7403355,-1,-1,-1
332,9525,676.94635,175.43373,80.94751,61.4653,0.83052367,-1,-1,-1
332,9483,662.2234,106.97905,34.855164,26.481186,0.378013,-1,-1,-1
332,9561,652.4943,272.83707,328.08582,267.15677,0.39929065,-1,-1,-1
332,9564,975.07837,236.2847,48.585022,49.13791,0.65686035,-1,-1,-1
332,9565,740.4913,276.66336,283.50873,263.33536,0.94974494,-1,-1,-1
332,9568,657.2575,89.87296,24.848877,21.632416,0.48492047,-1,-1,-1
332,9569,760.92365,314.28418,262.96625,225.7121,0.7799049,-1,-1,-1
332,9570,803.9795,319.4996,219.86865,220.49191,0.65424716,-1,-1,-1
332,9563,678.1284,295.3828,345.87158,242.7334,0.32980233,-1,-1,-1
333,9525,674.7082,173.0644,80.0213,61.27539,0.8206134,-1,-1,-1
333,9483,661.6224,106.81214,34.549683,26.236443,0.51579994,-1,-1,-1
333,9561,645.25024,268.2309,337.56256,271.7691,0.30048352,-1,-1,-1
333,9564,970.3032,234.10214,53.56189,51.91815,0.697913,-1,-1,-1
333,9565,761.38666,284.24762,262.61334,255.75238,0.8900937,-1,-1,-1
333,9568,657.115,89.59043,24.87201,21.547798,0.47697484,-1,-1,-1
333,9569,778.5583,317.42868,245.42169,222.57132,0.30698803,-1,-1,-1
333,9570,804.30707,318.34055,219.64154,221.65945,0.6242734,-1,-1,-1
333,9563,709.7483,269.38727,314.2517,266.4958,0.36454773,-1,-1,-1
334,9525,673.8533,172.19075,76.99396,59.147293,0.8206838,-1,-1,-1
334,9483,661.0,106.910416,34.729187,25.84491,0.56577957,-1,-1,-1
334,9561,661.8813,263.2769,339.7884,276.7231,0.51636744,-1,-1,-1
334,9564,967.24963,232.26505,56.53192,55.07547,0.6817773,-1,-1,-1
334,9565,758.70917,283.98474,265.29083,256.01526,0.8871327,-1,-1,-1
334,9568,656.2796,88.765884,25.064697,21.827354,0.28629804,-1,-1,-1
334,9569,775.86053,317.1242,248.13947,222.8758,0.47626543,-1,-1,-1
334,9570,805.81506,316.82602,218.18237,223.17398,0.5877585,-1,-1,-1
335,9525,671.8611,169.80235,75.28424,57.842346,0.8089396,-1,-1,-1
335,9483,660.3512,106.8883,34.280457,25.070564,0.4571049,-1,-1,-1
335,9561,666.34515,262.29095,342.5426,277.70905,0.65266603,-1,-1,-1
335,9564,962.91077,230.30019,60.77185,58.349686,0.52756137,-1,-1,-1
335,9565,753.88727,281.92413,270.11273,258.07587,0.93170863,-1,-1,-1
335,9568,655.8659,88.76598,24.929138,21.474335,0.4289686,-1,-1,-1
335,9569,772.7385,314.42505,251.26147,225.57495,0.653438,-1,-1,-1
335,9570,807.08984,333.06815,216.91016,206.93185,0.5907066,-1,-1,-1
336,9525,671.12164,168.05762,72.80646,56.835434,0.8445264,-1,-1,-1
336,9483,659.918,106.68459,33.968872,24.795113,0.64686686,-1,-1,-1
336,9561,667.5463,267.1025,346.91803,272.8975,0.5466815,-1,-1,-1
336,9564,959.7514,228.45464,63.887024,61.439774,0.5112655,-1,-1,-1
336,9565,753.44006,286.63803,270.55994,253.36197,0.89512324,-1,-1,-1
336,9568,655.65936,89.48949,24.20459,20.749893,0.3109277,-1,-1,-1
336,9569,778.9405,316.90182,245.05951,223.09818,0.37328532,-1,-1,-1
336,9570,809.65015,340.5185,214.34985,199.47937,0.6568728,-1,-1,-1
336,9576,618.4189,89.67823,24.471313,19.662628,0.46662012,-1,-1,-1
337,9525,669.87915,166.48753,71.50598,56.16858,0.8570467,-1,-1,-1
337,9483,659.15125,106.68923,33.961792,24.265953,0.7785566,-1,-1,-1
337,9561,668.63104,268.443,348.0503,271.51825,0.68123597,-1,-1,-1
337,9564,958.0889,221.3595,65.66504,69.35599,0.29883993,-1,-1,-1
337,9565,752.3707,290.35767,271.62927,249.60297,0.91127974,-1,-1,-1
337,9568,655.3689,89.88279,23.642029,19.84674,0.43613225,-1,-1,-1
337,9570,808.9,341.7456,215.06439,198.20673,0.6354759,-1,-1,-1
337,9576,618.6454,89.85826,23.470154,19.123497,0.438218,-1,-1,-1
337,9581,623.78986,277.122,324.9167,262.85883,0.36856315,-1,-1,-1
337,9517,585.3486,79.193855,19.974548,14.842636,0.36026698,-1,-1,-1
338,9525,668.59344,164.60953,70.36072,55.768448,0.8367717,-1,-1,-1
338,9483,658.4589,106.20778,33.360535,24.294937,0.75677365,-1,-1,-1
338,9561,666.9559,268.56992,351.91785,271.40787,0.5796199,-1,-1,-1
338,9564,954.2738,222.16753,69.64374,64.768326,0.26108903,-1,-1,-1
338,9565,750.71454,290.66324,273.28546,249.31473,0.8481434,-1,-1,-1
338,9568,655.06757,89.78789,23.010925,19.334763,0.38895944,-1,-1,-1
338,9576,618.4715,89.56173,23.092407,18.865883,0.32833,-1,-1,-1
338,9581,616.68805,290.82758,313.48785,249.16986,0.49270633,-1,-1,-1
338,9584,619.3499,331.24686,145.26031,148.82599,0.6224248,-1,-1,-1
338,9585,594.34656,181.44499,59.045593,50.613754,0.33507726,-1,-1,-1
338,9517,585.10345,79.13667,20.306519,14.748817,0.38339403,-1,-1,-1
338,9569,786.4201,323.41635,237.5799,212.66019,0.48247802,-1,-1,-1
339,9525,667.7398,163.54713,69.21594,54.819168,0.81971496,-1,-1,-1
339,9483,657.599,105.69601,33.15515,24.466606,0.74527293,-1,-1,-1
339,9565,751.4256,291.7339,272.5744,248.25342,0.80077714,-1,-1,-1
339,9576,618.1879,89.34115,22.64441,18.659637,0.3833422,-1,-1,-1
339,9581,611.0695,285.75702,308.07428,254.24298,0.31347662,-1,-1,-1
339,9584,618.2234,328.00076,141.49872,152.03891,0.6919157,-1,-1,-1
339,9585,593.32996,180.42409,58.81714,51.389496,0.3835425,-1,-1,-1
339,9517,585.0062,79.005875,20.165894,14.73484,0.38745376,-1,-1,-1
339,9569,787.3352,324.31354,236.6648,213.06097,0.34822813,-1,-1,-1
340,9525,666.8072,161.9474,67.39459,54.157593,0.8016054,-1,-1,-1
340,9483,656.62683,105.249794,33.183533,24.485466,0.7278727,-1,-1,-1
340,9565,753.7902,293.11563,270.20978,246.87949,0.5930929,-1,-1,-1
340,9576,618.192,89.33467,22.538635,18.272438,0.42907295,-1,-1,-1
340,9584,617.96655,324.53665,134.99493,160.7084,0.62569904,-1,-1,-1
340,9517,585.0499,78.78503,19.887085,14.732376,0.35291645,-1,-1,-1
341,9525,666.12415,159.85416,64.77051,53.25534,0.6661686,-1,-1,-1
341,9483,655.91113,105.22813,32.615417,23.66114,0.73893154,-1,-1,-1
341,9565,755.4775,292.8572,268.52252,247.14279,0.48526904,-1,-1,-1
341,9576,618.2317,88.80241,22.081665,18.32824,0.5072742,-1,-1,-1
341,9584,617.98627,319.3355,131.62988,153.93564,0.59689814,-1,-1,-1
341,9517,585.1368,78.55013,19.506104,14.843048,0.36229977,-1,-1,-1
341,9564,944.4527,219.73877,78.77435,51.218445,0.66577333,-1,-1,-1
341,9568,654.12866,89.24186,21.810486,18.526237,0.3275509,-1,-1,-1
342,9525,664.6533,158.29692,64.507935,53.231033,0.79901624,-1,-1,-1
342,9483,655.1571,105.0571,31.99231,23.121948,0.5922602,-1,-1,-1
342,9565,757.5082,291.56998,266.49182,248.43002,0.32033408,-1,-1,-1
342,9576,618.3212,88.479515,21.404053,18.28003,0.5021066,-1,-1,-1
342,9517,585.2723,78.49064,19.054077,14.681625,0.41849244,-1,-1,-1
342,9564,940.471,219.45361,82.39215,47.76419,0.63312876,-1,-1,-1
342,9585,594.83405,174.89653,54.25647,46.652786,0.57549715,-1,-1,-1
343,9525,663.8822,157.35266,62.60022,52.19548,0.79418314,-1,-1,-1
343,9483,654.16724,104.82095,32.098877,22.746147,0.46513513,-1,-1,-1
343,9565,762.84454,309.17148,261.15546,214.81223,0.28220788,-1,-1,-1
343,9576,618.0713,88.21887,21.137207,18.265762,0.48502466,-1,-1,-1
343,9517,585.23047,78.4888,19.080261,14.526985,0.4398681,-1,-1,-1
343,9564,937.1654,216.58522,84.98181,46.62407,0.505799,-1,-1,-1
343,9589,609.85815,80.618195,14.596619,13.447952,0.33312216,-1,-1,-1
343,9585,597.68335,172.8166,49.61432,43.77292,0.52734435,-1,-1,-1
344,9525,662.8117,156.2086,61.772766,50.769455,0.7006218,-1,-1,-1
344,9483,653.5198,104.96455,31.584534,22.176834,0.44884428,-1,-1,-1
344,9565,786.4747,315.67496,237.52533,184.26367,0.384466,-1,-1,-1
344,9576,617.88684,88.18668,20.79309,18.08628,0.46467838,-1,-1,-1
344,9517,585.26117,78.58501,18.857971,14.318901,0.30794427,-1,-1,-1
344,9564,935.186,215.5926,86.92792,44.60005,0.74159616,-1,-1,-1
344,9589,609.66504,80.60266,14.345215,13.288696,0.2619363,-1,-1,-1
344,9585,595.59875,171.05565,51.19757,45.22574,0.6045818,-1,-1,-1
344,9568,652.5193,88.95553,21.860413,18.207542,0.30034754,-1,-1,-1
345,9525,662.8713,154.6204,58.498047,50.71031,0.6969474,-1,-1,-1
345,9483,652.7517,104.62657,30.943298,22.06363,0.28063485,-1,-1,-1
345,9565,782.76526,323.3718,241.23474,162.86496,0.38271028,-1,-1,-1
345,9576,617.38763,88.22518,20.796387,17.804535,0.5333806,-1,-1,-1
345,9517,585.17944,78.52795,18.814087,14.171104,0.3577256,-1,-1,-1
345,9564,933.6256,214.20522,88.50781,45.09816,0.37448582,-1,-1,-1
345,9589,609.5282,80.22865,14.267761,13.208313,0.34321907,-1,-1,-1
345,9585,594.1209,169.13199,51.315186,46.816467,0.63939863,-1,-1,-1
345,9584,613.131,296.03076,125.50482,152.55566,0.43221307,-1,-1,-1
346,9525,659.69366,153.27396,60.36725,50.059097,0.768821,-1,-1,-1
346,9483,652.3887,104.60173,30.976868,21.797218,0.37647906,-1,-1,-1
346,9565,781.841,324.94424,242.159,150.26901,0.30869606,-1,-1,-1
346,9576,617.0574,88.285645,20.865845,17.595703,0.49970317,-1,-1,-1
346,9517,585.19604,78.49089,18.83368,14.148941,0.30457023,-1,-1,-1
346,9564,932.0597,213.126,89.42828,43.959106,0.5404431,-1,-1,-1
346,9589,609.41956,79.99762,14.314026,13.341652,0.31297913,-1,-1,-1
346,9585,593.79114,168.13191,51.18396,46.81018,0.6743237,-1,-1,-1
346,9584,608.871,292.85934,127.35388,145.50046,0.6580916,-1,-1,-1
347,9525,658.0859,152.2739,59.204285,49.205032,0.7524716,-1,-1,-1
347,9483,651.9093,104.28935,30.629028,21.603485,0.5860556,-1,-1,-1
347,9576,616.73145,87.967865,20.969116,17.825752,0.46004725,-1,-1,-1
347,9517,585.05054,78.43263,18.985168,14.057121,0.2729971,-1,-1,-1
347,9564,929.8094,212.13377,91.078,41.43901,0.580238,-1,-1,-1
347,9589,609.3498,80.03037,14.209717,13.218536,0.29747453,-1,-1,-1
347,9585,593.8683,168.08716,50.446655,45.604324,0.5281948,-1,-1,-1
347,9584,608.1961,290.0071,125.479004,133.53308,0.776076,-1,-1,-1
348,9525,657.002,151.47925,57.222107,47.770416,0.47944984,-1,-1,-1
348,9483,650.9434,104.187454,30.849426,21.366837,0.5619634,-1,-1,-1
348,9576,616.62427,88.071465,21.068542,17.707397,0.38784522,-1,-1,-1
348,9517,584.975,78.46609,19.046265,13.936447,0.36332673,-1,-1,-1
348,9564,926.5487,210.94513,94.47339,41.24022,0.56111854,-1,-1,-1
348,9589,609.1148,79.91824,14.346191,13.47451,0.30509183,-1,-1,-1
348,9585,593.81714,167.99164,50.170288,44.276566,0.42345852,-1,-1,-1
348,9584,606.4908,282.83038,124.2359,132.44278,0.47974598,-1,-1,-1
348,9593,565.55634,209.7587,40.3468,97.24695,0.49349084,-1,-1,-1
349,9525,655.84174,150.59213,57.39148,47.03154,0.63771456,-1,-1,-1
349,9483,650.2066,103.830246,30.927979,21.44162,0.44641435,-1,-1,-1
349,9576,616.58887,88.16387,20.871338,17.537453,0.2982531,-1,-1,-1
349,9517,584.8167,78.28276,19.2641,13.965309,0.40819544,-1,-1,-1
349,9564,922.97314,209.19847,96.80298,43.885513,0.5878786,-1,-1,-1
349,9589,609.1113,79.90038,14.111389,13.431824,0.2878208,-1,-1,-1
349,9585,593.86707,172.90742,49.355774,38.3813,0.40614963,-1,-1,-1
349,9584,606.4018,280.63852,121.24927,134.85013,0.63965183,-1,-1,-1
349,9593,565.7664,209.65515,40.063477,99.206055,0.50618166,-1,-1,-1
350,9525,655.013,148.90271,55.756836,47.03891,0.7370761,-1,-1,-1
350,9483,649.4175,103.408195,30.58905,21.312141,0.5038952,-1,-1,-1
350,9576,616.45636,88.11397,20.440002,17.50624,0.29096964,-1,-1,-1
350,9517,584.7431,78.34161,19.221985,13.814621,0.33965522,-1,-1,-1
350,9564,920.20703,208.0131,98.959656,44.55713,0.6154563,-1,-1,-1
350,9589,608.9856,79.95086,13.943115,13.337456,0.26921874,-1,-1,-1
350,9585,595.5717,167.75517,45.76178,38.56659,0.34229827,-1,-1,-1
350,9584,605.9402,275.51068,120.79614,132.55243,0.4969685,-1,-1,-1
350,9593,566.0321,207.9394,39.594116,102.00093,0.6679727,-1,-1,-1
351,9525,654.59064,147.82993,54.225464,42.293945,0.7487316,-1,-1,-1
351,9483,649.06116,103.461494,30.384705,20.978119,0.3138626,-1,-1,-1
351,9517,584.7004,78.1578,19.39441,13.797066,0.42879906,-1,-1,-1
351,9564,916.31964,206.51321,102.40332,42.858078,0.57302517,-1,-1,-1
351,9589,609.014,79.85104,13.715881,13.155762,0.29994658,-1,-1,-1
351,9585,598.55676,165.81317,41.803406,26.714462,0.45153892,-1,-1,-1
351,9584,605.5989,271.88504,116.33838,141.47128,0.7064604,-1,-1,-1
351,9593,566.2222,205.80673,39.75647,105.0278,0.75859094,-1,-1,-1
352,9525,653.24713,146.66504,53.920166,44.534363,0.7010565,-1,-1,-1
352,9483,648.60144,103.38957,29.501831,20.751396,0.37969595,-1,-1,-1
352,9517,584.84265,78.04939,19.073975,13.650673,0.4197778,-1,-1,-1
352,9564,913.08954,205.09671,106.12604,43.088318,0.56090903,-1,-1,-1
352,9589,608.9511,79.80642,13.617859,13.11557,0.34216937,-1,-1,-1
352,9584,602.2618,267.71442,116.51019,132.12012,0.49388796,-1,-1,-1
352,9593,566.2058,204.37894,40.091553,107.06909,0.7826923,-1,-1,-1
352,9576,616.2751,87.867355,20.187683,16.9775,0.26595914,-1,-1,-1
353,9525,652.1372,145.8662,53.673706,44.312378,0.5273945,-1,-1,-1
353,9483,647.7513,103.05524,29.153625,20.794273,0.29135758,-1,-1,-1
353,9517,584.94226,77.954094,18.494202,13.478989,0.37895116,-1,-1,-1
353,9564,910.6385,204.19157,109.7655,42.565567,0.4450562,-1,-1,-1
353,9589,608.85223,79.63789,13.479797,13.138664,0.36689064,-1,-1,-1
353,9584,601.07324,262.7668,113.58746,130.4082,0.65496975,-1,-1,-1
353,9593,566.12805,203.67358,40.103394,107.72125,0.7616713,-1,-1,-1
353,9576,615.972,87.64019,20.493896,17.016502,0.33784476,-1,-1,-1
354,9525,651.53955,144.62517,52.10199,42.327393,0.6270584,-1,-1,-1
354,9483,647.5164,103.61248,28.85852,19.993889,0.47964388,-1,-1,-1
354,9517,584.96375,77.990776,18.042969,13.268272,0.39531246,-1,-1,-1
354,9589,608.7404,79.54904,13.266602,12.976372,0.49540484,-1,-1,-1
354,9584,600.9581,260.05328,110.37756,125.84445,0.5688355,-1,-1,-1
354,9593,566.02826,203.84087,40.36194,107.017685,0.7500155,-1,-1,-1
354,9576,616.0613,87.214096,20.06488,17.325836,0.54521054,-1,-1,-1
354,9585,596.9544,161.08311,42.01349,27.522705,0.3944285,-1,-1,-1
355,9525,650.63025,143.57167,51.3006,41.168808,0.5837802,-1,-1,-1
355,9483,647.04315,103.625206,28.811218,19.674683,0.6108464,-1,-1,-1
355,9517,585.1861,77.91247,17.88507,13.189621,0.39992586,-1,-1,-1
355,9589,608.9521,79.31133,13.114075,12.769943,0.47508004,-1,-1,-1
355,9584,598.8244,255.50528,110.026245,122.08679,0.31304854,-1,-1,-1
355,9593,566.0007,203.25134,40.20288,107.55917,0.65419304,-1,-1,-1
355,9576,615.96704,86.90922,19.966064,17.558434,0.5319867,-1,-1,-1
355,9585,595.2959,159.1385,43.736877,35.353516,0.49162394,-1,-1,-1
355,9568,647.40515,87.414734,21.961243,18.53315,0.32037407,-1,-1,-1
356,9525,650.6748,142.56615,49.0354,39.090546,0.6537942,-1,-1,-1
356,9483,646.69147,103.07282,28.163452,19.826279,0.58829284,-1,-1,-1
356,9517,585.2685,77.91305,17.790161,12.984535,0.3590702,-1,-1,-1
356,9589,608.81055,79.16635,13.126099,12.62355,0.49409705,-1,-1,-1
356,9584,598.2931,252.21355,107.576294,120.32054,0.4271414,-1,-1,-1
356,9593,566.0048,202.74802,40.01581,108.30582,0.7049411,-1,-1,-1
356,9576,616.1345,86.66465,19.129517,17.57759,0.5797151,-1,-1,-1
356,9585,594.13354,157.72797,44.13391,38.798477,0.4635003,-1,-1,-1
356,9568,647.74554,87.07081,20.506409,17.290337,0.43088037,-1,-1,-1
357,9525,650.3671,141.7999,47.499634,33.163757,0.7164655,-1,-1,-1
357,9483,645.9258,102.83896,27.597595,19.51007,0.5643806,-1,-1,-1
357,9517,585.1777,77.83426,17.708252,12.79673,0.386606,-1,-1,-1
357,9589,608.4939,79.13942,13.130493,12.930016,0.50660616,-1,-1,-1
357,9584,597.7823,251.18617,104.13287,104.28984,0.31571743,-1,-1,-1
357,9593,566.3581,201.309,40.881104,108.40001,0.4500865,-1,-1,-1
357,9576,615.88806,86.60784,18.866272,17.479027,0.5895927,-1,-1,-1
357,9585,593.4271,156.30873,44.469666,40.775757,0.431279,-1,-1,-1
357,9568,647.50354,86.90135,20.019958,16.45314,0.50974625,-1,-1,-1
357,9600,649.4165,141.8798,48.87903,40.009537,0.6040372,-1,-1,-1
358,9525,648.84607,141.18301,46.752075,30.459305,0.65782183,-1,-1,-1
358,9483,645.1264,102.63454,27.39917,19.44831,0.6097187,-1,-1,-1
358,9517,584.9588,77.82023,17.789734,12.655357,0.27641997,-1,-1,-1
358,9589,608.1127,78.98136,13.143005,13.231873,0.48965484,-1,-1,-1
358,9593,566.6164,199.8767,40.936523,109.95833,0.32212186,-1,-1,-1
358,9576,615.3517,86.74014,18.771667,17.290215,0.6445184,-1,-1,-1
358,9585,592.5483,156.70172,44.98529,40.776688,0.31259137,-1,-1,-1
358,9568,647.1935,86.82975,19.524353,15.695023,0.3328036,-1,-1,-1
358,9600,648.3354,141.28392,48.411316,41.287354,0.58876216,-1,-1,-1
359,9525,647.5957,140.5934,46.60956,27.308289,0.72512585,-1,-1,-1
359,9483,644.20715,102.821625,27.525208,18.766815,0.63613635,-1,-1,-1
359,9517,585.01434,77.92688,17.527283,12.387901,0.35140473,-1,-1,-1
359,9589,608.41077,78.838066,12.764832,12.680992,0.5192242,-1,-1,-1
359,9593,566.91455,199.32048,40.67218,111.182175,0.37534684,-1,-1,-1
359,9576,615.2407,86.77645,18.449585,17.00895,0.64597636,-1,-1,-1
359,9568,647.09204,87.123055,19.574402,15.696419,0.41020495,-1,-1,-1
359,9600,646.61414,141.06543,49.881042,38.47522,0.47377643,-1,-1,-1
359,9584,597.49023,244.89499,99.604126,97.0621,0.3165863,-1,-1,-1
360,9525,647.8058,139.70245,44.78778,23.360123,0.69968784,-1,-1,-1
360,9483,643.3414,102.495895,27.74231,18.788849,0.5092071,-1,-1,-1
360,9517,585.09283,77.991295,17.279236,12.207268,0.379309,-1,-1,-1
360,9589,608.45514,78.84848,12.63739,12.354797,0.53678596,-1,-1,-1
360,9576,615.2544,86.97765,18.283447,16.600296,0.63050586,-1,-1,-1
360,9568,646.7889,87.34642,19.615112,15.759598,0.43568438,-1,-1,-1
360,9600,645.8785,140.39232,48.964172,34.831314,0.384876,-1,-1,-1
360,9584,597.5566,241.70943,97.34039,94.09514,0.3593592,-1,-1,-1
361,9525,647.40515,138.77216,43.487488,22.571243,0.6526261,-1,-1,-1
361,9483,642.5973,102.590065,27.722107,18.303795,0.47020987,-1,-1,-1
361,9517,585.00574,77.71075,17.530457,12.369026,0.27886596,-1,-1,-1
361,9589,608.5423,78.667076,12.442322,12.357338,0.417255,-1,-1,-1
361,9576,615.1085,86.72741,17.853455,16.487831,0.6230739,-1,-1,-1
361,9600,644.8629,139.60732,47.463318,34.347626,0.35069278,-1,-1,-1
362,9525,647.34534,137.86708,42.213806,22.43016,0.75859636,-1,-1,-1
362,9483,641.9179,102.62985,27.725525,18.203278,0.499301,-1,-1,-1
362,9589,608.68164,78.62021,12.235352,12.11525,0.41089723,-1,-1,-1
362,9576,615.01,86.86627,17.427307,16.227478,0.6264643,-1,-1,-1
362,9600,644.0472,138.58972,46.34436,32.479843,0.38370174,-1,-1,-1
362,9568,645.6183,86.97115,19.531738,15.226395,0.3974429,-1,-1,-1
362,9584,596.4323,234.6867,96.09241,90.21527,0.53632426,-1,-1,-1
363,9525,644.5979,137.0005,43.599304,23.923264,0.7074856,-1,-1,-1
363,9483,641.2314,102.603584,27.220764,17.824776,0.56406116,-1,-1,-1
363,9589,608.463,78.685165,12.4314575,12.089653,0.50629157,-1,-1,-1
363,9576,614.9113,87.10674,17.179504,15.931023,0.6334592,-1,-1,-1
363,9600,643.11084,137.5073,45.744873,36.077362,0.54743385,-1,-1,-1
363,9568,645.1865,86.935074,19.290588,15.13916,0.27539682,-1,-1,-1
363,9585,591.74786,162.31422,43.112793,28.256027,0.39716798,-1,-1,-1
364,9525,643.1567,136.00032,44.39203,24.00563,0.71186733,-1,-1,-1
364,9483,640.387,103.09782,26.51593,17.0747,0.45008838,-1,-1,-1
364,9589,608.25714,78.62888,12.702759,12.011009,0.49983895,-1,-1,-1
364,9576,614.6684,87.18833,17.158875,15.795403,0.6473816,-1,-1,-1
364,9600,642.4464,136.14244,45.565002,38.5634,0.5201155,-1,-1,-1
364,9568,645.0701,86.78923,19.19812,15.080704,0.4106884,-1,-1,-1
364,9585,591.76135,163.71188,41.370544,25.319916,0.42342156,-1,-1,-1
364,9584,596.8366,228.40993,92.9151,89.05742,0.5393612,-1,-1,-1
365,9525,642.70105,135.40854,43.87085,23.412048,0.74810565,-1,-1,-1
365,9483,639.9376,102.60928,26.720337,17.262123,0.36813566,-1,-1,-1
365,9589,607.9784,78.675156,12.848633,11.866409,0.55479133,-1,-1,-1
365,9576,614.46924,87.35371,17.312744,15.453934,0.66923225,-1,-1,-1
365,9568,644.8739,86.62093,19.31549,15.24659,0.44557998,-1,-1,-1
365,9585,591.7548,162.49847,40.726807,25.490707,0.2944617,-1,-1,-1
365,9584,598.32385,225.69571,89.00012,90.47281,0.38303125,-1,-1,-1
366,9525,642.4222,134.47424,42.85858,22.70288,0.7103917,-1,-1,-1
366,9483,639.44934,102.98337,26.36029,16.646729,0.2916479,-1,-1,-1
366,9589,607.6147,78.68759,13.0578,11.873947,0.5880577,-1,-1,-1
366,9576,614.1332,87.6411,17.435486,15.164894,0.6826719,-1,-1,-1
366,9568,644.3968,86.77857,19.767273,15.477974,0.4755788,-1,-1,-1
366,9584,598.2622,221.99799,87.72699,91.04361,0.55080366,-1,-1,-1
366,9517,585.06006,77.24025,16.960388,12.351723,0.35093734,-1,-1,-1
367,9525,642.0812,133.77254,42.020325,22.306519,0.682254,-1,-1,-1
367,9483,639.3186,103.14716,24.500244,16.09552,0.29514956,-1,-1,-1
367,9589,607.4531,78.6447,13.120117,11.847572,0.56727093,-1,-1,-1
367,9576,614.03357,87.73403,17.312866,15.022339,0.68847984,-1,-1,-1
367,9568,644.0712,86.999016,19.794128,15.359291,0.6022009,-1,-1,-1
367,9584,597.48413,220.41782,87.7973,89.319916,0.4434626,-1,-1,-1
367,9600,640.42377,134.33456,44.09424,31.776886,0.46239033,-1,-1,-1
367,9585,592.2447,150.99924,40.193054,33.262024,0.3883124,-1,-1,-1
368,9525,642.31793,133.24666,40.078796,21.468307,0.7145578,-1,-1,-1
368,9483,639.19006,103.103935,23.69104,15.891312,0.36370373,-1,-1,-1
368,9589,607.4679,78.30299,12.850159,11.560013,0.5195178,-1,-1,-1
368,9576,613.50256,87.53392,17.432251,15.133804,0.73564756,-1,-1,-1
368,9568,643.6361,87.08462,19.878967,15.438614,0.6874286,-1,-1,-1
368,9584,597.55804,218.95407,87.29712,87.25491,0.5792312,-1,-1,-1
368,9600,640.1108,133.8337,42.517212,28.660599,0.39716855,-1,-1,-1
368,9593,565.93005,194.69304,40.440674,122.803696,0.2660661,-1,-1,-1
368,9517,585.0412,76.89845,17.100891,12.610542,0.32662886,-1,-1,-1
369,9525,642.5561,132.70705,38.06256,20.420288,0.77613115,-1,-1,-1
369,9483,638.84674,102.78303,23.049377,15.874634,0.47771093,-1,-1,-1
369,9589,607.35974,78.03529,12.773804,11.522415,0.55205137,-1,-1,-1
369,9576,613.3907,87.66804,17.245972,14.8390045,0.7447706,-1,-1,-1
369,9568,643.39453,87.186295,19.739014,15.181007,0.69854677,-1,-1,-1
369,9584,597.7769,216.58015,84.14331,84.224594,0.54551625,-1,-1,-1
369,9517,585.0622,76.99441,16.974548,12.37001,0.3462373,-1,-1,-1
370,9525,642.5332,132.17543,36.986572,19.642944,0.78438586,-1,-1,-1
370,9483,638.2497,102.273346,23.030151,15.938255,0.5755826,-1,-1,-1
370,9589,607.4379,77.68368,12.549316,11.320343,0.49585095,-1,-1,-1
370,9576,613.18634,87.4871,17.32544,14.769951,0.7526935,-1,-1,-1
370,9568,642.9316,87.01561,19.819214,15.201538,0.69124377,-1,-1,-1
370,9584,598.05975,213.00162,82.204895,85.86572,0.45450482,-1,-1,-1
370,9517,585.0774,77.07146,16.80603,12.218079,0.3331319,-1,-1,-1
370,9564,873.9586,190.96606,127.15668,56.99907,0.5259885,-1,-1,-1
370,9593,567.33563,189.55818,39.70923,128.03651,0.2712325,-1,-1,-1
371,9525,641.96234,131.38777,36.56189,19.921204,0.78926134,-1,-1,-1
371,9483,637.6612,102.03602,22.749878,15.886757,0.69423145,-1,-1,-1
371,9589,607.65906,77.406685,12.184509,11.202988,0.5028422,-1,-1,-1
371,9576,613.0767,87.427666,17.071716,14.493439,0.75347763,-1,-1,-1
371,9568,642.5768,87.17278,19.622864,15.358498,0.6985415,-1,-1,-1
371,9584,597.93646,211.85196,81.32495,83.48865,0.4503731,-1,-1,-1
371,9517,585.02716,76.87403,16.878357,12.340813,0.34726143,-1,-1,-1
371,9564,869.38245,190.06917,127.813965,58.6593,0.303059,-1,-1,-1
371,9593,566.2491,188.91646,40.802917,129.38701,0.31667337,-1,-1,-1
371,9565,903.4396,235.91447,119.87512,207.82176,0.6216999,-1,-1,-1
372,9525,640.3897,130.36525,36.95862,20.540329,0.77701336,-1,-1,-1
372,9483,636.9912,102.07194,22.944397,15.692856,0.7168025,-1,-1,-1
372,9589,607.9647,76.90699,11.975098,11.199112,0.37936828,-1,-1,-1
372,9576,612.91876,86.9656,17.11206,14.601555,0.7585644,-1,-1,-1
372,9568,642.40405,87.24612,19.359863,15.642723,0.7313959,-1,-1,-1
372,9584,598.1754,210.2758,80.94653,80.10994,0.4317056,-1,-1,-1
372,9517,585.13947,76.80367,16.881836,11.961754,0.39148363,-1,-1,-1
372,9564,866.99536,188.99577,128.1875,60.21945,0.50358146,-1,-1,-1
372,9565,900.45374,249.38588,123.4447,207.94258,0.59896773,-1,-1,-1
372,9585,594.23755,144.10704,36.09137,26.716873,0.47887704,-1,-1,-1
373,9525,639.402,129.63506,36.804077,20.546555,0.76805496,-1,-1,-1
373,9483,636.64813,101.428635,22.69281,16.070778,0.6749792,-1,-1,-1
373,9589,607.46857,77.12896,12.258484,11.184555,0.4185623,-1,-1,-1
373,9576,612.70496,86.97483,17.026428,14.498871,0.7411259,-1,-1,-1
373,9568,642.579,87.27568,18.833252,15.72921,0.70597553,-1,-1,-1
373,9584,597.8965,209.67615,80.63873,73.97919,0.48089895,-1,-1,-1
373,9517,585.0942,76.81587,16.780151,11.842705,0.33945885,-1,-1,-1
373,9564,864.85754,188.23933,126.35968,60.661804,0.4169411,-1,-1,-1
373,9565,898.75275,253.23859,125.213745,208.63809,0.59109503,-1,-1,-1
373,9585,593.7231,143.53113,35.624634,25.213638,0.5263632,-1,-1,-1
373,9593,565.9708,188.67819,39.61554,131.02567,0.27301678,-1,-1,-1
374,9525,638.4099,128.85226,36.494507,20.653488,0.75828034,-1,-1,-1
374,9483,635.96643,100.34458,22.677795,16.819359,0.6619687,-1,-1,-1
374,9589,607.19293,78.17583,12.493225,10.676712,0.2986617,-1,-1,-1
374,9576,612.5627,86.80595,16.94281,14.589691,0.73463297,-1,-1,-1
374,9568,642.65247,86.856995,18.51123,15.497131,0.7022111,-1,-1,-1
374,9584,598.6711,208.10956,78.41278,72.85367,0.48412794,-1,-1,-1
374,9517,585.0794,76.753944,17.117493,11.741623,0.34040403,-1,-1,-1
374,9564,863.8323,187.67767,117.87549,60.77542,0.42046642,-1,-1,-1
374,9565,900.79095,256.49918,122.54706,202.32562,0.6303352,-1,-1,-1
374,9593,565.8902,186.55302,40.259766,133.45827,0.4210045,-1,-1,-1
375,9525,637.6396,128.01842,35.976013,20.420929,0.78367466,-1,-1,-1
375,9483,635.23425,99.69815,22.786438,17.147308,0.68735623,-1,-1,-1
375,9589,607.0858,78.410034,12.630371,10.424416,0.31994897,-1,-1,-1
375,9576,612.5282,86.60903,16.757263,14.53109,0.7416102,-1,-1,-1
375,9568,642.3948,86.5555,18.335999,15.279358,0.72735274,-1,-1,-1
375,9584,599.19543,203.76472,76.28174,74.2668,0.5735809,-1,-1,-1
375,9517,585.31116,76.80529,17.06897,11.5844345,0.4550018,-1,-1,-1
375,9564,863.39703,187.53828,111.65411,54.56784,0.4116302,-1,-1,-1
375,9565,907.1096,256.2346,116.15552,206.61615,0.51650023,-1,-1,-1
375,9593,565.4187,190.29207,39.64801,128.23882,0.6581609,-1,-1,-1
376,9525,636.9747,127.22873,35.732056,20.410599,0.7899044,-1,-1,-1
376,9483,634.52216,99.20343,22.913086,17.450943,0.70665044,-1,-1,-1
376,9589,606.91174,78.53236,12.894104,10.124954,0.30820072,-1,-1,-1
376,9576,612.418,86.28919,16.619934,14.611084,0.74526334,-1,-1,-1
376,9568,642.19415,86.28124,18.250366,15.414299,0.70456564,-1,-1,-1
376,9584,599.0739,200.01581,74.66327,74.329346,0.5981879,-1,-1,-1
376,9517,585.5157,76.809235,16.807434,11.310051,0.3828261,-1,-1,-1
376,9564,863.5061,186.91428,106.2616,50.099213,0.5723811,-1,-1,-1
376,9565,891.5727,252.64444,132.19214,214.20349,0.6472229,-1,-1,-1
376,9593,565.14813,192.87633,38.651672,125.2271,0.68602407,-1,-1,-1
377,9525,636.0971,126.554855,35.885193,19.866486,0.78752184,-1,-1,-1
377,9483,633.877,98.96429,23.31659,17.520477,0.73091453,-1,-1,-1
377,9589,606.52,78.24682,13.078186,10.125275,0.32845452,-1,-1,-1
377,9576,612.32263,86.25719,16.754272,14.361099,0.7583778,-1,-1,-1
377,9568,641.66156,86.03159,17.983398,15.323105,0.64921385,-1,-1,-1
377,9584,598.9426,197.55939,72.99963,73.49078,0.39947093,-1,-1,-1
377,9517,585.6863,76.718,16.472473,11.185562,0.4130972,-1,-1,-1
377,9564,861.98444,185.9633,104.668396,50.910843,0.5928181,-1,-1,-1
377,9565,875.61035,249.28897,148.34326,212.77893,0.56951296,-1,-1,-1
377,9593,565.3498,193.49155,37.3631,124.01074,0.7397776,-1,-1,-1
378,9525,635.6322,126.06153,35.14923,19.65963,0.8048512,-1,-1,-1
378,9483,633.2936,98.75677,23.614197,17.550331,0.7580953,-1,-1,-1
378,9589,606.581,77.0071,13.016235,10.837311,0.4410553,-1,-1,-1
378,9576,612.2061,86.400246,16.768982,14.142258,0.7364063,-1,-1,-1
378,9568,641.03937,86.09378,17.623962,15.010239,0.63092566,-1,-1,-1
378,9584,600.16125,196.91449,69.849365,70.586,0.4118186,-1,-1,-1
378,9517,585.93665,76.68007,15.938416,11.088463,0.3034337,-1,-1,-1
378,9564,859.0449,185.10968,102.91681,52.648605,0.4896442,-1,-1,-1
378,9565,862.9425,245.2053,160.43121,210.83546,0.53797144,-1,-1,-1
378,9593,565.20886,193.80545,37.933105,124.178375,0.67484236,-1,-1,-1
378,9621,591.5409,150.76714,35.93866,22.097122,0.3986387,-1,-1,-1
379,9525,635.91846,125.65656,32.973267,19.175331,0.79187196,-1,-1,-1
379,9483,632.70496,98.14593,23.540466,17.836037,0.76667356,-1,-1,-1
379,9589,605.7294,77.579636,13.279541,10.553169,0.47274625,-1,-1,-1
379,9576,612.17975,86.54938,16.766724,13.930069,0.7088483,-1,-1,-1
379,9568,640.6718,86.03094,17.239868,14.6225815,0.59712434,-1,-1,-1
379,9584,599.9008,195.98938,69.862854,69.411835,0.6600823,-1,-1,-1
379,9517,586.13477,76.74044,15.5095215,11.003532,0.34160277,-1,-1,-1
379,9564,856.7582,184.00146,102.34973,54.104584,0.4000492,-1,-1,-1
379,9565,856.3607,241.75812,160.24628,197.72864,0.7099768,-1,-1,-1
379,9593,565.18555,193.83055,37.940857,124.24376,0.65257186,-1,-1,-1
379,9621,591.67236,150.33144,35.680603,22.616257,0.5143131,-1,-1,-1
380,9525,635.23956,125.05514,32.796265,19.218208,0.7634256,-1,-1,-1
380,9483,632.0181,97.70866,23.214355,17.85907,0.7738951,-1,-1,-1
380,9589,605.44794,77.65944,13.039856,10.417023,0.49023023,-1,-1,-1
380,9576,611.972,86.49925,16.83789,13.846725,0.70430475,-1,-1,-1
380,9568,640.3663,86.03908,17.391296,14.739502,0.61988527,-1,-1,-1
380,9584,600.3679,194.11562,68.76233,69.491745,0.6169214,-1,-1,-1
380,9517,586.31256,76.7512,15.286011,10.855194,0.4452086,-1,-1,-1
380,9564,855.86383,183.13773,100.19519,54.036423,0.44061592,-1,-1,-1
380,9565,850.30743,237.45984,170.82965,188.11615,0.6095462,-1,-1,-1
380,9593,565.1437,192.66238,37.196594,125.588684,0.7685199,-1,-1,-1
380,9621,591.68976,149.62787,34.857056,22.580856,0.35432124,-1,-1,-1
381,9525,633.7938,124.426315,33.368774,20.078812,0.770597,-1,-1,-1
381,9483,631.5549,97.41609,23.040222,17.99588,0.78063846,-1,-1,-1
381,9589,605.1737,77.20664,12.968933,10.574127,0.56178683,-1,-1,-1
381,9576,611.7391,86.46719,16.858826,13.746376,0.7058203,-1,-1,-1
381,9568,640.165,86.14516,17.568481,14.708923,0.6301245,-1,-1,-1
381,9584,600.6986,192.40123,66.96118,66.72777,0.7191968,-1,-1,-1
381,9517,586.53955,76.60019,14.955505,10.799202,0.5260049,-1,-1,-1
381,9564,855.469,182.5515,96.614136,48.60556,0.43072715,-1,-1,-1
381,9565,845.29144,234.2617,177.61188,177.7231,0.57707435,-1,-1,-1
381,9593,565.4068,194.46541,36.286804,124.33656,0.83054256,-1,-1,-1
381,9621,591.99084,141.5113,33.875122,30.26767,0.38750154,-1,-1,-1
381,9625,529.2599,71.79185,11.762451,10.240547,0.34614953,-1,-1,-1
382,9525,632.6655,123.665764,33.785522,20.839592,0.7741646,-1,-1,-1
382,9483,630.9433,97.395874,23.04303,17.797523,0.7753777,-1,-1,-1
382,9589,605.05194,76.53806,12.77002,10.818314,0.5249158,-1,-1,-1
382,9576,611.33344,86.10741,16.694275,13.978813,0.6804308,-1,-1,-1
382,9568,639.3545,86.30485,18.12323,14.651207,0.6237498,-1,-1,-1
382,9584,600.80035,191.22789,65.24768,62.861374,0.7799392,-1,-1,-1
382,9517,586.3059,76.569016,14.755676,10.638618,0.48647073,-1,-1,-1
382,9564,854.3641,181.80936,96.478455,46.750076,0.4930951,-1,-1,-1
382,9565,838.67975,227.75253,184.88257,175.89618,0.6116987,-1,-1,-1
382,9593,565.3455,196.3513,36.575195,123.21178,0.7943359,-1,-1,-1
382,9621,592.0665,138.4658,33.656982,31.613083,0.49686244,-1,-1,-1
382,9625,528.9707,71.92624,11.5251465,10.186157,0.30129147,-1,-1,-1
383,9525,631.5418,123.24234,34.072998,20.81041,0.76014644,-1,-1,-1
383,9483,630.3338,98.10317,22.717346,16.927315,0.78189784,-1,-1,-1
383,9589,604.96625,76.170975,12.52179,10.857483,0.53786975,-1,-1,-1
383,9576,610.90845,86.02398,16.373901,13.921814,0.6848108,-1,-1,-1
383,9568,638.6339,86.319435,18.680664,14.77079,0.58740926,-1,-1,-1
383,9584,600.83856,189.4132,64.72485,63.469574,0.56471163,-1,-1,-1
383,9517,586.14404,76.4258,14.803284,10.579987,0.5060999,-1,-1,-1
383,9564,853.74255,181.20454,95.56201,44.899734,0.5915322,-1,-1,-1
383,9565,831.08075,223.04301,192.76447,176.92232,0.61514384,-1,-1,-1
383,9593,565.2273,196.27641,36.96582,124.382614,0.7298228,-1,-1,-1
383,9621,592.07245,136.76067,32.935547,30.051437,0.28037608,-1,-1,-1
383,9625,528.90344,72.216835,11.437744,10.146469,0.25923112,-1,-1,-1
384,9525,631.3741,122.91652,33.546387,20.447952,0.7481381,-1,-1,-1
384,9483,629.71216,98.3485,22.889343,16.364067,0.72764707,-1,-1,-1
384,9589,605.1456,76.09635,12.124207,10.72229,0.4809272,-1,-1,-1
384,9576,610.79425,86.04381,16.105408,13.819321,0.67692035,-1,-1,-1
384,9568,638.1662,86.300896,18.866272,14.568642,0.5148922,-1,-1,-1
384,9584,601.22327,187.95541,63.589905,62.522995,0.6654507,-1,-1,-1
384,9517,586.13513,76.397156,14.489807,10.500427,0.334288,-1,-1,-1
384,9564,852.68933,180.54213,94.694336,44.31128,0.6269697,-1,-1,-1
384,9565,825.7891,217.42334,198.18384,173.43124,0.5433638,-1,-1,-1
384,9593,565.4915,197.87932,36.69159,123.46239,0.81084746,-1,-1,-1
384,9625,528.6785,72.47752,11.226746,10.125534,0.27640918,-1,-1,-1
385,9525,631.2649,122.314476,33.015076,19.218346,0.719937,-1,-1,-1
385,9483,629.0769,98.65209,23.0141,15.76149,0.71776575,-1,-1,-1
385,9589,605.179,76.155174,12.055115,10.5589905,0.4716344,-1,-1,-1
385,9576,610.7554,86.1794,16.179626,13.61834,0.6854878,-1,-1,-1
385,9568,637.94086,86.37426,18.923035,14.2884445,0.5865737,-1,-1,-1
385,9584,601.4954,186.48361,62.022522,61.861984,0.6524021,-1,-1,-1
385,9517,586.0283,76.385376,14.358704,10.479027,0.3140637,-1,-1,-1
385,9564,851.43115,179.70035,92.45734,42.984024,0.6554523,-1,-1,-1
385,9565,817.17523,214.2006,206.77637,173.90968,0.5660068,-1,-1,-1
385,9593,566.16705,191.76187,36.792786,130.4477,0.81305206,-1,-1,-1
385,9625,528.14984,72.242,11.63916,10.802406,0.37695444,-1,-1,-1
385,9600,629.846,122.76712,35.321716,25.578583,0.53487754,-1,-1,-1
386,9525,631.06274,121.754684,32.048706,18.4861,0.7182425,-1,-1,-1
386,9483,628.7155,98.77297,22.947021,15.645218,0.758242,-1,-1,-1
386,9589,604.9201,76.172714,12.405029,10.530357,0.5282734,-1,-1,-1
386,9576,610.6593,85.96478,16.63263,13.760368,0.6977923,-1,-1,-1
386,9568,637.73224,86.14141,18.669678,14.181137,0.6005755,-1,-1,-1
386,9584,601.07666,185.19385,62.04358,60.62703,0.75349766,-1,-1,-1
386,9517,585.78394,75.919716,14.266235,10.714142,0.2579041,-1,-1,-1
386,9564,849.72626,179.23456,90.46344,41.28508,0.3142506,-1,-1,-1
386,9565,812.1088,211.51704,210.6803,169.90224,0.43246394,-1,-1,-1
386,9593,566.202,188.99936,37.347717,132.75372,0.6067779,-1,-1,-1
386,9625,527.7392,72.18641,11.868347,11.196289,0.4306395,-1,-1,-1
386,9600,629.4097,122.37381,34.66559,26.20604,0.25489864,-1,-1,-1
387,9525,630.1636,121.12097,32.369324,18.633423,0.7331652,-1,-1,-1
387,9483,628.1638,98.65718,23.388306,15.583664,0.7651896,-1,-1,-1
387,9589,604.90186,76.21981,12.527893,10.659843,0.46301174,-1,-1,-1
387,9576,610.33246,86.17348,16.801392,13.525459,0.6994357,-1,-1,-1
387,9568,637.50574,86.00377,18.581116,14.1772995,0.5968284,-1,-1,-1
387,9584,600.8,183.4705,61.109375,61.002945,0.6852573,-1,-1,-1
387,9564,851.2254,179.04553,85.16937,39.3826,0.5258865,-1,-1,-1
387,9565,807.0946,209.4879,205.86182,164.76433,0.51536006,-1,-1,-1
387,9593,566.0811,187.30096,37.21454,134.83875,0.73119074,-1,-1,-1
387,9625,527.50256,72.31017,11.737915,11.278679,0.32576558,-1,-1,-1
388,9525,629.444,120.67828,31.64215,17.873276,0.7605857,-1,-1,-1
388,9483,627.5479,98.42148,23.110718,15.644363,0.74698454,-1,-1,-1
388,9589,604.81964,76.31264,12.670288,10.674049,0.48254687,-1,-1,-1
388,9576,609.9313,86.06952,17.237976,13.552513,0.7090711,-1,-1,-1
388,9568,637.27893,85.909325,18.508545,14.367912,0.6697273,-1,-1,-1
388,9584,601.8306,181.46074,59.067993,60.4337,0.73740256,-1,-1,-1
388,9564,848.95056,178.58978,82.41406,37.773544,0.5305611,-1,-1,-1
388,9565,803.89185,204.07858,200.86926,161.81647,0.74394685,-1,-1,-1
388,9593,565.9977,186.56656,37.766052,135.2103,0.68706065,-1,-1,-1
388,9625,526.9149,72.39693,12.1015625,11.449738,0.38085046,-1,-1,-1
389,9525,629.4627,120.36278,30.04596,17.114914,0.7758039,-1,-1,-1
389,9483,626.84717,97.93481,23.282043,15.940239,0.77178895,-1,-1,-1
389,9589,604.89136,76.353966,12.305237,10.526138,0.46051764,-1,-1,-1
389,9576,609.58984,86.06538,16.786682,13.304207,0.6886112,-1,-1,-1
389,9568,636.97986,85.704,18.435486,13.96843,0.6246708,-1,-1,-1
389,9584,600.2309,179.56601,60.225403,60.50792,0.7106605,-1,-1,-1
389,9565,799.37805,200.39081,194.45343,158.28772,0.6954994,-1,-1,-1
389,9593,564.8355,192.13667,39.246826,129.68541,0.4121144,-1,-1,-1
389,9625,526.3276,72.45682,12.66095,11.731216,0.45314372,-1,-1,-1
390,9525,629.0503,120.00314,29.853699,16.67517,0.76816624,-1,-1,-1
390,9483,626.3958,97.75009,22.978455,15.988892,0.75821334,-1,-1,-1
390,9589,604.9662,76.27092,11.863159,10.501976,0.36812767,-1,-1,-1
390,9576,609.4608,86.16771,16.469604,13.025787,0.6595137,-1,-1,-1
390,9568,636.626,85.61249,17.577515,13.628586,0.58365,-1,-1,-1
390,9584,600.1806,178.13971,58.776917,60.20723,0.7024709,-1,-1,-1
390,9565,795.46344,197.84166,185.51398,151.49168,0.68700814,-1,-1,-1
390,9593,564.67584,188.065,39.668274,134.66861,0.30262974,-1,-1,-1
390,9625,526.2608,72.52334,12.7439575,11.887962,0.47421896,-1,-1,-1
391,9525,627.9896,119.64063,29.626404,16.806664,0.76383114,-1,-1,-1
391,9483,626.0304,97.5082,22.64801,15.849739,0.780166,-1,-1,-1
391,9589,604.91974,75.89696,11.538086,10.53804,0.3096532,-1,-1,-1
391,9576,609.07465,85.709854,16.061768,13.168892,0.65055096,-1,-1,-1
391,9568,636.29407,85.57406,17.14624,13.742043,0.5480818,-1,-1,-1
391,9584,600.4821,177.58713,57.276306,58.037125,0.7671131,-1,-1,-1
391,9565,791.33563,195.84877,177.88098,145.34761,0.57374996,-1,-1,-1
391,9593,564.5055,186.03716,39.80548,137.45555,0.5625093,-1,-1,-1
391,9625,526.07556,72.59454,12.477783,11.888344,0.3611865,-1,-1,-1
392,9525,627.1336,119.22742,29.554932,17.433426,0.78010774,-1,-1,-1
392,9483,625.656,97.29583,21.886414,15.9068985,0.7935869,-1,-1,-1
392,9589,604.9331,75.925644,11.259155,10.342415,0.29365307,-1,-1,-1
392,9576,608.73926,85.430756,15.903931,13.40242,0.66016704,-1,-1,-1
392,9568,635.8022,85.686455,17.296753,14.000427,0.5540346,-1,-1,-1
392,9584,599.7721,176.68929,56.70636,56.58284,0.754861,-1,-1,-1
392,9565,789.64435,193.19653,169.48584,142.73373,0.39441946,-1,-1,-1
392,9593,564.37695,186.25192,40.102844,137.92786,0.54907185,-1,-1,-1
392,9625,525.5855,73.01702,12.848938,11.79007,0.363275,-1,-1,-1
393,9525,626.4646,118.65557,29.299744,18.202812,0.76800144,-1,-1,-1
393,9483,625.38446,97.06208,21.946167,15.894615,0.8028473,-1,-1,-1
393,9589,604.8299,75.97241,10.977966,10.091858,0.29408965,-1,-1,-1
393,9576,608.415,84.8916,15.639404,13.730667,0.6976379,-1,-1,-1
393,9568,635.2288,85.52025,17.14978,13.677567,0.511149,-1,-1,-1
393,9584,598.40375,175.95074,56.970154,56.40352,0.38361502,-1,-1,-1
393,9565,786.1509,190.90709,164.56415,137.72655,0.40635908,-1,-1,-1
393,9625,525.1166,73.24576,13.281372,11.75235,0.4494783,-1,-1,-1
394,9525,626.25366,118.140526,29.263672,18.93406,0.77059376,-1,-1,-1
394,9483,625.2513,96.918594,21.622803,15.876106,0.8053005,-1,-1,-1
394,9589,604.69434,75.972435,10.786377,10.205902,0.2975401,-1,-1,-1
394,9576,608.19507,84.963455,15.467468,13.622108,0.6918963,-1,-1,-1
394,9568,635.2352,85.46889,16.523071,13.425858,0.54544467,-1,-1,-1
394,9584,599.1639,174.28758,55.07898,55.781326,0.6829798,-1,-1,-1
394,9565,784.0865,188.78127,156.69281,132.64095,0.39776626,-1,-1,-1
394,9625,524.9248,73.761406,13.388733,11.414284,0.41110575,-1,-1,-1
394,9593,564.06494,188.02614,39.66748,137.39067,0.40391678,-1,-1,-1
395,9525,625.8436,117.77743,29.267822,19.574791,0.77050257,-1,-1,-1
395,9483,625.0156,96.74794,21.132385,15.906769,0.8045064,-1,-1,-1
395,9589,604.60767,75.94918,10.778687,10.183708,0.28552738,-1,-1,-1
395,9576,607.9291,84.77338,15.765259,13.802277,0.7058987,-1,-1,-1
395,9568,635.0736,85.35286,16.37732,13.432663,0.5563841,-1,-1,-1
395,9584,599.7713,172.9117,53.473267,54.081497,0.78504044,-1,-1,-1
395,9565,781.4783,186.82675,152.87775,127.73959,0.73695314,-1,-1,-1
395,9625,524.93805,74.24774,13.202026,11.094925,0.40423122,-1,-1,-1
395,9593,563.6148,194.74614,38.348755,132.10014,0.41729766,-1,-1,-1
396,9525,625.14197,117.41275,29.357666,19.851318,0.75945437,-1,-1,-1
396,9483,624.55817,97.15989,20.604248,15.290985,0.7964793,-1,-1,-1
396,9576,607.79297,84.42394,16.02533,14.06395,0.70794606,-1,-1,-1
396,9568,634.44604,85.38043,16.867737,13.682182,0.5735445,-1,-1,-1
396,9584,599.13293,171.53651,53.633972,54.22432,0.7224186,-1,-1,-1
396,9565,776.6354,187.48964,152.2757,122.668106,0.67661655,-1,-1,-1
396,9625,524.62463,74.79356,13.294922,10.816406,0.3343903,-1,-1,-1
396,9593,563.06134,211.84183,35.405334,113.977844,0.44367644,-1,-1,-1
396,9635,588.81244,131.83432,29.096924,26.697922,0.3966411,-1,-1,-1
397,9525,624.7633,116.89974,29.083618,19.912392,0.73913145,-1,-1,-1
397,9483,623.82086,97.39574,20.530762,14.856712,0.7922629,-1,-1,-1
397,9576,607.75,84.16807,15.897156,14.16748,0.69964314,-1,-1,-1
397,9568,634.30225,85.46554,17.021057,13.892807,0.5442621,-1,-1,-1
397,9584,598.6139,169.21107,53.333923,54.525528,0.6707041,-1,-1,-1
397,9565,775.9002,185.69342,142.4541,119.872284,0.76351213,-1,-1,-1
397,9625,523.8691,75.32672,13.965637,10.807938,0.2583843,-1,-1,-1
397,9593,562.77905,203.60968,36.90393,124.28888,0.5180183,-1,-1,-1
398,9525,624.8641,116.368454,27.910522,18.324097,0.723858,-1,-1,-1
398,9483,623.0494,97.53686,20.384827,14.470833,0.7906875,-1,-1,-1
398,9576,607.63025,84.080246,15.870239,14.056992,0.701497,-1,-1,-1
398,9568,633.8482,85.340355,17.308838,14.251671,0.4551759,-1,-1,-1
398,9584,598.19446,167.63708,52.92163,53.44142,0.70731264,-1,-1,-1
398,9565,771.23846,181.89833,138.52844,118.15224,0.77787644,-1,-1,-1
398,9593,562.3991,201.01164,37.381897,127.043594,0.65624493,-1,-1,-1
398,9635,588.1124,131.56088,27.453064,25.901993,0.34082586,-1,-1,-1
399,9525,624.5548,115.774864,27.343323,17.41407,0.73584855,-1,-1,-1
399,9483,622.43634,97.44518,20.417908,14.3888855,0.78573227,-1,-1,-1
399,9576,607.36066,83.93063,15.891602,14.141464,0.70349693,-1,-1,-1
399,9568,633.5701,85.3216,17.014526,14.252594,0.43265274,-1,-1,-1
399,9584,598.01324,166.62814,52.050476,52.494354,0.7716246,-1,-1,-1
399,9565,766.15405,178.76414,136.92334,118.36882,0.5157278,-1,-1,-1
399,9593,561.75836,200.34543,38.318237,127.61136,0.6055644,-1,-1,-1
399,9635,588.04694,130.2815,27.720459,26.15538,0.31160563,-1,-1,-1
400,9525,624.132,115.37565,26.641174,17.263832,0.7273028,-1,-1,-1
400,9483,621.99084,97.17379,20.91803,14.443405,0.785009,-1,-1,-1
400,9576,607.25104,83.76293,15.906311,14.235107,0.72168475,-1,-1,-1
400,9568,633.1604,85.45205,16.951965,14.0410385,0.32835063,-1,-1,-1
400,9584,598.2181,165.42932,51.55017,53.725067,0.70666,-1,-1,-1
400,9565,763.1183,176.94496,133.62653,115.96947,0.7872905,-1,-1,-1
400,9593,561.6333,209.36668,37.818665,118.32643,0.5673805,-1,-1,-1
400,9625,522.8502,76.73197,14.159851,10.405212,0.2768653,-1,-1,-1
401,9525,623.2959,115.06835,26.443909,17.62725,0.7253907,-1,-1,-1
401,9483,621.3782,96.82836,20.821045,14.554733,0.7645852,-1,-1,-1
401,9576,607.0954,83.320694,15.880188,14.472824,0.71917856,-1,-1,-1
401,9568,632.4266,85.577194,16.915283,13.750877,0.31090418,-1,-1,-1
401,9584,597.5776,164.14772,51.24774,53.045547,0.7618252,-1,-1,-1
401,9565,756.824,177.46777,135.3601,110.344604,0.77795124,-1,-1,-1
401,9593,561.30225,202.24792,38.39624,126.90463,0.5705982,-1,-1,-1
402,9525,622.17755,114.89647,26.871826,19.143494,0.7339305,-1,-1,-1
402,9483,620.8895,96.30662,20.057556,14.958458,0.75281805,-1,-1,-1
402,9576,606.8172,83.06596,15.802856,14.708244,0.73134315,-1,-1,-1
402,9568,631.6411,85.42868,17.163086,13.695847,0.3454776,-1,-1,-1
402,9584,596.8614,162.873,51.777527,53.107803,0.79449844,-1,-1,-1
402,9565,754.78955,176.381,131.12311,106.23366,0.7465355,-1,-1,-1
402,9593,561.1949,201.44496,38.328064,127.92726,0.616243,-1,-1,-1
402,9639,752.88525,178.37073,134.9527,108.08029,0.4280034,-1,-1,-1
402,9635,587.3018,128.26672,27.897278,27.253952,0.49244052,-1,-1,-1
403,9525,621.44055,114.56348,27.32727,21.06485,0.7359327,-1,-1,-1
403,9483,620.5474,95.65058,19.768738,15.509872,0.75228906,-1,-1,-1
403,9576,606.4661,82.8666,15.9435425,14.877586,0.71416456,-1,-1,-1
403,9568,630.1575,85.33536,17.9646,13.511551,0.25709257,-1,-1,-1
403,9584,596.8933,162.30544,50.52246,51.430084,0.7921466,-1,-1,-1
403,9565,752.58044,173.94418,125.848755,104.540344,0.66250783,-1,-1,-1
403,9593,560.9711,201.2099,38.668335,128.55502,0.56054354,-1,-1,-1
403,9639,750.5403,177.12363,128.95618,106.44559,0.5772701,-1,-1,-1
403,9640,823.9366,345.75717,199.99298,192.32974,0.36585262,-1,-1,-1
403,9641,839.2621,444.38394,182.2873,95.51462,0.55279267,-1,-1,-1
404,9525,620.94324,114.331604,27.403687,21.182373,0.7415364,-1,-1,-1
404,9483,620.0264,95.482925,19.758606,15.59436,0.7384577,-1,-1,-1
404,9576,606.22125,82.66327,16.392334,15.114487,0.69896436,-1,-1,-1
404,9568,629.6577,85.24784,17.987488,13.695114,0.27846694,-1,-1,-1
404,9584,597.27466,162.327,48.659546,50.210648,0.5168824,-1,-1,-1
404,9565,750.68964,171.33778,121.295105,104.00322,0.45738453,-1,-1,-1
404,9593,560.8141,207.21147,37.470825,122.32707,0.48133454,-1,-1,-1
404,9639,749.8908,173.50484,122.471436,104.977615,0.63023525,-1,-1,-1
404,9640,815.41846,343.47595,208.47461,194.57587,0.41380122,-1,-1,-1
404,9641,844.07666,432.63348,178.41498,106.454285,0.6170862,-1,-1,-1
405,9525,620.47626,114.177895,27.411743,21.441078,0.7724369,-1,-1,-1
405,9483,619.4568,95.54076,19.690918,15.429993,0.7519183,-1,-1,-1
405,9576,605.8009,82.528206,16.744019,15.0876465,0.6597805,-1,-1,-1
405,9568,629.381,84.711555,17.547058,14.200241,0.2846491,-1,-1,-1
405,9584,597.0334,161.43076,47.647644,49.924118,0.74908704,-1,-1,-1
405,9565,746.5797,170.3462,119.5567,101.81355,0.6837186,-1,-1,-1
405,9593,560.4335,206.6508,37.41925,122.898636,0.6692211,-1,-1,-1
405,9639,745.205,171.28966,120.96985,103.12605,0.63816214,-1,-1,-1
405,9640,810.0764,342.05386,213.83795,197.4979,0.33930683,-1,-1,-1
405,9641,830.71906,421.23877,181.69275,117.82715,0.6391404,-1,-1,-1
406,9525,619.97284,113.8289,27.093079,21.463959,0.716486,-1,-1,-1
406,9483,618.8431,95.1683,19.725708,15.569603,0.7526899,-1,-1,-1
406,9576,605.1491,82.130875,16.751831,15.31189,0.6210688,-1,-1,-1
406,9568,628.7735,84.40872,17.609802,14.558533,0.32128966,-1,-1,-1
406,9584,596.72644,160.21165,46.79828,50.03482,0.52313954,-1,-1,-1
406,9565,742.3508,169.03609,116.73724,100.99962,0.53921497,-1,-1,-1
406,9593,559.91406,208.66574,37.85022,120.96307,0.68940264,-1,-1,-1
406,9639,744.7786,169.37059,115.46246,101.30943,0.7913928,-1,-1,-1
406,9641,826.1181,412.38873,185.33765,126.43561,0.40427774,-1,-1,-1
407,9525,619.46783,113.49557,26.316101,20.061653,0.7023361,-1,-1,-1
407,9483,618.2816,94.99201,20.005798,15.5286255,0.75603366,-1,-1,-1
407,9576,604.5886,81.66496,16.558594,15.475624,0.6519383,-1,-1,-1
407,9568,627.8289,84.42302,17.933228,14.335518,0.40167496,-1,-1,-1
407,9584,596.5181,159.02498,45.823486,49.034836,0.6562875,-1,-1,-1
407,9565,739.0567,167.2298,112.0202,99.4324,0.5638673,-1,-1,-1
407,9593,559.79443,201.6233,38.920654,128.29808,0.6879806,-1,-1,-1
407,9639,741.7095,167.2943,108.46655,99.78468,0.6360346,-1,-1,-1
407,9641,817.51276,400.86618,181.59125,137.37827,0.6513291,-1,-1,-1
408,9525,619.23914,113.28496,25.773193,19.675018,0.7354405,-1,-1,-1
408,9483,617.8491,94.849686,19.781677,15.552826,0.7724163,-1,-1,-1
408,9576,604.4169,81.709526,16.33606,15.35334,0.6941142,-1,-1,-1
408,9568,627.4561,83.90606,17.871765,14.788193,0.5101621,-1,-1,-1
408,9584,596.2756,157.7535,45.260376,48.041336,0.6583742,-1,-1,-1
408,9565,736.8742,165.80171,110.187195,97.29393,0.7741734,-1,-1,-1
408,9593,559.7812,198.2389,39.02124,131.81163,0.7244889,-1,-1,-1
408,9639,741.0653,165.42801,105.02136,98.23828,0.5752798,-1,-1,-1
408,9641,804.88806,390.79187,183.35107,146.09851,0.7012188,-1,-1,-1
409,9525,618.87256,113.22023,25.955994,20.260101,0.74900544,-1,-1,-1
409,9483,617.7049,94.819496,19.096558,15.357262,0.78510946,-1,-1,-1
409,9576,604.3919,81.79084,16.139954,15.231239,0.69841766,-1,-1,-1
409,9568,627.0586,83.60565,17.839111,15.091728,0.49225605,-1,-1,-1
409,9584,596.09143,157.3264,45.195007,47.005722,0.70205945,-1,-1,-1
409,9565,733.8394,164.16333,108.41101,96.65109,0.7688493,-1,-1,-1
409,9593,559.288,197.81425,40.031128,132.52422,0.7563322,-1,-1,-1
409,9639,737.2999,164.34367,104.53137,96.53288,0.3967144,-1,-1,-1
409,9641,790.2688,380.14172,185.2174,149.45044,0.468893,-1,-1,-1
410,9525,618.3259,112.9772,25.796753,20.344452,0.743888,-1,-1,-1
410,9483,617.43005,94.48579,19.070557,15.672333,0.772635,-1,-1,-1
410,9576,604.3425,81.83163,15.620056,15.26828,0.71027225,-1,-1,-1
410,9568,626.8931,83.68612,16.8078,14.811279,0.4720348,-1,-1,-1
410,9584,595.7074,156.73201,45.53308,44.74759,0.781943,-1,-1,-1
410,9565,731.81714,162.01389,106.83545,95.06555,0.793323,-1,-1,-1
410,9593,559.2189,196.4063,39.36383,135.30739,0.6940974,-1,-1,-1
410,9635,586.49915,125.24428,25.29242,24.556885,0.44798592,-1,-1,-1
411,9525,617.7815,112.58799,25.139587,19.529442,0.74588674,-1,-1,-1
411,9483,617.1281,94.72105,18.680237,15.369568,0.77010703,-1,-1,-1
411,9576,604.2743,81.98566,15.187378,14.959892,0.715305,-1,-1,-1
411,9568,626.2891,83.86143,16.43396,14.449341,0.4621576,-1,-1,-1
411,9584,595.4572,155.78932,45.256653,43.72853,0.7652492,-1,-1,-1
411,9565,729.9229,159.97089,104.864685,93.22406,0.83326674,-1,-1,-1
411,9593,559.2658,190.9263,39.60565,139.96146,0.6958485,-1,-1,-1
411,9641,773.96423,358.0638,186.30682,158.5646,0.70627195,-1,-1,-1
412,9525,617.51013,112.14539,25.182556,18.961693,0.728383,-1,-1,-1
412,9483,616.9424,94.68211,18.29181,15.3146515,0.76778305,-1,-1,-1
412,9576,604.29803,82.2083,15.006348,14.665817,0.7210071,-1,-1,-1
412,9568,626.48883,84.07348,15.977173,14.345673,0.54700804,-1,-1,-1
412,9584,595.2027,154.6964,45.264404,43.67369,0.76525295,-1,-1,-1
412,9565,727.2146,158.26314,105.92383,91.92941,0.7583635,-1,-1,-1
412,9593,559.087,191.1043,39.39337,141.41304,0.63333213,-1,-1,-1
412,9648,730.0168,160.31435,106.625305,91.75575,0.6072595,-1,-1,-1
412,9641,766.033,354.60947,148.4798,146.7544,0.4913243,-1,-1,-1
413,9525,617.09607,111.69674,25.434814,18.93502,0.7222849,-1,-1,-1
413,9483,616.59937,94.74212,18.02832,15.182007,0.7660314,-1,-1,-1
413,9576,604.2724,82.4981,14.871765,14.25988,0.7252364,-1,-1,-1
413,9568,626.58325,84.19063,15.359741,14.061333,0.58234864,-1,-1,-1
413,9584,595.0831,153.69043,44.653076,42.23456,0.7697359,-1,-1,-1
413,9565,725.3427,157.41132,103.29242,90.3602,0.8095673,-1,-1,-1
413,9593,559.0073,191.57495,39.068848,141.4187,0.58422506,-1,-1,-1
413,9648,728.28375,159.75064,106.95801,89.982574,0.43187693,-1,-1,-1
413,9641,760.26184,353.65268,133.82166,145.1901,0.25876978,-1,-1,-1
413,9640,785.7459,354.7767,189.68298,135.45966,0.472789,-1,-1,-1
414,9525,616.74664,111.21205,25.433105,18.895401,0.7307068,-1,-1,-1
414,9483,616.2845,94.737,17.727905,15.216034,0.7687155,-1,-1,-1
414,9576,604.04474,82.368835,14.904297,14.185013,0.7194608,-1,-1,-1
414,9568,626.4933,84.050964,14.945801,14.163918,0.64272773,-1,-1,-1
414,9584,594.9946,152.4837,43.915344,41.708862,0.7622355,-1,-1,-1
414,9565,722.8288,155.02724,99.45886,90.08923,0.7698409,-1,-1,-1
414,9593,558.48474,191.51752,39.67035,141.12344,0.6606628,-1,-1,-1
414,9648,724.7053,158.13478,99.9613,89.0269,0.40779763,-1,-1,-1
414,9641,767.1056,350.84818,172.63605,121.096344,0.5396862,-1,-1,-1
414,9654,603.28546,79.39568,12.814758,15.383499,0.3887687,-1,-1,-1
414,9640,780.7664,351.41843,187.72937,147.02557,0.46670744,-1,-1,-1
415,9525,616.34515,110.96901,25.180725,19.077957,0.74743074,-1,-1,-1
415,9483,616.1548,94.69627,17.20752,15.24498,0.77808434,-1,-1,-1
415,9576,603.73474,82.082466,14.7547,14.317268,0.73571324,-1,-1,-1
415,9568,626.49255,83.89586,14.628357,14.331123,0.69178164,-1,-1,-1
415,9584,594.89325,151.38698,43.600464,42.588364,0.8098535,-1,-1,-1
415,9565,721.2298,155.56781,98.016846,88.18848,0.29373792,-1,-1,-1
415,9593,558.4805,198.98985,39.040405,132.61485,0.69377047,-1,-1,-1
415,9648,721.7592,156.54352,98.73895,87.5408,0.6629755,-1,-1,-1
415,9641,760.7509,345.76367,183.55756,129.77823,0.69742274,-1,-1,-1
415,9654,603.09033,79.49203,12.950317,15.690933,0.41659373,-1,-1,-1
415,9625,516.49634,81.07495,13.812805,10.3628845,0.35835952,-1,-1,-1
415,9635,586.1033,123.693054,22.202148,23.829208,0.56376547,-1,-1,-1
416,9525,616.63055,110.69872,24.091614,18.44268,0.7168814,-1,-1,-1
416,9483,615.96985,94.771774,16.51715,14.978355,0.76508397,-1,-1,-1
416,9576,603.53986,82.1398,14.543213,14.038521,0.722076,-1,-1,-1
416,9568,626.4757,83.79766,14.389709,14.349655,0.6920799,-1,-1,-1
416,9584,594.84894,150.90782,43.08789,41.25522,0.73835117,-1,-1,-1
416,9565,719.6233,154.7306,94.923584,86.9709,0.3363913,-1,-1,-1
416,9593,558.93964,207.94359,37.553894,124.73549,0.7280831,-1,-1,-1
416,9648,719.58636,155.12917,96.00128,86.32736,0.80484563,-1,-1,-1
416,9654,602.95575,79.79269,13.009705,15.363121,0.39914474,-1,-1,-1
416,9625,516.3776,81.70763,13.7901,9.930801,0.50843495,-1,-1,-1
416,9635,586.36444,123.058784,21.234863,23.422401,0.6874038,-1,-1,-1
416,9640,773.25104,345.46008,185.31055,139.1607,0.43341336,-1,-1,-1
417,9525,616.7799,110.38108,23.183899,17.526054,0.7098692,-1,-1,-1
417,9483,615.69806,94.7449,16.35962,15.053329,0.7560787,-1,-1,-1
417,9576,603.4185,82.169,14.435059,13.959251,0.7229856,-1,-1,-1
417,9568,626.41174,83.68689,14.248779,14.260811,0.6670284,-1,-1,-1
417,9584,594.9216,150.72705,42.701538,39.53456,0.7267223,-1,-1,-1
417,9565,717.6216,153.51057,92.19281,85.642166,0.8351204,-1,-1,-1
417,9593,558.8713,198.12424,38.571777,135.34552,0.660725,-1,-1,-1
417,9654,602.9123,79.82415,12.888184,15.068558,0.37077168,-1,-1,-1
417,9625,515.9054,81.8562,14.093872,10.063133,0.5045141,-1,-1,-1
417,9635,586.57635,122.600174,21.226807,23.318665,0.6105083,-1,-1,-1
417,9640,753.6581,336.51416,163.72418,148.2041,0.44912532,-1,-1,-1
417,9641,754.1058,336.37286,186.16144,135.79968,0.5285241,-1,-1,-1
418,9525,616.72986,110.1189,22.803528,16.676033,0.70140034,-1,-1,-1
418,9483,615.3897,94.67672,16.399109,14.822144,0.7426832,-1,-1,-1
418,9576,603.3167,82.14492,14.324036,13.723267,0.66708153,-1,-1,-1
418,9568,626.3651,83.687805,14.156738,14.029228,0.6513575,-1,-1,-1
418,9584,595.06195,150.36476,42.131897,38.880707,0.71149904,-1,-1,-1
418,9565,716.46497,152.65115,90.34271,83.40289,0.84118086,-1,-1,-1
418,9593,559.0745,204.63959,37.461426,130.36652,0.61855745,-1,-1,-1
418,9654,602.83057,79.56958,12.752991,14.730499,0.39656135,-1,-1,-1
418,9625,515.5968,81.8405,14.2352295,10.350327,0.5001278,-1,-1,-1
418,9635,587.0473,122.17426,20.952698,22.65992,0.64801335,-1,-1,-1
418,9659,802.0991,162.37556,62.396973,40.770615,0.66532904,-1,-1,-1
418,9641,745.17566,331.35474,186.29193,140.57947,0.5713086,-1,-1,-1
419,9525,616.41254,110.10054,22.828003,18.099564,0.6846698,-1,-1,-1
419,9483,614.88544,94.87843,16.721985,14.510208,0.74858856,-1,-1,-1
419,9576,603.06757,81.75586,14.13739,13.944511,0.631776,-1,-1,-1
419,9568,626.4328,83.80267,13.802185,13.829803,0.56203705,-1,-1,-1
419,9584,595.1592,150.0891,41.39209,38.063187,0.72509545,-1,-1,-1
419,9565,714.3466,151.33197,89.710266,82.863525,0.7416647,-1,-1,-1
419,9593,559.23645,208.984,36.855164,127.42143,0.7716457,-1,-1,-1
419,9654,602.6895,79.52733,12.7890625,14.823082,0.36123294,-1,-1,-1
419,9625,515.4384,82.014366,14.11853,10.640762,0.41479942,-1,-1,-1
419,9635,587.0507,121.79585,21.005005,22.75882,0.7847952,-1,-1,-1
419,9659,800.5281,162.00214,61.138733,38.096252,0.5682626,-1,-1,-1
419,9641,743.0226,327.0324,183.6037,131.95255,0.37082618,-1,-1,-1
420,9525,615.671,109.85843,23.466858,19.228012,0.6934539,-1,-1,-1
420,9483,614.1892,94.319145,17.506836,14.788422,0.76994133,-1,-1,-1
420,9576,602.7707,81.72402,14.129517,13.9795685,0.62860537,-1,-1,-1
420,9568,625.7793,84.363205,14.215881,13.595505,0.43807706,-1,-1,-1
420,9584,595.48315,149.18285,39.983032,30.734497,0.7085709,-1,-1,-1
420,9565,711.88135,150.71619,88.662415,80.63298,0.74406236,-1,-1,-1
420,9593,558.8731,209.14555,37.268066,128.22838,0.684579,-1,-1,-1
420,9625,515.1893,82.23783,14.276611,10.860474,0.4582902,-1,-1,-1
420,9635,587.0847,121.37138,21.19757,22.986176,0.57372135,-1,-1,-1
420,9659,799.66364,161.70767,59.09259,36.125687,0.61153156,-1,-1,-1
420,9641,745.2918,319.8591,177.65527,146.8558,0.39615166,-1,-1,-1
420,9662,712.74005,151.12517,89.75311,81.64581,0.39465788,-1,-1,-1
421,9525,615.152,109.417496,23.436768,18.894104,0.68821144,-1,-1,-1
421,9483,613.69556,93.745735,17.55481,14.794365,0.7865964,-1,-1,-1
421,9576,602.2891,81.736015,14.406677,14.195877,0.6390764,-1,-1,-1
421,9568,625.5064,85.08223,14.024902,13.113243,0.27463472,-1,-1,-1
421,9584,595.2742,148.39189,39.43988,27.176254,0.6715513,-1,-1,-1
421,9565,710.97546,149.16895,84.900085,79.92612,0.8244081,-1,-1,-1
421,9593,558.6686,210.33794,37.85443,127.98537,0.7112805,-1,-1,-1
421,9625,514.67126,82.18427,14.672974,11.054504,0.36053723,-1,-1,-1
421,9635,586.48785,121.46689,21.049255,23.099976,0.67617947,-1,-1,-1
421,9659,795.57184,161.27635,61.690247,38.215744,0.6492525,-1,-1,-1
421,9641,737.5184,313.927,176.3772,148.5871,0.68648726,-1,-1,-1
421,9662,710.80743,149.54744,86.600586,81.98662,0.45712462,-1,-1,-1
421,9663,898.0159,354.17166,123.70087,163.17264,0.4311906,-1,-1,-1
421,9664,145.37695,309.83533,243.29474,194.76645,0.31134447,-1,-1,-1
422,9525,614.70605,109.17309,23.047852,18.44091,0.69194394,-1,-1,-1
422,9483,613.25256,93.53279,17.269226,14.465607,0.80305016,-1,-1,-1
422,9576,601.9924,81.787476,14.334778,14.243546,0.6742208,-1,-1,-1
422,9568,625.3319,85.26471,13.971802,12.876999,0.33208594,-1,-1,-1
422,9584,595.14746,147.41515,39.52881,31.98294,0.7409734,-1,-1,-1
422,9565,709.03766,148.21861,83.46808,78.79027,0.83953696,-1,-1,-1
422,9593,558.4115,209.98323,38.328186,128.76411,0.7708289,-1,-1,-1
422,9625,514.38855,82.540726,14.875732,11.316673,0.42843306,-1,-1,-1
422,9635,586.1884,121.17265,20.883118,23.41504,0.6463163,-1,-1,-1
422,9659,792.36456,160.93896,61.723633,37.871765,0.7078574,-1,-1,-1
422,9641,738.7661,309.57492,168.11902,141.8778,0.6970024,-1,-1,-1
422,9663,890.0438,349.01898,132.02264,172.00201,0.4918897,-1,-1,-1
422,9664,144.79126,315.0832,245.95691,190.2493,0.29537418,-1,-1,-1
423,9525,614.54803,108.92268,22.721375,17.840233,0.6676752,-1,-1,-1
423,9483,612.9407,93.69411,17.15332,13.928902,0.8168214,-1,-1,-1
423,9576,601.69214,81.97758,14.426392,14.013107,0.68336314,-1,-1,-1
423,9584,595.0828,146.8307,39.31671,33.092896,0.68679255,-1,-1,-1
423,9565,707.9726,148.1564,81.36383,76.891205,0.7955281,-1,-1,-1
423,9593,558.3799,210.40732,38.28418,129.1817,0.77998996,-1,-1,-1
423,9625,514.2824,83.09665,14.906982,11.098892,0.39781082,-1,-1,-1
423,9635,586.0027,120.85388,21.287292,23.511414,0.64457387,-1,-1,-1
423,9659,789.22644,160.8537,63.199158,38.43643,0.7490982,-1,-1,-1
423,9641,734.5827,306.3439,163.96509,138.49759,0.72196454,-1,-1,-1
423,9663,884.81635,336.3702,138.34302,189.4365,0.33528158,-1,-1,-1
423,9664,144.38802,313.6103,245.93895,192.71362,0.25266334,-1,-1,-1
424,9525,614.4304,108.61646,22.593079,17.14727,0.6944448,-1,-1,-1
424,9483,612.66974,93.36455,16.95465,13.679321,0.8108203,-1,-1,-1
424,9576,601.3317,81.73923,14.296631,14.104111,0.68429744,-1,-1,-1
424,9584,595.009,145.94861,38.756653,35.49185,0.47999117,-1,-1,-1
424,9565,706.2318,147.50298,79.647095,75.66109,0.7868571,-1,-1,-1
424,9593,558.55066,209.48206,37.730957,130.9479,0.77977204,-1,-1,-1
424,9625,513.551,83.224945,14.993591,11.448372,0.5000775,-1,-1,-1
424,9635,586.53577,120.50221,20.91742,22.956085,0.37419334,-1,-1,-1
424,9659,787.39954,160.37592,63.668274,41.013214,0.798139,-1,-1,-1
424,9641,731.3018,301.57205,156.96698,127.67438,0.8327218,-1,-1,-1
425,9525,614.1606,108.19586,22.681091,16.58731,0.6713515,-1,-1,-1
425,9483,612.5351,93.157295,16.89325,13.566063,0.79211396,-1,-1,-1
425,9576,601.1955,81.57802,14.196777,14.179726,0.6783253,-1,-1,-1
425,9584,595.0412,145.35948,38.147705,35.308533,0.5149382,-1,-1,-1
425,9565,704.661,146.79297,77.00537,73.58345,0.805267,-1,-1,-1
425,9593,558.5042,206.79219,37.552795,134.22331,0.71177244,-1,-1,-1
425,9625,513.2105,83.69907,15.011536,11.339302,0.57660204,-1,-1,-1
425,9635,586.8073,119.81627,20.804016,22.02806,0.38270253,-1,-1,-1
425,9659,785.6754,160.03604,64.56818,41.537796,0.8047745,-1,-1,-1
425,9641,727.3387,299.1439,152.27893,116.94302,0.77248204,-1,-1,-1
425,9663,766.22675,274.2811,257.42163,263.56552,0.5450733,-1,-1,-1
426,9525,613.7349,107.93939,22.70404,16.319809,0.68274105,-1,-1,-1
426,9483,612.3074,93.25136,16.946228,13.410538,0.7986172,-1,-1,-1
426,9576,600.9501,81.572914,14.176086,14.190308,0.68411154,-1,-1,-1
426,9584,595.0771,144.8488,37.903137,36.4131,0.49226037,-1,-1,-1
426,9565,701.9913,145.41658,76.07648,73.017044,0.834302,-1,-1,-1
426,9593,558.67377,206.00926,37.493774,135.5562,0.602036,-1,-1,-1
426,9625,512.93353,84.18814,15.000427,11.2860565,0.58725995,-1,-1,-1
426,9635,586.7654,119.54302,20.736816,21.704048,0.47991237,-1,-1,-1
426,9659,782.99225,159.4189,66.2428,41.99388,0.8178008,-1,-1,-1
426,9641,722.8541,295.61682,151.65259,112.76364,0.73855454,-1,-1,-1
426,9668,595.65283,144.81879,37.54138,24.641617,0.39371735,-1,-1,-1
426,9663,740.8148,262.89404,282.37103,276.54565,0.48605767,-1,-1,-1
427,9525,613.4316,107.48103,22.526001,16.493103,0.7065396,-1,-1,-1
427,9483,612.235,93.21888,16.676575,13.332497,0.78589183,-1,-1,-1
427,9576,600.77423,81.59879,14.085571,14.108673,0.66079575,-1,-1,-1
427,9584,595.30743,144.28775,37.45294,36.837982,0.44356725,-1,-1,-1
427,9565,700.6894,145.51999,74.01715,70.877625,0.8444198,-1,-1,-1
427,9593,558.51917,204.29262,37.519775,137.85054,0.63970816,-1,-1,-1
427,9625,512.5434,84.763985,14.861755,11.11058,0.57452023,-1,-1,-1
427,9635,586.7324,119.29882,20.505981,21.755516,0.6518965,-1,-1,-1
427,9659,781.345,158.62123,65.8714,41.747726,0.8132324,-1,-1,-1
427,9641,720.65265,292.29602,147.54291,109.479614,0.77667916,-1,-1,-1
427,9668,595.98193,144.17366,36.608643,24.248413,0.35574594,-1,-1,-1
428,9525,613.1602,107.31132,22.528687,16.850616,0.7109333,-1,-1,-1
428,9483,612.18713,93.09284,16.415894,13.332855,0.77581507,-1,-1,-1
428,9576,600.79846,81.71164,13.925171,13.898697,0.6486707,-1,-1,-1
428,9584,595.5051,143.63844,37.121765,36.619583,0.30369875,-1,-1,-1
428,9565,699.9803,144.88669,72.54071,69.30765,0.78307575,-1,-1,-1
428,9593,558.60266,202.68222,37.65747,140.02664,0.6185161,-1,-1,-1
428,9625,512.2868,85.10838,14.6073,11.167252,0.57299745,-1,-1,-1
428,9635,586.8149,119.28386,20.508972,22.47847,0.65506756,-1,-1,-1
428,9659,780.3223,157.90076,64.96521,41.1243,0.80807215,-1,-1,-1
428,9641,717.5687,289.88046,143.01996,107.87518,0.7819614,-1,-1,-1
428,9668,595.97174,143.80316,36.332153,21.78061,0.44250238,-1,-1,-1
428,9663,722.635,239.1045,297.2162,292.13306,0.37757552,-1,-1,-1
429,9525,612.83905,107.013016,22.123718,17.040527,0.7386566,-1,-1,-1
429,9483,611.9943,92.821365,16.024414,13.446373,0.768416,-1,-1,-1
429,9576,600.67914,81.83425,13.829529,13.731812,0.65938884,-1,-1,-1
429,9565,698.9824,143.3351,72.32251,69.86943,0.79288775,-1,-1,-1
429,9593,558.54205,204.01334,37.790527,139.13031,0.70905745,-1,-1,-1
429,9625,511.72626,85.28331,14.586731,11.390327,0.6277065,-1,-1,-1
429,9635,587.1519,119.0481,20.073181,22.452065,0.5489984,-1,-1,-1
429,9659,779.6195,157.58466,64.262024,39.86046,0.8201402,-1,-1,-1
429,9641,715.0445,286.14648,140.58917,104.47934,0.71625656,-1,-1,-1
429,9668,596.3297,143.44534,36.163025,20.189896,0.6435437,-1,-1,-1
429,9663,721.3819,232.94453,296.93744,296.21887,0.4600766,-1,-1,-1
430,9525,612.5602,106.84975,22.13385,17.185318,0.7242201,-1,-1,-1
430,9483,611.5376,92.75836,16.126404,13.3594055,0.7493581,-1,-1,-1
430,9576,600.5006,81.7219,14.013367,13.807106,0.6382418,-1,-1,-1
430,9565,698.29333,142.55093,69.70117,68.37462,0.7542108,-1,-1,-1
430,9593,558.3098,206.56458,38.406982,137.49802,0.77117336,-1,-1,-1
430,9625,511.091,85.20381,14.705261,11.882423,0.6335659,-1,-1,-1
430,9635,587.851,118.73133,19.262634,22.473885,0.37259904,-1,-1,-1
430,9659,778.6175,157.03598,64.711426,40.21689,0.8228212,-1,-1,-1
430,9641,712.70514,283.02222,137.72351,98.550446,0.7436617,-1,-1,-1
430,9668,596.2276,142.90823,36.197266,19.616302,0.6339261,-1,-1,-1
430,9663,721.7291,229.48221,296.10437,298.59073,0.5280834,-1,-1,-1
430,9664,144.95232,322.77325,251.03236,188.91476,0.26851654,-1,-1,-1
431,9525,612.08813,106.81192,22.219849,17.269676,0.69285,-1,-1,-1
431,9483,610.99255,93.023865,15.931763,13.009117,0.68626285,-1,-1,-1
431,9576,600.2523,82.046364,13.899048,13.532883,0.6165149,-1,-1,-1
431,9565,696.71814,141.34207,68.65466,68.41916,0.7853283,-1,-1,-1
431,9593,558.0884,206.29076,38.73535,138.19865,0.6385593,-1,-1,-1
431,9625,510.60458,85.33179,14.791168,12.135017,0.59945536,-1,-1,-1
431,9635,586.9387,118.674095,19.89679,21.638481,0.47847137,-1,-1,-1
431,9659,778.1313,156.7187,63.494873,40.08377,0.82219106,-1,-1,-1
431,9641,708.295,278.81143,135.30426,95.98874,0.78566366,-1,-1,-1
431,9668,596.38794,142.4001,35.576538,19.20729,0.5676392,-1,-1,-1
431,9663,724.0573,226.77908,293.91992,301.9116,0.5750184,-1,-1,-1
431,9664,144.82405,332.94095,250.60054,179.51541,0.3245459,-1,-1,-1
432,9525,611.651,106.5126,22.153442,17.05481,0.6796486,-1,-1,-1
432,9483,610.49835,92.98042,15.623291,12.909317,0.62338537,-1,-1,-1
432,9576,600.2134,82.043304,13.76239,13.4342575,0.5618929,-1,-1,-1
432,9565,696.0273,140.718,68.04004,68.372925,0.75556463,-1,-1,-1
432,9593,558.0399,208.92265,38.827576,135.01927,0.73481214,-1,-1,-1
432,9625,510.23206,85.46139,14.8063965,12.203087,0.5884132,-1,-1,-1
432,9635,586.3649,118.40908,20.319397,21.618874,0.34819436,-1,-1,-1
432,9659,776.794,156.61215,63.93042,39.746872,0.8228141,-1,-1,-1
432,9641,706.7465,276.72177,131.25421,92.569,0.68560606,-1,-1,-1
432,9668,596.91205,141.93898,34.78717,18.998169,0.59685934,-1,-1,-1
432,9663,717.521,223.85843,300.88806,308.29202,0.53034604,-1,-1,-1
432,9664,144.0992,331.34128,251.6009,181.83957,0.28732246,-1,-1,-1
432,9672,572.01483,378.6255,140.85388,142.77563,0.5118107,-1,-1,-1
433,9525,611.36957,105.952415,21.616638,16.947952,0.6314279,-1,-1,-1
433,9483,610.1616,92.934654,15.65033,12.89801,0.56778914,-1,-1,-1
433,9576,600.3785,81.32015,14.139587,13.743187,0.48225513,-1,-1,-1
433,9565,694.461,139.93066,67.78003,67.34622,0.7380661,-1,-1,-1
433,9593,558.3107,210.54147,38.827698,133.23419,0.7331033,-1,-1,-1
433,9625,509.74713,85.67508,15.142761,12.309998,0.5590171,-1,-1,-1
433,9635,586.2835,118.01513,19.816528,19.7566,0.32101166,-1,-1,-1
433,9659,775.834,155.9269,64.11017,39.801712,0.81906635,-1,-1,-1
433,9641,704.2696,274.63495,128.63708,88.42087,0.6831485,-1,-1,-1
433,9668,597.08276,141.4107,34.292603,18.915863,0.58870554,-1,-1,-1
433,9663,697.36084,224.86964,321.45477,308.18976,0.451491,-1,-1,-1
433,9664,138.41702,322.12592,251.31232,192.54382,0.31624544,-1,-1,-1
433,9672,571.93207,375.8653,140.9881,155.86029,0.36436066,-1,-1,-1
433,9673,747.7727,326.85703,276.22095,213.11533,0.4473429,-1,-1,-1
434,9525,611.1114,105.90999,21.70819,17.11943,0.69570357,-1,-1,-1
434,9483,609.6965,93.378716,15.53595,12.409691,0.6006702,-1,-1,-1
434,9576,600.44147,81.31934,14.258179,13.664383,0.47836083,-1,-1,-1
434,9565,693.5258,138.76527,66.7486,65.88681,0.6177833,-1,-1,-1
434,9593,558.4261,206.62167,39.137207,137.63837,0.580683,-1,-1,-1
434,9625,509.34192,86.153725,15.29248,12.135696,0.56934905,-1,-1,-1
434,9635,586.4943,117.6849,19.413269,18.936806,0.49918523,-1,-1,-1
434,9659,774.60925,155.31937,64.21948,40.099945,0.8214654,-1,-1,-1
434,9641,702.10156,270.73987,124.427124,87.95923,0.7442725,-1,-1,-1
434,9668,596.87415,140.62854,34.043274,19.163086,0.5409653,-1,-1,-1
434,9672,570.4514,373.51407,140.23761,149.42404,0.4133501,-1,-1,-1
435,9525,610.9958,105.80078,21.713928,17.077965,0.6915515,-1,-1,-1
435,9483,609.58453,93.62001,15.385132,12.107773,0.55035555,-1,-1,-1
435,9576,600.23663,81.41134,13.8810425,13.709358,0.43660396,-1,-1,-1
435,9565,692.231,138.202,66.17499,64.20903,0.58189714,-1,-1,-1
435,9593,558.40796,211.65877,39.26233,132.39235,0.7634957,-1,-1,-1
435,9625,508.74274,86.7325,15.58667,11.918106,0.5023966,-1,-1,-1
435,9635,586.3481,117.61546,19.71637,18.81157,0.47594333,-1,-1,-1
435,9659,773.6498,154.75209,63.400085,40.48912,0.81783134,-1,-1,-1
435,9641,702.60516,268.58942,119.14581,85.132996,0.68170273,-1,-1,-1
435,9668,596.90204,139.86649,33.542786,18.750977,0.52283037,-1,-1,-1
435,9672,575.26495,368.21732,136.53821,157.73831,0.53131056,-1,-1,-1
436,9525,611.042,105.586975,21.523438,16.035759,0.66915965,-1,-1,-1
436,9483,609.5035,93.51448,15.197266,11.94162,0.55170864,-1,-1,-1
436,9576,600.38306,80.95118,14.071411,13.748894,0.40226278,-1,-1,-1
436,9565,691.24756,137.45084,64.8551,62.944916,0.6907003,-1,-1,-1
436,9593,558.4685,213.40681,39.857178,129.77019,0.76242065,-1,-1,-1
436,9625,508.30582,87.24172,15.720856,11.621353,0.5152912,-1,-1,-1
436,9635,586.66016,117.52548,19.369751,18.69545,0.52385974,-1,-1,-1
436,9659,773.03394,154.1247,62.058228,40.33539,0.8109589,-1,-1,-1
436,9641,700.53564,265.13507,116.55914,84.81448,0.70723647,-1,-1,-1
436,9668,596.8131,139.19516,33.427246,18.970795,0.5003218,-1,-1,-1
437,9525,611.37396,105.58681,21.187256,15.824829,0.6690887,-1,-1,-1
437,9483,609.29333,93.172356,15.038391,12.079514,0.6266107,-1,-1,-1
437,9576,600.4749,80.59129,13.905457,13.775406,0.4672481,-1,-1,-1
437,9565,689.95905,136.98154,64.11005,62.687637,0.7582328,-1,-1,-1
437,9593,558.539,212.7752,40.289246,130.80933,0.7029347,-1,-1,-1
437,9625,508.13193,87.93365,15.66153,11.241501,0.4544828,-1,-1,-1
437,9635,586.7739,117.32947,19.088196,19.169128,0.60283136,-1,-1,-1
437,9659,772.22394,153.87064,62.052246,40.488586,0.8239216,-1,-1,-1
437,9641,697.9579,258.8768,115.09436,88.98291,0.6815865,-1,-1,-1
437,9668,597.1683,138.73724,33.01648,18.946136,0.6194817,-1,-1,-1
437,9568,621.857,87.24741,11.430359,11.222389,0.4146662,-1,-1,-1
437,9664,144.75682,313.4838,249.73027,203.40536,0.27109882,-1,-1,-1
438,9525,611.1425,105.29788,21.32434,16.673859,0.6746976,-1,-1,-1
438,9483,609.10425,92.80801,15.147949,12.484802,0.6476994,-1,-1,-1
438,9576,600.51385,80.39615,13.55072,13.723587,0.4871018,-1,-1,-1
438,9565,688.12244,136.74496,64.37256,62.324936,0.787333,-1,-1,-1
438,9593,558.8739,214.12096,40.03711,129.56761,0.68009084,-1,-1,-1
438,9625,507.77084,88.158356,15.617645,11.482262,0.3908668,-1,-1,-1
438,9635,586.82526,116.96421,19.005554,19.544807,0.6629405,-1,-1,-1
438,9659,771.73517,153.63704,61.13794,40.47133,0.8110464,-1,-1,-1
438,9641,695.623,256.5409,113.36096,84.72705,0.6540804,-1,-1,-1
438,9668,597.8548,138.6118,32.25769,18.18814,0.65006846,-1,-1,-1
438,9679,619.6716,84.93586,12.774841,11.144707,0.32083014,-1,-1,-1
438,9568,621.9626,87.268036,10.968445,11.150192,0.44384357,-1,-1,-1
438,9664,145.90253,309.71173,248.45834,208.22119,0.25744444,-1,-1,-1
439,9525,610.5317,105.19026,22.372437,18.127571,0.68693554,-1,-1,-1
439,9483,609.01434,92.43702,15.313782,12.882751,0.65541464,-1,-1,-1
439,9576,600.5064,80.01442,13.644592,13.990501,0.4840059,-1,-1,-1
439,9565,687.53424,136.06136,63.017395,59.647476,0.7390401,-1,-1,-1
439,9625,507.63147,88.18118,15.733643,11.775658,0.3758812,-1,-1,-1
439,9635,586.54065,116.68511,19.629517,19.729301,0.58294415,-1,-1,-1
439,9659,771.06726,153.49606,59.616028,39.857605,0.8051987,-1,-1,-1
439,9641,694.86566,254.3592,108.756165,83.070175,0.67515373,-1,-1,-1
439,9668,597.9714,138.39813,32.18695,18.175293,0.7356665,-1,-1,-1
439,9679,619.1883,84.76367,13.100403,11.30204,0.3065316,-1,-1,-1
439,9568,621.5306,87.012215,11.168396,11.303246,0.39375967,-1,-1,-1
440,9525,610.5008,105.101616,22.324951,18.164383,0.7402879,-1,-1,-1
440,9483,608.6315,92.34066,15.45752,13.061668,0.68534225,-1,-1,-1
440,9576,600.39734,79.769,13.701233,14.123238,0.49815717,-1,-1,-1
440,9565,686.78143,134.58774,61.84723,59.482758,0.7156369,-1,-1,-1
440,9625,507.46216,88.24828,15.832886,12.007698,0.3879557,-1,-1,-1
440,9635,586.7748,116.579796,19.417908,19.742973,0.63917494,-1,-1,-1
440,9659,770.735,153.43835,57.232544,38.30597,0.7957421,-1,-1,-1
440,9641,693.3145,248.59123,106.07007,86.367294,0.69243383,-1,-1,-1
440,9668,597.96216,137.73866,32.18335,19.172592,0.7287287,-1,-1,-1
440,9679,618.8259,84.61816,13.240662,11.651283,0.3774769,-1,-1,-1
440,9568,620.93384,86.585075,11.544189,11.440224,0.41227567,-1,-1,-1
441,9525,610.5329,105.01783,21.964539,17.787628,0.7542258,-1,-1,-1
441,9483,608.3582,92.480255,15.38324,12.974136,0.689929,-1,-1,-1
441,9576,600.275,79.78329,13.731384,14.036415,0.4689677,-1,-1,-1
441,9565,686.2197,134.3893,60.457947,58.951538,0.7152176,-1,-1,-1
441,9625,507.0629,88.16253,15.740753,12.712929,0.39920145,-1,-1,-1
441,9635,586.604,116.334045,18.886536,19.74945,0.5615947,-1,-1,-1
441,9659,770.1463,153.31575,55.482117,37.58963,0.80496424,-1,-1,-1
441,9641,691.4747,248.80424,103.07312,77.97218,0.729927,-1,-1,-1
441,9668,597.91144,136.81613,32.178955,20.169907,0.67449665,-1,-1,-1
441,9679,618.7075,84.42177,13.243652,12.201035,0.38778856,-1,-1,-1
441,9568,620.253,86.40302,12.054749,11.499062,0.38858175,-1,-1,-1
441,9593,559.30457,213.91202,40.010498,131.41696,0.39098573,-1,-1,-1
441,9664,147.04367,304.50235,248.1315,215.69437,0.29716143,-1,-1,-1
442,9525,610.1877,105.157745,22.246765,18.008202,0.7516284,-1,-1,-1
442,9483,608.07983,92.59069,15.4869995,12.849594,0.6833229,-1,-1,-1
442,9576,600.3276,79.90399,13.791382,13.769905,0.4747494,-1,-1,-1
442,9565,684.98834,133.74951,60.336548,58.62262,0.70046717,-1,-1,-1
442,9625,506.72153,88.56422,15.572418,12.670441,0.42622668,-1,-1,-1
442,9635,586.6844,116.48499,18.647888,19.167519,0.60363615,-1,-1,-1
442,9659,769.66614,153.21938,55.125183,37.5748,0.81361705,-1,-1,-1
442,9641,690.93805,248.08385,101.12714,75.776505,0.64940274,-1,-1,-1
442,9668,598.8773,136.28633,30.821472,18.804993,0.6083953,-1,-1,-1
442,9679,618.4732,84.49988,13.189148,12.207062,0.44299078,-1,-1,-1
442,9593,559.0874,212.78372,40.47467,133.20612,0.31809136,-1,-1,-1
442,9664,148.25545,304.6343,247.15538,215.91049,0.37441486,-1,-1,-1
443,9525,610.2856,104.88455,21.62445,17.401085,0.6990574,-1,-1,-1
443,9483,607.8878,92.35147,15.681824,12.940407,0.6613964,-1,-1,-1
443,9576,600.37933,80.1034,13.535278,13.487389,0.40473372,-1,-1,-1
443,9565,683.1512,133.15663,59.874146,58.97502,0.70532596,-1,-1,-1
443,9625,506.2869,89.135765,15.351837,12.47892,0.41277188,-1,-1,-1
443,9635,586.4303,116.11302,18.942078,18.62761,0.49030054,-1,-1,-1
443,9659,767.6717,152.76561,55.80188,37.094986,0.80392724,-1,-1,-1
443,9641,689.31866,245.27109,100.69336,76.33826,0.5147778,-1,-1,-1
443,9668,599.17236,135.73027,30.582092,17.850922,0.54057,-1,-1,-1
443,9679,618.1896,84.8369,13.320557,11.859924,0.40833345,-1,-1,-1
443,9593,558.6743,215.12221,39.73181,132.49529,0.3473531,-1,-1,-1
443,9664,149.83751,309.2291,245.04607,211.16544,0.41507107,-1,-1,-1
443,9682,708.9225,366.48285,138.86676,123.17297,0.40093064,-1,-1,-1
444,9525,610.2436,104.63056,21.345764,17.017395,0.7261534,-1,-1,-1
444,9483,607.65344,91.89455,15.8063965,13.227104,0.66574574,-1,-1,-1
444,9576,600.2539,79.93831,13.2421875,13.526901,0.4461584,-1,-1,-1
444,9565,681.61395,131.94756,59.788696,58.12477,0.6944998,-1,-1,-1
444,9625,505.85776,89.5598,15.447601,12.506424,0.33033827,-1,-1,-1
444,9635,586.4208,115.55401,18.389648,18.263481,0.5226555,-1,-1,-1
444,9659,766.4333,152.38687,55.91693,36.701645,0.7904498,-1,-1,-1
444,9641,687.0395,242.9099,98.796326,74.66609,0.53525406,-1,-1,-1
444,9668,598.2521,134.94705,31.748047,18.084747,0.48170736,-1,-1,-1
444,9679,617.7451,84.78016,13.458496,11.656685,0.412866,-1,-1,-1
444,9593,558.9348,212.09335,40.84845,138.31638,0.5510408,-1,-1,-1
444,9664,149.95467,311.40942,244.13234,209.36664,0.28264225,-1,-1,-1
444,9682,712.653,364.0827,129.81543,136.19489,0.36592078,-1,-1,-1
445,9525,610.33813,104.50133,20.809265,16.24028,0.72857594,-1,-1,-1
445,9483,607.50824,91.52797,15.348999,13.278885,0.63815117,-1,-1,-1
445,9576,599.9518,80.03965,12.909302,13.377129,0.33669475,-1,-1,-1
445,9565,680.1685,131.20158,59.10327,57.511887,0.7663736,-1,-1,-1
445,9635,586.2821,115.28653,17.812439,18.223099,0.5038968,-1,-1,-1
445,9659,766.0164,151.94398,54.770264,36.33223,0.7891214,-1,-1,-1
445,9641,686.35895,241.12997,94.86792,69.69714,0.7693641,-1,-1,-1
445,9668,598.0538,134.67618,31.54419,18.37996,0.38322163,-1,-1,-1
445,9679,617.02185,84.78638,13.678711,11.4841385,0.42078647,-1,-1,-1
445,9593,558.91656,212.19156,40.398254,139.62051,0.3460139,-1,-1,-1
445,9584,596.7879,134.7523,33.0083,27.872223,0.5348206,-1,-1,-1
446,9525,610.1499,104.134766,20.61139,15.908897,0.7311,-1,-1,-1
446,9483,607.31714,91.14723,15.047241,13.286652,0.6215023,-1,-1,-1
446,9576,599.7278,80.33332,12.696289,13.030167,0.35887247,-1,-1,-1
446,9565,679.0264,130.93726,58.155884,57.575394,0.76746935,-1,-1,-1
446,9635,586.1734,114.899315,17.538208,17.791893,0.4077259,-1,-1,-1
446,9659,765.2574,151.58115,53.952698,35.938797,0.78704065,-1,-1,-1
446,9641,685.8849,238.14882,92.73944,69.73753,0.7686474,-1,-1,-1
446,9668,598.4458,134.08093,31.182617,17.906265,0.3666294,-1,-1,-1
446,9679,616.1955,84.90358,13.80426,11.319496,0.4240379,-1,-1,-1
446,9593,559.1045,212.1275,40.256775,139.68051,0.26332423,-1,-1,-1
446,9584,596.8224,134.19785,32.83612,27.177963,0.59653825,-1,-1,-1
447,9525,609.97327,103.712326,20.400574,15.822777,0.7367631,-1,-1,-1
447,9483,607.1733,90.838425,14.553284,13.367226,0.6444428,-1,-1,-1
447,9576,599.5456,80.52424,12.4835205,12.799385,0.38968366,-1,-1,-1
447,9565,678.4889,130.23256,57.064575,57.349457,0.7410596,-1,-1,-1
447,9635,585.9502,114.726295,17.597656,17.886665,0.57248753,-1,-1,-1
447,9659,764.34314,151.22755,53.740906,35.64633,0.7911605,-1,-1,-1
447,9641,684.062,235.6916,93.03027,70.16145,0.72889096,-1,-1,-1
447,9679,615.8063,84.8553,13.810242,11.739166,0.5142226,-1,-1,-1
447,9593,559.5131,210.45947,39.84497,141.75845,0.26891235,-1,-1,-1
447,9584,597.18964,133.79137,32.0766,23.655533,0.57777226,-1,-1,-1
447,9687,613.9089,84.04259,13.800171,11.128723,0.377313,-1,-1,-1
447,9568,613.71674,86.0208,15.499573,12.420425,0.42814687,-1,-1,-1
448,9525,609.70135,103.47515,20.561218,16.21418,0.71197975,-1,-1,-1
448,9483,606.97943,90.90085,14.127808,13.272919,0.6088376,-1,-1,-1
448,9576,599.3516,80.56268,12.572998,12.705673,0.3942747,-1,-1,-1
448,9565,677.2538,130.05151,56.686646,55.361816,0.70913047,-1,-1,-1
448,9635,585.9003,114.656075,17.574219,18.106133,0.6151624,-1,-1,-1
448,9659,763.30725,151.28627,52.469177,34.52748,0.7980352,-1,-1,-1
448,9641,682.8975,231.22162,92.49597,72.45416,0.74839,-1,-1,-1
448,9679,615.8177,84.80763,13.471313,11.813286,0.48086217,-1,-1,-1
448,9584,597.5835,133.41588,31.308655,22.119308,0.5884931,-1,-1,-1
448,9687,614.01526,83.90204,13.333191,11.152229,0.35360953,-1,-1,-1
449,9525,609.58923,103.32176,20.843384,16.42231,0.70909506,-1,-1,-1
449,9483,606.80066,90.919495,14.253052,13.221558,0.5692735,-1,-1,-1
449,9576,599.21875,80.404,12.820801,12.849442,0.39404818,-1,-1,-1
449,9565,676.49457,129.2403,55.133057,55.59851,0.6071467,-1,-1,-1
449,9635,585.8624,114.40568,18.16095,17.643242,0.44557184,-1,-1,-1
449,9659,762.69434,150.551,52.67328,34.864487,0.78729,-1,-1,-1
449,9641,681.32477,228.95697,90.92096,69.43582,0.7589702,-1,-1,-1
449,9679,615.96185,84.41415,13.147705,12.069344,0.41665712,-1,-1,-1
449,9584,598.0967,132.9985,30.471863,19.128662,0.5918552,-1,-1,-1
449,9687,614.40625,83.41151,13.138428,11.468178,0.31887424,-1,-1,-1
449,9692,591.0676,303.57547,92.06482,111.21573,0.5511513,-1,-1,-1
450,9525,609.5531,103.198425,20.700684,16.417496,0.66532135,-1,-1,-1
450,9483,606.6563,90.91606,14.51709,13.239967,0.5032374,-1,-1,-1
450,9576,599.22797,80.34089,12.780151,12.946106,0.32007554,-1,-1,-1
450,9565,676.46606,128.58556,53.669434,53.893616,0.66028726,-1,-1,-1
450,9635,585.84503,114.110954,18.698914,17.669563,0.5252902,-1,-1,-1
450,9659,761.2229,150.38089,53.705566,34.810715,0.7987337,-1,-1,-1
450,9641,680.4881,227.0669,88.526794,68.303925,0.8397702,-1,-1,-1
450,9679,615.6273,84.44816,13.058533,12.0169525,0.29732,-1,-1,-1
450,9584,598.3783,132.66182,29.886047,17.457108,0.5724343,-1,-1,-1
450,9687,614.0741,83.46294,13.214111,11.588295,0.2587673,-1,-1,-1
450,9692,591.4078,299.76266,90.873474,109.14664,0.4322113,-1,-1,-1
450,9568,613.49194,85.92104,14.883301,12.377228,0.27975163,-1,-1,-1
451,9525,609.35205,103.120865,20.802307,16.666702,0.701207,-1,-1,-1
451,9483,606.52783,91.03408,14.478638,13.101913,0.5185289,-1,-1,-1
451,9576,599.1432,80.096085,12.64563,13.111893,0.37286016,-1,-1,-1
451,9565,675.8799,127.852264,52.94464,52.86638,0.7139241,-1,-1,-1
451,9635,586.05505,113.74463,18.539673,17.714386,0.4272988,-1,-1,-1
451,9659,759.9239,149.84601,53.942993,35.22174,0.7969345,-1,-1,-1
451,9641,678.9818,225.35971,87.029175,66.34515,0.7979602,-1,-1,-1
451,9584,598.09607,132.13826,30.226929,18.684204,0.62057894,-1,-1,-1
451,9687,614.0561,83.644905,13.119385,11.716957,0.26432833,-1,-1,-1
451,9692,590.9669,299.46915,91.31641,102.037476,0.4785229,-1,-1,-1
451,9693,607.06836,94.59556,17.299988,11.282547,0.3733423,-1,-1,-1
451,9568,613.9363,85.993484,14.283569,12.305977,0.33709294,-1,-1,-1
452,9525,609.0949,102.853676,21.04126,16.938293,0.71425253,-1,-1,-1
452,9483,606.4342,91.17093,14.603577,13.057953,0.43790764,-1,-1,-1
452,9576,599.02814,79.80002,12.569519,13.254761,0.36257765,-1,-1,-1
452,9565,674.81903,127.176346,52.61267,52.87079,0.73993033,-1,-1,-1
452,9635,586.19556,113.186646,19.247986,17.921204,0.44260567,-1,-1,-1
452,9659,758.8787,149.04802,54.175537,36.038345,0.7856621,-1,-1,-1
452,9641,677.18115,223.46884,86.87128,65.31265,0.794327,-1,-1,-1
452,9584,597.89075,131.48697,30.306824,20.719849,0.61835605,-1,-1,-1
452,9692,591.0364,298.15674,90.89465,95.38202,0.3199386,-1,-1,-1
452,9679,615.21045,84.654106,12.888733,11.963676,0.32165432,-1,-1,-1
453,9525,608.98285,102.68159,20.883057,17.026917,0.732371,-1,-1,-1
453,9483,606.2184,90.913284,14.348816,13.089752,0.4683981,-1,-1,-1
453,9576,598.7949,79.30408,12.700317,13.455566,0.3764384,-1,-1,-1
453,9565,673.3485,126.73245,53.198547,51.783585,0.7658448,-1,-1,-1
453,9635,586.1396,113.03444,19.508484,17.995651,0.6174363,-1,-1,-1
453,9659,758.0664,148.4036,53.51648,35.976715,0.78971946,-1,-1,-1
453,9641,675.72,220.65544,86.61676,64.83894,0.82113546,-1,-1,-1
453,9584,597.3943,130.72612,30.908752,24.546509,0.7330215,-1,-1,-1
453,9692,591.39716,289.4816,89.88287,98.266785,0.68414867,-1,-1,-1
453,9699,992.177,328.18054,31.683472,63.899353,0.5594494,-1,-1,-1
453,9568,613.6154,86.041954,13.845215,12.133293,0.32211977,-1,-1,-1
454,9525,608.90454,102.756134,20.910156,16.885086,0.7458889,-1,-1,-1
454,9483,605.9779,90.86698,14.163757,13.08345,0.47468302,-1,-1,-1
454,9576,598.62195,79.201836,12.859192,13.558723,0.331053,-1,-1,-1
454,9565,672.4859,126.038826,52.963867,51.492302,0.7777163,-1,-1,-1
454,9635,586.128,113.29527,19.624084,17.64714,0.6043118,-1,-1,-1
454,9659,756.7893,148.02646,53.15039,35.327576,0.7954109,-1,-1,-1
454,9641,674.8425,218.21089,85.350586,64.47203,0.7949458,-1,-1,-1
454,9584,597.31335,130.21683,31.060059,26.004395,0.7222392,-1,-1,-1
454,9692,592.14246,272.768,89.07922,107.11682,0.68697536,-1,-1,-1
454,9699,987.88007,325.6725,36.078674,63.027924,0.71882826,-1,-1,-1
454,9568,613.74036,86.29313,13.515442,11.876862,0.28153452,-1,-1,-1
455,9525,608.4874,102.922134,20.618713,16.46856,0.74651235,-1,-1,-1
455,9483,605.69543,90.90727,14.144226,13.024788,0.48978302,-1,-1,-1
455,9576,598.52563,78.96303,12.892395,13.642723,0.37233323,-1,-1,-1
455,9565,671.58496,125.63215,52.276123,50.79461,0.77406013,-1,-1,-1
455,9635,586.209,113.54391,19.730225,17.375328,0.68092006,-1,-1,-1
455,9659,756.1968,147.93848,52.515625,34.840088,0.7948087,-1,-1,-1
455,9641,674.4348,217.46252,82.48297,61.85376,0.83171725,-1,-1,-1
455,9584,597.46747,129.80266,30.653076,25.547546,0.6627383,-1,-1,-1
455,9692,592.52954,251.6758,88.323425,122.34877,0.7223123,-1,-1,-1
455,9699,982.9597,324.75702,40.919373,61.132294,0.7422603,-1,-1,-1
455,9568,613.9188,86.3102,13.030212,11.770714,0.31280464,-1,-1,-1
455,9668,600.99603,129.78429,26.477356,17.369476,0.31467357,-1,-1,-1
456,9525,608.15967,103.01054,20.326843,16.16565,0.7332178,-1,-1,-1
456,9483,605.61176,90.99407,14.346191,12.881195,0.4709006,-1,-1,-1
456,9576,598.4525,78.74052,12.93103,13.749916,0.34329185,-1,-1,-1
456,9565,671.0435,125.32667,51.174072,49.683144,0.7805653,-1,-1,-1
456,9635,586.25726,113.40977,19.032532,17.084358,0.59464824,-1,-1,-1
456,9659,755.62854,148.00534,51.086792,33.786102,0.7693653,-1,-1,-1
456,9641,673.41205,215.94789,80.70502,60.393906,0.8574756,-1,-1,-1
456,9584,597.6467,129.34732,30.095825,25.074677,0.61350596,-1,-1,-1
456,9692,592.86053,245.58838,86.020996,121.30069,0.78438306,-1,-1,-1
456,9699,978.21497,320.46185,45.700012,62.284027,0.57289994,-1,-1,-1
456,9668,601.0121,129.37752,25.96753,17.372314,0.3577314,-1,-1,-1
457,9525,607.87054,102.78728,20.09607,16.253296,0.7202797,-1,-1,-1
457,9483,605.5819,90.938866,15.213196,12.804863,0.39049482,-1,-1,-1
457,9565,670.55145,124.617,49.64154,49.418083,0.7596101,-1,-1,-1
457,9635,586.1396,112.90473,18.850525,16.697105,0.50133395,-1,-1,-1
457,9659,755.50195,147.81456,50.56549,33.404587,0.7677574,-1,-1,-1
457,9641,673.16156,213.64774,78.82556,60.031647,0.85202545,-1,-1,-1
457,9584,597.63,128.90582,29.552002,25.19426,0.49535775,-1,-1,-1
457,9692,593.88617,243.19586,83.381714,118.41504,0.81178397,-1,-1,-1
457,9699,971.9049,316.77966,51.955383,65.76068,0.5925068,-1,-1,-1
457,9668,599.8433,128.75854,26.879272,18.046387,0.43558195,-1,-1,-1
457,9625,499.12244,91.85958,17.47754,15.535141,0.3956127,-1,-1,-1
458,9525,607.5883,102.59397,19.938782,16.39038,0.71644866,-1,-1,-1
458,9483,605.5151,91.32863,15.654907,12.48877,0.37538418,-1,-1,-1
458,9565,669.4291,124.22826,49.570374,49.222855,0.73136914,-1,-1,-1
458,9635,586.1217,112.920975,18.422241,16.074417,0.5119881,-1,-1,-1
458,9659,754.47595,147.57744,50.752686,34.031937,0.73270804,-1,-1,-1
458,9641,672.43195,212.3423,77.345764,57.9926,0.83779514,-1,-1,-1
458,9584,597.4703,128.3824,29.411865,25.302216,0.6060238,-1,-1,-1
458,9692,593.6198,243.97623,82.67529,112.85318,0.83390427,-1,-1,-1
458,9699,967.7928,313.49103,56.102478,70.84717,0.477,-1,-1,-1
458,9668,598.9564,128.21439,27.49884,18.510727,0.5059949,-1,-1,-1
458,9625,498.62387,92.17845,17.9039,15.726158,0.4178685,-1,-1,-1
459,9525,607.41565,102.51777,19.818115,16.52781,0.69230264,-1,-1,-1
459,9483,605.49774,91.82334,16.184998,12.11647,0.32739922,-1,-1,-1
459,9565,668.2288,123.99436,49.56659,48.412895,0.75476813,-1,-1,-1
459,9635,586.1088,112.80083,18.081726,15.850754,0.45670155,-1,-1,-1
459,9659,753.3117,147.43736,50.57727,34.127136,0.7092949,-1,-1,-1
459,9641,672.0266,210.49947,75.41626,57.124985,0.8009303,-1,-1,-1
459,9584,598.1569,127.87351,28.424072,23.400658,0.5936157,-1,-1,-1
459,9692,593.89746,246.39442,81.86127,105.646194,0.84317195,-1,-1,-1
459,9699,966.9085,311.84186,56.95581,73.17316,0.3609423,-1,-1,-1
459,9704,976.4834,326.11383,47.3443,62.151672,0.45886528,-1,-1,-1
460,9525,607.34015,102.263306,19.669434,16.696152,0.67909515,-1,-1,-1
460,9483,605.29944,91.93817,16.71283,11.969231,0.27711064,-1,-1,-1
460,9565,666.8758,123.213036,49.861572,48.427437,0.78718674,-1,-1,-1
460,9635,586.14355,113.474,17.898865,15.371994,0.39593834,-1,-1,-1
460,9659,752.57697,147.08345,49.76764,33.65341,0.6791548,-1,-1,-1
460,9641,671.1495,208.52725,73.74072,56.797638,0.7979274,-1,-1,-1
460,9584,598.2235,127.45135,28.13971,22.422935,0.5873307,-1,-1,-1
460,9692,594.51514,247.68883,80.00055,101.19685,0.7949778,-1,-1,-1
460,9699,962.7985,308.8794,60.955505,77.77811,0.5556337,-1,-1,-1
461,9525,607.1624,101.76041,19.56488,17.01876,0.66899323,-1,-1,-1
461,9483,605.012,90.336754,17.279846,11.941414,0.4081308,-1,-1,-1
461,9565,666.03796,122.36468,49.305664,48.33201,0.7547869,-1,-1,-1
461,9659,751.3355,146.74953,49.277344,32.898834,0.65092593,-1,-1,-1
461,9641,670.2413,206.77948,72.46356,55.425262,0.828428,-1,-1,-1
461,9584,597.8277,127.08073,28.156921,22.803139,0.6169861,-1,-1,-1
461,9692,593.79474,249.53271,79.832825,95.7442,0.7981874,-1,-1,-1
461,9699,957.9083,306.09842,65.752014,81.38425,0.45390454,-1,-1,-1
461,9593,565.6158,201.30959,41.98169,140.89821,0.43718493,-1,-1,-1
462,9525,607.06067,101.56506,19.488953,17.082687,0.6153859,-1,-1,-1
462,9483,604.48004,89.48763,18.101807,12.300819,0.47671387,-1,-1,-1
462,9565,665.08734,122.047,48.746765,47.540497,0.7900498,-1,-1,-1
462,9659,750.2566,146.24265,48.65039,33.21733,0.6220368,-1,-1,-1
462,9641,669.19214,205.68768,72.38672,54.525635,0.8615724,-1,-1,-1
462,9584,597.4743,126.87681,27.985474,23.327263,0.56712997,-1,-1,-1
462,9692,592.7608,251.07959,79.63263,89.15036,0.7539202,-1,-1,-1
462,9699,954.5015,303.47232,69.3089,85.95386,0.27981964,-1,-1,-1
462,9625,496.66412,95.12323,17.32898,15.542442,0.26044953,-1,-1,-1
462,9635,585.5887,111.840904,18.176758,15.701027,0.25379705,-1,-1,-1
463,9525,606.7973,101.391174,19.527283,16.91446,0.6075504,-1,-1,-1
463,9483,604.1797,88.92566,18.384766,12.540855,0.4693825,-1,-1,-1
463,9565,664.539,121.60661,48.308594,46.653748,0.80230635,-1,-1,-1
463,9659,748.84247,145.57147,49.596863,34.1595,0.46409622,-1,-1,-1
463,9641,668.9716,204.04227,70.60382,54.02658,0.8276345,-1,-1,-1
463,9584,597.23834,126.54621,27.900024,23.15287,0.5664788,-1,-1,-1
463,9692,592.85956,253.50394,77.61676,81.57684,0.801542,-1,-1,-1
463,9699,949.1826,302.76862,74.68799,86.065125,0.317733,-1,-1,-1
463,9625,496.11975,95.59108,17.186218,15.458359,0.35472572,-1,-1,-1
463,9635,585.4532,111.27772,18.14209,15.901024,0.3634386,-1,-1,-1
463,9593,566.04114,199.36275,42.772095,130.39507,0.34651712,-1,-1,-1
464,9525,606.6029,101.12908,19.707214,16.671326,0.6469962,-1,-1,-1
464,9483,603.962,88.85091,18.266724,12.725121,0.456472,-1,-1,-1
464,9565,664.0258,121.06263,47.570618,45.98832,0.7825317,-1,-1,-1
464,9659,747.07874,145.05322,50.37079,34.303177,0.4989667,-1,-1,-1
464,9641,667.83484,202.52243,69.38281,53.757263,0.8118273,-1,-1,-1
464,9584,597.04663,126.219444,28.199097,23.955055,0.640574,-1,-1,-1
464,9692,593.07196,255.5409,75.9043,74.96411,0.7196922,-1,-1,-1
464,9625,495.68896,96.05373,17.128174,15.473534,0.36449957,-1,-1,-1
464,9635,585.4881,111.07305,18.034546,15.821823,0.51267666,-1,-1,-1
465,9525,606.23846,100.81582,19.830688,16.542358,0.6645484,-1,-1,-1
465,9483,603.68365,88.67505,17.964111,12.920631,0.5703423,-1,-1,-1
465,9565,663.91144,120.5612,45.947205,45.351135,0.77902716,-1,-1,-1
465,9659,745.6193,145.04546,50.308777,33.42697,0.42919922,-1,-1,-1
465,9641,666.8254,201.33035,68.13684,53.37137,0.82213825,-1,-1,-1
465,9584,596.6117,125.76118,28.530945,25.163841,0.7236746,-1,-1,-1
465,9692,593.4661,253.20514,73.79028,71.513,0.6452688,-1,-1,-1
465,9625,495.18988,96.24998,17.338318,15.756966,0.3408708,-1,-1,-1
465,9635,585.36707,110.84274,17.697449,16.081337,0.5600607,-1,-1,-1
465,9576,597.15076,78.23129,12.583801,13.322975,0.3038496,-1,-1,-1
466,9525,606.2535,100.40675,19.382141,16.10672,0.66459286,-1,-1,-1
466,9483,603.4317,89.01874,16.657837,12.560097,0.39314222,-1,-1,-1
466,9565,662.8551,120.24545,45.28534,44.57657,0.75759965,-1,-1,-1
466,9641,665.2043,200.35367,67.2923,52.15808,0.8110393,-1,-1,-1
466,9584,596.48083,125.45639,28.729431,25.742874,0.7766256,-1,-1,-1
466,9692,593.2168,252.50703,73.13336,68.28572,0.67891973,-1,-1,-1
466,9635,585.22327,110.8837,17.439026,15.981087,0.5722335,-1,-1,-1
466,9576,597.6522,78.13325,11.862122,12.704475,0.27050808,-1,-1,-1
466,9568,605.3584,87.0792,17.453552,13.402489,0.55252504,-1,-1,-1
466,9699,937.59174,300.2663,85.57202,80.014435,0.37779206,-1,-1,-1
467,9525,606.3555,100.1443,19.072754,15.819618,0.6560175,-1,-1,-1
467,9483,603.2514,89.19244,15.952393,12.410179,0.41859734,-1,-1,-1
467,9565,661.95825,120.00493,44.41797,43.922928,0.725731,-1,-1,-1
467,9641,664.4901,198.97424,67.129944,50.090897,0.8307605,-1,-1,-1
467,9584,596.2846,124.982445,28.532837,25.99302,0.25313786,-1,-1,-1
467,9692,593.69745,251.03134,72.065186,66.736725,0.750932,-1,-1,-1
467,9635,585.02454,110.94544,17.89856,15.806671,0.5242667,-1,-1,-1
467,9576,597.7927,78.28756,11.317749,12.215668,0.2637653,-1,-1,-1
467,9568,604.73456,87.0731,17.50824,13.486282,0.5340283,-1,-1,-1
467,9699,934.4623,299.6387,88.46686,74.44986,0.40379965,-1,-1,-1
467,9668,597.8303,125.18647,25.914612,19.1128,0.62275237,-1,-1,-1
467,9659,744.22327,144.46227,48.47528,32.54988,0.40734172,-1,-1,-1
467,9625,494.05292,96.682594,17.584991,16.04206,0.31368068,-1,-1,-1
468,9525,606.4141,100.17469,19.149475,15.64296,0.6993322,-1,-1,-1
468,9483,603.34265,88.587906,15.971985,12.750336,0.49656874,-1,-1,-1
468,9565,661.53296,119.96648,43.603516,42.70395,0.7351361,-1,-1,-1
468,9641,664.15137,197.27617,65.471436,49.437744,0.82605284,-1,-1,-1
468,9692,594.33813,249.55875,70.680115,63.625793,0.5782084,-1,-1,-1
468,9635,585.29,111.84972,17.504639,15.243576,0.5245505,-1,-1,-1
468,9576,597.9239,78.193,10.920532,12.139984,0.30772147,-1,-1,-1
468,9568,604.7691,86.9896,17.194214,13.45607,0.46793243,-1,-1,-1
468,9699,930.9292,298.72696,92.06262,64.91022,0.3875665,-1,-1,-1
468,9668,597.75256,124.875984,25.48291,19.532143,0.66993845,-1,-1,-1
468,9659,743.4426,144.28714,47.044983,31.849686,0.54523724,-1,-1,-1
468,9625,493.4747,97.0195,17.480927,16.110008,0.3982309,-1,-1,-1
469,9525,606.3717,100.30189,19.273682,15.224457,0.7170018,-1,-1,-1
469,9483,603.0988,88.80073,15.6311035,12.585968,0.5062846,-1,-1,-1
469,9565,660.5045,119.56682,43.5448,42.1252,0.7844937,-1,-1,-1
469,9641,662.84204,195.67186,64.38092,49.074417,0.8148049,-1,-1,-1
469,9692,594.27814,246.29117,68.976685,60.85489,0.54359573,-1,-1,-1
469,9635,585.39075,112.03731,16.98816,15.021019,0.532297,-1,-1,-1
469,9576,597.8745,78.19082,10.830017,12.194397,0.40887704,-1,-1,-1
469,9568,604.7866,87.10566,17.28955,13.1803665,0.40571,-1,-1,-1
469,9668,597.5724,124.64728,25.483948,20.36116,0.7253934,-1,-1,-1
469,9659,742.7414,143.96191,47.144836,31.756653,0.51184636,-1,-1,-1
469,9625,493.09634,96.90782,17.428986,16.539703,0.38193452,-1,-1,-1
469,9679,607.9078,85.82121,14.470215,12.42556,0.26423785,-1,-1,-1
470,9525,606.14655,100.092995,18.924744,15.047646,0.6669829,-1,-1,-1
470,9483,602.72144,89.26862,15.618103,12.349495,0.53061795,-1,-1,-1
470,9565,659.71735,119.226715,43.38629,41.52318,0.789505,-1,-1,-1
470,9641,662.2606,194.4607,63.523743,48.509766,0.8347142,-1,-1,-1
470,9692,594.1009,243.78394,68.87091,60.404175,0.51656055,-1,-1,-1
470,9635,585.3308,112.249855,16.954407,14.372597,0.5253553,-1,-1,-1
470,9576,597.65985,78.15056,10.919922,12.413216,0.39665413,-1,-1,-1
470,9568,604.6992,87.53358,17.380127,12.788193,0.26896918,-1,-1,-1
470,9668,597.6108,124.358665,25.121826,19.955284,0.6391195,-1,-1,-1
470,9659,741.9184,143.47005,46.765747,31.792755,0.5629615,-1,-1,-1
470,9625,492.72775,96.94298,17.504822,16.990654,0.33082137,-1,-1,-1
470,9699,923.2749,296.2113,99.505066,57.02188,0.3478737,-1,-1,-1
471,9525,605.9039,100.1226,18.752563,14.213493,0.5734894,-1,-1,-1
471,9483,602.5634,89.152245,15.974548,12.468834,0.5467693,-1,-1,-1
471,9565,658.8723,119.14483,44.176697,40.833717,0.7914465,-1,-1,-1
471,9641,661.4612,193.56628,63.632507,47.6084,0.8090207,-1,-1,-1
471,9692,595.18005,232.98625,66.355286,68.29271,0.3929833,-1,-1,-1
471,9635,585.34784,112.63656,17.26947,13.7063675,0.54684615,-1,-1,-1
471,9576,597.2148,78.310875,11.259705,12.70417,0.34974602,-1,-1,-1
471,9568,603.80005,87.81769,17.5625,12.645073,0.28038678,-1,-1,-1
471,9668,597.8669,124.12811,24.684692,18.847778,0.5145178,-1,-1,-1
471,9659,741.03705,143.13142,46.684753,31.859177,0.6540161,-1,-1,-1
471,9625,492.4362,97.670685,17.670074,16.733055,0.27843964,-1,-1,-1
472,9525,605.5676,100.20081,18.819824,14.237991,0.5967416,-1,-1,-1
472,9483,602.4567,88.91582,16.144531,12.575653,0.5239739,-1,-1,-1
472,9565,658.25006,119.01694,44.498108,40.398148,0.7935989,-1,-1,-1
472,9641,659.8334,192.33446,61.69275,46.82979,0.79972535,-1,-1,-1
472,9692,594.025,229.0706,67.16846,69.45979,0.32538864,-1,-1,-1
472,9635,585.1805,112.46878,17.415588,13.392754,0.46625188,-1,-1,-1
472,9576,596.8776,78.21229,11.516235,12.927193,0.32409832,-1,-1,-1
472,9668,597.7725,123.946045,24.622131,18.60736,0.5202666,-1,-1,-1
472,9659,740.14166,143.21614,46.14453,31.61998,0.5667966,-1,-1,-1
473,9525,605.2275,100.24977,18.779236,14.437332,0.616406,-1,-1,-1
473,9483,602.31,88.90291,16.263977,12.502251,0.5491493,-1,-1,-1
473,9565,657.7451,118.80899,43.37561,39.84842,0.78242654,-1,-1,-1
473,9641,658.8762,191.16827,59.8291,44.907898,0.8105322,-1,-1,-1
473,9692,593.4402,226.09784,66.50995,69.13977,0.42066598,-1,-1,-1
473,9635,584.6643,111.36007,17.448242,13.645821,0.51787996,-1,-1,-1
473,9576,596.71497,78.28337,11.488892,12.9090805,0.32557228,-1,-1,-1
473,9668,597.53296,123.75486,24.823853,19.614677,0.52783823,-1,-1,-1
473,9659,739.20776,143.01942,45.698364,31.232254,0.4988556,-1,-1,-1
473,9625,490.41293,100.1044,17.534637,15.437515,0.3670003,-1,-1,-1
474,9525,604.9725,100.29996,18.6521,14.565109,0.61892754,-1,-1,-1
474,9565,656.9464,118.688225,42.43744,39.612755,0.78512895,-1,-1,-1
474,9641,658.0059,190.11212,59.20331,44.01616,0.8107401,-1,-1,-1
474,9692,592.81036,230.1336,65.378845,62.66333,0.45237693,-1,-1,-1
474,9635,584.4641,110.945175,17.372498,13.465485,0.49846265,-1,-1,-1
474,9576,596.5864,78.19827,11.46344,13.0159,0.25934887,-1,-1,-1
474,9668,597.2841,123.54805,25.020996,19.484482,0.41890186,-1,-1,-1
474,9659,738.0197,142.74995,45.768005,30.9841,0.52157634,-1,-1,-1
474,9625,489.66898,100.92198,17.354248,15.152634,0.3060231,-1,-1,-1
475,9525,604.5888,100.21735,18.647278,14.780342,0.6571462,-1,-1,-1
475,9565,656.22845,118.441055,41.909912,39.464706,0.79088575,-1,-1,-1
475,9641,657.159,189.21738,58.684143,43.5708,0.8192159,-1,-1,-1
475,9692,593.54504,226.73862,63.414368,63.26944,0.43132088,-1,-1,-1
475,9635,584.80225,110.3591,16.63861,13.768196,0.3660029,-1,-1,-1
475,9668,596.6057,123.32698,25.712158,20.879303,0.48293644,-1,-1,-1
475,9659,737.10535,142.51897,46.16931,30.704636,0.646932,-1,-1,-1
475,9625,488.95435,101.7533,17.530853,14.871941,0.3142959,-1,-1,-1
475,9483,602.29285,88.2653,16.407776,12.805069,0.49059275,-1,-1,-1
476,9525,604.28925,100.1524,18.667969,14.601265,0.6400784,-1,-1,-1
476,9565,655.44775,118.1605,41.469482,39.123894,0.80933076,-1,-1,-1
476,9641,656.1619,188.221,57.3927,43.255585,0.8172169,-1,-1,-1
476,9692,592.5264,226.38525,63.388,62.45581,0.50400347,-1,-1,-1
476,9635,584.93353,109.95207,16.083618,13.858208,0.44040698,-1,-1,-1
476,9668,596.92816,122.936195,24.808838,18.603218,0.37568992,-1,-1,-1
476,9659,736.4838,142.30086,45.656128,30.467804,0.57908314,-1,-1,-1
476,9625,488.34555,102.82204,17.322662,14.543747,0.3521178,-1,-1,-1
476,9710,560.67145,253.5469,36.63556,107.5376,0.3834129,-1,-1,-1
476,9483,602.48206,87.62489,16.266235,12.97644,0.44947618,-1,-1,-1
476,9584,595.4714,123.0751,26.544739,23.647873,0.4019222,-1,-1,-1
477,9525,603.9221,100.23606,17.997986,14.334312,0.5071838,-1,-1,-1
477,9565,655.0029,117.75604,40.81964,39.05681,0.8325985,-1,-1,-1
477,9641,655.028,186.72578,56.687927,42.88492,0.815331,-1,-1,-1
477,9692,592.94354,224.26193,61.77881,60.705597,0.52237993,-1,-1,-1
477,9635,584.742,109.750114,16.088684,14.011124,0.48705032,-1,-1,-1
477,9668,596.7802,122.50217,24.22882,16.949936,0.41359857,-1,-1,-1
477,9659,735.2176,142.132,45.3468,30.53302,0.6050472,-1,-1,-1
477,9625,487.4866,103.421425,17.499512,14.532669,0.35992166,-1,-1,-1
477,9710,560.34607,247.22226,37.606262,115.32205,0.4987047,-1,-1,-1
477,9483,602.4523,87.83907,16.284668,12.648056,0.25976384,-1,-1,-1
478,9525,603.96606,100.0799,17.57898,14.179375,0.48002887,-1,-1,-1
478,9565,654.588,117.25164,40.199158,39.14985,0.81544656,-1,-1,-1
478,9641,654.3202,185.59813,56.010254,42.64714,0.81695217,-1,-1,-1
478,9692,592.72986,220.4884,61.096924,60.533722,0.3821078,-1,-1,-1
478,9635,584.84845,109.722984,16.181519,14.294159,0.5157045,-1,-1,-1
478,9668,596.53345,122.05303,23.717041,16.424812,0.4103645,-1,-1,-1
478,9659,733.7204,142.01985,45.609924,30.431244,0.46465483,-1,-1,-1
478,9625,486.94223,104.035034,17.658142,14.59639,0.4972264,-1,-1,-1
478,9710,560.66266,244.08542,37.89264,119.772705,0.4943159,-1,-1,-1
478,9699,899.4648,286.6171,123.358215,53.33029,0.36093745,-1,-1,-1
479,9525,603.93115,99.823265,17.366089,14.281494,0.501317,-1,-1,-1
479,9565,653.4554,116.73093,40.112366,38.837708,0.7884882,-1,-1,-1
479,9641,653.81866,184.3641,55.125305,42.630035,0.81536776,-1,-1,-1
479,9692,592.32135,218.0969,60.558105,60.375244,0.56498796,-1,-1,-1
479,9635,584.4959,109.69922,16.733948,14.546478,0.5026981,-1,-1,-1
479,9668,596.4885,121.60504,23.018494,15.505661,0.34096184,-1,-1,-1
479,9659,732.5018,141.72414,45.531982,30.55307,0.4112023,-1,-1,-1
479,9625,486.21518,103.621735,17.884033,15.596077,0.39589748,-1,-1,-1
479,9710,560.67096,243.21881,38.38452,121.339264,0.62379813,-1,-1,-1
479,9699,896.12286,284.0968,125.9173,52.09247,0.3964549,-1,-1,-1
480,9525,603.8666,99.68517,17.359802,14.277588,0.5416847,-1,-1,-1
480,9565,652.91864,116.278824,39.645386,38.55278,0.80741453,-1,-1,-1
480,9641,653.31384,183.18085,53.986145,42.75328,0.81472254,-1,-1,-1
480,9692,592.2489,219.84732,58.999695,56.48401,0.70947677,-1,-1,-1
480,9635,584.40497,109.96803,17.173157,14.492119,0.4790059,-1,-1,-1
480,9668,596.00885,121.313614,23.266968,16.240082,0.41349924,-1,-1,-1
480,9659,732.1237,141.26187,44.789673,30.388474,0.42194918,-1,-1,-1
480,9625,485.79523,104.436295,17.890472,15.350388,0.5330129,-1,-1,-1
480,9710,560.7839,244.96173,38.294495,120.6369,0.631193,-1,-1,-1
480,9699,893.57,283.81012,127.97894,52.84146,0.39301583,-1,-1,-1
481,9525,603.6339,99.58744,17.15149,13.969139,0.580346,-1,-1,-1
481,9565,652.6376,115.86943,38.791138,38.111725,0.78364265,-1,-1,-1
481,9641,652.9244,182.43816,52.119568,41.56192,0.7925746,-1,-1,-1
481,9692,592.10986,219.55711,58.546448,53.743637,0.563689,-1,-1,-1
481,9635,584.3395,109.83692,16.99762,14.131233,0.3911457,-1,-1,-1
481,9668,595.764,121.02048,23.120483,17.059204,0.35746127,-1,-1,-1
481,9659,731.6967,141.0879,44.20056,30.341858,0.40677994,-1,-1,-1
481,9625,485.147,103.462395,17.974396,16.562729,0.48262247,-1,-1,-1
481,9710,560.7677,248.37859,37.604614,117.58742,0.5602794,-1,-1,-1
481,9699,892.07776,281.1446,129.7143,55.805267,0.28268498,-1,-1,-1
481,9717,892.15204,280.99933,131.18665,90.29431,0.40752593,-1,-1,-1
482,9525,603.3256,99.51989,17.089172,13.656563,0.5763834,-1,-1,-1
482,9565,652.4984,115.53576,37.885437,37.86651,0.80349207,-1,-1,-1
482,9641,652.63617,181.81856,51.09723,40.470917,0.7997159,-1,-1,-1
482,9692,591.7381,217.52803,57.719604,53.600388,0.5977808,-1,-1,-1
482,9635,584.4995,109.61521,16.283936,13.773224,0.46291143,-1,-1,-1
482,9668,595.6016,120.7563,23.083435,18.768097,0.31181103,-1,-1,-1
482,9659,730.88403,140.6888,43.720947,30.167374,0.51804614,-1,-1,-1
482,9625,484.31927,105.10107,17.59784,15.689362,0.35917073,-1,-1,-1
482,9710,560.6998,250.7183,37.845215,115.901596,0.7592174,-1,-1,-1
482,9717,889.54114,277.4717,134.21912,94.14157,0.2718597,-1,-1,-1
482,9679,600.38495,91.31441,12.907959,10.529221,0.45565853,-1,-1,-1
483,9525,603.2064,99.4409,17.101196,13.855293,0.59161955,-1,-1,-1
483,9565,652.0673,115.58488,37.655212,37.65725,0.81688416,-1,-1,-1
483,9641,652.0293,180.86325,50.424255,39.857742,0.8130666,-1,-1,-1
483,9692,592.2786,214.16309,56.758484,53.545074,0.5437151,-1,-1,-1
483,9635,584.8048,109.6039,15.773926,13.45005,0.4609765,-1,-1,-1
483,9668,595.49066,120.62619,23.237244,20.366272,0.32448828,-1,-1,-1
483,9625,483.62332,106.03843,17.71045,15.768593,0.557379,-1,-1,-1
483,9710,560.7817,252.307,37.611816,114.58075,0.7787561,-1,-1,-1
483,9679,600.3576,91.32933,12.743103,10.503204,0.3666368,-1,-1,-1
484,9525,603.2635,99.13677,17.218567,14.118622,0.56166875,-1,-1,-1
484,9565,651.22784,115.73964,37.669434,37.115128,0.8415866,-1,-1,-1
484,9641,651.1304,179.71155,50.161194,39.841034,0.82494295,-1,-1,-1
484,9692,591.8261,211.60321,56.568604,53.718628,0.7170632,-1,-1,-1
484,9635,585.2369,109.030785,15.1050415,13.575493,0.47241914,-1,-1,-1
484,9625,482.8281,107.73818,17.885498,14.654175,0.48907834,-1,-1,-1
484,9710,560.52484,252.8598,38.059387,114.47107,0.76647377,-1,-1,-1
484,9679,600.6732,90.96612,13.032837,10.682716,0.34113222,-1,-1,-1
485,9525,603.3348,99.095345,17.24585,14.2534485,0.5819074,-1,-1,-1
485,9565,650.3333,115.3255,37.756348,37.337006,0.82387406,-1,-1,-1
485,9641,650.1031,178.84238,49.482056,39.132828,0.8231313,-1,-1,-1
485,9692,591.76184,210.47655,55.64331,52.002396,0.5417124,-1,-1,-1
485,9635,585.3558,108.84482,15.190002,13.592033,0.55855364,-1,-1,-1
485,9625,482.32568,109.34586,18.275787,13.714737,0.3899628,-1,-1,-1
485,9710,560.54144,252.09634,38.433655,115.79248,0.66389924,-1,-1,-1
485,9679,600.7507,90.4172,13.579224,11.065063,0.36960682,-1,-1,-1
485,9659,728.6248,139.65291,41.676147,30.1913,0.46572754,-1,-1,-1
485,9668,595.3526,120.12047,22.98291,20.309235,0.3644731,-1,-1,-1
486,9525,603.25494,98.969536,17.30487,14.500092,0.57193124,-1,-1,-1
486,9565,649.2573,114.90029,37.842407,37.27842,0.8227249,-1,-1,-1
486,9641,649.18866,177.71527,48.686768,38.651993,0.82487917,-1,-1,-1
486,9692,591.32007,201.51108,54.547424,58.652374,0.37674335,-1,-1,-1
486,9635,584.9971,108.56511,15.951416,13.796753,0.6009957,-1,-1,-1
486,9625,481.5748,110.77902,18.80423,12.96962,0.38005495,-1,-1,-1
486,9710,560.615,248.90538,38.03174,118.89406,0.5589997,-1,-1,-1
486,9679,600.5794,90.19986,14.230225,11.315987,0.43761927,-1,-1,-1
486,9659,728.2771,139.47583,41.119934,30.05658,0.38497618,-1,-1,-1
486,9668,595.1895,119.8369,23.024658,20.43628,0.40104896,-1,-1,-1
487,9525,603.10297,98.97115,17.666992,14.568901,0.5565547,-1,-1,-1
487,9565,648.58014,114.50946,37.747437,37.129578,0.8193765,-1,-1,-1
487,9641,648.7192,176.28476,48.38434,38.805923,0.8250103,-1,-1,-1
487,9692,591.0915,204.14995,53.48529,53.824417,0.5752278,-1,-1,-1
487,9635,584.75323,108.13717,16.33667,14.103699,0.6307809,-1,-1,-1
487,9625,480.87994,110.23549,19.061646,14.145401,0.46317506,-1,-1,-1
487,9710,560.68774,247.15906,38.06537,121.09454,0.635738,-1,-1,-1
487,9679,600.53564,89.65518,14.687317,11.728096,0.35541606,-1,-1,-1
487,9659,727.3397,139.35297,40.946655,29.80751,0.43052864,-1,-1,-1
487,9717,877.81805,272.09998,146.07947,87.16498,0.28958687,-1,-1,-1
488,9525,602.9682,99.28879,17.865906,14.1549225,0.64149517,-1,-1,-1
488,9565,648.0953,114.12075,37.332214,36.817894,0.8175318,-1,-1,-1
488,9641,647.7441,175.83922,48.01538,37.594696,0.7574456,-1,-1,-1
488,9692,590.7827,206.92065,52.8302,48.566513,0.40145543,-1,-1,-1
488,9635,584.6418,108.05837,16.329956,13.85965,0.6666638,-1,-1,-1
488,9625,479.82794,109.467735,20.112762,15.534775,0.57694566,-1,-1,-1
488,9710,560.8858,246.73094,37.868225,121.716324,0.6488771,-1,-1,-1
488,9679,600.40094,89.14892,14.828552,11.918442,0.4248654,-1,-1,-1
488,9659,726.57184,138.9936,41.074524,30.004532,0.61027837,-1,-1,-1
488,9717,876.1884,269.36115,147.69495,89.015076,0.39501312,-1,-1,-1
489,9525,602.9443,99.32728,17.86145,13.980011,0.60834366,-1,-1,-1
489,9565,647.60095,113.7669,36.926025,36.445534,0.83356655,-1,-1,-1
489,9641,646.79803,174.62358,47.83319,37.290024,0.80586976,-1,-1,-1
489,9692,591.2088,205.95103,51.573303,47.487946,0.57276154,-1,-1,-1
489,9635,584.64795,108.25494,16.243347,13.497284,0.5821844,-1,-1,-1
489,9625,479.10895,109.801285,20.623749,15.703445,0.5665055,-1,-1,-1
489,9710,560.5731,244.9884,38.165833,123.770355,0.67508805,-1,-1,-1
489,9679,600.3657,88.870186,14.976013,12.003593,0.28177217,-1,-1,-1
489,9659,725.5422,138.78954,41.803528,30.0401,0.6820747,-1,-1,-1
489,9717,873.46326,267.11075,150.16528,91.22772,0.33486533,-1,-1,-1
489,9668,596.124,118.97135,21.057495,18.720299,0.32809177,-1,-1,-1
490,9525,602.97284,99.381996,17.963867,13.867424,0.51948476,-1,-1,-1
490,9565,647.24506,113.47865,36.614258,36.122437,0.8187003,-1,-1,-1
490,9641,645.7202,173.46375,47.954468,37.075546,0.7634576,-1,-1,-1
490,9692,590.8146,204.56181,51.457397,47.175034,0.6171535,-1,-1,-1
490,9635,584.59344,108.260506,16.377625,13.2842865,0.54861355,-1,-1,-1
490,9625,478.2239,110.544075,21.25766,15.749062,0.47425354,-1,-1,-1
490,9710,560.41486,244.35481,38.365295,124.39934,0.72347105,-1,-1,-1
490,9659,724.55225,138.83682,41.44861,29.39592,0.6432855,-1,-1,-1
490,9717,874.8214,264.78888,148.9917,92.96353,0.2656476,-1,-1,-1
490,9668,596.6427,118.86306,20.71576,17.86213,0.26258573,-1,-1,-1
491,9525,602.96234,99.19563,18.10675,13.961922,0.5481187,-1,-1,-1
491,9565,646.82526,113.29011,36.184814,35.653374,0.82770306,-1,-1,-1
491,9641,644.84595,172.35764,47.330933,36.246872,0.7761126,-1,-1,-1
491,9692,590.54565,203.0886,50.711975,46.659958,0.7166865,-1,-1,-1
491,9635,584.5895,108.03596,16.453918,13.396164,0.5665039,-1,-1,-1
491,9625,477.46118,110.09596,21.486511,16.970428,0.44738626,-1,-1,-1
491,9710,560.24255,242.89171,38.206543,125.946915,0.7034148,-1,-1,-1
491,9659,723.6539,138.64697,41.926758,29.369492,0.66215205,-1,-1,-1
491,9717,873.17554,264.95413,150.71252,90.71576,0.38109866,-1,-1,-1
491,9668,596.4278,118.67931,20.914429,18.289085,0.38927895,-1,-1,-1
492,9525,602.74304,99.43966,18.1333,13.652763,0.55424803,-1,-1,-1
492,9565,646.35016,113.229744,35.430786,35.17237,0.8155424,-1,-1,-1
492,9641,644.3115,170.90012,46.875732,37.022217,0.8078771,-1,-1,-1
492,9692,590.02704,202.93434,51.05945,44.46306,0.6188308,-1,-1,-1
492,9635,584.65466,107.92475,16.295288,13.410141,0.5151828,-1,-1,-1
492,9625,476.51132,110.70712,20.896545,17.38472,0.3958622,-1,-1,-1
492,9710,560.37225,241.35027,38.97168,126.647964,0.7321664,-1,-1,-1
492,9659,722.8242,138.60713,41.754395,29.408905,0.578491,-1,-1,-1
492,9717,871.6969,263.21948,152.24072,91.94977,0.33645156,-1,-1,-1
492,9668,596.46313,118.30997,20.719421,18.182434,0.41849497,-1,-1,-1
493,9525,602.57837,98.99429,18.07489,13.912392,0.5193966,-1,-1,-1
493,9565,645.9891,113.037926,34.687073,34.671013,0.81260985,-1,-1,-1
493,9641,643.21106,170.31567,46.64386,35.812363,0.7813435,-1,-1,-1
493,9692,589.65436,202.77483,50.87805,43.23018,0.5708725,-1,-1,-1
493,9635,584.63513,107.83426,15.709473,13.216301,0.34481153,-1,-1,-1
493,9625,475.5652,111.36796,20.338898,17.476341,0.36288595,-1,-1,-1
493,9710,560.6697,240.17613,39.046448,127.32216,0.72557724,-1,-1,-1
493,9659,722.43365,138.17511,41.42157,29.32631,0.38498834,-1,-1,-1
493,9717,867.8148,262.82715,156.0954,89.75781,0.4887023,-1,-1,-1
493,9668,596.00366,117.9221,20.838562,18.474678,0.26334798,-1,-1,-1
494,9525,602.3056,98.918655,17.95636,13.680016,0.46717498,-1,-1,-1
494,9565,645.6039,112.705666,34.10852,34.357414,0.8070259,-1,-1,-1
494,9641,642.7583,169.65625,45.697693,35.036514,0.76397574,-1,-1,-1
494,9692,590.2853,201.82481,48.041504,41.569534,0.6135606,-1,-1,-1
494,9625,474.97806,113.796524,19.670654,15.748901,0.4889566,-1,-1,-1
494,9710,560.6851,239.52306,37.982666,128.95332,0.7392103,-1,-1,-1
494,9659,722.66144,138.4767,39.552246,27.7406,0.3688414,-1,-1,-1
494,9717,866.22076,259.71826,157.30127,92.20688,0.42056125,-1,-1,-1
494,9668,595.48236,117.60529,21.206726,18.51548,0.2705077,-1,-1,-1
495,9525,602.1379,98.66621,17.812134,13.739716,0.42405164,-1,-1,-1
495,9565,645.42957,112.4089,33.563293,33.77175,0.80941397,-1,-1,-1
495,9641,642.31726,169.0172,44.787903,34.640076,0.8008788,-1,-1,-1
495,9692,590.0164,201.04688,47.606873,39.78746,0.55807817,-1,-1,-1
495,9625,474.09088,114.789925,19.975616,15.6933975,0.595275,-1,-1,-1
495,9710,560.6174,238.9563,37.96631,130.25998,0.7558609,-1,-1,-1
495,9659,722.0874,138.63423,39.141907,26.801605,0.37809002,-1,-1,-1
495,9717,860.10187,261.73196,157.12964,86.357056,0.30399123,-1,-1,-1
495,9668,594.9958,117.39734,21.531189,18.952469,0.3952037,-1,-1,-1
495,9635,584.4438,107.31508,15.0217285,13.482277,0.2610774,-1,-1,-1
496,9565,645.194,112.28285,33.216553,33.120438,0.79762113,-1,-1,-1
496,9641,641.66376,168.11626,44.645325,35.051346,0.8104442,-1,-1,-1
496,9692,589.5405,200.32913,47.01117,38.534866,0.6266384,-1,-1,-1
496,9625,472.82333,114.363075,20.620026,17.308083,0.6793428,-1,-1,-1
496,9710,560.7204,239.76369,37.5625,129.05128,0.72570443,-1,-1,-1
496,9659,720.89166,138.52518,39.172424,26.787018,0.38051838,-1,-1,-1
496,9717,857.5238,262.3937,157.49622,83.18927,0.43269438,-1,-1,-1
496,9668,594.8189,117.21862,21.380371,18.258614,0.34402213,-1,-1,-1
496,9635,584.18195,107.25111,15.055115,13.535133,0.2627951,-1,-1,-1
497,9565,644.8812,111.93331,33.100586,32.725838,0.7869295,-1,-1,-1
497,9641,640.4753,167.5169,44.582764,34.267822,0.76268935,-1,-1,-1
497,9692,588.77545,199.18156,47.255676,38.164383,0.58237064,-1,-1,-1
497,9625,472.00256,114.67746,20.65741,17.861893,0.76551944,-1,-1,-1
497,9710,560.6636,238.59674,37.07019,130.23059,0.74175185,-1,-1,-1
497,9659,720.49335,138.32877,38.39038,26.701538,0.6087192,-1,-1,-1
497,9717,856.8984,260.92087,152.5174,85.41925,0.49562314,-1,-1,-1
497,9668,594.4563,116.990425,21.310913,17.774727,0.32839668,-1,-1,-1
498,9565,644.59564,111.48387,33.137573,32.630264,0.7659892,-1,-1,-1
498,9641,639.8498,167.10486,44.019775,33.44516,0.7398666,-1,-1,-1
498,9692,588.6825,197.45952,46.15204,38.36737,0.47616264,-1,-1,-1
498,9625,471.27637,115.610565,20.821594,17.836899,0.7608654,-1,-1,-1
498,9710,560.51105,238.1942,37.33539,130.8037,0.74745864,-1,-1,-1
498,9659,720.53107,138.13054,37.7052,26.474152,0.4942757,-1,-1,-1
498,9717,853.27686,259.34738,154.41736,85.948395,0.40226728,-1,-1,-1
498,9668,594.3115,116.790474,21.332031,18.029945,0.32751787,-1,-1,-1
498,9719,641.34766,176.29196,43.342957,25.740051,0.6978431,-1,-1,-1
498,9525,602.0239,98.95805,17.52887,13.391075,0.2537169,-1,-1,-1
498,9635,583.97186,107.00782,15.027283,13.396828,0.3240532,-1,-1,-1
499,9565,643.8021,111.12692,33.451233,32.801636,0.72967815,-1,-1,-1
499,9641,639.3901,166.6728,43.85962,33.5522,0.7580351,-1,-1,-1
499,9692,588.7366,195.35364,45.76776,38.59462,0.5175178,-1,-1,-1
499,9625,470.40494,115.499565,21.210754,18.501884,0.7889735,-1,-1,-1
499,9710,560.2597,236.4226,37.776855,133.70667,0.70106155,-1,-1,-1
499,9659,720.16473,138.00078,37.59674,26.557709,0.29014173,-1,-1,-1
499,9717,847.5715,257.4767,148.193,84.48538,0.37348333,-1,-1,-1
499,9668,594.2623,116.59424,21.213379,18.32634,0.28510442,-1,-1,-1
499,9525,601.9963,98.85742,17.265625,13.351677,0.35969508,-1,-1,-1
499,9635,583.6737,107.00828,14.77478,13.29512,0.34022826,-1,-1,-1
500,9565,643.0418,110.779144,33.45331,32.961533,0.7530827,-1,-1,-1
500,9641,638.707,166.04198,43.746033,33.299225,0.73579836,-1,-1,-1
500,9692,588.83795,193.91365,45.139404,39.13681,0.47951606,-1,-1,-1
500,9625,469.0302,115.55505,21.878967,19.299667,0.8021188,-1,-1,-1
500,9710,559.9338,233.89166,38.26111,136.82571,0.6651544,-1,-1,-1
500,9717,846.0763,257.82773,145.56787,81.14526,0.40439877,-1,-1,-1
500,9525,601.7934,98.75967,17.358643,13.419693,0.29997942,-1,-1,-1
501,9565,642.3496,110.32158,33.039978,32.997574,0.77651656,-1,-1,-1
501,9641,638.4222,165.19055,42.127625,28.230606,0.7055192,-1,-1,-1
501,9692,588.59924,192.87863,44.618347,37.49759,0.5657901,-1,-1,-1
501,9625,467.92203,115.83552,22.10202,19.870384,0.79192543,-1,-1,-1
501,9710,559.6396,233.26239,38.623352,137.58066,0.66015506,-1,-1,-1
501,9717,844.8103,257.0156,144.60999,79.76248,0.4873851,-1,-1,-1
501,9719,639.4256,176.5778,42.66266,22.17772,0.5244891,-1,-1,-1
501,9635,582.68823,107.110504,15.126831,13.291489,0.31989622,-1,-1,-1
502,9565,641.8591,109.99029,32.91272,32.857185,0.73715115,-1,-1,-1
502,9641,637.9838,164.61845,42.80841,25.792175,0.7208237,-1,-1,-1
502,9692,588.5017,192.00948,44.06653,36.297073,0.4103387,-1,-1,-1
502,9625,467.12347,116.43169,21.973633,19.973892,0.7374404,-1,-1,-1
502,9710,559.62354,233.13992,38.865845,138.65234,0.6773394,-1,-1,-1
502,9717,843.85046,256.23126,141.12744,79.04031,0.4909027,-1,-1,-1
502,9719,638.8504,176.87318,42.12738,21.133957,0.43661383,-1,-1,-1
503,9565,641.4372,109.89991,32.414307,32.598717,0.7936206,-1,-1,-1
503,9641,636.81647,163.91403,42.242676,26.121384,0.7095135,-1,-1,-1
503,9692,588.9167,190.37863,43.293396,36.451797,0.4160935,-1,-1,-1
503,9625,466.27448,117.33042,21.82904,19.843925,0.71224076,-1,-1,-1
503,9710,559.84424,232.65694,38.715454,139.80687,0.62879086,-1,-1,-1
503,9717,842.1238,254.9219,138.01117,78.270386,0.5556747,-1,-1,-1
503,9719,637.6168,172.60909,42.99951,24.547058,0.2769091,-1,-1,-1
503,9635,582.8234,107.1105,14.715698,13.189972,0.2527144,-1,-1,-1
504,9565,641.15485,109.78893,31.956665,32.182365,0.79167795,-1,-1,-1
504,9641,636.3869,163.10182,41.475403,24.828003,0.72954804,-1,-1,-1
504,9692,588.74097,188.38562,43.267517,37.10962,0.41547343,-1,-1,-1
504,9625,465.0087,118.13242,22.406403,19.911324,0.7600419,-1,-1,-1
504,9710,559.7935,232.47142,38.9328,140.85811,0.6008026,-1,-1,-1
504,9717,838.47003,253.11118,138.51636,78.24924,0.52892363,-1,-1,-1
504,9719,636.7982,167.03566,42.55304,28.955902,0.33612373,-1,-1,-1
505,9565,640.85156,109.70499,31.703247,31.755707,0.8086978,-1,-1,-1
505,9641,635.7905,162.25887,41.367004,25.65503,0.7258823,-1,-1,-1
505,9692,588.60443,187.8429,42.909485,35.979706,0.27754506,-1,-1,-1
505,9625,463.9947,119.043724,22.791016,19.842766,0.70967096,-1,-1,-1
505,9710,559.8644,231.05127,38.798523,143.4273,0.61354095,-1,-1,-1
505,9717,836.6888,252.32523,137.99347,77.952515,0.5589501,-1,-1,-1
506,9565,640.28186,109.54134,31.535522,31.455208,0.81839687,-1,-1,-1
506,9641,635.1458,161.23404,41.275024,28.080032,0.73136747,-1,-1,-1
506,9692,588.07117,186.49301,42.871033,36.007874,0.2749795,-1,-1,-1
506,9625,463.1768,120.31123,22.742157,19.360794,0.6960929,-1,-1,-1
506,9710,560.10266,230.41856,38.665894,145.24318,0.65114087,-1,-1,-1
506,9717,835.3873,251.34683,136.01288,78.21454,0.52169585,-1,-1,-1
506,9525,601.0952,96.27658,17.558655,14.44503,0.2587624,-1,-1,-1
507,9565,639.8847,109.341324,31.301575,31.343338,0.823654,-1,-1,-1
507,9641,634.3504,160.2694,40.97943,28.369217,0.730208,-1,-1,-1
507,9692,588.2712,185.79874,41.85901,35.21492,0.28930795,-1,-1,-1
507,9625,462.24026,120.26335,22.720886,20.173843,0.70519906,-1,-1,-1
507,9710,559.83386,234.54648,37.61377,140.52975,0.65440273,-1,-1,-1
507,9717,833.35,251.03966,124.02716,77.19884,0.514361,-1,-1,-1
507,9668,593.3088,114.20621,21.160583,19.648438,0.27797726,-1,-1,-1
508,9565,639.424,109.243835,31.184998,31.233871,0.824896,-1,-1,-1
508,9692,588.5791,184.90366,40.51538,34.1734,0.32963973,-1,-1,-1
508,9625,461.3109,121.01699,22.99057,20.271538,0.77045333,-1,-1,-1
508,9710,559.8914,236.47548,36.991394,138.26085,0.58663344,-1,-1,-1
508,9717,831.67773,251.08023,125.76172,73.48035,0.36978346,-1,-1,-1
508,9722,562.933,215.1713,41.635925,101.851654,0.5272357,-1,-1,-1
508,9668,593.3774,113.95527,20.787842,19.707588,0.42579725,-1,-1,-1
509,9565,638.8804,109.08887,31.095703,31.210663,0.8298576,-1,-1,-1
509,9692,588.4633,183.44708,39.62433,34.409225,0.28403208,-1,-1,-1
509,9625,460.41156,121.479645,22.963715,20.594788,0.7560231,-1,-1,-1
509,9710,559.98865,238.207,36.76654,136.54782,0.627481,-1,-1,-1
509,9717,829.84894,250.30426,124.90875,72.03253,0.38675374,-1,-1,-1
509,9722,563.1429,214.35733,41.321594,102.57718,0.5712224,-1,-1,-1
509,9668,593.2222,113.84759,20.831177,19.650597,0.5163847,-1,-1,-1
509,9635,582.50684,104.80648,14.517517,13.741852,0.2935768,-1,-1,-1
509,9525,600.2092,96.210686,17.476685,14.162781,0.29759192,-1,-1,-1
509,9641,633.7044,158.64795,40.369263,30.641876,0.79353535,-1,-1,-1
510,9565,638.49603,108.93663,30.885986,30.920502,0.8003873,-1,-1,-1
510,9625,459.4491,122.24792,22.74768,20.677727,0.746898,-1,-1,-1
510,9710,560.32104,239.39436,36.28247,135.62761,0.68821293,-1,-1,-1
510,9717,826.95447,249.52232,123.36792,71.14641,0.41699278,-1,-1,-1
510,9722,563.3025,213.59343,40.87671,103.04198,0.63208437,-1,-1,-1
510,9668,593.4301,113.69461,20.705872,19.161072,0.6525736,-1,-1,-1
510,9635,582.7309,104.483215,14.080688,13.7002945,0.39949268,-1,-1,-1
510,9525,600.0626,96.263885,17.300964,14.006271,0.34814763,-1,-1,-1
510,9641,633.52057,158.19217,40.04181,30.83574,0.7824823,-1,-1,-1
511,9565,638.2865,108.8073,30.26007,30.688187,0.7407929,-1,-1,-1
511,9625,458.39163,124.438614,23.368439,19.86876,0.79003793,-1,-1,-1
511,9710,560.443,239.36732,36.4032,135.88716,0.68408805,-1,-1,-1
511,9717,825.28876,249.36311,101.02771,69.52513,0.4169331,-1,-1,-1
511,9722,563.8881,213.48958,40.351624,105.84227,0.65031546,-1,-1,-1
511,9668,593.5352,113.598595,20.662476,18.780418,0.65192294,-1,-1,-1
511,9635,583.1685,104.239044,13.592346,13.415855,0.3407206,-1,-1,-1
511,9525,600.1464,96.31241,17.065857,13.8667145,0.41122723,-1,-1,-1
511,9641,633.1192,158.6763,39.61493,29.817856,0.6944654,-1,-1,-1
512,9565,638.1193,108.56066,29.84491,30.418266,0.71076554,-1,-1,-1
512,9625,457.2638,126.33809,23.752289,18.964096,0.7774306,-1,-1,-1
512,9710,560.1872,239.01512,37.065308,136.50484,0.6760341,-1,-1,-1
512,9717,823.2816,247.28381,115.96735,72.606964,0.54215604,-1,-1,-1
512,9722,564.0231,213.25273,40.24341,105.52409,0.6264641,-1,-1,-1
512,9668,593.72876,113.34403,20.736084,18.618843,0.5660462,-1,-1,-1
512,9635,583.3965,104.08323,13.420654,13.194084,0.37815318,-1,-1,-1
512,9525,600.2186,96.024826,16.953186,13.966751,0.461441,-1,-1,-1
512,9641,632.9021,161.75514,39.090637,26.139755,0.6882741,-1,-1,-1
512,9723,633.7948,170.12389,38.72693,17.749283,0.45191056,-1,-1,-1
512,9692,587.20386,179.65282,39.568604,33.22577,0.26224756,-1,-1,-1
513,9565,637.90906,108.326614,29.535034,30.208359,0.75747406,-1,-1,-1
513,9625,456.11813,129.55199,24.252258,16.749603,0.6403994,-1,-1,-1
513,9710,560.2523,238.90434,37.01483,136.40862,0.659712,-1,-1,-1
513,9717,822.07623,245.7979,118.55438,72.847244,0.50545406,-1,-1,-1
513,9722,564.00415,213.01872,40.032288,104.51909,0.58399457,-1,-1,-1
513,9668,593.6783,113.07053,20.789001,18.72863,0.7120793,-1,-1,-1
513,9635,583.20825,103.978004,13.529907,13.119591,0.44521058,-1,-1,-1
513,9525,600.2917,95.920044,17.024841,13.889877,0.63193953,-1,-1,-1
513,9641,633.2222,158.17595,37.125854,22.372116,0.7512096,-1,-1,-1
513,9723,633.5187,168.43404,37.914062,18.510239,0.621854,-1,-1,-1
513,9692,587.4008,178.85806,39.055115,32.064346,0.45173526,-1,-1,-1
514,9565,637.38226,107.88211,29.564331,30.141708,0.76609,-1,-1,-1
514,9625,455.31564,132.22073,24.023773,15.046387,0.63461083,-1,-1,-1
514,9710,560.0554,237.07204,37.691284,139.58443,0.67641246,-1,-1,-1
514,9717,819.65674,243.46481,121.29431,73.03696,0.59563196,-1,-1,-1
514,9722,564.0892,213.43903,40.035767,105.48773,0.61392504,-1,-1,-1
514,9668,593.6826,112.78856,20.592468,18.630646,0.6812672,-1,-1,-1
514,9635,583.0008,104.05626,13.611572,12.884102,0.39434627,-1,-1,-1
514,9525,600.33417,95.88267,17.034607,13.882126,0.6064088,-1,-1,-1
514,9641,632.8434,156.41022,36.40802,22.229675,0.76098645,-1,-1,-1
514,9723,632.8728,166.44969,37.58484,19.631668,0.49635652,-1,-1,-1
514,9692,587.4345,178.11856,38.554688,31.82785,0.4398035,-1,-1,-1
515,9565,636.7853,107.71178,29.362183,29.706024,0.77285177,-1,-1,-1
515,9625,454.41074,131.4585,23.985626,16.69664,0.6787609,-1,-1,-1
515,9710,560.0182,237.17267,37.62445,139.86148,0.60534185,-1,-1,-1
515,9717,816.6254,241.41257,122.33777,72.60364,0.65664667,-1,-1,-1
515,9722,564.05145,213.55595,40.226257,106.03053,0.57523125,-1,-1,-1
515,9668,593.633,112.50803,20.442566,18.382088,0.5996349,-1,-1,-1
515,9635,582.8792,104.11654,13.352417,12.689941,0.37417772,-1,-1,-1
515,9525,600.42236,95.71699,16.89502,13.908661,0.6639797,-1,-1,-1
515,9641,632.38074,155.54602,36.061707,22.905807,0.7451188,-1,-1,-1
515,9723,632.6234,165.84433,37.339417,19.37709,0.5170238,-1,-1,-1
515,9692,587.44073,170.22197,38.420044,39.063995,0.3217927,-1,-1,-1
516,9565,636.3175,107.50217,29.32196,29.533783,0.7906977,-1,-1,-1
516,9625,453.52267,132.06282,23.512543,17.312134,0.6765936,-1,-1,-1
516,9710,559.97424,238.05403,37.28949,139.21803,0.5780795,-1,-1,-1
516,9717,816.50714,242.57593,118.03998,65.313324,0.5517648,-1,-1,-1
516,9722,564.54474,213.71513,39.42694,99.08205,0.58806,-1,-1,-1
516,9668,593.6106,112.23186,20.108704,17.905075,0.5399864,-1,-1,-1
516,9635,582.8609,104.26818,13.177734,12.560051,0.3163077,-1,-1,-1
516,9525,600.317,95.67561,16.757385,13.877724,0.6252759,-1,-1,-1
516,9641,632.2218,154.85353,35.650696,21.710815,0.7391952,-1,-1,-1
516,9723,632.5007,166.02455,36.91931,18.5607,0.4329241,-1,-1,-1
516,9692,587.13824,171.63474,38.413513,36.549637,0.26473308,-1,-1,-1
516,9728,632.0579,156.54196,36.778503,27.200562,0.4600001,-1,-1,-1
517,9565,635.9396,107.5711,29.439697,29.193764,0.8065915,-1,-1,-1
517,9625,452.25742,133.00319,23.67929,17.588638,0.69440144,-1,-1,-1
517,9710,560.19104,239.13612,36.685913,138.93944,0.42654878,-1,-1,-1
517,9717,815.0448,242.22398,115.15344,63.86583,0.48227453,-1,-1,-1
517,9722,563.7918,214.92058,40.074463,111.72362,0.6350503,-1,-1,-1
517,9668,593.6112,112.003395,19.828247,17.678642,0.5867356,-1,-1,-1
517,9635,583.02655,104.18699,13.065186,12.540504,0.30675203,-1,-1,-1
517,9525,600.30286,95.754234,16.996277,13.775101,0.6781534,-1,-1,-1
517,9641,632.0578,154.47261,35.17285,20.334824,0.7470995,-1,-1,-1
517,9723,631.747,165.9448,36.738647,17.71669,0.41874522,-1,-1,-1
517,9692,587.1214,172.07158,38.390137,34.693756,0.57897246,-1,-1,-1
517,9728,631.8367,156.39043,36.016357,25.911652,0.43501765,-1,-1,-1
517,9729,452.8296,128.42787,22.875916,19.973038,0.65911424,-1,-1,-1
518,9565,635.5419,107.41391,29.263123,28.809875,0.8177619,-1,-1,-1
518,9625,451.0347,134.71956,23.857178,16.972015,0.67844784,-1,-1,-1
518,9710,559.72095,241.67058,35.887634,137.1187,0.5031466,-1,-1,-1
518,9717,813.2903,240.39246,114.928345,67.01047,0.50689346,-1,-1,-1
518,9722,563.4444,215.36336,40.66089,117.44618,0.53480285,-1,-1,-1
518,9668,593.436,111.90916,19.815857,17.48124,0.694387,-1,-1,-1
518,9635,582.8459,104.09943,13.191711,12.50341,0.3199137,-1,-1,-1
518,9525,600.3132,95.73587,16.651184,13.817749,0.6587313,-1,-1,-1
518,9641,631.34766,154.0467,35.34424,19.19484,0.76534206,-1,-1,-1
518,9723,630.9382,166.6056,36.842407,16.282867,0.38980985,-1,-1,-1
518,9692,586.76434,172.35909,38.15686,32.93625,0.5061161,-1,-1,-1
518,9728,631.0368,157.4469,36.175903,23.904678,0.33491436,-1,-1,-1
518,9729,451.26294,129.13399,23.077423,19.44777,0.5662211,-1,-1,-1
518,9731,706.2436,371.1659,182.09259,160.76459,0.61426383,-1,-1,-1
519,9565,635.15125,107.25497,29.218811,28.786034,0.8186745,-1,-1,-1
519,9625,449.62912,133.60602,24.562927,18.847565,0.6398872,-1,-1,-1
519,9710,559.5821,242.28635,35.761047,136.79086,0.56206805,-1,-1,-1
519,9717,811.66,239.31071,115.33966,67.67299,0.68251383,-1,-1,-1
519,9722,563.6277,214.36453,40.36035,109.97754,0.3654622,-1,-1,-1
519,9668,593.1958,111.74482,19.824768,17.14518,0.69797254,-1,-1,-1
519,9635,582.3961,104.162926,13.389832,12.247154,0.2889285,-1,-1,-1
519,9525,600.3136,95.80765,16.755005,13.7300415,0.61969155,-1,-1,-1
519,9641,630.77136,153.13718,35.427917,19.375061,0.7843439,-1,-1,-1
519,9692,586.5175,172.61754,37.49005,30.812378,0.49405736,-1,-1,-1
519,9731,706.7931,366.44516,183.0434,152.74405,0.5109639,-1,-1,-1
519,9733,717.65485,366.41296,187.32385,115.12079,0.44807225,-1,-1,-1
520,9565,634.8202,107.09493,29.248413,28.500847,0.8080091,-1,-1,-1
520,9625,448.60025,136.20651,24.653168,17.232666,0.38659033,-1,-1,-1
520,9710,559.8345,238.85858,37.438293,140.25418,0.4259573,-1,-1,-1
520,9717,809.3627,238.4182,115.648865,67.13161,0.68766236,-1,-1,-1
520,9722,564.07007,213.95786,39.85724,106.910095,0.3399331,-1,-1,-1
520,9668,593.2469,111.52409,19.532593,17.200089,0.71032107,-1,-1,-1
520,9635,582.3487,103.93704,13.397156,12.159386,0.49436414,-1,-1,-1
520,9525,600.3494,95.799736,16.306335,13.548561,0.624849,-1,-1,-1
520,9641,630.19916,152.45174,35.276367,20.249008,0.78644717,-1,-1,-1
520,9692,586.53235,172.60095,36.63568,29.424911,0.34105784,-1,-1,-1
520,9733,706.58124,360.06555,187.49976,113.61447,0.5888282,-1,-1,-1
520,9729,448.46478,130.85129,24.37912,21.017029,0.49281123,-1,-1,-1
521,9565,634.4855,106.94394,28.693481,28.100632,0.8103457,-1,-1,-1
521,9625,447.4524,139.17221,24.62555,15.568771,0.5332766,-1,-1,-1
521,9710,560.0,237.48662,37.989014,141.44887,0.45471713,-1,-1,-1
521,9717,807.6357,238.2035,112.247986,66.85655,0.66352695,-1,-1,-1
521,9722,564.1975,214.59282,39.818604,104.39244,0.39094535,-1,-1,-1
521,9668,593.2806,111.33261,19.290344,17.530182,0.7405348,-1,-1,-1
521,9635,581.99835,103.82378,13.519653,12.126961,0.5443936,-1,-1,-1
521,9525,600.1985,95.72122,15.90863,13.48568,0.66371685,-1,-1,-1
521,9641,629.6782,151.9955,35.044495,20.310883,0.7487162,-1,-1,-1
521,9692,586.53625,171.64738,35.758667,26.522842,0.33138454,-1,-1,-1
521,9733,700.3897,351.94016,183.46606,110.250916,0.48911488,-1,-1,-1
521,9734,448.56488,130.9685,22.87854,15.708832,0.49667004,-1,-1,-1
521,9729,447.69644,131.59541,24.090393,21.079834,0.47931704,-1,-1,-1
521,9728,629.1688,154.86935,36.106934,24.354233,0.29424903,-1,-1,-1
521,9731,698.9841,350.8803,179.18079,155.42435,0.49414688,-1,-1,-1
522,9565,634.14087,106.89081,28.244507,27.92334,0.81656927,-1,-1,-1
522,9625,446.23447,139.74373,24.779602,16.499893,0.65394056,-1,-1,-1
522,9710,560.0992,236.62505,38.0661,142.2235,0.38232723,-1,-1,-1
522,9717,808.0529,237.87106,107.08093,63.54541,0.7119076,-1,-1,-1
522,9722,563.93823,215.68542,39.974976,113.4111,0.29663435,-1,-1,-1
522,9668,593.3061,111.14077,19.061584,17.530663,0.7174842,-1,-1,-1
522,9635,581.52185,103.83688,13.811768,12.131645,0.5643297,-1,-1,-1
522,9525,600.0853,95.65811,15.591553,13.476479,0.63886917,-1,-1,-1
522,9641,629.20624,151.93141,34.90332,20.909836,0.73581815,-1,-1,-1
522,9733,696.90485,345.02332,180.77557,108.07242,0.5349022,-1,-1,-1
522,9729,446.541,132.74045,24.271118,21.382767,0.63192135,-1,-1,-1
522,9728,628.59155,154.62364,36.257324,24.09259,0.3937582,-1,-1,-1
522,9731,691.54724,345.0472,177.41791,153.91245,0.6310418,-1,-1,-1
523,9565,633.7065,106.89641,28.016174,27.679092,0.8156623,-1,-1,-1
523,9625,444.67905,139.84795,24.817566,17.731995,0.62955713,-1,-1,-1
523,9710,559.5388,241.08443,36.761658,137.75789,0.33866513,-1,-1,-1
523,9717,805.61676,236.93628,106.34546,63.560883,0.65823364,-1,-1,-1
523,9668,593.30725,111.01044,18.900879,17.63736,0.695393,-1,-1,-1
523,9635,581.22144,103.72962,13.546692,12.23381,0.53933156,-1,-1,-1
523,9525,599.88666,95.54395,15.419006,13.631798,0.6061242,-1,-1,-1
523,9641,628.78046,151.65573,34.381348,21.304596,0.706759,-1,-1,-1
523,9733,693.39545,340.78384,181.60205,103.79132,0.35464936,-1,-1,-1
523,9729,444.97983,133.41673,24.2854,21.469894,0.57968557,-1,-1,-1
523,9728,628.22644,155.45502,35.71631,22.95221,0.49337986,-1,-1,-1
523,9731,686.379,338.05405,175.17413,153.76093,0.7027695,-1,-1,-1
523,9692,586.02277,170.15088,35.38745,22.207672,0.26583654,-1,-1,-1
524,9565,633.44403,106.677925,27.763,27.50251,0.8167552,-1,-1,-1
524,9625,443.33133,142.31003,24.859314,16.430313,0.5635194,-1,-1,-1
524,9710,559.54443,242.91945,35.906433,135.94658,0.45104834,-1,-1,-1
524,9717,803.6486,235.87,107.58838,64.19995,0.6401362,-1,-1,-1
524,9668,593.4607,111.02681,18.66095,17.368256,0.6834372,-1,-1,-1
524,9635,580.8128,103.55286,13.512817,12.310715,0.4782464,-1,-1,-1
524,9525,599.6763,95.50343,15.295837,13.643394,0.61202306,-1,-1,-1
524,9641,627.9096,151.1837,34.564514,21.98108,0.71048826,-1,-1,-1
524,9733,693.9415,335.75665,180.15796,99.06506,0.6305523,-1,-1,-1
524,9729,444.00732,134.18222,23.945282,18.10411,0.5417318,-1,-1,-1
524,9728,627.962,155.36911,35.395996,22.396927,0.40102822,-1,-1,-1
524,9731,682.71466,334.00256,161.88269,136.85208,0.7060779,-1,-1,-1
524,9692,585.28424,168.76474,35.79132,22.496613,0.32101136,-1,-1,-1
524,9722,563.7729,217.25371,39.564392,113.60368,0.3505799,-1,-1,-1
525,9565,633.14667,106.520195,27.359802,27.117302,0.8032823,-1,-1,-1
525,9625,442.15823,144.63914,25.275787,15.1636505,0.48178735,-1,-1,-1
525,9710,559.66693,243.27768,35.832275,135.49716,0.32140094,-1,-1,-1
525,9717,801.9445,234.45467,106.61084,64.43553,0.69732314,-1,-1,-1
525,9668,593.4985,111.103966,18.471191,17.198341,0.69524676,-1,-1,-1
525,9635,580.88324,103.684044,13.505188,12.111336,0.4154446,-1,-1,-1
525,9525,599.57153,95.49395,15.120789,13.606598,0.5858511,-1,-1,-1
525,9641,627.4554,150.5876,34.411377,23.79338,0.73362446,-1,-1,-1
525,9733,692.9945,330.6191,180.1659,99.074615,0.37469268,-1,-1,-1
525,9729,443.05838,135.53151,23.974518,16.883804,0.44188952,-1,-1,-1
525,9731,680.2731,327.91867,158.46216,125.276855,0.68916386,-1,-1,-1
525,9692,584.9614,167.17436,35.736816,27.382935,0.4013371,-1,-1,-1
525,9722,563.7683,217.30907,39.613525,118.52028,0.5228582,-1,-1,-1
526,9565,632.84314,106.331024,27.089966,26.957123,0.80700195,-1,-1,-1
526,9625,440.58246,145.9923,25.885101,15.118637,0.50895214,-1,-1,-1
526,9710,559.738,244.80048,35.873962,135.0011,0.43635887,-1,-1,-1
526,9717,800.4346,233.25264,105.052734,64.12453,0.7367757,-1,-1,-1
526,9668,593.43085,111.15258,18.437439,17.404915,0.69279546,-1,-1,-1
526,9635,580.686,103.694984,13.387207,11.988441,0.34356353,-1,-1,-1
526,9525,599.3369,95.59236,15.244019,13.637451,0.52955776,-1,-1,-1
526,9641,627.147,150.22493,33.886353,24.47882,0.69153947,-1,-1,-1
526,9729,441.48254,136.67094,24.83606,18.506882,0.51865023,-1,-1,-1
526,9731,680.5026,324.1543,156.54816,115.28198,0.29078424,-1,-1,-1
526,9692,584.7845,166.58829,35.421387,28.663956,0.52587867,-1,-1,-1
526,9722,563.57007,216.88931,39.68988,120.442444,0.26721224,-1,-1,-1
527,9565,632.63055,106.05858,26.808838,26.83403,0.7966514,-1,-1,-1
527,9625,438.96432,147.56421,26.475525,14.72081,0.58191365,-1,-1,-1
527,9710,559.58563,244.45029,36.281555,135.26736,0.48855644,-1,-1,-1
527,9717,798.7098,234.0397,103.078064,59.115204,0.7312698,-1,-1,-1
527,9668,593.42474,111.12962,18.332031,17.116669,0.6835167,-1,-1,-1
527,9635,580.66943,103.694885,13.149719,11.856873,0.451814,-1,-1,-1
527,9525,599.24133,95.5151,15.045837,13.606995,0.485328,-1,-1,-1
527,9641,627.1187,149.78343,33.122986,24.534332,0.651732,-1,-1,-1
527,9729,439.88617,137.8936,25.47879,18.550964,0.446749,-1,-1,-1
527,9731,687.46906,318.6096,136.10052,117.895905,0.71176714,-1,-1,-1
527,9692,584.59625,166.12509,34.912354,29.201782,0.5773169,-1,-1,-1
527,9733,690.3713,320.4381,172.27734,94.45767,0.51350504,-1,-1,-1
528,9565,632.39716,105.6992,26.480408,26.852295,0.7986578,-1,-1,-1
528,9625,437.70898,148.62128,26.587921,14.937592,0.5955711,-1,-1,-1
528,9710,559.27496,244.93546,36.964905,135.75378,0.50318426,-1,-1,-1
528,9717,796.85144,232.49564,101.328064,61.603363,0.6501597,-1,-1,-1
528,9668,593.43115,110.874115,18.212646,16.894852,0.67089516,-1,-1,-1
528,9635,580.7804,103.751686,12.982727,11.58329,0.4934399,-1,-1,-1
528,9525,599.24347,95.41571,15.066101,13.476326,0.46134955,-1,-1,-1
528,9641,627.22296,149.24092,32.326538,21.553116,0.5798052,-1,-1,-1
528,9729,438.48828,138.91092,25.985474,17.236633,0.46322966,-1,-1,-1
528,9731,686.96844,314.229,131.35986,122.510345,0.47381106,-1,-1,-1
528,9692,584.4156,165.40451,34.350708,28.680069,0.63258034,-1,-1,-1
528,9728,626.4269,151.00581,33.74817,24.091843,0.3886323,-1,-1,-1
529,9565,631.9728,105.713066,26.360107,26.661613,0.7288207,-1,-1,-1
529,9625,436.34164,150.44423,26.368317,14.161835,0.6860501,-1,-1,-1
529,9710,559.48456,245.72789,36.65393,135.90706,0.54347616,-1,-1,-1
529,9717,794.13184,229.03888,101.89905,64.8186,0.68309915,-1,-1,-1
529,9668,593.3869,110.87289,18.046326,16.545448,0.69386834,-1,-1,-1
529,9635,580.8671,103.82711,12.996155,11.366867,0.53380585,-1,-1,-1
529,9525,599.1809,95.67924,15.310242,13.182327,0.4519619,-1,-1,-1
529,9641,626.74396,149.09732,32.04181,20.572266,0.523942,-1,-1,-1
529,9729,437.4355,140.00148,25.65564,13.82196,0.55824536,-1,-1,-1
529,9731,686.0768,307.0765,125.815735,147.64124,0.4317468,-1,-1,-1
529,9692,584.2167,165.00981,34.00934,27.913773,0.62358105,-1,-1,-1
529,9728,625.9268,151.64325,33.601685,23.268723,0.38913217,-1,-1,-1
530,9565,631.5347,105.71805,26.477356,26.24347,0.7679104,-1,-1,-1
530,9625,435.24304,150.3278,26.581726,15.220337,0.44837862,-1,-1,-1
530,9710,559.6968,247.00795,36.563843,135.56151,0.5697825,-1,-1,-1
530,9717,793.61237,228.97266,100.599365,63.733368,0.6772775,-1,-1,-1
530,9668,593.36725,110.77757,17.877014,16.473976,0.70510614,-1,-1,-1
530,9635,580.653,103.77611,13.199646,11.278923,0.56446284,-1,-1,-1
530,9525,599.1002,95.85443,15.4627075,12.967224,0.43517053,-1,-1,-1
530,9641,626.067,148.95502,32.332886,21.593628,0.5695148,-1,-1,-1
530,9729,435.92776,141.43036,26.042023,16.522446,0.53684694,-1,-1,-1
530,9731,685.77185,304.18356,126.85199,147.02994,0.2840763,-1,-1,-1
530,9692,583.8959,163.94556,33.960022,27.820282,0.65050024,-1,-1,-1
530,9728,625.9809,155.13226,32.987,19.356903,0.33485532,-1,-1,-1
530,9740,524.3048,99.60078,15.362854,13.700027,0.3293835,-1,-1,-1
530,9733,680.9567,304.40564,175.18982,102.88205,0.34725234,-1,-1,-1
531,9565,631.08484,105.73064,26.352295,25.819397,0.7718529,-1,-1,-1
531,9625,433.92047,152.18591,27.322968,14.938919,0.28792056,-1,-1,-1
531,9710,559.26056,247.573,35.328857,136.53018,0.542059,-1,-1,-1
531,9717,791.95325,228.8921,101.29077,63.27672,0.7029347,-1,-1,-1
531,9668,593.4578,110.685165,17.776062,16.430733,0.71371615,-1,-1,-1
531,9635,580.521,103.73778,13.353943,11.180222,0.55898726,-1,-1,-1
531,9525,599.0568,96.01396,15.511108,12.738625,0.44952175,-1,-1,-1
531,9641,625.5596,148.4533,32.58087,22.99144,0.6337109,-1,-1,-1
531,9729,434.60284,142.32843,26.357117,15.835678,0.66297036,-1,-1,-1
531,9692,584.02673,162.99377,33.250244,27.063553,0.70958704,-1,-1,-1
531,9728,625.7739,154.73795,32.772217,19.128693,0.5057285,-1,-1,-1
531,9740,524.47614,99.21905,15.319946,13.982498,0.25329113,-1,-1,-1
531,9733,676.0761,299.71942,170.49792,105.782776,0.34265313,-1,-1,-1
532,9565,630.69574,105.65305,26.33258,25.578743,0.7890925,-1,-1,-1
532,9625,432.0771,150.38289,28.27417,18.350555,0.41801858,-1,-1,-1
532,9710,559.4771,248.21133,36.782837,136.46002,0.5849947,-1,-1,-1
532,9717,790.70624,228.55861,100.65387,62.128067,0.7673277,-1,-1,-1
532,9668,593.37335,110.60139,17.804504,16.472145,0.7276082,-1,-1,-1
532,9635,580.8113,103.733185,13.205933,11.105125,0.5959225,-1,-1,-1
532,9525,599.11847,96.159325,15.450745,12.187004,0.43483883,-1,-1,-1
532,9641,625.4989,147.91524,31.603455,21.151108,0.6847772,-1,-1,-1
532,9729,432.35107,143.20335,27.61853,18.29242,0.5731405,-1,-1,-1
532,9692,583.87573,162.31155,32.88739,27.190918,0.7362984,-1,-1,-1
532,9728,625.4207,151.98924,32.299744,21.29393,0.50200474,-1,-1,-1
532,9733,674.8352,294.6495,166.46417,104.79172,0.6768728,-1,-1,-1
533,9565,630.475,105.47767,26.123474,25.762047,0.8003662,-1,-1,-1
533,9625,430.02658,153.47635,28.734406,17.055634,0.62784714,-1,-1,-1
533,9710,558.91473,247.08359,36.397156,138.30573,0.4862791,-1,-1,-1
533,9717,789.4908,228.11452,98.378296,61.437576,0.76659614,-1,-1,-1
533,9668,593.278,110.5539,17.874878,16.34134,0.7422827,-1,-1,-1
533,9635,580.9365,103.63505,13.250427,11.124924,0.6480869,-1,-1,-1
533,9525,599.1116,96.22756,15.417358,11.930817,0.46662244,-1,-1,-1
533,9641,625.14014,147.49458,31.063904,19.489166,0.7448952,-1,-1,-1
533,9729,430.5817,143.87447,28.224152,16.56047,0.451891,-1,-1,-1
533,9692,583.81396,161.90251,32.52466,26.981354,0.7349857,-1,-1,-1
533,9728,624.9908,152.54822,32.006348,20.160233,0.34927952,-1,-1,-1
534,9565,630.4957,105.111694,25.881653,25.959015,0.7919293,-1,-1,-1
534,9625,428.58057,154.84236,28.834412,17.185669,0.44888276,-1,-1,-1
534,9710,558.9445,246.05359,37.40863,139.51791,0.53093004,-1,-1,-1
534,9717,788.59784,227.65768,96.42554,60.028503,0.7531932,-1,-1,-1
534,9668,593.29944,110.41928,18.016052,16.203766,0.7431291,-1,-1,-1
534,9635,580.99396,103.62562,13.960327,11.191925,0.64615977,-1,-1,-1
534,9525,599.2632,96.101036,15.283447,11.784302,0.46657214,-1,-1,-1
534,9641,624.9011,147.10092,30.695251,18.833984,0.7243827,-1,-1,-1
534,9729,429.0603,144.76004,28.402283,17.081467,0.4280946,-1,-1,-1
534,9692,583.7935,161.7173,32.424255,26.536682,0.70322293,-1,-1,-1
534,9728,624.6856,150.72917,31.803162,21.18222,0.29894707,-1,-1,-1
534,9733,670.74713,284.98325,161.94019,91.77405,0.48747516,-1,-1,-1
535,9565,630.24646,104.706314,25.892212,25.894623,0.76531816,-1,-1,-1
535,9625,426.55978,156.933,29.530945,16.515259,0.5039124,-1,-1,-1
535,9710,558.82227,246.45119,36.32788,139.90791,0.58257085,-1,-1,-1
535,9717,787.6562,226.69153,94.58496,59.840027,0.7244187,-1,-1,-1
535,9668,593.2095,110.21928,18.05365,16.158234,0.7185063,-1,-1,-1
535,9635,580.9143,103.552605,14.340149,11.183311,0.67183757,-1,-1,-1
535,9525,599.1892,95.50321,15.121399,12.193459,0.43974218,-1,-1,-1
535,9641,624.46204,146.42752,30.75946,18.865936,0.697052,-1,-1,-1
535,9729,427.8174,145.6282,27.786804,16.235138,0.5107454,-1,-1,-1
535,9692,583.791,161.29044,32.143616,26.26323,0.72463304,-1,-1,-1
535,9728,624.2392,149.42097,31.664795,21.917542,0.34476298,-1,-1,-1
536,9565,629.9316,104.54518,25.75763,25.882065,0.802043,-1,-1,-1
536,9625,425.0221,159.0247,30.226318,16.00531,0.57062346,-1,-1,-1
536,9710,558.6681,245.6788,36.39319,141.93881,0.4347896,-1,-1,-1
536,9717,786.0759,225.49437,94.43201,59.951035,0.754089,-1,-1,-1
536,9668,593.2237,109.99629,17.965637,16.10231,0.69311684,-1,-1,-1
536,9635,581.1182,103.28713,14.058777,11.199295,0.63952416,-1,-1,-1
536,9525,599.0056,95.15766,15.045959,12.507324,0.45569032,-1,-1,-1
536,9641,623.9408,146.05847,30.887512,19.184418,0.70395607,-1,-1,-1
536,9729,426.94736,146.38588,27.32257,15.73732,0.61025476,-1,-1,-1
536,9692,583.4958,160.90845,32.288208,26.117767,0.73022115,-1,-1,-1
536,9731,675.02594,281.79816,139.38342,123.61224,0.40437868,-1,-1,-1
537,9565,629.56195,104.30737,25.88031,25.91481,0.7910774,-1,-1,-1
537,9625,422.676,160.62654,30.437927,16.1165,0.67324686,-1,-1,-1
537,9710,558.52515,248.06595,36.872253,140.52655,0.6376572,-1,-1,-1
537,9717,785.15955,225.7441,94.3147,58.26329,0.7983577,-1,-1,-1
537,9668,593.1648,109.685394,17.974792,16.207764,0.62346065,-1,-1,-1
537,9635,581.08954,103.200294,13.857788,11.159073,0.627532,-1,-1,-1
537,9525,598.8149,95.06611,15.053955,12.664558,0.35203424,-1,-1,-1
537,9641,623.1956,145.63672,31.05243,19.7229,0.682322,-1,-1,-1
537,9729,426.7584,147.55144,25.581787,13.748047,0.71252,-1,-1,-1
537,9692,583.17847,160.34633,32.265076,26.151566,0.7321021,-1,-1,-1
538,9565,629.2568,104.13244,25.6604,25.703041,0.7956015,-1,-1,-1
538,9625,421.15094,162.52524,29.97055,15.4305725,0.7224423,-1,-1,-1
538,9710,558.49866,248.14458,37.294983,141.02864,0.5288953,-1,-1,-1
538,9717,783.76776,225.5291,93.17847,56.786026,0.8079879,-1,-1,-1
538,9668,593.05396,109.18867,18.125488,16.558632,0.5941206,-1,-1,-1
538,9635,580.95074,103.08632,13.92218,11.191963,0.61929834,-1,-1,-1
538,9525,598.61426,94.98589,15.198547,12.843475,0.33772168,-1,-1,-1
538,9641,622.67316,145.15723,30.967468,20.43991,0.7286467,-1,-1,-1
538,9729,426.28046,149.12906,24.596832,12.846771,0.617402,-1,-1,-1
538,9692,583.03674,158.93076,32.271362,26.95465,0.7600774,-1,-1,-1
538,9745,424.3716,149.77708,26.966614,15.018799,0.5573275,-1,-1,-1
538,9731,671.2918,275.40753,128.71613,133.8552,0.58116704,-1,-1,-1
539,9565,628.86066,103.9778,25.606934,25.448593,0.77765197,-1,-1,-1
539,9625,419.05188,163.41621,31.01825,16.255249,0.7499136,-1,-1,-1
539,9710,558.50824,249.41853,37.72937,140.60106,0.7022452,-1,-1,-1
539,9717,782.39215,225.21414,91.38434,55.33841,0.8266503,-1,-1,-1
539,9668,592.8111,108.89353,18.25769,16.782578,0.48396707,-1,-1,-1
539,9635,580.61334,103.04327,14.089111,11.203125,0.54908484,-1,-1,-1
539,9525,598.40247,95.020836,15.287048,12.862648,0.27431226,-1,-1,-1
539,9641,622.3648,144.5965,30.579956,20.63556,0.70326835,-1,-1,-1
539,9692,582.8497,157.3993,31.81195,27.450684,0.78399765,-1,-1,-1
539,9745,423.39606,150.62923,27.926422,14.432037,0.4592862,-1,-1,-1
539,9731,670.7199,271.52774,122.92468,128.11218,0.3736649,-1,-1,-1
540,9565,628.4185,103.76775,25.68573,25.378777,0.78879666,-1,-1,-1
540,9625,417.64328,164.75388,31.294373,16.878738,0.7033834,-1,-1,-1
540,9710,558.6957,246.96207,38.692993,144.642,0.60164773,-1,-1,-1
540,9717,780.80597,224.87944,90.6651,54.227005,0.7793728,-1,-1,-1
540,9668,592.6752,108.945175,18.184387,16.634918,0.59028846,-1,-1,-1
540,9635,580.643,103.033005,13.923035,11.10524,0.62317044,-1,-1,-1
540,9525,598.3251,94.924515,15.336731,12.880821,0.3486567,-1,-1,-1
540,9641,622.2507,144.1076,30.135315,20.935425,0.7423258,-1,-1,-1
540,9692,582.8452,156.40076,31.270569,27.797012,0.8009959,-1,-1,-1
540,9745,419.12994,152.72781,29.540283,17.647385,0.44456005,-1,-1,-1
541,9565,627.9201,103.60695,25.889221,25.439606,0.78443426,-1,-1,-1
541,9625,416.0675,166.37286,31.575287,17.151657,0.65936637,-1,-1,-1
541,9710,558.68805,246.686,39.02545,145.01068,0.5087338,-1,-1,-1
541,9717,779.3866,224.1062,90.05444,53.917816,0.82834095,-1,-1,-1
541,9668,592.7689,108.7302,18.282043,16.507172,0.56170136,-1,-1,-1
541,9635,580.7194,102.89261,13.979675,11.101326,0.5837346,-1,-1,-1
541,9525,597.93585,95.20641,15.571655,12.654701,0.2841275,-1,-1,-1
541,9641,622.04724,143.45728,30.024414,21.741882,0.74358064,-1,-1,-1
541,9692,582.92065,155.55817,30.740356,27.958817,0.7995846,-1,-1,-1
541,9745,416.10303,154.37592,30.701233,22.475113,0.4972465,-1,-1,-1
541,9731,669.03296,265.4819,116.48291,127.67099,0.5214444,-1,-1,-1
542,9565,627.3903,103.54038,25.851807,25.591835,0.7763283,-1,-1,-1
542,9625,414.3386,167.88222,31.58554,17.256927,0.6846389,-1,-1,-1
542,9710,558.6817,245.60806,39.358154,146.58267,0.5075709,-1,-1,-1
542,9717,777.31885,223.25542,90.05902,54.108536,0.785325,-1,-1,-1
542,9668,592.7486,108.58336,18.428528,16.423912,0.59401,-1,-1,-1
542,9635,580.7608,102.87614,14.023804,11.096443,0.62396914,-1,-1,-1
542,9525,597.7657,95.32521,15.665894,12.585281,0.3006307,-1,-1,-1
542,9641,621.5352,143.1368,30.085815,22.296463,0.7610327,-1,-1,-1
542,9692,582.8211,155.09933,30.468445,27.808044,0.80302995,-1,-1,-1
542,9745,414.97314,155.55925,30.614624,19.461624,0.5964761,-1,-1,-1
542,9731,669.66547,261.75186,112.438965,129.18188,0.7122232,-1,-1,-1
543,9565,626.891,103.50697,25.837952,25.161133,0.7673957,-1,-1,-1
543,9625,412.05722,169.53477,32.633575,17.480698,0.53293747,-1,-1,-1
543,9710,558.55334,245.56705,39.650146,146.64142,0.5744141,-1,-1,-1
543,9717,776.09845,222.1579,90.19055,54.49704,0.80036,-1,-1,-1
543,9668,592.6851,108.49077,18.44519,16.245361,0.52859867,-1,-1,-1
543,9635,580.8342,102.87206,14.122192,11.05484,0.56132615,-1,-1,-1
543,9525,597.7144,95.42196,15.70929,12.478264,0.26894152,-1,-1,-1
543,9641,621.0748,142.59177,30.06903,21.605042,0.8218746,-1,-1,-1
543,9692,582.4612,154.69997,30.342163,27.358795,0.79036444,-1,-1,-1
543,9745,413.01318,157.06892,31.529633,18.916092,0.48847428,-1,-1,-1
543,9731,667.9149,258.39658,110.643555,128.37921,0.50595564,-1,-1,-1
544,9565,626.49585,103.44393,25.86847,24.921257,0.7598274,-1,-1,-1
544,9625,409.67526,169.08694,34.28897,20.255203,0.5946513,-1,-1,-1
544,9710,558.30945,244.70898,39.944458,147.79156,0.52275753,-1,-1,-1
544,9717,775.35956,221.5228,88.7782,54.32254,0.76850474,-1,-1,-1
544,9668,592.6928,108.329575,18.327454,16.278679,0.5141773,-1,-1,-1
544,9635,580.95746,102.85575,14.063782,11.047798,0.53394425,-1,-1,-1
544,9525,597.6719,95.44565,15.712036,12.40239,0.2684347,-1,-1,-1
544,9641,620.7692,142.20474,30.309387,21.89125,0.80536234,-1,-1,-1
544,9692,582.26526,154.40768,30.124512,26.719177,0.79647803,-1,-1,-1
544,9745,410.7976,159.07272,32.549255,19.311752,0.54272485,-1,-1,-1
544,9731,665.9592,256.29303,109.503174,126.02841,0.7890716,-1,-1,-1
545,9565,626.2148,103.377556,25.804565,24.764946,0.7588317,-1,-1,-1
545,9625,407.2002,168.1811,34.943237,23.54036,0.55240107,-1,-1,-1
545,9710,558.2079,251.77281,37.79889,141.52333,0.6665326,-1,-1,-1
545,9717,774.5894,220.8538,86.34558,52.984787,0.78091586,-1,-1,-1
545,9668,592.9011,108.24018,17.972107,16.146133,0.40118322,-1,-1,-1
545,9635,581.01276,102.81491,14.07489,11.132484,0.5144849,-1,-1,-1
545,9641,620.47327,142.05379,30.494568,22.547775,0.8087859,-1,-1,-1
545,9692,582.12756,154.16438,30.115295,26.11525,0.7853095,-1,-1,-1
545,9731,664.3036,254.1626,107.55115,123.66293,0.5768258,-1,-1,-1
546,9565,626.0336,103.40334,25.72174,24.668678,0.7469566,-1,-1,-1
546,9625,404.58997,170.96861,35.80905,22.961807,0.6369088,-1,-1,-1
546,9710,558.1381,253.63338,37.474,140.94215,0.60194594,-1,-1,-1
546,9717,772.5686,220.31322,86.501465,52.72667,0.7984843,-1,-1,-1
546,9668,592.824,108.28687,17.985962,16.064255,0.43100056,-1,-1,-1
546,9635,581.1426,102.771126,13.989807,11.14711,0.5125172,-1,-1,-1
546,9641,620.04675,141.91023,30.52118,22.846237,0.81986684,-1,-1,-1
546,9692,582.0407,154.034,29.919922,25.39746,0.7515055,-1,-1,-1
546,9731,662.40106,251.53311,106.98108,120.75891,0.7327226,-1,-1,-1
547,9565,625.76074,103.246445,25.647095,24.629791,0.7168582,-1,-1,-1
547,9625,402.50085,167.21959,37.31482,28.770432,0.6735891,-1,-1,-1
547,9710,557.8411,256.72424,37.390564,138.82333,0.68700117,-1,-1,-1
547,9717,771.4616,219.86644,86.006165,52.26735,0.8274039,-1,-1,-1
547,9668,592.67633,108.039925,17.802063,16.112999,0.31654194,-1,-1,-1
547,9635,581.1431,102.71927,13.914673,11.207024,0.3925726,-1,-1,-1
547,9641,619.588,141.8554,30.23352,22.349731,0.80695736,-1,-1,-1
547,9692,581.9825,153.68637,29.476746,24.823685,0.7165531,-1,-1,-1
547,9731,661.6241,247.96645,104.16791,120.64928,0.7571283,-1,-1,-1
548,9565,625.32275,103.13443,25.484497,24.268166,0.7438004,-1,-1,-1
548,9625,400.9242,174.49544,36.32834,23.50998,0.7202881,-1,-1,-1
548,9710,557.54504,253.41768,39.152527,144.02666,0.4381101,-1,-1,-1
548,9717,771.06213,219.36563,84.6178,51.708435,0.83220637,-1,-1,-1
548,9668,592.751,108.05528,17.722534,15.889694,0.31996918,-1,-1,-1
548,9635,581.0979,102.54457,13.907349,11.268349,0.33632967,-1,-1,-1
548,9641,619.26965,141.5919,29.824219,22.27449,0.80715877,-1,-1,-1
548,9692,581.7489,153.17139,29.270752,24.443008,0.72575325,-1,-1,-1
548,9731,660.30524,246.28746,102.79492,118.887344,0.7840586,-1,-1,-1
548,9745,400.93622,169.94041,36.156006,27.034058,0.50817823,-1,-1,-1
549,9565,625.0199,103.05311,25.129456,24.135948,0.66523516,-1,-1,-1
549,9625,399.01834,178.16345,36.887085,22.02098,0.73692495,-1,-1,-1
549,9710,557.38104,253.87846,40.07373,144.25389,0.5422905,-1,-1,-1
549,9717,770.35944,218.89877,83.40863,51.25003,0.82841104,-1,-1,-1
549,9668,592.4677,107.78412,17.835144,16.072517,0.29491413,-1,-1,-1
549,9635,581.01154,102.483315,13.802612,11.214317,0.3535716,-1,-1,-1
549,9641,619.0632,141.4433,29.381592,22.14003,0.7908226,-1,-1,-1
549,9692,581.72205,152.81343,28.957703,24.09938,0.69907266,-1,-1,-1
549,9731,660.376,245.097,98.939026,112.05919,0.8141175,-1,-1,-1
550,9565,624.6617,102.93475,24.957642,24.06797,0.6955746,-1,-1,-1
550,9625,397.2683,180.48834,37.207336,21.635574,0.5918771,-1,-1,-1
550,9710,557.1353,258.74872,38.134277,139.16083,0.4873403,-1,-1,-1
550,9717,769.27057,218.28569,82.76648,51.074783,0.83169806,-1,-1,-1
550,9668,592.439,107.9206,17.862854,15.797646,0.37786993,-1,-1,-1
550,9635,580.8676,102.29323,14.052734,11.307152,0.46853828,-1,-1,-1
550,9641,618.8881,141.15604,28.805542,22.26236,0.80802137,-1,-1,-1
550,9692,581.5691,151.98662,29.067932,24.447144,0.72521645,-1,-1,-1
550,9731,658.86035,243.3676,97.48041,110.747696,0.8205971,-1,-1,-1
550,9745,397.9465,173.41646,37.004303,28.317245,0.26565808,-1,-1,-1
551,9565,624.299,102.7602,24.850586,24.152702,0.74177486,-1,-1,-1
551,9625,394.76425,184.76431,37.97046,19.479996,0.6945945,-1,-1,-1
551,9710,557.0981,260.63553,37.423096,137.79092,0.6243595,-1,-1,-1
551,9717,767.6746,217.5819,81.02319,50.579117,0.812184,-1,-1,-1
551,9668,592.01215,107.76206,18.029114,15.879173,0.4218623,-1,-1,-1
551,9635,580.79816,102.033394,14.19458,11.4387665,0.3643569,-1,-1,-1
551,9641,618.72314,140.7132,28.431824,22.421967,0.7939974,-1,-1,-1
551,9692,581.7015,151.57384,28.708008,24.46399,0.69040316,-1,-1,-1
551,9731,657.8947,243.19554,95.729065,108.352036,0.74497306,-1,-1,-1
551,9745,395.0393,178.14429,38.38803,26.117065,0.5903305,-1,-1,-1
552,9565,624.2072,102.780716,24.530334,24.076317,0.8058731,-1,-1,-1
552,9625,392.1523,186.24106,38.914337,20.033966,0.70509875,-1,-1,-1
552,9710,557.4282,260.6965,36.43451,138.98834,0.680845,-1,-1,-1
552,9717,766.65106,216.90475,80.04419,50.06494,0.81431174,-1,-1,-1
552,9668,591.9884,107.92667,17.899353,15.662346,0.52243036,-1,-1,-1
552,9635,580.8225,101.93235,14.299255,11.453247,0.43599766,-1,-1,-1
552,9641,618.4664,140.44098,28.123718,22.3871,0.81416416,-1,-1,-1
552,9692,582.0735,151.09401,28.04425,24.488907,0.7344362,-1,-1,-1
552,9731,656.5199,241.69606,95.53241,105.878525,0.8138379,-1,-1,-1
553,9565,624.1116,102.64222,24.360657,24.105034,0.8202695,-1,-1,-1
553,9710,557.4911,261.73645,36.368042,138.07559,0.63525295,-1,-1,-1
553,9717,765.2932,216.62965,79.46454,49.261612,0.8144258,-1,-1,-1
553,9668,591.97424,107.973724,17.700378,15.391701,0.5356751,-1,-1,-1
553,9635,580.7177,101.97612,14.504822,11.360069,0.44668302,-1,-1,-1
553,9641,618.1179,140.09378,28.044373,22.486237,0.82348204,-1,-1,-1
553,9692,582.4343,150.62971,27.66095,24.146255,0.73520666,-1,-1,-1
553,9731,655.76056,239.75708,94.17334,104.54184,0.7597312,-1,-1,-1
553,9745,389.47086,177.33595,41.707275,31.847397,0.51666296,-1,-1,-1
554,9565,623.90826,102.41925,24.08191,24.198792,0.7939878,-1,-1,-1
554,9710,557.5585,263.44452,36.53253,136.95163,0.69488406,-1,-1,-1
554,9717,764.0629,216.03517,79.180115,49.37877,0.82659656,-1,-1,-1
554,9668,591.8354,107.887794,17.411682,15.31263,0.46413773,-1,-1,-1
554,9635,580.6077,101.92002,14.596313,11.417854,0.31735456,-1,-1,-1
554,9641,617.6052,139.70016,28.106018,22.59349,0.81380814,-1,-1,-1
554,9692,582.40326,150.2198,27.471008,23.880035,0.702995,-1,-1,-1
554,9731,654.8955,237.83873,91.68945,103.25191,0.75458735,-1,-1,-1
554,9745,387.6161,180.31093,41.261627,31.13292,0.51315004,-1,-1,-1
554,9625,388.052,190.28214,39.630615,20.741379,0.5569675,-1,-1,-1
555,9565,623.75323,102.24174,23.921265,24.496529,0.73547506,-1,-1,-1
555,9710,557.386,268.67487,36.1568,133.77719,0.68052065,-1,-1,-1
555,9717,762.59106,215.61133,79.03357,48.43631,0.8338634,-1,-1,-1
555,9668,591.704,107.93926,17.240051,15.189751,0.3019166,-1,-1,-1
555,9641,617.1188,139.26776,28.223572,22.971252,0.82438207,-1,-1,-1
555,9692,582.49615,150.0583,27.05188,23.766693,0.7349671,-1,-1,-1
555,9731,652.78864,236.1934,90.920654,101.28395,0.7968434,-1,-1,-1
555,9625,385.33212,191.04274,40.835175,22.885162,0.44714388,-1,-1,-1
556,9565,623.4674,102.16557,24.192505,24.608963,0.6457831,-1,-1,-1
556,9710,557.0699,265.25742,37.266663,137.76254,0.6589932,-1,-1,-1
556,9717,761.08734,215.34737,78.78186,48.172592,0.8357267,-1,-1,-1
556,9641,616.5459,138.97043,28.438354,23.128128,0.8198607,-1,-1,-1
556,9692,582.2795,149.62758,26.95343,23.728302,0.7278697,-1,-1,-1
556,9731,651.9577,237.00702,88.63672,96.651245,0.78942454,-1,-1,-1
556,9745,382.08707,182.36098,45.263733,34.14151,0.75289345,-1,-1,-1
557,9565,623.1312,102.03587,24.19043,24.556366,0.5985707,-1,-1,-1
557,9710,556.98016,269.95343,36.67224,134.07755,0.65636086,-1,-1,-1
557,9717,759.8012,214.92528,77.33447,47.78041,0.8440006,-1,-1,-1
557,9641,615.9125,138.66792,28.663452,23.117065,0.8270443,-1,-1,-1
557,9692,582.00616,149.10982,26.441406,23.694885,0.7451156,-1,-1,-1
557,9731,651.0228,238.38533,88.1698,91.67818,0.71057963,-1,-1,-1
557,9745,380.07022,184.5069,44.592255,34.563873,0.68065083,-1,-1,-1
558,9565,622.795,101.94847,24.510803,24.26072,0.62886584,-1,-1,-1
558,9710,556.99005,269.61212,36.5719,134.62347,0.5369245,-1,-1,-1
558,9717,758.4962,214.44545,76.511536,47.549545,0.8367042,-1,-1,-1
558,9641,615.5383,138.28996,28.65271,22.96637,0.8105851,-1,-1,-1
558,9692,581.8734,148.53125,26.044922,23.869324,0.7472332,-1,-1,-1
558,9731,649.57794,237.92673,88.4552,88.117035,0.73657644,-1,-1,-1
558,9745,376.90054,185.71039,46.360046,36.416245,0.7416068,-1,-1,-1
559,9565,622.41187,101.87294,24.54895,24.19954,0.62596834,-1,-1,-1
559,9710,556.96936,269.36594,36.77655,134.71521,0.512563,-1,-1,-1
559,9717,757.9031,213.89706,75.4845,47.633698,0.87045735,-1,-1,-1
559,9641,615.4252,138.06912,28.28888,22.568573,0.8011679,-1,-1,-1
559,9692,581.94073,148.24687,25.556274,23.691284,0.762836,-1,-1,-1
559,9731,649.1971,235.13187,86.69446,87.90604,0.7676662,-1,-1,-1
559,9745,374.88132,188.09474,46.50403,36.65474,0.813095,-1,-1,-1
559,9758,1010.1379,157.344,13.845886,42.623856,0.3333117,-1,-1,-1
560,9565,622.06744,101.76836,24.276917,24.053276,0.5904513,-1,-1,-1
560,9710,557.2201,270.1422,36.549683,134.63632,0.6690606,-1,-1,-1
560,9717,756.51746,213.93275,75.15674,46.854874,0.8231727,-1,-1,-1
560,9641,615.28186,137.67473,27.861206,22.304428,0.7966949,-1,-1,-1
560,9692,581.8945,147.74097,25.30597,23.579086,0.73650575,-1,-1,-1
560,9731,648.71985,232.85869,85.47101,87.12407,0.7371151,-1,-1,-1
560,9745,371.7452,189.73001,47.362823,38.092697,0.7913702,-1,-1,-1
560,9758,1010.12317,156.94876,13.846008,43.244324,0.32563436,-1,-1,-1
560,9759,898.9983,431.29294,125.00171,106.40744,0.5078936,-1,-1,-1
561,9565,621.7324,101.63165,24.120605,23.990425,0.4992406,-1,-1,-1
561,9710,557.29865,269.0814,36.58014,136.08167,0.5593446,-1,-1,-1
561,9717,755.50616,213.35724,74.096924,46.71994,0.8261903,-1,-1,-1
561,9641,615.0172,137.2692,27.496948,22.141312,0.80574596,-1,-1,-1
561,9692,581.5068,147.40283,25.293335,23.12944,0.5204447,-1,-1,-1
561,9731,648.0062,231.23952,83.076904,86.06612,0.79197055,-1,-1,-1
561,9745,369.0304,191.60657,47.702484,38.474533,0.7867262,-1,-1,-1
561,9758,1009.7211,156.58528,14.240906,43.919785,0.29131192,-1,-1,-1
562,9565,621.56,101.32047,24.014832,24.216316,0.56155246,-1,-1,-1
562,9710,557.15784,268.10068,36.872986,137.35165,0.46944186,-1,-1,-1
562,9717,754.535,212.37212,73.35718,47.09236,0.8405968,-1,-1,-1
562,9641,614.7401,136.87398,27.404968,22.006912,0.8111685,-1,-1,-1
562,9692,581.15784,146.98645,25.611084,23.035767,0.6911787,-1,-1,-1
562,9731,646.99756,229.67851,81.7771,85.41289,0.8267695,-1,-1,-1
562,9745,364.6483,194.19243,50.56378,39.182236,0.77641326,-1,-1,-1
562,9758,1009.73376,156.48096,14.233398,44.321487,0.28325737,-1,-1,-1
563,9565,621.27246,101.13218,23.920898,24.314415,0.6797112,-1,-1,-1
563,9710,556.9103,268.00775,37.36792,138.25189,0.47932678,-1,-1,-1
563,9717,752.84875,211.37726,74.15643,46.61447,0.8380838,-1,-1,-1
563,9641,614.55475,136.68347,27.264893,21.675262,0.8172908,-1,-1,-1
563,9692,581.1715,146.53522,25.568848,23.069214,0.76756775,-1,-1,-1
563,9731,646.7612,227.3628,80.016785,85.32938,0.72889155,-1,-1,-1
563,9745,361.65897,195.23459,51.042603,41.67563,0.8246235,-1,-1,-1
563,9758,1009.9141,157.23502,14.0563965,43.951797,0.27760014,-1,-1,-1
563,9763,512.14685,115.928024,18.442993,16.302582,0.5015719,-1,-1,-1
563,9668,591.08295,107.29251,15.492615,14.68084,0.25633228,-1,-1,-1
563,9759,921.16205,443.97525,102.83484,92.48605,0.5437469,-1,-1,-1
564,9565,620.96674,101.02032,23.848877,24.416023,0.72774386,-1,-1,-1
564,9710,556.8992,267.30835,37.577515,139.93423,0.5037269,-1,-1,-1
564,9717,751.7442,210.80627,72.678406,46.228302,0.8490328,-1,-1,-1
564,9641,614.29803,136.50574,27.130066,21.343826,0.82160264,-1,-1,-1
564,9692,580.97687,145.86368,25.668884,23.207901,0.7481738,-1,-1,-1
564,9731,645.55615,224.26195,79.72748,85.25029,0.7414788,-1,-1,-1
564,9745,358.64352,197.60185,51.053345,42.942947,0.8194929,-1,-1,-1
564,9758,1009.6409,157.61417,14.315186,43.607834,0.36250603,-1,-1,-1
564,9763,511.629,115.836136,18.452667,17.013657,0.5325526,-1,-1,-1
564,9759,919.1249,440.9503,104.86774,93.82083,0.7384293,-1,-1,-1
565,9565,620.76294,100.941246,23.694641,24.49144,0.6871183,-1,-1,-1
565,9710,556.7978,267.08615,37.69232,141.52899,0.5547797,-1,-1,-1
565,9717,750.69727,210.19412,71.29297,45.88568,0.8424396,-1,-1,-1
565,9641,614.1314,136.15617,26.90863,21.30896,0.81530374,-1,-1,-1
565,9692,580.57556,145.00903,25.89502,23.713913,0.7652798,-1,-1,-1
565,9731,645.3614,222.44374,78.59155,84.59456,0.75602645,-1,-1,-1
565,9745,355.5718,199.68332,51.833008,44.324173,0.8211705,-1,-1,-1
565,9758,1009.63196,157.73047,14.328674,43.964676,0.2771725,-1,-1,-1
565,9763,511.60248,116.87798,18.269043,16.70588,0.4812929,-1,-1,-1
565,9759,915.6477,436.40213,107.94672,98.65756,0.8091499,-1,-1,-1
566,9565,620.4908,100.91572,23.61206,24.335068,0.64519453,-1,-1,-1
566,9710,556.83044,266.76703,38.044983,143.34485,0.5266559,-1,-1,-1
566,9717,749.86774,209.7201,70.33368,45.540787,0.83859485,-1,-1,-1
566,9641,613.9579,135.80354,26.68396,21.370392,0.8146559,-1,-1,-1
566,9692,580.3854,144.33746,26.054993,23.772598,0.7822046,-1,-1,-1
566,9731,644.75464,222.11156,77.836365,82.088,0.74527436,-1,-1,-1
566,9745,351.23453,202.53075,53.5856,45.127823,0.8106486,-1,-1,-1
566,9758,1009.62933,158.04303,14.353638,44.257507,0.2643691,-1,-1,-1
566,9763,510.83228,118.038155,18.09497,16.321342,0.43990186,-1,-1,-1
566,9759,910.64197,431.40063,113.2182,102.15271,0.82222426,-1,-1,-1
567,9565,620.3086,100.96518,23.727478,24.269974,0.6057521,-1,-1,-1
567,9710,556.99133,270.6575,36.880432,139.91772,0.48923162,-1,-1,-1
567,9717,748.9288,209.07008,69.70148,44.82068,0.8356638,-1,-1,-1
567,9641,613.92645,135.47972,26.3443,21.31189,0.78109705,-1,-1,-1
567,9692,580.56836,143.7231,25.785461,23.812485,0.6923345,-1,-1,-1
567,9731,644.6068,220.26596,74.037476,80.15222,0.8246182,-1,-1,-1
567,9745,347.32285,205.42075,55.944366,46.19243,0.8205763,-1,-1,-1
567,9758,1009.4069,158.91756,14.593079,44.024506,0.28177756,-1,-1,-1
567,9763,510.91852,118.83475,17.585999,16.53128,0.40815258,-1,-1,-1
567,9759,906.488,427.1801,116.26178,106.1015,0.81275094,-1,-1,-1
568,9565,620.08496,101.021736,23.326782,23.980568,0.45667952,-1,-1,-1
568,9710,556.9534,267.61444,37.967896,143.44485,0.63971865,-1,-1,-1
568,9717,746.7405,208.53375,69.90381,43.9937,0.82939106,-1,-1,-1
568,9641,613.85034,135.20282,25.983154,21.253235,0.7999828,-1,-1,-1
568,9692,580.6029,143.33478,25.415161,23.397064,0.78458333,-1,-1,-1
568,9731,644.92316,219.22572,71.587036,78.130264,0.78058904,-1,-1,-1
568,9745,342.86917,208.59674,58.03708,46.69458,0.8142989,-1,-1,-1
568,9758,1009.2761,160.04924,14.701233,43.216476,0.29132146,-1,-1,-1
568,9763,510.07675,119.24891,17.991974,16.863136,0.52317005,-1,-1,-1
568,9759,900.2535,422.59915,120.22009,109.116974,0.802632,-1,-1,-1
568,9768,497.15674,107.714645,17.378357,14.058098,0.36642766,-1,-1,-1
569,9565,619.88306,101.06882,23.170593,23.912827,0.42401785,-1,-1,-1
569,9710,556.97687,271.0367,37.24768,141.20676,0.64970565,-1,-1,-1
569,9717,745.28827,208.14943,69.83948,43.312836,0.8003149,-1,-1,-1
569,9641,613.7812,134.94504,25.720398,21.155716,0.78755075,-1,-1,-1
569,9692,580.28394,143.13487,25.346863,22.950134,0.7944079,-1,-1,-1
569,9731,644.2663,217.0339,70.46741,77.88336,0.6693277,-1,-1,-1
569,9745,339.4746,211.56825,59.445984,47.48616,0.79660475,-1,-1,-1
569,9758,1009.20483,161.50603,14.7901,42.2164,0.25690007,-1,-1,-1
569,9763,509.61102,119.818375,17.880493,17.09703,0.51582116,-1,-1,-1
569,9759,893.97614,417.83478,128.67688,112.51544,0.8113424,-1,-1,-1
569,9768,496.49097,107.66954,17.048767,14.851021,0.25376716,-1,-1,-1
570,9565,619.677,101.12629,22.775818,23.627502,0.38693777,-1,-1,-1
570,9710,557.1195,272.89545,36.843933,140.53177,0.71277994,-1,-1,-1
570,9717,744.11395,207.73283,70.02124,43.454803,0.8213721,-1,-1,-1
570,9641,613.62396,134.7956,25.596619,20.884445,0.7360152,-1,-1,-1
570,9692,580.1963,143.01622,24.96106,22.37114,0.7830224,-1,-1,-1
570,9731,643.66473,215.33124,69.87805,77.846985,0.71825355,-1,-1,-1
570,9745,335.11722,214.65453,59.696686,47.987778,0.8103328,-1,-1,-1
570,9758,1009.09375,163.42595,14.896912,41.19687,0.2888554,-1,-1,-1
570,9763,508.95242,120.36458,18.437042,17.345016,0.6619028,-1,-1,-1
570,9759,889.89594,413.7775,133.5628,116.68985,0.78833455,-1,-1,-1
570,9768,496.2134,108.10958,16.727325,15.042183,0.4948874,-1,-1,-1
570,9769,629.6339,446.5179,39.06482,70.16049,0.36098453,-1,-1,-1
571,9565,619.44165,101.120804,22.470825,23.392792,0.45524424,-1,-1,-1
571,9710,557.09393,273.60498,36.654175,140.73108,0.6889645,-1,-1,-1
571,9717,742.8383,207.3356,68.737366,41.57097,0.83383644,-1,-1,-1
571,9641,613.38446,134.40019,25.635498,20.912476,0.69448763,-1,-1,-1
571,9692,579.9836,142.17262,24.661438,22.61879,0.7565045,-1,-1,-1
571,9731,643.22833,213.66261,69.6886,77.55632,0.677629,-1,-1,-1
571,9745,331.54205,217.55022,60.002228,49.24669,0.8093757,-1,-1,-1
571,9763,508.39603,120.89649,19.008636,17.664223,0.7157221,-1,-1,-1
571,9759,883.39246,408.2379,140.40503,123.55841,0.8329899,-1,-1,-1
571,9768,496.05045,108.5973,16.431244,15.081131,0.43500787,-1,-1,-1
571,9769,629.92676,447.2198,38.69391,70.33832,0.36253932,-1,-1,-1
572,9565,619.3249,100.91727,22.224915,23.217278,0.39469126,-1,-1,-1
572,9710,557.01306,273.89438,36.799377,141.80154,0.7014185,-1,-1,-1
572,9717,741.8556,206.80324,68.223755,40.50676,0.8320016,-1,-1,-1
572,9641,613.1606,134.10092,25.58252,20.914612,0.7124935,-1,-1,-1
572,9692,579.8941,141.7062,24.170898,22.406021,0.79066986,-1,-1,-1
572,9731,641.9079,212.62245,70.063416,75.99245,0.6454107,-1,-1,-1
572,9745,327.56476,219.93385,60.642487,50.81523,0.8162092,-1,-1,-1
572,9763,507.35562,121.21028,19.521759,17.907516,0.73073524,-1,-1,-1
572,9759,879.50446,404.25586,144.41302,128.3429,0.8278267,-1,-1,-1
572,9768,495.3791,109.1396,16.563202,14.934418,0.49261472,-1,-1,-1
572,9769,630.03925,447.77966,38.8786,71.98132,0.34405762,-1,-1,-1
573,9565,618.99725,100.780685,22.095947,23.031487,0.5266798,-1,-1,-1
573,9710,556.72845,271.7939,36.841125,144.48859,0.60792506,-1,-1,-1
573,9717,740.14874,206.51155,68.2782,39.512787,0.8249482,-1,-1,-1
573,9641,612.7753,133.9297,25.650024,20.854706,0.7221632,-1,-1,-1
573,9692,579.6709,141.47159,23.917114,22.129486,0.7867662,-1,-1,-1
573,9731,640.1297,212.76689,70.50159,74.043076,0.6340491,-1,-1,-1
573,9745,323.10068,223.57922,61.430725,50.79706,0.79112035,-1,-1,-1
573,9763,506.90085,121.78364,19.623322,18.010323,0.73224026,-1,-1,-1
573,9759,873.6254,399.0033,150.32422,129.87823,0.8306411,-1,-1,-1
573,9768,494.7438,110.068054,16.625458,14.562782,0.43393484,-1,-1,-1
573,9769,630.1319,448.747,38.59076,71.72388,0.5595361,-1,-1,-1
574,9565,618.70215,100.699844,21.921448,22.649757,0.676364,-1,-1,-1
574,9710,556.64703,269.56985,37.368835,146.78891,0.468708,-1,-1,-1
574,9717,739.1263,206.03085,68.45422,39.59578,0.8230439,-1,-1,-1
574,9641,612.4761,133.64339,25.566162,20.748428,0.7845534,-1,-1,-1
574,9692,579.3403,141.35936,23.842224,21.618256,0.80251867,-1,-1,-1
574,9731,639.30273,218.7012,68.048706,65.823975,0.6427242,-1,-1,-1
574,9745,318.54828,227.11308,63.147278,52.26927,0.8009387,-1,-1,-1
574,9763,506.26627,121.9982,19.964813,18.443207,0.75423324,-1,-1,-1
574,9759,869.75885,394.06647,154.17694,130.72778,0.82348144,-1,-1,-1
574,9768,494.15167,110.25013,16.624176,14.744186,0.5202159,-1,-1,-1
574,9769,629.94556,449.22293,38.601746,71.741486,0.4517774,-1,-1,-1
574,9775,644.351,209.84482,59.144775,30.350693,0.5764726,-1,-1,-1
575,9565,618.5762,100.63544,21.700867,22.468079,0.6592201,-1,-1,-1
575,9710,556.7374,272.24924,36.612183,145.53943,0.4223962,-1,-1,-1
575,9717,738.2583,205.49078,66.3233,38.89998,0.83338356,-1,-1,-1
575,9641,612.3733,133.39212,25.423035,20.499619,0.7897621,-1,-1,-1
575,9692,579.32544,141.14334,23.555725,21.06836,0.8081639,-1,-1,-1
575,9731,639.59875,211.18,66.14813,70.52829,0.6861807,-1,-1,-1
575,9745,313.71115,228.848,66.02103,55.40538,0.80536115,-1,-1,-1
575,9763,506.08295,122.69404,19.977478,18.59948,0.6982378,-1,-1,-1
575,9759,864.8626,390.7226,159.11877,127.88043,0.8416303,-1,-1,-1
575,9768,493.4649,110.38487,17.091766,14.944351,0.5864414,-1,-1,-1
575,9769,629.67804,449.9957,38.79547,72.161835,0.5087839,-1,-1,-1
575,9775,642.7545,208.39474,59.78253,30.990646,0.49642575,-1,-1,-1
576,9565,618.3521,100.53212,21.66211,22.36554,0.6357334,-1,-1,-1
576,9710,556.6797,269.51996,37.250427,147.6847,0.41013438,-1,-1,-1
576,9717,738.0551,205.00858,63.844055,38.126297,0.8335537,-1,-1,-1
576,9641,612.15314,133.17403,25.167664,20.18814,0.77673346,-1,-1,-1
576,9692,578.8376,140.79208,23.831238,20.762268,0.8148732,-1,-1,-1
576,9731,640.17834,232.34393,63.798218,46.96106,0.62044376,-1,-1,-1
576,9745,309.2004,231.39989,66.38754,57.291,0.8152735,-1,-1,-1
576,9763,505.77158,123.05861,20.127289,18.877792,0.7333202,-1,-1,-1
576,9759,862.3321,385.4057,161.62024,126.91858,0.79025745,-1,-1,-1
576,9768,492.81256,110.76491,17.220642,15.163414,0.60177225,-1,-1,-1
576,9769,629.7396,451.0086,38.673218,72.52551,0.43612242,-1,-1,-1
576,9775,641.1757,207.00769,60.02594,31.774231,0.6926729,-1,-1,-1
577,9565,618.22217,100.441345,21.641357,22.206589,0.6097103,-1,-1,-1
577,9710,556.6838,269.34097,37.346375,147.94339,0.41047168,-1,-1,-1
577,9717,737.4657,204.4115,62.98645,38.254593,0.8374501,-1,-1,-1
577,9641,611.9883,132.93279,24.615112,19.671432,0.7950095,-1,-1,-1
577,9692,578.7157,140.4521,23.89801,20.409698,0.81137174,-1,-1,-1
577,9731,640.4544,240.72522,62.257324,36.948425,0.6609125,-1,-1,-1
577,9745,304.64487,235.12816,67.289856,57.930252,0.8147281,-1,-1,-1
577,9763,505.71255,123.474106,19.98294,19.319748,0.7493454,-1,-1,-1
577,9759,860.83344,381.83875,163.13605,123.48834,0.8270343,-1,-1,-1
577,9768,492.18054,111.17926,17.369568,15.529015,0.5666589,-1,-1,-1
577,9769,629.7326,451.72736,38.5166,71.90454,0.68674767,-1,-1,-1
577,9775,640.4373,205.70589,59.395752,31.395874,0.68026453,-1,-1,-1
577,9781,639.02057,210.52345,63.496826,64.33391,0.46796522,-1,-1,-1
577,9782,587.977,450.6791,34.071472,72.00522,0.33985734,-1,-1,-1
578,9565,618.2877,100.338036,21.587769,22.046425,0.53228194,-1,-1,-1
578,9710,556.7238,269.4155,37.560303,148.37875,0.60818213,-1,-1,-1
578,9717,736.1183,203.97173,62.421997,38.123474,0.81886613,-1,-1,-1
578,9641,611.9795,132.69363,24.058838,19.383865,0.7791781,-1,-1,-1
578,9692,578.78204,140.1432,23.689209,20.160736,0.8025483,-1,-1,-1
578,9731,639.7073,239.97626,61.674805,34.986572,0.7498635,-1,-1,-1
578,9745,299.33426,239.17197,69.23105,58.84671,0.8210393,-1,-1,-1
578,9763,505.2617,124.06213,20.582306,19.679428,0.7757452,-1,-1,-1
578,9759,855.84937,379.04825,165.6112,123.65793,0.7975853,-1,-1,-1
578,9768,491.98233,111.414215,17.551971,16.17363,0.41945958,-1,-1,-1
578,9769,629.96484,452.11246,38.0625,71.650116,0.68399364,-1,-1,-1
578,9775,641.7685,204.73877,55.859497,30.684814,0.72561216,-1,-1,-1
578,9781,638.8064,215.71559,62.78009,58.567642,0.38218895,-1,-1,-1
578,9782,588.10547,451.26294,33.92914,71.91052,0.5079973,-1,-1,-1
578,9783,639.8476,204.5762,59.314392,41.55754,0.4690654,-1,-1,-1
579,9565,618.0144,100.37695,21.662659,21.836815,0.49348846,-1,-1,-1
579,9710,556.79376,268.9764,37.434143,148.74982,0.5723699,-1,-1,-1
579,9717,734.52136,203.64056,62.42517,37.746704,0.8044106,-1,-1,-1
579,9641,611.7892,132.45761,23.514954,19.294647,0.791402,-1,-1,-1
579,9692,578.65546,139.731,23.682495,20.10962,0.8038097,-1,-1,-1
579,9731,638.93744,238.11334,60.955505,35.485626,0.7373084,-1,-1,-1
579,9745,294.16977,244.19255,70.54703,58.843033,0.8120463,-1,-1,-1
579,9763,504.6249,124.552704,21.065826,20.252548,0.76547366,-1,-1,-1
579,9759,851.8967,373.4866,164.89282,123.38373,0.7862955,-1,-1,-1
579,9768,491.19562,112.74967,17.59964,15.604759,0.5239092,-1,-1,-1
579,9769,629.8155,452.57346,38.10791,71.90573,0.57692355,-1,-1,-1
579,9775,641.3709,203.59613,55.45642,32.13765,0.45253828,-1,-1,-1
579,9781,638.8906,216.07172,61.56122,58.17224,0.7256203,-1,-1,-1
579,9782,588.2433,451.92838,33.73535,71.506256,0.6149022,-1,-1,-1
580,9565,617.9643,100.37652,21.499512,21.638123,0.5207231,-1,-1,-1
580,9710,556.97595,272.2777,36.783997,146.19556,0.55397594,-1,-1,-1
580,9717,733.3094,202.93028,61.935425,37.626587,0.8402217,-1,-1,-1
580,9641,611.6168,132.29346,23.524048,19.325714,0.7709789,-1,-1,-1
580,9692,578.6471,139.19849,23.790161,20.140656,0.808698,-1,-1,-1
580,9731,637.9393,232.6618,60.337463,38.44214,0.7522367,-1,-1,-1
580,9745,288.1442,248.14594,73.07248,60.88382,0.8247903,-1,-1,-1
580,9763,504.07648,125.21955,21.278137,20.359474,0.73826575,-1,-1,-1
580,9759,849.1485,369.9339,161.41559,120.57181,0.82808924,-1,-1,-1
580,9768,490.4623,113.315025,17.672638,15.820808,0.46339983,-1,-1,-1
580,9769,629.94073,453.17847,37.90399,72.05493,0.6055,-1,-1,-1
580,9775,641.1346,202.42946,54.46466,30.002777,0.43393108,-1,-1,-1
580,9781,638.01886,209.3324,60.80255,62.828796,0.66642386,-1,-1,-1
580,9782,588.2029,452.6593,33.601685,71.89728,0.59355915,-1,-1,-1
581,9565,617.81683,100.397606,21.298157,21.48999,0.490907,-1,-1,-1
581,9710,557.0575,274.38123,36.428284,144.16562,0.43863866,-1,-1,-1
581,9717,732.5896,202.02415,61.342773,38.044357,0.84008545,-1,-1,-1
581,9641,611.5305,132.1224,23.460754,19.430756,0.7845103,-1,-1,-1
581,9692,578.5152,139.02399,23.633606,19.802261,0.820031,-1,-1,-1
581,9731,638.23096,234.51425,58.290222,34.845215,0.6857596,-1,-1,-1
581,9745,282.62817,253.76736,74.38696,61.50418,0.82675636,-1,-1,-1
581,9763,503.7005,125.96854,21.26477,20.668335,0.6475893,-1,-1,-1
581,9759,844.70856,367.60944,156.08392,117.47601,0.79173833,-1,-1,-1
581,9768,490.0743,113.67958,17.113647,16.09758,0.26283702,-1,-1,-1
581,9769,629.86926,453.97836,37.81848,71.56186,0.65534765,-1,-1,-1
581,9775,640.9216,201.23737,53.42932,30.395126,0.33045793,-1,-1,-1
581,9781,637.5395,214.06175,59.390137,56.025864,0.7256194,-1,-1,-1
581,9782,588.1668,453.77063,34.32007,71.69446,0.63503325,-1,-1,-1
582,9565,617.61707,100.5016,21.28479,21.305504,0.45289293,-1,-1,-1
582,9710,557.0218,275.03317,36.353027,144.087,0.44219822,-1,-1,-1
582,9717,731.1909,201.37044,61.39984,37.729446,0.8239436,-1,-1,-1
582,9641,611.4655,131.89882,23.072815,19.548828,0.7809517,-1,-1,-1
582,9692,578.20386,138.92293,23.325378,19.381622,0.82730556,-1,-1,-1
582,9731,638.05664,235.02846,57.35376,33.013016,0.5899247,-1,-1,-1
582,9745,277.3306,257.93356,76.01865,63.16205,0.82558036,-1,-1,-1
582,9763,503.1885,126.44503,21.711212,21.165642,0.7082043,-1,-1,-1
582,9759,841.0415,362.80212,158.15771,115.63144,0.8084487,-1,-1,-1
582,9768,489.69492,114.32149,16.8544,16.190811,0.34925872,-1,-1,-1
582,9769,629.9161,454.34186,37.981506,72.030334,0.51843923,-1,-1,-1
582,9775,641.5432,200.1555,51.12628,27.330688,0.4546697,-1,-1,-1
582,9781,636.6048,220.7923,59.217773,47.515778,0.68106633,-1,-1,-1
582,9782,588.3173,454.65775,34.173035,71.18826,0.5828811,-1,-1,-1
582,9783,637.414,201.13771,59.320435,66.70131,0.612785,-1,-1,-1
583,9565,617.3523,100.404015,21.186829,21.202477,0.48042485,-1,-1,-1
583,9710,557.09717,274.78543,36.51892,145.80548,0.5776224,-1,-1,-1
583,9717,729.5492,200.92058,61.709717,36.133575,0.8160635,-1,-1,-1
583,9641,611.39954,131.63908,22.722168,19.701508,0.7542842,-1,-1,-1
583,9692,577.8713,138.43654,23.366455,19.422226,0.8214083,-1,-1,-1
583,9745,271.72852,261.6146,76.35388,65.32486,0.82714665,-1,-1,-1
583,9763,502.59164,127.573235,21.195648,20.752907,0.7320845,-1,-1,-1
583,9759,836.4767,358.68423,162.36292,114.52948,0.8226282,-1,-1,-1
583,9768,489.263,114.74331,16.812256,16.31945,0.49607038,-1,-1,-1
583,9769,629.94305,454.63016,37.96295,72.36325,0.5655865,-1,-1,-1
583,9775,641.23254,199.46301,50.327026,26.799988,0.449844,-1,-1,-1
583,9781,636.1253,223.71025,59.02887,43.17891,0.6029368,-1,-1,-1
583,9782,588.43884,455.12704,34.148865,71.260956,0.61902314,-1,-1,-1
583,9783,636.8945,201.58774,59.38092,67.62073,0.6000931,-1,-1,-1
584,9565,617.025,100.198975,21.137024,21.279945,0.3250566,-1,-1,-1
584,9710,557.05994,274.92975,36.784973,146.77997,0.6030432,-1,-1,-1
584,9717,728.59863,200.31296,61.171997,37.48941,0.8188237,-1,-1,-1
584,9641,611.0395,131.30867,22.837952,19.93013,0.72316134,-1,-1,-1
584,9692,577.58124,138.06807,23.443604,19.501663,0.80969656,-1,-1,-1
584,9745,264.50635,266.29218,80.14487,66.1113,0.837781,-1,-1,-1
584,9763,501.82034,128.64375,20.677216,20.340027,0.6852016,-1,-1,-1
584,9759,833.9548,356.02847,157.13928,110.16116,0.8321437,-1,-1,-1
584,9768,488.68503,115.61678,16.921356,15.881538,0.5160322,-1,-1,-1
584,9769,629.74927,455.03857,38.12726,72.85199,0.53163946,-1,-1,-1
584,9775,639.0784,198.57513,51.461548,27.063416,0.33645707,-1,-1,-1
584,9782,588.3096,455.36255,34.204773,71.54181,0.62718314,-1,-1,-1
584,9783,635.8991,200.03876,59.053345,67.52771,0.6403139,-1,-1,-1
585,9710,556.7894,274.3163,37.13611,148.0003,0.5549529,-1,-1,-1
585,9717,727.6125,199.85016,60.840393,37.372482,0.8235655,-1,-1,-1
585,9641,610.81476,131.05968,22.780212,20.012665,0.72536033,-1,-1,-1
585,9692,577.4982,137.7324,23.345581,19.353333,0.80800706,-1,-1,-1
585,9745,257.523,271.2968,83.285736,68.16223,0.84078157,-1,-1,-1
585,9763,501.20197,129.77693,20.419556,19.847733,0.7289416,-1,-1,-1
585,9759,830.28345,351.66083,151.21796,107.17847,0.8498551,-1,-1,-1
585,9768,488.18372,115.96007,16.991547,15.875504,0.6131269,-1,-1,-1
585,9769,629.6886,455.53992,38.29077,73.37164,0.59222424,-1,-1,-1
585,9782,588.31665,455.34833,33.94751,72.71838,0.57653403,-1,-1,-1
585,9783,634.83453,198.7513,59.422546,66.91716,0.71629244,-1,-1,-1
586,9710,556.8888,273.4167,37.37616,148.96185,0.5106402,-1,-1,-1
586,9717,726.71106,199.32217,60.32782,38.096542,0.8167462,-1,-1,-1
586,9641,610.49475,130.70023,22.714294,20.103973,0.5793825,-1,-1,-1
586,9692,577.26215,137.14043,23.357727,19.329102,0.7496958,-1,-1,-1
586,9745,250.01071,276.90317,85.247314,69.852905,0.8539963,-1,-1,-1
586,9763,500.5793,130.4613,20.281403,20.06845,0.7627973,-1,-1,-1
586,9759,826.67554,348.81366,148.66064,105.10132,0.8367989,-1,-1,-1
586,9768,487.07043,115.840065,17.537964,16.597984,0.61644465,-1,-1,-1
586,9769,629.51355,456.27353,38.63263,73.3179,0.3842957,-1,-1,-1
586,9782,588.0347,455.48196,34.25757,73.62149,0.631829,-1,-1,-1
586,9783,633.9485,197.15112,59.541748,66.71182,0.7394026,-1,-1,-1
587,9710,556.9687,273.6846,37.425354,149.12595,0.62683743,-1,-1,-1
587,9717,725.928,198.37823,59.69696,38.432953,0.8165254,-1,-1,-1
587,9641,610.11456,130.4096,22.743347,19.966873,0.5092263,-1,-1,-1
587,9692,577.32214,136.83434,22.736694,19.27922,0.72958785,-1,-1,-1
587,9745,242.29759,280.87808,86.943405,73.23309,0.8402883,-1,-1,-1
587,9763,499.86154,131.51262,20.32077,19.999252,0.78268063,-1,-1,-1
587,9759,822.40405,344.8393,147.31525,104.40076,0.84587413,-1,-1,-1
587,9768,486.5744,116.55491,17.406464,16.404747,0.6470171,-1,-1,-1
587,9769,629.22473,457.21555,39.05957,73.13278,0.30015066,-1,-1,-1
587,9782,587.8242,456.275,34.267334,73.25516,0.4752419,-1,-1,-1
587,9783,632.89557,194.48125,59.77826,68.65828,0.6935471,-1,-1,-1
588,9710,557.02045,273.99136,37.088013,149.59256,0.67516166,-1,-1,-1
588,9717,725.5965,197.35359,57.700684,37.494232,0.81261104,-1,-1,-1
588,9641,609.71497,130.0603,22.84143,20.190643,0.5813989,-1,-1,-1
588,9692,577.15533,136.33601,22.739075,19.250137,0.74653435,-1,-1,-1
588,9745,234.20113,286.41058,89.13887,74.92627,0.8646452,-1,-1,-1
588,9763,499.329,132.32233,20.368683,20.16037,0.7528379,-1,-1,-1
588,9759,819.2987,341.7501,144.03748,102.723724,0.84295493,-1,-1,-1
588,9768,485.97205,117.25674,17.404175,16.446236,0.63237906,-1,-1,-1
588,9769,629.24347,457.73502,39.25763,73.24838,0.4568052,-1,-1,-1
588,9782,587.5698,456.86758,34.25,73.12924,0.54110104,-1,-1,-1
588,9783,631.3248,192.5949,59.459045,67.4586,0.63249165,-1,-1,-1
588,9775,633.75885,193.35585,52.64984,34.353745,0.39107248,-1,-1,-1
589,9710,556.96326,273.58853,37.331543,150.68994,0.6313209,-1,-1,-1
589,9717,725.12085,196.63911,56.201294,37.3425,0.79928446,-1,-1,-1
589,9641,609.7109,129.77852,22.733032,20.200531,0.5204592,-1,-1,-1
589,9692,577.2782,135.6223,22.631592,19.444168,0.69672257,-1,-1,-1
589,9745,226.13464,291.12808,91.105225,77.93979,0.84951407,-1,-1,-1
589,9763,498.74512,133.24141,20.53479,20.023422,0.6873247,-1,-1,-1
589,9759,816.67786,338.7036,140.29901,100.89157,0.8524478,-1,-1,-1
589,9768,485.12552,118.26936,17.766327,16.222672,0.6575822,-1,-1,-1
589,9769,629.29193,458.1838,39.25586,72.95914,0.4468162,-1,-1,-1
589,9782,587.745,457.6388,33.97711,72.70093,0.51689696,-1,-1,-1
589,9783,631.6792,191.61226,57.98059,66.23122,0.69703186,-1,-1,-1
590,9710,556.9174,273.53772,36.99829,151.9086,0.6634895,-1,-1,-1
590,9717,723.54767,196.36502,57.077087,36.65518,0.8020912,-1,-1,-1
590,9641,609.5673,129.52374,22.714111,20.44899,0.6704534,-1,-1,-1
590,9692,577.1519,135.05212,22.984924,19.637009,0.694197,-1,-1,-1
590,9745,217.81425,297.31705,94.052475,79.45288,0.86232394,-1,-1,-1
590,9763,497.57193,134.33391,21.174347,20.200333,0.7922163,-1,-1,-1
590,9759,813.4364,334.27493,135.98126,100.14996,0.8382496,-1,-1,-1
590,9768,484.29413,119.149704,17.817963,16.151321,0.69472086,-1,-1,-1
590,9769,629.2999,458.5173,39.453796,72.71756,0.4907337,-1,-1,-1
590,9782,587.73004,458.07407,33.865173,72.45627,0.38927105,-1,-1,-1
590,9783,631.71704,191.59052,57.148865,64.0811,0.6690644,-1,-1,-1
591,9710,556.90283,274.60754,37.021484,151.43747,0.71831757,-1,-1,-1
591,9717,722.58923,196.01784,57.563538,36.24745,0.8020237,-1,-1,-1
591,9641,609.22125,129.26776,22.851868,20.62532,0.6638067,-1,-1,-1
591,9692,576.8126,134.49387,22.908203,19.805054,0.68502504,-1,-1,-1
591,9745,209.29335,300.93173,96.60112,84.12521,0.8653851,-1,-1,-1
591,9763,496.71442,135.04498,21.407288,20.404678,0.7831099,-1,-1,-1
591,9759,809.8373,331.22314,132.8498,97.83676,0.8159312,-1,-1,-1
591,9768,483.60977,119.99592,17.613037,15.87632,0.63851506,-1,-1,-1
591,9782,587.65594,458.6989,33.895447,72.328,0.29361844,-1,-1,-1
591,9783,631.0164,190.62129,55.335144,62.30728,0.6465618,-1,-1,-1
592,9710,556.969,274.72314,37.008606,151.76233,0.7627551,-1,-1,-1
592,9717,721.65686,195.65315,57.020386,35.286285,0.8045842,-1,-1,-1
592,9641,608.89954,128.9331,22.913208,20.885193,0.60101444,-1,-1,-1
592,9692,576.7891,134.25491,22.793823,19.570496,0.6457068,-1,-1,-1
592,9745,199.09966,307.3949,102.43208,86.72708,0.863608,-1,-1,-1
592,9763,496.1232,135.6545,21.563202,20.681747,0.80063564,-1,-1,-1
592,9759,806.5374,327.54468,130.10925,97.36786,0.83193856,-1,-1,-1
592,9768,483.05817,121.42191,17.731628,15.368828,0.68211424,-1,-1,-1
592,9782,587.6282,458.97244,33.552856,72.47806,0.28929344,-1,-1,-1
592,9783,630.5932,189.34099,55.251404,61.646957,0.69560426,-1,-1,-1
593,9710,556.8428,274.12338,37.44928,153.121,0.7475256,-1,-1,-1
593,9717,720.6303,195.35576,56.96765,34.36917,0.82701164,-1,-1,-1
593,9641,608.5807,128.63045,22.566162,20.738968,0.68179053,-1,-1,-1
593,9692,576.77026,133.78026,22.504944,19.559738,0.7275397,-1,-1,-1
593,9745,188.75299,314.3339,107.365845,89.86481,0.88371545,-1,-1,-1
593,9763,495.4655,136.65897,21.886475,20.580673,0.78913724,-1,-1,-1
593,9759,802.6187,324.34027,127.06622,96.14908,0.85881495,-1,-1,-1
593,9768,482.50644,122.01349,17.69983,15.395645,0.6579693,-1,-1,-1
593,9783,629.92487,188.36589,55.128784,60.453262,0.76254916,-1,-1,-1
594,9710,556.57697,273.66394,38.00757,153.80951,0.6871715,-1,-1,-1
594,9717,719.66486,194.85542,56.956726,34.9133,0.816611,-1,-1,-1
594,9641,608.396,128.36156,22.593872,20.816711,0.6876501,-1,-1,-1
594,9692,576.5957,133.6254,22.373474,19.338943,0.741232,-1,-1,-1
594,9745,180.14258,321.62964,109.74158,90.79825,0.8683763,-1,-1,-1
594,9763,494.7459,137.59605,22.061646,20.63562,0.76065624,-1,-1,-1
594,9759,800.8708,323.7812,126.534,92.25375,0.8412702,-1,-1,-1
594,9768,481.91513,122.85034,17.765594,15.031982,0.67924106,-1,-1,-1
594,9783,629.5111,187.71965,55.17328,59.71872,0.7974016,-1,-1,-1
594,9797,709.9019,459.96054,155.47046,80.03946,0.65012485,-1,-1,-1
595,9710,556.4279,272.9482,38.097656,154.62311,0.6456167,-1,-1,-1
595,9717,718.7608,194.3523,56.467224,35.417313,0.81592834,-1,-1,-1
595,9641,608.07635,128.10532,22.51117,20.760529,0.62238944,-1,-1,-1
595,9692,576.376,133.53609,22.12378,19.014877,0.706006,-1,-1,-1
595,9745,167.58827,328.9754,115.361984,93.93802,0.83965594,-1,-1,-1
595,9763,494.29593,138.71913,22.130524,20.48207,0.73739386,-1,-1,-1
595,9759,796.295,320.2423,126.26276,91.264496,0.8106051,-1,-1,-1
595,9768,481.42535,122.858215,17.363281,15.341736,0.6515862,-1,-1,-1
595,9783,629.26056,187.27129,54.619385,58.319763,0.741049,-1,-1,-1
595,9797,705.81067,456.38205,157.03265,83.60129,0.772668,-1,-1,-1
596,9710,556.34094,272.72076,38.47589,155.36871,0.71341735,-1,-1,-1
596,9717,718.2197,193.81975,56.130188,36.322464,0.81540596,-1,-1,-1
596,9641,607.7347,127.7482,22.17163,20.770966,0.47625712,-1,-1,-1
596,9692,576.23846,133.26697,21.888428,18.823288,0.57983565,-1,-1,-1
596,9745,156.17432,334.95264,119.54645,99.91629,0.8655287,-1,-1,-1
596,9763,493.58524,139.4768,22.294098,20.817123,0.78840375,-1,-1,-1
596,9759,793.93616,318.2056,122.32135,88.96359,0.82931334,-1,-1,-1
596,9768,480.36832,123.07025,17.472382,15.92923,0.6760101,-1,-1,-1
596,9783,628.54626,186.52281,54.18988,57.680176,0.71807575,-1,-1,-1
596,9797,701.8998,450.4365,161.00452,89.52481,0.80037785,-1,-1,-1
597,9710,556.2755,273.73163,38.378357,154.60571,0.7086591,-1,-1,-1
597,9717,716.98425,192.96837,55.32184,36.47409,0.8134214,-1,-1,-1
597,9641,607.5898,127.43296,21.842102,20.6623,0.45907602,-1,-1,-1
597,9692,576.27893,132.65575,21.540466,18.978577,0.51228976,-1,-1,-1
597,9745,144.03795,342.70792,124.56752,103.93222,0.8659337,-1,-1,-1
597,9763,492.88947,140.44255,22.418823,20.79338,0.80167484,-1,-1,-1
597,9759,790.59503,314.3105,120.30835,89.96591,0.88749725,-1,-1,-1
597,9768,479.45,123.36888,17.644989,16.69844,0.7150359,-1,-1,-1
597,9783,628.153,185.31097,52.796265,57.71544,0.751126,-1,-1,-1
597,9797,695.4111,441.40784,166.94379,98.59216,0.81458867,-1,-1,-1
598,9710,556.34863,273.54062,37.799683,155.17993,0.6759965,-1,-1,-1
598,9717,716.06714,192.1849,54.88971,37.503708,0.8174067,-1,-1,-1
598,9641,607.4788,127.20168,21.275818,20.758324,0.62840986,-1,-1,-1
598,9692,576.2731,132.09564,21.619873,19.183533,0.6819587,-1,-1,-1
598,9745,130.81142,350.2017,130.60765,109.431885,0.875418,-1,-1,-1
598,9763,492.2602,141.093,22.274963,20.888885,0.7732816,-1,-1,-1
598,9759,788.7503,311.86102,118.49048,88.614044,0.8396061,-1,-1,-1
598,9768,478.49362,123.88317,18.359009,17.314644,0.726581,-1,-1,-1
598,9783,627.5679,183.66257,50.691895,58.38176,0.73806554,-1,-1,-1
598,9797,690.5214,435.86954,169.81,102.21115,0.8225316,-1,-1,-1
599,9710,556.2854,273.86618,37.43927,154.85077,0.60659,-1,-1,-1
599,9717,715.13544,191.33229,55.603943,38.443695,0.8139905,-1,-1,-1
599,9641,607.4455,126.90641,20.760437,20.771141,0.61707103,-1,-1,-1
599,9692,576.2407,131.66957,21.276184,19.240524,0.68535686,-1,-1,-1
599,9745,115.93535,357.96362,136.6109,116.27469,0.8847318,-1,-1,-1
599,9763,491.1319,142.17068,22.672607,21.074081,0.7841318,-1,-1,-1
599,9759,785.27155,309.42917,117.325745,87.29593,0.839354,-1,-1,-1
599,9768,477.76236,124.47222,18.448303,17.434502,0.70132107,-1,-1,-1
599,9783,627.25525,182.6094,49.58612,58.046738,0.7062292,-1,-1,-1
599,9797,686.9958,428.3175,172.92914,108.05841,0.819398,-1,-1,-1
600,9710,556.1545,279.0613,36.675293,149.5852,0.6661652,-1,-1,-1
600,9717,714.23694,190.62411,54.907227,38.270096,0.8123963,-1,-1,-1
600,9641,607.38184,126.69512,20.428955,20.65429,0.7105762,-1,-1,-1
600,9692,576.0865,131.25423,21.127686,19.2762,0.7289177,-1,-1,-1
600,9745,100.2776,367.74655,141.5288,122.67508,0.90470546,-1,-1,-1
600,9763,489.96414,143.62828,23.125336,20.812332,0.7921072,-1,-1,-1
600,9759,782.2609,307.95346,115.56714,85.66397,0.8337964,-1,-1,-1
600,9768,477.05307,125.532585,18.241608,17.087593,0.6699014,-1,-1,-1
600,9783,626.8752,181.70882,49.30725,57.627075,0.72535807,-1,-1,-1
600,9797,685.76575,423.6093,172.59583,112.43048,0.78943616,-1,-1,-1
601,9710,555.90643,275.1736,37.362183,153.94913,0.6137476,-1,-1,-1
601,9717,713.7554,190.09953,54.350098,38.339096,0.80604315,-1,-1,-1
601,9641,607.2364,126.390724,20.232178,20.577568,0.74357843,-1,-1,-1
601,9692,575.79346,130.86174,20.963562,19.058563,0.6802282,-1,-1,-1
601,9745,84.69991,377.60696,146.34363,128.92548,0.89734143,-1,-1,-1
601,9763,489.18283,144.51212,23.355865,20.823517,0.7735239,-1,-1,-1
601,9759,779.93713,304.34146,113.06323,85.24539,0.8188923,-1,-1,-1
601,9768,476.09125,126.41055,18.75888,16.966064,0.5967315,-1,-1,-1
601,9783,626.60095,180.67581,48.50836,56.96254,0.7059668,-1,-1,-1
601,9797,686.3392,417.48926,167.59998,120.917786,0.841051,-1,-1,-1
602,9710,555.8701,277.81992,37.347412,151.18323,0.5030531,-1,-1,-1
602,9717,712.7998,189.4028,53.446106,37.748688,0.7987506,-1,-1,-1
602,9641,607.23285,126.130585,19.98053,20.470917,0.79677224,-1,-1,-1
602,9692,575.7148,130.63953,20.46582,18.924103,0.74957824,-1,-1,-1
602,9745,64.431725,388.57202,155.79831,135.86823,0.8202361,-1,-1,-1
602,9763,488.50684,145.70232,23.746155,20.852997,0.8074432,-1,-1,-1
602,9759,777.89996,302.1354,110.888245,83.94388,0.8392699,-1,-1,-1
602,9768,475.1285,127.058586,19.939178,17.186714,0.7008142,-1,-1,-1
602,9783,626.0934,179.8889,48.084045,56.014435,0.7294328,-1,-1,-1
602,9797,688.74646,412.32492,160.98712,127.015594,0.8486361,-1,-1,-1
603,9710,555.8477,278.76788,37.166443,150.31186,0.4515818,-1,-1,-1
603,9717,711.5115,189.20148,52.855896,37.54695,0.83713454,-1,-1,-1
603,9641,607.0449,125.91729,19.780945,20.284813,0.80225915,-1,-1,-1
603,9692,575.46625,130.67729,20.522888,18.469406,0.7258821,-1,-1,-1
603,9745,45.9915,392.74185,165.271,144.06448,0.80453014,-1,-1,-1
603,9763,487.8335,146.55377,23.874542,21.005081,0.78168434,-1,-1,-1
603,9759,776.2984,300.0871,108.23163,81.617615,0.86141866,-1,-1,-1
603,9768,474.4077,127.550446,19.8096,17.383347,0.6703786,-1,-1,-1
603,9783,625.3064,178.85811,48.23059,55.420395,0.7560239,-1,-1,-1
603,9797,692.0323,405.52365,154.95593,134.21182,0.82979614,-1,-1,-1
604,9710,555.9691,279.68295,37.162537,149.18463,0.59026337,-1,-1,-1
604,9717,710.4172,188.92082,52.831787,36.2415,0.8027067,-1,-1,-1
604,9641,606.9188,125.712234,19.607483,20.10991,0.7872659,-1,-1,-1
604,9692,575.31067,130.56,20.400452,18.054474,0.6966958,-1,-1,-1
604,9745,31.370138,404.1778,174.03789,135.8222,0.73357266,-1,-1,-1
604,9763,487.27618,147.17946,24.101715,21.307526,0.7693965,-1,-1,-1
604,9759,774.445,299.41446,105.57843,79.06604,0.8338842,-1,-1,-1
604,9768,473.76062,128.05122,19.887573,17.689667,0.65321076,-1,-1,-1
604,9783,624.64703,177.75017,47.346924,55.36656,0.5535609,-1,-1,-1
604,9797,689.86,400.68927,150.10986,134.87329,0.82044053,-1,-1,-1
604,9775,627.7977,178.57886,41.760803,20.116562,0.47338405,-1,-1,-1
605,9710,555.94183,280.08826,37.299316,148.875,0.49420336,-1,-1,-1
605,9717,709.65784,188.69046,52.568787,35.092743,0.80821997,-1,-1,-1
605,9641,606.8184,125.5351,19.501282,20.03643,0.79607284,-1,-1,-1
605,9692,575.55914,130.26234,20.774658,18.041016,0.6770594,-1,-1,-1
605,9745,14.153905,418.23883,182.82281,121.76117,0.40003753,-1,-1,-1
605,9763,486.99667,147.47295,24.293945,22.323456,0.76940733,-1,-1,-1
605,9759,771.2978,297.79047,105.66211,76.733185,0.8660375,-1,-1,-1
605,9768,472.84625,128.35753,20.173492,18.468567,0.7039733,-1,-1,-1
605,9783,623.8769,177.0707,47.3338,54.860733,0.6727784,-1,-1,-1
605,9797,682.3509,396.0387,155.44281,140.54895,0.82698065,-1,-1,-1
606,9710,555.87,280.10645,37.31079,149.42786,0.47968024,-1,-1,-1
606,9717,709.0976,188.09764,52.430054,35.346237,0.7973991,-1,-1,-1
606,9641,606.69574,125.402695,19.383179,19.884949,0.7763237,-1,-1,-1
606,9692,575.4683,130.10974,20.879395,17.752884,0.6504629,-1,-1,-1
606,9745,0.8031759,430.78857,183.78558,109.211426,0.555475,-1,-1,-1
606,9763,486.5947,148.41559,24.5018,22.87062,0.7045315,-1,-1,-1
606,9759,769.8277,296.3388,103.41815,75.67398,0.8220702,-1,-1,-1
606,9768,472.09042,129.19589,20.437042,18.555374,0.76035887,-1,-1,-1
606,9783,623.28546,176.00679,48.16223,54.289993,0.726243,-1,-1,-1
606,9797,677.0013,390.85632,152.52594,144.15753,0.86199343,-1,-1,-1
606,9775,626.41174,176.95662,41.781677,20.104324,0.279679,-1,-1,-1
607,9710,555.97034,280.19946,37.307434,148.9602,0.4916523,-1,-1,-1
607,9717,707.66693,187.69609,52.561646,35.179565,0.85096365,-1,-1,-1
607,9641,606.41315,125.275116,19.452515,19.667877,0.7347802,-1,-1,-1
607,9692,575.2215,129.84543,20.328857,17.766647,0.68132937,-1,-1,-1
607,9745,0.0,444.71655,171.53917,95.28345,0.36492607,-1,-1,-1
607,9763,486.21884,149.01456,24.455841,23.610672,0.73365057,-1,-1,-1
607,9759,768.19495,292.71646,101.86987,76.48328,0.82907844,-1,-1,-1
607,9768,471.43738,129.90007,20.116913,18.658813,0.7745101,-1,-1,-1
607,9783,622.7246,175.77585,47.698303,53.32344,0.72642446,-1,-1,-1
607,9797,671.18616,385.28738,150.1889,146.25162,0.8772098,-1,-1,-1
607,9782,588.5311,467.89368,31.57843,70.75598,0.25948125,-1,-1,-1
608,9710,556.1295,279.4727,37.200317,149.32803,0.5783912,-1,-1,-1
608,9717,706.53394,187.08554,52.447998,35.13446,0.8213074,-1,-1,-1
608,9641,606.1034,125.220024,19.601746,19.30317,0.69712484,-1,-1,-1
608,9692,575.00995,129.57394,20.828125,17.726913,0.63644403,-1,-1,-1
608,9763,484.98795,150.29948,24.937439,23.53598,0.79713494,-1,-1,-1
608,9759,766.6274,290.22964,100.096375,75.41153,0.85227776,-1,-1,-1
608,9768,470.79224,130.82527,19.70636,18.492584,0.7467817,-1,-1,-1
608,9783,622.27155,175.73596,47.09735,52.15857,0.675583,-1,-1,-1
608,9797,667.0624,380.4399,147.51782,143.10245,0.855422,-1,-1,-1
608,9782,588.338,468.3814,31.431885,71.20062,0.25778222,-1,-1,-1
609,9710,556.1168,279.22977,37.370422,149.27383,0.46680313,-1,-1,-1
609,9717,705.5884,186.63445,52.75763,35.130753,0.8276771,-1,-1,-1
609,9641,605.9028,125.13465,19.671936,18.946465,0.74978244,-1,-1,-1
609,9692,575.04663,129.31221,20.16809,17.619934,0.70444316,-1,-1,-1
609,9763,484.1587,151.43346,24.850128,23.418396,0.7995693,-1,-1,-1
609,9759,765.0161,289.47916,99.143616,73.31293,0.84717643,-1,-1,-1
609,9768,469.86398,131.90651,19.727753,18.269806,0.74945647,-1,-1,-1
609,9783,622.10614,174.85689,46.199097,51.496384,0.754975,-1,-1,-1
609,9797,666.08795,375.87943,142.36145,143.33908,0.8987392,-1,-1,-1
609,9782,588.34717,468.5171,31.659668,71.466736,0.39080498,-1,-1,-1
610,9710,556.14124,279.04343,37.86139,150.35907,0.5542747,-1,-1,-1
610,9717,704.89014,186.21164,52.047546,34.911133,0.8195179,-1,-1,-1
610,9641,605.75134,125.01498,19.714966,18.742226,0.78654885,-1,-1,-1
610,9692,574.9135,128.9758,20.100403,17.597137,0.68980026,-1,-1,-1
610,9763,483.19342,152.87804,25.041626,23.281326,0.8228501,-1,-1,-1
610,9759,763.62604,288.09967,97.202515,71.683685,0.7900406,-1,-1,-1
610,9768,469.01532,133.13786,19.783325,18.083344,0.73247206,-1,-1,-1
610,9783,621.7395,174.02354,46.13086,51.248962,0.7660445,-1,-1,-1
610,9797,666.44354,372.39786,136.88898,138.92651,0.9013856,-1,-1,-1
610,9782,588.2434,468.48837,31.595398,71.51163,0.44005564,-1,-1,-1
611,9710,556.15515,278.96988,38.27997,150.77185,0.38354144,-1,-1,-1
611,9717,704.0961,185.6341,51.453613,34.636444,0.8149311,-1,-1,-1
611,9641,605.58026,124.83046,19.719421,18.711456,0.7267791,-1,-1,-1
611,9692,574.6222,128.53908,20.74884,17.607712,0.589285,-1,-1,-1
611,9763,482.21332,154.24593,25.213043,23.132645,0.8228635,-1,-1,-1
611,9759,761.4671,286.7824,95.20099,70.06378,0.8196716,-1,-1,-1
611,9768,468.1696,134.06738,19.87265,18.05098,0.69169974,-1,-1,-1
611,9783,621.4437,173.01129,45.64514,50.52545,0.7693237,-1,-1,-1
611,9797,666.1677,366.9879,132.77405,136.43283,0.9228894,-1,-1,-1
611,9782,588.09875,469.27603,31.9682,70.72397,0.3953977,-1,-1,-1
612,9710,556.07623,278.61188,38.40393,151.84583,0.27456024,-1,-1,-1
612,9717,703.2934,185.10648,51.002686,33.851074,0.80681366,-1,-1,-1
612,9641,605.2716,124.6807,20.056519,18.623817,0.68931156,-1,-1,-1
612,9692,574.48553,128.3191,20.018372,17.253693,0.571378,-1,-1,-1
612,9763,481.37625,155.5771,25.237885,23.092133,0.782624,-1,-1,-1
612,9759,760.174,284.17596,93.581055,69.91745,0.82908237,-1,-1,-1
612,9768,467.12918,134.48024,19.828064,18.548859,0.7373372,-1,-1,-1
612,9783,620.81323,171.93422,45.84729,50.717545,0.7712843,-1,-1,-1
612,9797,664.72174,362.6914,129.54718,128.68042,0.8883653,-1,-1,-1
612,9782,587.5606,469.46436,32.58203,70.535645,0.35511395,-1,-1,-1
613,9710,556.3775,283.5497,37.621582,148.75934,0.31004158,-1,-1,-1
613,9717,702.74493,184.82385,50.569824,33.72676,0.8128583,-1,-1,-1
613,9641,604.9566,124.539276,20.32837,18.394958,0.6663533,-1,-1,-1
613,9692,574.3315,127.90626,20.499512,17.240944,0.52874285,-1,-1,-1
613,9763,480.8113,156.42422,25.088593,23.529907,0.7970763,-1,-1,-1
613,9759,758.22736,281.81818,94.16327,70.09073,0.836196,-1,-1,-1
613,9768,465.97357,135.16568,20.328674,18.746597,0.7672351,-1,-1,-1
613,9783,620.54456,171.33282,44.586365,50.575546,0.77983105,-1,-1,-1
613,9797,659.6644,358.25665,128.78607,123.59625,0.9048443,-1,-1,-1
613,9782,587.34186,469.78897,33.11139,70.21103,0.43302625,-1,-1,-1
614,9710,556.44946,285.66382,36.92755,147.54608,0.34631476,-1,-1,-1
614,9717,702.3105,184.5809,50.442993,33.41043,0.8166233,-1,-1,-1
614,9641,604.74805,124.4004,20.302368,18.194084,0.70649564,-1,-1,-1
614,9692,574.14636,127.82264,20.075867,16.808342,0.53898084,-1,-1,-1
614,9763,479.91986,157.38812,25.322906,23.410645,0.7686497,-1,-1,-1
614,9759,756.1838,279.66306,93.35498,68.862274,0.85120595,-1,-1,-1
614,9768,465.1926,135.99747,20.54718,18.976486,0.756889,-1,-1,-1
614,9783,620.3085,171.11024,43.21045,49.5092,0.7501501,-1,-1,-1
614,9797,658.4204,354.36508,126.42444,119.84308,0.8858949,-1,-1,-1
614,9782,587.342,470.4309,33.23889,69.56909,0.45921752,-1,-1,-1
615,9710,556.5786,287.0709,36.65222,146.90988,0.47037092,-1,-1,-1
615,9717,701.9109,184.50154,49.527954,32.867783,0.81725067,-1,-1,-1
615,9641,604.62445,124.23143,20.172302,18.10048,0.71982616,-1,-1,-1
615,9692,574.02795,127.58445,20.154175,16.789604,0.65637285,-1,-1,-1
615,9763,479.1217,158.96497,25.600891,23.355026,0.826817,-1,-1,-1
615,9759,754.7298,278.24323,91.119934,67.443115,0.8390185,-1,-1,-1
615,9768,464.3973,136.78041,20.41269,19.319183,0.76462585,-1,-1,-1
615,9783,619.96484,170.61656,42.987244,48.564682,0.7999748,-1,-1,-1
615,9797,656.5276,351.22006,123.92505,116.88327,0.8857473,-1,-1,-1
615,9782,587.5333,471.02145,33.106445,68.978546,0.35228175,-1,-1,-1
616,9710,556.5896,286.92676,36.373413,147.90857,0.3175827,-1,-1,-1
616,9717,701.81464,184.38754,48.24707,31.836624,0.81754863,-1,-1,-1
616,9641,604.51886,123.97152,20.068237,17.907509,0.6420284,-1,-1,-1
616,9692,574.0865,127.33445,20.022034,16.84797,0.69159764,-1,-1,-1
616,9763,478.29575,159.53839,25.925964,24.519684,0.8033626,-1,-1,-1
616,9759,752.9765,278.22586,89.3869,65.536865,0.8222772,-1,-1,-1
616,9768,463.42654,137.8361,20.826813,19.303162,0.75291777,-1,-1,-1
616,9783,619.65857,170.3598,42.942932,47.62004,0.79755723,-1,-1,-1
616,9797,656.65283,348.13293,118.80365,114.12103,0.88797677,-1,-1,-1
616,9782,587.55554,471.5965,33.217346,68.4035,0.3087967,-1,-1,-1
617,9710,556.64996,286.7763,36.35083,149.0698,0.29507813,-1,-1,-1
617,9717,701.7078,183.96855,47.0343,31.461136,0.8130542,-1,-1,-1
617,9641,604.4318,123.48921,19.87909,17.763031,0.574409,-1,-1,-1
617,9692,574.13763,126.92801,19.890808,16.777039,0.6563705,-1,-1,-1
617,9763,477.2592,160.5417,26.800415,25.081299,0.7964923,-1,-1,-1
617,9759,751.7949,276.59372,88.38281,64.64441,0.80992556,-1,-1,-1
617,9768,462.49878,138.68646,21.069244,19.277298,0.7980645,-1,-1,-1
617,9783,619.211,169.70929,42.325073,46.79335,0.8093446,-1,-1,-1
617,9797,657.0946,343.4089,113.842896,112.639435,0.8686931,-1,-1,-1
618,9710,556.4084,286.2706,36.75525,150.71252,0.30213928,-1,-1,-1
618,9717,701.5771,183.30017,46.52173,31.741135,0.81147355,-1,-1,-1
618,9641,604.2289,123.079025,19.869995,17.803284,0.65525526,-1,-1,-1
618,9692,574.21234,126.604614,19.750488,16.8172,0.70080626,-1,-1,-1
618,9763,475.6097,162.55435,27.132996,24.507812,0.8233603,-1,-1,-1
618,9759,750.26434,275.13763,88.46698,63.67093,0.84641796,-1,-1,-1
618,9768,461.66626,139.67303,21.213562,19.318481,0.81111795,-1,-1,-1
618,9783,618.7179,169.3824,43.013794,46.5186,0.7944617,-1,-1,-1
618,9797,655.658,340.16824,110.67255,110.20303,0.8759042,-1,-1,-1
618,9806,898.07446,451.84967,125.843445,87.53735,0.80191374,-1,-1,-1
619,9710,556.387,286.90616,37.049377,150.84625,0.26547694,-1,-1,-1
619,9717,700.65717,182.9831,46.218506,31.263962,0.8038259,-1,-1,-1
619,9641,604.0824,122.96728,19.793823,17.710747,0.64593935,-1,-1,-1
619,9692,574.3248,126.379074,19.440552,16.81099,0.69298315,-1,-1,-1
619,9763,474.5658,163.74626,27.487427,24.906876,0.82178164,-1,-1,-1
619,9759,748.4509,274.48895,88.140076,63.31357,0.828619,-1,-1,-1
619,9768,460.75858,140.68425,21.10495,19.59285,0.82645535,-1,-1,-1
619,9783,618.46857,168.64735,42.95575,46.479996,0.798727,-1,-1,-1
619,9797,654.1352,336.32077,108.90393,107.63098,0.8660244,-1,-1,-1
619,9806,892.26904,443.365,131.61816,96.45868,0.8496738,-1,-1,-1
619,9782,587.6214,473.51913,33.720398,66.480865,0.27856773,-1,-1,-1
620,9710,556.2536,287.59735,37.542603,150.50027,0.34595302,-1,-1,-1
620,9717,699.82776,182.19327,45.68988,31.558472,0.80482537,-1,-1,-1
620,9641,603.93994,122.80028,19.780823,17.529465,0.623714,-1,-1,-1
620,9692,574.3641,126.22914,19.255554,16.506668,0.5910194,-1,-1,-1
620,9763,473.36884,165.10484,28.085999,25.046295,0.83310056,-1,-1,-1
620,9759,746.57184,272.26788,86.96069,62.24756,0.85344887,-1,-1,-1
620,9768,459.9544,141.64153,21.125275,19.785019,0.82799584,-1,-1,-1
620,9783,618.357,168.03474,42.746155,46.34816,0.81299293,-1,-1,-1
620,9797,652.0139,332.17715,107.50891,106.436646,0.8712354,-1,-1,-1
620,9806,884.28845,435.87183,139.61841,103.66962,0.8245781,-1,-1,-1
621,9710,556.07776,287.42584,37.762817,151.53275,0.39160177,-1,-1,-1
621,9717,699.0074,181.85143,45.935547,31.89981,0.807801,-1,-1,-1
621,9641,603.7848,122.558876,19.692017,17.470238,0.6785924,-1,-1,-1
621,9692,574.2465,125.98438,19.151978,16.226341,0.6418364,-1,-1,-1
621,9763,472.41113,166.39667,28.26892,25.587708,0.8294515,-1,-1,-1
621,9759,744.85065,268.9993,86.02899,63.074738,0.84180355,-1,-1,-1
621,9768,459.04288,142.62198,21.34253,19.823517,0.8252004,-1,-1,-1
621,9783,618.24225,167.16312,41.69403,46.724014,0.8232261,-1,-1,-1
621,9797,650.45526,328.93182,105.44183,103.06137,0.860894,-1,-1,-1
621,9806,877.66614,427.21954,146.27374,110.90436,0.83172303,-1,-1,-1
622,9710,555.90027,287.63525,38.02008,152.13126,0.39175767,-1,-1,-1
622,9717,697.9391,181.54202,45.258118,31.953873,0.8122077,-1,-1,-1
622,9641,603.7166,122.52633,19.228333,17.32766,0.72489095,-1,-1,-1
622,9692,574.0088,125.8413,19.043884,15.93943,0.6964586,-1,-1,-1
622,9763,471.21863,167.31558,28.811462,26.179504,0.85430336,-1,-1,-1
622,9759,744.35443,268.57205,82.93091,60.694244,0.8432993,-1,-1,-1
622,9768,457.987,143.77803,21.433899,19.666595,0.82190424,-1,-1,-1
622,9783,617.9867,166.40103,40.85083,46.49951,0.8409476,-1,-1,-1
622,9797,648.9029,326.0092,103.11633,100.91235,0.8642342,-1,-1,-1
622,9806,874.01465,420.21506,149.93109,116.46207,0.8327415,-1,-1,-1
623,9710,555.9416,286.8901,37.58954,153.05789,0.3314001,-1,-1,-1
623,9717,697.1607,181.08934,44.97101,32.141815,0.8193754,-1,-1,-1
623,9641,603.67633,122.46333,18.673645,17.0672,0.73906046,-1,-1,-1
623,9692,573.8697,125.57466,19.140808,15.865646,0.67134875,-1,-1,-1
623,9763,470.26047,168.62148,29.247955,26.926743,0.8217706,-1,-1,-1
623,9759,742.49164,267.53827,82.51727,58.54059,0.8306467,-1,-1,-1
623,9768,457.09146,145.0014,21.546356,19.549347,0.82636917,-1,-1,-1
623,9783,617.77545,165.67291,40.372192,46.067566,0.8516008,-1,-1,-1
623,9797,648.4069,322.5266,101.02515,99.5957,0.87191284,-1,-1,-1
623,9806,865.8998,411.82254,158.10022,124.529205,0.864626,-1,-1,-1
624,9710,556.0734,287.08566,37.540527,152.31091,0.3894989,-1,-1,-1
624,9717,695.95917,180.59343,45.541138,32.432663,0.81885636,-1,-1,-1
624,9641,603.7439,122.317444,18.447693,17.094406,0.69150996,-1,-1,-1
624,9692,573.9465,125.230225,18.888184,16.043304,0.51115495,-1,-1,-1
624,9763,469.46228,169.8013,29.693054,27.240372,0.8188024,-1,-1,-1
624,9759,741.31635,266.66272,81.65503,57.5213,0.86537546,-1,-1,-1
624,9768,456.0304,145.90627,21.797577,19.965881,0.83917594,-1,-1,-1
624,9783,617.55475,165.15918,40.15442,45.355133,0.85279894,-1,-1,-1
624,9797,647.39154,320.09863,99.585266,96.23013,0.86265373,-1,-1,-1
624,9806,861.1993,404.65076,162.80072,133.64868,0.8898564,-1,-1,-1
625,9717,695.11926,180.10504,45.951843,32.476135,0.81740785,-1,-1,-1
625,9641,603.64777,122.132225,18.200867,17.129555,0.7098841,-1,-1,-1
625,9692,573.41296,124.993546,19.052917,15.991196,0.46557525,-1,-1,-1
625,9763,468.9452,170.93028,29.392792,27.871841,0.8041746,-1,-1,-1
625,9759,739.6077,265.6263,81.35907,57.341034,0.811613,-1,-1,-1
625,9768,454.83844,146.90645,22.031433,20.333862,0.83626956,-1,-1,-1
625,9783,616.9878,164.79393,40.609375,45.135437,0.8458995,-1,-1,-1
625,9797,645.52167,317.73843,99.09515,94.557556,0.8420651,-1,-1,-1
625,9806,855.4715,398.86697,168.50336,137.4805,0.85320896,-1,-1,-1
626,9717,695.1312,179.52155,44.6532,32.127625,0.82369167,-1,-1,-1
626,9641,603.634,121.93198,18.053772,17.161575,0.7052148,-1,-1,-1
626,9692,573.2185,124.75357,19.038086,16.014496,0.374828,-1,-1,-1
626,9763,467.77576,171.98784,29.52829,28.491867,0.82245934,-1,-1,-1
626,9759,738.4578,264.18515,80.18231,56.570282,0.8346176,-1,-1,-1
626,9768,453.71515,147.94768,22.389343,20.541473,0.8319329,-1,-1,-1
626,9783,616.6243,164.29247,40.272156,44.25679,0.84609723,-1,-1,-1
626,9797,643.8719,316.06677,98.54126,92.01715,0.82539886,-1,-1,-1
626,9806,850.921,392.035,173.07898,138.09348,0.87430406,-1,-1,-1
626,9710,556.4071,285.55753,37.585938,154.20068,0.251195,-1,-1,-1
627,9717,694.76855,179.05588,43.97754,31.573212,0.8517737,-1,-1,-1
627,9641,603.44293,121.884224,18.142944,17.115791,0.7272351,-1,-1,-1
627,9692,573.1487,124.6015,18.75476,15.990662,0.51822746,-1,-1,-1
627,9763,466.49353,173.28403,29.895111,28.928955,0.8159978,-1,-1,-1
627,9759,737.3579,262.47464,79.13019,55.83554,0.8500103,-1,-1,-1
627,9768,452.6897,148.88821,22.1604,20.74678,0.8303188,-1,-1,-1
627,9783,616.19525,163.90479,39.53784,43.348953,0.8461007,-1,-1,-1
627,9797,641.24585,313.8069,99.07587,89.13855,0.8575983,-1,-1,-1
627,9806,848.1064,386.4688,169.84766,137.15851,0.83019537,-1,-1,-1
628,9717,694.2669,178.8281,43.732544,31.158234,0.84452266,-1,-1,-1
628,9641,603.21375,121.83869,18.203918,17.090294,0.7373115,-1,-1,-1
628,9692,573.2953,124.25519,18.352417,15.989441,0.41122934,-1,-1,-1
628,9763,465.04114,175.03273,31.01297,28.735092,0.81077224,-1,-1,-1
628,9759,736.41205,260.632,77.95557,55.368927,0.8151647,-1,-1,-1
628,9768,451.64407,149.68639,22.16919,20.651947,0.7868692,-1,-1,-1
628,9783,615.6919,163.47513,39.73047,43.090378,0.8302663,-1,-1,-1
628,9797,639.4465,311.13266,98.039185,87.34024,0.8345969,-1,-1,-1
628,9806,843.4541,382.06607,164.68011,131.491,0.86972886,-1,-1,-1
629,9717,693.82556,178.81265,43.098206,30.405045,0.84341407,-1,-1,-1
629,9641,602.9936,121.69482,18.300598,17.025856,0.74954885,-1,-1,-1
629,9692,573.41064,124.09445,17.986633,15.767502,0.45974532,-1,-1,-1
629,9763,464.16562,176.96114,31.295013,28.742538,0.8199281,-1,-1,-1
629,9759,736.24713,259.55087,75.547424,54.367523,0.7903344,-1,-1,-1
629,9768,450.29922,150.93681,22.928589,21.002441,0.82007,-1,-1,-1
629,9783,615.2868,162.84872,39.61493,42.846893,0.8310348,-1,-1,-1
629,9797,638.2386,308.44766,96.47168,86.81448,0.84295636,-1,-1,-1
629,9806,839.9838,376.02655,159.89435,126.67096,0.8421373,-1,-1,-1
630,9717,693.348,178.70636,42.824036,30.126572,0.8420432,-1,-1,-1
630,9641,602.7774,121.53363,18.169434,16.936722,0.7633648,-1,-1,-1
630,9692,573.6324,123.60031,17.643127,15.866699,0.57458943,-1,-1,-1
630,9763,463.11957,177.9515,31.81073,29.64061,0.84138405,-1,-1,-1
630,9759,735.2604,258.1932,74.55603,54.06772,0.8106791,-1,-1,-1
630,9768,448.9725,151.9927,23.092499,21.20366,0.81597775,-1,-1,-1
630,9783,615.1815,162.09955,38.45819,42.782547,0.833363,-1,-1,-1
630,9797,638.048,306.21198,93.55505,84.05502,0.8733874,-1,-1,-1
630,9806,837.99414,370.26196,151.46979,120.15137,0.8582454,-1,-1,-1
631,9717,692.63446,178.38586,42.898438,29.918503,0.8397737,-1,-1,-1
631,9641,602.5896,121.20697,18.09198,16.845673,0.76061136,-1,-1,-1
631,9692,573.5826,123.123505,17.583252,15.863922,0.62634474,-1,-1,-1
631,9763,461.6929,179.17064,32.117493,30.124832,0.82319725,-1,-1,-1
631,9759,734.39276,257.2886,72.86011,53.275482,0.8507471,-1,-1,-1
631,9768,447.92236,153.2394,23.166077,21.489288,0.81299585,-1,-1,-1
631,9783,614.7173,161.5024,38.78717,42.642456,0.8354353,-1,-1,-1
631,9797,638.21533,303.5955,91.12897,82.89255,0.8497974,-1,-1,-1
631,9806,832.812,365.41742,147.53229,114.56079,0.8358301,-1,-1,-1
632,9717,692.1469,178.1798,42.593445,29.823608,0.8331824,-1,-1,-1
632,9641,602.37164,121.02093,17.815796,16.74363,0.7651481,-1,-1,-1
632,9692,573.38214,122.93302,17.881287,15.645241,0.6898119,-1,-1,-1
632,9763,460.6768,180.39828,32.009613,30.734955,0.805267,-1,-1,-1
632,9759,733.6888,255.50781,71.42822,53.61075,0.7888756,-1,-1,-1
632,9768,446.70767,154.8373,23.248169,21.343842,0.82748455,-1,-1,-1
632,9783,614.18524,161.08937,38.907837,42.375824,0.8396336,-1,-1,-1
632,9797,637.0547,300.48416,89.4317,82.12918,0.8411935,-1,-1,-1
632,9806,830.7677,361.17386,139.96088,109.84656,0.86464477,-1,-1,-1
633,9717,691.69476,178.20734,42.062378,29.069504,0.83679056,-1,-1,-1
633,9641,602.18384,120.67387,17.609375,16.782372,0.7678786,-1,-1,-1
633,9692,573.23016,122.88104,18.118042,15.311798,0.72141904,-1,-1,-1
633,9763,459.83957,181.85709,31.700562,31.240341,0.84070927,-1,-1,-1
633,9759,731.90137,254.76422,71.70758,52.84015,0.801285,-1,-1,-1
633,9768,445.52216,156.07225,23.794891,21.421692,0.8212953,-1,-1,-1
633,9783,613.8785,160.69989,38.813416,42.012955,0.8417845,-1,-1,-1
633,9797,635.86646,297.84842,88.80359,80.76102,0.8643138,-1,-1,-1
633,9806,828.4555,355.19568,133.25415,108.31348,0.8627904,-1,-1,-1
634,9717,690.8045,177.9833,42.046387,28.652603,0.82670534,-1,-1,-1
634,9641,602.04626,120.43095,17.461365,16.682228,0.75030005,-1,-1,-1
634,9692,573.25433,122.667435,18.444397,15.226715,0.6999126,-1,-1,-1
634,9763,458.16098,183.35344,32.41803,31.671097,0.8411575,-1,-1,-1
634,9759,730.9782,253.98564,71.80292,51.93257,0.81346047,-1,-1,-1
634,9768,444.47943,157.22664,24.18332,21.817978,0.8274077,-1,-1,-1
634,9783,613.5067,160.22891,38.46991,41.592636,0.8437169,-1,-1,-1
634,9797,634.5164,295.52097,88.36896,79.58249,0.8660013,-1,-1,-1
634,9806,824.3378,350.22763,130.39038,105.70529,0.8578043,-1,-1,-1
635,9717,690.2278,177.41858,41.67279,28.775558,0.8337515,-1,-1,-1
635,9641,601.9756,120.334785,17.156433,16.580421,0.74859273,-1,-1,-1
635,9692,573.42194,122.50509,18.25238,15.031319,0.7155985,-1,-1,-1
635,9763,457.12054,185.27374,32.522125,31.741928,0.816009,-1,-1,-1
635,9759,729.698,253.48274,70.72449,50.103775,0.820143,-1,-1,-1
635,9768,443.33243,158.43367,24.408203,22.048096,0.81791365,-1,-1,-1
635,9783,613.0588,159.87128,38.443176,40.713867,0.8373198,-1,-1,-1
635,9797,633.7971,292.72476,86.4516,78.33389,0.83609927,-1,-1,-1
635,9806,821.92554,346.28992,124.25043,102.45639,0.86940545,-1,-1,-1
636,9717,689.5626,176.98274,41.553955,28.584839,0.83218676,-1,-1,-1
636,9641,601.8688,120.23555,17.132446,16.35408,0.725333,-1,-1,-1
636,9692,573.4126,122.07783,18.455627,15.006676,0.72544503,-1,-1,-1
636,9763,455.86383,187.27174,32.308777,31.594772,0.78938675,-1,-1,-1
636,9759,728.7543,252.58759,69.341675,48.618774,0.78233737,-1,-1,-1
636,9768,441.921,161.57872,25.106659,20.652725,0.7615962,-1,-1,-1
636,9783,612.6907,159.66562,38.142212,39.894638,0.8254928,-1,-1,-1
636,9797,633.2175,289.9121,84.68402,78.16977,0.83588845,-1,-1,-1
636,9806,818.3198,341.90027,121.55475,99.69922,0.8635357,-1,-1,-1
637,9717,689.04767,176.56061,41.190735,28.226654,0.8350658,-1,-1,-1
637,9641,601.6441,120.064384,17.2453,16.327644,0.72693324,-1,-1,-1
637,9692,573.1836,121.824295,18.73352,14.948959,0.7472431,-1,-1,-1
637,9763,454.48154,189.27386,32.545624,31.845352,0.83382815,-1,-1,-1
637,9759,726.74146,251.45377,69.18921,48.38333,0.7591391,-1,-1,-1
637,9768,440.3776,161.56668,25.127533,22.23108,0.8081897,-1,-1,-1
637,9783,612.53284,159.22533,37.788635,39.87169,0.82741857,-1,-1,-1
637,9797,631.8553,286.95703,83.93927,77.62601,0.8395442,-1,-1,-1
637,9806,814.6904,337.8216,118.36163,96.59338,0.84885806,-1,-1,-1
638,9717,688.3914,176.16164,41.17505,27.908218,0.8368013,-1,-1,-1
638,9641,601.415,119.84721,17.32251,16.477783,0.70745736,-1,-1,-1
638,9692,573.0303,121.5497,18.775757,14.995209,0.75398,-1,-1,-1
638,9763,453.26215,191.27301,32.541016,32.138947,0.8070704,-1,-1,-1
638,9759,724.85815,250.17807,69.8465,48.86801,0.7921078,-1,-1,-1
638,9768,439.07977,162.18512,25.21933,23.130661,0.7818148,-1,-1,-1
638,9783,612.5016,158.76205,36.9104,39.77858,0.82479346,-1,-1,-1
638,9797,630.82794,285.05756,82.80762,76.21234,0.8479762,-1,-1,-1
638,9806,810.7755,334.20352,116.57922,93.62265,0.8442631,-1,-1,-1
638,9814,523.25397,179.87418,24.73999,16.776535,0.5375248,-1,-1,-1
639,9717,687.579,175.69069,41.45337,28.10498,0.8351138,-1,-1,-1
639,9641,601.17267,119.72606,17.440857,16.484238,0.6891328,-1,-1,-1
639,9692,573.01874,121.29029,18.642944,15.009239,0.73349637,-1,-1,-1
639,9763,451.46716,193.20366,33.672607,32.703583,0.8335862,-1,-1,-1
639,9759,723.82465,248.7204,68.7074,48.69751,0.7952289,-1,-1,-1
639,9768,437.57605,162.89284,25.967834,23.721619,0.80357003,-1,-1,-1
639,9783,612.2299,158.32277,36.376892,39.329697,0.8348551,-1,-1,-1
639,9797,630.03937,284.06406,81.362305,73.86847,0.7775093,-1,-1,-1
639,9806,808.9122,330.31073,112.44678,92.17343,0.86825436,-1,-1,-1
639,9814,523.6209,179.90527,24.182983,16.720047,0.46050406,-1,-1,-1
640,9717,686.2954,175.05965,41.80896,28.260696,0.82459074,-1,-1,-1
640,9641,600.9936,119.656975,17.643433,16.371834,0.64727867,-1,-1,-1
640,9692,573.13416,121.26948,18.244263,14.796669,0.702368,-1,-1,-1
640,9763,450.28525,195.5199,33.987183,32.843597,0.849663,-1,-1,-1
640,9759,723.39264,247.28911,67.15228,48.31685,0.7832964,-1,-1,-1
640,9768,436.31598,163.96997,26.108765,23.813126,0.800357,-1,-1,-1
640,9783,611.929,157.99994,36.431885,39.08081,0.815208,-1,-1,-1
640,9797,628.3326,281.1223,81.07666,74.299805,0.8175863,-1,-1,-1
640,9806,807.5768,326.22263,109.43677,90.37073,0.87747806,-1,-1,-1
640,9814,523.7309,179.91394,24.022217,17.207443,0.30681416,-1,-1,-1
641,9717,685.6518,174.7427,41.495117,28.383347,0.8257231,-1,-1,-1
641,9641,600.7989,119.61995,17.757141,16.26825,0.6675152,-1,-1,-1
641,9692,573.0926,121.23146,17.806213,14.584503,0.6766958,-1,-1,-1
641,9763,448.8228,196.59163,34.785004,34.33963,0.8184624,-1,-1,-1
641,9759,722.604,246.09172,66.518005,47.965225,0.80736244,-1,-1,-1
641,9768,435.1756,169.46492,26.587067,19.90207,0.7356335,-1,-1,-1
641,9783,611.5605,157.62401,36.256653,38.61917,0.82466817,-1,-1,-1
641,9797,625.3776,278.11877,82.42871,73.934784,0.84814453,-1,-1,-1
641,9806,806.38995,323.74738,105.029175,87.74054,0.822112,-1,-1,-1
641,9817,469.39636,178.97705,28.405853,18.551392,0.8035846,-1,-1,-1
642,9717,684.85895,174.15756,41.004456,27.980804,0.85521257,-1,-1,-1
642,9641,600.6371,119.53398,17.784607,16.055435,0.59742993,-1,-1,-1
642,9692,572.9821,120.78174,17.568665,14.630768,0.48999566,-1,-1,-1
642,9763,447.5058,198.44185,35.2872,34.921432,0.7949303,-1,-1,-1
642,9759,721.65283,245.05794,65.705505,47.236923,0.7964347,-1,-1,-1
642,9768,433.99158,168.93968,27.0737,22.158646,0.77084893,-1,-1,-1
642,9783,611.4303,157.17906,35.90161,38.281143,0.82060593,-1,-1,-1
642,9797,622.7447,275.6715,83.242676,72.90616,0.8576871,-1,-1,-1
642,9806,803.45715,319.90585,103.39661,85.74817,0.86368144,-1,-1,-1
642,9817,469.6713,179.50203,28.351074,18.286606,0.70262074,-1,-1,-1
642,9782,588.2058,485.70856,33.39032,54.291443,0.2593542,-1,-1,-1
643,9717,684.1941,173.56575,40.288147,27.946579,0.81709296,-1,-1,-1
643,9641,600.4087,119.40146,17.660522,15.886337,0.50703883,-1,-1,-1
643,9692,572.7233,120.30047,17.75476,14.80761,0.30866644,-1,-1,-1
643,9763,445.55246,200.42801,36.34369,35.294495,0.8503229,-1,-1,-1
643,9759,720.58167,243.6419,64.30603,46.8154,0.82665664,-1,-1,-1
643,9768,432.97534,169.43152,26.606873,23.000992,0.6957026,-1,-1,-1
643,9783,610.8715,156.49333,35.83441,37.737885,0.81699675,-1,-1,-1
643,9797,622.32245,274.22766,81.58685,70.59573,0.8357571,-1,-1,-1
643,9806,801.27954,316.87033,101.8031,83.674164,0.8405966,-1,-1,-1
644,9717,683.56793,173.11884,40.27942,28.03366,0.8224692,-1,-1,-1
644,9641,600.35236,119.19516,17.658386,16.07611,0.55723643,-1,-1,-1
644,9692,572.49677,119.94753,17.875977,15.109642,0.3472646,-1,-1,-1
644,9763,443.98828,202.301,36.46402,35.907867,0.82800657,-1,-1,-1
644,9759,719.69116,242.35498,62.7641,46.75653,0.81309354,-1,-1,-1
644,9768,431.5108,169.85175,27.373322,24.245285,0.7903234,-1,-1,-1
644,9783,610.58057,155.99855,35.6286,36.842422,0.8368341,-1,-1,-1
644,9797,622.7009,272.00784,78.86615,69.927765,0.85188395,-1,-1,-1
644,9806,799.54974,313.7512,98.8114,81.60919,0.7885253,-1,-1,-1
645,9717,682.8552,172.92467,40.509705,27.771744,0.815742,-1,-1,-1
645,9641,600.3032,119.000175,17.398376,16.026772,0.5221583,-1,-1,-1
645,9692,572.4003,119.69045,18.269104,14.998985,0.49850437,-1,-1,-1
645,9763,442.37228,204.50533,37.294373,36.576797,0.8288319,-1,-1,-1
645,9759,718.6579,241.20027,62.442383,46.341965,0.8061524,-1,-1,-1
645,9768,429.62332,172.6757,28.0979,23.25827,0.75760496,-1,-1,-1
645,9783,610.23315,155.23508,35.289185,36.70822,0.8399672,-1,-1,-1
645,9797,622.2674,269.23776,77.893616,69.45801,0.8432277,-1,-1,-1
645,9806,797.76434,310.60074,97.00244,79.48953,0.827113,-1,-1,-1
646,9717,682.7127,172.78223,40.41266,27.712418,0.79234284,-1,-1,-1
646,9641,600.1652,118.91231,17.361145,15.95401,0.55423015,-1,-1,-1
646,9692,572.6212,119.335754,18.017212,15.093201,0.3978532,-1,-1,-1
646,9763,440.66812,207.28189,38.25943,36.815308,0.821636,-1,-1,-1
646,9759,717.21454,240.68938,62.831055,45.808853,0.814255,-1,-1,-1
646,9768,427.7694,172.87833,28.427643,25.102432,0.81512344,-1,-1,-1
646,9783,610.03516,154.97536,34.99585,36.474976,0.85307497,-1,-1,-1
646,9797,622.19653,267.03055,75.13806,68.955414,0.83293045,-1,-1,-1
646,9806,796.2878,307.3236,94.439026,78.793396,0.8592343,-1,-1,-1
646,9782,588.19226,487.96487,31.704468,52.03177,0.25433874,-1,-1,-1
647,9717,682.3743,172.38226,40.36145,28.470749,0.8099043,-1,-1,-1
647,9641,600.08295,118.86234,17.274353,15.844917,0.48484883,-1,-1,-1
647,9692,572.7559,119.01563,17.858826,15.176537,0.31501457,-1,-1,-1
647,9763,439.35483,209.64307,37.693268,37.510727,0.74187934,-1,-1,-1
647,9759,716.1214,240.06607,63.173096,45.62564,0.80977553,-1,-1,-1
647,9768,426.66934,174.38216,28.785187,25.414444,0.7372705,-1,-1,-1
647,9783,609.9737,154.77881,34.58429,36.459137,0.8545244,-1,-1,-1
647,9797,621.6032,264.64157,73.85254,68.422,0.83895004,-1,-1,-1
647,9806,794.9625,303.7354,91.3584,77.740295,0.81786275,-1,-1,-1
647,9819,672.18164,445.12085,141.76093,94.47925,0.4143035,-1,-1,-1
647,9782,588.07007,488.78128,31.719055,51.21872,0.29097652,-1,-1,-1
648,9717,681.88214,172.09082,39.605408,28.497025,0.80033606,-1,-1,-1
648,9641,599.85767,118.76164,17.075378,15.612717,0.44490132,-1,-1,-1
648,9692,572.7063,118.80691,17.511963,15.092384,0.29683524,-1,-1,-1
648,9763,437.582,211.64018,37.889862,38.64441,0.82726794,-1,-1,-1
648,9759,715.5269,238.11972,61.08484,45.342255,0.8110456,-1,-1,-1
648,9768,424.74362,174.98242,29.247803,26.68718,0.76886016,-1,-1,-1
648,9783,609.733,154.49954,34.371887,36.41104,0.84464186,-1,-1,-1
648,9797,622.63275,264.14496,71.80463,66.35608,0.841529,-1,-1,-1
648,9806,792.68616,300.92944,89.30878,75.20007,0.8508919,-1,-1,-1
648,9819,671.5383,440.07184,135.32635,99.767944,0.6140053,-1,-1,-1
648,9782,587.9939,489.50818,31.813171,50.49182,0.3941067,-1,-1,-1
649,9717,681.74866,172.13266,38.69281,27.952087,0.8098641,-1,-1,-1
649,9641,599.6619,118.75842,16.783936,15.405457,0.34620294,-1,-1,-1
649,9692,572.68994,118.54787,17.277588,15.033737,0.2789021,-1,-1,-1
649,9763,435.7987,214.34479,38.61212,38.492798,0.8370838,-1,-1,-1
649,9759,714.7723,236.86284,60.219482,44.557907,0.8182047,-1,-1,-1
649,9768,422.6225,176.59859,30.68216,26.937836,0.74411976,-1,-1,-1
649,9783,609.1513,154.2055,34.394104,36.358643,0.8325758,-1,-1,-1
649,9797,622.34033,262.7124,70.85834,65.04425,0.821227,-1,-1,-1
649,9806,790.8147,298.44315,88.3537,73.73227,0.8335679,-1,-1,-1
649,9819,674.1715,433.49033,138.01843,106.10904,0.6318692,-1,-1,-1
649,9782,587.9354,490.1918,32.0744,49.808197,0.33031043,-1,-1,-1
650,9717,681.3791,171.87311,37.259583,27.376114,0.82400185,-1,-1,-1
650,9692,572.6203,118.45948,17.267212,14.641182,0.29559803,-1,-1,-1
650,9763,434.12518,217.0584,39.25992,38.551315,0.82711065,-1,-1,-1
650,9759,714.5892,235.98865,58.952026,43.600525,0.8145953,-1,-1,-1
650,9768,420.69757,178.19722,31.14215,27.524506,0.7849638,-1,-1,-1
650,9783,609.0803,154.09248,33.30359,35.738342,0.8208094,-1,-1,-1
650,9797,621.70044,261.63358,70.03735,63.042206,0.77553195,-1,-1,-1
650,9806,789.4997,294.52344,87.2005,73.61722,0.83590585,-1,-1,-1
650,9819,673.7241,427.63055,134.48938,109.59607,0.7512632,-1,-1,-1
650,9782,587.8505,490.76215,32.1969,49.237854,0.38425803,-1,-1,-1
651,9717,681.2866,171.82611,36.020508,26.577621,0.8338823,-1,-1,-1
651,9763,431.35056,219.2921,40.695953,39.708694,0.83271307,-1,-1,-1
651,9759,713.1398,235.09479,58.972412,43.30121,0.8116212,-1,-1,-1
651,9768,418.9344,180.01654,31.486511,27.886612,0.7706501,-1,-1,-1
651,9783,608.9138,153.80026,32.831543,35.45752,0.81748146,-1,-1,-1
651,9797,621.9637,260.22293,67.92401,61.59796,0.7422278,-1,-1,-1
651,9806,788.2493,292.2859,84.62286,71.88507,0.85506505,-1,-1,-1
651,9819,669.60223,421.1303,133.26318,116.45392,0.79346126,-1,-1,-1
651,9782,587.72107,491.333,32.160095,48.666992,0.3927466,-1,-1,-1
652,9717,681.12305,171.69713,35.079346,26.098816,0.82304394,-1,-1,-1
652,9763,428.99658,222.10637,42.1221,40.85051,0.7974291,-1,-1,-1
652,9759,712.3514,234.14043,57.213867,42.29976,0.7971704,-1,-1,-1
652,9768,417.18423,181.51636,31.30075,28.490128,0.7604314,-1,-1,-1
652,9783,608.74365,153.33014,32.85846,35.31366,0.82551926,-1,-1,-1
652,9797,620.94507,258.7779,67.45575,60.791504,0.7447684,-1,-1,-1
652,9806,786.974,289.63525,83.17993,70.89844,0.8727038,-1,-1,-1
652,9819,660.8602,414.55533,139.48364,119.71188,0.78318036,-1,-1,-1
652,9782,587.7653,492.18567,32.29242,47.81433,0.31626406,-1,-1,-1
653,9717,679.9435,171.37921,35.749756,26.275314,0.81863374,-1,-1,-1
653,9763,426.9181,224.25742,42.731506,42.05185,0.80116624,-1,-1,-1
653,9759,711.6696,232.67996,56.534668,42.086426,0.81554115,-1,-1,-1
653,9768,415.83823,183.06282,31.194305,28.637817,0.69346845,-1,-1,-1
653,9783,608.58215,152.92346,32.57898,34.602264,0.8223954,-1,-1,-1
653,9797,621.14087,256.9151,66.32941,60.49173,0.7501703,-1,-1,-1
653,9806,785.73035,287.39645,81.33777,68.55191,0.8702759,-1,-1,-1
653,9819,658.80634,408.75015,138.10193,128.98532,0.73313046,-1,-1,-1
654,9717,678.73285,170.66774,36.448547,26.974106,0.8443212,-1,-1,-1
654,9763,425.64957,227.88977,44.287506,42.39319,0.791204,-1,-1,-1
654,9759,710.9258,231.39053,56.086914,41.946228,0.8152408,-1,-1,-1
654,9768,414.2643,184.6692,31.46402,28.082413,0.6528267,-1,-1,-1
654,9783,608.3939,152.45776,32.01117,33.94452,0.8137187,-1,-1,-1
654,9797,621.4718,255.47339,64.71692,59.28009,0.7920147,-1,-1,-1
654,9806,784.2674,284.96878,80.215454,67.49899,0.85333097,-1,-1,-1
654,9819,656.63196,403.10422,137.68219,133.95224,0.75853944,-1,-1,-1
654,9692,572.92834,117.94744,17.369934,13.880943,0.28946614,-1,-1,-1
655,9717,678.0476,170.5393,36.659668,27.061768,0.80613333,-1,-1,-1
655,9763,422.03055,230.28818,48.365356,43.541992,0.81939244,-1,-1,-1
655,9759,710.3556,230.30518,54.973206,41.700134,0.8052874,-1,-1,-1
655,9768,411.6851,186.63287,33.382996,29.316864,0.7871326,-1,-1,-1
655,9783,608.217,152.28317,31.719727,33.185577,0.8099699,-1,-1,-1
655,9797,620.7283,253.89896,63.733154,58.242004,0.7878362,-1,-1,-1
655,9806,781.9983,281.93793,79.82886,66.565796,0.87771213,-1,-1,-1
655,9819,656.1553,397.59128,132.97394,136.79959,0.78053546,-1,-1,-1
656,9717,677.70404,170.22911,36.220886,27.019257,0.794085,-1,-1,-1
656,9763,419.38745,232.73355,49.06018,44.898865,0.8209003,-1,-1,-1
656,9759,708.5241,229.31851,55.628113,41.310364,0.7941584,-1,-1,-1
656,9768,410.15323,187.91254,33.058594,30.080124,0.69346,-1,-1,-1
656,9783,607.91547,151.54355,31.615295,33.564743,0.82331795,-1,-1,-1
656,9797,619.9413,251.4357,62.666748,58.49112,0.74094975,-1,-1,-1
656,9806,780.0593,279.074,78.68219,65.658905,0.8573424,-1,-1,-1
656,9819,657.8688,392.19418,124.25696,138.62704,0.8342063,-1,-1,-1
657,9717,677.3716,169.9181,35.42975,27.22786,0.7851212,-1,-1,-1
657,9763,416.99557,235.78601,48.585236,45.506348,0.8190132,-1,-1,-1
657,9759,706.86224,228.84721,55.924805,40.221848,0.7782832,-1,-1,-1
657,9768,407.76233,190.58678,33.37024,30.576889,0.7172835,-1,-1,-1
657,9783,607.6163,151.05687,31.607666,33.657013,0.8216578,-1,-1,-1
657,9797,618.3099,249.18468,62.862488,58.52855,0.75087655,-1,-1,-1
657,9806,779.607,277.21768,76.19751,64.40134,0.8514862,-1,-1,-1
657,9819,656.7703,388.32703,123.65076,131.90149,0.7672146,-1,-1,-1
657,9692,572.95544,117.93681,17.224548,13.4778595,0.40336603,-1,-1,-1
658,9717,677.0235,169.7541,34.68921,27.114548,0.7962086,-1,-1,-1
658,9763,415.2467,239.07965,47.935852,46.044067,0.82288265,-1,-1,-1
658,9759,706.34503,228.31624,54.612,39.42012,0.78498024,-1,-1,-1
658,9768,405.6829,191.80348,34.29074,31.899902,0.8159511,-1,-1,-1
658,9783,607.2792,150.36703,31.273193,33.772186,0.81818044,-1,-1,-1
658,9797,617.4706,247.84409,62.174377,57.88568,0.8046132,-1,-1,-1
658,9806,779.0572,275.10788,74.7489,63.378662,0.8431005,-1,-1,-1
658,9819,656.0218,384.07236,120.537415,124.58865,0.7008844,-1,-1,-1
658,9692,573.12024,117.8697,17.00647,13.393059,0.44615698,-1,-1,-1
659,9717,676.51764,169.44717,34.334045,27.334396,0.80847454,-1,-1,-1
659,9763,413.1179,242.01926,47.535736,47.21295,0.8415766,-1,-1,-1
659,9759,705.1927,228.02176,54.19391,38.40692,0.7993582,-1,-1,-1
659,9768,403.6216,193.43628,35.197998,32.587906,0.77806914,-1,-1,-1
659,9783,607.03595,149.82082,31.50299,33.95587,0.8211283,-1,-1,-1
659,9797,616.85394,246.37761,61.35547,57.471542,0.82519555,-1,-1,-1
659,9806,777.30066,272.6061,74.1355,62.560486,0.85246986,-1,-1,-1
659,9819,655.0877,379.5318,117.67163,121.025604,0.7986975,-1,-1,-1
660,9717,676.176,168.72081,34.100525,27.668991,0.80573934,-1,-1,-1
660,9763,410.50604,244.43808,47.487915,48.848267,0.8417744,-1,-1,-1
660,9759,703.98,227.24886,53.57129,37.209305,0.77082735,-1,-1,-1
660,9768,401.307,195.09995,35.938293,33.25743,0.82560694,-1,-1,-1
660,9783,606.6375,149.21709,31.168152,34.146973,0.8098977,-1,-1,-1
660,9797,616.4663,244.15756,60.330017,57.175507,0.8306475,-1,-1,-1
660,9806,775.61755,269.29175,73.35077,62.352173,0.8622797,-1,-1,-1
660,9819,654.6656,375.19382,112.79425,119.53375,0.8282613,-1,-1,-1
661,9717,676.29553,168.49068,33.69763,27.280975,0.81704146,-1,-1,-1
661,9763,407.9431,247.869,48.07788,50.001907,0.824464,-1,-1,-1
661,9759,703.36127,225.73375,52.482727,38.07225,0.7071369,-1,-1,-1
661,9768,399.0702,197.27174,37.08011,33.355453,0.8368634,-1,-1,-1
661,9783,606.5549,148.9373,30.973877,34.00142,0.8067838,-1,-1,-1
661,9797,616.6936,243.41211,59.077515,55.572876,0.8463512,-1,-1,-1
661,9806,775.2817,267.50885,71.22009,61.08188,0.8271543,-1,-1,-1
661,9819,654.4424,370.63467,108.422,118.647766,0.84766763,-1,-1,-1
662,9717,674.7151,168.3925,34.32013,26.635345,0.80043346,-1,-1,-1
662,9763,405.55066,251.50525,49.96277,50.987946,0.8318784,-1,-1,-1
662,9759,703.0825,224.94633,51.462097,37.762863,0.72582555,-1,-1,-1
662,9768,396.9036,198.81186,38.378204,34.27202,0.8154691,-1,-1,-1
662,9783,606.3487,148.51128,30.74292,33.861862,0.8206016,-1,-1,-1
662,9797,616.4305,242.5644,58.31299,54.854233,0.8533539,-1,-1,-1
662,9806,774.3275,265.615,70.16693,59.601562,0.8727059,-1,-1,-1
662,9819,652.2113,366.19852,106.52185,116.86868,0.84872186,-1,-1,-1
662,9692,572.9701,116.98325,15.971863,13.805702,0.29063332,-1,-1,-1
663,9717,673.4889,168.52051,34.122314,26.044098,0.78430504,-1,-1,-1
663,9763,402.2902,255.88239,51.172424,51.298065,0.7840466,-1,-1,-1
663,9759,702.37585,223.89465,50.920044,37.500366,0.771954,-1,-1,-1
663,9768,394.65927,200.45747,38.97931,35.162537,0.8260615,-1,-1,-1
663,9783,605.9384,148.1307,30.273499,33.358032,0.8272039,-1,-1,-1
663,9797,616.49994,240.97774,56.368103,53.728867,0.8364951,-1,-1,-1
663,9806,773.4585,263.84457,68.75604,58.59482,0.81161726,-1,-1,-1
663,9819,650.4603,362.16714,105.22168,113.74301,0.86092114,-1,-1,-1
663,9830,557.59546,265.40128,44.405334,126.34775,0.42796326,-1,-1,-1
663,9692,572.7723,116.631744,16.11261,13.958618,0.36179295,-1,-1,-1
664,9717,672.8202,168.5544,33.788208,25.355713,0.7784059,-1,-1,-1
664,9763,399.58466,259.36264,52.604095,52.52664,0.7917816,-1,-1,-1
664,9759,701.269,223.01682,50.615845,37.77408,0.7944178,-1,-1,-1
664,9768,392.1086,202.57352,40.109436,35.568665,0.82288855,-1,-1,-1
664,9783,605.5528,147.66978,30.184814,33.145035,0.82277715,-1,-1,-1
664,9797,616.54755,239.67242,55.08661,52.761505,0.83460546,-1,-1,-1
664,9806,772.234,262.18942,68.32538,56.798523,0.79916835,-1,-1,-1
664,9819,649.9897,358.26532,101.84357,110.97296,0.8631106,-1,-1,-1
664,9692,572.6906,116.34071,16.27716,14.047302,0.32681692,-1,-1,-1
664,9832,477.24097,102.097496,26.881104,14.851906,0.35265866,-1,-1,-1
665,9717,672.45074,168.2796,33.544495,25.177414,0.79064417,-1,-1,-1
665,9763,397.10934,263.16666,52.39218,53.24411,0.78363067,-1,-1,-1
665,9759,700.7696,222.22214,49.50128,37.881256,0.7933074,-1,-1,-1
665,9768,390.2223,204.63527,40.618866,35.6989,0.81290096,-1,-1,-1
665,9783,605.263,147.497,29.980103,32.679153,0.8040449,-1,-1,-1
665,9797,616.08057,237.8995,53.965515,53.044067,0.8402324,-1,-1,-1
665,9806,770.9837,259.24054,67.717896,56.87149,0.8037018,-1,-1,-1
665,9819,648.3313,353.21008,100.04651,109.77829,0.83589214,-1,-1,-1
665,9692,572.5989,116.2467,16.6958,13.956261,0.3061399,-1,-1,-1
665,9830,557.926,264.94257,43.969543,128.24332,0.3343054,-1,-1,-1
666,9717,672.1909,167.85329,33.364197,25.32312,0.80160874,-1,-1,-1
666,9763,393.11447,265.75888,54.71216,55.2731,0.7851862,-1,-1,-1
666,9759,699.2799,220.90302,49.056335,38.260803,0.7781025,-1,-1,-1
666,9768,388.1106,206.44272,40.128662,36.75128,0.794499,-1,-1,-1
666,9783,605.1789,147.1861,29.57965,32.406555,0.7965952,-1,-1,-1
666,9797,615.49817,236.39139,53.479553,52.2034,0.8397142,-1,-1,-1
666,9806,769.8884,257.2017,66.4975,55.73401,0.81757843,-1,-1,-1
666,9819,648.1863,348.2359,97.57733,109.23334,0.8354189,-1,-1,-1
666,9692,572.666,116.309875,16.940063,13.657745,0.28175682,-1,-1,-1
666,9830,557.8356,265.6443,44.184692,122.79794,0.5035104,-1,-1,-1
667,9717,671.9586,167.51929,33.03833,25.118713,0.81822646,-1,-1,-1
667,9763,390.50568,269.62665,55.579834,56.415924,0.81180817,-1,-1,-1
667,9759,697.9051,219.89954,49.609863,38.35791,0.79581815,-1,-1,-1
667,9768,385.29297,209.03575,41.183502,36.87448,0.78573567,-1,-1,-1
667,9783,605.04645,146.72644,29.304993,32.091766,0.8056095,-1,-1,-1
667,9797,615.6227,234.88693,52.376587,51.4989,0.8364681,-1,-1,-1
667,9806,769.03656,255.0618,65.65106,55.36853,0.8364738,-1,-1,-1
667,9819,646.8581,344.20822,96.208374,107.25842,0.8179338,-1,-1,-1
667,9692,572.8099,116.16298,17.230774,13.605515,0.35123456,-1,-1,-1
667,9641,597.5632,117.080444,15.355164,13.419312,0.28188565,-1,-1,-1
668,9717,671.6167,167.19638,32.77124,25.217453,0.8112725,-1,-1,-1
668,9763,385.62338,273.55133,58.543243,57.32968,0.83416003,-1,-1,-1
668,9759,696.7014,218.91928,49.913025,38.820587,0.79327464,-1,-1,-1
668,9768,382.83456,211.37907,41.087067,37.539886,0.7596329,-1,-1,-1
668,9783,604.6945,146.45586,29.103943,31.75673,0.7885941,-1,-1,-1
668,9797,615.1766,233.76807,52.268433,51.112366,0.8488882,-1,-1,-1
668,9806,767.5198,253.20503,64.44519,55.05037,0.8174024,-1,-1,-1
668,9819,645.6444,341.34018,94.85651,105.299835,0.8275151,-1,-1,-1
668,9692,572.77124,115.74401,17.449097,13.771507,0.3173088,-1,-1,-1
668,9641,597.5296,116.80404,15.257324,13.493385,0.31808805,-1,-1,-1
668,9830,557.31555,265.37296,45.127686,118.444305,0.38652733,-1,-1,-1
669,9717,670.95135,166.93004,33.311707,24.974365,0.8057853,-1,-1,-1
669,9763,381.25943,278.10782,60.193848,57.524323,0.8060967,-1,-1,-1
669,9759,696.63794,217.6954,48.490234,38.547913,0.7899071,-1,-1,-1
669,9768,380.4452,213.99368,41.49652,38.107117,0.78856456,-1,-1,-1
669,9783,604.2788,146.06015,29.047852,31.591644,0.7731891,-1,-1,-1
669,9797,614.8184,231.47598,51.220642,51.21817,0.8599617,-1,-1,-1
669,9806,766.1824,251.31812,64.25067,54.111755,0.8411906,-1,-1,-1
669,9819,643.497,338.63684,95.32941,101.122986,0.7348627,-1,-1,-1
669,9641,597.57043,116.56123,15.160645,13.609985,0.25016525,-1,-1,-1
669,9830,556.9937,265.63278,45.716675,118.60077,0.40540117,-1,-1,-1
670,9717,670.5062,166.6654,33.005493,24.421768,0.8196101,-1,-1,-1
670,9763,377.2767,282.3941,62.045227,59.504974,0.84859496,-1,-1,-1
670,9759,695.47943,216.96385,48.651367,38.317383,0.7566476,-1,-1,-1
670,9768,377.4251,216.32814,43.307373,38.48346,0.81303775,-1,-1,-1
670,9783,603.98895,145.77983,28.790344,30.930801,0.7187851,-1,-1,-1
670,9797,614.3408,230.56952,50.345642,50.345978,0.8566698,-1,-1,-1
670,9806,764.84674,249.08356,63.653137,53.13327,0.8489724,-1,-1,-1
670,9819,642.40393,336.03253,93.21057,98.71469,0.709145,-1,-1,-1
671,9717,669.95325,166.38486,31.897034,23.863846,0.81031245,-1,-1,-1
671,9763,373.6089,286.82584,63.66678,61.036957,0.8477385,-1,-1,-1
671,9759,694.14355,216.43784,49.014343,37.166046,0.70853764,-1,-1,-1
671,9768,375.22003,218.55942,42.92581,39.157013,0.8168681,-1,-1,-1
671,9783,603.59204,145.37712,28.648865,30.587448,0.6570888,-1,-1,-1
671,9797,613.4195,229.38484,50.29419,49.402603,0.8469619,-1,-1,-1
671,9806,764.39056,247.1049,61.849365,52.11046,0.8484058,-1,-1,-1
671,9819,641.316,334.56204,91.46582,94.89136,0.7451583,-1,-1,-1
671,9838,554.90894,313.64423,41.24829,154.24689,0.53226656,-1,-1,-1
671,9830,556.4394,266.28696,45.706726,114.64426,0.4412603,-1,-1,-1
672,9717,669.3248,166.12953,31.619385,23.968445,0.798573,-1,-1,-1
672,9763,370.2603,291.34824,65.05032,63.21927,0.86863494,-1,-1,-1
672,9759,693.20044,215.94574,48.50244,35.24962,0.6200983,-1,-1,-1
672,9768,372.46198,221.54428,43.615906,39.26178,0.77983755,-1,-1,-1
672,9783,603.02795,145.15761,28.643188,30.213013,0.65384907,-1,-1,-1
672,9797,612.7602,227.97691,49.65851,49.072678,0.83849907,-1,-1,-1
672,9806,763.693,244.76402,60.66284,51.785904,0.82755834,-1,-1,-1
672,9819,642.5588,332.07437,87.25763,92.12256,0.7764223,-1,-1,-1
672,9838,554.5502,314.56177,40.65985,153.06024,0.5453642,-1,-1,-1
672,9830,556.31696,267.94778,45.72058,111.27997,0.3813208,-1,-1,-1
673,9717,669.165,165.69939,30.855286,24.264389,0.81137687,-1,-1,-1
673,9763,366.00455,295.24713,66.487976,65.796844,0.86199456,-1,-1,-1
673,9759,692.17163,215.15242,48.149536,35.069733,0.716376,-1,-1,-1
673,9768,368.93884,224.04733,44.284546,40.613403,0.8163722,-1,-1,-1
673,9783,602.7399,144.69034,28.466553,30.424347,0.5753741,-1,-1,-1
673,9797,611.31903,227.01776,50.24945,47.9104,0.8416036,-1,-1,-1
673,9806,762.8874,243.34943,59.04004,50.645264,0.82815874,-1,-1,-1
673,9819,642.6654,328.6692,84.9928,91.67859,0.8095706,-1,-1,-1
673,9838,554.3411,314.82852,40.598206,152.76193,0.6348777,-1,-1,-1
674,9717,668.6968,165.18863,30.526428,24.642914,0.78332084,-1,-1,-1
674,9763,361.72656,300.7317,67.68494,67.603424,0.87010443,-1,-1,-1
674,9759,691.2329,214.55096,48.296936,34.691345,0.6676947,-1,-1,-1
674,9768,365.63007,227.02226,45.482117,41.50078,0.8312609,-1,-1,-1
674,9783,602.2443,144.10602,28.756287,30.746521,0.64671123,-1,-1,-1
674,9797,610.2697,225.81885,50.295044,47.092133,0.844603,-1,-1,-1
674,9806,760.82025,241.59578,59.075867,49.95775,0.8283752,-1,-1,-1
674,9819,641.71045,325.5994,84.74646,89.737915,0.82785136,-1,-1,-1
674,9838,554.00464,314.7332,40.571777,152.99014,0.65771365,-1,-1,-1
674,9830,556.403,271.17276,44.708252,112.68289,0.30278152,-1,-1,-1
675,9717,667.69806,164.94725,30.655518,24.510178,0.78354937,-1,-1,-1
675,9763,356.236,305.5984,70.05698,69.674164,0.8665382,-1,-1,-1
675,9759,690.41003,213.67659,46.858765,33.743607,0.43361077,-1,-1,-1
675,9768,362.77066,229.98367,46.556213,42.22757,0.8012557,-1,-1,-1
675,9783,601.83,143.70035,28.788696,30.659012,0.690269,-1,-1,-1
675,9797,609.6986,224.46333,50.242737,47.00981,0.84075755,-1,-1,-1
675,9806,759.3134,240.21938,58.90741,48.708084,0.8200783,-1,-1,-1
675,9819,640.7394,322.2656,83.04657,87.76236,0.753252,-1,-1,-1
675,9838,553.6597,315.38446,40.219543,151.69629,0.71723497,-1,-1,-1
675,9830,556.4658,269.88928,44.386658,107.53009,0.3810513,-1,-1,-1
676,9717,667.04956,164.66312,30.819214,24.481995,0.79413825,-1,-1,-1
676,9763,351.46613,311.21173,71.91443,72.199585,0.8922485,-1,-1,-1
676,9759,689.8679,213.00214,46.27234,34.279984,0.6352558,-1,-1,-1
676,9768,359.50812,233.03647,47.774323,43.315704,0.81477034,-1,-1,-1
676,9783,601.69336,143.47166,28.110657,29.940094,0.5790955,-1,-1,-1
676,9797,609.56757,223.39722,49.14972,46.341827,0.84800386,-1,-1,-1
676,9806,757.91254,238.72154,58.561462,47.660477,0.8127077,-1,-1,-1
676,9819,639.3859,318.20255,81.8808,88.10245,0.8125308,-1,-1,-1
676,9838,553.6572,315.80856,39.545837,151.0745,0.7069414,-1,-1,-1
676,9830,556.5225,268.2046,44.617188,109.023285,0.38786623,-1,-1,-1
677,9717,666.37714,164.58911,31.292969,24.096252,0.77033246,-1,-1,-1
677,9763,346.13943,316.9744,73.91644,74.24539,0.85769045,-1,-1,-1
677,9759,689.0697,212.13376,45.699097,34.969482,0.68015254,-1,-1,-1
677,9768,355.92557,235.85616,49.619965,44.13701,0.81376684,-1,-1,-1
677,9783,601.32947,143.07475,27.857788,29.864105,0.71949524,-1,-1,-1
677,9797,609.5645,222.21085,47.851685,45.808167,0.85276663,-1,-1,-1
677,9806,756.4191,237.03291,58.34546,47.334885,0.8155525,-1,-1,-1
677,9819,638.1156,315.0948,80.85742,86.54779,0.8314472,-1,-1,-1
677,9838,553.50366,314.8761,39.382385,151.47882,0.6392348,-1,-1,-1
677,9830,556.5409,267.61475,43.54419,110.27652,0.4010187,-1,-1,-1
677,9839,987.91156,177.29927,36.02301,60.469986,0.31683767,-1,-1,-1
678,9717,665.77423,164.38531,31.293213,23.56984,0.71106464,-1,-1,-1
678,9763,341.10388,323.4596,75.800964,75.743805,0.8813756,-1,-1,-1
678,9759,687.84033,211.74596,45.577515,33.65497,0.7315439,-1,-1,-1
678,9768,352.69336,238.56502,51.2995,45.081192,0.7971699,-1,-1,-1
678,9783,601.12854,142.632,27.590271,29.893433,0.57575107,-1,-1,-1
678,9797,609.2645,220.95625,46.90808,45.59767,0.85288304,-1,-1,-1
678,9806,755.6797,235.62994,57.423218,46.708984,0.81919205,-1,-1,-1
678,9819,636.42145,312.67416,79.8479,84.49808,0.80131495,-1,-1,-1
678,9838,553.53644,310.29898,39.950073,155.52252,0.73460394,-1,-1,-1
678,9830,556.2538,268.13846,43.89789,109.351105,0.3686525,-1,-1,-1
678,9839,987.3243,177.09242,36.58008,60.66324,0.25900564,-1,-1,-1
679,9717,664.9753,164.17747,30.69989,23.215012,0.7607128,-1,-1,-1
679,9763,334.66153,329.333,78.86963,78.026825,0.86073995,-1,-1,-1
679,9759,686.8481,211.10927,45.55139,32.81749,0.75623786,-1,-1,-1
679,9768,348.91568,241.9251,53.020447,46.211807,0.829321,-1,-1,-1
679,9783,601.01764,142.31912,27.129822,29.972153,0.54615366,-1,-1,-1
679,9797,608.83777,220.03548,46.380554,45.19777,0.8490959,-1,-1,-1
679,9806,754.62476,233.93993,56.98047,46.088974,0.81297827,-1,-1,-1
679,9819,635.1937,310.2592,78.65137,83.62662,0.8018108,-1,-1,-1
679,9838,553.5536,312.09042,40.22455,154.7138,0.7098295,-1,-1,-1
679,9839,986.9249,178.27606,37.018066,58.507675,0.30675244,-1,-1,-1
680,9717,664.40796,163.68044,30.042908,23.154633,0.75490373,-1,-1,-1
680,9763,329.21176,335.6899,80.83765,79.7305,0.85589707,-1,-1,-1
680,9759,686.47186,210.83212,44.270325,31.747757,0.68412983,-1,-1,-1
680,9768,345.11993,244.08759,53.645355,47.858307,0.82913375,-1,-1,-1
680,9783,600.9737,141.91365,26.619202,29.85788,0.64615524,-1,-1,-1
680,9797,608.6214,218.93642,45.70569,44.270798,0.8581843,-1,-1,-1
680,9806,753.8619,232.09201,55.528503,45.848694,0.813594,-1,-1,-1
680,9819,632.9894,307.48813,79.09729,82.541626,0.86257905,-1,-1,-1
680,9838,553.4528,311.872,39.93573,155.78107,0.58874714,-1,-1,-1
680,9839,986.0995,178.29057,37.87262,57.907227,0.2734281,-1,-1,-1
681,9717,663.9826,163.06302,29.388916,23.493454,0.73884946,-1,-1,-1
681,9763,322.43707,340.84933,84.33823,84.253265,0.87139773,-1,-1,-1
681,9759,686.0093,209.90506,42.99237,30.44815,0.6539427,-1,-1,-1
681,9768,341.34314,246.64972,53.52112,49.437286,0.81965506,-1,-1,-1
681,9783,600.58624,141.602,26.557129,29.912659,0.6503159,-1,-1,-1
681,9797,608.52747,217.8442,44.6839,43.559616,0.83853704,-1,-1,-1
681,9806,752.4995,230.60257,55.296387,44.99756,0.79762363,-1,-1,-1
681,9819,631.8506,304.93204,77.27649,80.26483,0.8310531,-1,-1,-1
681,9838,553.3731,311.6612,39.225037,156.30411,0.5665488,-1,-1,-1
681,9830,556.79364,271.12112,42.572876,128.75208,0.2915628,-1,-1,-1
682,9717,663.55676,162.5623,28.629944,23.627167,0.720583,-1,-1,-1
682,9763,316.215,347.49286,85.71744,87.504364,0.8657673,-1,-1,-1
682,9759,685.4802,208.9997,42.730713,30.393784,0.72802943,-1,-1,-1
682,9768,337.1007,249.03505,54.219696,51.581863,0.807215,-1,-1,-1
682,9783,600.3224,141.25027,26.301025,29.20285,0.5601323,-1,-1,-1
682,9797,608.71,216.67784,43.431274,42.776535,0.84361804,-1,-1,-1
682,9806,751.3599,229.26807,54.782898,44.02414,0.81238925,-1,-1,-1
682,9819,631.09155,303.39557,76.17926,78.14444,0.777944,-1,-1,-1
682,9838,553.2061,310.92184,39.130127,159.07535,0.54991585,-1,-1,-1
682,9840,582.4992,450.1248,94.7749,87.40915,0.7094357,-1,-1,-1
683,9717,662.9461,162.40346,28.343872,23.444794,0.7052814,-1,-1,-1
683,9763,309.1582,354.18405,88.86331,90.90393,0.8586275,-1,-1,-1
683,9759,684.76746,208.16176,42.527893,30.545319,0.76305455,-1,-1,-1
683,9768,333.1988,252.88509,54.938995,52.51384,0.82443416,-1,-1,-1
683,9783,599.9587,140.98851,26.273499,28.925156,0.6292339,-1,-1,-1
683,9797,608.5663,215.47632,42.733154,42.5643,0.8475833,-1,-1,-1
683,9806,750.29913,227.82463,53.988464,43.3824,0.8081345,-1,-1,-1
683,9819,630.5941,300.62503,75.4917,77.83618,0.7613764,-1,-1,-1
683,9838,553.1703,316.37958,37.531616,156.24823,0.5896118,-1,-1,-1
683,9840,583.2044,444.56168,92.41522,92.937775,0.7566242,-1,-1,-1
684,9717,662.48083,162.16774,27.944092,23.488571,0.70037216,-1,-1,-1
684,9763,301.0258,360.7629,93.2522,94.188416,0.8607397,-1,-1,-1
684,9759,684.05963,207.52332,42.53058,30.611923,0.75823796,-1,-1,-1
684,9768,328.79556,256.74164,57.00934,53.68564,0.8114353,-1,-1,-1
684,9783,599.4292,140.78668,26.459412,28.565887,0.63910437,-1,-1,-1
684,9797,608.23303,214.33438,41.66443,42.184387,0.8444486,-1,-1,-1
684,9806,748.63525,226.45584,53.785828,42.776733,0.8086071,-1,-1,-1
684,9819,630.23755,298.0475,74.06146,76.70398,0.72289586,-1,-1,-1
684,9838,553.04474,318.97778,37.640564,155.32028,0.6043814,-1,-1,-1
684,9840,582.1093,437.1703,91.51367,100.66107,0.729597,-1,-1,-1
685,9717,662.153,161.61208,27.414734,23.712341,0.642172,-1,-1,-1
685,9763,295.43295,368.19022,94.54123,96.84241,0.85306954,-1,-1,-1
685,9759,683.5801,206.45137,41.866333,30.271088,0.74476296,-1,-1,-1
685,9768,324.286,261.0763,57.477386,53.649506,0.7950104,-1,-1,-1
685,9783,599.0324,140.41505,26.26941,28.421875,0.6605796,-1,-1,-1
685,9797,607.69,213.29698,41.30963,41.56465,0.83059996,-1,-1,-1
685,9806,747.31604,224.67166,53.09088,42.549408,0.81831425,-1,-1,-1
685,9819,630.3931,295.71762,71.944824,75.59244,0.78833705,-1,-1,-1
685,9838,552.72394,321.39648,37.6792,153.004,0.6823073,-1,-1,-1
685,9840,582.7944,430.904,88.97357,106.88129,0.7814665,-1,-1,-1
686,9717,661.038,161.27774,27.997314,23.767227,0.6045905,-1,-1,-1
686,9763,288.2119,376.44684,98.132385,100.44153,0.8699459,-1,-1,-1
686,9759,682.97833,205.82742,41.12201,29.93222,0.7115904,-1,-1,-1
686,9768,319.39548,265.46622,60.12265,54.529053,0.7285639,-1,-1,-1
686,9783,598.7699,140.00266,26.108704,28.217316,0.581722,-1,-1,-1
686,9797,607.3084,212.32846,40.959473,41.19696,0.77832776,-1,-1,-1
686,9806,746.9443,222.70284,51.960754,42.679184,0.7992532,-1,-1,-1
686,9819,630.16296,291.8948,70.60199,76.8056,0.7335141,-1,-1,-1
686,9838,552.33325,323.43243,38.146545,151.81259,0.7361769,-1,-1,-1
686,9840,582.0693,426.24426,89.616516,112.37268,0.80689347,-1,-1,-1
687,9717,660.96185,160.78563,27.602722,23.578552,0.7020138,-1,-1,-1
687,9763,280.94073,384.24313,100.02371,106.80838,0.8549572,-1,-1,-1
687,9759,681.52075,205.51422,41.89978,29.35286,0.6763569,-1,-1,-1
687,9768,314.04504,270.06155,62.74823,55.862183,0.8291346,-1,-1,-1
687,9783,598.54626,139.43115,26.277466,28.582047,0.68516207,-1,-1,-1
687,9797,606.966,211.29779,40.871704,40.68817,0.8295686,-1,-1,-1
687,9806,745.7048,221.37459,51.57013,42.511673,0.8010952,-1,-1,-1
687,9819,629.3248,290.05136,70.33777,75.89661,0.8111136,-1,-1,-1
687,9838,552.15936,324.54642,38.8244,150.32343,0.7989101,-1,-1,-1
687,9840,581.91736,422.3312,89.08594,116.45529,0.83512944,-1,-1,-1
688,9717,660.65,160.40509,27.217834,23.420334,0.6772222,-1,-1,-1
688,9763,273.0498,393.88184,101.11841,110.85895,0.85990244,-1,-1,-1
688,9759,680.8492,204.93443,41.410095,29.587158,0.6520041,-1,-1,-1
688,9768,309.97006,274.31277,63.624115,56.78824,0.8433292,-1,-1,-1
688,9783,598.2075,139.06978,26.166382,28.482452,0.72954804,-1,-1,-1
688,9797,606.9434,210.2143,40.240173,40.48767,0.8374406,-1,-1,-1
688,9806,745.00366,219.82928,50.685364,42.235443,0.8031852,-1,-1,-1
688,9819,628.42303,287.0334,70.64575,75.46445,0.70445746,-1,-1,-1
688,9838,552.0849,326.6071,38.927124,146.65067,0.7773453,-1,-1,-1
688,9840,580.7977,416.2997,89.88287,119.66098,0.8404371,-1,-1,-1
688,9843,508.02078,132.65604,16.525482,16.487122,0.55546796,-1,-1,-1
689,9717,660.2421,160.09163,27.715881,23.38269,0.67496127,-1,-1,-1
689,9763,265.65097,398.88098,103.09842,119.69403,0.86117357,-1,-1,-1
689,9759,680.2473,204.76323,41.359802,29.52803,0.7254664,-1,-1,-1
689,9768,305.12668,278.1004,64.761475,58.723724,0.82898414,-1,-1,-1
689,9783,598.0824,138.85675,25.957336,28.113754,0.728657,-1,-1,-1
689,9797,606.8746,209.02531,40.075195,40.18544,0.8737399,-1,-1,-1
689,9806,743.2544,218.62308,50.75952,41.82773,0.7995681,-1,-1,-1
689,9819,628.479,284.69382,69.47894,74.52536,0.81578445,-1,-1,-1
689,9838,552.06744,327.16208,38.99518,145.43509,0.7930485,-1,-1,-1
689,9840,580.28625,411.47443,89.28345,122.41748,0.84828687,-1,-1,-1
689,9843,507.93112,133.27635,16.543854,16.400482,0.6044633,-1,-1,-1
690,9717,659.45074,159.61612,27.95691,23.618484,0.69092494,-1,-1,-1
690,9763,255.04689,406.86295,108.47572,123.991486,0.85735,-1,-1,-1
690,9759,680.8353,204.0968,39.979797,29.188599,0.72725874,-1,-1,-1
690,9768,299.6986,282.5565,67.37537,60.05121,0.8393231,-1,-1,-1
690,9783,597.84955,138.58525,26.129639,28.025543,0.72599363,-1,-1,-1
690,9797,606.52094,207.80734,39.583008,39.980164,0.86095124,-1,-1,-1
690,9806,741.75977,217.14732,50.281006,41.617844,0.79744595,-1,-1,-1
690,9819,627.3923,283.52472,68.21387,72.04895,0.79418766,-1,-1,-1
690,9838,551.8388,326.29507,39.7182,149.53662,0.7449025,-1,-1,-1
690,9840,580.13556,408.24454,88.51941,120.28763,0.7794422,-1,-1,-1
690,9843,507.61758,133.57626,16.934479,16.704605,0.65854466,-1,-1,-1
691,9717,659.1277,159.48607,27.692932,23.585999,0.62591517,-1,-1,-1
691,9763,243.56215,416.57614,114.28441,120.563934,0.8622761,-1,-1,-1
691,9759,680.3588,203.39552,39.578735,28.703339,0.735367,-1,-1,-1
691,9768,294.25378,287.35022,69.31079,61.542572,0.84922516,-1,-1,-1
691,9783,597.65137,138.46477,25.944641,27.802475,0.7007446,-1,-1,-1
691,9797,606.04236,206.7513,39.00647,39.697586,0.827777,-1,-1,-1
691,9806,740.2446,215.88924,49.64435,40.743637,0.8141559,-1,-1,-1
691,9819,626.6307,280.75873,67.18219,71.21402,0.7372243,-1,-1,-1
691,9838,552.013,327.04205,39.65161,152.30667,0.735573,-1,-1,-1
691,9840,579.3559,403.82452,87.84442,122.33319,0.7818571,-1,-1,-1
691,9843,507.1436,133.89551,17.108429,16.869904,0.6746304,-1,-1,-1
692,9717,659.1669,159.09877,27.196106,23.479477,0.5851424,-1,-1,-1
692,9763,237.34647,426.9747,115.44736,111.97067,0.7774056,-1,-1,-1
692,9759,679.627,202.73712,39.68445,28.329712,0.7663831,-1,-1,-1
692,9768,288.62717,291.77542,71.0379,63.607452,0.8651231,-1,-1,-1
692,9783,597.3881,138.27695,25.351257,27.102386,0.565232,-1,-1,-1
692,9797,605.8678,205.752,38.230164,39.17659,0.80720717,-1,-1,-1
692,9806,739.4166,214.55482,48.82184,40.099182,0.81470156,-1,-1,-1
692,9819,626.72644,277.3375,65.52045,69.997345,0.7654396,-1,-1,-1
692,9838,551.8233,328.86227,39.04962,154.09875,0.73605704,-1,-1,-1
692,9840,579.83624,399.90036,85.85571,112.70615,0.8494565,-1,-1,-1
692,9843,506.70233,134.5756,17.26538,16.777191,0.5934105,-1,-1,-1
693,9717,658.2981,158.92537,27.137146,23.20044,0.6829637,-1,-1,-1
693,9763,232.84497,438.08633,113.90765,101.78494,0.8013787,-1,-1,-1
693,9759,678.77966,201.77522,39.78961,28.530182,0.75288016,-1,-1,-1
693,9768,282.7806,296.9703,72.36978,65.781586,0.87143886,-1,-1,-1
693,9783,596.9144,138.0525,25.56836,27.27391,0.65923846,-1,-1,-1
693,9797,605.33875,205.23283,38.479004,38.84944,0.82557094,-1,-1,-1
693,9806,738.15735,213.25343,48.571533,39.815613,0.807977,-1,-1,-1
693,9819,627.5751,275.64392,63.3656,67.73093,0.7533005,-1,-1,-1
693,9838,551.27515,330.13254,40.187622,153.15561,0.79618484,-1,-1,-1
693,9840,579.7174,395.37442,85.138,108.96231,0.84307677,-1,-1,-1
693,9843,506.31558,135.20422,17.038544,16.815231,0.59103376,-1,-1,-1
694,9717,657.5562,158.52185,27.135376,23.131668,0.7146152,-1,-1,-1
694,9763,229.38425,446.2827,114.45709,93.36218,0.3566939,-1,-1,-1
694,9759,678.404,200.72299,38.884583,28.704498,0.73773926,-1,-1,-1
694,9768,277.41974,302.51324,74.339905,67.095245,0.8634222,-1,-1,-1
694,9783,596.87366,138.0096,25.110046,27.4431,0.6369254,-1,-1,-1
694,9797,605.0668,204.58653,38.151672,38.08284,0.84637654,-1,-1,-1
694,9806,736.23157,211.88689,48.858826,39.75148,0.7936909,-1,-1,-1
694,9819,626.7731,274.0895,63.210083,68.16351,0.77796626,-1,-1,-1
694,9838,551.4582,329.0653,40.35614,150.61551,0.69287217,-1,-1,-1
694,9840,579.6632,389.38086,84.26532,106.90958,0.8464351,-1,-1,-1
694,9843,506.54303,135.94736,16.715576,16.492401,0.50203156,-1,-1,-1
694,9844,547.20087,265.66602,79.79297,212.81085,0.43372005,-1,-1,-1
694,9830,556.64685,269.70905,40.96454,138.18445,0.30966187,-1,-1,-1
695,9717,657.0146,158.14803,27.072937,23.057312,0.7396122,-1,-1,-1
695,9759,677.81,199.75093,38.85022,29.518356,0.7618026,-1,-1,-1
695,9768,270.23334,307.58524,76.98178,69.22714,0.8420356,-1,-1,-1
695,9783,596.6823,137.6863,24.760437,27.555511,0.64221627,-1,-1,-1
695,9797,604.85895,203.42183,37.538025,37.778458,0.8549962,-1,-1,-1
695,9806,735.0619,210.37584,48.044617,39.012405,0.81637365,-1,-1,-1
695,9819,625.75,271.44998,62.794983,69.37433,0.7672419,-1,-1,-1
695,9840,579.8441,385.1125,84.131226,104.882935,0.86531925,-1,-1,-1
695,9843,506.23035,136.57266,16.52716,16.580719,0.55036527,-1,-1,-1
695,9830,556.80945,270.51828,40.861816,125.86691,0.3404492,-1,-1,-1
696,9717,656.8926,157.85458,26.904724,23.062012,0.72779375,-1,-1,-1
696,9759,676.504,199.35194,39.114502,29.429031,0.74603546,-1,-1,-1
696,9768,263.70593,313.70413,79.24255,70.34039,0.86833084,-1,-1,-1
696,9783,596.58746,137.34741,24.552002,27.482162,0.5610236,-1,-1,-1
696,9797,604.6574,202.38007,37.31006,37.686447,0.8242502,-1,-1,-1
696,9806,734.5752,209.0444,46.810974,38.756165,0.79525775,-1,-1,-1
696,9819,623.9193,270.2792,63.798462,66.4556,0.75565284,-1,-1,-1
696,9840,580.0698,381.06204,82.6756,102.17386,0.85042727,-1,-1,-1
696,9843,505.59738,136.92763,16.63443,17.148514,0.5555556,-1,-1,-1
696,9830,557.1929,270.6861,40.34967,126.920746,0.33236435,-1,-1,-1
696,9839,976.12305,180.24146,47.847656,48.173874,0.29419914,-1,-1,-1
696,9838,551.6822,359.65747,45.334106,120.09683,0.38655287,-1,-1,-1
696,9844,548.6768,266.25882,75.348145,210.55026,0.32855394,-1,-1,-1
697,9717,657.3622,157.75703,25.915894,22.32434,0.7146191,-1,-1,-1
697,9759,674.8976,198.90933,39.764282,28.906647,0.73180324,-1,-1,-1
697,9768,256.27426,318.51398,82.496765,74.19919,0.8497329,-1,-1,-1
697,9783,596.4728,137.09332,24.408691,27.494934,0.6070421,-1,-1,-1
697,9797,604.6031,201.82004,36.980774,37.079224,0.8062047,-1,-1,-1
697,9806,733.27264,207.68973,46.741333,38.459305,0.7826388,-1,-1,-1
697,9819,623.2103,269.30212,63.956116,64.03305,0.813283,-1,-1,-1
697,9840,579.6996,376.38687,82.45056,101.90497,0.85949636,-1,-1,-1
697,9843,505.39252,137.45691,17.017273,17.324997,0.6048498,-1,-1,-1
697,9830,557.37006,271.13168,40.009888,121.92325,0.3257618,-1,-1,-1
697,9839,977.26886,180.1874,46.717712,48.137924,0.30810362,-1,-1,-1
697,9838,552.40125,364.70877,40.98297,114.401276,0.28990108,-1,-1,-1
698,9717,656.9406,157.56107,25.660583,22.131714,0.73513246,-1,-1,-1
698,9759,673.80023,198.54414,40.14734,28.857422,0.7338584,-1,-1,-1
698,9768,248.55238,324.207,84.18361,76.65469,0.87693495,-1,-1,-1
698,9783,596.32324,136.71945,24.401672,27.399506,0.67437226,-1,-1,-1
698,9797,604.3458,200.80951,36.649414,36.708954,0.8333174,-1,-1,-1
698,9806,731.3309,207.00745,46.855408,37.250687,0.78863376,-1,-1,-1
698,9819,620.9029,267.1289,64.64722,63.98056,0.79055274,-1,-1,-1
698,9840,579.08734,371.41788,81.64105,102.68915,0.8542235,-1,-1,-1
698,9843,504.79437,138.10738,17.326843,17.582458,0.5754808,-1,-1,-1
698,9830,557.2482,271.45465,40.45459,122.90387,0.3620354,-1,-1,-1
698,9846,762.8261,170.83276,77.995544,30.001526,0.43612665,-1,-1,-1
698,9844,551.4249,267.68262,75.34039,206.34882,0.3054796,-1,-1,-1
699,9717,656.7455,157.1232,25.397156,22.011353,0.7071634,-1,-1,-1
699,9759,673.56,197.99141,39.63971,28.47754,0.6503526,-1,-1,-1
699,9768,241.15352,330.85898,86.330734,77.9021,0.8697055,-1,-1,-1
699,9783,596.3614,136.43771,24.228027,27.34758,0.65090144,-1,-1,-1
699,9797,603.8079,199.54585,36.65576,36.96344,0.8252466,-1,-1,-1
699,9806,730.7774,206.11548,45.61267,36.53807,0.7839922,-1,-1,-1
699,9819,621.29614,265.44263,63.08612,62.85565,0.7902614,-1,-1,-1
699,9840,577.99097,367.4076,80.29303,101.85159,0.7793399,-1,-1,-1
699,9843,504.51276,138.7066,17.223694,17.756714,0.6042696,-1,-1,-1
700,9717,655.80975,156.59315,26.142883,22.09877,0.72402424,-1,-1,-1
700,9759,672.36,197.34741,39.883728,28.766174,0.56595623,-1,-1,-1
700,9768,233.09862,336.76587,89.020676,81.53006,0.8689355,-1,-1,-1
700,9783,596.3875,136.24239,23.930786,27.131958,0.7144609,-1,-1,-1
700,9797,603.5216,198.63463,36.52069,36.848404,0.831481,-1,-1,-1
700,9806,729.6001,204.73866,45.721375,36.611603,0.80055773,-1,-1,-1
700,9819,620.738,262.4921,62.429382,63.68219,0.78244394,-1,-1,-1
700,9840,577.6109,361.06802,77.66614,100.83771,0.7072341,-1,-1,-1
700,9843,503.9528,139.39476,17.551483,17.934769,0.5729732,-1,-1,-1
700,9846,764.2126,172.70097,75.501526,28.545883,0.45518747,-1,-1,-1
700,9844,550.7845,272.1809,84.73102,199.24854,0.26088336,-1,-1,-1
701,9717,654.98773,156.60829,26.125244,21.606964,0.6339641,-1,-1,-1
701,9759,671.20465,196.86694,39.73822,28.703857,0.7189738,-1,-1,-1
701,9768,224.94368,341.0329,91.893936,86.72598,0.87143224,-1,-1,-1
701,9783,596.23706,136.05685,23.604858,26.786331,0.7009034,-1,-1,-1
701,9797,603.39703,197.66676,36.069946,36.88005,0.8213978,-1,-1,-1
701,9806,728.21136,203.8263,45.496643,35.90709,0.8086393,-1,-1,-1
701,9819,620.71313,260.57837,61.240417,63.20041,0.76321435,-1,-1,-1
701,9840,577.77356,354.86902,76.25464,102.76752,0.6928261,-1,-1,-1
701,9843,503.35098,140.22968,17.853851,17.752731,0.49731472,-1,-1,-1
701,9846,762.7839,172.50969,77.62201,28.70993,0.37330627,-1,-1,-1
702,9717,654.19025,156.29178,25.78717,21.228699,0.27887565,-1,-1,-1
702,9759,670.70703,196.48619,38.936523,27.509445,0.6594073,-1,-1,-1
702,9768,216.14978,347.00357,94.473816,90.698975,0.8482957,-1,-1,-1
702,9783,595.85,135.7476,23.614014,26.833801,0.65048504,-1,-1,-1
702,9797,603.1516,197.29562,35.657898,35.34381,0.7953658,-1,-1,-1
702,9806,727.19556,202.69337,45.572327,35.49965,0.7978406,-1,-1,-1
702,9819,620.5108,258.9838,59.779846,61.451996,0.7619276,-1,-1,-1
702,9840,577.3328,352.06757,73.68567,98.73334,0.5286727,-1,-1,-1
702,9843,503.04144,140.9967,18.061035,17.686783,0.5628967,-1,-1,-1
703,9759,670.0223,196.15488,38.307007,27.210922,0.5269283,-1,-1,-1
703,9768,206.44623,356.51358,97.49362,91.359375,0.8612598,-1,-1,-1
703,9783,595.6822,135.477,22.879517,26.356201,0.62153953,-1,-1,-1
703,9797,602.8762,196.2824,35.43286,34.963913,0.81649125,-1,-1,-1
703,9806,726.21936,201.70088,45.052795,34.749878,0.7664096,-1,-1,-1
703,9819,620.12933,256.8596,59.440674,61.515167,0.7929937,-1,-1,-1
703,9840,577.6607,348.74973,71.621216,96.214966,0.55345505,-1,-1,-1
703,9843,502.92725,141.14583,17.635132,18.267471,0.55467826,-1,-1,-1
703,9848,191.26805,239.20926,237.18578,214.6969,0.35384873,-1,-1,-1
704,9759,669.56665,195.50993,38.11676,27.78859,0.6496748,-1,-1,-1
704,9768,196.33022,362.90936,101.12422,96.405975,0.84685886,-1,-1,-1
704,9783,595.5415,135.23268,22.497375,25.91661,0.7094357,-1,-1,-1
704,9797,602.38574,195.49413,35.6781,35.338974,0.84341234,-1,-1,-1
704,9806,725.57764,200.89851,44.691956,34.46913,0.7819732,-1,-1,-1
704,9819,619.2707,254.72514,58.697205,61.514297,0.8216073,-1,-1,-1
704,9840,577.4876,347.55746,70.59631,90.03467,0.6876502,-1,-1,-1
704,9843,502.15277,141.7415,17.724487,18.329163,0.51313287,-1,-1,-1
704,9848,187.08061,240.61331,236.68822,224.8967,0.29964548,-1,-1,-1
704,9717,654.0359,156.5062,24.405212,20.466446,0.3244931,-1,-1,-1
705,9759,669.2163,194.935,38.08667,27.74939,0.6846416,-1,-1,-1
705,9768,185.53093,370.9181,105.554825,98.473114,0.8595057,-1,-1,-1
705,9783,595.3672,134.88043,22.589966,25.782532,0.7371347,-1,-1,-1
705,9797,602.18506,194.77565,35.245117,34.886566,0.8511011,-1,-1,-1
705,9806,724.97687,199.46371,43.947876,34.575302,0.76741624,-1,-1,-1
705,9819,619.5268,253.4131,57.1026,61.378647,0.83300567,-1,-1,-1
705,9840,576.84656,345.0071,69.80475,86.05896,0.56890565,-1,-1,-1
705,9843,501.65005,142.35414,17.761871,18.27565,0.6637822,-1,-1,-1
705,9717,653.4724,156.38454,24.30664,20.345566,0.31913176,-1,-1,-1
705,9830,557.13916,275.46805,39.622192,148.60025,0.29527614,-1,-1,-1
706,9759,669.0718,193.89362,38.00586,28.345245,0.7585527,-1,-1,-1
706,9768,174.33072,379.39752,110.177795,104.3526,0.8657657,-1,-1,-1
706,9783,595.1426,134.531,22.7641,25.723206,0.7628874,-1,-1,-1
706,9797,602.2597,193.99152,34.69568,34.75038,0.8598026,-1,-1,-1
706,9806,723.4004,198.19855,43.885254,33.424255,0.784792,-1,-1,-1
706,9819,618.9173,252.10686,56.388733,60.40468,0.84474623,-1,-1,-1
706,9840,576.19,342.14243,70.28888,83.65448,0.5131298,-1,-1,-1
706,9843,501.17316,142.61003,18.219421,18.388397,0.6631489,-1,-1,-1
706,9717,653.0648,156.20717,24.17456,20.279755,0.5950723,-1,-1,-1
706,9830,557.17346,275.1438,39.01068,153.82526,0.46409336,-1,-1,-1
706,9846,763.75226,175.25346,76.33423,27.683578,0.27791065,-1,-1,-1
706,9848,171.06497,239.18744,247.71243,242.77777,0.2531045,-1,-1,-1
707,9759,668.4532,192.59685,37.817078,29.609146,0.7564465,-1,-1,-1
707,9768,163.17719,387.71533,113.62268,110.40231,0.85451996,-1,-1,-1
707,9783,594.79266,134.34518,22.909302,25.600113,0.7549404,-1,-1,-1
707,9797,602.05945,193.07716,34.481995,34.815094,0.8497828,-1,-1,-1
707,9806,722.0255,197.13737,43.964294,33.18463,0.78684837,-1,-1,-1
707,9819,618.02673,250.60663,55.962708,59.22046,0.84036326,-1,-1,-1
707,9840,574.8141,339.637,70.80243,81.4906,0.44362912,-1,-1,-1
707,9843,500.61673,142.89395,19.084808,18.662537,0.6767342,-1,-1,-1
707,9717,652.7354,155.67061,24.349304,20.58107,0.63614386,-1,-1,-1
707,9830,557.3234,275.2179,37.97992,153.55106,0.5882689,-1,-1,-1
707,9838,553.407,331.44006,38.690613,146.19748,0.5414245,-1,-1,-1
708,9759,667.5607,191.37242,37.813477,30.528305,0.7989279,-1,-1,-1
708,9768,149.20586,395.01242,120.55995,116.89319,0.86160845,-1,-1,-1
708,9783,594.4117,134.05806,23.287292,25.547699,0.75783116,-1,-1,-1
708,9797,601.70514,192.3552,34.256348,34.241592,0.8658174,-1,-1,-1
708,9806,720.67334,196.04321,43.16571,32.69287,0.76812536,-1,-1,-1
708,9819,617.238,249.14105,55.894104,57.92926,0.8207804,-1,-1,-1
708,9840,575.8453,336.97858,69.189026,80.523346,0.51782525,-1,-1,-1
708,9843,500.34866,143.89116,19.193207,18.474838,0.64138967,-1,-1,-1
708,9717,651.9423,155.15367,24.589172,20.799454,0.62332535,-1,-1,-1
708,9830,557.0381,275.10834,36.98877,153.51956,0.569692,-1,-1,-1
708,9838,552.5779,328.62555,37.60083,149.5252,0.32901117,-1,-1,-1
709,9759,666.4376,191.18571,38.05005,30.211823,0.7830952,-1,-1,-1
709,9768,135.74521,406.4163,125.71414,119.80014,0.8613292,-1,-1,-1
709,9783,593.9353,133.70555,23.600708,25.671173,0.78684825,-1,-1,-1
709,9797,601.699,191.7841,33.834656,33.930054,0.8464833,-1,-1,-1
709,9806,719.324,194.90782,42.891052,32.562195,0.7559167,-1,-1,-1
709,9819,617.7213,247.34895,53.97107,57.099106,0.84655786,-1,-1,-1
709,9840,574.75934,333.78723,70.20361,78.032715,0.49986663,-1,-1,-1
709,9843,499.65402,144.50237,19.231842,18.765411,0.64719355,-1,-1,-1
709,9717,650.6966,154.87921,25.392212,20.872986,0.5594842,-1,-1,-1
709,9830,556.8695,274.48203,38.07849,135.79187,0.6012424,-1,-1,-1
709,9850,42.084232,320.50873,233.10657,204.5744,0.44496328,-1,-1,-1
709,9846,763.12915,175.31435,75.87103,28.942902,0.27597195,-1,-1,-1
710,9759,665.8339,190.52097,38.381714,30.59253,0.71332866,-1,-1,-1
710,9768,123.17589,417.66956,130.67374,117.871704,0.866057,-1,-1,-1
710,9783,593.6301,133.33823,23.697388,25.59671,0.74787027,-1,-1,-1
710,9797,601.4621,190.44313,33.70233,34.363907,0.8565366,-1,-1,-1
710,9806,718.26,193.60864,42.350037,32.829453,0.73546296,-1,-1,-1
710,9819,617.97845,245.6515,52.073975,55.67708,0.84099144,-1,-1,-1
710,9840,574.5145,331.03687,69.15161,76.44083,0.45682317,-1,-1,-1
710,9843,499.02185,145.12224,19.63385,18.887146,0.68343353,-1,-1,-1
710,9717,650.1479,153.73965,25.67218,21.66124,0.46869868,-1,-1,-1
710,9830,556.75977,274.46722,38.52173,134.35052,0.40141097,-1,-1,-1
710,9850,45.54587,324.05908,222.77567,206.70007,0.6374448,-1,-1,-1
710,9838,552.17914,343.10913,36.055054,137.41101,0.26108524,-1,-1,-1
711,9759,665.89496,190.20859,37.908875,29.976196,0.743737,-1,-1,-1
711,9768,110.17535,428.65094,133.8692,111.34906,0.8210195,-1,-1,-1
711,9783,593.2995,133.11609,23.45398,25.268036,0.6789179,-1,-1,-1
711,9797,601.35724,189.88438,33.70862,34.00125,0.8676113,-1,-1,-1
711,9806,716.96875,192.52943,42.42743,32.79596,0.7562191,-1,-1,-1
711,9819,617.9535,244.48756,51.7984,55.13942,0.8354266,-1,-1,-1
711,9840,575.7788,329.82455,68.977356,73.46155,0.63947356,-1,-1,-1
711,9843,498.34125,145.59946,19.748474,19.288086,0.7533959,-1,-1,-1
711,9717,649.66797,153.0798,25.477905,22.086258,0.46548948,-1,-1,-1
711,9830,556.9888,276.05246,38.929626,112.966156,0.40484035,-1,-1,-1
711,9850,43.924183,324.82413,224.72618,208.70596,0.5544137,-1,-1,-1
712,9759,666.20154,190.08728,36.841003,29.33281,0.6994914,-1,-1,-1
712,9768,100.81408,438.46033,134.53555,101.53967,0.8036747,-1,-1,-1
712,9783,592.9414,132.90881,23.218811,24.944016,0.7406725,-1,-1,-1
712,9797,601.48505,189.43399,33.280518,33.45793,0.8685395,-1,-1,-1
712,9806,715.7107,191.64868,41.979126,32.35872,0.78358585,-1,-1,-1
712,9819,617.34985,242.94765,51.884155,54.873276,0.8500723,-1,-1,-1
712,9840,574.4294,327.3165,69.470215,70.61963,0.5485706,-1,-1,-1
712,9843,497.59732,146.94057,19.50882,18.898804,0.7613344,-1,-1,-1
712,9717,649.1277,152.80528,25.398132,21.71344,0.5402074,-1,-1,-1
712,9850,36.27347,330.10776,236.3432,207.4385,0.6002406,-1,-1,-1
713,9759,665.7695,189.85814,36.149536,28.410934,0.6732416,-1,-1,-1
713,9768,90.074814,451.43423,136.54051,88.565765,0.42531195,-1,-1,-1
713,9783,592.8839,132.6381,22.980835,24.604584,0.75325435,-1,-1,-1
713,9797,601.6318,188.57521,32.676147,33.474075,0.85702395,-1,-1,-1
713,9806,714.9529,190.70412,41.3573,31.82019,0.7605073,-1,-1,-1
713,9819,617.0804,241.68234,51.079712,53.59204,0.8512395,-1,-1,-1
713,9843,497.1316,147.95543,19.062866,18.690903,0.72914153,-1,-1,-1
713,9717,649.60114,152.56427,24.321106,21.029297,0.6135147,-1,-1,-1
713,9850,37.478542,330.75488,243.04486,209.24512,0.63293356,-1,-1,-1
713,9838,552.75696,337.84976,35.920715,142.15622,0.278054,-1,-1,-1
714,9759,665.16376,189.53189,36.351868,28.046158,0.661801,-1,-1,-1
714,9783,592.72626,132.45232,23.10382,24.335403,0.79695195,-1,-1,-1
714,9797,601.1991,187.48036,32.778442,33.67398,0.8485491,-1,-1,-1
714,9806,713.151,189.56108,41.806335,31.615433,0.70627373,-1,-1,-1
714,9819,616.24664,239.96082,51.056396,52.95807,0.8399769,-1,-1,-1
714,9843,496.69818,148.71896,18.976135,18.778778,0.76926094,-1,-1,-1
714,9717,648.7979,152.1844,24.286865,21.375336,0.6936432,-1,-1,-1
714,9850,38.525085,326.43674,249.93027,213.56326,0.59814537,-1,-1,-1
714,9853,521.94226,116.35007,14.523315,14.943268,0.34073645,-1,-1,-1
714,9840,575.0915,321.44135,66.89606,70.444336,0.2557127,-1,-1,-1
715,9759,664.3993,189.53679,36.640076,27.403091,0.5834291,-1,-1,-1
715,9783,592.7826,132.36444,22.999512,24.094757,0.81238854,-1,-1,-1
715,9797,600.97406,186.666,32.53882,33.562714,0.86876506,-1,-1,-1
715,9806,711.8268,188.50659,41.55371,31.236908,0.68015605,-1,-1,-1
715,9819,615.27594,238.50293,51.46826,53.116547,0.8500267,-1,-1,-1
715,9843,496.72153,149.36165,19.046783,18.934769,0.77054507,-1,-1,-1
715,9717,648.709,152.04434,24.03418,21.245987,0.67784584,-1,-1,-1
715,9850,25.26571,331.19897,247.43155,208.80103,0.51418614,-1,-1,-1
715,9853,521.7661,116.63667,14.631287,14.958298,0.29792154,-1,-1,-1
715,9840,574.9253,318.76917,66.223206,69.54477,0.41135076,-1,-1,-1
716,9759,663.7571,189.45384,36.195496,26.648788,0.38172472,-1,-1,-1
716,9783,592.71387,131.99059,22.983948,24.320343,0.8066868,-1,-1,-1
716,9797,600.67523,186.13365,32.3786,33.105133,0.84439945,-1,-1,-1
716,9806,710.9189,187.42992,40.594116,30.854721,0.66695493,-1,-1,-1
716,9819,615.1037,237.08614,51.028503,53.03322,0.8426695,-1,-1,-1
716,9843,496.43292,150.16162,19.246704,18.939682,0.7711725,-1,-1,-1
716,9717,647.7993,151.80437,24.500122,20.896301,0.6940344,-1,-1,-1
716,9850,21.06086,335.7699,241.7663,203.21753,0.31649664,-1,-1,-1
716,9840,576.1449,315.09436,63.567688,68.475464,0.32713792,-1,-1,-1
716,9855,703.79425,480.8817,124.512146,57.10736,0.678205,-1,-1,-1
716,9838,553.6246,344.5959,37.304626,138.42883,0.34627658,-1,-1,-1
717,9759,663.1272,189.17767,35.734924,26.450836,0.49545816,-1,-1,-1
717,9783,592.8142,131.86356,22.52539,24.361862,0.80881554,-1,-1,-1
717,9797,600.263,185.63354,32.33795,32.892532,0.8514488,-1,-1,-1
717,9806,709.95233,186.44638,40.20105,30.633865,0.6917673,-1,-1,-1
717,9819,614.9814,235.85588,50.65863,52.633926,0.82197964,-1,-1,-1
717,9843,496.34222,151.04594,19.18872,18.90384,0.8022965,-1,-1,-1
717,9717,647.38464,151.75908,24.526062,20.697372,0.69083333,-1,-1,-1
717,9855,700.5842,474.50723,114.33032,64.172455,0.5980802,-1,-1,-1
718,9759,662.3365,188.75446,35.20703,26.413513,0.47054198,-1,-1,-1
718,9783,592.7653,131.82063,22.025696,24.061417,0.7979304,-1,-1,-1
718,9797,599.8863,185.16106,32.370117,32.64467,0.8575655,-1,-1,-1
718,9806,708.797,185.42706,39.812866,30.67868,0.76769024,-1,-1,-1
718,9819,614.79517,234.09279,50.082764,52.873886,0.8251895,-1,-1,-1
718,9843,495.82626,151.45944,19.333832,19.120422,0.7769378,-1,-1,-1
718,9717,646.6476,151.65547,24.610107,20.59407,0.6076827,-1,-1,-1
718,9855,696.427,466.27386,115.6438,73.010254,0.7055049,-1,-1,-1
718,9840,575.5044,306.28113,61.664185,71.01376,0.4171808,-1,-1,-1
718,9838,553.58167,332.4736,38.36133,145.74402,0.495468,-1,-1,-1
719,9759,661.4532,188.262,35.293518,26.435806,0.49273995,-1,-1,-1
719,9783,592.6801,131.78912,21.665527,23.646652,0.7603345,-1,-1,-1
719,9797,599.5186,184.53365,32.476868,32.16182,0.867425,-1,-1,-1
719,9806,707.56525,184.40457,39.908386,31.1622,0.7774123,-1,-1,-1
719,9819,614.1297,232.68065,50.06653,52.810318,0.82527393,-1,-1,-1
719,9843,495.65796,152.05984,19.299866,19.153183,0.811487,-1,-1,-1
719,9717,646.2095,151.47624,24.684875,20.263535,0.7134634,-1,-1,-1
719,9855,693.7091,456.6556,115.990295,81.318756,0.75224227,-1,-1,-1
719,9840,574.4514,303.49835,62.38611,69.80063,0.6663144,-1,-1,-1
719,9838,553.86224,329.70917,38.433105,147.08078,0.5827986,-1,-1,-1
720,9759,660.588,187.48166,35.433044,26.788849,0.5091948,-1,-1,-1
720,9783,592.4684,131.42168,21.432861,23.840652,0.74406034,-1,-1,-1
720,9797,599.44104,184.04996,32.252747,31.926712,0.86617464,-1,-1,-1
720,9806,706.27905,183.2606,39.949707,31.403946,0.732516,-1,-1,-1
720,9819,614.0181,231.59358,49.266724,52.98445,0.8373621,-1,-1,-1
720,9843,495.31842,152.79851,19.389221,19.22554,0.8126761,-1,-1,-1
720,9717,645.906,151.28642,24.427063,20.135162,0.673457,-1,-1,-1
720,9855,690.02704,449.21695,113.73523,88.74698,0.8394793,-1,-1,-1
720,9840,575.1079,304.04367,59.959595,66.27536,0.58616316,-1,-1,-1
720,9838,554.1882,335.19098,36.819275,142.53546,0.74964225,-1,-1,-1
721,9783,592.3242,131.11848,20.951782,23.700378,0.7513133,-1,-1,-1
721,9797,599.3009,183.39284,31.979614,31.590683,0.8618985,-1,-1,-1
721,9806,704.9216,182.08458,39.927246,31.771057,0.72379094,-1,-1,-1
721,9819,613.6968,230.28003,48.49768,52.12805,0.8274645,-1,-1,-1
721,9843,494.88354,153.43312,19.254333,19.57483,0.77051795,-1,-1,-1
721,9717,645.4253,150.95757,24.194153,20.10785,0.5925543,-1,-1,-1
721,9855,688.0687,441.57358,112.00531,95.55441,0.8376244,-1,-1,-1
721,9840,575.2285,303.8594,58.406677,63.292572,0.41024187,-1,-1,-1
721,9838,554.62085,343.45663,35.39612,137.54926,0.7988082,-1,-1,-1
722,9783,592.2804,130.86157,20.773743,23.496414,0.76229817,-1,-1,-1
722,9797,599.2836,182.85803,31.488037,31.104126,0.85293907,-1,-1,-1
722,9806,703.8379,181.50325,39.210205,31.620422,0.7722341,-1,-1,-1
722,9819,612.5392,229.01619,48.5412,51.377213,0.8244783,-1,-1,-1
722,9843,494.36172,153.96187,19.40268,19.877167,0.7671118,-1,-1,-1
722,9717,645.45,150.53703,24.07251,20.250015,0.64670295,-1,-1,-1
722,9855,685.7058,435.2056,116.71417,102.56583,0.8205739,-1,-1,-1
722,9840,575.09436,301.84244,57.968506,60.981598,0.3265782,-1,-1,-1
722,9838,554.57404,342.06012,36.293518,138.27194,0.78193074,-1,-1,-1
722,9759,659.73364,186.69229,34.31311,26.443848,0.3700166,-1,-1,-1
723,9783,592.2364,130.66138,20.593323,23.363785,0.75640804,-1,-1,-1
723,9797,599.2467,182.34566,31.068481,31.054794,0.8545846,-1,-1,-1
723,9806,702.7872,181.0865,39.0791,31.18608,0.7755231,-1,-1,-1
723,9819,611.89624,227.8354,48.250977,51.215744,0.8291065,-1,-1,-1
723,9843,493.40576,153.63193,20.47754,21.016205,0.8021757,-1,-1,-1
723,9717,645.12256,150.09143,23.453003,20.585052,0.637652,-1,-1,-1
723,9855,684.77405,429.40567,116.867676,108.52017,0.86006874,-1,-1,-1
723,9840,575.37396,299.1619,57.517395,59.38022,0.51580167,-1,-1,-1
723,9838,554.66705,341.89355,37.224487,139.11392,0.7852047,-1,-1,-1
723,9860,487.94626,136.29674,17.083984,13.87085,0.35051236,-1,-1,-1
723,9759,659.56195,185.8768,33.62903,26.910217,0.46289474,-1,-1,-1
724,9783,592.21,130.48695,20.314636,23.288437,0.68913585,-1,-1,-1
724,9797,599.1272,181.76305,30.889648,30.962585,0.85646045,-1,-1,-1
724,9806,701.88214,180.41013,38.903687,30.777084,0.6889328,-1,-1,-1
724,9819,612.1795,226.72018,47.15143,51.33435,0.8410561,-1,-1,-1
724,9843,492.45056,154.8012,20.959473,20.796173,0.7989344,-1,-1,-1
724,9717,644.553,149.89258,23.397705,20.7397,0.6015906,-1,-1,-1
724,9855,683.2542,423.68137,116.28766,114.2858,0.85565716,-1,-1,-1
724,9840,575.1635,296.55783,56.907715,59.268616,0.42652357,-1,-1,-1
724,9838,554.938,341.16125,37.15619,140.21304,0.7925353,-1,-1,-1
724,9860,487.19345,137.06392,17.306335,14.136795,0.29887655,-1,-1,-1
724,9759,659.44775,184.9974,33.121582,27.402893,0.38124138,-1,-1,-1
725,9783,592.2167,130.40338,20.13507,23.187897,0.68404347,-1,-1,-1
725,9797,599.13385,181.28433,30.679077,30.679108,0.86377627,-1,-1,-1
725,9806,701.0704,179.76787,38.282898,30.330261,0.6912301,-1,-1,-1
725,9819,612.28174,225.82822,45.561523,51.22409,0.826664,-1,-1,-1
725,9843,491.97745,156.37648,20.690582,20.160782,0.81864935,-1,-1,-1
725,9717,644.6973,149.98105,22.429688,20.651352,0.6269199,-1,-1,-1
725,9855,681.17944,417.6871,114.58655,119.58469,0.85484445,-1,-1,-1
725,9840,575.05853,295.72073,56.10138,55.578003,0.37412792,-1,-1,-1
725,9838,554.8657,341.94754,37.43396,140.13858,0.8094448,-1,-1,-1
725,9860,486.25165,137.98997,17.135193,14.1922455,0.4697533,-1,-1,-1
725,9759,659.2937,184.48622,32.850708,27.21518,0.4705497,-1,-1,-1
726,9783,592.0349,130.38478,20.24347,23.001022,0.7613649,-1,-1,-1
726,9797,599.1441,180.75845,30.390503,30.13472,0.86382604,-1,-1,-1
726,9806,699.9135,179.21112,37.934265,29.677261,0.6676879,-1,-1,-1
726,9819,612.0613,224.60803,44.332397,49.463623,0.81854534,-1,-1,-1
726,9843,491.69064,157.1527,20.237885,20.131836,0.8309468,-1,-1,-1
726,9717,643.64105,149.89497,23.016296,20.52568,0.6995768,-1,-1,-1
726,9855,677.97217,412.2994,114.460754,119.55063,0.86404353,-1,-1,-1
726,9840,575.6103,294.6852,54.705383,53.1438,0.47061068,-1,-1,-1
726,9838,554.845,340.80212,37.51288,142.00418,0.808574,-1,-1,-1
726,9860,484.97318,138.4147,17.669098,14.3997345,0.5063695,-1,-1,-1
726,9759,658.8296,183.62474,32.4516,27.354706,0.5294739,-1,-1,-1
727,9783,591.83185,130.12817,20.372803,22.987625,0.7703258,-1,-1,-1
727,9797,598.8937,180.16527,30.271545,29.66742,0.8648245,-1,-1,-1
727,9806,698.7676,178.47878,37.897034,29.596558,0.6978318,-1,-1,-1
727,9819,611.1234,223.6249,44.192627,48.116074,0.8253479,-1,-1,-1
727,9843,491.2565,157.41026,20.523254,20.617737,0.8275975,-1,-1,-1
727,9717,643.5722,149.70503,22.513855,20.182999,0.59230787,-1,-1,-1
727,9855,675.16077,406.78717,113.59473,120.785095,0.86093754,-1,-1,-1
727,9840,575.68335,292.4717,54.00598,51.86075,0.32982215,-1,-1,-1
727,9838,554.75415,338.98352,37.129517,144.47147,0.79205674,-1,-1,-1
727,9860,484.12183,138.79262,18.441132,14.813538,0.5175772,-1,-1,-1
727,9759,658.3118,183.12492,32.476257,27.108582,0.31915352,-1,-1,-1
728,9783,591.76794,130.08153,20.449463,22.831589,0.7239991,-1,-1,-1
728,9797,598.8218,179.678,30.040283,29.23729,0.86620283,-1,-1,-1
728,9806,697.74,177.8962,37.728516,29.21576,0.64145064,-1,-1,-1
728,9819,610.78357,222.82574,43.650635,47.14859,0.8109282,-1,-1,-1
728,9843,491.06805,157.93582,20.60968,21.014862,0.8360646,-1,-1,-1
728,9717,643.02905,149.73184,22.610474,19.968872,0.49948478,-1,-1,-1
728,9855,673.67114,401.4218,109.59326,118.64331,0.8728708,-1,-1,-1
728,9840,575.68365,291.29532,52.91864,49.803955,0.55532974,-1,-1,-1
728,9838,554.58307,339.27475,37.001465,145.42651,0.80516803,-1,-1,-1
728,9860,483.49155,139.02235,18.050629,15.074127,0.5133454,-1,-1,-1
729,9783,591.6215,129.95665,20.193115,22.729813,0.73677826,-1,-1,-1
729,9797,598.6511,179.0851,29.836792,28.805527,0.87303525,-1,-1,-1
729,9806,696.79956,177.47964,37.13971,28.266357,0.6911031,-1,-1,-1
729,9819,610.68506,221.65771,42.87921,46.17227,0.8184846,-1,-1,-1
729,9843,490.77902,158.72835,20.776276,21.169724,0.8310212,-1,-1,-1
729,9717,642.71906,149.6216,22.384949,19.734634,0.5896679,-1,-1,-1
729,9855,672.59296,396.1148,106.28198,116.311646,0.861215,-1,-1,-1
729,9840,574.9951,286.71808,52.60022,52.035217,0.42417973,-1,-1,-1
729,9838,554.4461,338.6899,37.086914,147.42252,0.8043039,-1,-1,-1
729,9860,483.198,139.42287,18.277771,15.523956,0.718305,-1,-1,-1
729,9759,657.6499,182.89641,31.812317,25.95874,0.30691996,-1,-1,-1
730,9783,591.43634,129.69592,19.785522,22.735016,0.6688439,-1,-1,-1
730,9797,598.53796,178.4035,29.534363,28.5755,0.87051064,-1,-1,-1
730,9806,695.6924,176.84213,37.395996,27.812683,0.72200304,-1,-1,-1
730,9819,610.0972,220.68213,42.710083,44.966614,0.8294762,-1,-1,-1
730,9843,490.25876,159.23149,20.989563,21.403793,0.8099545,-1,-1,-1
730,9717,641.7194,149.52895,22.837097,19.622116,0.51594335,-1,-1,-1
730,9855,670.83356,391.34268,102.92767,111.59009,0.86242574,-1,-1,-1
730,9840,575.1217,278.22626,51.452393,59.20511,0.33260024,-1,-1,-1
730,9838,554.1097,338.32553,37.463196,149.51248,0.73934907,-1,-1,-1
730,9860,482.28003,140.17781,18.371216,15.60733,0.70148945,-1,-1,-1
731,9783,591.4118,129.4348,19.683594,22.886703,0.6688627,-1,-1,-1
731,9797,598.2625,177.72984,29.389526,28.499573,0.8635971,-1,-1,-1
731,9806,694.87006,176.23375,36.990723,27.583405,0.630826,-1,-1,-1
731,9819,609.5585,219.665,42.55298,44.431442,0.8244048,-1,-1,-1
731,9843,489.59012,159.01595,21.558746,22.645752,0.8317989,-1,-1,-1
731,9717,641.3027,149.4857,22.781677,19.489548,0.53484434,-1,-1,-1
731,9855,669.1592,387.30615,99.755066,106.31503,0.875809,-1,-1,-1
731,9840,575.5853,275.96646,50.025085,59.23758,0.36733663,-1,-1,-1
731,9838,554.0205,336.73416,37.58777,151.8042,0.600295,-1,-1,-1
731,9860,481.46738,140.8271,19.163147,16.075516,0.76136386,-1,-1,-1
732,9783,591.2441,129.0746,19.889832,22.94226,0.6588151,-1,-1,-1
732,9797,597.93396,177.13934,29.354187,28.595276,0.8563584,-1,-1,-1
732,9806,693.948,175.53136,36.763977,27.514893,0.60790074,-1,-1,-1
732,9819,608.7153,218.75838,42.558167,43.702957,0.83093697,-1,-1,-1
732,9843,488.8053,159.9319,22.20578,22.790573,0.82965755,-1,-1,-1
732,9717,640.8557,149.49193,22.781006,19.449219,0.5303416,-1,-1,-1
732,9855,667.3765,381.05362,97.11224,104.59726,0.8670369,-1,-1,-1
732,9838,554.22614,337.4656,37.388733,151.34378,0.69179267,-1,-1,-1
732,9860,480.782,141.42326,19.284973,16.30832,0.7420995,-1,-1,-1
733,9783,591.0262,128.82233,19.736023,22.802551,0.6527353,-1,-1,-1
733,9797,597.90625,176.67776,29.055115,28.38501,0.8558014,-1,-1,-1
733,9806,692.9972,174.99995,36.60791,27.48024,0.5514077,-1,-1,-1
733,9819,608.094,217.63126,42.49701,43.11032,0.83175975,-1,-1,-1
733,9843,487.8934,161.21587,22.758453,22.513458,0.82952654,-1,-1,-1
733,9717,640.3965,149.26224,22.999695,19.520004,0.564086,-1,-1,-1
733,9855,665.8655,376.92032,98.010925,101.75644,0.8702331,-1,-1,-1
733,9838,554.1553,336.75885,37.404663,151.29141,0.6294003,-1,-1,-1
733,9860,480.39255,142.07024,18.97107,16.207764,0.68635035,-1,-1,-1
733,9840,575.3467,276.53177,48.690125,52.110962,0.5620058,-1,-1,-1
734,9783,590.87,128.61137,19.382812,22.468628,0.6456832,-1,-1,-1
734,9797,598.01086,176.02571,28.562561,28.288528,0.8642002,-1,-1,-1
734,9806,691.93604,174.1784,36.35785,27.709,0.5560587,-1,-1,-1
734,9819,607.76666,216.15547,42.0896,43.321213,0.82814246,-1,-1,-1
734,9843,487.50906,162.12141,22.876862,22.594574,0.82694966,-1,-1,-1
734,9717,640.15826,149.00795,22.965454,19.542923,0.49846384,-1,-1,-1
734,9855,663.86365,372.0726,93.45642,98.058685,0.8773518,-1,-1,-1
734,9838,554.1,336.0355,37.8526,151.156,0.7122666,-1,-1,-1
734,9860,479.80292,142.8897,18.767181,16.330505,0.6892844,-1,-1,-1
734,9862,507.32565,144.53235,15.168488,11.805435,0.3831099,-1,-1,-1
734,9840,575.2221,276.59506,47.2041,48.36902,0.6488,-1,-1,-1
735,9783,590.6518,128.08238,19.313904,22.486267,0.57794046,-1,-1,-1
735,9797,597.9286,175.46355,28.32196,28.237259,0.8548148,-1,-1,-1
735,9806,690.74677,173.42107,36.48053,28.20958,0.3088539,-1,-1,-1
735,9819,607.37494,214.89484,41.696533,43.53308,0.8167262,-1,-1,-1
735,9843,486.81375,163.04433,23.193604,22.875015,0.8058231,-1,-1,-1
735,9717,639.8644,148.6968,22.867432,19.608627,0.3814415,-1,-1,-1
735,9855,662.6343,367.26904,90.50751,97.34192,0.86935157,-1,-1,-1
735,9838,554.0141,336.34348,37.757324,150.59183,0.5873189,-1,-1,-1
735,9860,479.29944,143.61317,18.47409,16.523773,0.7036469,-1,-1,-1
735,9862,507.99417,144.77815,14.367767,11.8853,0.39789683,-1,-1,-1
735,9840,575.2069,276.45996,45.923035,45.72937,0.4609779,-1,-1,-1
735,9863,515.5336,124.409,14.674622,15.76619,0.39196786,-1,-1,-1
736,9783,590.44977,127.58306,19.407532,22.650215,0.5425059,-1,-1,-1
736,9797,597.81934,174.93103,28.192444,28.150452,0.85086626,-1,-1,-1
736,9819,607.1745,214.14201,41.27191,43.32585,0.83078325,-1,-1,-1
736,9843,485.83798,164.49335,23.727783,22.61827,0.8042904,-1,-1,-1
736,9855,661.4527,363.4026,88.29846,95.49664,0.86882716,-1,-1,-1
736,9838,553.94684,339.45248,36.61029,149.27582,0.607346,-1,-1,-1
736,9860,478.65576,144.17284,18.231049,16.835236,0.6861865,-1,-1,-1
736,9862,507.6913,145.15576,14.4530945,12.318939,0.31048274,-1,-1,-1
736,9840,574.5682,275.6504,45.713745,44.69519,0.5939486,-1,-1,-1
736,9863,515.1709,124.45418,15.012878,16.196548,0.3298173,-1,-1,-1
737,9783,590.2234,127.26689,19.658936,22.829086,0.5370573,-1,-1,-1
737,9797,597.7121,174.42197,27.799194,27.702866,0.85156953,-1,-1,-1
737,9819,607.06415,213.40294,40.73346,42.658737,0.82293546,-1,-1,-1
737,9843,485.04776,165.37961,24.41278,22.666931,0.8237929,-1,-1,-1
737,9855,661.2762,359.77512,85.63519,92.073425,0.8682176,-1,-1,-1
737,9838,553.99963,340.17142,36.046448,149.32578,0.6292443,-1,-1,-1
737,9860,478.02344,144.61649,18.203491,16.949402,0.70785457,-1,-1,-1
737,9862,506.13562,145.1737,15.744873,13.191177,0.34157756,-1,-1,-1
737,9840,574.29486,273.4406,45.444275,44.32141,0.5494659,-1,-1,-1
737,9863,515.0077,124.50004,15.031494,16.48951,0.32830814,-1,-1,-1
738,9783,590.14954,127.25135,19.317871,22.650902,0.44083256,-1,-1,-1
738,9797,597.49756,174.12714,27.5542,27.569092,0.8531483,-1,-1,-1
738,9819,607.02295,212.46887,40.353638,42.278168,0.8253332,-1,-1,-1
738,9843,484.5251,166.45712,24.211182,22.705597,0.83447665,-1,-1,-1
738,9855,657.6769,355.9852,86.597534,89.75473,0.86362624,-1,-1,-1
738,9838,554.09607,340.34915,35.80713,150.60645,0.6941634,-1,-1,-1
738,9860,477.22018,145.2833,18.423492,17.048248,0.7401527,-1,-1,-1
738,9862,505.31967,144.95792,16.271942,13.939926,0.3734072,-1,-1,-1
738,9840,574.23627,271.8278,45.36847,43.25537,0.67806447,-1,-1,-1
738,9863,514.5226,124.93125,15.126587,16.524162,0.2929535,-1,-1,-1
739,9783,590.11786,127.34557,19.267944,22.409142,0.54695225,-1,-1,-1
739,9797,597.385,173.83781,27.467896,27.105927,0.83791494,-1,-1,-1
739,9819,607.0818,211.79092,39.515625,41.4993,0.8211314,-1,-1,-1
739,9843,484.1791,167.61588,24.007324,22.440018,0.8379346,-1,-1,-1
739,9855,655.5846,352.99222,87.24567,86.43454,0.8729322,-1,-1,-1
739,9838,553.787,340.2133,37.076233,152.15393,0.6679589,-1,-1,-1
739,9860,476.27017,146.22214,18.64032,17.231735,0.7903619,-1,-1,-1
739,9862,506.17953,144.96619,15.179474,14.3316345,0.28428602,-1,-1,-1
739,9840,574.0877,270.6509,45.09674,42.44989,0.7236769,-1,-1,-1
739,9863,514.09766,125.58208,15.439148,16.77687,0.34492543,-1,-1,-1
740,9783,590.31384,127.5598,19.033752,21.962158,0.5996745,-1,-1,-1
740,9797,597.7013,173.42189,26.981506,26.738815,0.85481244,-1,-1,-1
740,9819,606.75946,211.00124,39.32892,40.98024,0.8261605,-1,-1,-1
740,9843,483.87146,168.97536,23.575714,21.980103,0.83949375,-1,-1,-1
740,9855,654.6673,350.90875,85.914734,83.44998,0.86050886,-1,-1,-1
740,9838,553.6708,340.06473,37.65027,152.14233,0.6965257,-1,-1,-1
740,9860,475.52698,146.95187,18.745605,17.43779,0.8276119,-1,-1,-1
740,9840,574.0523,268.71667,44.960327,42.65732,0.7465524,-1,-1,-1
740,9863,513.79926,126.13975,15.587219,16.851723,0.43813947,-1,-1,-1
740,9717,637.6781,147.9456,22.075256,18.432404,0.3346954,-1,-1,-1
741,9783,590.43634,127.494865,18.883728,21.76844,0.436315,-1,-1,-1
741,9797,597.3396,172.80595,27.000244,26.449753,0.83707994,-1,-1,-1
741,9819,606.56995,210.10692,39.214233,40.705536,0.8271173,-1,-1,-1
741,9843,483.58826,169.85774,23.245728,22.308014,0.8287676,-1,-1,-1
741,9855,653.5768,346.4061,85.99768,81.93295,0.88173544,-1,-1,-1
741,9838,553.6104,339.14145,38.171204,152.52988,0.6915484,-1,-1,-1
741,9860,474.85696,147.57867,18.733551,17.521225,0.8131241,-1,-1,-1
741,9840,573.6909,266.90125,45.289368,42.247253,0.6568648,-1,-1,-1
741,9863,513.6686,126.6248,15.595337,17.036072,0.4390452,-1,-1,-1
741,9864,492.28085,126.199814,17.611176,16.886108,0.47963604,-1,-1,-1
741,9865,519.4335,198.31555,22.341492,19.701126,0.4183669,-1,-1,-1
742,9783,590.4911,127.48612,18.707947,21.527962,0.31166026,-1,-1,-1
742,9797,597.27484,172.2346,26.789978,26.343628,0.8443873,-1,-1,-1
742,9819,606.5832,209.21451,38.548584,39.99028,0.83091336,-1,-1,-1
742,9843,483.3143,170.6032,23.176727,22.758423,0.820371,-1,-1,-1
742,9855,652.4787,342.2551,85.28943,82.69968,0.84201956,-1,-1,-1
742,9838,553.3812,338.8332,38.62683,153.31857,0.63236934,-1,-1,-1
742,9860,474.69443,148.5601,19.36557,17.638412,0.75036204,-1,-1,-1
742,9840,573.2434,267.0366,45.54883,39.82907,0.47640923,-1,-1,-1
742,9863,513.6213,127.109795,15.593079,17.221794,0.3635028,-1,-1,-1
742,9864,491.6742,126.69473,18.092072,17.129303,0.43400255,-1,-1,-1
742,9865,519.315,198.54523,21.795471,20.164825,0.3931936,-1,-1,-1
742,9717,636.9065,147.54776,21.896362,18.211227,0.33402205,-1,-1,-1
743,9783,590.6271,127.495674,18.16632,21.206596,0.3039071,-1,-1,-1
743,9797,597.0137,171.81853,26.565674,26.104034,0.83929306,-1,-1,-1
743,9819,605.9664,208.44798,38.24994,39.366577,0.8223965,-1,-1,-1
743,9843,482.79422,171.30498,23.663635,23.376923,0.82407653,-1,-1,-1
743,9855,650.45123,339.29657,82.36316,80.80701,0.83441526,-1,-1,-1
743,9838,553.4985,339.96182,38.539917,151.30603,0.6430393,-1,-1,-1
743,9860,474.21616,149.1516,19.83603,17.785156,0.71871316,-1,-1,-1
743,9840,573.38855,266.041,43.705017,38.47711,0.5948448,-1,-1,-1
743,9863,513.31903,127.60275,15.674683,17.26683,0.3554024,-1,-1,-1
743,9864,491.1193,127.13158,18.403564,17.233566,0.3856042,-1,-1,-1
743,9865,518.9403,198.8837,21.56018,20.431,0.35829777,-1,-1,-1
743,9866,573.9942,230.36897,42.85437,76.01222,0.53480893,-1,-1,-1
743,9717,636.59344,147.25012,21.437317,18.045471,0.4855458,-1,-1,-1
744,9783,590.5966,127.43596,17.870117,20.86821,0.35421082,-1,-1,-1
744,9797,596.4661,171.1776,26.793518,26.023926,0.83783,-1,-1,-1
744,9819,606.1937,208.32204,36.976562,37.966446,0.82756144,-1,-1,-1
744,9843,481.9003,171.93814,24.372803,23.85611,0.8205658,-1,-1,-1
744,9855,649.34955,335.7508,81.66083,77.642914,0.855121,-1,-1,-1
744,9838,553.5601,340.21698,38.349792,150.11087,0.6301781,-1,-1,-1
744,9860,473.66083,149.33557,20.088013,18.177002,0.7234804,-1,-1,-1
744,9840,573.4174,264.06967,42.953552,38.519318,0.43712506,-1,-1,-1
744,9866,573.84064,242.7577,42.499817,62.23845,0.31827384,-1,-1,-1
744,9717,636.4377,147.07748,20.995728,17.754211,0.5696303,-1,-1,-1
745,9783,590.4795,127.465485,17.63971,20.698608,0.38137996,-1,-1,-1
745,9797,596.0502,170.54016,26.763794,26.10205,0.83519596,-1,-1,-1
745,9819,605.54065,206.93509,36.77185,38.279373,0.8442475,-1,-1,-1
745,9843,481.04932,172.51407,24.398346,24.434036,0.81601214,-1,-1,-1
745,9855,648.26624,333.10876,78.9212,75.40216,0.8523077,-1,-1,-1
745,9838,553.4142,340.29703,38.999756,150.4343,0.718968,-1,-1,-1
745,9860,472.38788,149.7704,20.827759,18.656921,0.7554852,-1,-1,-1
745,9840,572.9438,261.6336,42.57184,39.148987,0.6400338,-1,-1,-1
745,9717,636.45685,146.76724,20.576355,17.577225,0.64640963,-1,-1,-1
745,9863,512.94556,128.53583,15.222961,17.231064,0.28230777,-1,-1,-1
746,9783,590.42175,127.55399,17.268677,20.309029,0.30980563,-1,-1,-1
746,9797,595.76086,169.9718,26.928406,25.817291,0.8345414,-1,-1,-1
746,9819,605.0672,206.09618,37.13971,37.831604,0.8195387,-1,-1,-1
746,9843,480.3947,173.5337,24.631134,24.663513,0.8292642,-1,-1,-1
746,9855,648.2666,330.74225,76.10272,72.325775,0.846734,-1,-1,-1
746,9838,553.4728,341.5859,38.70215,149.26123,0.7381494,-1,-1,-1
746,9860,471.82324,150.89304,20.396881,18.439316,0.75060564,-1,-1,-1
746,9840,573.1156,260.39877,42.24115,39.072693,0.52629733,-1,-1,-1
746,9717,636.1435,146.75171,20.545593,17.362122,0.5933836,-1,-1,-1
746,9863,512.7351,128.89085,15.047424,17.366531,0.3132148,-1,-1,-1
746,9866,573.3465,213.70027,42.239136,88.03786,0.5613679,-1,-1,-1
747,9797,595.696,169.35194,26.645813,25.72113,0.8318488,-1,-1,-1
747,9819,604.8929,205.42429,36.922363,36.872345,0.8308846,-1,-1,-1
747,9843,479.3448,174.72125,25.471313,24.786346,0.8085845,-1,-1,-1
747,9855,647.10284,327.0351,74.62775,70.81192,0.8438196,-1,-1,-1
747,9838,553.1664,341.76605,39.09076,149.88165,0.69179577,-1,-1,-1
747,9860,471.07983,152.22755,20.470215,18.256073,0.74244636,-1,-1,-1
747,9840,573.0035,257.77356,41.58081,39.04904,0.5726502,-1,-1,-1
747,9717,635.69824,146.23315,20.56659,17.684906,0.57278043,-1,-1,-1
747,9863,512.0447,129.15913,15.219055,17.776001,0.44044048,-1,-1,-1
747,9867,556.2248,294.03244,41.408875,112.019684,0.5524053,-1,-1,-1
747,9866,573.0387,222.15895,41.82184,77.692154,0.57393426,-1,-1,-1
748,9797,595.45135,168.76556,26.578064,25.664993,0.83231586,-1,-1,-1
748,9819,604.062,204.31436,37.180054,37.078827,0.8328412,-1,-1,-1
748,9843,478.4698,177.30363,25.500153,23.205856,0.80925363,-1,-1,-1
748,9855,645.9658,324.37268,74.518005,69.93704,0.8290309,-1,-1,-1
748,9838,553.11224,341.48715,39.373047,150.8977,0.64223766,-1,-1,-1
748,9860,470.29428,153.42233,20.453918,18.071793,0.73532325,-1,-1,-1
748,9840,573.0206,256.19223,40.91748,38.303284,0.46730137,-1,-1,-1
748,9717,634.8451,145.99152,21.078125,17.849716,0.53782636,-1,-1,-1
748,9863,511.56595,129.80348,15.680328,17.547318,0.49440482,-1,-1,-1
748,9867,555.9526,291.71384,41.065002,116.01849,0.52735716,-1,-1,-1
748,9866,572.6648,217.46121,41.962097,79.63565,0.42882428,-1,-1,-1
748,9864,489.50455,129.59076,17.977722,17.782425,0.26099712,-1,-1,-1
748,9783,589.7476,127.32066,16.820435,20.031006,0.2713916,-1,-1,-1
749,9797,595.1506,168.16414,26.458618,25.49939,0.83966404,-1,-1,-1
749,9819,603.27246,202.86821,37.45508,37.747467,0.8161607,-1,-1,-1
749,9843,478.10754,178.12064,25.480286,23.526611,0.81244105,-1,-1,-1
749,9855,645.0861,321.1465,72.62244,69.56247,0.8259118,-1,-1,-1
749,9838,553.1529,340.4085,39.468994,152.61832,0.5795315,-1,-1,-1
749,9860,469.5609,154.91765,20.440552,17.601395,0.7191171,-1,-1,-1
749,9840,572.57965,253.85075,40.385315,38.018173,0.54948884,-1,-1,-1
749,9717,634.5095,145.74065,20.986877,17.821335,0.5231784,-1,-1,-1
749,9863,511.2052,130.20723,15.899902,17.339539,0.6017997,-1,-1,-1
749,9867,556.05194,290.22018,40.45807,124.57239,0.649105,-1,-1,-1
749,9866,572.0254,229.01268,41.314514,65.00023,0.49496257,-1,-1,-1
749,9864,488.95395,130.24937,17.945404,17.633926,0.41881156,-1,-1,-1
749,9783,589.511,127.03281,16.57788,20.132141,0.25232613,-1,-1,-1
750,9797,595.11444,167.71869,25.879456,25.371872,0.83463156,-1,-1,-1
750,9819,602.80023,202.11234,37.37561,37.76201,0.81775904,-1,-1,-1
750,9843,477.94666,179.16867,25.1203,23.574463,0.8227545,-1,-1,-1
750,9855,643.4226,318.41528,72.0863,67.76169,0.8480302,-1,-1,-1
750,9838,552.9956,339.55347,39.933594,154.96863,0.4179576,-1,-1,-1
750,9860,469.3737,156.38295,20.36148,17.036713,0.7204904,-1,-1,-1
750,9840,571.84607,253.88805,41.30664,35.909897,0.44828105,-1,-1,-1
750,9717,634.6924,145.37244,20.57257,17.855225,0.4951961,-1,-1,-1
750,9863,511.0052,130.89096,15.934998,17.020142,0.6916908,-1,-1,-1
750,9867,556.16125,289.1684,40.607727,135.14575,0.6651085,-1,-1,-1
750,9866,571.9835,217.16258,41.654907,75.5356,0.58661973,-1,-1,-1
750,9864,488.54422,130.85646,18.174591,17.530624,0.5088437,-1,-1,-1
751,9797,595.1108,167.13354,25.232056,25.522034,0.8287793,-1,-1,-1
751,9819,602.8247,202.04364,36.812622,37.12683,0.8240693,-1,-1,-1
751,9843,477.57117,180.2467,24.449585,23.484543,0.81483585,-1,-1,-1
751,9855,642.78986,315.51834,70.326416,66.45123,0.8185704,-1,-1,-1
751,9838,552.5812,340.5149,39.423645,153.91504,0.4241455,-1,-1,-1
751,9860,468.80298,157.16748,20.271576,17.103088,0.68340814,-1,-1,-1
751,9840,572.14984,248.46199,40.921753,40.926407,0.66505396,-1,-1,-1
751,9717,633.9061,144.95541,20.541138,18.021164,0.46361428,-1,-1,-1
751,9863,510.63882,131.6132,16.06424,16.918045,0.623088,-1,-1,-1
751,9867,555.9609,288.72296,40.83661,138.93304,0.64036864,-1,-1,-1
751,9866,571.7425,215.06735,41.672974,76.08725,0.6199554,-1,-1,-1
751,9864,487.9662,131.53778,18.141327,17.434036,0.32132792,-1,-1,-1
752,9797,595.13983,166.7218,24.873169,25.46054,0.8293334,-1,-1,-1
752,9819,602.61676,201.20363,36.500427,37.088074,0.8264931,-1,-1,-1
752,9843,476.8701,181.57312,24.15747,23.419968,0.8197355,-1,-1,-1
752,9855,641.58673,313.0589,69.787476,65.31287,0.83454156,-1,-1,-1
752,9838,552.39105,340.07562,40.40387,155.358,0.45530933,-1,-1,-1
752,9860,467.82407,157.87733,20.230164,17.274826,0.6958126,-1,-1,-1
752,9840,571.6506,247.86568,40.99231,39.560654,0.6277386,-1,-1,-1
752,9717,633.7327,144.48293,19.994507,17.881622,0.47334284,-1,-1,-1
752,9863,510.35498,132.1575,15.986755,16.777985,0.54778016,-1,-1,-1
752,9867,556.07904,288.75012,40.635864,141.31506,0.6026934,-1,-1,-1
752,9864,487.41843,132.19286,18.239227,17.365936,0.33426234,-1,-1,-1
753,9797,595.1727,166.36847,24.565674,25.227615,0.82546896,-1,-1,-1
753,9819,602.6546,200.40797,35.99048,36.632385,0.84364086,-1,-1,-1
753,9843,476.29788,182.53209,24.512146,23.711487,0.80833817,-1,-1,-1
753,9855,641.0044,310.33572,68.35498,63.472046,0.84260756,-1,-1,-1
753,9838,551.937,341.56683,40.225952,153.39429,0.5070982,-1,-1,-1
753,9860,467.10156,158.5743,20.097015,17.76352,0.7259883,-1,-1,-1
753,9840,571.75793,247.77025,39.991028,37.921585,0.52755994,-1,-1,-1
753,9717,633.5586,144.36958,19.673828,17.572891,0.48538768,-1,-1,-1
753,9863,510.0201,132.63847,16.09555,16.811493,0.54639596,-1,-1,-1
753,9867,556.20386,288.91327,40.443054,138.94382,0.64405376,-1,-1,-1
753,9864,486.82385,132.47928,18.461884,17.51616,0.33996776,-1,-1,-1
753,9783,589.0186,125.428276,16.883667,21.338234,0.30481422,-1,-1,-1
754,9797,595.1281,165.97293,24.23767,24.825394,0.83321786,-1,-1,-1
754,9819,602.51917,200.03688,34.961426,35.8295,0.8348656,-1,-1,-1
754,9843,475.76965,183.51736,24.875183,24.01387,0.8084001,-1,-1,-1
754,9855,640.9821,307.60803,66.524536,62.191925,0.8390888,-1,-1,-1
754,9838,552.0281,341.69434,39.795227,153.53336,0.52911705,-1,-1,-1
754,9860,466.47583,158.94536,19.810883,18.268951,0.729519,-1,-1,-1
754,9840,571.60065,248.21121,39.380554,35.14795,0.4886835,-1,-1,-1
754,9717,633.54565,144.09041,19.241455,17.46054,0.57150525,-1,-1,-1
754,9863,509.52066,133.05084,16.172577,16.910324,0.5949158,-1,-1,-1
754,9867,556.17395,288.37173,40.1532,136.5296,0.63709474,-1,-1,-1
754,9864,486.03156,132.85617,18.642914,17.641708,0.4770558,-1,-1,-1
754,9783,588.63257,125.0034,17.082642,21.416473,0.37355465,-1,-1,-1
754,9866,571.35,218.91115,40.348816,65.693985,0.64041257,-1,-1,-1
755,9797,595.1322,165.52225,24.061646,24.587677,0.83640677,-1,-1,-1
755,9819,602.18854,199.22987,33.99872,35.50824,0.8284966,-1,-1,-1
755,9843,475.18698,184.74213,24.966644,24.162003,0.81892806,-1,-1,-1
755,9855,640.3468,304.93295,66.060486,60.74768,0.82962656,-1,-1,-1
755,9838,552.5232,342.65967,39.76123,154.05118,0.6948602,-1,-1,-1
755,9860,465.5692,159.82219,20.248383,18.324707,0.72542167,-1,-1,-1
755,9840,570.9887,239.14116,40.183228,44.091385,0.5910418,-1,-1,-1
755,9717,632.7994,144.11658,19.335327,17.286041,0.5756174,-1,-1,-1
755,9863,509.2006,133.30252,16.17215,17.023117,0.5102149,-1,-1,-1
755,9867,556.1803,288.88712,39.88672,132.5935,0.64961183,-1,-1,-1
755,9864,485.2811,133.16248,18.83252,17.927216,0.4367628,-1,-1,-1
755,9783,588.3911,124.74703,17.058777,21.348381,0.38676795,-1,-1,-1
755,9869,757.5853,200.47517,81.709656,28.516647,0.4012749,-1,-1,-1
755,9866,570.3474,210.86295,41.059692,73.10184,0.43700373,-1,-1,-1
755,9806,670.5647,162.13528,31.918701,24.812805,0.526052,-1,-1,-1
756,9797,595.04596,165.13075,23.965881,24.117416,0.8295366,-1,-1,-1
756,9819,601.7103,198.4268,33.80609,35.262085,0.81737673,-1,-1,-1
756,9843,474.29135,185.24364,25.523254,25.180054,0.8232959,-1,-1,-1
756,9855,638.9581,301.80835,66.18848,60.56421,0.8329616,-1,-1,-1
756,9838,552.6455,346.81525,39.553955,151.50818,0.74506813,-1,-1,-1
756,9860,464.62408,161.0304,20.97995,18.178024,0.74297756,-1,-1,-1
756,9840,570.9829,241.55672,39.801025,39.256546,0.49060336,-1,-1,-1
756,9717,632.2503,143.79593,19.45111,17.342682,0.5441138,-1,-1,-1
756,9863,508.852,133.61156,16.25409,17.223953,0.5553554,-1,-1,-1
756,9867,556.5079,288.7106,39.213867,135.831,0.6622841,-1,-1,-1
756,9864,485.08054,133.5966,18.458527,18.142075,0.3497717,-1,-1,-1
756,9783,588.40045,124.58324,16.898865,21.253372,0.3743772,-1,-1,-1
756,9869,757.57166,201.11626,81.13214,28.28836,0.35380375,-1,-1,-1
756,9866,570.30554,222.26044,40.318115,58.852234,0.4018297,-1,-1,-1
756,9806,669.8683,161.6144,31.73291,24.522812,0.35989672,-1,-1,-1
757,9797,595.10205,164.71353,23.929138,23.981232,0.83176845,-1,-1,-1
757,9819,601.69147,197.67345,33.298096,34.998444,0.8178338,-1,-1,-1
757,9843,472.8741,186.26938,26.250854,25.722198,0.8272281,-1,-1,-1
757,9855,638.36566,300.13345,65.34076,59.7088,0.8018813,-1,-1,-1
757,9838,552.5043,349.54437,39.000732,149.69327,0.7193532,-1,-1,-1
757,9860,463.87106,161.81006,21.417572,18.512192,0.7928185,-1,-1,-1
757,9840,570.88196,242.64972,39.984924,35.64328,0.42092595,-1,-1,-1
757,9717,632.63684,143.61919,19.03717,17.306702,0.53755015,-1,-1,-1
757,9863,508.63245,133.8957,16.191162,17.497833,0.5086964,-1,-1,-1
757,9867,556.44586,288.10312,39.246643,139.7261,0.55651444,-1,-1,-1
757,9864,484.5963,133.96382,18.643738,18.536331,0.2713456,-1,-1,-1
757,9869,757.6377,201.63553,81.23688,28.39418,0.29981223,-1,-1,-1
757,9866,570.0984,223.07721,40.300903,55.75824,0.41892266,-1,-1,-1
757,9806,669.2264,161.0262,31.545715,24.692383,0.39982456,-1,-1,-1
758,9797,594.73456,164.23322,24.132446,23.84111,0.8280037,-1,-1,-1
758,9819,601.5166,197.19637,33.03784,34.28734,0.8128483,-1,-1,-1
758,9843,471.50024,187.7988,27.342926,25.634247,0.8241915,-1,-1,-1
758,9855,638.06805,297.8781,61.24872,58.498688,0.820893,-1,-1,-1
758,9838,552.24615,353.5213,37.53369,147.3522,0.638955,-1,-1,-1
758,9860,463.17633,162.6771,21.734253,18.681305,0.7940453,-1,-1,-1
758,9840,570.27277,238.02641,39.951904,38.656235,0.44323328,-1,-1,-1
758,9717,632.196,143.78357,18.959717,17.174377,0.5557734,-1,-1,-1
758,9863,508.27005,134.18167,16.269318,17.734238,0.37840334,-1,-1,-1
758,9867,556.0978,287.59323,39.004517,145.06342,0.4865612,-1,-1,-1
758,9866,570.1737,214.93553,40.370483,62.25157,0.45911425,-1,-1,-1
758,9806,668.7815,160.76135,31.236328,24.630295,0.48051268,-1,-1,-1
759,9797,594.84357,163.67584,23.829407,23.771423,0.82268703,-1,-1,-1
759,9819,601.539,196.5288,32.790283,33.65143,0.8243438,-1,-1,-1
759,9843,470.75113,188.26086,27.774384,26.479568,0.8438177,-1,-1,-1
759,9855,637.9115,295.06778,60.770874,58.58603,0.73886085,-1,-1,-1
759,9838,552.4869,354.41275,36.41736,145.72076,0.6583819,-1,-1,-1
759,9860,462.4317,163.7656,22.031494,18.609268,0.7932346,-1,-1,-1
759,9840,570.0153,237.08348,39.38452,38.224197,0.43346056,-1,-1,-1
759,9717,631.8231,143.84738,19.013855,17.04802,0.5550285,-1,-1,-1
759,9863,508.14557,134.47519,16.20996,17.82283,0.3868752,-1,-1,-1
759,9867,555.93976,287.60147,38.942078,146.47366,0.5382194,-1,-1,-1
759,9866,569.6151,209.25072,40.037598,66.548904,0.5881605,-1,-1,-1
759,9806,668.6188,160.29413,31.329102,24.484283,0.35118416,-1,-1,-1
760,9797,594.75134,163.12367,23.720703,23.78273,0.82439375,-1,-1,-1
760,9819,601.22284,195.82014,32.94336,33.43898,0.8284525,-1,-1,-1
760,9843,470.18793,189.73119,27.781403,26.216843,0.83738214,-1,-1,-1
760,9855,637.8671,293.12775,58.967712,56.94763,0.7427885,-1,-1,-1
760,9838,552.619,357.00082,36.138855,142.50165,0.71281934,-1,-1,-1
760,9860,461.6109,164.60698,22.17041,18.667526,0.7663322,-1,-1,-1
760,9717,631.4309,143.46008,19.40387,17.370224,0.4950868,-1,-1,-1
760,9863,507.82245,134.88577,16.333313,18.193665,0.45977935,-1,-1,-1
760,9867,556.1933,286.77835,38.706543,149.34958,0.2948237,-1,-1,-1
760,9866,569.61255,207.48915,39.291016,66.14958,0.52184594,-1,-1,-1
760,9864,482.74484,135.28769,19.635101,19.244675,0.31534657,-1,-1,-1
761,9797,594.61505,162.70612,23.821045,23.719696,0.8214391,-1,-1,-1
761,9819,600.42633,195.11977,33.08484,33.03058,0.8217921,-1,-1,-1
761,9843,469.60098,191.07921,28.081238,26.054733,0.8295379,-1,-1,-1
761,9855,637.57025,291.27573,55.947693,54.34842,0.65243673,-1,-1,-1
761,9838,552.90063,353.81036,36.70526,144.60062,0.66829556,-1,-1,-1
761,9860,460.87302,165.36377,22.161377,18.883774,0.79666847,-1,-1,-1
761,9717,631.0454,143.24994,19.34497,17.339096,0.48234764,-1,-1,-1
761,9863,507.19684,135.31165,16.704224,18.780106,0.4579621,-1,-1,-1
761,9867,556.3084,286.73083,38.547607,146.78317,0.37396333,-1,-1,-1
761,9866,570.1488,208.63454,38.92859,63.294083,0.5248518,-1,-1,-1
761,9864,482.3392,135.96655,19.564758,19.629456,0.48838267,-1,-1,-1
761,9783,587.0771,123.86511,17.427368,20.674225,0.30499855,-1,-1,-1
762,9797,594.5212,162.19942,23.857727,23.69307,0.82065433,-1,-1,-1
762,9819,600.066,194.54941,32.712036,32.640182,0.8309594,-1,-1,-1
762,9843,469.39618,191.90723,27.562378,26.410843,0.82540864,-1,-1,-1
762,9855,637.17975,289.50287,55.106445,53.55829,0.5653967,-1,-1,-1
762,9838,552.84906,352.3574,37.172302,145.82574,0.6855866,-1,-1,-1
762,9860,460.0145,166.14339,22.439209,19.251907,0.77677345,-1,-1,-1
762,9717,631.14386,143.23097,18.862122,16.848099,0.40720496,-1,-1,-1
762,9863,506.8732,135.99773,16.987701,18.961945,0.55262744,-1,-1,-1
762,9867,556.4775,287.18335,38.60193,146.01456,0.6369254,-1,-1,-1
762,9866,569.73816,207.20386,39.264343,63.93048,0.32281134,-1,-1,-1
762,9864,482.0744,136.75812,19.46997,19.739304,0.43569797,-1,-1,-1
762,9783,587.1542,123.80383,17.09076,20.365067,0.301293,-1,-1,-1
763,9797,594.3619,161.80817,23.632263,23.413483,0.82396275,-1,-1,-1
763,9819,599.614,193.61084,32.845764,32.858246,0.8309706,-1,-1,-1
763,9843,468.17236,192.5304,28.712372,27.751846,0.8227995,-1,-1,-1
763,9855,636.78033,287.32208,55.91913,53.36902,0.60516006,-1,-1,-1
763,9838,553.04364,352.8171,37.799133,145.24637,0.70214885,-1,-1,-1
763,9860,459.13297,167.12914,22.560455,19.444412,0.7825002,-1,-1,-1
763,9717,631.19336,143.1163,18.36322,16.588852,0.27472708,-1,-1,-1
763,9863,506.88098,136.65808,16.864258,19.04808,0.6342332,-1,-1,-1
763,9867,556.5949,287.5369,38.80316,138.06226,0.50849926,-1,-1,-1
763,9866,568.7964,204.87491,39.82953,65.49072,0.3073029,-1,-1,-1
763,9864,481.53122,137.52682,19.600494,19.841644,0.63683563,-1,-1,-1
763,9783,587.1018,123.797005,17.025269,20.05384,0.250555,-1,-1,-1
763,9840,569.6766,223.38693,37.9364,46.10379,0.3845584,-1,-1,-1
764,9797,594.13934,161.37085,23.572815,23.301834,0.82843363,-1,-1,-1
764,9819,599.0151,192.8911,33.437805,33.04326,0.82870585,-1,-1,-1
764,9843,467.2723,193.4719,29.111908,28.561432,0.83238757,-1,-1,-1
764,9855,636.04144,285.65195,56.007812,52.30838,0.71039957,-1,-1,-1
764,9838,552.8999,352.8096,38.557007,145.65521,0.73184013,-1,-1,-1
764,9860,458.27002,168.02394,22.469025,19.707718,0.80971307,-1,-1,-1
764,9863,506.7853,137.34224,16.819794,19.085434,0.6528581,-1,-1,-1
764,9867,556.5967,288.18588,38.566833,136.22955,0.62737244,-1,-1,-1
764,9866,568.7021,205.41565,39.55432,62.517944,0.39819366,-1,-1,-1
764,9864,480.99045,138.51506,19.689697,19.341263,0.6707842,-1,-1,-1
764,9783,587.0025,123.87422,16.869568,19.782547,0.26545152,-1,-1,-1
764,9840,569.94696,229.47215,37.079712,37.754227,0.37337837,-1,-1,-1
765,9797,594.1447,160.86322,23.329834,23.26332,0.8305834,-1,-1,-1
765,9819,598.8289,192.39003,33.22888,31.93451,0.823019,-1,-1,-1
765,9843,466.84976,194.38997,29.171326,29.046051,0.8351177,-1,-1,-1
765,9855,635.80365,283.71912,54.84967,51.479675,0.6954663,-1,-1,-1
765,9838,553.068,357.0052,37.329956,142.82901,0.7310794,-1,-1,-1
765,9860,457.52902,168.8661,22.582184,19.928314,0.8077887,-1,-1,-1
765,9863,506.4093,137.92311,16.94049,19.25351,0.6804367,-1,-1,-1
765,9867,556.7623,288.42673,38.219177,135.84293,0.6369452,-1,-1,-1
765,9866,568.845,211.67891,39.14685,54.12874,0.39444855,-1,-1,-1
765,9864,480.36282,139.27983,19.886475,19.095215,0.63435817,-1,-1,-1
765,9840,569.9228,232.7404,36.779358,32.52858,0.39725703,-1,-1,-1
766,9797,594.12714,160.34697,23.360657,23.229996,0.8316364,-1,-1,-1
766,9819,598.2733,191.863,33.224487,31.934128,0.8049588,-1,-1,-1
766,9843,465.6545,195.5447,29.855865,29.486267,0.83936864,-1,-1,-1
766,9855,635.43713,281.80643,53.934692,50.26468,0.68786186,-1,-1,-1
766,9838,553.17633,356.57642,36.969116,144.90652,0.6145201,-1,-1,-1
766,9860,456.82828,169.7934,22.417389,20.179306,0.82460487,-1,-1,-1
766,9863,506.16504,138.49796,16.816345,19.270355,0.7236986,-1,-1,-1
766,9867,556.75256,290.16278,37.390076,137.95404,0.45853174,-1,-1,-1
766,9864,479.80524,139.97337,20.025024,19.05223,0.6173775,-1,-1,-1
766,9840,569.2504,231.21437,37.555054,32.928146,0.4929416,-1,-1,-1
766,9869,757.3813,207.10483,79.73993,28.123856,0.41861126,-1,-1,-1
767,9797,593.9643,159.93794,23.55243,23.111053,0.8189971,-1,-1,-1
767,9819,597.92017,191.3807,33.206177,31.416763,0.7859188,-1,-1,-1
767,9843,464.5566,196.22041,30.336609,30.574326,0.8379897,-1,-1,-1
767,9855,634.1057,280.41287,52.713684,48.91687,0.7953466,-1,-1,-1
767,9838,553.0327,357.78214,36.84796,144.37918,0.41530362,-1,-1,-1
767,9860,456.19144,170.51782,22.567139,20.929062,0.817406,-1,-1,-1
767,9863,506.18652,139.04604,16.72351,19.367233,0.71318865,-1,-1,-1
767,9867,556.833,290.4436,37.319824,138.52097,0.5251034,-1,-1,-1
767,9864,479.3868,140.54088,20.157715,19.251694,0.57977843,-1,-1,-1
767,9840,568.9949,231.10117,37.34253,31.82373,0.46500775,-1,-1,-1
767,9869,757.5322,207.64711,80.73102,28.331528,0.29655367,-1,-1,-1
768,9797,593.6314,159.70445,23.735535,22.835358,0.8274456,-1,-1,-1
768,9819,597.558,190.91902,33.118286,31.155731,0.8154487,-1,-1,-1
768,9843,463.75558,197.29517,30.667664,31.374619,0.845678,-1,-1,-1
768,9855,633.7679,279.0974,51.577026,48.061615,0.80746883,-1,-1,-1
768,9838,552.9946,359.06342,37.071106,143.47693,0.5099529,-1,-1,-1
768,9860,455.3029,171.15817,23.24231,21.676224,0.80687934,-1,-1,-1
768,9863,506.05557,139.45282,16.83957,19.783676,0.73057437,-1,-1,-1
768,9867,557.00336,291.13858,37.5437,139.72452,0.5641329,-1,-1,-1
768,9864,478.8936,141.08661,20.28241,19.490463,0.62645805,-1,-1,-1
768,9840,568.91864,230.91261,37.25183,30.779099,0.5501061,-1,-1,-1
768,9869,757.8823,208.02596,81.34082,28.572433,0.36226144,-1,-1,-1
769,9797,593.40216,159.35127,23.519531,22.72844,0.83079344,-1,-1,-1
769,9819,597.6683,190.4198,32.477234,30.806946,0.7870032,-1,-1,-1
769,9843,463.11176,198.9494,30.993439,31.279922,0.8378033,-1,-1,-1
769,9855,633.2627,276.42203,51.47357,47.559998,0.78128093,-1,-1,-1
769,9838,553.203,358.58978,36.78882,143.8136,0.59468573,-1,-1,-1
769,9860,454.67322,172.39255,23.518341,21.625336,0.80225915,-1,-1,-1
769,9863,505.66943,139.71545,17.266785,20.291336,0.69175935,-1,-1,-1
769,9867,557.061,291.0136,37.39319,139.1365,0.48598373,-1,-1,-1
769,9864,478.46835,141.79695,20.385681,19.575073,0.69583726,-1,-1,-1
769,9840,569.13086,229.97841,36.20569,30.269028,0.5661476,-1,-1,-1
770,9797,593.46924,158.9392,23.18341,22.64006,0.8310659,-1,-1,-1
770,9819,597.4679,189.83467,31.769714,30.821167,0.7658472,-1,-1,-1
770,9843,462.44366,200.92336,31.522888,30.827728,0.8205963,-1,-1,-1
770,9855,632.85315,273.84714,50.940308,47.42926,0.7882992,-1,-1,-1
770,9838,553.4249,358.13635,36.542236,144.0325,0.50454056,-1,-1,-1
770,9860,453.78952,173.24843,23.982208,22.067764,0.81206787,-1,-1,-1
770,9863,504.9661,140.314,17.893585,20.312897,0.72450626,-1,-1,-1
770,9867,557.15234,290.83353,37.214966,139.29745,0.6460514,-1,-1,-1
770,9864,478.15744,142.52953,20.18695,19.644424,0.6561915,-1,-1,-1
770,9840,569.3666,229.00658,35.27649,30.103073,0.64638066,-1,-1,-1
771,9797,593.57117,158.59564,23.013794,22.524612,0.82935303,-1,-1,-1
771,9819,596.9393,189.07611,31.85498,31.040665,0.73950016,-1,-1,-1
771,9843,461.45624,202.66234,32.14322,30.89244,0.8450628,-1,-1,-1
771,9855,632.97046,272.16254,49.890198,46.76053,0.775554,-1,-1,-1
771,9838,553.50037,357.0891,37.49585,145.39084,0.5206263,-1,-1,-1
771,9860,452.8862,174.34148,23.845123,22.468704,0.7921554,-1,-1,-1
771,9863,503.89886,140.70563,18.810364,20.496399,0.70025283,-1,-1,-1
771,9867,556.9998,290.09448,37.37378,132.10486,0.63224447,-1,-1,-1
771,9864,477.57007,142.9612,20.417572,20.237244,0.5701133,-1,-1,-1
771,9840,569.28894,227.59875,34.997925,30.575226,0.62759507,-1,-1,-1
772,9797,593.3396,158.26431,23.030212,22.202194,0.8306633,-1,-1,-1
772,9819,596.604,188.07088,32.002014,31.062836,0.711463,-1,-1,-1
772,9843,460.63638,203.93027,32.341797,31.239853,0.83876157,-1,-1,-1
772,9855,632.9214,270.5437,49.49536,46.687073,0.7571612,-1,-1,-1
772,9838,553.51764,358.0461,37.26526,143.07034,0.60003847,-1,-1,-1
772,9860,451.15637,176.07083,24.495056,22.063934,0.7869145,-1,-1,-1
772,9863,503.66092,141.11601,18.746735,20.764938,0.7112623,-1,-1,-1
772,9867,556.80524,290.71063,37.303406,135.46753,0.53162235,-1,-1,-1
772,9864,476.65002,143.48788,21.127289,20.598892,0.6178899,-1,-1,-1
772,9840,568.5809,225.4273,35.692505,31.68161,0.6037954,-1,-1,-1
773,9797,593.273,157.97333,22.779907,22.023895,0.8298569,-1,-1,-1
773,9819,596.6403,187.58572,31.471497,30.180069,0.7175487,-1,-1,-1
773,9843,460.10052,204.62476,31.850006,32.157898,0.8074583,-1,-1,-1
773,9855,632.1028,269.06375,48.796326,45.896942,0.7719768,-1,-1,-1
773,9838,553.5098,357.09363,37.14618,143.57074,0.4924115,-1,-1,-1
773,9860,450.1716,177.19775,24.897583,22.526215,0.7901258,-1,-1,-1
773,9863,503.5098,142.01634,18.56491,20.485687,0.68558836,-1,-1,-1
773,9867,556.7632,291.43076,37.522583,137.98987,0.63934493,-1,-1,-1
773,9864,475.8462,143.97495,21.651978,20.704102,0.6540459,-1,-1,-1
773,9840,568.77875,223.5276,35.298157,32.338303,0.65058047,-1,-1,-1
774,9797,593.2001,157.69316,22.62384,21.820694,0.83463734,-1,-1,-1
774,9819,596.7444,187.12085,31.235168,30.173325,0.73619103,-1,-1,-1
774,9843,459.36465,205.58936,31.756714,32.723267,0.8078275,-1,-1,-1
774,9855,631.141,268.0367,47.2843,45.297943,0.79058844,-1,-1,-1
774,9838,553.2839,358.42056,37.42511,142.73093,0.46957752,-1,-1,-1
774,9860,449.28726,178.30829,25.453583,22.596115,0.7879032,-1,-1,-1
774,9863,503.39783,142.87033,18.381775,20.285248,0.7409584,-1,-1,-1
774,9867,556.7803,291.8894,37.94043,139.01498,0.6019384,-1,-1,-1
774,9864,474.8268,144.63559,22.395325,20.661514,0.6314323,-1,-1,-1
774,9840,568.56415,222.31152,34.961304,31.68454,0.57261986,-1,-1,-1
774,9717,626.3371,141.76167,18.117432,15.54454,0.28381562,-1,-1,-1
775,9797,592.94165,157.26816,22.460571,21.827545,0.83697844,-1,-1,-1
775,9819,596.4429,186.71696,31.102661,29.508362,0.758953,-1,-1,-1
775,9843,458.17798,206.71141,32.169647,33.222794,0.80163294,-1,-1,-1
775,9855,630.2817,266.43317,47.39044,44.084503,0.7967637,-1,-1,-1
775,9838,552.99677,357.94843,37.88495,144.85672,0.39860648,-1,-1,-1
775,9860,448.34485,179.40631,25.852478,22.748291,0.80814,-1,-1,-1
775,9863,503.28302,143.64044,18.134888,20.165024,0.78467536,-1,-1,-1
775,9867,556.5197,292.10574,38.364624,140.93295,0.64706635,-1,-1,-1
775,9864,473.9125,145.41974,22.638184,20.601028,0.62641925,-1,-1,-1
775,9840,568.0034,221.40659,34.78595,31.101624,0.46065992,-1,-1,-1
775,9873,939.2906,494.79218,84.67999,45.207825,0.53576857,-1,-1,-1
776,9797,592.7066,156.85818,22.4068,21.980133,0.8348622,-1,-1,-1
776,9819,596.2536,186.19699,30.747498,28.9693,0.7790678,-1,-1,-1
776,9843,457.53192,208.41978,31.367249,33.386368,0.79387856,-1,-1,-1
776,9855,629.47015,264.1224,45.92639,43.71747,0.80140424,-1,-1,-1
776,9838,552.6749,361.04443,36.887268,144.80078,0.3013319,-1,-1,-1
776,9860,447.38657,180.5105,26.046814,22.947449,0.7918525,-1,-1,-1
776,9863,503.18088,144.54929,18.151764,20.029404,0.7958915,-1,-1,-1
776,9867,556.39703,292.62018,38.401306,138.52945,0.61748827,-1,-1,-1
776,9864,471.69296,146.30382,24.314178,21.01825,0.65528476,-1,-1,-1
776,9840,567.9094,220.10098,34.50995,31.564804,0.5386337,-1,-1,-1
776,9873,936.6837,490.87723,87.27301,49.122772,0.5976709,-1,-1,-1
776,9869,756.2202,213.93446,80.54724,27.270828,0.33297917,-1,-1,-1
776,9717,625.9476,142.00085,17.71289,15.308487,0.29113615,-1,-1,-1
777,9797,592.5925,156.42154,22.47345,22.0074,0.831557,-1,-1,-1
777,9819,596.0962,185.68523,30.641174,28.712234,0.77311885,-1,-1,-1
777,9843,456.67224,210.08014,32.129364,33.716873,0.80987144,-1,-1,-1
777,9855,628.91644,262.20258,45.49518,43.600464,0.7971167,-1,-1,-1
777,9860,446.7155,181.55864,25.868591,23.329224,0.7918872,-1,-1,-1
777,9863,503.05148,145.26588,18.04129,20.000656,0.8023875,-1,-1,-1
777,9867,556.0235,292.7206,38.953064,137.38336,0.3919772,-1,-1,-1
777,9864,471.12585,146.93628,24.271332,21.34053,0.7253428,-1,-1,-1
777,9840,567.9794,217.01038,34.93506,33.72397,0.45198995,-1,-1,-1
777,9869,756.2097,214.67842,81.32587,27.311691,0.43370718,-1,-1,-1
777,9783,586.2269,122.851105,16.024536,18.332779,0.26411918,-1,-1,-1
778,9797,592.4918,156.09135,22.57666,21.94168,0.8320636,-1,-1,-1
778,9819,595.89624,185.20366,30.376526,28.321732,0.7715886,-1,-1,-1
778,9843,455.92786,213.0052,32.24951,32.62729,0.7914265,-1,-1,-1
778,9855,628.37537,260.1714,45.045837,43.64557,0.79239583,-1,-1,-1
778,9860,446.0442,183.01505,25.929047,23.28711,0.80532193,-1,-1,-1
778,9863,502.87085,145.7569,17.96759,19.982742,0.8111512,-1,-1,-1
778,9867,556.07666,292.69516,38.506348,135.76053,0.47381315,-1,-1,-1
778,9864,470.88403,147.61937,24.133362,21.387482,0.77222985,-1,-1,-1
778,9840,567.5949,215.01373,35.08899,34.45311,0.46067458,-1,-1,-1
778,9783,586.1408,122.90394,15.765015,18.095787,0.2557155,-1,-1,-1
778,9838,553.2314,362.29886,36.524963,146.23398,0.40772027,-1,-1,-1
778,9873,929.5986,480.81668,94.32532,57.017426,0.34626946,-1,-1,-1
779,9797,592.50586,155.68227,22.193665,21.796066,0.83454365,-1,-1,-1
779,9819,595.7221,184.67644,30.365906,27.912445,0.7992759,-1,-1,-1
779,9843,454.7496,216.41624,32.283173,30.764389,0.81161284,-1,-1,-1
779,9855,627.8343,258.6754,44.31665,42.987213,0.763388,-1,-1,-1
779,9860,445.17035,184.57669,26.472046,23.18872,0.79671943,-1,-1,-1
779,9863,502.6968,146.36864,17.865448,20.0085,0.8087405,-1,-1,-1
779,9867,556.24445,292.43475,38.924866,133.95868,0.6082632,-1,-1,-1
779,9864,470.5288,148.17752,24.081726,21.678131,0.7996554,-1,-1,-1
779,9840,567.88934,215.07196,34.407288,32.90576,0.5805453,-1,-1,-1
779,9838,553.4899,361.73087,36.70349,147.81354,0.28184128,-1,-1,-1
779,9873,924.2957,476.923,99.25281,61.09323,0.41011634,-1,-1,-1
780,9797,592.5351,155.41086,21.760132,21.6064,0.8399387,-1,-1,-1
780,9819,595.52386,184.27808,30.687012,27.730743,0.81111854,-1,-1,-1
780,9843,454.5549,217.8604,31.618652,31.197113,0.8086702,-1,-1,-1
780,9855,627.09875,256.74033,43.846252,42.24707,0.7773944,-1,-1,-1
780,9860,444.27902,185.73274,26.863464,23.34581,0.7936336,-1,-1,-1
780,9863,502.6339,146.99835,17.77533,20.213501,0.81514424,-1,-1,-1
780,9867,556.1183,292.58533,39.414917,133.9144,0.6201976,-1,-1,-1
780,9864,469.8308,148.98761,24.154175,21.611084,0.8142968,-1,-1,-1
780,9840,568.4283,215.57622,32.658813,30.919922,0.60460365,-1,-1,-1
780,9873,919.4248,473.0451,104.315674,64.97015,0.62052524,-1,-1,-1
781,9797,592.5662,155.1682,21.57306,21.50122,0.8394531,-1,-1,-1
781,9819,595.2443,183.7651,30.394043,27.666443,0.8000412,-1,-1,-1
781,9843,453.98364,219.0901,31.36621,31.974594,0.81345266,-1,-1,-1
781,9855,625.98364,255.17711,44.077087,41.350143,0.7837962,-1,-1,-1
781,9860,443.37857,187.10121,25.98523,23.327393,0.80854523,-1,-1,-1
781,9863,502.72955,147.9383,17.325317,20.172897,0.8177411,-1,-1,-1
781,9867,556.0185,293.59116,39.974426,134.48654,0.68277043,-1,-1,-1
781,9864,469.58975,149.84564,23.632599,21.459991,0.8257193,-1,-1,-1
781,9840,567.79865,214.9818,33.496155,30.50415,0.6486231,-1,-1,-1
781,9873,915.51,469.4902,108.26196,68.320404,0.532675,-1,-1,-1
782,9797,592.47217,154.80875,21.550537,21.433792,0.83411205,-1,-1,-1
782,9819,595.0472,183.0747,29.934082,27.354218,0.7870691,-1,-1,-1
782,9843,452.25333,220.61008,32.614166,32.582825,0.8240472,-1,-1,-1
782,9855,625.46014,254.64381,44.005432,40.9149,0.76848286,-1,-1,-1
782,9860,442.2451,188.60822,25.871613,23.498184,0.80084914,-1,-1,-1
782,9863,502.40714,148.87885,17.358124,20.13353,0.80853415,-1,-1,-1
782,9867,555.9492,294.03552,40.5354,130.7139,0.6905141,-1,-1,-1
782,9864,469.36896,150.64384,23.466766,21.495453,0.8300359,-1,-1,-1
782,9840,567.2732,214.93134,32.858337,29.658432,0.6407329,-1,-1,-1
782,9873,911.60956,466.61594,112.19226,71.11807,0.2629119,-1,-1,-1
782,9874,465.12482,199.636,30.04654,22.927887,0.37912905,-1,-1,-1
783,9797,592.32074,154.47974,21.776245,21.441727,0.812202,-1,-1,-1
783,9819,595.0312,182.31609,29.50122,27.29245,0.75703424,-1,-1,-1
783,9843,452.01016,221.75488,32.835144,33.395325,0.802271,-1,-1,-1
783,9855,624.8158,253.83746,43.368896,40.253082,0.76286054,-1,-1,-1
783,9860,441.16635,189.90994,25.887726,23.434647,0.793994,-1,-1,-1
783,9863,502.07617,149.57684,17.384338,20.278488,0.8194672,-1,-1,-1
783,9867,555.97876,294.03638,40.170166,130.87839,0.7240008,-1,-1,-1
783,9864,469.32208,151.55334,23.059113,21.332047,0.82348704,-1,-1,-1
783,9840,566.93335,214.63327,32.7063,29.046738,0.6316036,-1,-1,-1
783,9873,907.75574,463.7218,116.05316,73.5,0.5336834,-1,-1,-1
784,9797,592.4096,154.05312,21.623657,21.456253,0.8222028,-1,-1,-1
784,9819,595.22156,181.58527,28.869812,27.37677,0.77513576,-1,-1,-1
784,9843,450.43713,222.92647,33.66211,34.2462,0.7908002,-1,-1,-1
784,9855,623.8185,252.6612,43.41272,39.608063,0.74454135,-1,-1,-1
784,9860,440.08774,191.10323,26.638,23.904266,0.77968735,-1,-1,-1
784,9863,501.6303,150.07103,18.00122,20.640137,0.8221269,-1,-1,-1
784,9867,555.99585,294.83963,40.28412,130.06866,0.6465958,-1,-1,-1
784,9864,469.21597,152.21051,22.951294,21.344223,0.8195303,-1,-1,-1
784,9840,566.51135,214.45122,32.72168,27.951447,0.5960346,-1,-1,-1
784,9873,904.2005,461.37332,119.634155,75.303375,0.5651265,-1,-1,-1
784,9874,466.42667,202.43236,28.447296,18.838882,0.360809,-1,-1,-1
785,9797,592.51337,153.57547,21.54895,21.606018,0.8291342,-1,-1,-1
785,9819,595.2349,180.85463,28.06311,27.39772,0.77991563,-1,-1,-1
785,9843,448.9917,224.77164,33.651276,34.774597,0.78587496,-1,-1,-1
785,9855,623.48315,251.12523,43.90808,39.179764,0.75364053,-1,-1,-1
785,9860,439.1556,192.18857,26.377106,24.104599,0.8037594,-1,-1,-1
785,9863,501.3451,150.77812,18.038025,20.567963,0.8183075,-1,-1,-1
785,9867,556.1042,296.59872,39.78949,128.65997,0.6975876,-1,-1,-1
785,9864,468.9378,152.58054,23.183563,21.78923,0.80610096,-1,-1,-1
785,9840,566.4501,214.08118,32.371765,27.07405,0.6093144,-1,-1,-1
785,9873,899.91046,456.9529,123.90704,79.97916,0.5604742,-1,-1,-1
785,9875,519.1332,209.494,26.719666,17.11818,0.39809403,-1,-1,-1
785,9874,466.34332,205.12308,28.364868,19.682388,0.5833536,-1,-1,-1
786,9797,592.6866,153.10217,21.507996,21.791916,0.8247798,-1,-1,-1
786,9819,595.1462,180.32404,27.76593,27.374466,0.7254564,-1,-1,-1
786,9843,447.86505,226.5417,34.45981,35.159866,0.79441035,-1,-1,-1
786,9855,623.3969,249.67877,43.14386,39.610138,0.7492956,-1,-1,-1
786,9860,437.82764,193.09991,27.253723,25.050095,0.7884932,-1,-1,-1
786,9863,500.93692,151.27654,18.25821,20.725708,0.8035151,-1,-1,-1
786,9867,556.0334,295.653,40.180054,133.48764,0.6651133,-1,-1,-1
786,9864,468.57303,153.11794,23.216888,22.444733,0.7914394,-1,-1,-1
786,9840,566.429,213.76974,32.20514,26.443863,0.7143041,-1,-1,-1
786,9873,896.42236,452.74664,127.39838,84.17529,0.72403985,-1,-1,-1
786,9875,519.09015,209.71123,26.534668,17.763794,0.25695014,-1,-1,-1
786,9874,467.06604,206.57893,27.504639,19.695908,0.5471571,-1,-1,-1
786,9717,623.62775,140.93399,16.57312,14.863571,0.25531673,-1,-1,-1
786,9869,757.64154,220.18538,75.559265,27.326187,0.3152849,-1,-1,-1
787,9797,592.5756,152.65741,21.583008,21.770035,0.82752323,-1,-1,-1
787,9819,594.99536,179.86137,27.33435,27.242447,0.5522775,-1,-1,-1
787,9843,446.5593,228.46194,35.111267,35.43875,0.80038685,-1,-1,-1
787,9855,623.1878,248.4549,42.4693,38.8555,0.7312831,-1,-1,-1
787,9860,436.47763,195.5447,27.866943,24.007248,0.800914,-1,-1,-1
787,9863,500.51273,151.86159,18.68277,20.858078,0.8169846,-1,-1,-1
787,9867,556.15393,297.21362,40.009766,132.64722,0.67865133,-1,-1,-1
787,9864,468.46982,153.75749,22.46701,22.306702,0.7943636,-1,-1,-1
787,9840,566.4067,212.9883,31.930054,26.08017,0.7134199,-1,-1,-1
787,9873,895.85547,449.67477,128.03156,87.12723,0.60571754,-1,-1,-1
787,9869,757.8826,220.36858,75.09607,27.693756,0.4555083,-1,-1,-1
788,9797,592.6075,152.34967,21.369995,21.521225,0.8313631,-1,-1,-1
788,9819,594.5595,179.39249,27.22528,27.387558,0.6631885,-1,-1,-1
788,9843,445.30206,229.5377,35.77771,36.756607,0.7700182,-1,-1,-1
788,9855,622.50824,246.97874,41.695923,37.882584,0.7029769,-1,-1,-1
788,9860,435.2629,197.38397,28.120453,23.702011,0.8034161,-1,-1,-1
788,9863,500.16693,152.35599,18.996643,21.283875,0.8249268,-1,-1,-1
788,9867,556.1505,297.61694,40.1615,133.84201,0.66226256,-1,-1,-1
788,9864,468.0997,154.50836,22.569244,21.962189,0.79269046,-1,-1,-1
788,9840,566.49316,212.52226,31.990845,25.744095,0.75354815,-1,-1,-1
788,9873,891.2186,445.59802,132.66235,90.92694,0.4667199,-1,-1,-1
788,9869,757.9041,220.89603,75.51495,27.695435,0.46948108,-1,-1,-1
788,9717,622.9237,139.84273,16.733398,15.595963,0.32019407,-1,-1,-1
789,9797,592.5467,151.9634,21.140747,21.220444,0.8394835,-1,-1,-1
789,9819,593.89734,178.97697,27.409973,27.358307,0.5690441,-1,-1,-1
789,9843,444.67917,231.26494,36.00714,37.045975,0.75693893,-1,-1,-1
789,9855,621.71216,244.81886,41.436035,37.80092,0.7513578,-1,-1,-1
789,9860,434.24274,198.77495,28.177063,23.883865,0.8206599,-1,-1,-1
789,9863,500.0348,152.96794,18.793457,21.662903,0.8248314,-1,-1,-1
789,9867,556.1923,297.42596,39.881287,134.26758,0.6859219,-1,-1,-1
789,9864,467.6078,155.4117,22.442017,20.61995,0.78738266,-1,-1,-1
789,9840,566.7507,212.10863,30.784302,25.252625,0.7261512,-1,-1,-1
789,9873,889.7864,443.1589,134.11053,94.30307,0.68632406,-1,-1,-1
789,9869,758.227,221.41222,75.28143,27.592102,0.34071115,-1,-1,-1
789,9717,623.115,139.1786,16.377869,15.813507,0.4318266,-1,-1,-1
790,9797,592.4357,151.77913,21.082214,20.950714,0.8403396,-1,-1,-1
790,9819,593.48334,178.25256,27.378906,27.572388,0.70539737,-1,-1,-1
790,9843,443.94824,233.46445,36.05179,37.34671,0.75977236,-1,-1,-1
790,9855,621.0669,243.1815,41.080627,37.302994,0.75726044,-1,-1,-1
790,9860,433.46637,199.74832,28.182983,24.750244,0.7921978,-1,-1,-1
790,9863,499.54697,153.68779,18.919891,21.776047,0.8103497,-1,-1,-1
790,9867,556.3468,297.8031,39.572815,132.34833,0.60540473,-1,-1,-1
790,9864,466.78723,156.22678,22.802399,21.699448,0.7693586,-1,-1,-1
790,9840,566.92053,211.39568,30.171509,24.995804,0.7317073,-1,-1,-1
790,9873,886.35236,438.21896,137.55444,100.23648,0.52192533,-1,-1,-1
790,9717,623.18524,138.9007,16.038147,15.768082,0.48626116,-1,-1,-1
791,9797,592.3744,151.57454,21.084717,20.85196,0.847996,-1,-1,-1
791,9819,593.2929,177.73212,27.306824,27.424103,0.74003327,-1,-1,-1
791,9843,443.03107,235.4257,35.783813,38.005325,0.6933379,-1,-1,-1
791,9855,620.8882,241.84187,40.014282,37.42546,0.72678804,-1,-1,-1
791,9860,431.78348,200.79594,28.688599,25.777939,0.78595936,-1,-1,-1
791,9863,498.9895,154.37611,19.497986,21.89566,0.8100762,-1,-1,-1
791,9867,556.28766,297.26236,39.60681,133.0206,0.61047864,-1,-1,-1
791,9864,466.4223,157.35538,22.317902,21.836884,0.7656398,-1,-1,-1
791,9840,567.17035,210.01526,30.010986,25.493256,0.65780705,-1,-1,-1
791,9873,883.36786,434.51022,140.5622,103.975006,0.65168285,-1,-1,-1
791,9717,622.74524,138.4769,16.094849,16.020782,0.40031558,-1,-1,-1
792,9797,592.37384,151.39748,21.091553,20.68335,0.8520067,-1,-1,-1
792,9819,593.08813,177.29337,27.356628,27.210052,0.77814233,-1,-1,-1
792,9843,442.08432,237.31784,35.79904,38.378784,0.78204006,-1,-1,-1
792,9855,620.7552,241.08316,38.89496,36.362854,0.6248159,-1,-1,-1
792,9860,430.45673,201.69948,29.084137,26.754883,0.78887975,-1,-1,-1
792,9863,498.28052,154.92995,20.31134,22.053757,0.82284707,-1,-1,-1
792,9867,556.29803,296.73074,39.469482,134.39053,0.6116982,-1,-1,-1
792,9864,465.65472,158.37825,22.41034,22.15799,0.76776403,-1,-1,-1
792,9840,568.169,208.70818,29.055847,25.780045,0.5835367,-1,-1,-1
792,9873,881.99506,432.5825,141.94373,104.30057,0.75206786,-1,-1,-1
792,9717,622.41364,137.83588,16.463684,16.472168,0.3284908,-1,-1,-1
793,9797,592.27875,151.10982,21.052734,20.505096,0.85190177,-1,-1,-1
793,9819,592.9078,177.05475,27.30133,26.806412,0.64770484,-1,-1,-1
793,9843,441.02948,239.62363,35.935333,38.329834,0.74306005,-1,-1,-1
793,9855,620.87054,239.16624,38.108826,36.323135,0.3671413,-1,-1,-1
793,9860,428.59335,202.48001,30.010895,27.29393,0.8094428,-1,-1,-1
793,9863,497.72815,155.29959,20.645203,22.310867,0.8181936,-1,-1,-1
793,9867,556.1838,297.0685,39.70819,132.14017,0.7108732,-1,-1,-1
793,9864,464.60916,159.13084,22.728394,22.895615,0.79002184,-1,-1,-1
793,9840,568.00995,207.68948,29.135925,25.95108,0.61278063,-1,-1,-1
793,9873,878.67303,426.57535,145.2649,109.61807,0.834273,-1,-1,-1
793,9717,621.6807,137.00336,16.87445,16.88237,0.2672903,-1,-1,-1
794,9797,592.2417,150.68019,21.12677,20.416885,0.8291816,-1,-1,-1
794,9819,592.6385,176.78886,27.275757,26.466293,0.6096599,-1,-1,-1
794,9843,439.8309,241.41544,36.535095,39.089935,0.6234971,-1,-1,-1
794,9855,619.04785,237.93958,38.959106,35.843384,0.29181904,-1,-1,-1
794,9860,427.49182,203.85474,30.229706,27.378357,0.8126309,-1,-1,-1
794,9863,497.31256,155.85754,20.591858,22.581589,0.82334036,-1,-1,-1
794,9867,556.1039,297.379,39.900208,130.55383,0.6416671,-1,-1,-1
794,9864,463.76312,160.01335,22.788788,23.155258,0.7837393,-1,-1,-1
794,9840,567.66425,206.87643,29.672424,26.12761,0.65274525,-1,-1,-1
794,9873,874.894,422.67017,149.0155,113.64703,0.80238926,-1,-1,-1
795,9797,592.3336,150.21089,20.912476,20.196198,0.8126229,-1,-1,-1
795,9819,592.40594,175.99599,27.159485,26.557205,0.53061026,-1,-1,-1
795,9843,438.0794,242.03317,37.175232,41.54077,0.7594817,-1,-1,-1
795,9855,618.5961,236.54825,38.556946,35.631165,0.39625603,-1,-1,-1
795,9860,426.10278,204.97127,30.789581,27.898422,0.83829534,-1,-1,-1
795,9863,497.14548,156.7891,20.50595,22.541443,0.81213194,-1,-1,-1
795,9867,556.07135,297.5987,39.95166,131.49185,0.6017988,-1,-1,-1
795,9864,462.7495,161.03883,22.786438,23.232803,0.73920816,-1,-1,-1
795,9840,567.66046,205.83113,29.337769,26.681473,0.51159173,-1,-1,-1
795,9873,871.8089,419.61044,152.09479,116.80423,0.8091804,-1,-1,-1
796,9797,592.2728,149.85904,20.77008,20.00264,0.8064802,-1,-1,-1
796,9819,592.05676,175.17677,26.856262,26.37059,0.38984796,-1,-1,-1
796,9843,436.49557,243.76384,38.36429,42.66176,0.70131487,-1,-1,-1
796,9855,618.29956,235.86612,38.320496,34.78235,0.6360543,-1,-1,-1
796,9860,425.4639,207.05704,30.250397,27.8479,0.79840803,-1,-1,-1
796,9863,496.87213,157.8315,20.110779,22.363083,0.81238204,-1,-1,-1
796,9867,555.89166,296.87512,40.185608,136.15756,0.5250896,-1,-1,-1
796,9864,461.8149,161.7353,23.248352,23.384155,0.7464882,-1,-1,-1
796,9840,567.0876,204.96053,30.157654,25.904541,0.5200853,-1,-1,-1
796,9873,869.3058,417.49756,146.70209,114.62964,0.7742245,-1,-1,-1
797,9797,592.0678,149.39291,21.123657,19.807037,0.7337448,-1,-1,-1
797,9819,591.7441,174.53735,26.753845,25.954254,0.43490997,-1,-1,-1
797,9843,435.5849,246.27957,38.598236,42.613617,0.71036804,-1,-1,-1
797,9855,617.702,234.88696,38.163696,33.420074,0.4513325,-1,-1,-1
797,9860,423.61758,209.26727,30.875824,27.552658,0.81178993,-1,-1,-1
797,9863,496.7062,158.71024,19.742645,22.466187,0.8059062,-1,-1,-1
797,9867,555.9042,297.14923,40.13806,135.15894,0.47046578,-1,-1,-1
797,9864,461.21988,162.315,23.742615,23.34993,0.7179378,-1,-1,-1
797,9840,567.1411,204.08507,29.866089,25.014816,0.57661366,-1,-1,-1
797,9873,865.8037,411.00348,151.09906,118.180664,0.7390027,-1,-1,-1
798,9797,591.98456,148.97882,21.13031,19.732971,0.79223514,-1,-1,-1
798,9819,591.686,174.0613,26.398743,25.701813,0.41719043,-1,-1,-1
798,9843,433.61465,247.32762,39.36618,44.086807,0.77570206,-1,-1,-1
798,9855,617.0917,233.0911,38.176758,33.591705,0.6865505,-1,-1,-1
798,9860,422.19162,210.82452,31.140717,27.919312,0.8104121,-1,-1,-1
798,9863,496.7203,159.14058,19.482758,22.863281,0.7987935,-1,-1,-1
798,9867,555.91736,297.35526,40.15851,135.98343,0.5036618,-1,-1,-1
798,9864,460.6533,163.58078,24.044952,23.129227,0.75197875,-1,-1,-1
798,9840,568.25525,203.31131,28.735535,23.988113,0.5546587,-1,-1,-1
798,9873,861.37006,408.24887,150.76355,116.642975,0.78814626,-1,-1,-1
798,9783,586.1943,120.213554,14.793823,17.394447,0.36356565,-1,-1,-1
798,9869,757.4171,225.09564,76.039185,26.712433,0.38169467,-1,-1,-1
799,9797,592.00916,148.53294,21.034973,19.666962,0.80374247,-1,-1,-1
799,9819,591.7171,173.51357,26.214722,24.95636,0.33080128,-1,-1,-1
799,9843,432.36267,249.70448,40.21982,44.008896,0.70445645,-1,-1,-1
799,9855,616.86505,231.46709,38.19568,33.638138,0.69632524,-1,-1,-1
799,9860,420.23126,211.8481,32.678345,29.130997,0.7991412,-1,-1,-1
799,9863,496.3309,160.44475,19.451569,22.439255,0.80299795,-1,-1,-1
799,9867,556.049,297.30542,39.964478,137.78607,0.61412936,-1,-1,-1
799,9864,459.69067,164.10672,24.600067,23.62706,0.7981592,-1,-1,-1
799,9840,567.383,202.42596,29.839722,24.05478,0.67119956,-1,-1,-1
799,9873,859.3256,406.41956,151.89026,113.1297,0.8058077,-1,-1,-1
799,9783,586.0961,119.99172,14.785034,17.399666,0.32310766,-1,-1,-1
799,9869,757.4344,225.438,75.88196,26.468842,0.3235815,-1,-1,-1
800,9797,592.05316,148.13426,21.010193,19.670197,0.8158365,-1,-1,-1
800,9843,430.39566,252.5372,40.638702,43.951904,0.764175,-1,-1,-1
800,9855,616.7407,230.18507,38.08618,33.615005,0.70571077,-1,-1,-1
800,9860,418.56152,213.16624,33.94809,29.918808,0.7820558,-1,-1,-1
800,9863,495.895,161.65863,19.09024,22.024399,0.8357395,-1,-1,-1
800,9867,556.0389,297.5806,40.04236,138.9111,0.6255849,-1,-1,-1
800,9864,458.88483,164.77788,25.077942,23.95282,0.8243346,-1,-1,-1
800,9840,567.415,201.71336,29.4917,23.801987,0.56891876,-1,-1,-1
800,9873,856.9211,399.8874,151.5899,115.00427,0.81550825,-1,-1,-1
800,9783,585.9796,119.91198,14.871338,17.375328,0.34284148,-1,-1,-1
801,9797,591.7543,147.55249,20.77472,19.704437,0.8321154,-1,-1,-1
801,9843,429.5063,254.12842,39.827606,44.809753,0.7902424,-1,-1,-1
801,9855,615.915,229.14531,38.167175,32.7733,0.6937482,-1,-1,-1
801,9860,417.0645,214.0497,35.252502,30.988556,0.7393114,-1,-1,-1
801,9863,495.35388,162.45517,19.086426,21.874054,0.8393493,-1,-1,-1
801,9867,556.0221,297.81308,39.96936,138.30783,0.651351,-1,-1,-1
801,9864,457.9485,165.3377,25.016449,24.296906,0.8226663,-1,-1,-1
801,9840,566.79193,200.91655,30.056213,23.804428,0.6437642,-1,-1,-1
801,9873,854.76807,396.65128,151.62854,114.01459,0.8371075,-1,-1,-1
801,9783,585.8305,119.734535,14.791443,17.35122,0.32660925,-1,-1,-1
801,9819,591.4728,172.08067,25.692505,24.958359,0.5775524,-1,-1,-1
801,9869,756.7801,225.95743,77.21179,26.437042,0.35430172,-1,-1,-1
802,9797,591.6882,147.19223,20.644653,19.590683,0.8419284,-1,-1,-1
802,9843,427.6984,256.65588,41.164246,44.90387,0.7285937,-1,-1,-1
802,9855,615.0527,228.3429,38.41748,31.854736,0.5959239,-1,-1,-1
802,9860,415.67935,215.77663,35.026886,31.47734,0.7121008,-1,-1,-1
802,9863,494.87424,163.3081,19.253265,21.694077,0.83054423,-1,-1,-1
802,9867,556.0519,298.30325,40.114563,137.93289,0.65075296,-1,-1,-1
802,9864,457.03238,165.90157,25.24591,24.304825,0.79701346,-1,-1,-1
802,9840,566.76685,199.72096,29.240112,24.410187,0.5959099,-1,-1,-1
802,9873,852.62115,395.6029,150.44666,110.806274,0.8212897,-1,-1,-1
802,9783,585.82245,119.68181,14.755798,17.247894,0.40362588,-1,-1,-1
802,9879,647.6385,141.9499,26.711853,18.876907,0.40371194,-1,-1,-1
802,9881,494.71866,117.92836,16.059784,15.159821,0.34495097,-1,-1,-1
802,9819,591.372,171.8465,25.082764,24.475815,0.58516157,-1,-1,-1
802,9869,756.5083,225.93254,77.66107,26.503555,0.3177423,-1,-1,-1
803,9797,591.5627,146.87651,20.570251,19.392288,0.84616953,-1,-1,-1
803,9843,426.09116,259.70154,42.824677,44.548065,0.80795443,-1,-1,-1
803,9855,614.3665,226.84254,37.96106,31.64595,0.39798343,-1,-1,-1
803,9860,414.40887,217.14519,34.91864,32.25853,0.7918868,-1,-1,-1
803,9863,494.44254,163.98447,19.228241,21.563614,0.83182853,-1,-1,-1
803,9867,556.1009,298.33688,40.146057,137.83127,0.61680466,-1,-1,-1
803,9864,456.1681,166.63472,25.280151,24.60913,0.78383744,-1,-1,-1
803,9840,566.92993,198.87437,28.694336,24.31549,0.666999,-1,-1,-1
803,9873,851.77167,393.56662,144.90253,109.749115,0.8097392,-1,-1,-1
803,9783,585.7185,119.65512,14.607849,16.799454,0.52306277,-1,-1,-1
803,9879,647.4408,141.71826,26.70459,18.695236,0.37311932,-1,-1,-1
803,9881,494.65393,118.06968,16.10553,15.1360855,0.3802451,-1,-1,-1
803,9819,591.4796,171.53287,24.68335,24.055176,0.5335726,-1,-1,-1
804,9797,591.4132,146.7479,20.60791,19.008545,0.84716564,-1,-1,-1
804,9843,424.80307,261.77628,43.884674,45.313507,0.79059756,-1,-1,-1
804,9855,614.22406,225.01291,36.65454,32.05017,0.50910527,-1,-1,-1
804,9860,413.69052,219.01628,34.545197,32.34085,0.750471,-1,-1,-1
804,9863,493.86316,164.55258,19.596985,21.970856,0.8265607,-1,-1,-1
804,9867,556.1824,298.29886,40.110535,138.6626,0.6459749,-1,-1,-1
804,9864,455.49042,167.29268,25.110626,24.782959,0.73017657,-1,-1,-1
804,9840,567.0925,198.65262,26.875977,23.6035,0.5200275,-1,-1,-1
804,9873,850.0194,392.67993,143.24939,105.49936,0.7936214,-1,-1,-1
804,9783,585.4827,119.38529,14.590637,16.657677,0.5548163,-1,-1,-1
804,9879,647.55804,141.27069,26.173096,18.412521,0.43917483,-1,-1,-1
804,9881,494.6049,118.21758,16.169464,15.043846,0.3772794,-1,-1,-1
804,9869,755.4794,226.18431,78.99829,26.400772,0.29699653,-1,-1,-1
805,9797,591.2663,146.26817,20.773926,19.117432,0.8244152,-1,-1,-1
805,9843,422.64136,263.41394,46.4245,47.05609,0.77977943,-1,-1,-1
805,9855,614.0128,223.6832,35.750916,31.791977,0.45019814,-1,-1,-1
805,9860,411.74072,220.61641,35.39853,33.23062,0.6934168,-1,-1,-1
805,9863,493.27594,164.97,19.7417,22.786148,0.8252511,-1,-1,-1
805,9867,556.22797,298.52032,40.012024,136.48001,0.6715082,-1,-1,-1
805,9864,454.90436,167.54366,24.13324,23.578949,0.6831683,-1,-1,-1
805,9840,566.331,197.866,27.638367,23.72052,0.4266547,-1,-1,-1
805,9873,847.39935,390.9029,134.57361,102.716034,0.80734587,-1,-1,-1
805,9783,585.39624,119.3129,14.439575,16.520477,0.47451586,-1,-1,-1
805,9879,646.77246,140.9636,26.636658,18.24649,0.330781,-1,-1,-1
805,9881,494.4421,118.280075,16.342224,14.986389,0.34319708,-1,-1,-1
806,9797,591.23047,145.6408,20.707886,19.424576,0.6919911,-1,-1,-1
806,9843,420.17807,265.93802,48.435394,47.87323,0.81040126,-1,-1,-1
806,9855,614.2436,222.29561,35.003296,32.323746,0.57811743,-1,-1,-1
806,9860,409.66614,222.31961,37.855804,33.51602,0.7612502,-1,-1,-1
806,9863,492.49475,165.30553,20.272705,23.72168,0.8310507,-1,-1,-1
806,9867,556.2747,298.60156,39.971497,135.72116,0.6519008,-1,-1,-1
806,9864,454.209,168.2656,25.077057,24.918167,0.7209789,-1,-1,-1
806,9840,566.09216,196.25394,27.947693,24.494202,0.30157983,-1,-1,-1
806,9873,844.07904,387.92978,129.96869,102.13077,0.80898756,-1,-1,-1
806,9783,585.4621,119.21601,14.278992,16.382698,0.3580609,-1,-1,-1
806,9881,494.2413,118.517845,16.628815,14.831764,0.25424978,-1,-1,-1
807,9797,591.1935,145.09146,20.516357,19.52855,0.6931743,-1,-1,-1
807,9843,418.1324,267.60443,50.05197,49.400146,0.8025277,-1,-1,-1
807,9855,613.74146,221.54489,34.97101,32.04625,0.47233504,-1,-1,-1
807,9860,408.47726,224.07503,37.635773,33.81041,0.77812505,-1,-1,-1
807,9863,491.83847,165.70525,20.69925,24.342117,0.84160066,-1,-1,-1
807,9867,556.1414,298.6539,40.137207,136.01129,0.60824484,-1,-1,-1
807,9864,453.59482,169.27354,25.63443,26.178146,0.8059771,-1,-1,-1
807,9873,841.5436,387.59677,126.05353,97.06134,0.8301627,-1,-1,-1
808,9797,590.76996,144.5585,20.523193,19.632355,0.6844028,-1,-1,-1
808,9843,416.31116,268.84525,50.410126,51.00009,0.8106494,-1,-1,-1
808,9855,613.3004,220.17717,35.187073,32.707245,0.71456873,-1,-1,-1
808,9860,406.2106,225.45874,37.391907,34.67163,0.764208,-1,-1,-1
808,9863,491.0414,166.2662,21.128937,24.621902,0.84153783,-1,-1,-1
808,9867,556.2225,298.70837,40.008667,136.30261,0.71064967,-1,-1,-1
808,9864,452.52728,170.63275,25.946838,26.312775,0.81813467,-1,-1,-1
808,9873,839.99316,385.85068,121.675354,94.779205,0.81989676,-1,-1,-1
808,9840,565.2539,194.5856,29.166199,25.798325,0.32749015,-1,-1,-1
809,9797,590.53174,144.17017,20.278687,19.50586,0.6285855,-1,-1,-1
809,9843,415.15588,271.07208,49.47467,52.404816,0.7949497,-1,-1,-1
809,9855,612.7857,219.24959,35.063416,32.19026,0.6544118,-1,-1,-1
809,9860,404.3983,226.77376,36.99362,35.26158,0.7600756,-1,-1,-1
809,9863,490.44824,166.78477,21.40149,24.463638,0.8301944,-1,-1,-1
809,9867,556.49945,297.9387,39.28766,135.08752,0.7737331,-1,-1,-1
809,9864,451.45956,171.79247,26.66446,26.31343,0.8059823,-1,-1,-1
809,9873,836.8152,380.0335,115.816284,97.05347,0.8059029,-1,-1,-1
809,9783,585.0103,118.50066,14.090027,16.30384,0.29628775,-1,-1,-1
810,9797,590.6605,144.00853,19.811096,18.827194,0.58355105,-1,-1,-1
810,9843,413.75543,272.8111,48.30844,53.88098,0.8135757,-1,-1,-1
810,9855,611.6082,218.07944,35.498535,31.337936,0.7047316,-1,-1,-1
810,9860,401.8367,229.04222,38.339172,35.60515,0.8027524,-1,-1,-1
810,9863,490.13907,167.52252,21.49173,24.648163,0.8336846,-1,-1,-1
810,9867,556.4363,297.05457,39.000244,134.8974,0.74249756,-1,-1,-1
810,9864,450.2897,172.54149,27.363739,26.683884,0.811426,-1,-1,-1
810,9873,834.5124,375.81116,114.46008,98.260956,0.82174724,-1,-1,-1
810,9783,584.92804,118.48995,13.752502,16.083534,0.3416133,-1,-1,-1
810,9840,568.38416,192.97128,25.818604,23.922577,0.42246598,-1,-1,-1
811,9797,590.6425,143.68765,19.56836,18.251022,0.6716733,-1,-1,-1
811,9843,412.1333,273.8806,47.389282,56.53775,0.8185482,-1,-1,-1
811,9855,611.88293,217.21043,33.97632,30.324997,0.48264793,-1,-1,-1
811,9860,399.89423,231.01266,38.61566,35.62549,0.8209185,-1,-1,-1
811,9863,489.92142,168.27959,21.502167,25.033691,0.8330534,-1,-1,-1
811,9867,556.54767,296.75702,38.479187,136.80807,0.699418,-1,-1,-1
811,9864,449.47342,173.29932,27.427216,27.065918,0.80885386,-1,-1,-1
811,9873,832.4918,373.0358,116.22278,98.52228,0.8253787,-1,-1,-1
811,9783,584.77954,118.621735,13.53949,15.680115,0.42468086,-1,-1,-1
811,9840,568.7209,192.55916,24.688904,22.934814,0.40891784,-1,-1,-1
811,9879,643.7124,138.8372,26.01416,17.290024,0.40293655,-1,-1,-1
812,9797,590.4928,143.23837,19.582397,18.194382,0.7484232,-1,-1,-1
812,9843,410.87085,274.9816,46.668915,58.545593,0.8081904,-1,-1,-1
812,9855,611.57684,216.21136,33.047913,29.356247,0.44482002,-1,-1,-1
812,9860,398.3009,233.36555,38.688843,34.929153,0.8376171,-1,-1,-1
812,9863,489.89212,169.37785,21.258514,25.068893,0.83386934,-1,-1,-1
812,9867,556.5233,297.0865,38.315125,135.06802,0.7145829,-1,-1,-1
812,9864,448.66522,174.36078,27.332733,27.145325,0.8050396,-1,-1,-1
812,9873,830.0941,370.93777,117.66913,96.47107,0.8278339,-1,-1,-1
812,9783,584.76556,118.75776,13.491882,15.395393,0.37706006,-1,-1,-1
812,9879,643.16486,138.71672,26.502075,17.167282,0.45788774,-1,-1,-1
812,9819,590.0326,165.5651,23.624023,23.490738,0.27681863,-1,-1,-1
813,9797,590.1357,142.92905,18.465271,17.870712,0.7742788,-1,-1,-1
813,9843,408.26636,278.8333,47.580383,58.18451,0.7709815,-1,-1,-1
813,9855,610.93054,215.69211,33.74713,29.121826,0.5746265,-1,-1,-1
813,9860,397.0501,235.52426,38.772247,34.746033,0.8229313,-1,-1,-1
813,9863,489.53043,170.15393,21.171326,25.402054,0.8417172,-1,-1,-1
813,9867,556.5118,296.14822,38.54071,134.62152,0.72716343,-1,-1,-1
813,9864,447.9219,175.00104,27.252594,27.748718,0.8106145,-1,-1,-1
813,9873,828.24365,369.42624,115.5683,94.506744,0.80919546,-1,-1,-1
813,9783,584.5617,118.69868,13.460876,15.284111,0.40448663,-1,-1,-1
813,9879,642.5195,138.35509,27.053833,17.201187,0.26131877,-1,-1,-1
813,9884,463.812,206.58206,30.974854,24.726486,0.39022508,-1,-1,-1
813,9819,589.5641,165.23965,23.862732,22.892761,0.27112785,-1,-1,-1
813,9869,753.97577,225.07726,80.98309,28.1091,0.33055994,-1,-1,-1
813,9840,567.77515,191.39285,25.821411,23.380936,0.38821095,-1,-1,-1
814,9797,590.01697,142.55925,17.882751,17.82257,0.7805588,-1,-1,-1
814,9843,405.68622,283.06223,49.338562,57.88315,0.7698217,-1,-1,-1
814,9855,611.06555,214.54367,32.737488,28.46817,0.6547052,-1,-1,-1
814,9860,394.25372,238.19145,40.535553,34.996445,0.8196895,-1,-1,-1
814,9863,489.20016,171.37459,21.293304,25.047379,0.8438157,-1,-1,-1
814,9867,556.41626,296.24573,38.81494,133.48322,0.7088506,-1,-1,-1
814,9864,447.25943,176.10254,27.16034,27.992722,0.8295584,-1,-1,-1
814,9873,825.95337,367.11612,115.18341,92.923706,0.81806654,-1,-1,-1
814,9783,584.56445,118.927025,13.28186,14.891869,0.3539839,-1,-1,-1
814,9879,642.22125,138.09035,26.497742,17.124435,0.30324897,-1,-1,-1
814,9884,463.40335,207.5677,31.539642,23.523285,0.46721104,-1,-1,-1
814,9819,589.4222,164.96136,23.895325,22.653885,0.5025891,-1,-1,-1
814,9869,754.25854,224.91219,80.464294,28.226532,0.25935492,-1,-1,-1
814,9840,567.92084,190.59106,26.005066,22.931229,0.55080277,-1,-1,-1
815,9797,589.7227,142.1353,17.792908,17.860947,0.8024307,-1,-1,-1
815,9843,403.22195,285.26562,50.737732,59.37921,0.5582879,-1,-1,-1
815,9855,611.0558,212.7942,32.435547,28.990784,0.69800067,-1,-1,-1
815,9860,391.7882,240.76886,41.364716,35.250427,0.8009692,-1,-1,-1
815,9863,488.65292,172.3787,21.593994,24.796844,0.84346825,-1,-1,-1
815,9867,556.29456,296.37314,38.646606,134.14291,0.69030005,-1,-1,-1
815,9864,446.48276,177.4124,27.275726,27.784317,0.83058167,-1,-1,-1
815,9873,824.4434,363.83585,113.59833,93.87152,0.8318683,-1,-1,-1
815,9783,584.4254,118.760864,13.102539,14.6432495,0.3605695,-1,-1,-1
815,9879,642.2766,138.00201,24.932922,16.403336,0.2815983,-1,-1,-1
815,9884,463.1825,207.83412,31.347046,22.975464,0.34610602,-1,-1,-1
815,9819,588.89716,164.58525,24.006348,22.28926,0.2739927,-1,-1,-1
815,9840,567.5543,189.87006,25.866272,22.678375,0.3555461,-1,-1,-1
815,9888,615.4615,134.0822,14.60144,13.462524,0.3450044,-1,-1,-1
815,9889,516.2017,128.96703,14.279602,13.815964,0.36849445,-1,-1,-1
816,9797,589.47095,141.86346,17.7276,17.799881,0.80616045,-1,-1,-1
816,9843,400.36606,290.51968,52.008514,58.059937,0.3529639,-1,-1,-1
816,9855,610.5694,211.85501,32.33142,28.62265,0.5523831,-1,-1,-1
816,9860,390.43912,242.95189,41.633453,36.154068,0.7841151,-1,-1,-1
816,9863,487.87418,173.03896,21.68097,25.11087,0.8432445,-1,-1,-1
816,9867,556.2455,296.19745,38.17914,133.64893,0.6720715,-1,-1,-1
816,9864,445.58557,178.23656,27.29123,27.794846,0.8212658,-1,-1,-1
816,9873,823.0881,362.44156,112.734314,91.19882,0.83533126,-1,-1,-1
816,9783,584.2557,118.52639,13.184631,14.561317,0.4154062,-1,-1,-1
816,9879,642.32697,137.84692,24.089172,15.66658,0.28677726,-1,-1,-1
816,9884,463.02115,208.52592,30.581146,21.881607,0.3460753,-1,-1,-1
816,9888,615.23615,133.87202,14.4435425,13.4665985,0.4140413,-1,-1,-1
816,9889,516.0273,129.23358,14.246826,13.782471,0.35559994,-1,-1,-1
816,9891,553.3104,368.12076,35.62036,145.94846,0.3316554,-1,-1,-1
816,9869,754.1804,224.91515,81.19684,28.694168,0.37117222,-1,-1,-1
817,9797,589.3916,141.62106,17.738403,17.735382,0.7909583,-1,-1,-1
817,9843,398.27075,293.92096,51.653168,57.98053,0.5306206,-1,-1,-1
817,9855,610.03644,210.89137,32.668213,28.510727,0.5845878,-1,-1,-1
817,9860,387.8365,244.45413,43.12564,36.957916,0.792904,-1,-1,-1
817,9863,487.19925,173.87918,21.818787,25.238861,0.8284428,-1,-1,-1
817,9867,556.1047,296.4449,37.690918,134.88904,0.5469936,-1,-1,-1
817,9864,444.3828,179.42372,27.81311,28.122421,0.81676704,-1,-1,-1
817,9873,820.776,359.55072,112.11969,91.60547,0.82476425,-1,-1,-1
817,9783,584.41876,118.25068,13.144226,14.615959,0.28756234,-1,-1,-1
817,9879,642.2647,137.76889,23.984253,15.254288,0.28663275,-1,-1,-1
817,9888,615.50793,133.50491,14.019653,13.535034,0.37382534,-1,-1,-1
817,9891,553.069,368.63477,35.75891,145.75244,0.41208443,-1,-1,-1
817,9869,754.1656,225.17168,80.31659,28.586304,0.3104675,-1,-1,-1
818,9797,589.2126,141.25455,17.900208,17.767242,0.78784466,-1,-1,-1
818,9843,396.22824,297.36703,52.408997,58.57895,0.59788716,-1,-1,-1
818,9855,609.4898,209.58972,33.082947,28.831863,0.59199554,-1,-1,-1
818,9860,385.93457,246.02766,43.485382,38.075302,0.7508537,-1,-1,-1
818,9863,486.5125,174.71115,22.218658,25.70491,0.8243903,-1,-1,-1
818,9867,555.79767,296.85794,37.863464,134.71481,0.5200003,-1,-1,-1
818,9864,443.06323,180.45462,28.350494,28.637589,0.8042633,-1,-1,-1
818,9873,820.0845,359.73093,108.79993,88.58331,0.8249479,-1,-1,-1
818,9891,552.61194,364.0857,37.015015,149.54254,0.5360309,-1,-1,-1
818,9869,753.7289,224.86624,80.50049,29.246277,0.43420848,-1,-1,-1
818,9840,567.9587,187.60056,25.531311,21.660034,0.37651384,-1,-1,-1
819,9797,588.9332,140.99442,17.894897,17.764816,0.801263,-1,-1,-1
819,9843,394.0041,298.11475,53.72168,62.311707,0.54769915,-1,-1,-1
819,9855,608.97784,208.49864,32.698242,29.13118,0.65617067,-1,-1,-1
819,9860,384.01816,247.29802,44.40164,40.27571,0.72034824,-1,-1,-1
819,9863,485.5765,175.61719,22.563232,25.911148,0.8255697,-1,-1,-1
819,9867,555.4495,297.32825,38.385254,135.68906,0.39401215,-1,-1,-1
819,9864,442.23047,181.3868,28.279724,29.095215,0.7927867,-1,-1,-1
819,9873,817.9683,356.60675,108.77704,89.13013,0.85335267,-1,-1,-1
819,9891,552.1987,362.4338,37.475952,150.73831,0.57919914,-1,-1,-1
819,9869,753.5241,225.41869,80.23212,28.963272,0.46501848,-1,-1,-1
819,9893,744.47723,467.09372,127.87622,71.15451,0.45157602,-1,-1,-1
819,9840,567.73865,186.96552,25.582214,21.160538,0.5953963,-1,-1,-1
819,9889,514.5569,129.65399,15.5807495,14.446747,0.25316328,-1,-1,-1
820,9797,588.5217,140.67938,17.989258,17.83757,0.81014526,-1,-1,-1
820,9843,390.95416,303.2734,55.43628,61.50241,0.79042065,-1,-1,-1
820,9855,608.3922,207.47502,31.403015,29.337753,0.7050593,-1,-1,-1
820,9860,381.4592,249.79623,44.953003,41.084564,0.68682927,-1,-1,-1
820,9863,484.62875,176.67274,22.697723,25.75975,0.84270144,-1,-1,-1
820,9867,555.2756,298.16943,38.257812,135.92407,0.34149456,-1,-1,-1
820,9864,441.21362,182.20506,28.846436,29.806534,0.8005963,-1,-1,-1
820,9873,815.9894,354.28094,108.50873,87.983765,0.85303164,-1,-1,-1
820,9891,552.335,360.77545,38.051697,150.3003,0.64087754,-1,-1,-1
820,9869,752.8957,226.04425,80.678955,28.692642,0.2575469,-1,-1,-1
820,9893,741.56506,459.9486,130.86487,78.172485,0.7123541,-1,-1,-1
820,9840,567.53326,186.8259,24.567993,20.631668,0.4977241,-1,-1,-1
820,9889,514.2207,129.85277,15.587585,14.814423,0.26511332,-1,-1,-1
820,9888,614.92676,132.54608,13.795593,13.375717,0.27757147,-1,-1,-1
821,9797,588.2553,140.46527,17.9021,17.759003,0.80250794,-1,-1,-1
821,9843,388.7489,305.72882,56.630524,63.422455,0.83918387,-1,-1,-1
821,9855,607.957,206.88907,31.262268,28.85727,0.5643836,-1,-1,-1
821,9860,379.81342,253.61003,43.807953,40.063583,0.81348395,-1,-1,-1
821,9863,483.76047,177.44363,23.001526,25.840622,0.8539608,-1,-1,-1
821,9867,555.05725,300.5254,37.70453,134.51886,0.47911003,-1,-1,-1
821,9864,439.63223,183.20663,29.713562,30.360794,0.80604315,-1,-1,-1
821,9873,814.9639,353.33197,105.162476,85.104004,0.86872953,-1,-1,-1
821,9891,552.4111,359.91336,37.467407,149.90518,0.5771246,-1,-1,-1
821,9893,736.93256,451.97125,129.26794,85.474915,0.8123707,-1,-1,-1
821,9840,567.2428,186.36842,24.722778,20.30989,0.42804217,-1,-1,-1
821,9889,514.086,129.92953,15.251404,15.107346,0.25645775,-1,-1,-1
821,9881,493.16513,121.49113,15.900635,14.541084,0.35953033,-1,-1,-1
822,9797,588.2702,140.1346,17.839966,17.6409,0.7378723,-1,-1,-1
822,9843,384.76492,308.87198,59.117737,64.927185,0.79009223,-1,-1,-1
822,9855,607.8584,206.32109,30.402039,28.340942,0.47691366,-1,-1,-1
822,9860,377.7452,256.03683,43.814117,40.500183,0.774884,-1,-1,-1
822,9863,483.07452,178.22899,23.057281,26.07988,0.841258,-1,-1,-1
822,9867,555.21826,299.5725,37.512146,130.74612,0.59537655,-1,-1,-1
822,9864,437.9845,184.15776,30.311798,31.034256,0.804276,-1,-1,-1
822,9873,814.2571,352.47116,101.68579,83.618195,0.86010134,-1,-1,-1
822,9891,552.4893,359.29044,37.843933,151.30386,0.5927435,-1,-1,-1
822,9893,734.5975,444.9111,125.92047,94.206085,0.86232734,-1,-1,-1
822,9840,567.1386,185.51144,24.03833,20.487595,0.5538995,-1,-1,-1
822,9881,493.14252,121.54019,15.946777,14.732193,0.43642664,-1,-1,-1
823,9797,588.04376,139.86378,18.034485,17.571838,0.7312586,-1,-1,-1
823,9843,382.05588,311.48398,60.92929,66.60504,0.7717973,-1,-1,-1
823,9855,607.4215,205.5489,29.072998,27.651627,0.44745973,-1,-1,-1
823,9860,375.60025,258.54837,43.827606,41.470795,0.7725541,-1,-1,-1
823,9863,482.47174,179.2559,23.015167,26.041397,0.84066075,-1,-1,-1
823,9867,555.07996,300.9388,37.13202,132.74127,0.63914394,-1,-1,-1
823,9864,436.84653,185.60783,30.151367,31.353928,0.7711468,-1,-1,-1
823,9873,812.4688,350.31277,101.13574,83.04501,0.8516682,-1,-1,-1
823,9891,552.5056,359.1237,38.111694,153.36978,0.67864984,-1,-1,-1
823,9893,733.2145,439.01767,121.178955,99.30673,0.8742646,-1,-1,-1
823,9840,567.0072,184.53593,24.166199,20.957031,0.5020454,-1,-1,-1
823,9881,493.063,121.57256,15.978119,14.771645,0.44022837,-1,-1,-1
823,9889,512.9965,130.64113,15.5182495,15.255371,0.29677048,-1,-1,-1
824,9797,587.96375,139.58441,18.118347,17.525833,0.7135965,-1,-1,-1
824,9843,378.8049,317.2996,61.72516,64.98221,0.8103247,-1,-1,-1
824,9855,607.30695,204.78943,28.437195,26.929062,0.5023279,-1,-1,-1
824,9860,373.7733,262.22012,44.335754,41.50171,0.665414,-1,-1,-1
824,9863,481.71686,180.5358,23.533203,26.377548,0.82080746,-1,-1,-1
824,9867,555.232,299.9835,36.857788,129.90323,0.57598495,-1,-1,-1
824,9864,436.0395,186.76207,29.950836,31.61966,0.7594889,-1,-1,-1
824,9873,811.7582,350.5943,99.68744,80.95993,0.83842987,-1,-1,-1
824,9891,552.44165,358.95868,38.27484,154.30249,0.64065516,-1,-1,-1
824,9893,728.8923,431.39722,118.528625,104.818665,0.8730349,-1,-1,-1
824,9840,566.9025,183.63078,24.881348,20.97554,0.3212911,-1,-1,-1
824,9881,492.9095,121.679955,16.258911,14.95388,0.45835963,-1,-1,-1
824,9889,512.5719,131.26553,15.690796,15.205017,0.37776244,-1,-1,-1
825,9797,587.89716,139.29427,18.206726,17.44661,0.7956407,-1,-1,-1
825,9843,375.6894,320.67532,63.318146,66.96738,0.81541675,-1,-1,-1
825,9855,607.073,204.18332,28.397156,26.396652,0.58082116,-1,-1,-1
825,9860,370.39584,266.45755,46.407684,40.299744,0.79900974,-1,-1,-1
825,9863,481.01144,181.2975,24.005585,26.70192,0.82622355,-1,-1,-1
825,9867,555.3371,300.09064,37.36902,126.983154,0.6418388,-1,-1,-1
825,9864,435.49457,187.79898,29.470978,31.625717,0.74059176,-1,-1,-1
825,9873,810.26666,349.4611,99.49463,79.16089,0.8278181,-1,-1,-1
825,9891,552.3923,358.22595,38.200806,154.8023,0.60442173,-1,-1,-1
825,9893,726.03534,426.20084,115.12744,108.185455,0.8762348,-1,-1,-1
825,9881,492.85797,121.95835,16.339142,14.951515,0.53358567,-1,-1,-1
825,9889,512.0543,131.7235,16.029968,15.145798,0.4537645,-1,-1,-1
825,9888,613.0414,132.07666,14.445251,13.309174,0.34778345,-1,-1,-1
826,9797,587.70874,139.0665,18.293518,17.209488,0.79828995,-1,-1,-1
826,9843,373.6921,326.02023,63.414368,67.34894,0.8312306,-1,-1,-1
826,9855,606.5224,203.69493,28.749084,25.626404,0.5560347,-1,-1,-1
826,9860,367.69583,268.85852,48.482605,41.430084,0.8288943,-1,-1,-1
826,9863,480.22968,182.01407,24.24997,27.144608,0.83262575,-1,-1,-1
826,9867,555.16016,299.56775,37.89142,127.38037,0.61793685,-1,-1,-1
826,9864,434.0146,188.99857,30.160553,31.816895,0.8113253,-1,-1,-1
826,9873,808.63855,347.1855,99.09558,79.20758,0.8508344,-1,-1,-1
826,9891,552.1218,356.72046,38.313416,156.53949,0.501492,-1,-1,-1
826,9893,722.12103,419.42804,112.29553,108.92206,0.8718782,-1,-1,-1
826,9881,492.76837,122.243164,16.108429,14.989716,0.64604163,-1,-1,-1
826,9889,511.67407,131.95885,16.248535,15.235275,0.56421244,-1,-1,-1
826,9888,612.637,132.12677,14.677002,12.995499,0.3507728,-1,-1,-1
826,9840,567.5412,182.53055,24.044678,20.36113,0.3852658,-1,-1,-1
827,9797,587.6538,138.8863,18.218445,16.921448,0.7974917,-1,-1,-1
827,9843,370.45703,330.54068,64.51727,68.67093,0.84456825,-1,-1,-1
827,9855,605.7484,203.17783,29.888367,25.357086,0.6037028,-1,-1,-1
827,9860,365.33456,271.57748,49.35797,42.2641,0.82421345,-1,-1,-1
827,9863,479.82297,182.7162,24.31363,27.411026,0.8369463,-1,-1,-1
827,9867,554.8489,301.0259,37.87787,127.53577,0.5895071,-1,-1,-1
827,9864,432.75513,190.45575,30.66867,31.74968,0.83255017,-1,-1,-1
827,9873,808.3167,345.56198,96.80597,78.36221,0.8507579,-1,-1,-1
827,9891,552.44055,340.11,38.542664,165.51495,0.3853654,-1,-1,-1
827,9893,717.68475,413.67273,110.37262,107.192444,0.8770426,-1,-1,-1
827,9881,492.7242,122.66165,15.806946,14.723373,0.6383502,-1,-1,-1
827,9889,511.61194,132.15967,16.091858,15.443741,0.6222432,-1,-1,-1
827,9888,612.4735,132.10425,14.577759,12.78537,0.4250234,-1,-1,-1
827,9840,567.40796,181.93633,24.361938,20.050217,0.2699388,-1,-1,-1
828,9797,587.53687,138.49802,18.030334,16.791885,0.758189,-1,-1,-1
828,9843,367.76974,335.18777,65.05829,70.344086,0.83860385,-1,-1,-1
828,9855,605.13336,202.04573,30.105957,25.633987,0.5702491,-1,-1,-1
828,9860,362.89658,273.41156,49.72873,44.12973,0.8120926,-1,-1,-1
828,9863,479.58392,183.73282,24.16037,27.991165,0.83413774,-1,-1,-1
828,9867,554.7247,302.25183,37.834534,132.3367,0.49257863,-1,-1,-1
828,9864,431.55103,191.98999,31.265472,31.66423,0.82233304,-1,-1,-1
828,9873,807.061,343.89618,95.43225,77.3826,0.86237925,-1,-1,-1
828,9891,552.45557,334.30206,38.62982,169.00763,0.41206586,-1,-1,-1
828,9893,712.9515,405.60672,109.0531,106.94113,0.8630791,-1,-1,-1
828,9881,492.6398,122.85437,15.896576,14.655319,0.60850525,-1,-1,-1
828,9889,511.58542,132.5107,15.658173,15.55368,0.63220257,-1,-1,-1
828,9888,612.0923,132.16078,14.556763,12.509186,0.35662773,-1,-1,-1
828,9840,567.0465,181.18018,24.830627,19.963013,0.3764024,-1,-1,-1
829,9797,587.3098,138.2569,17.929077,16.59703,0.6998419,-1,-1,-1
829,9843,364.64206,340.73434,66.83063,70.167145,0.8350166,-1,-1,-1
829,9855,604.763,200.67598,30.091614,26.245865,0.5421272,-1,-1,-1
829,9860,359.21613,275.8525,50.152252,46.23178,0.8131133,-1,-1,-1
829,9863,478.89175,184.76144,24.14502,28.79187,0.8249054,-1,-1,-1
829,9867,555.0162,303.42578,37.80255,133.68188,0.45273015,-1,-1,-1
829,9864,430.63144,193.35281,31.265472,31.171432,0.79287094,-1,-1,-1
829,9873,805.86346,342.76974,95.6236,76.44812,0.8582128,-1,-1,-1
829,9891,552.3681,333.41492,38.57831,169.97446,0.40267769,-1,-1,-1
829,9893,709.7614,400.1151,106.60565,102.905365,0.8677517,-1,-1,-1
829,9881,492.4838,122.986465,16.118683,14.785019,0.6708023,-1,-1,-1
829,9889,511.4221,132.97621,15.27121,15.635574,0.6399789,-1,-1,-1
829,9888,611.60596,132.4008,14.5616455,12.331711,0.36385855,-1,-1,-1
829,9840,566.9342,180.67839,24.21753,19.823746,0.5008278,-1,-1,-1
829,9879,636.5123,132.77623,22.493164,15.925369,0.28779304,-1,-1,-1
830,9797,587.2157,138.12387,17.965881,16.564621,0.6619462,-1,-1,-1
830,9843,360.98428,344.76376,68.51871,72.78256,0.83452064,-1,-1,-1
830,9855,604.71027,199.5765,29.697449,27.027802,0.49457902,-1,-1,-1
830,9860,356.6284,277.37585,51.05423,48.545013,0.7917919,-1,-1,-1
830,9863,477.58484,186.36516,24.607635,28.40477,0.8322342,-1,-1,-1
830,9867,555.11,303.46402,37.602844,138.10504,0.5748067,-1,-1,-1
830,9864,429.1853,194.27596,31.32248,32.200912,0.7874866,-1,-1,-1
830,9873,804.6942,342.42776,95.04755,74.22168,0.85023165,-1,-1,-1
830,9891,552.3236,332.41098,38.712708,172.28421,0.3840324,-1,-1,-1
830,9893,706.1982,395.52493,104.21057,99.49585,0.8647617,-1,-1,-1
830,9881,492.3938,123.30325,15.923492,14.872482,0.71348757,-1,-1,-1
830,9889,511.1395,133.53743,15.065643,15.493759,0.65743166,-1,-1,-1
830,9888,611.0152,132.3671,14.716797,12.208511,0.3956013,-1,-1,-1
830,9840,566.4664,180.46262,24.446106,19.695572,0.58208466,-1,-1,-1
830,9879,636.49774,132.4367,22.169434,16.12529,0.388639,-1,-1,-1
831,9797,587.16345,137.86201,17.817017,16.56961,0.655481,-1,-1,-1
831,9843,357.53442,350.41364,69.92755,73.268005,0.85614765,-1,-1,-1
831,9855,604.4063,198.61676,29.07367,27.506958,0.5171131,-1,-1,-1
831,9860,354.0826,279.56946,50.814056,50.802612,0.79888684,-1,-1,-1
831,9863,476.98724,187.77032,24.49405,28.341522,0.84158456,-1,-1,-1
831,9867,555.2107,304.53873,37.298096,135.76147,0.49374685,-1,-1,-1
831,9864,427.8545,195.38982,31.885254,33.088333,0.797375,-1,-1,-1
831,9873,803.1289,340.73956,94.10535,73.64664,0.8320748,-1,-1,-1
831,9891,552.37854,332.89072,38.507507,172.68463,0.3787225,-1,-1,-1
831,9893,702.951,390.3211,101.96338,96.487915,0.86493796,-1,-1,-1
831,9881,492.26035,123.714066,15.888947,14.8185425,0.6374966,-1,-1,-1
831,9889,510.87613,134.22893,14.983795,15.270248,0.6400879,-1,-1,-1
831,9888,611.17474,131.82185,14.449463,12.415573,0.5033371,-1,-1,-1
831,9840,566.45355,180.25089,24.963623,19.32341,0.5342484,-1,-1,-1
831,9879,636.1036,132.22981,21.946167,15.948853,0.38515463,-1,-1,-1
832,9797,587.36633,137.61041,17.649475,16.608017,0.6863756,-1,-1,-1
832,9843,353.74814,355.0141,71.37274,75.00473,0.86312515,-1,-1,-1
832,9855,604.0921,197.51854,29.142212,28.217545,0.62325263,-1,-1,-1
832,9860,350.60077,281.36084,51.831818,53.006836,0.7849315,-1,-1,-1
832,9863,476.8545,189.07643,24.060211,27.951813,0.83179176,-1,-1,-1
832,9867,555.2671,303.5275,37.0744,132.43195,0.4569289,-1,-1,-1
832,9864,426.89465,196.9672,32.426178,32.991486,0.7934767,-1,-1,-1
832,9873,801.98364,339.16846,92.59265,73.146576,0.8432368,-1,-1,-1
832,9891,552.48663,332.9014,38.324707,173.12576,0.39945105,-1,-1,-1
832,9893,699.30194,385.77292,100.10394,93.78119,0.8475561,-1,-1,-1
832,9881,492.20456,123.875786,16.090698,14.9472275,0.650763,-1,-1,-1
832,9889,510.6208,134.9612,15.249084,14.780762,0.6439523,-1,-1,-1
832,9888,611.28815,131.20634,14.182007,12.719315,0.46480644,-1,-1,-1
832,9840,566.3371,179.58513,25.861023,19.578812,0.3899293,-1,-1,-1
832,9879,635.8574,131.77147,21.700745,16.184402,0.40560025,-1,-1,-1
832,9896,897.8338,486.99484,126.14325,53.005157,0.69986576,-1,-1,-1
832,9819,585.0338,157.77141,22.353943,20.930832,0.27942815,-1,-1,-1
833,9797,587.32166,137.57037,17.411072,16.386993,0.6632835,-1,-1,-1
833,9843,350.36313,358.88818,71.74759,77.61075,0.8449485,-1,-1,-1
833,9855,603.6617,197.21219,28.645996,27.95964,0.6853238,-1,-1,-1
833,9860,347.64706,283.45026,53.2023,55.448364,0.745677,-1,-1,-1
833,9863,476.56445,190.50418,24.293732,28.539612,0.8463675,-1,-1,-1
833,9867,555.3111,303.3566,36.795837,133.52094,0.5473953,-1,-1,-1
833,9864,426.57788,198.5136,32.27481,28.573898,0.6559607,-1,-1,-1
833,9873,801.1694,338.8061,90.99164,71.7399,0.81911314,-1,-1,-1
833,9891,552.0373,343.9482,37.179016,169.41483,0.40849173,-1,-1,-1
833,9893,696.89307,382.84717,98.47119,89.69144,0.85044384,-1,-1,-1
833,9881,492.14108,124.19052,16.41217,15.048416,0.6773411,-1,-1,-1
833,9889,510.2572,135.40916,15.532349,14.865463,0.64384776,-1,-1,-1
833,9888,611.0146,131.00967,14.110657,12.803894,0.40942115,-1,-1,-1
833,9840,566.06146,178.71631,26.134033,19.898743,0.6347076,-1,-1,-1
833,9879,635.54114,131.41202,21.812134,16.259598,0.4117947,-1,-1,-1
833,9896,895.72375,483.0463,128.22693,56.953705,0.6968872,-1,-1,-1
833,9819,585.27435,157.40207,21.895935,20.899185,0.368898,-1,-1,-1
834,9797,587.23706,137.44109,17.263306,16.220108,0.6768377,-1,-1,-1
834,9843,346.10654,365.67944,73.42056,77.85989,0.8284071,-1,-1,-1
834,9855,603.6441,197.28027,27.471375,27.0979,0.47448412,-1,-1,-1
834,9860,344.42847,288.94913,53.566956,54.49945,0.73567355,-1,-1,-1
834,9863,475.81802,191.69846,24.836304,29.0354,0.8220767,-1,-1,-1
834,9867,555.24725,302.95322,36.69519,135.44171,0.5900832,-1,-1,-1
834,9864,425.0762,199.98538,32.85721,28.473694,0.5315513,-1,-1,-1
834,9873,799.8236,337.7036,89.672,70.541626,0.83303916,-1,-1,-1
834,9891,552.1405,338.12457,37.73706,170.95718,0.44203332,-1,-1,-1
834,9893,694.88727,379.0259,95.69806,86.58731,0.8497393,-1,-1,-1
834,9881,492.03772,124.47055,16.380432,14.91246,0.60076356,-1,-1,-1
834,9889,510.11438,135.85707,15.553589,14.882355,0.5637889,-1,-1,-1
834,9888,610.81793,130.54355,14.115295,13.067917,0.5626224,-1,-1,-1
834,9840,565.7132,177.7828,25.513916,20.29721,0.6566066,-1,-1,-1
834,9879,635.21594,131.11914,21.62616,15.700302,0.4254488,-1,-1,-1
834,9896,890.5023,477.29337,133.45319,62.68582,0.6807964,-1,-1,-1
834,9900,423.43024,203.39491,34.384125,30.41307,0.76894337,-1,-1,-1
835,9797,586.9867,137.26038,17.564148,16.190979,0.6803614,-1,-1,-1
835,9843,343.17883,372.1211,75.328064,78.81406,0.8346489,-1,-1,-1
835,9860,340.72714,293.9888,55.1015,53.67267,0.5039989,-1,-1,-1
835,9863,474.98404,193.0619,25.332794,28.552734,0.833835,-1,-1,-1
835,9867,555.14685,302.7956,36.423218,136.40125,0.35976163,-1,-1,-1
835,9873,798.74817,335.3396,89.06372,70.181915,0.8585002,-1,-1,-1
835,9891,552.46313,328.2639,37.938477,171.84946,0.4673337,-1,-1,-1
835,9893,693.3452,375.53833,92.72827,82.952484,0.8384571,-1,-1,-1
835,9881,491.8934,124.83284,16.35086,14.681839,0.5420493,-1,-1,-1
835,9889,509.60587,136.45047,15.712128,14.677811,0.5811169,-1,-1,-1
835,9888,610.67914,130.48587,14.026123,12.994736,0.5846533,-1,-1,-1
835,9840,565.43207,177.21097,25.57666,20.069824,0.488119,-1,-1,-1
835,9879,634.89874,130.97794,21.081604,15.250793,0.39162657,-1,-1,-1
835,9896,886.99164,471.77463,137.00214,67.46341,0.7316121,-1,-1,-1
835,9900,422.53818,202.14041,34.337708,33.352585,0.78528297,-1,-1,-1
835,9905,539.0011,125.34112,13.704651,11.316658,0.3346748,-1,-1,-1
835,9819,584.997,156.66469,22.32605,20.627228,0.263627,-1,-1,-1
836,9797,586.9024,137.05061,17.713867,15.913193,0.6604427,-1,-1,-1
836,9843,338.14337,377.72595,78.43701,80.2428,0.8465144,-1,-1,-1
836,9860,337.5168,298.77863,56.72885,53.312317,0.4564048,-1,-1,-1
836,9863,474.24023,193.91147,25.563965,28.799454,0.8401526,-1,-1,-1
836,9867,555.337,302.17227,36.62744,135.63702,0.3688507,-1,-1,-1
836,9873,798.1566,333.6669,86.7193,69.83661,0.85291237,-1,-1,-1
836,9891,551.8559,332.94623,38.075317,170.2839,0.4236492,-1,-1,-1
836,9893,692.7288,371.3001,89.325195,80.61322,0.8493765,-1,-1,-1
836,9881,491.77115,125.32126,16.427765,14.34935,0.5557032,-1,-1,-1
836,9889,509.34915,136.99434,15.727875,14.51123,0.5689131,-1,-1,-1
836,9888,610.57745,130.28036,13.775757,12.9831085,0.49930122,-1,-1,-1
836,9840,565.3909,176.84274,25.080322,19.62236,0.68978214,-1,-1,-1
836,9879,634.8854,130.74954,20.658203,15.046173,0.37829086,-1,-1,-1
836,9896,883.0064,468.00427,138.80328,70.338196,0.7551898,-1,-1,-1
836,9900,421.33353,202.36363,34.239563,34.63275,0.7467135,-1,-1,-1
836,9905,539.2902,125.8378,13.357239,10.971344,0.28802404,-1,-1,-1
837,9797,586.85394,136.93309,17.574158,15.645416,0.632874,-1,-1,-1
837,9843,334.60165,381.25128,79.70572,83.822876,0.84328103,-1,-1,-1
837,9863,473.57486,194.62502,26.12024,29.720398,0.8402879,-1,-1,-1
837,9873,797.1876,332.8498,85.95618,68.55667,0.8469529,-1,-1,-1
837,9891,551.52637,335.19336,38.47168,169.91516,0.4223948,-1,-1,-1
837,9893,691.2311,366.0601,87.07019,79.38666,0.845152,-1,-1,-1
837,9881,491.88058,125.86966,16.38556,14.075302,0.6978794,-1,-1,-1
837,9889,509.2545,137.391,15.610687,14.582382,0.6338034,-1,-1,-1
837,9888,610.28204,130.26201,13.741272,12.767548,0.4785555,-1,-1,-1
837,9840,565.7568,176.46541,24.264282,19.479233,0.60621625,-1,-1,-1
837,9879,634.8313,130.62039,20.659119,15.04097,0.40992993,-1,-1,-1
837,9896,879.0026,464.51947,140.71613,73.23877,0.75441843,-1,-1,-1
837,9900,419.64816,203.38904,35.030884,35.355545,0.8223833,-1,-1,-1
837,9905,539.17957,126.27756,13.222473,11.102081,0.5162518,-1,-1,-1
838,9797,586.6203,136.77878,17.613403,15.414719,0.6234176,-1,-1,-1
838,9843,329.48392,383.23547,83.32315,89.81171,0.8623667,-1,-1,-1
838,9863,472.7256,196.32799,26.154358,30.57698,0.82472426,-1,-1,-1
838,9873,796.3072,330.96912,84.80029,67.86334,0.8353585,-1,-1,-1
838,9891,550.8906,341.58676,38.057373,168.3273,0.42174017,-1,-1,-1
838,9893,687.45166,361.69043,86.09033,77.95041,0.848304,-1,-1,-1
838,9881,491.8726,126.117386,16.5224,14.067352,0.74083275,-1,-1,-1
838,9889,509.29013,137.81621,15.277069,14.428314,0.64302593,-1,-1,-1
838,9888,610.15314,130.00058,13.674438,12.767181,0.5254552,-1,-1,-1
838,9840,565.7114,175.67642,24.764893,19.820618,0.65721303,-1,-1,-1
838,9879,634.5637,130.62537,20.600403,14.964157,0.4759312,-1,-1,-1
838,9896,874.89484,460.23868,139.51093,77.71231,0.7871637,-1,-1,-1
838,9900,417.8305,204.80223,36.22534,35.87056,0.8447592,-1,-1,-1
838,9905,539.1412,126.32634,13.481873,11.582703,0.49044222,-1,-1,-1
838,9860,330.4696,307.6509,57.34436,54.308014,0.28434968,-1,-1,-1
838,9867,555.06244,302.48404,37.821594,133.6802,0.2534963,-1,-1,-1
839,9797,586.3722,136.57645,17.903625,15.372864,0.637343,-1,-1,-1
839,9843,325.427,383.9831,85.232025,97.061646,0.85294217,-1,-1,-1
839,9863,471.66995,197.50685,26.604675,30.98706,0.8477251,-1,-1,-1
839,9873,794.48254,330.4904,84.413574,66.56427,0.83925694,-1,-1,-1
839,9891,550.8426,344.89636,37.60492,167.21136,0.52456903,-1,-1,-1
839,9893,686.4335,356.91565,83.349304,76.353516,0.83936423,-1,-1,-1
839,9881,491.59613,126.24118,16.895447,14.224014,0.74749786,-1,-1,-1
839,9889,509.32477,138.15302,14.941467,14.409653,0.59882134,-1,-1,-1
839,9888,610.0672,129.58257,13.619202,12.989609,0.49095803,-1,-1,-1
839,9840,565.90784,175.05598,25.100464,20.021683,0.4197137,-1,-1,-1
839,9879,634.067,130.5391,20.609558,14.79509,0.40506887,-1,-1,-1
839,9896,872.09344,456.78445,139.54803,80.863556,0.8086938,-1,-1,-1
839,9900,416.109,205.96075,37.22998,36.59941,0.8359575,-1,-1,-1
839,9905,538.974,126.56451,14.203369,11.917046,0.43827775,-1,-1,-1
839,9867,555.0818,303.02133,37.89148,132.25946,0.2986885,-1,-1,-1
840,9797,586.4151,136.41101,17.819397,15.308929,0.6714779,-1,-1,-1
840,9843,320.63474,386.80478,86.93692,103.58902,0.85984015,-1,-1,-1
840,9863,470.84485,199.11696,27.41446,30.992798,0.81746554,-1,-1,-1
840,9873,792.52545,329.45325,84.61749,66.02176,0.8057498,-1,-1,-1
840,9891,550.6783,345.48215,37.69635,167.64871,0.52547723,-1,-1,-1
840,9893,686.24133,353.62946,80.22046,74.10507,0.8268705,-1,-1,-1
840,9881,491.70282,126.4467,16.773407,14.324097,0.7636225,-1,-1,-1
840,9889,509.14243,138.72081,15.2030945,14.898605,0.58349913,-1,-1,-1
840,9888,609.9538,129.7048,13.510193,12.715927,0.52306825,-1,-1,-1
840,9840,565.91785,174.53957,25.562683,19.863083,0.5076512,-1,-1,-1
840,9879,633.2016,130.38602,20.903076,14.722351,0.432612,-1,-1,-1
840,9896,868.7548,453.18814,138.01349,85.46329,0.815614,-1,-1,-1
840,9900,415.05844,206.9921,37.058624,36.584198,0.8164481,-1,-1,-1
840,9905,539.0068,127.05431,14.196594,11.727638,0.4684071,-1,-1,-1
840,9819,585.539,155.17725,19.965576,20.776474,0.27486277,-1,-1,-1
840,9860,322.96558,312.73117,58.683807,60.516846,0.6944423,-1,-1,-1
841,9797,586.49835,136.18452,17.58319,15.228088,0.66728806,-1,-1,-1
841,9843,315.66043,395.2027,88.09027,104.01312,0.85044944,-1,-1,-1
841,9863,470.1816,200.28514,27.80246,31.356918,0.8287245,-1,-1,-1
841,9873,790.6624,327.797,85.50757,66.32965,0.83463806,-1,-1,-1
841,9891,550.40826,345.72687,37.72522,166.79266,0.52979106,-1,-1,-1
841,9893,683.4218,350.66592,78.743774,71.76874,0.81274164,-1,-1,-1
841,9881,491.91797,126.653786,16.56665,14.512245,0.7460985,-1,-1,-1
841,9889,509.13177,139.69386,15.04364,14.784042,0.40977633,-1,-1,-1
841,9888,609.72736,129.67413,13.437256,12.570877,0.5279053,-1,-1,-1
841,9840,566.1026,174.303,25.34552,19.478836,0.4665026,-1,-1,-1
841,9879,632.54236,130.43965,20.855957,14.174484,0.3235008,-1,-1,-1
841,9896,864.9626,448.47833,138.89209,90.94824,0.83728033,-1,-1,-1
841,9900,413.85455,208.86699,37.010773,37.117004,0.76138604,-1,-1,-1
841,9905,538.8944,127.79828,14.127197,11.320633,0.48973608,-1,-1,-1
841,9860,318.81552,318.3821,61.1539,60.21045,0.75201344,-1,-1,-1
841,9867,554.9881,302.78583,38.331055,128.58884,0.34293205,-1,-1,-1
842,9797,586.3479,136.08932,17.159363,14.914093,0.71440434,-1,-1,-1
842,9843,311.04654,404.6465,89.94348,103.22598,0.8637067,-1,-1,-1
842,9863,469.7793,201.52615,27.65689,31.664368,0.8339263,-1,-1,-1
842,9873,789.29694,326.32404,84.84631,66.37656,0.8464102,-1,-1,-1
842,9891,550.03357,345.66415,37.938293,165.71695,0.55858284,-1,-1,-1
842,9893,679.60547,346.10016,78.381836,72.19864,0.8431475,-1,-1,-1
842,9881,491.91632,126.7247,16.338531,14.685165,0.7509378,-1,-1,-1
842,9889,508.8419,140.55763,15.024689,14.558304,0.5344603,-1,-1,-1
842,9888,609.2902,129.91632,13.554749,12.207901,0.5057845,-1,-1,-1
842,9840,566.0294,173.85236,25.43573,19.164032,0.673293,-1,-1,-1
842,9879,632.25903,130.06773,20.683716,14.256805,0.3961941,-1,-1,-1
842,9896,861.77246,445.18582,137.4585,94.535065,0.8392958,-1,-1,-1
842,9900,412.73337,210.63966,37.36725,37.714783,0.81937605,-1,-1,-1
842,9905,538.97,128.43811,13.962158,10.978485,0.5439783,-1,-1,-1
842,9860,315.56198,323.08453,62.154633,59.776398,0.7621318,-1,-1,-1
843,9797,586.1022,135.89555,16.654236,14.858719,0.7408308,-1,-1,-1
843,9843,304.6544,413.4467,93.7894,102.87753,0.86337364,-1,-1,-1
843,9863,468.86066,202.50952,28.17389,32.149643,0.8436655,-1,-1,-1
843,9873,788.39166,325.85004,84.18451,65.249756,0.8596669,-1,-1,-1
843,9891,549.8612,346.20065,37.959534,165.19235,0.49395856,-1,-1,-1
843,9893,676.6043,342.23438,77.085815,70.10193,0.8360876,-1,-1,-1
843,9881,491.5756,126.87062,16.44574,15.014252,0.75222665,-1,-1,-1
843,9889,508.56747,141.17809,15.162628,14.452774,0.6174768,-1,-1,-1
843,9888,608.9707,130.1272,13.554993,11.9600525,0.45495713,-1,-1,-1
843,9840,565.67206,173.32976,25.697998,19.25917,0.7731071,-1,-1,-1
843,9879,631.6144,129.65933,20.506897,14.278046,0.46741676,-1,-1,-1
843,9896,857.4356,441.8175,136.47089,98.01483,0.8596888,-1,-1,-1
843,9900,411.4983,212.29358,37.80484,37.30133,0.78548586,-1,-1,-1
843,9905,539.0143,128.88336,13.924683,11.016312,0.39416882,-1,-1,-1
843,9860,310.8674,327.77893,63.345,61.196198,0.73636913,-1,-1,-1
844,9797,586.0696,135.7844,16.447327,14.764694,0.73506814,-1,-1,-1
844,9843,300.44104,420.7389,94.96573,103.94116,0.84567297,-1,-1,-1
844,9863,467.8315,203.97063,28.703308,31.881027,0.8478043,-1,-1,-1
844,9873,787.1356,324.05914,83.50006,65.687256,0.84586686,-1,-1,-1
844,9891,549.71674,345.69644,38.292053,166.55911,0.4939335,-1,-1,-1
844,9893,674.1112,338.64108,77.19684,68.1178,0.8220016,-1,-1,-1
844,9881,491.57242,126.97398,16.36673,15.206512,0.7196326,-1,-1,-1
844,9889,508.38403,141.6384,15.397278,14.397308,0.5753448,-1,-1,-1
844,9888,608.64557,130.29619,13.375732,11.957184,0.32739523,-1,-1,-1
844,9840,565.8136,172.71243,24.914978,19.389923,0.623742,-1,-1,-1
844,9879,631.16254,129.42357,20.235657,14.249725,0.4668627,-1,-1,-1
844,9896,854.31775,437.67316,133.93872,101.08441,0.85085917,-1,-1,-1
844,9900,409.58972,214.29378,38.84549,38.675903,0.78224987,-1,-1,-1
844,9905,538.6884,129.32513,14.21637,11.358643,0.3799565,-1,-1,-1
844,9860,305.75946,332.14664,65.63873,63.091003,0.79293936,-1,-1,-1
844,9908,515.8901,216.82286,23.339172,19.016785,0.5123552,-1,-1,-1
845,9797,586.00146,135.60287,16.129883,14.686691,0.7096656,-1,-1,-1
845,9843,295.56808,425.21512,96.95462,109.747284,0.8485492,-1,-1,-1
845,9863,466.86737,205.64832,28.930115,31.84047,0.8520168,-1,-1,-1
845,9873,786.8611,322.48645,82.122314,66.2287,0.85159445,-1,-1,-1
845,9891,549.4514,345.586,38.375793,165.41452,0.46827412,-1,-1,-1
845,9893,672.12994,334.71237,76.07953,66.56287,0.84757096,-1,-1,-1
845,9881,491.48102,127.02401,16.375122,15.376152,0.7220218,-1,-1,-1
845,9889,507.86566,141.94179,15.945129,14.512558,0.5930354,-1,-1,-1
845,9888,608.6165,130.00195,13.166321,12.218689,0.34163868,-1,-1,-1
845,9840,566.01196,172.14304,24.300049,19.208954,0.56536084,-1,-1,-1
845,9879,630.75934,129.26123,20.111206,14.264526,0.5023258,-1,-1,-1
845,9896,850.64935,434.78705,132.6029,102.895386,0.8434395,-1,-1,-1
845,9900,407.62122,216.07224,39.954712,39.190018,0.84372324,-1,-1,-1
845,9905,538.77203,129.43402,14.143616,11.568436,0.33649713,-1,-1,-1
845,9860,301.28403,336.7582,66.843994,64.8363,0.81176114,-1,-1,-1
845,9908,516.1478,217.06058,23.291016,18.830048,0.3873491,-1,-1,-1
845,9869,749.42224,238.43355,74.09082,30.313492,0.48339552,-1,-1,-1
846,9797,586.04724,135.3088,15.787964,14.790039,0.74399555,-1,-1,-1
846,9843,292.6475,432.65,95.4725,104.51041,0.7983064,-1,-1,-1
846,9863,466.38034,206.61784,28.713318,32.94052,0.8536284,-1,-1,-1
846,9873,785.5437,320.56677,81.54877,66.56128,0.8537337,-1,-1,-1
846,9891,549.2543,345.9601,38.2771,163.8183,0.46796924,-1,-1,-1
846,9893,669.59265,330.9305,75.324646,64.43689,0.828554,-1,-1,-1
846,9881,491.17096,127.057465,16.579132,15.587799,0.72384375,-1,-1,-1
846,9889,507.3898,142.23692,16.199615,14.746201,0.618681,-1,-1,-1
846,9888,608.5656,129.92552,13.117798,12.151581,0.39889136,-1,-1,-1
846,9840,566.31946,171.54556,23.184387,18.83554,0.2870863,-1,-1,-1
846,9879,630.37146,129.0409,20.220276,14.304489,0.5494579,-1,-1,-1
846,9896,846.7921,431.31982,129.3274,103.37537,0.8642383,-1,-1,-1
846,9900,406.0762,217.79617,40.604523,39.623596,0.80657154,-1,-1,-1
846,9905,538.23883,129.65727,14.38208,11.653137,0.29004875,-1,-1,-1
846,9860,296.80402,341.34784,68.54379,66.63602,0.84132296,-1,-1,-1
846,9908,516.447,217.28052,23.130188,18.839493,0.35198087,-1,-1,-1
846,9869,749.3226,239.1297,73.76477,30.133148,0.43598855,-1,-1,-1
847,9797,585.97546,134.89014,15.677856,14.984116,0.75620747,-1,-1,-1
847,9843,290.58292,438.53174,94.560394,100.39697,0.542018,-1,-1,-1
847,9863,465.70044,207.6891,28.69638,33.45958,0.843657,-1,-1,-1
847,9873,784.945,320.01306,80.25,64.56778,0.829608,-1,-1,-1
847,9891,549.05707,344.6344,38.022034,164.4296,0.40138072,-1,-1,-1
847,9893,667.00714,327.2205,74.84021,63.894196,0.84079254,-1,-1,-1
847,9881,490.94833,127.17786,16.64029,15.677429,0.7239943,-1,-1,-1
847,9889,507.06738,142.42383,16.225403,15.161728,0.57513136,-1,-1,-1
847,9888,608.30444,129.82257,13.075989,12.415695,0.46625197,-1,-1,-1
847,9840,566.2888,170.91678,22.0307,18.83014,0.5123437,-1,-1,-1
847,9879,629.8633,128.70251,20.088074,14.3064575,0.5724941,-1,-1,-1
847,9896,843.8864,427.77264,125.6062,102.297,0.8495807,-1,-1,-1
847,9900,404.03998,219.47993,40.90329,40.426743,0.796711,-1,-1,-1
847,9905,538.1942,129.87015,13.797302,11.611984,0.41902608,-1,-1,-1
847,9860,291.3936,346.1985,70.74066,68.552765,0.8398964,-1,-1,-1
847,9908,516.1795,217.32098,23.96637,20.804306,0.35660088,-1,-1,-1
848,9797,585.9132,134.65918,15.693848,14.9192505,0.7501222,-1,-1,-1
848,9843,289.0528,449.35526,92.629456,90.61301,0.45496705,-1,-1,-1
848,9863,465.0926,209.00029,28.565552,32.941208,0.8108884,-1,-1,-1
848,9873,783.6917,318.67706,79.69446,63.891815,0.8166878,-1,-1,-1
848,9891,548.89374,344.55286,37.980225,162.96298,0.48312736,-1,-1,-1
848,9893,665.00494,324.13593,74.55542,64.45007,0.830956,-1,-1,-1
848,9881,491.12442,127.46403,16.42508,15.573448,0.7315063,-1,-1,-1
848,9889,506.89682,142.77429,16.300873,15.245621,0.6514688,-1,-1,-1
848,9888,608.2307,129.78146,13.011902,12.543213,0.53060377,-1,-1,-1
848,9840,566.0006,170.47751,21.735779,18.66597,0.6315393,-1,-1,-1
848,9879,629.7067,128.85457,19.856445,13.957596,0.59682375,-1,-1,-1
848,9896,838.02515,424.06104,127.48627,101.25659,0.84338903,-1,-1,-1
848,9900,402.4938,220.63704,41.250427,42.00923,0.7052385,-1,-1,-1
848,9905,538.0258,130.2349,13.372803,11.51384,0.5262096,-1,-1,-1
848,9860,285.9964,351.6201,72.51727,70.44653,0.86090636,-1,-1,-1
848,9908,516.5694,217.31648,24.094482,20.906372,0.31527266,-1,-1,-1
848,9869,748.26794,241.09932,74.23596,29.00676,0.27932695,-1,-1,-1
849,9797,585.5848,134.33643,15.641846,15.004913,0.7134901,-1,-1,-1
849,9843,288.00613,458.09686,88.55533,80.336,0.32654968,-1,-1,-1
849,9863,463.76913,210.48166,29.23117,33.96559,0.8334647,-1,-1,-1
849,9873,781.14923,317.89426,80.51355,63.374756,0.81583506,-1,-1,-1
849,9891,548.57874,344.23962,38.033813,163.51141,0.47751516,-1,-1,-1
849,9893,664.2355,321.21146,71.18207,63.92627,0.8399408,-1,-1,-1
849,9881,490.6961,127.77289,16.467987,15.592331,0.7370558,-1,-1,-1
849,9889,506.06082,143.16379,16.259552,15.490875,0.6416761,-1,-1,-1
849,9888,607.66266,129.07466,12.862061,13.238602,0.45662782,-1,-1,-1
849,9840,565.21313,170.29805,21.968323,18.405518,0.599427,-1,-1,-1
849,9879,629.2785,128.81699,19.799011,13.87384,0.5683297,-1,-1,-1
849,9896,834.98535,421.33206,124.40405,98.20267,0.87345713,-1,-1,-1
849,9900,400.41537,222.00713,42.04538,43.770554,0.83119017,-1,-1,-1
849,9905,537.6574,130.56975,13.142822,11.680832,0.5507839,-1,-1,-1
849,9860,280.47568,355.51624,75.62677,74.631165,0.8472541,-1,-1,-1
849,9908,516.5217,217.28825,24.466553,21.793533,0.30050197,-1,-1,-1
850,9797,585.2318,133.93652,15.793884,15.161942,0.6665858,-1,-1,-1
850,9863,462.92935,212.25478,29.315033,34.15674,0.8314329,-1,-1,-1
850,9873,780.55835,317.0809,78.93091,62.700928,0.82330686,-1,-1,-1
850,9891,548.3379,343.89798,38.66455,161.1831,0.4822438,-1,-1,-1
850,9893,663.38446,318.11163,70.335266,62.39969,0.82469434,-1,-1,-1
850,9881,490.31042,128.00612,16.589294,15.688187,0.7524086,-1,-1,-1
850,9889,505.4208,143.85176,16.07962,15.22229,0.62372273,-1,-1,-1
850,9888,607.10846,128.8674,12.939148,13.416565,0.45796123,-1,-1,-1
850,9840,564.78534,169.99187,21.61621,18.245316,0.49324125,-1,-1,-1
850,9879,628.75574,128.64056,19.524353,13.806488,0.49555755,-1,-1,-1
850,9896,830.5706,417.11902,122.97089,97.93579,0.8544091,-1,-1,-1
850,9900,398.7599,223.8708,42.830475,44.41176,0.84418404,-1,-1,-1
850,9905,536.9606,130.90654,13.887695,12.078903,0.57667816,-1,-1,-1
850,9860,275.1912,361.27917,77.83838,75.958405,0.86995655,-1,-1,-1
850,9908,516.27295,217.67516,25.199524,21.65422,0.41288936,-1,-1,-1
851,9797,585.0421,133.58667,15.82666,15.344162,0.65478045,-1,-1,-1
851,9863,462.05463,213.94685,29.353668,34.6288,0.83520585,-1,-1,-1
851,9873,780.12634,316.36267,77.450806,61.0166,0.8270394,-1,-1,-1
851,9891,548.454,337.0232,39.44049,159.9379,0.34948653,-1,-1,-1
851,9893,662.6691,315.995,69.17566,59.76306,0.8220517,-1,-1,-1
851,9881,490.12952,128.42151,16.593048,15.619598,0.7709055,-1,-1,-1
851,9889,504.78223,144.42488,16.055298,15.0069275,0.5799604,-1,-1,-1
851,9888,606.778,129.02496,13.025635,13.4144745,0.45697102,-1,-1,-1
851,9840,564.59314,169.69632,21.503418,18.109451,0.5240905,-1,-1,-1
851,9879,628.2949,128.45049,19.361877,13.882172,0.5265929,-1,-1,-1
851,9896,826.9382,414.62674,120.63318,95.90625,0.8664114,-1,-1,-1
851,9900,396.2783,226.08543,44.069397,45.048447,0.8306745,-1,-1,-1
851,9905,536.81055,131.514,14.109619,12.056656,0.5544184,-1,-1,-1
851,9860,269.24265,368.26578,78.40262,76.45419,0.8548326,-1,-1,-1
851,9908,515.9593,218.12666,26.010132,23.109604,0.29810372,-1,-1,-1
852,9797,584.8005,133.29399,15.878845,15.589523,0.67186576,-1,-1,-1
852,9863,461.3121,215.73067,29.750732,35.190765,0.8409349,-1,-1,-1
852,9873,779.2476,315.34692,76.89392,59.694244,0.8333728,-1,-1,-1
852,9891,548.365,339.93988,38.990723,154.40436,0.4208041,-1,-1,-1
852,9893,661.12396,313.70166,68.41156,57.630066,0.81213945,-1,-1,-1
852,9881,490.13358,128.78807,16.376465,15.604767,0.74981964,-1,-1,-1
852,9889,504.58554,144.89659,15.658661,15.250977,0.67047304,-1,-1,-1
852,9888,606.57275,128.98698,13.184021,13.424545,0.4707504,-1,-1,-1
852,9840,564.58075,169.45377,21.605286,17.848969,0.49580383,-1,-1,-1
852,9879,627.6532,128.22614,19.253906,13.941574,0.58474433,-1,-1,-1
852,9896,823.65265,412.26785,118.82684,92.76575,0.85590094,-1,-1,-1
852,9900,394.22418,228.4513,44.687347,45.45453,0.83110607,-1,-1,-1
852,9905,536.7795,132.12051,14.09436,12.044891,0.5934374,-1,-1,-1
852,9860,263.44406,373.34772,79.74579,78.56073,0.8602282,-1,-1,-1
852,9908,515.7697,218.51625,26.06195,24.542084,0.28220236,-1,-1,-1
853,9797,584.71295,133.08777,15.835632,15.633194,0.70576876,-1,-1,-1
853,9863,460.71707,217.05524,30.043121,35.679077,0.8428917,-1,-1,-1
853,9873,778.6024,313.90283,75.68829,58.80252,0.83313036,-1,-1,-1
853,9891,548.27637,341.15067,39.284485,154.31525,0.40312275,-1,-1,-1
853,9893,659.77606,311.98172,67.9823,56.019257,0.75174195,-1,-1,-1
853,9881,490.01254,129.06229,16.40982,15.591095,0.7239297,-1,-1,-1
853,9889,504.27762,145.24905,15.766449,15.363739,0.66353697,-1,-1,-1
853,9888,606.2314,128.60309,13.258057,13.5056305,0.4933014,-1,-1,-1
853,9840,564.93005,169.14914,20.88324,17.750916,0.602729,-1,-1,-1
853,9879,627.1641,127.81436,19.511292,14.051346,0.60810715,-1,-1,-1
853,9896,819.68384,408.3869,117.4823,91.36685,0.8497263,-1,-1,-1
853,9900,392.62668,230.40352,45.243683,45.674484,0.8432702,-1,-1,-1
853,9905,536.8959,132.63963,13.798584,12.025574,0.59634936,-1,-1,-1
853,9860,257.94818,380.84662,82.19116,79.06378,0.8563893,-1,-1,-1
854,9797,584.69836,132.96748,15.727783,15.6102295,0.6879988,-1,-1,-1
854,9863,459.6027,218.64737,31.371979,36.131393,0.8277185,-1,-1,-1
854,9873,777.35016,312.45456,74.910034,58.4664,0.82768947,-1,-1,-1
854,9893,659.6336,309.3353,65.86737,54.781677,0.78049797,-1,-1,-1
854,9881,489.9804,129.40213,16.282135,15.479767,0.7205231,-1,-1,-1
854,9889,503.76205,145.81198,16.263885,15.430664,0.69743425,-1,-1,-1
854,9888,606.0706,128.30806,13.264832,13.624481,0.5181331,-1,-1,-1
854,9840,564.9588,169.00899,20.951233,17.709396,0.6298602,-1,-1,-1
854,9879,626.6343,127.45745,19.780396,14.209328,0.60558087,-1,-1,-1
854,9896,816.2798,405.99628,117.00574,89.75589,0.86126155,-1,-1,-1
854,9900,390.49448,232.63435,45.491302,46.209915,0.8337396,-1,-1,-1
854,9905,537.2347,133.22758,13.461487,11.862335,0.5411403,-1,-1,-1
854,9860,252.62958,385.60355,82.92087,83.74762,0.86285865,-1,-1,-1
854,9867,551.30945,307.52405,40.624084,155.85449,0.33962056,-1,-1,-1
855,9797,584.5777,132.85338,15.636902,15.574768,0.6497471,-1,-1,-1
855,9863,458.37714,219.86296,31.91803,37.087418,0.8196496,-1,-1,-1
855,9873,776.5448,310.784,74.30322,58.24823,0.8226208,-1,-1,-1
855,9893,658.9138,307.56982,64.05408,53.210815,0.7615688,-1,-1,-1
855,9881,489.99924,129.77733,16.36325,15.529633,0.68499786,-1,-1,-1
855,9889,503.59372,146.39511,16.336334,15.457672,0.69207484,-1,-1,-1
855,9888,605.89044,128.21013,13.286316,13.703125,0.4776605,-1,-1,-1
855,9840,564.7123,168.83476,21.85138,17.716812,0.60099685,-1,-1,-1
855,9879,626.014,127.08795,20.002686,14.359161,0.62169766,-1,-1,-1
855,9896,813.1127,402.5425,115.862854,88.74954,0.8660163,-1,-1,-1
855,9900,388.13336,235.18187,47.065826,46.244644,0.8451351,-1,-1,-1
855,9905,537.09686,133.38213,13.4592285,12.138763,0.5388529,-1,-1,-1
855,9860,245.14195,389.3981,87.433365,88.57535,0.85026056,-1,-1,-1
856,9797,584.30896,132.56155,15.31543,15.539169,0.6012163,-1,-1,-1
856,9863,457.247,221.21213,32.24411,37.71881,0.8170099,-1,-1,-1
856,9873,775.09845,309.4985,74.26111,57.959564,0.8200628,-1,-1,-1
856,9893,658.08997,304.09732,62.39044,53.635803,0.77833223,-1,-1,-1
856,9881,489.83258,130.01196,16.514496,15.611389,0.60878646,-1,-1,-1
856,9889,503.03735,146.89316,16.262634,15.379028,0.690994,-1,-1,-1
856,9888,605.5732,127.81534,13.084351,13.910538,0.46086892,-1,-1,-1
856,9840,564.0991,168.35812,22.54065,17.87735,0.723614,-1,-1,-1
856,9879,625.5196,126.71432,19.787476,14.374992,0.62957025,-1,-1,-1
856,9896,809.93475,400.48413,114.63739,86.366394,0.85651195,-1,-1,-1
856,9900,386.77005,237.26393,46.943573,46.381943,0.8440153,-1,-1,-1
856,9905,536.7397,133.71661,13.696594,12.186737,0.44838208,-1,-1,-1
856,9860,238.26286,395.76917,89.66377,91.66574,0.8495027,-1,-1,-1
857,9797,583.92755,132.48988,14.919373,15.42688,0.5469811,-1,-1,-1
857,9863,456.19586,223.1327,31.754364,38.189224,0.82654095,-1,-1,-1
857,9873,773.0819,308.66772,75.30853,57.090576,0.81413764,-1,-1,-1
857,9893,657.02325,301.31046,61.242004,53.75699,0.7583471,-1,-1,-1
857,9881,489.5442,130.20364,16.70047,15.738998,0.5396905,-1,-1,-1
857,9889,502.42053,147.28711,16.363464,15.590652,0.59796673,-1,-1,-1
857,9888,605.1861,127.24707,12.961731,14.167145,0.29888034,-1,-1,-1
857,9840,563.7748,168.077,23.34668,17.922104,0.68271524,-1,-1,-1
857,9879,624.8618,126.47294,19.597107,14.295128,0.559526,-1,-1,-1
857,9896,806.4327,397.99432,113.43848,85.02243,0.86013424,-1,-1,-1
857,9900,384.75177,238.72343,47.43332,47.718735,0.8477425,-1,-1,-1
857,9905,536.29333,134.19885,14.182922,12.218674,0.41034892,-1,-1,-1
857,9860,230.54173,402.07263,91.718735,94.70621,0.85012907,-1,-1,-1
857,9891,547.77405,349.36462,37.990295,151.47733,0.27554893,-1,-1,-1
858,9797,583.9355,132.27783,14.969666,15.469101,0.46902815,-1,-1,-1
858,9863,455.53687,225.08269,31.373474,38.21855,0.8060455,-1,-1,-1
858,9873,772.2781,307.5189,74.97632,56.766754,0.8482351,-1,-1,-1
858,9893,656.6248,297.98126,60.251465,53.03839,0.79137945,-1,-1,-1
858,9881,489.57666,130.48691,16.779694,15.759827,0.58305526,-1,-1,-1
858,9889,502.37234,147.74162,16.249664,16.035965,0.59017754,-1,-1,-1
858,9840,563.73346,167.90562,23.486816,17.72647,0.62020075,-1,-1,-1
858,9879,624.5703,126.26813,19.12854,14.161774,0.37287918,-1,-1,-1
858,9896,803.4726,394.61395,110.38257,83.832184,0.8569097,-1,-1,-1
858,9900,382.37073,240.85054,48.50403,48.313248,0.8431244,-1,-1,-1
858,9905,535.9803,134.83629,14.801758,12.237671,0.42037135,-1,-1,-1
858,9860,225.53757,410.72375,91.999664,96.04779,0.8546749,-1,-1,-1
858,9867,550.0535,310.25806,40.770935,155.63391,0.28356278,-1,-1,-1
859,9797,583.81726,132.18225,15.071777,15.368347,0.39140275,-1,-1,-1
859,9863,454.87186,226.86676,31.48227,38.8974,0.8006025,-1,-1,-1
859,9873,771.23334,306.4979,75.039185,57.163513,0.82484007,-1,-1,-1
859,9893,655.7962,295.1534,59.36017,52.84561,0.8080986,-1,-1,-1
859,9881,489.53494,131.06575,16.781616,15.653992,0.56044996,-1,-1,-1
859,9889,502.2111,148.2811,16.268463,16.542435,0.6292935,-1,-1,-1
859,9840,563.3299,167.41795,24.049072,17.752045,0.7316864,-1,-1,-1
859,9879,624.2506,126.05655,19.31842,14.432129,0.3563535,-1,-1,-1
859,9896,800.9136,391.86737,108.58423,82.32037,0.86994886,-1,-1,-1
859,9900,381.15897,243.0669,47.252533,49.312805,0.8353975,-1,-1,-1
859,9905,535.813,135.48438,14.736877,12.247574,0.489009,-1,-1,-1
859,9860,216.64212,420.25833,95.01001,97.49777,0.8395236,-1,-1,-1
860,9797,583.5528,132.03441,15.121887,15.111847,0.4109047,-1,-1,-1
860,9863,453.90594,228.13965,31.957031,40.248688,0.81203914,-1,-1,-1
860,9873,770.5294,305.73914,73.27728,57.221283,0.83267426,-1,-1,-1
860,9893,655.0621,292.81467,57.618286,51.858215,0.80163693,-1,-1,-1
860,9881,489.57187,131.67078,16.887512,15.520813,0.5231741,-1,-1,-1
860,9889,501.7584,148.71136,16.499908,16.736786,0.636995,-1,-1,-1
860,9840,563.56647,166.99948,23.661377,17.536728,0.7275212,-1,-1,-1
860,9879,623.8865,125.96558,19.532043,14.406334,0.3845231,-1,-1,-1
860,9896,798.1563,389.19656,106.17828,80.875305,0.8527653,-1,-1,-1
860,9900,378.83466,245.24025,48.5484,50.42543,0.8350603,-1,-1,-1
860,9905,535.6028,136.07211,14.803955,12.099655,0.49751192,-1,-1,-1
860,9860,208.4254,427.00967,98.543015,99.32016,0.8168144,-1,-1,-1
860,9869,744.47156,246.78107,76.88214,30.23825,0.25045726,-1,-1,-1
860,9891,547.2108,348.71988,38.998535,153.0633,0.26854596,-1,-1,-1
860,9867,549.81396,310.3675,41.5083,155.59189,0.2966511,-1,-1,-1
861,9797,583.6047,131.86209,15.123901,14.950775,0.46181285,-1,-1,-1
861,9863,452.77808,230.78014,32.4964,40.25688,0.789142,-1,-1,-1
861,9873,769.8813,305.0821,72.06348,56.954285,0.8241716,-1,-1,-1
861,9893,654.7414,290.27676,56.43872,51.439453,0.81508464,-1,-1,-1
861,9881,489.6051,131.85321,17.075195,15.755325,0.5449031,-1,-1,-1
861,9889,501.5285,149.27771,16.569336,16.88469,0.63371825,-1,-1,-1
861,9840,563.7689,166.8616,23.243835,17.308823,0.55142295,-1,-1,-1
861,9879,623.43524,125.92283,19.79486,14.290321,0.48452833,-1,-1,-1
861,9896,795.3498,386.65747,104.33649,79.60495,0.8702785,-1,-1,-1
861,9900,376.918,247.888,48.702118,50.622467,0.82824206,-1,-1,-1
861,9905,535.3707,136.1726,14.866638,12.483719,0.59356993,-1,-1,-1
861,9860,204.78166,435.4602,96.60222,98.53229,0.78969663,-1,-1,-1
861,9869,743.81946,247.02069,76.708374,30.429932,0.3079455,-1,-1,-1
862,9797,583.51105,131.78777,15.096191,14.864014,0.49868324,-1,-1,-1
862,9863,451.4687,233.48523,32.933624,40.275818,0.7954021,-1,-1,-1
862,9873,768.8801,303.84747,71.67651,57.662384,0.7997947,-1,-1,-1
862,9893,655.12103,288.2932,54.107544,50.321564,0.820105,-1,-1,-1
862,9881,489.4502,132.05615,17.315155,16.142334,0.53969806,-1,-1,-1
862,9889,501.29666,149.75925,16.592926,17.028671,0.5802545,-1,-1,-1
862,9840,564.03894,166.69092,22.423035,17.044159,0.5992795,-1,-1,-1
862,9879,622.996,125.95621,19.762695,14.060257,0.397244,-1,-1,-1
862,9896,792.9176,384.28137,102.94995,78.61401,0.855179,-1,-1,-1
862,9900,374.5491,250.41905,49.45352,52.067123,0.80215037,-1,-1,-1
862,9905,535.2546,136.54562,15.058594,12.504547,0.59186333,-1,-1,-1
862,9860,202.22884,442.92636,94.73915,94.710236,0.6716208,-1,-1,-1
863,9797,583.3674,131.683,15.181946,14.704514,0.5168712,-1,-1,-1
863,9863,450.8692,235.24792,33.097534,40.100098,0.82254213,-1,-1,-1
863,9873,767.5424,302.74176,71.84479,58.200714,0.78952986,-1,-1,-1
863,9893,654.61316,286.19348,52.808655,49.54892,0.82000583,-1,-1,-1
863,9881,489.2512,132.39716,17.479645,16.320435,0.55304044,-1,-1,-1
863,9889,501.03152,150.49797,16.832,17.812958,0.61931884,-1,-1,-1
863,9840,564.066,166.46542,21.333923,16.88678,0.47031748,-1,-1,-1
863,9879,622.62775,125.90539,19.705017,13.972252,0.513402,-1,-1,-1
863,9896,790.1346,381.5555,101.809204,77.797424,0.8757984,-1,-1,-1
863,9900,371.84503,253.00723,50.456177,52.75354,0.81540996,-1,-1,-1
863,9905,535.2131,136.95674,15.2724,12.502014,0.5333475,-1,-1,-1
863,9860,198.95818,451.29874,92.13588,88.250824,0.44967866,-1,-1,-1
864,9797,583.18695,131.58656,15.231934,14.552383,0.49286938,-1,-1,-1
864,9863,449.7942,236.48178,33.820526,41.65866,0.77439886,-1,-1,-1
864,9873,766.67004,301.79294,71.138794,57.635468,0.7918409,-1,-1,-1
864,9893,653.4902,283.87894,51.750244,48.883606,0.82011414,-1,-1,-1
864,9881,489.0532,132.63492,17.541504,16.338074,0.4118596,-1,-1,-1
864,9889,501.13486,150.8945,16.753326,18.03389,0.65312153,-1,-1,-1
864,9840,563.41504,165.91591,20.636902,16.99057,0.5419842,-1,-1,-1
864,9879,622.3503,125.80644,19.42041,13.856491,0.5940084,-1,-1,-1
864,9896,787.6149,378.25055,100.66431,77.17145,0.85260487,-1,-1,-1
864,9900,370.2956,255.52126,49.967743,53.494278,0.8193256,-1,-1,-1
864,9905,535.15515,137.1187,15.009399,12.904831,0.41913825,-1,-1,-1
865,9797,582.8777,131.50182,15.323059,14.40416,0.4538355,-1,-1,-1
865,9863,448.11398,237.35612,34.439667,43.941055,0.7750592,-1,-1,-1
865,9873,765.6838,300.879,69.578674,56.813873,0.8218485,-1,-1,-1
865,9893,651.94855,281.76654,51.257385,48.1727,0.809872,-1,-1,-1
865,9881,488.81976,132.95108,17.64795,16.28743,0.60899013,-1,-1,-1
865,9889,500.94977,151.4731,16.59851,17.78453,0.70592624,-1,-1,-1
865,9840,563.3565,165.50093,19.950012,16.98668,0.5065461,-1,-1,-1
865,9879,622.15393,125.68719,19.26001,13.787895,0.62246585,-1,-1,-1
865,9896,783.65753,375.90857,100.83295,75.92944,0.8622954,-1,-1,-1
865,9900,367.13577,258.25815,51.90982,54.623505,0.82705647,-1,-1,-1
865,9905,535.06104,137.31328,14.544373,13.393051,0.47982645,-1,-1,-1
866,9797,582.6691,131.33963,15.264526,14.340775,0.4058402,-1,-1,-1
866,9863,446.84607,239.74425,34.735077,44.944077,0.72862273,-1,-1,-1
866,9873,764.2763,299.90616,69.48236,56.39029,0.80753136,-1,-1,-1
866,9893,652.72003,279.43423,48.92981,47.60016,0.8128036,-1,-1,-1
866,9881,488.6994,133.2532,17.767456,16.287582,0.66618466,-1,-1,-1
866,9889,500.54535,151.9879,16.7229,17.610367,0.7080352,-1,-1,-1
866,9840,563.29065,165.175,19.911438,16.803055,0.5776678,-1,-1,-1
866,9879,621.84607,125.558426,19.18811,13.714264,0.5437402,-1,-1,-1
866,9896,781.3644,373.95218,99.43341,74.0166,0.8584234,-1,-1,-1
866,9900,364.34622,261.0951,53.16913,55.867493,0.82027924,-1,-1,-1
866,9905,534.8403,137.6619,14.587891,13.735504,0.36194402,-1,-1,-1
866,9913,460.28354,222.76982,26.82196,19.420715,0.63998085,-1,-1,-1
867,9797,582.558,131.17712,14.825989,14.229767,0.4503089,-1,-1,-1
867,9863,445.61304,242.58582,34.943237,45.057587,0.82307106,-1,-1,-1
867,9873,762.66437,298.9698,69.26233,56.337708,0.8051121,-1,-1,-1
867,9893,650.84174,277.25104,49.43274,47.05356,0.8093429,-1,-1,-1
867,9881,488.7051,133.67215,17.663208,16.197632,0.6790823,-1,-1,-1
867,9889,499.7127,152.37367,17.28302,17.959457,0.7086351,-1,-1,-1
867,9840,563.2144,164.68661,20.414429,16.581924,0.69483596,-1,-1,-1
867,9879,621.4683,125.48553,19.086304,13.659676,0.64428544,-1,-1,-1
867,9896,779.3638,370.74493,98.03479,74.053375,0.8685581,-1,-1,-1
867,9900,361.51105,263.93518,54.640778,56.474213,0.8296352,-1,-1,-1
867,9905,534.6122,138.41013,15.960327,13.630188,0.29320353,-1,-1,-1
867,9888,603.1935,124.439095,12.525269,14.77317,0.31472313,-1,-1,-1
868,9797,582.4209,130.82361,14.466736,14.243347,0.432172,-1,-1,-1
868,9863,444.33145,245.10686,35.664886,45.306747,0.8479729,-1,-1,-1
868,9873,761.6539,297.99146,69.20752,56.02896,0.7774382,-1,-1,-1
868,9893,648.8051,275.55914,49.916748,45.89804,0.81247693,-1,-1,-1
868,9881,488.63028,134.08139,17.648132,16.1073,0.7052155,-1,-1,-1
868,9889,498.89243,153.16249,17.772919,18.060364,0.72517794,-1,-1,-1
868,9840,563.4385,164.31892,21.164978,16.636597,0.6389662,-1,-1,-1
868,9879,621.0041,125.286446,19.021423,13.7202835,0.6170742,-1,-1,-1
868,9896,777.30444,367.30283,96.25537,73.70801,0.8233272,-1,-1,-1
868,9900,359.3254,266.80817,55.18268,57.77057,0.84352684,-1,-1,-1
868,9905,534.17737,138.89442,16.742554,13.639847,0.2996555,-1,-1,-1
868,9888,603.0802,124.27516,12.3185425,14.840652,0.2672266,-1,-1,-1
868,9913,460.61133,221.93391,28.820862,20.889252,0.40552345,-1,-1,-1
869,9797,582.38055,130.42812,14.140198,14.3311615,0.5658206,-1,-1,-1
869,9863,442.78012,247.12021,36.23224,46.01248,0.8499886,-1,-1,-1
869,9873,760.3737,296.7096,69.05621,55.977478,0.76212096,-1,-1,-1
869,9893,647.97687,273.4849,49.4646,45.158203,0.820058,-1,-1,-1
869,9881,488.51593,134.37572,17.670013,15.8945465,0.73111075,-1,-1,-1
869,9889,498.5088,153.90617,17.812134,17.812729,0.749136,-1,-1,-1
869,9840,563.2442,163.99915,21.436218,16.63855,0.59835595,-1,-1,-1
869,9879,620.39343,125.25847,19.09674,13.622101,0.6316145,-1,-1,-1
869,9896,774.4507,365.36664,95.03381,72.62793,0.8192768,-1,-1,-1
869,9900,356.98938,269.35318,55.589783,59.42798,0.8395421,-1,-1,-1
869,9905,534.19073,139.14793,17.313965,13.75705,0.2892264,-1,-1,-1
869,9888,603.45544,125.1493,11.678101,14.072914,0.40064222,-1,-1,-1
869,9913,461.31757,221.4165,29.033112,21.480896,0.25811982,-1,-1,-1
870,9797,582.4561,130.13794,13.923523,14.452118,0.51763016,-1,-1,-1
870,9863,441.52298,249.05588,36.517883,46.90857,0.8384171,-1,-1,-1
870,9873,758.9136,294.91095,70.18536,56.499878,0.62491226,-1,-1,-1
870,9893,647.0226,271.23334,48.96228,45.168365,0.81388,-1,-1,-1
870,9881,488.35724,134.63223,17.715424,16.02452,0.70786226,-1,-1,-1
870,9889,498.3208,154.47345,18.128479,18.093872,0.7646401,-1,-1,-1
870,9840,562.9957,163.67097,21.70868,16.81987,0.55556285,-1,-1,-1
870,9879,619.463,125.353264,19.513306,13.366341,0.51501155,-1,-1,-1
870,9896,771.5303,364.19562,93.92145,71.05777,0.76857716,-1,-1,-1
870,9900,354.67416,272.61148,56.99637,59.97516,0.83656955,-1,-1,-1
870,9905,533.33453,139.49825,17.712524,14.400299,0.40650013,-1,-1,-1
870,9888,603.1924,125.800156,11.615845,13.7827,0.30061936,-1,-1,-1
870,9913,460.97534,221.48334,29.853302,21.769333,0.3959944,-1,-1,-1
871,9797,582.4199,130.03888,13.941345,14.377167,0.44424242,-1,-1,-1
871,9863,440.32776,251.10869,37.024384,47.978317,0.8308012,-1,-1,-1
871,9873,757.68085,293.27155,70.483765,57.308624,0.48571023,-1,-1,-1
871,9893,646.03796,269.5457,48.40332,44.797424,0.82321626,-1,-1,-1
871,9881,488.2969,134.91124,17.721863,16.24347,0.73562455,-1,-1,-1
871,9889,497.95413,155.2227,17.817963,18.15152,0.7497391,-1,-1,-1
871,9840,562.9913,163.56947,21.531067,16.615372,0.5233426,-1,-1,-1
871,9879,619.48517,125.34946,19.768433,13.281601,0.55172515,-1,-1,-1
871,9896,769.4251,362.6803,93.43573,69.515076,0.7942282,-1,-1,-1
871,9900,351.32803,276.44327,59.17981,60.741272,0.83345467,-1,-1,-1
871,9905,533.0277,139.78929,17.885193,14.974228,0.36801678,-1,-1,-1
872,9797,582.066,130.04381,13.918396,14.39856,0.44438887,-1,-1,-1
872,9863,439.1731,252.90262,37.476135,49.365143,0.7871084,-1,-1,-1
872,9873,756.579,292.13287,70.66211,57.210114,0.48723283,-1,-1,-1
872,9893,645.0694,267.7429,48.114502,45.058838,0.81939375,-1,-1,-1
872,9881,488.20364,135.1254,17.617249,16.540588,0.70585865,-1,-1,-1
872,9889,497.5049,155.93074,17.980743,18.082321,0.7856338,-1,-1,-1
872,9840,562.751,163.16206,22.023315,16.667511,0.4465579,-1,-1,-1
872,9879,618.81946,125.3145,19.902039,13.320923,0.52312845,-1,-1,-1
872,9896,766.81537,360.70224,92.301636,68.238556,0.7751676,-1,-1,-1
872,9900,348.91547,279.28055,58.98825,62.213806,0.8375742,-1,-1,-1
872,9905,532.85004,140.07327,17.220764,15.314362,0.3219236,-1,-1,-1
873,9797,581.7888,129.87968,14.084412,14.573654,0.371473,-1,-1,-1
873,9863,437.95773,255.20149,37.335236,50.17418,0.8125468,-1,-1,-1
873,9873,756.89355,291.30942,68.898315,56.834564,0.461063,-1,-1,-1
873,9893,644.6296,266.59543,46.98462,43.79364,0.8000963,-1,-1,-1
873,9881,488.16937,135.33977,17.586761,16.68341,0.6529348,-1,-1,-1
873,9889,497.35464,156.34358,17.761688,18.34201,0.7872702,-1,-1,-1
873,9840,562.9375,162.71642,21.882751,16.6568,0.31142616,-1,-1,-1
873,9879,618.3375,125.26452,20.058655,13.215858,0.42639002,-1,-1,-1
873,9896,764.2764,357.87555,90.99359,67.682526,0.7529847,-1,-1,-1
873,9900,346.35812,282.19495,59.392883,62.658875,0.8445095,-1,-1,-1
873,9905,532.6662,140.55722,17.016174,15.409363,0.29338086,-1,-1,-1
874,9863,436.74554,257.54138,37.660248,50.943146,0.79539484,-1,-1,-1
874,9873,755.9601,290.13107,68.85309,56.467834,0.5397585,-1,-1,-1
874,9893,644.12244,264.59348,46.405823,43.57901,0.8206856,-1,-1,-1
874,9881,488.1551,135.55043,17.39093,16.79654,0.5396497,-1,-1,-1
874,9889,497.16592,156.81506,17.732819,18.631195,0.7576366,-1,-1,-1
874,9840,563.11847,162.32964,21.908325,16.333588,0.35834283,-1,-1,-1
874,9879,617.67804,125.03419,20.450806,13.465965,0.3157651,-1,-1,-1
874,9896,762.2062,355.5699,89.06384,66.79758,0.77774644,-1,-1,-1
874,9900,343.35922,285.37772,60.040802,64.417175,0.8301584,-1,-1,-1
874,9905,532.49255,141.8457,16.672363,14.775574,0.2826488,-1,-1,-1
875,9863,435.30118,260.11548,38.488007,51.276123,0.8192141,-1,-1,-1
875,9873,755.5778,289.35904,67.59296,55.94626,0.32704923,-1,-1,-1
875,9893,643.788,262.76636,44.61786,43.24411,0.8160951,-1,-1,-1
875,9881,488.18695,135.79234,17.158722,16.748611,0.62968385,-1,-1,-1
875,9889,496.74875,157.31332,17.778656,18.709259,0.78733385,-1,-1,-1
875,9840,562.72833,162.00374,21.87555,16.076782,0.4378897,-1,-1,-1
875,9879,617.67633,124.76609,20.175903,13.464943,0.3392476,-1,-1,-1
875,9896,759.30383,353.37396,90.364685,66.5517,0.6257606,-1,-1,-1
875,9900,340.2386,288.42236,60.108124,66.34619,0.8376929,-1,-1,-1
875,9905,532.35236,142.80556,16.81543,14.480194,0.4366983,-1,-1,-1
875,9867,549.7138,314.10468,40.713318,148.00555,0.2742276,-1,-1,-1
876,9863,433.77634,262.4389,39.531128,52.43112,0.8053687,-1,-1,-1
876,9873,753.6511,289.64838,68.44049,54.63437,0.51856166,-1,-1,-1
876,9893,643.4076,260.82495,43.48999,42.354095,0.80738646,-1,-1,-1
876,9881,488.1714,136.15092,17.102325,16.730774,0.62145793,-1,-1,-1
876,9889,496.25507,157.96333,17.836426,18.478806,0.8020918,-1,-1,-1
876,9879,617.31573,124.57321,20.197205,13.575302,0.26003733,-1,-1,-1
876,9896,756.76733,351.41162,89.9812,65.79001,0.439636,-1,-1,-1
876,9900,336.69693,291.44012,61.88266,68.01877,0.8584086,-1,-1,-1
876,9905,532.3418,143.41527,17.100098,14.62384,0.37240404,-1,-1,-1
877,9863,432.48154,265.11908,39.65802,52.367126,0.8160943,-1,-1,-1
877,9873,752.7928,289.5278,67.32483,53.429443,0.6471408,-1,-1,-1
877,9893,643.2546,259.84164,42.16205,41.017975,0.78105986,-1,-1,-1
877,9881,488.0074,136.58713,17.308289,16.546692,0.5826701,-1,-1,-1
877,9889,495.80646,158.74725,18.217346,18.239792,0.83011425,-1,-1,-1
877,9879,617.13446,124.487236,20.234192,13.481606,0.3323834,-1,-1,-1
877,9896,754.91376,348.92233,87.44116,64.74429,0.5055034,-1,-1,-1
877,9900,333.131,294.41135,62.96585,69.253845,0.8509758,-1,-1,-1
877,9905,532.2041,144.08542,17.404663,14.587036,0.28462222,-1,-1,-1
877,9867,549.862,314.09064,40.11609,146.77167,0.3111036,-1,-1,-1
878,9863,431.10812,267.8105,40.145782,52.867065,0.8243062,-1,-1,-1
878,9873,752.5302,289.21356,66.30322,52.58835,0.72577757,-1,-1,-1
878,9893,642.5344,258.15775,42.013367,40.706543,0.8221351,-1,-1,-1
878,9881,487.76913,136.90427,17.548767,16.620834,0.5768586,-1,-1,-1
878,9889,495.63156,159.67413,18.462982,18.003769,0.8260183,-1,-1,-1
878,9879,617.0788,124.430504,20.146729,13.371407,0.26705465,-1,-1,-1
878,9896,753.3629,347.12433,85.489624,64.10693,0.5093075,-1,-1,-1
878,9900,329.35675,297.201,64.096436,71.41919,0.84391797,-1,-1,-1
878,9905,532.08307,144.58989,17.656128,14.71254,0.4280027,-1,-1,-1
878,9867,549.7768,316.805,39.850708,156.4679,0.39458275,-1,-1,-1
879,9863,429.9215,270.37677,39.98877,53.57321,0.83003736,-1,-1,-1
879,9873,752.44293,288.79224,65.59235,52.063873,0.6212654,-1,-1,-1
879,9893,642.29297,256.60577,41.026,39.69226,0.8009108,-1,-1,-1
879,9881,487.68674,137.11693,17.648926,16.79393,0.5927617,-1,-1,-1
879,9889,495.33533,160.30568,18.58905,18.026321,0.81995076,-1,-1,-1
879,9896,751.1558,345.51486,84.58954,62.890106,0.50283265,-1,-1,-1
879,9900,325.1967,301.5419,66.15881,72.06235,0.8508988,-1,-1,-1
879,9905,532.0186,144.81409,17.335632,14.971954,0.3201186,-1,-1,-1
879,9867,549.6654,317.4508,39.511047,158.57516,0.4490092,-1,-1,-1
880,9863,427.8037,272.48264,41.370483,55.82779,0.8100352,-1,-1,-1
880,9873,752.2558,287.5097,64.5293,52.511627,0.53351516,-1,-1,-1
880,9893,640.8939,254.31732,41.227173,39.924988,0.7949281,-1,-1,-1
880,9881,487.80167,137.64743,17.533722,16.74678,0.6300876,-1,-1,-1
880,9889,494.90338,160.94107,18.798584,18.159195,0.8001243,-1,-1,-1
880,9896,748.70026,343.79346,85.45825,62.24002,0.4717753,-1,-1,-1
880,9900,321.0824,305.22662,68.39011,74.14209,0.84803337,-1,-1,-1
880,9905,531.65735,145.09998,17.428894,15.261307,0.288914,-1,-1,-1
880,9867,549.6225,317.19565,39.667847,159.04794,0.3947438,-1,-1,-1
881,9863,426.43988,274.77625,41.3833,56.909424,0.8215985,-1,-1,-1
881,9873,751.35785,287.8162,64.614624,51.409546,0.36641416,-1,-1,-1
881,9893,638.99304,253.42429,41.839478,38.9534,0.80220866,-1,-1,-1
881,9881,487.62143,138.22865,17.667114,16.826126,0.6928592,-1,-1,-1
881,9889,494.53043,161.65642,19.036713,18.359573,0.80114114,-1,-1,-1
881,9896,746.0264,341.91736,85.22656,61.13147,0.3282375,-1,-1,-1
881,9900,317.97354,310.59067,68.791626,74.76251,0.85950017,-1,-1,-1
881,9905,531.3138,145.50555,17.939758,15.562576,0.3762202,-1,-1,-1
881,9867,549.5823,318.49527,40.00403,159.0893,0.56895524,-1,-1,-1
881,9915,515.19586,136.09827,18.286682,15.646133,0.4824541,-1,-1,-1
882,9863,424.43878,278.69556,43.704865,57.123474,0.8274972,-1,-1,-1
882,9873,751.015,287.85736,63.316284,50.246063,0.27053866,-1,-1,-1
882,9893,638.6118,252.36,41.381775,38.104874,0.8136718,-1,-1,-1
882,9881,487.58667,138.64743,17.763123,16.898056,0.7063564,-1,-1,-1
882,9889,494.4079,162.30867,19.053833,18.44783,0.800996,-1,-1,-1
882,9900,312.82272,314.53683,71.78287,77.48117,0.8691013,-1,-1,-1
882,9905,531.2016,145.79999,17.82019,15.742645,0.43536273,-1,-1,-1
882,9867,549.6609,318.4344,40.103394,153.86838,0.44422734,-1,-1,-1
882,9915,515.42334,136.50035,17.846191,15.522491,0.47534725,-1,-1,-1
883,9863,421.89392,282.58142,46.387146,57.450256,0.8041171,-1,-1,-1
883,9893,637.48956,251.12239,41.38202,37.640762,0.80255497,-1,-1,-1
883,9881,487.34384,138.97264,18.03415,17.049988,0.6768669,-1,-1,-1
883,9889,494.1961,162.65843,19.194092,18.864792,0.7941194,-1,-1,-1
883,9900,308.62177,318.9658,72.91824,77.65686,0.86176515,-1,-1,-1
883,9905,531.1447,146.37398,17.713074,15.70874,0.4803173,-1,-1,-1
883,9867,549.5966,318.90414,40.475952,151.98285,0.57086337,-1,-1,-1
883,9915,515.54803,136.77187,18.0672,15.525375,0.35211018,-1,-1,-1
883,9896,743.36633,337.3957,80.68408,60.603455,0.51959366,-1,-1,-1
884,9863,420.2921,285.65506,48.043915,58.168915,0.7842452,-1,-1,-1
884,9893,635.93634,249.1662,42.1911,37.858215,0.8256474,-1,-1,-1
884,9881,487.16113,139.25702,18.076874,17.051498,0.61188734,-1,-1,-1
884,9889,493.6176,163.00656,19.805176,19.279465,0.77795386,-1,-1,-1
884,9900,304.6093,322.8036,75.13251,79.87729,0.8697653,-1,-1,-1
884,9905,530.83105,146.92361,17.800964,15.816299,0.463731,-1,-1,-1
884,9867,549.5957,319.33688,40.515747,148.73245,0.49472183,-1,-1,-1
884,9896,741.4957,335.72845,79.00549,59.194794,0.3172079,-1,-1,-1
885,9863,418.67816,288.2057,48.2547,59.396637,0.8208938,-1,-1,-1
885,9893,635.3035,247.33443,41.40497,37.826797,0.8096707,-1,-1,-1
885,9881,486.97455,139.60757,18.25412,17.214203,0.60578626,-1,-1,-1
885,9889,493.14685,163.65881,20.053772,19.499664,0.7950914,-1,-1,-1
885,9900,300.9741,328.12558,76.54657,80.68292,0.8711274,-1,-1,-1
885,9905,530.66376,147.41861,17.711304,15.776688,0.5709216,-1,-1,-1
885,9867,549.2679,319.62952,41.06427,148.95755,0.6111427,-1,-1,-1
886,9863,416.86182,290.56564,51.2193,61.733063,0.8188355,-1,-1,-1
886,9893,635.23114,245.8377,39.87433,37.348175,0.82447517,-1,-1,-1
886,9881,486.88174,139.9711,18.342834,17.323715,0.6538998,-1,-1,-1
886,9889,492.69073,164.46266,20.267944,19.593079,0.80929124,-1,-1,-1
886,9900,295.6087,333.00165,78.81241,83.06445,0.87329555,-1,-1,-1
886,9905,530.08136,148.00578,18.000671,15.67189,0.59966123,-1,-1,-1
886,9867,549.27814,320.2576,41.257507,147.49295,0.455337,-1,-1,-1
886,9915,513.02826,138.9827,20.210876,15.097366,0.35591325,-1,-1,-1
887,9863,414.49994,292.8014,53.48755,63.712402,0.81957996,-1,-1,-1
887,9893,634.32965,244.75067,39.927063,36.868286,0.80747247,-1,-1,-1
887,9881,486.62808,140.29112,18.545837,17.381714,0.6723044,-1,-1,-1
887,9889,492.37354,165.22089,20.033203,19.798218,0.8172035,-1,-1,-1
887,9900,291.64865,335.7128,78.70087,86.54791,0.87088364,-1,-1,-1
887,9905,529.8146,148.46538,18.143372,15.875626,0.6482283,-1,-1,-1
887,9867,549.5138,321.59143,40.95807,143.70007,0.41236535,-1,-1,-1
887,9915,513.8696,139.44275,19.542236,14.968857,0.47091794,-1,-1,-1
888,9863,411.95358,295.64862,54.014038,65.493866,0.7711234,-1,-1,-1
888,9893,634.2125,243.6429,39.199463,36.538956,0.8094943,-1,-1,-1
888,9881,486.78363,140.67726,18.322632,17.334732,0.65482575,-1,-1,-1
888,9889,492.0455,165.77095,20.258453,20.111359,0.81578374,-1,-1,-1
888,9900,286.56247,341.03458,80.91818,88.48892,0.8672199,-1,-1,-1
888,9905,529.6846,149.12231,18.374268,16.00763,0.5750992,-1,-1,-1
888,9867,549.6802,322.66663,40.4339,145.54385,0.41511512,-1,-1,-1
888,9915,514.71716,139.51479,19.217041,15.169601,0.4500955,-1,-1,-1
889,9863,410.22684,300.1708,50.598633,65.59195,0.76738966,-1,-1,-1
889,9893,633.8755,242.98563,38.436462,35.326996,0.8108119,-1,-1,-1
889,9881,486.6999,141.02605,18.279175,17.256851,0.68738866,-1,-1,-1
889,9889,491.59488,166.58182,20.488068,20.08931,0.83073175,-1,-1,-1
889,9900,281.97693,345.3324,82.058716,90.73401,0.8689713,-1,-1,-1
889,9905,529.36774,149.73305,18.380249,16.152847,0.4482343,-1,-1,-1
889,9867,549.923,321.44586,39.217834,146.55807,0.47654065,-1,-1,-1
889,9915,515.0963,139.87294,18.39685,15.235886,0.40626007,-1,-1,-1
890,9863,408.4504,304.55408,50.052917,65.568726,0.60786617,-1,-1,-1
890,9893,633.18304,241.79503,38.03833,34.99324,0.81251657,-1,-1,-1
890,9881,486.62192,141.60027,18.355927,17.173126,0.73463553,-1,-1,-1
890,9889,491.4188,167.40077,20.186035,19.974762,0.83498794,-1,-1,-1
890,9900,277.23938,350.74014,83.92975,93.15085,0.8735439,-1,-1,-1
890,9905,529.2333,150.22426,18.684326,16.347977,0.48779586,-1,-1,-1
890,9867,549.8491,321.041,39.36023,147.91476,0.25994852,-1,-1,-1
890,9915,513.6051,140.15685,18.629272,15.85968,0.39540064,-1,-1,-1
890,9916,925.98566,493.8965,97.94971,46.103485,0.433977,-1,-1,-1
890,9873,741.7714,270.27994,72.16339,56.207123,0.4,-1,-1,-1
890,9896,729.85974,325.64853,72.26099,54.60675,0.5823315,-1,-1,-1
891,9863,405.85028,309.27255,51.843353,65.76077,0.70622844,-1,-1,-1
891,9893,632.8568,240.32323,37.38922,35.143723,0.8199617,-1,-1,-1
891,9881,486.70987,142.18022,18.282959,17.036148,0.7207531,-1,-1,-1
891,9889,490.99796,167.94801,20.250916,20.11618,0.7958726,-1,-1,-1
891,9900,272.57733,356.35162,85.09329,95.21051,0.86839706,-1,-1,-1
891,9867,549.76953,323.13074,39.68457,147.88724,0.372449,-1,-1,-1
891,9915,512.59076,140.20341,19.427856,16.476257,0.32014298,-1,-1,-1
891,9916,924.4556,492.25806,99.453186,47.741943,0.37006354,-1,-1,-1
891,9873,741.13165,270.1648,73.36902,54.583008,0.5253121,-1,-1,-1
891,9896,726.89667,325.32416,73.3916,52.043427,0.6730586,-1,-1,-1
892,9863,404.2945,314.53732,51.065308,65.32471,0.7207938,-1,-1,-1
892,9893,632.5951,238.84341,36.33899,35.15851,0.8309213,-1,-1,-1
892,9881,486.59897,142.52196,18.171692,17.071365,0.70667577,-1,-1,-1
892,9889,490.4996,168.8468,20.157745,20.167862,0.7412525,-1,-1,-1
892,9900,267.95023,361.78033,85.7041,98.014496,0.8803867,-1,-1,-1
892,9867,549.73193,323.0658,39.871887,147.31345,0.39811274,-1,-1,-1
892,9916,921.32684,491.33475,102.60602,48.665253,0.5022824,-1,-1,-1
892,9873,740.5311,270.23285,74.704895,53.263855,0.5080602,-1,-1,-1
892,9896,725.0824,323.94388,72.41278,51.084015,0.75581515,-1,-1,-1
893,9863,401.9227,319.0167,53.358124,66.05701,0.82212555,-1,-1,-1
893,9893,631.8459,237.62079,35.815796,34.625885,0.816453,-1,-1,-1
893,9881,486.33374,142.90668,18.345978,17.376083,0.7601129,-1,-1,-1
893,9889,489.9894,170.01172,19.705597,19.861923,0.802926,-1,-1,-1
893,9900,261.12317,366.66287,88.86215,102.722595,0.89305323,-1,-1,-1
893,9867,549.8945,325.45917,39.447205,148.77936,0.52725923,-1,-1,-1
893,9916,916.2646,490.15128,107.73541,49.848724,0.37671715,-1,-1,-1
893,9873,740.2659,270.75696,76.26422,51.250336,0.6015394,-1,-1,-1
893,9896,723.6876,322.25378,70.22937,50.430603,0.7526549,-1,-1,-1
893,9915,512.704,140.51704,18.698425,17.096771,0.4735243,-1,-1,-1
894,9863,399.58942,322.46625,54.5766,67.58557,0.8044971,-1,-1,-1
894,9893,630.8645,236.56973,36.221497,34.31952,0.82458115,-1,-1,-1
894,9881,485.9923,143.08289,18.460815,17.610306,0.7738168,-1,-1,-1
894,9889,489.4362,170.976,19.512878,19.750229,0.8389253,-1,-1,-1
894,9900,254.96104,372.63956,92.55043,104.241,0.8872198,-1,-1,-1
894,9867,550.0343,326.10153,39.233765,151.98392,0.55581903,-1,-1,-1
894,9916,913.99023,488.52283,109.96771,51.477173,0.43714,-1,-1,-1
894,9873,740.4236,269.98975,78.28992,51.568024,0.7180274,-1,-1,-1
894,9896,721.6934,320.41592,69.37738,49.868195,0.7847329,-1,-1,-1
894,9915,512.3661,140.87259,18.68274,17.112793,0.5564288,-1,-1,-1
895,9863,397.2799,326.64252,55.18289,68.510284,0.81411505,-1,-1,-1
895,9893,630.372,235.58688,36.117676,33.69171,0.85343134,-1,-1,-1
895,9881,485.76013,143.37361,18.544281,17.617447,0.76761436,-1,-1,-1
895,9889,488.83542,171.9622,19.60086,19.690018,0.8251475,-1,-1,-1
895,9900,248.02562,378.69177,93.11168,108.24948,0.8737449,-1,-1,-1
895,9867,550.2053,326.61215,39.073303,149.03561,0.5965968,-1,-1,-1
895,9916,911.2362,486.7107,112.73883,53.289307,0.288361,-1,-1,-1
895,9873,740.597,270.36276,79.418396,50.99643,0.66280884,-1,-1,-1
895,9896,720.08075,319.68164,68.9986,48.379242,0.7125827,-1,-1,-1
895,9915,512.5673,141.80467,18.27716,16.675125,0.55722237,-1,-1,-1
895,9917,547.4277,371.46817,36.851624,142.86441,0.3793836,-1,-1,-1
896,9863,395.17612,329.63028,55.772827,70.75238,0.83987665,-1,-1,-1
896,9893,629.6877,233.9302,36.305664,33.89856,0.8430629,-1,-1,-1
896,9881,485.7176,143.73553,18.584442,17.55095,0.73016775,-1,-1,-1
896,9889,488.1158,173.13853,20.144073,19.462585,0.8048961,-1,-1,-1
896,9900,241.45367,385.5925,96.8967,111.64575,0.86352116,-1,-1,-1
896,9867,550.18945,325.6391,37.87628,150.77933,0.48214668,-1,-1,-1
896,9916,908.45917,483.28452,115.5152,56.715485,0.27523005,-1,-1,-1
896,9873,740.8706,270.87524,80.10181,49.075623,0.630183,-1,-1,-1
896,9896,718.34705,317.71683,68.4939,47.90164,0.63122475,-1,-1,-1
896,9915,513.1196,142.37909,17.647278,16.438934,0.5594762,-1,-1,-1
896,9917,547.4935,371.80997,36.64093,142.5687,0.52163345,-1,-1,-1
897,9863,392.04236,332.55316,56.96936,73.27637,0.8345319,-1,-1,-1
897,9893,629.4761,232.53967,35.700684,33.727814,0.85488605,-1,-1,-1
897,9881,485.62027,144.01486,18.766113,17.891113,0.7213063,-1,-1,-1
897,9889,487.68973,174.03606,20.096985,19.348236,0.795019,-1,-1,-1
897,9900,235.0137,392.30057,96.93411,114.36926,0.87205523,-1,-1,-1
897,9867,550.30096,326.1826,38.292236,151.24545,0.5570953,-1,-1,-1
897,9916,905.4809,483.62183,118.519104,56.36444,0.33289212,-1,-1,-1
897,9873,741.0235,271.89798,80.52838,47.72107,0.5093602,-1,-1,-1
897,9896,716.4387,315.44244,68.44946,47.51013,0.5707431,-1,-1,-1
897,9915,511.87033,142.89592,19.18808,16.51007,0.57985187,-1,-1,-1
897,9917,547.118,371.90237,37.131287,141.13602,0.4571135,-1,-1,-1
898,9863,387.99582,336.1126,58.723785,75.295685,0.83240676,-1,-1,-1
898,9893,629.1093,231.68715,35.31317,32.965103,0.8345016,-1,-1,-1
898,9881,485.54468,144.45508,18.768768,18.225342,0.6661363,-1,-1,-1
898,9889,487.32587,174.52477,19.944275,19.57109,0.7929516,-1,-1,-1
898,9900,227.15678,400.09082,100.9861,116.44501,0.8715422,-1,-1,-1
898,9867,550.31244,327.23364,38.643555,151.78894,0.571331,-1,-1,-1
898,9916,901.0889,483.00015,122.89258,56.999847,0.33050686,-1,-1,-1
898,9873,740.4304,271.7226,81.855774,46.651093,0.5518039,-1,-1,-1
898,9896,713.85803,313.351,68.352295,47.815643,0.5873963,-1,-1,-1
898,9915,511.97467,143.29552,19.045105,16.585983,0.5511378,-1,-1,-1
898,9917,547.01953,371.87665,37.185608,141.44476,0.41526234,-1,-1,-1
898,9919,952.61206,229.7671,71.32715,38.38896,0.38356394,-1,-1,-1
899,9863,385.58243,339.77377,59.781647,78.20276,0.8588,-1,-1,-1
899,9893,628.76807,230.46912,35.107544,32.783142,0.84548694,-1,-1,-1
899,9881,485.26562,144.87941,18.823822,18.267456,0.69640815,-1,-1,-1
899,9889,486.99905,175.02147,19.812805,20.050446,0.7767854,-1,-1,-1
899,9900,219.67946,405.8419,104.86641,121.16763,0.8520741,-1,-1,-1
899,9867,550.3469,325.71637,38.065918,153.13882,0.54877055,-1,-1,-1
899,9916,897.783,482.75,126.17963,57.223816,0.5194887,-1,-1,-1
899,9873,739.83466,273.40417,82.415344,44.94751,0.32986483,-1,-1,-1
899,9896,712.22455,310.947,66.66388,47.97113,0.35156953,-1,-1,-1
899,9915,512.15405,143.42276,19.495361,16.69072,0.6019903,-1,-1,-1
899,9917,547.2287,371.69104,36.668945,142.63959,0.35529438,-1,-1,-1
899,9919,953.1979,229.80666,70.71503,38.69139,0.37452036,-1,-1,-1
899,9905,527.55676,155.93297,19.30249,17.34346,0.3425026,-1,-1,-1
900,9863,383.69608,344.86584,59.87552,79.20627,0.8643774,-1,-1,-1
900,9893,627.8772,229.46887,35.164,32.232025,0.8244444,-1,-1,-1
900,9881,484.87097,145.42043,19.030884,18.326462,0.72918576,-1,-1,-1
900,9889,486.39447,175.82976,19.872894,20.41124,0.7789754,-1,-1,-1
900,9900,212.83347,412.86,106.18271,123.45514,0.8708158,-1,-1,-1
900,9867,550.4999,325.60547,37.222534,151.67044,0.6196376,-1,-1,-1
900,9916,895.36475,482.0,128.61359,57.983948,0.6548085,-1,-1,-1
900,9896,711.33527,309.28003,64.56897,47.68634,0.3596742,-1,-1,-1
900,9915,511.68884,143.64366,20.652283,16.96019,0.67993337,-1,-1,-1
900,9917,547.73663,371.96704,35.938965,142.34204,0.398174,-1,-1,-1
900,9919,953.38464,229.81812,70.56433,38.97815,0.3847713,-1,-1,-1
900,9905,527.3392,156.456,19.659485,17.62239,0.25361225,-1,-1,-1
901,9863,381.7792,349.88776,60.305115,80.5166,0.86683816,-1,-1,-1
901,9893,627.3904,228.35779,34.677673,31.978333,0.83377576,-1,-1,-1
901,9881,484.67957,145.97499,19.082275,18.147415,0.7590521,-1,-1,-1
901,9889,486.2349,176.94568,20.061188,20.211823,0.7841787,-1,-1,-1
901,9900,204.0443,420.73642,111.01518,118.95303,0.8868908,-1,-1,-1
901,9867,550.9304,325.74518,36.36676,151.47888,0.55165344,-1,-1,-1
901,9916,893.8636,481.77155,130.11359,58.200073,0.6925114,-1,-1,-1
901,9896,710.5606,307.3967,63.031494,47.96585,0.5899651,-1,-1,-1
901,9915,511.7403,143.62317,20.830627,17.27507,0.7004148,-1,-1,-1
901,9917,548.25183,370.4855,35.673218,146.20895,0.26845455,-1,-1,-1
901,9919,953.3213,230.05743,70.64496,39.107788,0.46739233,-1,-1,-1
901,9905,527.00195,157.49872,19.74414,17.31459,0.26486722,-1,-1,-1
901,9873,738.7462,274.37607,83.10779,42.263977,0.40243477,-1,-1,-1
902,9863,379.23276,354.15247,61.200592,82.993164,0.8662936,-1,-1,-1
902,9893,626.7161,227.17448,34.088562,31.526352,0.8136914,-1,-1,-1
902,9881,484.40878,146.48491,19.12207,17.93657,0.7699591,-1,-1,-1
902,9889,485.7432,178.06549,20.185394,20.253036,0.8045055,-1,-1,-1
902,9900,198.95564,428.85257,111.479965,111.14743,0.87808126,-1,-1,-1
902,9867,550.92194,325.1305,36.460144,154.67517,0.39709672,-1,-1,-1
902,9916,892.8619,478.3603,131.13812,61.63971,0.65708107,-1,-1,-1
902,9896,708.5706,306.21133,62.542664,47.09442,0.64954585,-1,-1,-1
902,9915,512.1207,144.03143,20.485718,17.120438,0.65668577,-1,-1,-1
902,9917,548.31555,372.77655,35.490784,153.74011,0.29630414,-1,-1,-1
902,9919,953.3259,230.3319,70.578186,38.98381,0.50164115,-1,-1,-1
902,9905,526.7427,158.14154,19.843872,17.483063,0.25705788,-1,-1,-1
903,9863,375.95724,359.9862,62.809387,84.913605,0.8699779,-1,-1,-1
903,9893,626.3014,226.12338,33.999817,30.98114,0.7974455,-1,-1,-1
903,9881,484.3724,147.00874,19.204681,17.815933,0.72669184,-1,-1,-1
903,9889,485.35004,178.82736,20.69812,20.677444,0.80942816,-1,-1,-1
903,9900,192.3699,437.567,112.0069,102.31607,0.885852,-1,-1,-1
903,9867,551.1076,326.295,36.245667,155.22226,0.46965376,-1,-1,-1
903,9916,891.499,476.20703,132.50098,63.285583,0.554081,-1,-1,-1
903,9896,706.40875,304.8132,62.907043,46.29895,0.6621618,-1,-1,-1
903,9915,511.49042,144.46486,20.52533,17.178894,0.44439048,-1,-1,-1
903,9917,548.4421,370.05695,36.01416,151.41699,0.2678162,-1,-1,-1
903,9919,953.35657,230.44914,70.612,39.04695,0.5084564,-1,-1,-1
904,9863,373.24432,364.1725,64.23523,87.03705,0.87150395,-1,-1,-1
904,9893,625.9393,225.58871,33.311707,30.375885,0.78310734,-1,-1,-1
904,9881,484.33594,147.37872,19.321777,17.984177,0.724578,-1,-1,-1
904,9889,485.088,179.58705,20.763458,20.77472,0.8273933,-1,-1,-1
904,9900,191.06166,446.3661,107.87038,93.624146,0.8329689,-1,-1,-1
904,9867,550.9905,325.71188,36.483093,156.75568,0.33631977,-1,-1,-1
904,9916,890.3188,475.07523,133.67719,63.91928,0.5090621,-1,-1,-1
904,9896,704.7796,303.53046,61.864807,45.536926,0.7766016,-1,-1,-1
904,9915,512.0248,145.0843,19.562134,16.904266,0.48998672,-1,-1,-1
904,9919,953.35455,230.4671,70.62268,39.679993,0.42696348,-1,-1,-1
905,9863,370.5424,369.23383,64.94687,89.38324,0.86127186,-1,-1,-1
905,9893,625.9944,224.63727,32.752014,30.17418,0.77501404,-1,-1,-1
905,9881,484.34808,147.76346,19.486115,18.10962,0.6550631,-1,-1,-1
905,9889,484.7543,180.16914,20.94104,21.120575,0.8148984,-1,-1,-1
905,9900,186.77646,456.1076,105.208466,81.79431,0.81742364,-1,-1,-1
905,9867,551.0331,327.34232,36.94171,161.6326,0.56765735,-1,-1,-1
905,9916,886.6014,473.2081,137.36578,65.77701,0.67303854,-1,-1,-1
905,9896,703.5158,302.08453,61.00238,45.042206,0.709598,-1,-1,-1
905,9915,511.09625,145.86021,20.088501,16.73906,0.2791237,-1,-1,-1
905,9919,952.7945,230.515,71.122986,39.998978,0.4895752,-1,-1,-1
906,9863,367.4805,374.77,66.16193,91.63428,0.8642796,-1,-1,-1
906,9893,625.63794,223.77257,32.59503,30.15129,0.7790002,-1,-1,-1
906,9881,484.2431,148.3211,19.682709,18.121582,0.5222267,-1,-1,-1
906,9889,483.9346,181.21259,21.430603,21.266968,0.7364002,-1,-1,-1
906,9900,181.56625,465.65433,103.574036,72.79904,0.7815779,-1,-1,-1
906,9867,550.941,325.63477,36.938354,163.58844,0.42604104,-1,-1,-1
906,9916,884.2483,472.79907,139.73315,65.56305,0.6326814,-1,-1,-1
906,9896,701.79816,300.47028,60.982117,44.431244,0.67835647,-1,-1,-1
906,9919,952.5939,230.69308,71.32617,40.229736,0.37333217,-1,-1,-1
906,9917,548.7441,374.10413,35.8006,153.90106,0.266871,-1,-1,-1
907,9863,363.87747,378.89584,67.53122,96.06851,0.8690257,-1,-1,-1
907,9893,625.1704,222.93687,32.580627,30.109024,0.7932062,-1,-1,-1
907,9881,484.06882,148.79181,19.928009,18.137497,0.5999693,-1,-1,-1
907,9889,483.50897,182.04787,21.337463,21.162949,0.7487632,-1,-1,-1
907,9900,176.6152,476.6003,102.56406,62.322662,0.62664104,-1,-1,-1
907,9867,550.86554,325.61288,37.066833,164.81088,0.40585917,-1,-1,-1
907,9916,880.93695,471.46744,143.04712,67.09396,0.54688704,-1,-1,-1
907,9896,700.413,299.15192,60.27185,43.528442,0.57527906,-1,-1,-1
907,9919,951.9388,230.87503,72.02496,40.41867,0.3748887,-1,-1,-1
907,9917,548.8081,374.9466,35.685974,155.03967,0.36666748,-1,-1,-1
908,9863,358.68317,385.8166,70.63254,97.55136,0.86571646,-1,-1,-1
908,9893,624.8581,222.3139,32.29065,29.946075,0.76753783,-1,-1,-1
908,9881,484.16974,149.29842,20.052582,18.167252,0.6294083,-1,-1,-1
908,9889,483.1221,182.98763,21.358154,21.38478,0.71897876,-1,-1,-1
908,9900,178.97163,486.97897,93.25285,51.92813,0.548263,-1,-1,-1
908,9867,550.98627,325.8767,36.76709,163.50208,0.36435318,-1,-1,-1
908,9916,878.9296,470.90692,145.04163,67.674866,0.3256221,-1,-1,-1
908,9896,699.32556,297.88742,58.91266,42.108948,0.5478872,-1,-1,-1
908,9919,951.277,230.81929,72.69147,41.029953,0.36073753,-1,-1,-1
908,9915,511.27332,147.6933,19.466492,16.661133,0.35590595,-1,-1,-1
909,9863,355.9025,392.28775,70.97345,99.111725,0.8610437,-1,-1,-1
909,9893,624.1944,221.41531,32.46997,29.58789,0.7339322,-1,-1,-1
909,9881,484.17853,149.7564,19.979218,18.088882,0.7154186,-1,-1,-1
909,9889,482.61432,184.22812,21.744415,21.130081,0.56565493,-1,-1,-1
909,9867,550.95844,324.68817,36.56775,165.54263,0.31238928,-1,-1,-1
909,9916,877.86505,469.67014,146.13495,69.13443,0.36801735,-1,-1,-1
909,9896,698.301,296.24707,57.799988,41.018982,0.4201547,-1,-1,-1
909,9915,511.1002,148.56506,18.8107,16.285995,0.36970234,-1,-1,-1
909,9917,548.7459,380.77734,35.2984,152.57996,0.32167345,-1,-1,-1
910,9863,352.34607,398.61792,72.17694,101.06671,0.8556081,-1,-1,-1
910,9893,623.8939,220.3597,32.43219,29.566696,0.7880812,-1,-1,-1
910,9881,484.09735,150.01422,19.894287,18.189774,0.6982237,-1,-1,-1
910,9889,482.2159,185.2646,21.90384,21.007584,0.60473907,-1,-1,-1
910,9867,551.14453,325.1553,36.2312,165.6213,0.33426785,-1,-1,-1
910,9916,876.28107,468.61542,147.7055,70.00458,0.52671605,-1,-1,-1
910,9896,697.15106,294.3495,56.753845,40.536133,0.6121274,-1,-1,-1
910,9915,510.78217,148.89468,18.651978,16.438904,0.31297278,-1,-1,-1
910,9917,548.79816,382.97647,35.042236,151.17117,0.37830365,-1,-1,-1
911,9863,347.9731,405.27603,73.933044,103.59241,0.87671894,-1,-1,-1
911,9893,623.6863,219.6088,32.17151,29.724579,0.80117005,-1,-1,-1
911,9881,483.9168,150.42091,19.969757,18.31311,0.7150974,-1,-1,-1
911,9889,481.9156,186.2163,21.632935,20.884277,0.57138103,-1,-1,-1
911,9867,551.02155,326.48245,37.344788,164.8432,0.434499,-1,-1,-1
911,9916,873.5656,467.39334,150.39667,71.23862,0.6574203,-1,-1,-1
911,9896,694.3951,293.5364,57.354553,39.337402,0.42544276,-1,-1,-1
911,9915,510.667,149.26146,18.69226,16.516922,0.36184758,-1,-1,-1
911,9917,548.9755,383.23764,35.04071,151.03604,0.31186283,-1,-1,-1
912,9863,343.8975,411.93414,76.55905,105.94757,0.8765154,-1,-1,-1
912,9893,623.3271,218.48766,31.982727,30.17334,0.81170017,-1,-1,-1
912,9881,483.7904,150.80058,19.956604,18.517624,0.7452651,-1,-1,-1
912,9889,481.62436,187.20284,21.713684,21.041687,0.7186266,-1,-1,-1
912,9867,550.84235,327.9346,37.81726,166.75418,0.5240519,-1,-1,-1
912,9916,870.2943,464.48877,153.6897,74.96753,0.6432111,-1,-1,-1
912,9915,510.7722,149.63245,18.784393,16.547531,0.5260843,-1,-1,-1
912,9917,548.8201,382.35632,35.483154,151.5647,0.3189894,-1,-1,-1
912,9905,524.4421,164.7401,20.693481,18.835007,0.2701659,-1,-1,-1
913,9863,339.94498,417.93195,78.359436,109.78656,0.86761487,-1,-1,-1
913,9893,622.8016,217.48499,31.803406,30.2753,0.7766442,-1,-1,-1
913,9881,483.57187,151.37376,20.03476,18.659409,0.7887088,-1,-1,-1
913,9889,481.01822,187.99954,22.123657,21.564484,0.67825973,-1,-1,-1
913,9867,550.8643,327.44345,37.47174,166.05109,0.39919895,-1,-1,-1
913,9916,868.2595,462.5729,155.73004,76.91446,0.7750805,-1,-1,-1
913,9915,510.6754,149.93698,18.695312,16.727402,0.5068186,-1,-1,-1
913,9917,548.6614,374.85004,36.1756,157.86163,0.34982723,-1,-1,-1
913,9923,540.99805,315.70718,63.808716,223.84702,0.3157195,-1,-1,-1
914,9863,335.12613,422.05225,81.61151,113.192566,0.8685974,-1,-1,-1
914,9893,622.4502,216.49438,31.013977,29.742905,0.7676642,-1,-1,-1
914,9881,483.35687,151.89214,20.278717,18.662811,0.79636383,-1,-1,-1
914,9889,480.66925,188.73041,21.987732,21.759537,0.68168974,-1,-1,-1
914,9867,550.88617,328.52112,37.269836,168.73679,0.25589114,-1,-1,-1
914,9916,867.0866,460.5587,153.49152,79.24069,0.7236678,-1,-1,-1
914,9915,510.57446,150.31909,18.534119,16.733917,0.5069426,-1,-1,-1
914,9917,548.6131,378.3835,36.07068,155.10587,0.45236248,-1,-1,-1
914,9923,540.9415,315.01138,64.2652,224.63882,0.26876932,-1,-1,-1
914,9905,524.0211,165.80756,20.438599,19.570007,0.3338991,-1,-1,-1
915,9863,333.03296,429.31436,81.91379,109.83389,0.85816866,-1,-1,-1
915,9893,622.0709,215.56845,30.717163,29.519348,0.7803307,-1,-1,-1
915,9881,483.068,152.28032,20.400665,18.761627,0.8070006,-1,-1,-1
915,9889,480.1371,189.6895,22.27948,22.29161,0.6271603,-1,-1,-1
915,9916,864.84155,458.10333,153.68451,81.831116,0.7121446,-1,-1,-1
915,9915,510.4736,150.71628,18.178925,16.841095,0.465214,-1,-1,-1
915,9917,548.3795,379.99042,36.181885,154.51941,0.441895,-1,-1,-1
915,9905,523.7473,166.438,20.631958,19.876495,0.30802557,-1,-1,-1
916,9863,330.12933,436.76517,81.86307,103.23483,0.86199963,-1,-1,-1
916,9893,621.77563,214.53159,30.590088,29.505493,0.76613986,-1,-1,-1
916,9881,482.8721,152.59747,20.490814,18.839645,0.7441719,-1,-1,-1
916,9889,479.80594,190.54536,22.707306,22.528702,0.47749814,-1,-1,-1
916,9916,862.5358,456.60147,151.08539,83.331085,0.7652089,-1,-1,-1
916,9915,509.93185,151.02834,18.612823,17.302841,0.26618147,-1,-1,-1
916,9917,548.40344,381.6008,36.116516,153.10098,0.4841347,-1,-1,-1
917,9863,325.1863,446.41403,83.98526,93.58597,0.8463777,-1,-1,-1
917,9893,621.5005,213.56682,30.456604,29.363922,0.76489943,-1,-1,-1
917,9881,482.72723,153.0175,20.506805,18.949127,0.7258976,-1,-1,-1
917,9889,479.48834,191.4285,22.522186,22.765594,0.36469868,-1,-1,-1
917,9916,859.42096,454.81696,149.83295,85.148254,0.782379,-1,-1,-1
917,9917,548.2561,387.54187,36.48639,147.93427,0.5142397,-1,-1,-1
917,9867,551.0584,329.32544,38.128906,170.34409,0.28736454,-1,-1,-1
918,9863,320.89084,455.56274,87.214355,84.437256,0.8445267,-1,-1,-1
918,9893,621.21454,212.95235,29.599854,28.87416,0.65177923,-1,-1,-1
918,9881,482.6271,153.6802,20.314178,18.935013,0.6942913,-1,-1,-1
918,9889,479.02576,192.46457,22.397217,22.920471,0.2983057,-1,-1,-1
918,9916,856.1734,454.36884,151.11096,85.631165,0.7761638,-1,-1,-1
918,9917,548.2212,390.63803,36.70117,145.04544,0.46199325,-1,-1,-1
918,9915,509.23627,152.28923,18.30951,17.304565,0.25722298,-1,-1,-1
919,9863,317.09042,464.42606,88.76727,75.14078,0.77805805,-1,-1,-1
919,9893,620.61804,212.1504,29.19397,28.445389,0.5882822,-1,-1,-1
919,9881,482.437,154.18716,20.350159,19.153732,0.6650792,-1,-1,-1
919,9889,478.3861,193.59677,22.798492,23.062195,0.3600879,-1,-1,-1
919,9916,855.834,454.1846,147.83716,85.8154,0.8508273,-1,-1,-1
919,9917,548.34436,390.9869,36.64148,144.96866,0.45583105,-1,-1,-1
919,9915,508.25842,152.72954,18.946533,17.666306,0.29064354,-1,-1,-1
920,9863,315.7506,473.3634,87.17883,66.550964,0.34352323,-1,-1,-1
920,9893,620.5095,210.9659,28.518005,28.541092,0.621435,-1,-1,-1
920,9881,482.2611,154.83316,20.445923,19.138336,0.6381727,-1,-1,-1
920,9889,477.90002,194.8046,22.842499,23.097748,0.4566407,-1,-1,-1
920,9916,854.4421,453.0048,143.62671,86.99521,0.87461716,-1,-1,-1
920,9917,548.5739,384.4154,36.56134,150.56,0.50391716,-1,-1,-1
921,9863,315.10947,482.81357,82.226166,56.404266,0.30160123,-1,-1,-1
921,9893,619.8445,209.9417,28.408081,28.379517,0.63714236,-1,-1,-1
921,9881,481.79846,155.14667,20.741516,19.103912,0.33094656,-1,-1,-1
921,9916,852.8157,449.9378,142.0722,90.04901,0.84192437,-1,-1,-1
921,9917,548.7009,388.26605,36.26233,147.68274,0.63673353,-1,-1,-1
921,9867,551.0983,332.73685,39.150085,156.26746,0.27719143,-1,-1,-1
922,9893,619.3392,208.94608,28.386963,28.40828,0.7320581,-1,-1,-1
922,9881,481.71677,155.43729,20.62561,19.243896,0.48661506,-1,-1,-1
922,9916,850.23315,449.4186,140.78973,90.56613,0.8282271,-1,-1,-1
922,9917,548.7216,382.44928,36.59674,153.25568,0.63006675,-1,-1,-1
922,9867,551.3027,332.8408,39.452026,154.58438,0.25067303,-1,-1,-1
923,9893,618.82007,208.2014,28.785095,28.451477,0.75306433,-1,-1,-1
923,9881,481.72586,156.05653,20.442444,19.434982,0.5898926,-1,-1,-1
923,9916,848.8008,447.9375,139.11871,92.0625,0.8287212,-1,-1,-1
923,9917,548.87164,380.06482,36.767822,155.72406,0.6159392,-1,-1,-1
923,9867,551.55524,333.44342,39.39215,153.58478,0.30937734,-1,-1,-1
924,9893,618.29486,207.3414,28.93103,28.463623,0.7746007,-1,-1,-1
924,9881,481.47205,156.6079,20.317017,19.493835,0.52159894,-1,-1,-1
924,9916,847.4607,446.94138,136.71936,93.058624,0.84736973,-1,-1,-1
924,9917,549.0039,379.10522,37.196716,156.63776,0.68404555,-1,-1,-1
925,9893,618.05414,206.95882,28.414673,28.17067,0.7543835,-1,-1,-1
925,9881,481.24802,157.19771,20.137482,19.578018,0.55774343,-1,-1,-1
925,9916,844.31647,446.2526,136.06262,93.29178,0.8593342,-1,-1,-1
925,9917,549.07697,379.87598,37.165344,155.70331,0.7125243,-1,-1,-1
925,9867,551.703,334.09515,39.261047,151.41797,0.3236811,-1,-1,-1
926,9893,617.7351,206.2578,28.063416,27.93715,0.7378595,-1,-1,-1
926,9881,481.0426,157.8534,20.149078,19.397263,0.57847357,-1,-1,-1
926,9916,842.6168,445.80905,134.12695,92.394806,0.85593194,-1,-1,-1
926,9917,549.0839,379.23157,37.359436,156.45892,0.672523,-1,-1,-1
926,9927,585.60284,157.45865,17.07843,17.45195,0.46461535,-1,-1,-1
927,9893,617.3413,205.68097,28.151428,27.51004,0.74709487,-1,-1,-1
927,9881,480.72684,158.3599,20.123352,19.442154,0.61478794,-1,-1,-1
927,9916,841.1752,444.85928,131.92786,91.25699,0.8423302,-1,-1,-1
927,9917,549.1457,379.3707,37.34381,156.36899,0.7258244,-1,-1,-1
927,9927,585.60925,157.27863,17.222656,17.501175,0.3776367,-1,-1,-1
927,9867,552.0329,335.88574,39.16748,156.25647,0.37557516,-1,-1,-1
928,9893,616.8777,205.08064,28.575928,27.120026,0.7202759,-1,-1,-1
928,9881,480.61423,158.95158,20.082428,19.398117,0.63161427,-1,-1,-1
928,9916,839.7996,443.39813,128.94061,90.976074,0.8448276,-1,-1,-1
928,9917,549.2097,378.8805,37.404602,157.25842,0.7247063,-1,-1,-1
928,9927,585.3837,155.1401,17.589111,19.259888,0.2620217,-1,-1,-1
928,9867,552.3314,335.78662,37.861694,163.02979,0.33787698,-1,-1,-1
929,9893,616.3477,204.33165,28.406677,26.852402,0.6791645,-1,-1,-1
929,9881,480.5908,159.59315,19.958038,19.333252,0.6252468,-1,-1,-1
929,9916,837.48236,441.24875,127.96527,90.1835,0.8457849,-1,-1,-1
929,9917,549.2739,379.1431,37.8313,157.03372,0.74162763,-1,-1,-1
929,9867,552.32526,335.42465,38.32428,160.52475,0.34597552,-1,-1,-1
930,9893,615.7473,203.97182,28.510254,26.182343,0.66536176,-1,-1,-1
930,9881,480.31345,160.29413,19.866943,19.498245,0.69693214,-1,-1,-1
930,9916,835.533,439.89603,127.734436,89.33115,0.8538488,-1,-1,-1
930,9917,549.20496,378.55435,38.055603,157.54263,0.66362554,-1,-1,-1
930,9915,506.6802,158.00397,18.799835,18.51889,0.36700717,-1,-1,-1
931,9893,615.5827,203.51695,27.92157,25.808563,0.755163,-1,-1,-1
931,9881,480.0618,160.96593,19.706696,19.552658,0.7804694,-1,-1,-1
931,9916,834.08466,439.15512,126.1004,87.80704,0.85588986,-1,-1,-1
931,9917,549.2902,382.85,37.295166,153.9783,0.7344526,-1,-1,-1
931,9915,506.48328,158.79036,18.844727,18.225082,0.6140374,-1,-1,-1
931,9905,520.48535,179.66837,20.333801,21.41597,0.34472215,-1,-1,-1
932,9893,615.3636,202.99512,27.732483,25.588104,0.78662735,-1,-1,-1
932,9881,479.91663,161.54585,19.849579,19.503723,0.75492364,-1,-1,-1
932,9916,831.69104,438.10333,124.90625,87.154175,0.84018874,-1,-1,-1
932,9917,549.3774,380.79337,37.818787,156.31345,0.7558996,-1,-1,-1
932,9915,505.95386,159.70828,19.033752,18.058472,0.39117151,-1,-1,-1
932,9905,520.1944,180.95456,20.331604,21.377594,0.3294882,-1,-1,-1
933,9893,615.0995,202.28033,27.345764,25.491241,0.7158502,-1,-1,-1
933,9881,479.90982,161.96097,19.609009,19.551254,0.7764445,-1,-1,-1
933,9916,829.54645,435.10077,122.391235,87.97052,0.83095664,-1,-1,-1
933,9917,549.31226,384.25253,37.07245,152.82205,0.75232035,-1,-1,-1
933,9915,506.05136,160.37355,19.070465,18.069092,0.4699495,-1,-1,-1
933,9905,519.8916,182.56659,20.23346,20.821777,0.38290572,-1,-1,-1
933,9867,552.3355,337.22223,38.62726,157.60367,0.2980271,-1,-1,-1
934,9893,614.7011,201.42468,26.776123,25.639389,0.65352756,-1,-1,-1
934,9881,479.787,162.31549,19.459106,19.812256,0.773537,-1,-1,-1
934,9916,827.75684,433.9262,122.00574,87.12091,0.8506129,-1,-1,-1
934,9917,549.3828,380.24063,37.86328,156.58041,0.77934414,-1,-1,-1
934,9915,506.25983,161.14345,18.791565,18.16806,0.52198756,-1,-1,-1
934,9905,519.86786,183.81773,20.252258,20.604446,0.5978344,-1,-1,-1
934,9867,552.3158,336.97305,38.293945,157.53836,0.29360837,-1,-1,-1
934,9889,471.36862,212.38356,24.428955,24.07193,0.38117042,-1,-1,-1
935,9893,614.39557,200.87694,26.464172,25.65364,0.6416364,-1,-1,-1
935,9881,479.42645,162.78284,19.50827,20.293793,0.7573709,-1,-1,-1
935,9916,826.26697,432.45917,120.666504,87.39453,0.8518833,-1,-1,-1
935,9917,549.286,384.87845,37.13147,151.642,0.7671548,-1,-1,-1
935,9915,506.67267,161.91008,18.568726,18.012177,0.52327937,-1,-1,-1
935,9905,519.9072,184.80446,20.451477,20.976074,0.6178081,-1,-1,-1
935,9867,552.30743,338.0722,38.074463,155.90552,0.34963116,-1,-1,-1
935,9930,714.6262,256.9091,45.546448,37.55078,0.38868648,-1,-1,-1
935,9889,471.11362,213.72792,24.233856,24.054825,0.43148595,-1,-1,-1
936,9893,613.9875,200.07037,26.389343,25.626953,0.7225937,-1,-1,-1
936,9881,478.95093,163.43857,19.65686,20.287933,0.8000758,-1,-1,-1
936,9916,824.69635,431.366,117.299194,86.35306,0.8536026,-1,-1,-1
936,9917,549.2068,385.22025,36.922974,151.30844,0.7536085,-1,-1,-1
936,9915,506.7704,162.70093,18.340637,17.699478,0.6007256,-1,-1,-1
936,9905,519.56506,186.05707,20.393677,20.97911,0.630931,-1,-1,-1
936,9867,552.0894,337.60486,38.204895,156.55862,0.3504596,-1,-1,-1
936,9930,714.265,256.51508,45.138733,37.06894,0.38358584,-1,-1,-1
936,9889,470.9027,214.9799,23.841187,24.528564,0.51955676,-1,-1,-1
936,9919,948.9235,241.50319,73.829956,40.306168,0.33869532,-1,-1,-1
937,9893,613.4681,199.19174,26.515015,25.69484,0.7315885,-1,-1,-1
937,9881,478.4422,163.89847,19.920929,20.411652,0.81233317,-1,-1,-1
937,9916,822.9965,430.076,116.89581,85.456665,0.8469237,-1,-1,-1
937,9917,549.15643,385.8384,36.753723,150.55124,0.7376082,-1,-1,-1
937,9915,506.90854,163.41063,17.901703,17.637299,0.6522639,-1,-1,-1
937,9905,519.28876,187.21819,20.278015,20.959854,0.6615363,-1,-1,-1
937,9867,551.9376,337.77945,38.243103,155.92996,0.38369924,-1,-1,-1
937,9930,713.5525,255.94615,44.26007,36.622818,0.36401528,-1,-1,-1
937,9889,470.52612,215.81702,23.628876,25.162704,0.65563047,-1,-1,-1
937,9919,948.8279,242.06569,73.707275,40.264053,0.34625554,-1,-1,-1
938,9893,612.90607,198.44478,26.69983,25.591278,0.6404615,-1,-1,-1
938,9881,477.96127,164.34822,20.183563,20.86621,0.82404846,-1,-1,-1
938,9916,821.60333,428.69186,115.30188,84.884796,0.8608158,-1,-1,-1
938,9917,549.0581,385.90106,36.93506,150.26416,0.767551,-1,-1,-1
938,9915,506.8283,163.95589,17.52771,17.708084,0.67850566,-1,-1,-1
938,9905,518.8222,188.15613,20.35614,21.222504,0.70749664,-1,-1,-1
938,9867,551.569,338.21942,38.50775,154.69745,0.28125307,-1,-1,-1
938,9930,712.71844,255.45995,43.142334,36.51854,0.25832754,-1,-1,-1
938,9889,469.87125,216.98065,23.937134,25.869675,0.67359984,-1,-1,-1
938,9919,948.8229,242.11403,73.5625,40.59828,0.50554156,-1,-1,-1
939,9893,612.3169,197.49312,26.779358,25.642868,0.5164156,-1,-1,-1
939,9881,477.6225,164.80678,20.35376,21.333023,0.8308894,-1,-1,-1
939,9916,820.14044,427.72076,113.20581,83.85028,0.8507618,-1,-1,-1
939,9917,548.96204,385.1445,37.259033,151.07437,0.74727213,-1,-1,-1
939,9915,506.3791,164.87418,17.699463,17.787125,0.7057165,-1,-1,-1
939,9905,518.00653,188.9704,20.800049,21.910416,0.6782889,-1,-1,-1
939,9867,551.4825,338.75037,38.110657,153.54333,0.3515802,-1,-1,-1
939,9930,711.5714,255.02905,42.920532,36.3031,0.34566137,-1,-1,-1
939,9889,469.12488,217.85545,24.277771,26.234879,0.585028,-1,-1,-1
939,9919,949.25323,242.41985,73.969666,40.650284,0.5484019,-1,-1,-1
939,9933,513.3446,142.87994,14.030029,14.180389,0.42276284,-1,-1,-1
940,9893,611.74176,197.19324,26.808105,25.24681,0.25600448,-1,-1,-1
940,9881,477.29596,165.26767,20.634705,21.648209,0.8154002,-1,-1,-1
940,9916,817.93005,426.01202,112.67688,83.9082,0.84994715,-1,-1,-1
940,9917,548.71515,385.39737,37.32489,150.20627,0.7329222,-1,-1,-1
940,9915,506.53366,165.66342,17.500824,17.723663,0.59134233,-1,-1,-1
940,9905,517.272,190.1372,21.54956,22.015335,0.6611353,-1,-1,-1
940,9867,551.222,339.12775,37.92914,153.28534,0.34579122,-1,-1,-1
940,9889,468.5865,219.42987,24.658691,26.159424,0.6424196,-1,-1,-1
940,9919,948.81775,242.94339,74.517456,40.385254,0.5536085,-1,-1,-1
940,9933,513.1963,143.41875,13.951599,13.944199,0.27347738,-1,-1,-1
941,9881,477.04782,165.7633,20.711609,21.64238,0.8139694,-1,-1,-1
941,9916,816.10675,423.8956,111.63379,84.408356,0.85388064,-1,-1,-1
941,9917,548.599,384.51126,37.368286,150.85214,0.70506346,-1,-1,-1
941,9915,506.57385,166.13101,17.337646,18.055801,0.5715102,-1,-1,-1
941,9905,517.1673,191.29672,21.570068,21.955902,0.7060767,-1,-1,-1
941,9867,551.181,339.98566,37.443726,151.80945,0.2936875,-1,-1,-1
941,9889,468.027,220.7864,24.941132,26.584671,0.6866744,-1,-1,-1
941,9919,948.1072,243.13503,75.406555,40.651413,0.535414,-1,-1,-1
941,9933,512.8047,143.84775,14.127441,13.969269,0.29603985,-1,-1,-1
942,9881,476.75885,166.27518,21.05661,21.854492,0.8123297,-1,-1,-1
942,9916,814.174,421.5628,110.84784,84.674774,0.8739608,-1,-1,-1
942,9917,548.52765,384.77936,37.2287,150.31885,0.6596833,-1,-1,-1
942,9915,505.9568,167.00008,16.964111,18.121475,0.5503157,-1,-1,-1
942,9905,516.7827,192.26152,21.818848,22.326752,0.6487745,-1,-1,-1
942,9889,467.0134,222.48544,25.649353,26.663788,0.57855797,-1,-1,-1
942,9919,948.1496,242.87674,74.02057,41.184418,0.3899021,-1,-1,-1
942,9893,610.6205,196.21263,27.105835,24.887222,0.252709,-1,-1,-1
943,9881,476.4575,167.0664,21.274567,21.819427,0.80463415,-1,-1,-1
943,9916,812.50885,420.71094,108.84125,83.41733,0.87233174,-1,-1,-1
943,9917,548.42554,384.2093,37.511353,150.72552,0.6519253,-1,-1,-1
943,9915,505.35425,167.80296,17.419312,18.182526,0.4833661,-1,-1,-1
943,9905,516.4655,193.06711,21.701172,22.766312,0.2524436,-1,-1,-1
943,9889,465.33362,224.16318,26.659363,26.521103,0.49099067,-1,-1,-1
943,9919,947.42816,243.17256,74.35803,41.606003,0.255292,-1,-1,-1
944,9881,476.31906,167.90234,21.478424,21.669067,0.7978382,-1,-1,-1
944,9916,810.75824,420.75076,107.089966,81.46619,0.8480929,-1,-1,-1
944,9917,548.3719,384.02164,37.686707,150.73886,0.557977,-1,-1,-1
944,9915,504.87534,168.5228,18.12558,18.270798,0.6512934,-1,-1,-1
944,9905,516.5459,194.01498,21.787903,23.11055,0.4931921,-1,-1,-1
944,9889,464.7369,225.4523,26.993713,26.937897,0.61288047,-1,-1,-1
944,9919,946.57837,243.59856,75.03546,41.648148,0.29160005,-1,-1,-1
944,9867,550.8139,343.4597,36.911743,164.12903,0.28717688,-1,-1,-1
945,9881,475.82098,168.66928,21.494415,21.39502,0.7963347,-1,-1,-1
945,9916,809.4849,419.86124,106.05347,80.73782,0.85361344,-1,-1,-1
945,9917,548.3508,383.40573,37.726196,151.11887,0.62839025,-1,-1,-1
945,9915,504.55496,168.96854,18.161652,18.47754,0.6506112,-1,-1,-1
945,9905,516.14594,195.0501,21.888428,23.519592,0.45639393,-1,-1,-1
945,9889,463.75226,226.58374,27.779938,27.816559,0.64865375,-1,-1,-1
945,9919,945.8555,244.69304,75.63031,40.807083,0.26690564,-1,-1,-1
945,9867,550.6752,346.95718,38.02826,164.46448,0.44657695,-1,-1,-1
946,9881,475.30527,169.22372,21.61792,21.357895,0.7143539,-1,-1,-1
946,9916,807.9967,418.12512,104.81195,80.96118,0.8655469,-1,-1,-1
946,9917,548.3973,382.2235,37.554565,152.14044,0.46041042,-1,-1,-1
946,9915,503.73822,169.36845,18.688843,18.82515,0.29290095,-1,-1,-1
946,9889,462.6524,227.95514,28.47287,28.448242,0.5102062,-1,-1,-1
946,9867,550.8921,347.20914,37.071167,163.75195,0.51232326,-1,-1,-1
947,9881,474.521,169.88435,21.916779,21.198166,0.70728385,-1,-1,-1
947,9916,806.568,416.52957,103.42999,81.28403,0.86746025,-1,-1,-1
947,9917,548.39575,381.86353,37.39685,152.25116,0.30332878,-1,-1,-1
947,9915,503.44974,169.93993,18.920074,19.340393,0.56336176,-1,-1,-1
947,9889,461.76266,229.06433,28.780975,29.199677,0.7088583,-1,-1,-1
947,9867,550.40094,349.84418,38.11322,161.96368,0.59140086,-1,-1,-1
947,9933,510.8808,146.42892,13.908447,14.819489,0.30856806,-1,-1,-1
947,9893,608.94745,194.01643,25.853577,24.159714,0.5908401,-1,-1,-1
947,9905,515.2849,197.56757,22.581604,23.55635,0.32959312,-1,-1,-1
948,9881,473.78632,170.6583,22.319824,21.092682,0.7103372,-1,-1,-1
948,9916,805.39954,415.67535,101.80133,79.943115,0.85873395,-1,-1,-1
948,9917,548.3723,389.67252,36.842224,145.94351,0.36308077,-1,-1,-1
948,9915,502.89218,170.34969,19.497711,19.635696,0.6632124,-1,-1,-1
948,9889,461.25085,230.81366,28.687042,29.352264,0.69542915,-1,-1,-1
948,9867,550.2047,348.8124,37.155945,162.8183,0.45417073,-1,-1,-1
948,9933,510.89093,147.04381,14.070862,14.812744,0.2798012,-1,-1,-1
948,9893,608.85754,193.57478,25.235596,23.804855,0.57007235,-1,-1,-1
948,9905,514.99414,198.51317,22.660461,23.736145,0.5023525,-1,-1,-1
949,9881,473.08612,171.52243,22.496582,21.0495,0.6502174,-1,-1,-1
949,9916,803.66815,414.31522,100.73096,79.55847,0.86980397,-1,-1,-1
949,9915,502.25958,170.8781,19.724487,19.94342,0.6088521,-1,-1,-1
949,9889,460.00848,232.47531,29.205292,29.223724,0.67156756,-1,-1,-1
949,9867,549.90247,349.79684,38.032288,162.49832,0.6646264,-1,-1,-1
949,9893,608.46924,192.80313,24.94574,23.887527,0.6861261,-1,-1,-1
949,9930,703.9067,249.56976,41.768677,34.94577,0.30227923,-1,-1,-1
950,9881,472.51642,172.14337,22.268372,21.061905,0.78452486,-1,-1,-1
950,9916,802.35754,413.18176,98.94354,78.40335,0.88863134,-1,-1,-1
950,9915,501.5923,171.86589,19.404968,19.47049,0.601439,-1,-1,-1
950,9889,458.87747,233.8004,29.668304,29.91835,0.72766334,-1,-1,-1
950,9867,550.317,349.48187,36.504578,160.59586,0.5875535,-1,-1,-1
950,9893,608.33716,192.17955,24.539856,23.816772,0.6389325,-1,-1,-1
950,9930,702.6345,249.15285,42.09259,34.464584,0.4406626,-1,-1,-1
950,9933,510.48975,148.15596,13.758972,14.515106,0.33751482,-1,-1,-1
951,9881,472.37885,172.76859,22.234436,21.145523,0.80207604,-1,-1,-1
951,9916,801.1708,412.31586,97.5863,77.72388,0.87866956,-1,-1,-1
951,9915,501.53787,173.00102,18.567047,18.94905,0.56799746,-1,-1,-1
951,9889,458.24335,235.44617,29.926636,30.008148,0.77526903,-1,-1,-1
951,9867,550.43085,350.2624,35.70868,158.4961,0.5800886,-1,-1,-1
951,9893,607.92303,191.6177,24.573792,23.60968,0.5504207,-1,-1,-1
951,9930,702.2401,249.1594,40.8172,32.62686,0.28357074,-1,-1,-1
951,9934,893.491,54.047577,18.769165,35.2526,0.42715472,-1,-1,-1
952,9881,472.27695,173.64713,21.884155,20.992691,0.7796695,-1,-1,-1
952,9916,799.68445,411.87766,96.71765,76.94678,0.8670283,-1,-1,-1
952,9915,501.70322,174.05524,18.60904,18.555115,0.60930127,-1,-1,-1
952,9889,457.78128,237.30888,30.260498,29.950882,0.74225426,-1,-1,-1
952,9867,550.73145,350.4862,34.811646,158.00763,0.53866684,-1,-1,-1
952,9893,607.5732,191.11458,24.571838,23.31134,0.42687818,-1,-1,-1
952,9930,701.97516,248.8572,39.64496,31.897568,0.4304258,-1,-1,-1
952,9934,893.3128,54.548687,18.799744,35.020267,0.4001186,-1,-1,-1
952,9905,512.9963,203.5163,23.684326,23.920288,0.47390845,-1,-1,-1
953,9881,471.8381,174.38766,21.8797,21.025757,0.7835312,-1,-1,-1
953,9916,797.8701,410.72055,95.578,76.68732,0.85419333,-1,-1,-1
953,9915,501.87894,174.75807,18.116608,18.444794,0.5300815,-1,-1,-1
953,9889,457.60266,238.75352,30.111542,30.642624,0.7107381,-1,-1,-1
953,9867,550.7845,350.62653,34.483704,153.42706,0.6026733,-1,-1,-1
953,9893,607.0715,190.81789,24.750977,22.924652,0.37338907,-1,-1,-1
953,9930,701.4783,248.30315,39.012512,31.861404,0.4637134,-1,-1,-1
953,9934,893.2932,55.655514,18.592773,33.804737,0.36424515,-1,-1,-1
953,9905,513.1141,204.80302,23.294128,23.776611,0.28814206,-1,-1,-1
953,9917,548.0299,393.14426,35.850708,142.67233,0.35783613,-1,-1,-1
954,9881,471.4516,174.79184,21.790375,21.324585,0.80787086,-1,-1,-1
954,9916,796.75696,409.84412,95.52655,75.65784,0.85313684,-1,-1,-1
954,9915,501.6727,175.30338,17.560516,18.602951,0.6214922,-1,-1,-1
954,9889,456.8584,240.64243,30.205719,30.900177,0.7446295,-1,-1,-1
954,9867,551.13257,351.12848,33.809937,153.46445,0.6227963,-1,-1,-1
954,9893,606.63354,190.80096,24.239014,22.18811,0.5179683,-1,-1,-1
954,9930,701.01544,248.06464,38.97992,31.82019,0.3907798,-1,-1,-1
954,9917,547.5961,393.0251,36.205627,143.04358,0.38481802,-1,-1,-1
954,9933,509.4269,149.98653,14.363556,14.540878,0.27137244,-1,-1,-1
955,9881,471.19952,175.18408,21.73346,21.679718,0.79797703,-1,-1,-1
955,9916,795.8985,408.81277,94.70593,75.24289,0.8654983,-1,-1,-1
955,9915,501.44397,176.00542,17.360352,19.003448,0.50719655,-1,-1,-1
955,9889,456.55304,242.43272,30.196045,31.18068,0.7616034,-1,-1,-1
955,9867,551.53253,351.61737,33.49414,152.81378,0.62362826,-1,-1,-1
955,9893,606.144,190.50739,23.796387,21.743805,0.36883697,-1,-1,-1
955,9930,699.8253,247.7135,39.669678,32.093475,0.62164766,-1,-1,-1
955,9917,547.43695,392.12027,36.419006,144.54092,0.4367262,-1,-1,-1
955,9933,509.6382,150.12184,14.275421,14.659851,0.3331708,-1,-1,-1
956,9881,470.94333,175.80977,21.973877,21.993286,0.7941291,-1,-1,-1
956,9916,794.8099,407.45233,93.880066,75.28192,0.86557716,-1,-1,-1
956,9915,501.43842,176.57147,17.274475,19.496399,0.6701223,-1,-1,-1
956,9889,456.04654,244.29605,30.344208,31.375824,0.7253843,-1,-1,-1
956,9867,550.7493,353.9112,34.04712,159.02344,0.5240274,-1,-1,-1
956,9893,605.55115,189.94574,23.599365,21.6241,0.6089829,-1,-1,-1
956,9930,699.06146,247.20345,39.818115,32.192947,0.33894563,-1,-1,-1
956,9917,547.60144,393.0448,35.55957,143.69128,0.45294183,-1,-1,-1
956,9933,509.51468,150.32544,14.374542,14.907303,0.4491496,-1,-1,-1
957,9881,470.81625,176.575,22.053833,22.127167,0.8101069,-1,-1,-1
957,9916,793.7436,406.63422,92.59833,74.329315,0.85776174,-1,-1,-1
957,9915,501.2479,177.30417,17.742157,19.733887,0.68410003,-1,-1,-1
957,9889,455.1665,245.78412,30.883331,31.849579,0.6366874,-1,-1,-1
957,9867,550.4511,354.4945,34.446106,161.17334,0.4635429,-1,-1,-1
957,9893,605.4326,189.3164,23.250122,21.501968,0.5412542,-1,-1,-1
957,9930,698.249,246.93477,39.907288,31.200546,0.25400934,-1,-1,-1
957,9917,547.6735,392.34238,35.29706,144.7969,0.32737634,-1,-1,-1
957,9933,509.4595,150.51358,14.648407,15.22139,0.50672656,-1,-1,-1
958,9881,470.04153,177.16284,22.39798,22.443344,0.8248756,-1,-1,-1
958,9916,792.2627,406.0488,92.0777,73.269684,0.8275288,-1,-1,-1
958,9915,500.8798,178.17072,17.764496,19.636658,0.7129564,-1,-1,-1
958,9889,454.19928,247.22092,30.463928,32.319214,0.5759267,-1,-1,-1
958,9867,550.11145,356.683,34.77942,160.34769,0.57178456,-1,-1,-1
958,9893,605.3831,188.70857,22.511475,21.31044,0.491203,-1,-1,-1
958,9917,547.5093,391.67657,35.292175,145.7063,0.31209478,-1,-1,-1
958,9933,509.1283,150.98851,14.551147,15.330139,0.57017684,-1,-1,-1
958,9905,511.79675,211.05629,24.087158,25.04103,0.28684232,-1,-1,-1
959,9881,469.42416,177.72183,22.671204,22.617233,0.8273628,-1,-1,-1
959,9916,790.8735,404.97382,90.97046,72.37866,0.8329504,-1,-1,-1
959,9915,500.17917,178.88419,18.106903,19.90738,0.7664388,-1,-1,-1
959,9889,453.14014,248.69252,30.669586,32.856033,0.36609715,-1,-1,-1
959,9867,549.5232,357.2897,35.218506,159.37094,0.59775305,-1,-1,-1
959,9893,604.9461,188.15369,22.370667,21.309128,0.5162847,-1,-1,-1
959,9917,547.1001,391.2405,35.75232,146.47025,0.30143654,-1,-1,-1
959,9933,508.8057,151.4257,14.819305,15.50589,0.6608945,-1,-1,-1
959,9905,510.76526,212.2705,24.954163,25.18811,0.2951044,-1,-1,-1
960,9881,468.7512,178.26591,23.017914,22.753159,0.79349434,-1,-1,-1
960,9916,789.4489,404.3883,90.41455,71.77109,0.81426275,-1,-1,-1
960,9915,499.5671,179.54175,18.769684,20.306793,0.5905399,-1,-1,-1
960,9889,452.45764,250.576,30.194702,33.1512,0.31963053,-1,-1,-1
960,9867,549.5065,357.57233,35.38629,157.33783,0.6098741,-1,-1,-1
960,9893,604.66534,187.83769,22.0755,21.213028,0.2676457,-1,-1,-1
960,9917,546.7925,390.59424,36.238037,147.48798,0.3051335,-1,-1,-1
960,9933,508.79855,151.81696,14.941559,15.836441,0.68834937,-1,-1,-1
960,9935,560.53516,143.9476,13.508606,11.450394,0.36770606,-1,-1,-1
961,9881,468.31296,178.83328,23.00711,23.141403,0.8225881,-1,-1,-1
961,9916,787.928,403.73596,90.403015,71.453094,0.8283535,-1,-1,-1
961,9915,499.45456,180.44493,18.822845,20.526718,0.78131306,-1,-1,-1
961,9889,451.05383,252.51111,30.875488,33.53354,0.6630641,-1,-1,-1
961,9867,549.4785,356.91992,34.897278,156.828,0.30922005,-1,-1,-1
961,9893,604.13763,187.71039,22.106934,20.942932,0.27290684,-1,-1,-1
961,9917,546.7676,390.0934,36.030945,147.8331,0.49009928,-1,-1,-1
961,9933,508.9445,152.40363,14.86203,15.791626,0.70623356,-1,-1,-1
961,9935,560.29504,143.85867,13.343445,11.266266,0.27906662,-1,-1,-1
961,9930,695.74817,245.5851,38.594543,30.882645,0.36762458,-1,-1,-1
962,9881,467.83163,179.58238,23.17868,23.270172,0.81239974,-1,-1,-1
962,9916,786.5357,402.3944,90.09845,71.32083,0.83769524,-1,-1,-1
962,9915,498.87222,181.18562,19.053314,20.430298,0.7239114,-1,-1,-1
962,9889,450.3819,254.9413,30.776886,32.797195,0.43771762,-1,-1,-1
962,9867,549.0508,356.26532,34.963318,144.44537,0.30098048,-1,-1,-1
962,9893,603.80524,187.36795,22.03247,20.970673,0.29821914,-1,-1,-1
962,9917,546.5662,391.3831,35.707092,146.21664,0.37568635,-1,-1,-1
962,9933,508.8407,153.35902,14.953491,15.469498,0.70412475,-1,-1,-1
962,9935,560.2149,143.7866,13.015503,11.1813965,0.2670901,-1,-1,-1
962,9930,695.1057,244.78075,38.288757,30.899399,0.3651058,-1,-1,-1
963,9881,467.24362,180.21622,23.085083,23.296967,0.8222357,-1,-1,-1
963,9916,785.0662,401.74765,90.11664,70.283936,0.8294379,-1,-1,-1
963,9915,498.8713,181.85121,18.825531,20.700806,0.76011616,-1,-1,-1
963,9889,449.26114,257.09003,30.909912,32.889038,0.6451996,-1,-1,-1
963,9867,548.6888,355.4495,34.82953,142.58234,0.38718742,-1,-1,-1
963,9893,603.55347,186.61641,22.081482,21.433838,0.31402385,-1,-1,-1
963,9917,546.28406,393.5122,35.645935,143.50659,0.41070408,-1,-1,-1
963,9933,508.76614,153.92477,14.597626,15.471466,0.7441272,-1,-1,-1
963,9935,560.0128,143.70953,12.692688,11.156845,0.28057882,-1,-1,-1
964,9881,466.66916,181.12155,22.916565,23.148392,0.82309854,-1,-1,-1
964,9916,784.05585,400.7974,89.55145,70.484314,0.8373476,-1,-1,-1
964,9915,498.46356,182.98213,18.534729,20.22374,0.7681099,-1,-1,-1
964,9889,448.36984,259.20694,30.58014,32.97525,0.7773175,-1,-1,-1
964,9867,548.478,358.55328,35.03125,144.3924,0.3406124,-1,-1,-1
964,9893,603.3745,186.13165,22.163513,21.356155,0.38685176,-1,-1,-1
964,9917,545.74335,396.03876,36.190918,140.89996,0.32960117,-1,-1,-1
964,9933,508.5002,154.48047,14.674713,15.472626,0.7302221,-1,-1,-1
964,9935,559.9753,143.47955,12.345276,11.239929,0.2864559,-1,-1,-1
964,9905,507.2646,218.75972,26.750854,26.733063,0.33481944,-1,-1,-1
965,9881,466.03,182.022,22.891052,23.063385,0.8307953,-1,-1,-1
965,9916,783.23236,399.99402,88.45526,70.04208,0.8265962,-1,-1,-1
965,9915,497.83173,183.30264,18.777344,20.561646,0.8067557,-1,-1,-1
965,9889,447.4904,260.756,30.653076,33.731506,0.78686154,-1,-1,-1
965,9867,548.2701,361.59326,35.417175,150.98022,0.37199178,-1,-1,-1
965,9893,602.98004,185.75035,22.272095,21.34726,0.44894633,-1,-1,-1
965,9917,545.32196,396.77942,36.624207,139.83722,0.26213327,-1,-1,-1
965,9933,508.09714,155.14873,14.74057,15.39772,0.7325976,-1,-1,-1
965,9935,559.9059,143.43271,12.18866,11.274551,0.27315983,-1,-1,-1
965,9905,507.3947,220.08096,26.587158,26.897568,0.25157738,-1,-1,-1
965,9930,692.7702,243.98068,38.64453,30.433746,0.29194835,-1,-1,-1
966,9881,465.58755,182.84961,22.512543,23.180725,0.8293398,-1,-1,-1
966,9916,782.37634,399.0958,86.65814,69.52536,0.8181572,-1,-1,-1
966,9915,497.2235,184.24077,19.082336,20.457321,0.7965924,-1,-1,-1
966,9889,447.02512,262.7421,30.273315,33.788147,0.77652234,-1,-1,-1
966,9867,548.15686,363.41412,35.682373,155.10614,0.33048534,-1,-1,-1
966,9893,602.59766,185.56294,22.161987,21.1465,0.32853195,-1,-1,-1
966,9917,545.1622,397.13196,36.59314,139.53339,0.36020458,-1,-1,-1
966,9933,507.7299,155.62585,14.725372,15.406479,0.71804255,-1,-1,-1
966,9905,507.3411,220.56007,26.659943,28.275986,0.41716668,-1,-1,-1
966,9930,692.04724,243.58789,38.509888,30.933655,0.4649419,-1,-1,-1
967,9881,464.97525,183.67326,22.676025,23.28389,0.8312881,-1,-1,-1
967,9916,781.3849,397.8551,84.79901,68.95145,0.8019531,-1,-1,-1
967,9915,496.55685,184.98349,19.597626,20.688354,0.7859573,-1,-1,-1
967,9889,445.85394,264.51443,30.620575,34.35721,0.76771945,-1,-1,-1
967,9867,547.689,364.17255,35.866272,155.37567,0.2752804,-1,-1,-1
967,9893,602.03485,185.08032,22.394287,21.169373,0.6201628,-1,-1,-1
967,9917,545.0611,395.84174,36.2005,141.00275,0.32778767,-1,-1,-1
967,9933,507.05087,156.1357,14.902679,15.518005,0.68956983,-1,-1,-1
967,9905,507.23828,221.98738,26.628357,28.322739,0.36144462,-1,-1,-1
967,9930,691.3107,243.05656,38.670532,31.471268,0.4733908,-1,-1,-1
967,9936,646.1653,236.58078,33.414734,27.564392,0.3904209,-1,-1,-1
967,9935,559.90936,143.37967,11.976013,11.091019,0.3398611,-1,-1,-1
968,9881,464.36752,184.27856,22.88739,23.582047,0.8296657,-1,-1,-1
968,9916,779.8277,396.9593,84.05261,68.19351,0.8154364,-1,-1,-1
968,9915,495.65588,185.34842,20.361084,21.002106,0.7714025,-1,-1,-1
968,9889,444.52014,266.37802,31.726288,34.858124,0.7459088,-1,-1,-1
968,9867,547.44824,365.1026,36.130615,153.4361,0.33764747,-1,-1,-1
968,9893,601.6574,184.65347,22.017944,20.744934,0.64185786,-1,-1,-1
968,9917,545.0829,395.32672,36.018127,141.43268,0.35873953,-1,-1,-1
968,9933,506.75327,156.99728,14.659393,15.152679,0.66368896,-1,-1,-1
968,9905,506.80045,222.81813,27.047699,28.744537,0.31674477,-1,-1,-1
968,9930,690.40283,242.42317,37.88733,31.863846,0.5022278,-1,-1,-1
968,9936,645.48834,235.85309,33.634888,27.44934,0.4296238,-1,-1,-1
968,9935,559.711,142.9929,12.207031,11.172394,0.26880756,-1,-1,-1
969,9881,463.85913,184.62932,22.841675,24.007416,0.8339251,-1,-1,-1
969,9916,779.47296,395.5663,82.71466,68.26187,0.77855366,-1,-1,-1
969,9915,495.6621,185.90521,20.661072,21.43306,0.75233287,-1,-1,-1
969,9889,442.9302,268.64526,33.16205,35.117065,0.69254714,-1,-1,-1
969,9867,546.75714,362.53668,36.494446,146.32663,0.3388653,-1,-1,-1
969,9893,601.33295,184.15999,21.527344,20.547943,0.52144784,-1,-1,-1
969,9917,544.8993,394.8168,36.274536,141.70724,0.43666968,-1,-1,-1
969,9933,506.362,157.55125,14.580444,14.941025,0.6624456,-1,-1,-1
969,9930,689.77783,242.0371,37.24292,31.478714,0.25316817,-1,-1,-1
970,9881,463.2369,185.21973,23.192474,24.320923,0.832793,-1,-1,-1
970,9916,778.8037,394.4623,81.63324,68.12427,0.7949456,-1,-1,-1
970,9915,495.40588,186.28026,20.275818,22.20929,0.7781603,-1,-1,-1
970,9889,442.1896,270.44852,33.085693,35.625183,0.77609146,-1,-1,-1
970,9867,546.54877,366.13306,36.924072,142.49963,0.621023,-1,-1,-1
970,9893,601.1082,183.48799,21.02887,20.423431,0.6876882,-1,-1,-1
970,9917,544.7434,393.30984,36.667847,143.23221,0.50258327,-1,-1,-1
970,9933,506.04474,157.88112,14.432556,14.909775,0.6739095,-1,-1,-1
970,9939,577.7557,151.17973,12.473145,12.590958,0.37686273,-1,-1,-1
970,9905,506.01804,227.00746,26.362823,27.976578,0.25398773,-1,-1,-1
970,9935,559.3696,142.41827,12.0877075,11.270325,0.3589787,-1,-1,-1
971,9881,462.6017,185.95895,23.530426,24.385239,0.8258568,-1,-1,-1
971,9916,777.9832,393.66754,80.483215,67.91846,0.85123545,-1,-1,-1
971,9915,494.9387,186.84537,20.042694,22.64479,0.6718075,-1,-1,-1
971,9889,441.06113,272.72736,33.702393,35.798096,0.68129313,-1,-1,-1
971,9867,546.14044,366.03827,37.329468,140.11581,0.49807575,-1,-1,-1
971,9893,600.8553,182.82169,20.76416,20.550797,0.7175586,-1,-1,-1
971,9917,544.895,393.14023,36.562683,143.40207,0.56243867,-1,-1,-1
971,9933,505.84094,158.02562,14.552063,15.152649,0.6507369,-1,-1,-1
971,9939,577.4085,150.78543,12.875671,12.790634,0.27728754,-1,-1,-1
971,9935,559.16266,142.20186,12.035095,11.404358,0.34941676,-1,-1,-1
972,9881,462.1049,186.83713,23.941528,24.332901,0.79613805,-1,-1,-1
972,9916,776.90985,393.14532,79.5307,67.49405,0.8557257,-1,-1,-1
972,9915,494.4889,188.15057,20.694702,22.5672,0.6079019,-1,-1,-1
972,9889,440.26855,275.03406,32.864258,35.863586,0.539296,-1,-1,-1
972,9867,545.93317,367.22433,37.41815,137.4371,0.42712852,-1,-1,-1
972,9893,600.15826,182.30917,21.105896,20.56099,0.70858663,-1,-1,-1
972,9917,544.8774,392.88342,36.375,143.6615,0.59237075,-1,-1,-1
972,9933,505.44217,158.32004,15.175934,15.4926605,0.6634535,-1,-1,-1
972,9939,577.24554,150.38464,12.903076,13.059433,0.38318136,-1,-1,-1
972,9935,558.87085,142.11227,12.077942,11.499283,0.39397028,-1,-1,-1
973,9881,461.69278,187.55861,24.27768,24.458603,0.7943413,-1,-1,-1
973,9916,775.1615,392.33313,78.967896,67.40402,0.8439597,-1,-1,-1
973,9915,493.79987,190.03078,20.863464,21.720612,0.69641465,-1,-1,-1
973,9889,439.77478,277.26807,32.57602,36.578644,0.7321595,-1,-1,-1
973,9867,545.7909,366.62842,37.304688,137.54123,0.5058279,-1,-1,-1
973,9893,599.77844,181.93646,21.05127,20.432922,0.72186524,-1,-1,-1
973,9917,544.8729,392.90894,36.161133,143.59637,0.5255833,-1,-1,-1
973,9933,505.12543,158.80919,15.876892,15.750046,0.64494526,-1,-1,-1
973,9935,558.8458,141.94666,12.156982,11.55455,0.33608884,-1,-1,-1
974,9881,461.0136,188.43002,24.625763,24.382706,0.7685887,-1,-1,-1
974,9916,773.31213,391.8315,79.75366,67.05298,0.8430939,-1,-1,-1
974,9915,493.35074,191.26822,21.193207,21.225204,0.6361024,-1,-1,-1
974,9889,438.63055,279.4457,33.24698,37.36203,0.7659303,-1,-1,-1
974,9867,545.70746,366.23727,37.061768,136.56235,0.47829232,-1,-1,-1
974,9893,599.4126,181.63405,20.900146,20.215332,0.76130086,-1,-1,-1
974,9917,544.6146,393.79318,36.26593,142.40018,0.5514768,-1,-1,-1
974,9933,504.8232,159.34366,16.224152,15.890976,0.7309037,-1,-1,-1
974,9935,558.9115,141.97379,11.982727,11.326584,0.4320568,-1,-1,-1
974,9939,577.45715,150.02455,12.521362,12.924118,0.31461805,-1,-1,-1
975,9881,460.3195,189.06725,25.044525,24.764511,0.7392252,-1,-1,-1
975,9916,772.2149,391.18204,80.05945,66.388885,0.82930064,-1,-1,-1
975,9915,492.48276,191.76465,22.597687,21.557053,0.26430884,-1,-1,-1
975,9889,437.73883,281.5309,33.665802,37.685913,0.7309776,-1,-1,-1
975,9867,545.7215,366.06802,36.732544,138.05838,0.4465579,-1,-1,-1
975,9893,598.8648,181.35767,20.845642,20.005173,0.7227625,-1,-1,-1
975,9917,544.2891,393.78467,36.482056,142.41876,0.5889187,-1,-1,-1
975,9933,504.44513,159.91992,16.372437,15.956604,0.706756,-1,-1,-1
975,9935,558.933,141.9723,12.01886,11.153061,0.3870754,-1,-1,-1
975,9939,577.42755,149.92564,12.554199,12.782837,0.28182456,-1,-1,-1
975,9936,642.1402,230.84447,30.445862,25.99437,0.51699483,-1,-1,-1
976,9881,459.59143,189.89592,25.384735,24.915909,0.7349198,-1,-1,-1
976,9916,771.54114,390.09512,79.43384,66.08615,0.8234446,-1,-1,-1
976,9889,437.01526,283.33298,33.67697,38.49362,0.3960677,-1,-1,-1
976,9867,545.5826,365.9751,36.660828,138.31424,0.44516817,-1,-1,-1
976,9893,598.74976,180.95496,20.657959,19.911041,0.71690816,-1,-1,-1
976,9917,544.0991,402.49957,36.130554,134.05792,0.5368251,-1,-1,-1
976,9933,503.95297,160.22319,16.19284,16.034164,0.6579944,-1,-1,-1
976,9935,558.7335,141.59412,11.741577,11.1861725,0.46904474,-1,-1,-1
976,9939,577.1662,149.84889,12.682556,12.559753,0.27833465,-1,-1,-1
976,9936,641.7287,229.89989,30.427368,26.013397,0.5093823,-1,-1,-1
977,9881,458.7967,190.67735,25.92096,25.074356,0.7421003,-1,-1,-1
977,9916,770.93286,389.46616,78.368286,65.14163,0.82841456,-1,-1,-1
977,9889,435.5435,285.56076,34.74289,39.46933,0.5063553,-1,-1,-1
977,9867,545.8792,367.15442,36.44049,140.84067,0.48050582,-1,-1,-1
977,9893,598.43274,180.80154,20.43335,19.679642,0.7545361,-1,-1,-1
977,9917,544.0227,405.0799,35.77832,131.68927,0.5940091,-1,-1,-1
977,9933,503.73425,160.69069,16.10962,16.11699,0.722388,-1,-1,-1
977,9935,558.761,141.4102,11.492676,11.137772,0.42407805,-1,-1,-1
977,9936,641.04614,229.14987,30.374817,26.024734,0.68788457,-1,-1,-1
978,9881,458.12097,191.23409,26.526276,25.712875,0.75288725,-1,-1,-1
978,9916,769.8353,388.55597,78.46301,64.04703,0.8264482,-1,-1,-1
978,9889,434.42078,287.87274,35.351593,40.61621,0.47094002,-1,-1,-1
978,9867,545.84216,368.2712,36.42749,141.21307,0.30325562,-1,-1,-1
978,9893,597.9513,180.3518,20.638672,19.641739,0.7809986,-1,-1,-1
978,9917,543.9975,406.21024,35.398926,130.80484,0.5340442,-1,-1,-1
978,9933,503.5994,160.95163,16.045868,16.352005,0.7309272,-1,-1,-1
978,9935,558.99475,141.44121,11.533508,10.892471,0.3815724,-1,-1,-1
978,9936,640.7921,228.61089,29.798645,25.599075,0.6440255,-1,-1,-1
979,9881,457.7272,192.18248,26.386597,25.720245,0.7335766,-1,-1,-1
979,9916,769.71356,387.51105,77.09265,63.736115,0.83234686,-1,-1,-1
979,9889,433.20465,290.307,35.92749,41.24237,0.7065039,-1,-1,-1
979,9893,597.81335,179.77382,20.425354,19.790161,0.81419206,-1,-1,-1
979,9917,543.97797,406.2094,35.42401,131.09595,0.5594144,-1,-1,-1
979,9933,503.76807,161.14374,16.42804,16.811523,0.65710884,-1,-1,-1
979,9935,559.1314,141.35168,11.277161,10.726517,0.3448721,-1,-1,-1
979,9936,640.50665,228.08522,29.17566,25.144714,0.6808535,-1,-1,-1
980,9881,457.39203,193.32921,25.949036,25.578629,0.71986026,-1,-1,-1
980,9916,768.72095,386.4896,77.13025,63.759308,0.80900973,-1,-1,-1
980,9889,432.19113,292.56866,36.11725,42.10721,0.697764,-1,-1,-1
980,9893,597.7418,179.46007,20.0766,19.57727,0.8211478,-1,-1,-1
980,9917,543.78906,405.19095,35.78363,131.89743,0.53328305,-1,-1,-1
980,9933,503.8283,161.47334,16.959534,17.137863,0.6584858,-1,-1,-1
980,9936,640.127,226.9097,28.747498,25.641495,0.6916373,-1,-1,-1
980,9867,545.1582,366.38678,37.33838,139.68289,0.35542458,-1,-1,-1
981,9881,456.91873,194.99577,25.414307,24.991806,0.73677,-1,-1,-1
981,9916,767.43896,385.7556,75.81445,63.86853,0.81789017,-1,-1,-1
981,9889,431.21838,295.2432,35.32779,42.509003,0.36963868,-1,-1,-1
981,9893,597.65753,179.31749,19.673462,19.144882,0.8181391,-1,-1,-1
981,9917,543.63776,405.2791,36.060852,131.63489,0.5522532,-1,-1,-1
981,9933,503.88016,162.05122,16.370575,17.063263,0.5280524,-1,-1,-1
981,9936,639.5088,226.03943,28.654175,25.878769,0.6947308,-1,-1,-1
981,9867,544.709,370.2749,38.06006,136.99472,0.27473962,-1,-1,-1
982,9881,456.29898,196.29327,25.064941,24.515991,0.76818204,-1,-1,-1
982,9916,766.4115,384.99124,75.35675,63.92398,0.82528853,-1,-1,-1
982,9889,430.0228,297.94965,35.47589,43.06018,0.5641266,-1,-1,-1
982,9893,597.44574,179.07942,19.205688,18.56871,0.794392,-1,-1,-1
982,9917,543.56036,404.83966,36.401245,131.90619,0.50532365,-1,-1,-1
982,9933,503.7687,162.81178,15.270477,16.631226,0.56833297,-1,-1,-1
982,9936,638.87225,225.32344,28.892944,25.635513,0.5733318,-1,-1,-1
982,9867,544.5206,369.82513,38.54303,140.03299,0.29877743,-1,-1,-1
983,9881,455.51337,197.14767,25.178833,24.877365,0.80706686,-1,-1,-1
983,9916,765.44977,384.3523,75.07117,63.281464,0.80558664,-1,-1,-1
983,9889,428.58615,300.96777,35.905884,43.457672,0.5132833,-1,-1,-1
983,9893,597.2017,178.72173,19.031372,18.421494,0.79028094,-1,-1,-1
983,9917,543.6414,404.44012,36.159363,132.41132,0.48259416,-1,-1,-1
983,9933,503.17062,163.26514,15.028778,16.80687,0.6456167,-1,-1,-1
983,9936,638.28503,224.67012,28.982178,25.468903,0.544325,-1,-1,-1
983,9867,544.29803,369.12827,38.087097,139.40698,0.2729263,-1,-1,-1
984,9881,454.756,197.83958,25.453491,25.556747,0.8086299,-1,-1,-1
984,9916,763.9666,383.64804,75.289246,63.012726,0.7708902,-1,-1,-1
984,9889,427.40598,303.6756,36.64917,44.06357,0.58596885,-1,-1,-1
984,9893,596.9319,178.31902,18.956299,18.389786,0.8128438,-1,-1,-1
984,9917,543.81995,404.72076,35.933228,132.25708,0.5258365,-1,-1,-1
984,9933,502.4601,163.38368,15.649933,17.594803,0.64155614,-1,-1,-1
984,9936,637.82416,223.78311,28.836609,25.554138,0.6011297,-1,-1,-1
984,9867,544.2153,367.5655,37.36255,141.24475,0.29000002,-1,-1,-1
985,9881,454.17,198.58452,25.496216,25.74942,0.75500816,-1,-1,-1
985,9916,763.54956,382.3568,73.29199,62.684784,0.7257246,-1,-1,-1
985,9893,596.60284,177.96062,18.838623,18.153229,0.77809125,-1,-1,-1
985,9917,544.1603,397.58902,36.06891,138.97733,0.41300726,-1,-1,-1
985,9933,502.3003,163.64291,15.905945,18.081131,0.67593294,-1,-1,-1
985,9936,637.32605,223.15192,28.644226,25.076141,0.2749462,-1,-1,-1
986,9881,453.56628,199.44777,25.487,25.757324,0.8114103,-1,-1,-1
986,9916,763.1647,381.37384,72.44525,62.233276,0.74114454,-1,-1,-1
986,9893,596.15875,177.2698,18.974976,18.444687,0.8016009,-1,-1,-1
986,9917,544.1543,395.57263,36.257874,140.49573,0.418667,-1,-1,-1
986,9933,502.18497,163.82742,16.318146,18.45311,0.7319103,-1,-1,-1
986,9936,637.15454,222.38094,28.15741,24.58104,0.37377837,-1,-1,-1
986,9941,636.85406,477.60437,66.5838,60.19519,0.4081581,-1,-1,-1
986,9889,425.316,308.8161,36.563446,45.91974,0.56287843,-1,-1,-1
987,9881,452.73758,200.36559,25.568054,26.11699,0.82349366,-1,-1,-1
987,9916,762.3045,380.9855,72.09448,61.668243,0.77360547,-1,-1,-1
987,9893,595.6209,176.81218,19.17871,18.751633,0.78051287,-1,-1,-1
987,9917,543.9829,394.90268,36.49591,141.3591,0.45307896,-1,-1,-1
987,9933,501.9409,164.61903,16.333832,18.258438,0.77369434,-1,-1,-1
987,9936,636.88,221.98589,28.13617,24.114532,0.4513045,-1,-1,-1
987,9941,635.55835,472.7966,67.01788,64.967316,0.3646713,-1,-1,-1
987,9889,423.70273,311.42627,37.50894,46.435516,0.6581006,-1,-1,-1
988,9881,452.09634,201.5488,25.614136,26.119873,0.82874924,-1,-1,-1
988,9916,760.88226,380.56726,72.93628,60.625946,0.67288566,-1,-1,-1
988,9893,595.19965,176.74503,19.230408,18.472626,0.75924516,-1,-1,-1
988,9917,543.9025,394.39066,36.596558,141.83102,0.48083648,-1,-1,-1
988,9933,501.79422,165.61241,16.459503,17.92984,0.80777365,-1,-1,-1
988,9936,636.5637,221.63075,27.968628,23.739883,0.532595,-1,-1,-1
988,9941,634.2507,467.89926,67.34918,69.367584,0.8092951,-1,-1,-1
988,9889,421.88553,313.79025,38.566895,47.493256,0.6741115,-1,-1,-1
988,9944,495.7584,256.60883,32.76468,33.81961,0.35113853,-1,-1,-1
988,9915,487.22855,205.02618,23.501617,22.240067,0.26791656,-1,-1,-1
989,9881,451.4958,202.49821,25.904144,26.11464,0.81784314,-1,-1,-1
989,9916,760.4612,379.60843,72.61749,59.843323,0.57353514,-1,-1,-1
989,9893,594.6533,176.35251,19.38507,18.295715,0.6845891,-1,-1,-1
989,9917,543.86993,394.83435,36.446594,141.52264,0.46086726,-1,-1,-1
989,9933,501.52576,166.13435,16.90924,18.134583,0.7947508,-1,-1,-1
989,9936,636.31683,220.84273,27.181213,23.653564,0.3173185,-1,-1,-1
989,9941,633.46075,465.21585,67.99304,72.01077,0.79589707,-1,-1,-1
989,9889,419.6389,316.9405,40.05548,48.22876,0.6059471,-1,-1,-1
989,9944,495.35638,257.2475,33.236267,34.792633,0.38521406,-1,-1,-1
989,9867,543.71954,366.7194,37.205566,140.98514,0.30829844,-1,-1,-1
990,9881,450.85455,203.48755,26.215302,26.384033,0.8186987,-1,-1,-1
990,9916,759.8694,378.85782,71.8136,58.935333,0.49182853,-1,-1,-1
990,9893,594.4828,175.90047,19.11969,18.160202,0.75281775,-1,-1,-1
990,9933,501.36932,166.83092,17.146912,18.072266,0.7831881,-1,-1,-1
990,9936,636.17554,220.0808,26.408752,23.431229,0.5316197,-1,-1,-1
990,9941,631.86383,460.71713,70.47687,75.730316,0.8288904,-1,-1,-1
990,9889,418.15408,320.29642,41.03418,48.522156,0.7353491,-1,-1,-1
990,9944,494.85544,257.96902,34.18869,36.951355,0.27314362,-1,-1,-1
990,9867,543.6782,370.0276,38.434143,147.82599,0.43698686,-1,-1,-1
991,9881,450.231,204.36433,26.694275,26.61522,0.8252554,-1,-1,-1
991,9916,759.08606,378.54007,70.918396,58.448547,0.63835657,-1,-1,-1
991,9893,594.42426,175.46088,18.875977,18.202118,0.77997226,-1,-1,-1
991,9933,501.25497,167.36758,17.102753,18.061066,0.7860287,-1,-1,-1
991,9936,635.48,219.43709,26.281372,23.359482,0.30373463,-1,-1,-1
991,9941,631.43744,455.18484,69.82605,78.944244,0.86228645,-1,-1,-1
991,9889,416.36652,323.13428,42.72238,49.519073,0.7178687,-1,-1,-1
991,9867,543.37555,368.5465,38.28192,141.33945,0.2798041,-1,-1,-1
991,9917,543.95276,393.68112,36.654907,142.44614,0.40457153,-1,-1,-1
992,9881,449.67853,205.13536,26.89444,26.822891,0.81621134,-1,-1,-1
992,9916,758.4532,378.05478,70.20325,58.454193,0.70330954,-1,-1,-1
992,9893,594.04663,175.03822,19.034973,18.276062,0.78954273,-1,-1,-1
992,9933,500.91937,167.79659,17.213013,18.251328,0.7394933,-1,-1,-1
992,9936,634.9477,218.6823,26.457275,23.509338,0.66721416,-1,-1,-1
992,9941,630.7867,450.0168,68.04968,79.88541,0.82577294,-1,-1,-1
992,9889,415.11832,326.279,43.05136,49.862457,0.7542059,-1,-1,-1
992,9917,543.6005,387.7848,37.636597,147.36456,0.4728587,-1,-1,-1
993,9881,448.77023,206.254,27.24356,26.857224,0.81023854,-1,-1,-1
993,9916,757.75903,377.42554,69.34967,57.754578,0.76754355,-1,-1,-1
993,9893,593.63055,174.80031,19.194214,18.20456,0.7936267,-1,-1,-1
993,9933,500.6325,168.5425,17.189026,18.128876,0.70430714,-1,-1,-1
993,9936,634.6734,217.99266,26.404663,23.28273,0.673877,-1,-1,-1
993,9941,629.65485,445.47208,66.892944,78.48605,0.8362359,-1,-1,-1
993,9889,413.54947,328.94437,44.750214,51.837463,0.7286401,-1,-1,-1
993,9917,543.1852,386.37204,37.96704,148.22275,0.58914423,-1,-1,-1
993,9944,493.32895,265.48618,34.53586,36.135376,0.39705288,-1,-1,-1
994,9881,448.01117,207.04695,27.706238,27.249573,0.8089711,-1,-1,-1
994,9916,756.2695,377.65576,69.380005,56.079742,0.73291624,-1,-1,-1
994,9893,593.29156,174.45421,19.216492,18.267609,0.789794,-1,-1,-1
994,9933,500.36087,168.89471,17.454865,18.529999,0.71859497,-1,-1,-1
994,9936,634.6321,217.24088,25.821167,22.896011,0.59349173,-1,-1,-1
994,9941,628.3832,440.06952,65.75311,77.853516,0.83459616,-1,-1,-1
994,9889,412.13586,332.00586,45.190094,52.89569,0.70393044,-1,-1,-1
994,9917,543.0568,385.94678,38.158752,148.0144,0.6395263,-1,-1,-1
994,9944,492.6671,267.38544,34.712524,36.5253,0.45398983,-1,-1,-1
995,9881,447.18573,208.137,28.177704,27.613266,0.7836795,-1,-1,-1
995,9916,755.3559,377.73392,68.49304,55.23535,0.69106895,-1,-1,-1
995,9893,592.9722,173.93126,19.148376,18.358185,0.7732958,-1,-1,-1
995,9933,500.3953,169.17952,17.337067,18.846603,0.6868041,-1,-1,-1
995,9936,634.599,216.5189,25.540161,22.889297,0.72675145,-1,-1,-1
995,9941,628.1149,435.95215,63.811462,76.2276,0.8740172,-1,-1,-1
995,9889,411.15106,336.18002,44.99994,52.571747,0.755541,-1,-1,-1
995,9917,542.9507,382.22647,38.69049,150.28311,0.64957213,-1,-1,-1
995,9944,491.89313,268.33524,35.6203,37.657013,0.57271415,-1,-1,-1
995,9915,484.161,211.6073,24.659119,24.967255,0.33445197,-1,-1,-1
996,9881,446.38416,209.29889,28.134918,27.746948,0.762044,-1,-1,-1
996,9916,753.78204,377.89035,68.574524,53.11551,0.6364776,-1,-1,-1
996,9893,592.7547,173.60632,19.14209,18.16658,0.7506395,-1,-1,-1
996,9933,500.3301,169.71019,17.37735,18.834198,0.7347702,-1,-1,-1
996,9936,634.19165,215.81004,25.37085,22.96164,0.7725283,-1,-1,-1
996,9941,626.05695,430.80228,64.67114,75.68231,0.83687407,-1,-1,-1
996,9889,409.71002,339.31473,45.05374,53.363922,0.77799904,-1,-1,-1
996,9917,543.0194,379.67014,38.67993,152.35147,0.5838124,-1,-1,-1
996,9944,491.1421,269.39655,36.298157,38.555878,0.3143407,-1,-1,-1
996,9915,483.455,212.7518,25.665863,25.024948,0.28941366,-1,-1,-1
997,9881,445.49228,210.44301,28.157318,27.438828,0.7645467,-1,-1,-1
997,9916,752.88,378.7123,68.74298,50.69516,0.7172375,-1,-1,-1
997,9893,592.73566,173.15042,18.601868,18.091904,0.7608,-1,-1,-1
997,9933,499.95007,170.17194,17.808105,18.876465,0.73828584,-1,-1,-1
997,9936,634.01324,214.99823,24.94629,22.90561,0.7714755,-1,-1,-1
997,9941,624.8842,426.7436,62.052246,74.35675,0.86914825,-1,-1,-1
997,9889,408.39816,342.4334,45.629303,55.409515,0.7777369,-1,-1,-1
997,9917,543.05817,382.7802,37.905518,149.66577,0.5092498,-1,-1,-1
997,9867,542.5793,367.69528,37.053223,137.23785,0.27207914,-1,-1,-1
998,9881,444.949,211.36295,28.186646,27.38765,0.80203664,-1,-1,-1
998,9916,751.85736,379.50885,68.09796,48.585175,0.7161147,-1,-1,-1
998,9893,592.398,172.74605,18.615356,18.022034,0.78587174,-1,-1,-1
998,9933,499.41415,170.23778,18.424347,19.198273,0.7210043,-1,-1,-1
998,9936,633.231,213.96071,25.187622,23.188995,0.69498515,-1,-1,-1
998,9941,624.68726,423.39102,60.345642,72.97452,0.816394,-1,-1,-1
998,9889,406.6824,346.14594,45.428528,55.836975,0.7641759,-1,-1,-1
998,9917,543.45026,379.0216,37.57776,150.3695,0.601485,-1,-1,-1
999,9881,444.25638,212.137,28.443146,27.924667,0.8160735,-1,-1,-1
999,9916,750.802,380.45328,67.7406,46.41391,0.71033543,-1,-1,-1
999,9893,592.2694,172.54007,18.673584,17.758865,0.78236157,-1,-1,-1
999,9933,498.99643,170.6225,18.715424,19.207062,0.72605926,-1,-1,-1
999,9936,632.0848,212.86447,25.87323,23.479858,0.65886474,-1,-1,-1
999,9941,623.28577,419.5144,60.119995,71.693115,0.8289472,-1,-1,-1
999,9889,404.665,349.5088,46.039093,57.097565,0.7930484,-1,-1,-1
999,9917,543.7108,378.28192,37.27478,149.29211,0.67453426,-1,-1,-1
1000,9881,443.49225,213.02602,28.645111,28.413956,0.8171834,-1,-1,-1
1000,9916,749.7396,381.1731,67.68866,44.775024,0.5640976,-1,-1,-1
1000,9893,592.0322,172.18248,18.470154,17.569672,0.7859619,-1,-1,-1
1000,9933,498.68726,170.99026,18.706543,19.216171,0.71006,-1,-1,-1
1000,9936,631.5622,211.99011,25.987915,23.64302,0.5976083,-1,-1,-1
1000,9941,622.2157,415.7489,59.821655,70.94995,0.80886346,-1,-1,-1
1000,9889,402.42157,353.56223,46.54727,57.610718,0.8154131,-1,-1,-1
1000,9917,543.8758,376.9674,36.983887,149.49011,0.5743062,-1,-1,-1
1001,9881,442.81567,214.05794,28.59903,28.32013,0.82005054,-1,-1,-1
1001,9916,749.18164,381.0479,67.427795,43.907257,0.45215794,-1,-1,-1
1001,9893,591.7059,171.81174,18.02185,17.415222,0.6876128,-1,-1,-1
1001,9933,498.4157,171.3226,18.791016,19.439941,0.635537,-1,-1,-1
1001,9941,620.421,412.65375,59.007996,69.93503,0.82405025,-1,-1,-1
1001,9889,400.4999,357.8487,48.05484,57.37561,0.790159,-1,-1,-1
1001,9917,543.744,376.663,36.959167,149.60892,0.681901,-1,-1,-1
1001,9944,488.83856,281.81183,33.481384,37.73117,0.28364602,-1,-1,-1
1002,9881,442.24847,214.99716,28.730438,28.36827,0.82726145,-1,-1,-1
1002,9916,749.08765,381.08545,67.36072,41.956543,0.27158388,-1,-1,-1
1002,9893,591.38586,171.28394,17.98407,17.406982,0.645846,-1,-1,-1
1002,9933,498.35825,171.98824,18.923187,19.38797,0.6138934,-1,-1,-1
1002,9941,619.27216,409.02567,59.311768,66.68274,0.8351857,-1,-1,-1
1002,9889,398.57333,362.06207,49.42337,57.93582,0.78955334,-1,-1,-1
1002,9917,543.63055,377.66626,36.72412,148.05023,0.6424169,-1,-1,-1
1003,9881,440.7648,215.87247,29.764343,29.190536,0.80825156,-1,-1,-1
1003,9893,591.18823,170.7504,17.801453,17.54712,0.75416815,-1,-1,-1
1003,9933,498.34604,172.78491,18.76529,18.925919,0.6534811,-1,-1,-1
1003,9941,618.8673,405.55582,57.92444,63.584015,0.7876263,-1,-1,-1
1003,9889,396.3826,365.88495,50.95529,59.201782,0.7647125,-1,-1,-1
1003,9917,543.52655,378.04007,36.930054,147.69406,0.6859686,-1,-1,-1
1003,9936,631.2247,210.23138,24.783264,22.567108,0.32316354,-1,-1,-1
1004,9881,439.8385,217.06184,30.316711,29.285141,0.82931876,-1,-1,-1
1004,9893,590.7747,170.43794,17.545593,17.331558,0.6979622,-1,-1,-1
1004,9933,498.33035,173.7508,18.59494,18.425888,0.6394039,-1,-1,-1
1004,9941,618.5673,402.70203,55.7854,62.73294,0.7789562,-1,-1,-1
1004,9889,394.35052,369.3889,51.89032,59.945496,0.7714323,-1,-1,-1
1004,9917,543.5247,378.37723,37.058228,147.21243,0.73043454,-1,-1,-1
1004,9936,631.18604,209.93535,24.44635,22.173782,0.36213037,-1,-1,-1
1005,9881,438.75177,218.10487,30.442902,29.742996,0.8329886,-1,-1,-1
1005,9893,590.7047,170.09947,17.350342,17.287842,0.7563748,-1,-1,-1
1005,9933,498.24966,174.59335,18.166351,18.204071,0.73446965,-1,-1,-1
1005,9941,617.9892,398.98447,53.52466,62.110077,0.7691224,-1,-1,-1
1005,9889,392.71765,371.87268,51.494965,61.513092,0.8078229,-1,-1,-1
1005,9917,543.50824,377.13626,37.100403,148.46152,0.72574145,-1,-1,-1
1005,9936,630.9055,209.22704,24.309143,22.269714,0.53792685,-1,-1,-1
1005,9915,480.08893,222.85541,25.337097,25.560623,0.3119042,-1,-1,-1
1006,9881,437.94418,219.11595,30.594543,30.044937,0.81554663,-1,-1,-1
1006,9893,590.5474,169.55699,17.0708,17.186142,0.7447992,-1,-1,-1
1006,9933,498.25333,175.13919,17.897186,18.150711,0.76092523,-1,-1,-1
1006,9941,617.5226,395.86227,52.25769,61.43573,0.70945907,-1,-1,-1
1006,9889,390.51834,375.50955,52.6279,63.32199,0.8265229,-1,-1,-1
1006,9917,543.4335,376.41562,37.05774,149.54623,0.7156785,-1,-1,-1
1006,9936,630.5481,208.59708,24.37738,22.04039,0.58811545,-1,-1,-1
1006,9915,479.61066,224.18399,25.124237,25.530746,0.35917413,-1,-1,-1
1007,9881,436.68985,220.10231,31.402435,30.261444,0.8055917,-1,-1,-1
1007,9893,590.2927,169.07149,16.700623,16.978302,0.7282998,-1,-1,-1
1007,9933,498.33575,175.74258,17.596863,18.139633,0.7341197,-1,-1,-1
1007,9941,616.48816,392.72687,52.618713,60.088715,0.48872364,-1,-1,-1
1007,9889,388.6946,379.3918,52.9292,64.05765,0.8359194,-1,-1,-1
1007,9917,543.43335,376.23483,36.77411,149.95065,0.68254745,-1,-1,-1
1007,9936,630.2912,207.66965,24.223755,22.110138,0.5394666,-1,-1,-1
1007,9915,479.18082,225.31664,24.161774,25.16391,0.3813152,-1,-1,-1
1008,9881,435.8535,221.30583,31.651276,30.365173,0.7912779,-1,-1,-1
1008,9893,590.1042,168.80716,16.480286,16.611145,0.69464344,-1,-1,-1
1008,9933,498.4311,176.12482,17.434753,18.441895,0.7328552,-1,-1,-1
1008,9941,615.403,389.18604,53.11151,58.7959,0.6973177,-1,-1,-1
1008,9889,386.86047,383.2875,53.32852,65.47278,0.8342008,-1,-1,-1
1008,9917,543.44257,375.84186,36.700012,150.27185,0.63091946,-1,-1,-1
1008,9936,630.07886,207.00993,24.369751,21.987228,0.38877934,-1,-1,-1
1008,9915,478.90494,226.17877,24.656647,25.629898,0.30881605,-1,-1,-1
1009,9881,435.18787,222.82642,31.8414,30.490982,0.7752921,-1,-1,-1
1009,9893,590.2025,168.83754,16.275452,16.242462,0.7318961,-1,-1,-1
1009,9933,498.18512,176.49904,17.185364,18.852417,0.75362676,-1,-1,-1
1009,9941,615.27826,385.8412,51.97107,59.245636,0.61746573,-1,-1,-1
1009,9889,384.10184,387.21204,54.52365,67.19525,0.8480685,-1,-1,-1
1009,9917,543.2654,375.97656,36.90393,150.11896,0.6165977,-1,-1,-1
1009,9936,629.8833,206.07916,24.189331,22.161469,0.42439184,-1,-1,-1
1009,9915,478.21136,227.84233,24.626526,25.334946,0.55547553,-1,-1,-1
1009,9948,572.781,142.95485,11.606079,12.152008,0.35794112,-1,-1,-1
1010,9881,434.59256,224.25145,31.844238,30.718323,0.8141193,-1,-1,-1
1010,9893,589.9475,168.56805,16.26355,16.157303,0.71631527,-1,-1,-1
1010,9933,497.74622,177.08202,17.318542,18.829666,0.78175426,-1,-1,-1
1010,9941,614.6273,382.7685,50.21161,57.91748,0.42778653,-1,-1,-1
1010,9889,381.36774,391.57452,56.130737,67.62027,0.8383527,-1,-1,-1
1010,9917,543.28357,376.20853,36.747803,149.9794,0.5756838,-1,-1,-1
1010,9936,629.4485,205.24959,24.192078,21.833649,0.32773384,-1,-1,-1
1010,9915,477.5984,228.99117,24.742432,25.71466,0.7045349,-1,-1,-1
1010,9948,572.753,142.77701,11.69458,12.080872,0.33052662,-1,-1,-1
1010,9944,484.90656,300.01477,33.976624,42.12973,0.4510651,-1,-1,-1
1011,9881,433.88266,225.19986,32.026733,31.056213,0.8250243,-1,-1,-1
1011,9893,589.4616,167.93135,16.474426,16.221985,0.7010999,-1,-1,-1
1011,9933,497.0652,177.51242,17.790283,18.963867,0.8028253,-1,-1,-1
1011,9941,613.9454,380.18118,49.242798,55.61917,0.4509253,-1,-1,-1
1011,9889,378.9457,395.84198,57.255615,68.58499,0.8425828,-1,-1,-1
1011,9917,543.08417,374.29388,36.757446,148.82532,0.6827663,-1,-1,-1
1011,9936,628.9533,204.61375,24.252747,21.608215,0.58207536,-1,-1,-1
1011,9915,477.07236,230.73473,24.616669,25.402786,0.7737367,-1,-1,-1
1011,9948,572.4205,142.07297,11.902527,12.377075,0.31083196,-1,-1,-1
1011,9944,484.36407,301.84402,33.704163,42.884827,0.51978624,-1,-1,-1
1012,9881,433.28705,226.11658,31.755737,31.293793,0.8213747,-1,-1,-1
1012,9893,588.93695,167.30481,16.932068,16.17035,0.7496185,-1,-1,-1
1012,9933,496.47775,177.83347,17.9357,19.259613,0.795909,-1,-1,-1
1012,9941,613.4184,377.77353,45.304077,54.17444,0.27141705,-1,-1,-1
1012,9889,375.56354,400.35458,59.095276,70.139465,0.84968054,-1,-1,-1
1012,9917,543.3278,375.24884,36.4057,150.34851,0.7162895,-1,-1,-1
1012,9936,628.78326,203.86002,24.119751,21.68657,0.7145728,-1,-1,-1
1012,9915,476.4061,232.01022,24.804077,25.130707,0.7523811,-1,-1,-1
1012,9948,572.18024,142.00436,11.781067,12.21228,0.31390697,-1,-1,-1
1012,9944,483.76837,303.80237,34.041748,43.142517,0.57676315,-1,-1,-1
1013,9881,432.22876,226.98456,32.134216,31.861969,0.8295002,-1,-1,-1
1013,9893,588.57275,166.92232,17.095947,15.947739,0.7634624,-1,-1,-1
1013,9933,496.07748,178.23523,17.818024,19.996323,0.7984848,-1,-1,-1
1013,9941,613.6669,374.39487,45.250305,53.37735,0.5021895,-1,-1,-1
1013,9889,373.4951,405.06702,59.68982,72.13016,0.875132,-1,-1,-1
1013,9917,543.21295,373.74796,36.383728,149.35281,0.703207,-1,-1,-1
1013,9936,628.4067,202.96104,24.011963,21.824707,0.56253135,-1,-1,-1
1013,9915,475.9563,232.18536,26.010284,26.417145,0.77118987,-1,-1,-1
1013,9948,572.1885,141.93292,11.737732,12.083389,0.30971518,-1,-1,-1
1014,9881,431.28238,228.06236,32.413727,32.094315,0.82442975,-1,-1,-1
1014,9893,588.31213,166.35481,17.302002,15.982025,0.7655283,-1,-1,-1
1014,9933,495.70392,178.4371,17.898865,20.374313,0.8098993,-1,-1,-1
1014,9941,611.9867,372.30365,45.74756,51.693542,0.34297106,-1,-1,-1
1014,9889,370.89474,408.90518,60.725677,74.63956,0.8541212,-1,-1,-1
1014,9917,543.4324,374.45847,36.181152,151.14041,0.6486759,-1,-1,-1
1014,9936,627.8896,202.29012,24.092346,21.66835,0.46178132,-1,-1,-1
1014,9915,475.1929,232.3645,26.822144,27.271301,0.79593176,-1,-1,-1
1014,9948,571.70197,141.30339,11.8974,12.270798,0.30733517,-1,-1,-1
1014,9953,453.93036,258.68396,31.03897,21.978241,0.44112065,-1,-1,-1
1015,9881,430.5117,229.16788,33.196503,32.12216,0.82856417,-1,-1,-1
1015,9893,588.10767,165.85973,17.367432,15.965897,0.77599293,-1,-1,-1
1015,9933,495.41895,178.50821,18.124268,20.349121,0.81606364,-1,-1,-1
1015,9889,368.94162,413.63898,61.748383,76.123505,0.8643199,-1,-1,-1
1015,9917,543.47876,374.3332,36.114563,152.30103,0.6317705,-1,-1,-1
1015,9936,627.7455,201.7028,23.770447,21.267838,0.38522175,-1,-1,-1
1015,9915,474.7243,232.49316,27.329956,28.743835,0.8081382,-1,-1,-1
1015,9948,571.5377,140.81131,12.09491,12.399017,0.35394332,-1,-1,-1
1015,9954,796.43915,464.75574,107.38751,74.05975,0.5399362,-1,-1,-1
1015,9944,481.95828,310.14642,34.530365,45.065643,0.3134091,-1,-1,-1
1016,9881,429.73062,230.42227,33.927124,32.114166,0.82142186,-1,-1,-1
1016,9893,587.8551,165.44057,17.322449,16.07779,0.7752886,-1,-1,-1
1016,9933,495.17117,179.02853,18.526154,20.435379,0.8185337,-1,-1,-1
1016,9889,366.8864,418.5567,62.045746,78.14053,0.8618206,-1,-1,-1
1016,9917,543.3725,374.9995,36.391235,152.52612,0.70048505,-1,-1,-1
1016,9936,627.37396,200.36487,23.943787,21.968414,0.4583281,-1,-1,-1
1016,9915,474.31546,232.98305,27.160034,29.364151,0.80499583,-1,-1,-1
1016,9954,795.645,461.70682,105.86548,76.411285,0.7237477,-1,-1,-1
1016,9944,481.09158,312.03073,35.103424,46.462463,0.38875467,-1,-1,-1
1016,9941,611.79376,366.22794,43.95221,50.611877,0.39019206,-1,-1,-1
1017,9881,429.25168,231.58208,34.216003,32.15303,0.8145657,-1,-1,-1
1017,9893,587.84674,165.0577,17.100952,16.039124,0.7404915,-1,-1,-1
1017,9933,494.89926,179.33513,18.973663,20.747269,0.7971517,-1,-1,-1
1017,9889,362.99362,423.5818,64.01578,79.454865,0.8708377,-1,-1,-1
1017,9917,543.2863,375.6006,36.426697,152.28455,0.7285043,-1,-1,-1
1017,9936,627.05975,199.38353,24.130249,22.09079,0.4694146,-1,-1,-1
1017,9915,474.2343,234.57523,26.806122,28.631104,0.6264467,-1,-1,-1
1017,9954,794.1564,459.36185,104.34674,78.1387,0.82322365,-1,-1,-1
1017,9944,480.6714,314.46063,34.9823,46.202057,0.5466999,-1,-1,-1
1017,9941,612.36835,363.20078,40.997375,49.710266,0.5070509,-1,-1,-1
1017,9948,571.74066,140.3465,12.116272,12.359329,0.26398742,-1,-1,-1
1018,9881,428.37753,232.45103,34.892365,33.094498,0.81625855,-1,-1,-1
1018,9893,587.5985,164.42233,16.955627,15.8194275,0.70175856,-1,-1,-1
1018,9933,494.77414,179.77612,19.089996,20.741013,0.7871528,-1,-1,-1
1018,9889,360.27292,428.9043,64.93469,80.416504,0.86022747,-1,-1,-1
1018,9917,543.077,373.97607,36.288757,150.33673,0.66438127,-1,-1,-1
1018,9936,626.6631,198.65973,24.298462,21.714615,0.32207626,-1,-1,-1
1018,9915,473.45163,235.07957,27.537079,29.51329,0.6967935,-1,-1,-1
1018,9954,793.2736,456.48932,102.39264,80.91034,0.8399297,-1,-1,-1
1018,9944,480.0891,316.56485,35.722595,46.872955,0.69001186,-1,-1,-1
1018,9941,612.44916,359.88052,40.149536,48.91754,0.5451162,-1,-1,-1
1018,9948,571.54285,140.19853,12.257446,12.347458,0.31522152,-1,-1,-1
1019,9881,428.08206,233.01859,34.45813,34.013306,0.7787322,-1,-1,-1
1019,9893,587.4679,163.91527,16.808105,15.590286,0.73179185,-1,-1,-1
1019,9933,494.63483,180.32346,18.92163,20.409851,0.7827147,-1,-1,-1
1019,9889,356.628,433.96622,66.71283,82.649994,0.86794555,-1,-1,-1
1019,9917,542.9614,372.5381,36.185547,151.01141,0.54778016,-1,-1,-1
1019,9936,626.2903,198.223,24.665588,21.379211,0.36986136,-1,-1,-1
1019,9915,472.9797,236.51408,27.29538,28.77391,0.64803255,-1,-1,-1
1019,9954,792.30023,453.29086,100.8302,83.34549,0.8270635,-1,-1,-1
1019,9944,479.7806,318.53934,36.197052,47.422516,0.66748327,-1,-1,-1
1019,9941,610.9959,356.60196,42.243042,49.172974,0.6892053,-1,-1,-1
1020,9881,427.07736,235.066,35.783234,33.62889,0.78160536,-1,-1,-1
1020,9893,587.24817,163.72543,16.532959,15.287933,0.6841907,-1,-1,-1
1020,9933,494.5896,180.95961,18.609802,20.048386,0.7917711,-1,-1,-1
1020,9889,354.04895,438.7836,67.584076,84.277435,0.86462283,-1,-1,-1
1020,9917,542.9054,371.25262,36.207275,152.29797,0.49325964,-1,-1,-1
1020,9936,626.0693,197.42363,24.881165,21.531937,0.43884206,-1,-1,-1
1020,9915,472.15326,239.55861,27.649597,27.751053,0.69762886,-1,-1,-1
1020,9954,791.6184,452.2368,99.78931,83.04971,0.8574369,-1,-1,-1
1020,9944,479.2861,320.805,36.329926,47.489746,0.74045455,-1,-1,-1
1020,9941,610.29175,353.4366,42.213196,48.695282,0.7272336,-1,-1,-1
1021,9881,426.0908,237.17018,36.116547,32.949936,0.7690501,-1,-1,-1
1021,9893,587.07556,163.29727,16.35608,15.173416,0.6445061,-1,-1,-1
1021,9933,494.63943,181.34952,18.350067,19.976013,0.79795796,-1,-1,-1
1021,9889,349.94565,444.46,69.44452,86.14877,0.8787787,-1,-1,-1
1021,9917,542.46454,369.2541,36.881287,154.47351,0.38740036,-1,-1,-1
1021,9936,625.8861,196.90253,24.292053,21.094666,0.36893943,-1,-1,-1
1021,9915,471.83023,241.36342,26.542725,26.743484,0.77347416,-1,-1,-1
1021,9954,790.9804,449.85083,98.35687,83.63019,0.8565866,-1,-1,-1
1021,9944,478.21948,322.678,37.709106,48.62628,0.7921667,-1,-1,-1
1021,9941,609.5231,350.0971,42.157104,48.44525,0.5245564,-1,-1,-1
1021,9867,542.7225,364.88318,33.61786,123.169586,0.28600037,-1,-1,-1
1022,9881,425.01508,239.6513,34.50476,31.834686,0.7825043,-1,-1,-1
1022,9893,586.85986,162.79213,16.2229,15.341461,0.6847593,-1,-1,-1
1022,9933,494.10226,181.74414,18.692047,19.987106,0.7868812,-1,-1,-1
1022,9889,345.74005,450.21945,71.813446,86.65048,0.8540885,-1,-1,-1
1022,9917,542.32086,367.69763,37.417114,156.04846,0.4390149,-1,-1,-1
1022,9936,625.6367,196.01057,23.905518,21.157104,0.49546775,-1,-1,-1
1022,9915,471.12558,243.2804,27.140503,26.190125,0.63888943,-1,-1,-1
1022,9954,789.8478,447.02243,96.86902,83.934906,0.83872753,-1,-1,-1
1022,9944,476.6155,324.53143,39.805084,50.289307,0.77533764,-1,-1,-1
1022,9941,608.90265,347.3973,41.80139,48.507904,0.5564655,-1,-1,-1
1022,9867,542.8918,365.47006,33.66382,117.66281,0.3932153,-1,-1,-1
1023,9881,423.3424,240.69434,35.013733,32.422882,0.819146,-1,-1,-1
1023,9893,586.58185,162.61943,16.13916,15.136932,0.5981497,-1,-1,-1
1023,9933,493.65305,182.10796,18.872833,20.139557,0.79612535,-1,-1,-1
1023,9889,341.8813,456.79764,73.65799,82.64786,0.8314988,-1,-1,-1
1023,9917,542.25854,368.82892,37.845093,155.44873,0.46313098,-1,-1,-1
1023,9915,470.2833,244.13469,28.233765,27.60054,0.7485502,-1,-1,-1
1023,9954,788.7573,445.1456,96.14606,82.509186,0.8421305,-1,-1,-1
1023,9944,474.89783,326.70746,41.894775,51.76654,0.7874074,-1,-1,-1
1023,9941,608.9461,344.53638,40.849915,47.772705,0.70257986,-1,-1,-1
1024,9881,422.14313,241.47052,35.159576,33.13806,0.8293223,-1,-1,-1
1024,9893,586.56067,161.93347,15.929382,15.277054,0.6164762,-1,-1,-1
1024,9933,493.48663,182.55896,19.046509,19.99704,0.7866787,-1,-1,-1
1024,9889,338.83206,461.52866,74.7294,78.471344,0.7720734,-1,-1,-1
1024,9917,542.2748,370.74576,38.77002,154.92203,0.60095316,-1,-1,-1
1024,9915,469.5801,244.4066,29.045776,28.6277,0.737014,-1,-1,-1
1024,9954,787.1971,442.31406,95.23224,82.76077,0.85461754,-1,-1,-1
1024,9944,474.6909,328.14426,42.425262,53.595184,0.813312,-1,-1,-1
1024,9941,608.0621,342.40967,41.40576,47.496338,0.65560603,-1,-1,-1
1024,9936,625.0574,194.49608,24.023743,21.256287,0.35614604,-1,-1,-1
1025,9881,421.25674,242.58165,34.895996,33.8459,0.8163053,-1,-1,-1
1025,9893,586.42596,161.23901,15.819214,15.53598,0.70091325,-1,-1,-1
1025,9933,493.2711,182.9128,19.154327,20.195297,0.79111564,-1,-1,-1
1025,9889,337.61807,467.14093,73.161865,72.46918,0.6110704,-1,-1,-1
1025,9917,542.5354,371.99997,38.867737,153.97049,0.66565675,-1,-1,-1
1025,9915,468.84888,245.7233,29.291748,29.595245,0.7974037,-1,-1,-1
1025,9954,786.53625,441.3722,93.857056,81.11548,0.83168626,-1,-1,-1
1025,9944,474.09842,329.82437,43.825104,55.12372,0.8189688,-1,-1,-1
1025,9941,607.1862,339.94836,41.606995,46.017548,0.7032373,-1,-1,-1
1025,9936,624.86475,193.73836,23.882751,21.14389,0.4172817,-1,-1,-1
1026,9881,420.30847,242.99655,35.034515,34.75171,0.83134645,-1,-1,-1
1026,9893,586.1736,160.6846,15.967651,15.746307,0.6951137,-1,-1,-1
1026,9933,493.0197,183.45378,19.261536,20.126984,0.79292125,-1,-1,-1
1026,9889,332.97665,473.48108,76.113464,65.42432,0.49130407,-1,-1,-1
1026,9917,542.6671,373.94925,39.159546,153.51706,0.7114724,-1,-1,-1
1026,9915,468.4617,246.73262,30.224854,30.198227,0.7835377,-1,-1,-1
1026,9954,785.80304,439.81876,92.60712,79.33646,0.8537372,-1,-1,-1
1026,9944,473.35287,331.44785,44.69168,57.27365,0.82088715,-1,-1,-1
1026,9941,606.54614,337.78714,41.369812,44.491333,0.63790137,-1,-1,-1
1026,9936,624.50793,192.95421,24.086182,21.078857,0.60392,-1,-1,-1
1026,9956,732.4403,339.61975,71.40985,44.921997,0.40282336,-1,-1,-1
1026,9867,542.35516,371.3156,38.27942,114.34778,0.3620854,-1,-1,-1
1027,9881,418.676,243.93182,35.643707,35.36853,0.8401056,-1,-1,-1
1027,9893,585.86066,160.399,16.208252,15.698547,0.58952206,-1,-1,-1
1027,9933,492.7011,183.8714,19.242584,20.085068,0.77712256,-1,-1,-1
1027,9889,330.28726,479.26044,77.20584,60.254517,0.37321514,-1,-1,-1
1027,9917,543.1056,375.8944,38.551636,153.92505,0.740876,-1,-1,-1
1027,9915,467.94287,247.81673,31.096954,30.911514,0.7260684,-1,-1,-1
1027,9954,783.88025,437.0488,92.8125,78.91904,0.8676516,-1,-1,-1
1027,9944,472.53204,332.9204,44.92047,58.69565,0.8020621,-1,-1,-1
1027,9941,606.15295,335.34695,41.41272,43.26877,0.6536276,-1,-1,-1
1027,9936,624.1402,192.26216,24.150757,21.031326,0.4991636,-1,-1,-1
1027,9956,732.15,338.25226,71.9953,45.082397,0.5571682,-1,-1,-1
1027,9867,542.6109,373.68716,38.034546,108.684875,0.38561392,-1,-1,-1
1028,9881,417.47723,244.88998,35.861084,35.463013,0.83368486,-1,-1,-1
1028,9893,585.66254,159.96272,16.147156,15.787033,0.5920061,-1,-1,-1
1028,9933,492.40067,184.16821,19.15625,20.191696,0.78197813,-1,-1,-1
1028,9917,543.3253,376.60925,38.394775,155.21954,0.7702158,-1,-1,-1
1028,9915,466.96884,249.22166,31.576172,31.192764,0.7557724,-1,-1,-1
1028,9954,782.8901,435.05063,91.2301,78.03201,0.8600586,-1,-1,-1
1028,9944,472.08127,335.82074,45.02298,58.794403,0.7686118,-1,-1,-1
1028,9941,605.29517,332.8474,41.76068,41.745605,0.6238494,-1,-1,-1
1028,9936,623.9053,191.76994,24.001709,20.962921,0.5715812,-1,-1,-1
1028,9956,731.6665,336.8631,72.22565,44.988556,0.40803763,-1,-1,-1
1028,9867,542.6653,375.40158,38.042603,105.454315,0.26751262,-1,-1,-1
1029,9881,416.71158,245.88138,35.693848,35.440308,0.82015777,-1,-1,-1
1029,9893,585.4569,159.41328,16.139465,15.915115,0.6759098,-1,-1,-1
1029,9933,492.158,184.56084,19.131897,20.256378,0.79232496,-1,-1,-1
1029,9917,543.64777,377.7837,37.98889,154.88824,0.7842019,-1,-1,-1
1029,9915,466.1216,250.47119,32.018127,31.531433,0.7835388,-1,-1,-1
1029,9954,781.7257,432.80753,90.65674,77.94046,0.8585702,-1,-1,-1
1029,9944,471.6213,337.4461,45.266388,60.09256,0.8088185,-1,-1,-1
1029,9941,605.37714,330.36606,40.750916,41.181458,0.5936199,-1,-1,-1
1029,9936,623.67883,191.16997,23.47882,20.750504,0.5575971,-1,-1,-1
1029,9956,733.47675,336.47195,70.892456,45.908752,0.37228933,-1,-1,-1
1030,9881,415.98648,247.03949,35.676575,35.9469,0.8315559,-1,-1,-1
1030,9893,585.3967,158.89891,16.10962,15.874954,0.61171615,-1,-1,-1
1030,9933,491.9302,185.0056,19.264832,20.18193,0.7987509,-1,-1,-1
1030,9917,543.7964,379.71518,37.818054,153.45584,0.7864186,-1,-1,-1
1030,9915,465.57135,251.19041,31.869965,32.15547,0.76986516,-1,-1,-1
1030,9954,781.64594,431.861,89.09296,76.81964,0.8530546,-1,-1,-1
1030,9944,471.25677,339.31262,45.23224,60.887024,0.793164,-1,-1,-1
1030,9941,605.23517,328.10135,39.33252,41.11731,0.6700473,-1,-1,-1
1030,9936,623.56,190.62459,23.176697,20.409134,0.5441197,-1,-1,-1
1030,9956,734.41547,335.0134,70.3136,46.957733,0.36314517,-1,-1,-1
1031,9881,415.21277,248.03282,35.555878,36.955338,0.81818503,-1,-1,-1
1031,9893,585.00604,158.32051,16.300293,15.86087,0.53052014,-1,-1,-1
1031,9933,491.3365,185.59476,19.417786,20.136475,0.79926395,-1,-1,-1
1031,9917,543.7938,381.64264,37.83905,151.28357,0.7739366,-1,-1,-1
1031,9915,464.9576,252.46739,31.773682,32.459915,0.6912031,-1,-1,-1
1031,9954,780.45966,429.66147,88.520325,75.99591,0.86162883,-1,-1,-1
1031,9944,470.62244,343.70773,44.50757,59.64795,0.7740968,-1,-1,-1
1031,9941,604.3137,325.74615,39.2442,41.09726,0.7291602,-1,-1,-1
1031,9936,623.4481,190.21802,22.842712,20.15361,0.54796445,-1,-1,-1
1032,9881,414.17535,249.17853,35.258575,37.930054,0.8332518,-1,-1,-1
1032,9893,584.7532,157.85526,16.267029,15.9049835,0.3543591,-1,-1,-1
1032,9933,491.39188,186.24286,19.156677,20.164322,0.8019804,-1,-1,-1
1032,9917,543.41235,384.4152,37.989075,149.84744,0.77079177,-1,-1,-1
1032,9915,464.03174,253.84666,31.77536,32.714798,0.7564203,-1,-1,-1
1032,9954,779.34247,428.52222,87.99005,74.417755,0.85226125,-1,-1,-1
1032,9944,469.6948,346.99667,44.601654,59.092926,0.77983296,-1,-1,-1
1032,9941,604.37555,323.70007,37.947266,41.668945,0.70513505,-1,-1,-1
1032,9936,623.28937,189.76607,22.612122,19.913788,0.5611242,-1,-1,-1
1033,9881,412.9331,250.26846,35.020172,38.546997,0.8291688,-1,-1,-1
1033,9893,584.47046,157.50465,16.312439,16.076462,0.28941974,-1,-1,-1
1033,9933,491.3798,186.8099,18.844208,20.148743,0.80428886,-1,-1,-1
1033,9917,543.4182,385.65384,37.785217,148.99295,0.75855446,-1,-1,-1
1033,9915,463.48428,255.48135,31.72873,32.6958,0.76401407,-1,-1,-1
1033,9954,778.9435,426.52133,87.03473,74.23093,0.84405446,-1,-1,-1
1033,9944,469.0806,349.72122,44.851593,59.81418,0.8079228,-1,-1,-1
1033,9941,604.17126,320.9402,37.693787,42.433838,0.6032071,-1,-1,-1
1033,9936,623.14453,189.27902,22.528503,19.764206,0.51844406,-1,-1,-1
1034,9881,411.70197,252.31337,35.53772,38.8116,0.8096937,-1,-1,-1
1034,9933,491.56,187.24289,18.45929,20.296188,0.79395413,-1,-1,-1
1034,9917,543.4574,387.56754,37.666992,147.01285,0.76310897,-1,-1,-1
1034,9915,462.95404,256.91342,31.873474,32.951843,0.78094256,-1,-1,-1
1034,9954,777.785,423.61096,85.632935,74.74658,0.83215684,-1,-1,-1
1034,9944,468.21072,352.3305,45.461884,60.717896,0.76390785,-1,-1,-1
1034,9941,603.4966,318.77338,37.025635,42.331512,0.5772191,-1,-1,-1
1034,9936,622.89874,188.15358,22.708984,19.913239,0.6065506,-1,-1,-1
1035,9881,410.3422,253.79454,36.14377,39.682724,0.8451409,-1,-1,-1
1035,9933,491.10202,187.53952,18.859985,20.62053,0.8032635,-1,-1,-1
1035,9917,543.50116,389.34338,37.366333,145.31079,0.751195,-1,-1,-1
1035,9915,462.285,257.9471,32.03189,33.833008,0.7983979,-1,-1,-1
1035,9954,776.8773,421.60715,84.025635,73.69052,0.85704356,-1,-1,-1
1035,9944,467.51492,354.88208,46.889862,61.979248,0.76108396,-1,-1,-1
1035,9941,602.88965,316.75934,37.335144,41.147644,0.37305063,-1,-1,-1
1035,9936,622.51184,187.49481,22.87262,19.718643,0.6860343,-1,-1,-1
1035,9956,727.59235,328.9665,77.39203,49.01297,0.39757702,-1,-1,-1
1036,9881,409.23123,255.58795,36.47702,39.40207,0.7127747,-1,-1,-1
1036,9933,490.4379,187.81955,19.581726,20.971603,0.795122,-1,-1,-1
1036,9917,543.5998,390.6399,37.06903,143.98041,0.7170682,-1,-1,-1
1036,9915,461.53787,259.33,31.666016,33.653656,0.8029065,-1,-1,-1
1036,9954,776.1565,420.47806,82.49274,72.3414,0.85764474,-1,-1,-1
1036,9944,466.6851,357.58615,47.804047,62.485657,0.7435928,-1,-1,-1
1036,9941,601.687,314.4316,37.723022,39.644714,0.36743274,-1,-1,-1
1036,9936,622.4041,186.81729,22.154419,19.598663,0.731484,-1,-1,-1
1036,9956,726.4445,327.12637,79.22821,50.26474,0.5411526,-1,-1,-1
1037,9881,407.9771,257.02692,37.325012,39.991974,0.77728105,-1,-1,-1
1037,9933,490.0569,187.92314,19.707397,21.193222,0.7632509,-1,-1,-1
1037,9917,543.5776,391.58347,36.63147,143.81113,0.65841556,-1,-1,-1
1037,9915,460.84482,260.28265,32.651886,34.330322,0.7870147,-1,-1,-1
1037,9954,774.97424,419.10147,81.028015,70.73892,0.865047,-1,-1,-1
1037,9944,465.8867,360.26666,48.73758,63.204468,0.7853397,-1,-1,-1
1037,9941,601.8305,311.83234,36.57892,39.996826,0.4123659,-1,-1,-1
1037,9936,622.1245,186.03479,22.396606,19.745804,0.7228638,-1,-1,-1
1037,9956,725.7933,325.1385,80.92761,51.613617,0.6377831,-1,-1,-1
1038,9881,406.38156,258.42776,38.569855,40.412018,0.6767574,-1,-1,-1
1038,9933,489.42783,188.11775,20.248993,21.55159,0.7003355,-1,-1,-1
1038,9917,543.57794,392.60556,36.401306,143.1594,0.6770638,-1,-1,-1
1038,9915,460.2748,261.248,32.970642,35.259308,0.57467735,-1,-1,-1
1038,9954,773.62256,417.64584,81.489136,69.87045,0.85922045,-1,-1,-1
1038,9944,464.67474,363.10104,49.30493,64.14087,0.779816,-1,-1,-1
1038,9941,601.68567,309.77997,35.65271,39.55435,0.34738705,-1,-1,-1
1038,9936,621.8405,185.47519,22.166992,19.619614,0.66945153,-1,-1,-1
1038,9956,724.68677,323.8217,82.15723,53.304993,0.64855415,-1,-1,-1
1039,9881,405.25757,259.7309,38.744965,40.613403,0.49082682,-1,-1,-1
1039,9933,488.66473,188.03398,21.00003,22.252167,0.6420166,-1,-1,-1
1039,9917,543.6881,397.65158,36.034973,137.82571,0.6844665,-1,-1,-1
1039,9915,459.69983,262.85297,33.39627,35.90744,0.30032977,-1,-1,-1
1039,9954,772.534,416.03268,81.41565,69.84656,0.846784,-1,-1,-1
1039,9944,463.80457,366.25754,50.02069,64.28024,0.8024388,-1,-1,-1
1039,9941,601.39435,307.58664,35.019775,38.525146,0.3375487,-1,-1,-1
1039,9936,621.66394,184.74663,21.518494,19.413696,0.6787476,-1,-1,-1
1039,9956,723.65533,321.89883,84.288635,55.348785,0.4234467,-1,-1,-1
1040,9881,403.67496,260.8767,39.006805,42.57657,0.629838,-1,-1,-1
1040,9933,488.1991,187.62598,21.507019,23.47409,0.7221322,-1,-1,-1
1040,9917,543.6131,405.53787,36.00006,130.83554,0.6855117,-1,-1,-1
1040,9915,458.2925,265.19806,34.681946,35.878235,0.30801174,-1,-1,-1
1040,9954,771.1466,413.6099,80.35211,69.59369,0.85142833,-1,-1,-1
1040,9944,463.0459,368.72363,50.011047,65.12796,0.8046276,-1,-1,-1
1040,9941,600.9484,305.415,34.64099,38.04593,0.44574296,-1,-1,-1
1040,9936,621.55524,184.28447,20.796936,19.153656,0.72880095,-1,-1,-1
1041,9881,402.18,262.728,39.16269,43.46585,0.4404413,-1,-1,-1
1041,9933,487.88943,187.32843,21.773804,24.464859,0.7433296,-1,-1,-1
1041,9917,543.55005,411.37256,35.99823,126.172485,0.6653823,-1,-1,-1
1041,9915,457.62274,266.48834,34.982544,36.654144,0.71610546,-1,-1,-1
1041,9954,770.37604,410.68823,80.4494,70.59595,0.84180975,-1,-1,-1
1041,9944,461.98834,371.5713,50.00653,66.02829,0.8079495,-1,-1,-1
1041,9936,621.2961,183.84781,20.554626,19.053665,0.73602355,-1,-1,-1
1042,9881,400.30185,264.9396,39.52768,43.638123,0.73650336,-1,-1,-1
1042,9933,487.6745,187.35585,22.112183,25.285767,0.76444983,-1,-1,-1
1042,9917,543.48804,415.84225,36.131958,122.19455,0.6984658,-1,-1,-1
1042,9915,457.2054,267.87222,35.44574,37.425446,0.6606098,-1,-1,-1
1042,9954,769.8362,409.03015,79.47626,69.34207,0.8400635,-1,-1,-1
1042,9944,461.2179,373.38135,50.115692,67.41971,0.8103233,-1,-1,-1
1042,9936,621.1787,183.48088,20.269104,18.667725,0.67508113,-1,-1,-1
1042,9958,722.1014,320.1084,54.996582,46.880768,0.33991536,-1,-1,-1
1042,9941,599.1766,301.70886,35.754578,36.082794,0.43229204,-1,-1,-1
1043,9881,398.28842,266.7098,40.851074,44.39447,0.7235091,-1,-1,-1
1043,9933,487.47342,187.59735,22.46109,25.766174,0.7560384,-1,-1,-1
1043,9917,543.2431,419.59418,36.801025,118.339966,0.7619819,-1,-1,-1
1043,9915,456.0366,269.48535,36.060852,38.069916,0.7652439,-1,-1,-1
1043,9954,768.6898,407.45465,78.12146,67.96982,0.87933445,-1,-1,-1
1043,9944,460.4732,375.70477,50.194763,68.6658,0.8189709,-1,-1,-1
1043,9936,620.82184,182.18869,20.671448,19.077103,0.6920304,-1,-1,-1
1043,9958,721.6883,318.46295,53.186584,48.405975,0.4928075,-1,-1,-1
1043,9941,598.7585,300.22098,35.061462,36.561127,0.5948409,-1,-1,-1
1044,9881,396.56494,268.29794,41.85019,45.377747,0.7601393,-1,-1,-1
1044,9933,487.46808,187.5425,22.456787,26.419907,0.7407296,-1,-1,-1
1044,9917,543.2476,422.645,36.879272,115.03714,0.72816616,-1,-1,-1
1044,9915,455.17514,271.30545,36.02777,37.886963,0.7489142,-1,-1,-1
1044,9954,767.11914,405.90524,77.71265,67.48016,0.84634864,-1,-1,-1
1044,9944,459.235,377.7896,50.639923,69.81946,0.824158,-1,-1,-1
1044,9936,620.4773,181.76506,20.87378,18.828217,0.69561875,-1,-1,-1
1044,9958,720.96185,317.08148,52.89746,51.642303,0.5041556,-1,-1,-1
1044,9941,597.9692,298.28333,35.752563,35.84973,0.50740546,-1,-1,-1
1045,9881,395.61987,270.06158,41.575256,45.920593,0.77274275,-1,-1,-1
1045,9933,487.17957,187.57616,22.751831,27.03566,0.6694569,-1,-1,-1
1045,9917,543.3766,426.41174,36.050232,112.00665,0.71801704,-1,-1,-1
1045,9915,454.3883,271.96503,35.777252,39.335663,0.7555976,-1,-1,-1
1045,9954,765.6156,404.45026,78.60669,66.63046,0.84409535,-1,-1,-1
1045,9944,457.58618,380.9625,51.929443,70.17319,0.8281581,-1,-1,-1
1045,9936,620.30066,181.08951,20.765625,18.889923,0.69604063,-1,-1,-1
1045,9958,720.37695,316.04446,52.10919,44.739532,0.5841935,-1,-1,-1
1046,9881,394.2353,271.92972,41.86154,46.39853,0.82210046,-1,-1,-1
1046,9933,486.76492,189.23997,23.090515,26.032883,0.49446556,-1,-1,-1
1046,9917,543.4039,429.57455,35.602844,109.122955,0.66417223,-1,-1,-1
1046,9915,453.5164,273.23398,36.215393,39.79715,0.7206151,-1,-1,-1
1046,9954,764.49615,402.59372,78.25568,66.56714,0.847032,-1,-1,-1
1046,9944,456.80225,383.66153,52.491028,71.058075,0.82842773,-1,-1,-1
1046,9936,619.96704,180.48865,20.789307,18.919144,0.72604865,-1,-1,-1
1046,9958,718.5533,314.46362,52.565857,41.66632,0.63271195,-1,-1,-1
1047,9881,393.29178,273.73953,41.91147,46.752014,0.82256806,-1,-1,-1
1047,9933,486.26553,190.13441,23.364655,25.721405,0.4443182,-1,-1,-1
1047,9917,543.30524,436.56042,35.074036,102.96271,0.7505769,-1,-1,-1
1047,9915,452.99423,274.2994,36.238922,40.85269,0.7492949,-1,-1,-1
1047,9954,763.2624,399.94205,78.041565,67.13205,0.8448788,-1,-1,-1
1047,9944,455.64084,385.71765,53.5719,73.05875,0.8380362,-1,-1,-1
1047,9936,619.64307,179.83452,20.586365,18.768097,0.71217,-1,-1,-1
1047,9958,717.74945,312.96912,52.0968,40.554016,0.6413017,-1,-1,-1
1048,9881,391.58038,275.6866,41.82843,46.821045,0.83607465,-1,-1,-1
1048,9933,485.93085,190.4962,23.389252,25.908142,0.462126,-1,-1,-1
1048,9917,543.34656,440.79825,34.884827,98.950836,0.7988392,-1,-1,-1
1048,9915,452.2458,275.27725,36.2052,41.64212,0.76488674,-1,-1,-1
1048,9954,762.0714,398.40488,77.80768,66.580475,0.85025185,-1,-1,-1
1048,9944,453.83337,388.3368,54.89093,74.07962,0.84311116,-1,-1,-1
1048,9936,619.444,179.38692,20.41504,18.484512,0.70810103,-1,-1,-1
1048,9958,717.25604,311.73257,51.983826,39.920258,0.5479423,-1,-1,-1
1049,9881,390.41626,278.22638,41.44696,45.644165,0.7752185,-1,-1,-1
1049,9933,485.717,190.89996,23.723663,25.884232,0.34550047,-1,-1,-1
1049,9917,543.33044,443.61227,34.797913,96.1525,0.8024555,-1,-1,-1
1049,9915,451.76218,278.47113,35.88449,40.362854,0.78556186,-1,-1,-1
1049,9954,761.0998,396.9438,77.27179,65.57895,0.8544231,-1,-1,-1
1049,9944,453.20334,391.39438,54.808136,73.95172,0.8385405,-1,-1,-1
1049,9936,619.24866,178.79494,20.291565,18.546112,0.7219249,-1,-1,-1
1049,9958,717.0109,310.4851,51.173523,38.732574,0.5324964,-1,-1,-1
1050,9881,388.45758,280.6162,42.51242,46.708282,0.7997619,-1,-1,-1
1050,9917,543.841,447.76157,34.039856,92.23465,0.77118766,-1,-1,-1
1050,9915,450.96762,280.51932,35.942078,40.506256,0.8174175,-1,-1,-1
1050,9954,760.28394,395.39938,77.66498,65.24567,0.8419771,-1,-1,-1
1050,9944,451.805,394.0197,55.905884,74.98889,0.8368964,-1,-1,-1
1050,9936,619.0058,178.23111,20.335754,18.546036,0.75877917,-1,-1,-1
1050,9958,716.3149,309.3002,50.54181,38.878754,0.53229123,-1,-1,-1
1050,9941,595.16376,287.35294,32.946594,33.868164,0.26223022,-1,-1,-1
